{"meta":{"built":"2026-06-01T21:31:52Z","source":"NOAA ENC lateral ATONs \u2014 midpoints of paired red/green marks","pair_radius_nm":0.35,"chain_gap_nm":0.6,"default_depth_m":3.6,"atlantic_points":156,"gulf_points":0},"atlantic":[[31.510233,-81.301265,3.6],[31.523473,-81.290869,3.6],[31.533699,-81.272341,3.6],[31.639771,-81.190394,3.6],[31.672753,-81.196134,3.6],[31.674448,-81.195786,3.6],[31.756473,-81.173687,3.6],[31.773817,-81.170015,3.6],[31.816645,-81.177042,3.6],[31.856463,-81.084403,3.6],[31.860368,-81.083559,3.6],[31.875502,-81.062633,3.6],[31.877257,-81.063479,3.6],[31.875563,-81.069795,3.6],[31.931932,-81.074187,3.6],[31.933353,-81.074732,3.6],[31.943994,-81.074981,3.6],[31.962505,-81.057098,3.6],[31.961836,-81.057491,3.6],[31.966006,-81.056331,3.6],[31.985575,-81.035537,3.6],[32.010257,-81.013105,3.6],[32.021566,-81.022645,3.6],[32.021544,-81.033547,3.6],[32.04132,-81.043025,3.6],[32.043385,-81.041595,3.6],[32.052385,-81.030094,3.6],[32.067829,-81.02186,3.6],[32.072261,-81.015832,3.6],[32.072845,-81.00958,3.6],[32.072114,-81.00608,3.6],[32.078486,-80.999425,3.6],[32.070144,-81.007082,3.6],[32.076935,-80.981175,3.6],[32.071673,-80.975101,3.6],[32.072842,-80.962061,3.6],[32.089195,-80.929105,3.6],[32.082885,-80.91809,3.6],[32.114486,-80.897692,3.6],[32.145647,-80.810563,3.6],[32.164723,-80.794502,3.6],[32.197795,-80.785367,3.6],[32.207644,-80.783421,3.6],[32.218994,-80.787596,3.6],[32.224769,-80.767147,3.6],[32.238725,-80.751875,3.6],[32.243048,-80.749099,3.6],[32.249769,-80.752391,3.6],[32.250844,-80.753084,3.6],[32.270427,-80.735859,3.6],[32.272194,-80.732577,3.6],[32.280436,-80.654205,3.6],[32.341339,-80.660531,3.6],[32.358741,-80.67241,3.6],[32.361689,-80.674611,3.6],[32.366869,-80.683108,3.6],[32.44379,-80.660372,3.6],[32.445535,-80.660523,3.6],[32.44585,-80.660485,3.6],[32.451482,-80.665176,3.6],[32.452973,-80.680815,3.6],[32.453133,-80.682354,3.6],[32.475908,-80.691712,3.6],[32.477209,-80.691896,3.6],[32.480368,-80.691447,3.6],[32.487563,-80.690618,3.6],[32.498416,-80.683322,3.6],[32.500906,-80.680019,3.6],[32.505524,-80.638075,3.6],[32.508767,-80.631782,3.6],[32.506438,-80.614103,3.6],[32.500911,-80.605149,3.6],[32.490108,-80.554334,3.6],[32.511843,-80.501235,3.6],[32.517093,-80.491139,3.6],[32.518585,-80.472822,3.6],[32.517763,-80.466724,3.6],[32.540161,-80.413176,3.6],[32.620887,-80.359862,3.6],[32.634445,-80.346297,3.6],[32.631763,-80.318307,3.6],[32.629749,-80.305511,3.6],[32.624192,-80.296529,3.6],[32.622076,-80.292166,3.6],[32.62473,-80.286755,3.6],[32.628138,-80.277853,3.6],[32.655397,-80.241551,3.6],[32.664994,-80.236974,3.6],[32.668306,-80.240042,3.6],[32.696972,-80.220416,3.6],[32.696123,-80.220331,3.6],[32.69753,-80.219568,3.6],[32.6965,-80.215497,3.6],[32.696804,-80.208121,3.6],[32.701246,-80.203568,3.6],[32.709904,-80.191014,3.6],[32.734416,-80.171875,3.6],[32.742625,-80.16661,3.6],[32.74543,-80.16436,3.6],[32.748722,-80.151914,3.6],[32.747681,-80.150066,3.6],[32.748166,-80.138458,3.6],[32.767656,-80.133328,3.6],[32.779838,-80.120874,3.6],[32.780698,-80.117709,3.6],[32.786454,-80.099834,3.6],[32.780756,-80.092238,3.6],[32.774603,-80.073891,3.6],[32.778453,-80.051617,3.6],[32.778292,-80.048673,3.6],[32.767459,-80.009674,3.6],[32.759394,-80.005957,3.6],[32.765815,-80.003129,3.6],[32.772181,-79.953094,3.6],[32.77252,-79.95129,3.6],[32.774155,-79.95117,3.6],[32.761246,-79.9158,3.6],[32.770823,-79.871785,3.6],[32.775278,-79.872129,3.6],[32.766929,-79.862956,3.6],[32.765408,-79.859572,3.6],[32.768301,-79.85235,3.6],[32.825803,-79.74409,3.6],[32.834207,-79.742013,3.6],[32.840401,-79.737882,3.6],[32.851748,-79.728692,3.6],[32.854004,-79.726417,3.6],[32.859654,-79.720909,3.6],[32.867434,-79.713172,3.6],[32.891969,-79.690245,3.6],[32.95384,-79.643518,3.6],[33.041832,-79.550783,3.6],[33.039617,-79.542081,3.6],[33.046172,-79.526091,3.6],[33.048911,-79.520512,3.6],[33.060714,-79.497525,3.6],[33.068049,-79.465249,3.6],[33.072784,-79.466251,3.6],[33.075229,-79.46251,3.6],[33.075331,-79.461853,3.6],[33.075788,-79.460987,3.6],[33.081604,-79.43922,3.6],[33.170432,-79.306043,3.6],[33.172255,-79.290998,3.6],[33.19297,-79.273595,3.6],[33.298337,-79.285412,3.6],[33.306287,-79.289727,3.6],[33.313037,-79.286855,3.6],[33.333025,-79.283937,3.6],[33.345563,-79.277194,3.6],[33.349763,-79.27905,3.6],[33.357845,-79.270154,3.6],[33.354123,-79.264618,3.6],[33.369572,-79.263997,3.6],[33.420081,-79.208521,3.6],[33.490333,-79.147151,3.6]],"gulf":[]}