{"type":"FeatureCollection","features":[{"type":"Feature","properties":{},"geometry":{"type":"LineString","coordinates":[[-80.7808,31.9885],[-80.7732,31.9862]]}},{"type":"Feature","properties":{},"geometry":{"type":"LineString","coordinates":[[-80.7808,31.9885],[-80.78,31.9892]]}},{"type":"Feature","properties":{},"geometry":{"type":"LineString","coordinates":[[-80.7808,31.9885],[-80.7725,31.9869]]}},{"type":"Feature","properties":{},"geometry":{"type":"LineString","coordinates":[[-80.7808,31.9885],[-80.7796,31.9896]]}},{"type":"Feature","properties":{},"geometry":{"type":"LineString","coordinates":[[-80.7808,31.9885],[-80.7721,31.9873]]}},{"type":"Feature","properties":{},"geometry":{"type":"LineString","coordinates":[[-80.7808,31.9885],[-80.7857,31.9965]]}},{"type":"Feature","properties":{},"geometry":{"type":"LineString","coordinates":[[-80.7808,31.9885],[-80.7804,31.9888]]}},{"type":"Feature","properties":{},"geometry":{"type":"LineString","coordinates":[[-80.7808,31.9885],[-80.7728,31.9866]]}},{"type":"Feature","properties":{},"geometry":{"type":"LineString","coordinates":[[-80.7808,31.9885],[-80.7861,31.9962]]}},{"type":"Feature","properties":{},"geometry":{"type":"LineString","coordinates":[[-80.7732,31.9862],[-80.7656,31.9839]]}},{"type":"Feature","properties":{},"geometry":{"type":"LineString","coordinates":[[-80.7732,31.9862],[-80.78,31.9892]]}},{"type":"Feature","properties":{},"geometry":{"type":"LineString","coordinates":[[-80.7732,31.9862],[-80.7725,31.9869]]}},{"type":"Feature","properties":{},"geometry":{"type":"LineString","coordinates":[[-80.7732,31.9862],[-80.7649,31.9846]]}},{"type":"Feature","properties":{},"geometry":{"type":"LineString","coordinates":[[-80.7732,31.9862],[-80.7796,31.9896]]}},{"type":"Feature","properties":{},"geometry":{"type":"LineString","coordinates":[[-80.7732,31.9862],[-80.7721,31.9873]]}},{"type":"Feature","properties":{},"geometry":{"type":"LineString","coordinates":[[-80.7732,31.9862],[-80.7804,31.9888]]}},{"type":"Feature","properties":{},"geometry":{"type":"LineString","coordinates":[[-80.7732,31.9862],[-80.7728,31.9866]]}},{"type":"Feature","properties":{},"geometry":{"type":"LineString","coordinates":[[-80.7732,31.9862],[-80.7653,31.9843]]}},{"type":"Feature","properties":{},"geometry":{"type":"LineString","coordinates":[[-80.7656,31.9839],[-80.758,31.9816]]}},{"type":"Feature","properties":{},"geometry":{"type":"LineString","coordinates":[[-80.7656,31.9839],[-80.7725,31.9869]]}},{"type":"Feature","properties":{},"geometry":{"type":"LineString","coordinates":[[-80.7656,31.9839],[-80.7649,31.9846]]}},{"type":"Feature","properties":{},"geometry":{"type":"LineString","coordinates":[[-80.7656,31.9839],[-80.7573,31.9824]]}},{"type":"Feature","properties":{},"geometry":{"type":"LineString","coordinates":[[-80.7656,31.9839],[-80.7721,31.9873]]}},{"type":"Feature","properties":{},"geometry":{"type":"LineString","coordinates":[[-80.7656,31.9839],[-80.7645,31.985]]}},{"type":"Feature","properties":{},"geometry":{"type":"LineString","coordinates":[[-80.7656,31.9839],[-80.7728,31.9866]]}},{"type":"Feature","properties":{},"geometry":{"type":"LineString","coordinates":[[-80.7656,31.9839],[-80.7653,31.9843]]}},{"type":"Feature","properties":{},"geometry":{"type":"LineString","coordinates":[[-80.7656,31.9839],[-80.7577,31.982]]}},{"type":"Feature","properties":{},"geometry":{"type":"LineString","coordinates":[[-80.758,31.9816],[-80.7505,31.9793]]}},{"type":"Feature","properties":{},"geometry":{"type":"LineString","coordinates":[[-80.758,31.9816],[-80.7649,31.9846]]}},{"type":"Feature","properties":{},"geometry":{"type":"LineString","coordinates":[[-80.758,31.9816],[-80.7573,31.9824]]}},{"type":"Feature","properties":{},"geometry":{"type":"LineString","coordinates":[[-80.758,31.9816],[-80.7498,31.98]]}},{"type":"Feature","properties":{},"geometry":{"type":"LineString","coordinates":[[-80.758,31.9816],[-80.7645,31.985]]}},{"type":"Feature","properties":{},"geometry":{"type":"LineString","coordinates":[[-80.758,31.9816],[-80.757,31.9827]]}},{"type":"Feature","properties":{},"geometry":{"type":"LineString","coordinates":[[-80.758,31.9816],[-80.7653,31.9843]]}},{"type":"Feature","properties":{},"geometry":{"type":"LineString","coordinates":[[-80.758,31.9816],[-80.7577,31.982]]}},{"type":"Feature","properties":{},"geometry":{"type":"LineString","coordinates":[[-80.758,31.9816],[-80.7501,31.9797]]}},{"type":"Feature","properties":{},"geometry":{"type":"LineString","coordinates":[[-80.7505,31.9793],[-80.7429,31.977]]}},{"type":"Feature","properties":{},"geometry":{"type":"LineString","coordinates":[[-80.7505,31.9793],[-80.7573,31.9824]]}},{"type":"Feature","properties":{},"geometry":{"type":"LineString","coordinates":[[-80.7505,31.9793],[-80.7498,31.98]]}},{"type":"Feature","properties":{},"geometry":{"type":"LineString","coordinates":[[-80.7505,31.9793],[-80.7422,31.9778]]}},{"type":"Feature","properties":{},"geometry":{"type":"LineString","coordinates":[[-80.7505,31.9793],[-80.757,31.9827]]}},{"type":"Feature","properties":{},"geometry":{"type":"LineString","coordinates":[[-80.7505,31.9793],[-80.7494,31.9805]]}},{"type":"Feature","properties":{},"geometry":{"type":"LineString","coordinates":[[-80.7505,31.9793],[-80.7577,31.982]]}},{"type":"Feature","properties":{},"geometry":{"type":"LineString","coordinates":[[-80.7505,31.9793],[-80.7501,31.9797]]}},{"type":"Feature","properties":{},"geometry":{"type":"LineString","coordinates":[[-80.7505,31.9793],[-80.7425,31.9774]]}},{"type":"Feature","properties":{},"geometry":{"type":"LineString","coordinates":[[-80.7429,31.977],[-80.7353,31.9747]]}},{"type":"Feature","properties":{},"geometry":{"type":"LineString","coordinates":[[-80.7429,31.977],[-80.7498,31.98]]}},{"type":"Feature","properties":{},"geometry":{"type":"LineString","coordinates":[[-80.7429,31.977],[-80.7422,31.9778]]}},{"type":"Feature","properties":{},"geometry":{"type":"LineString","coordinates":[[-80.7429,31.977],[-80.7346,31.9755]]}},{"type":"Feature","properties":{},"geometry":{"type":"LineString","coordinates":[[-80.7429,31.977],[-80.7494,31.9805]]}},{"type":"Feature","properties":{},"geometry":{"type":"LineString","coordinates":[[-80.7429,31.977],[-80.7418,31.9781]]}},{"type":"Feature","properties":{},"geometry":{"type":"LineString","coordinates":[[-80.7429,31.977],[-80.7343,31.9759]]}},{"type":"Feature","properties":{},"geometry":{"type":"LineString","coordinates":[[-80.7429,31.977],[-80.7501,31.9797]]}},{"type":"Feature","properties":{},"geometry":{"type":"LineString","coordinates":[[-80.7429,31.977],[-80.7425,31.9774]]}},{"type":"Feature","properties":{},"geometry":{"type":"LineString","coordinates":[[-80.7429,31.977],[-80.7349,31.9751]]}},{"type":"Feature","properties":{},"geometry":{"type":"LineString","coordinates":[[-80.7353,31.9747],[-80.7422,31.9778]]}},{"type":"Feature","properties":{},"geometry":{"type":"LineString","coordinates":[[-80.7353,31.9747],[-80.7346,31.9755]]}},{"type":"Feature","properties":{},"geometry":{"type":"LineString","coordinates":[[-80.7353,31.9747],[-80.7494,31.9805]]}},{"type":"Feature","properties":{},"geometry":{"type":"LineString","coordinates":[[-80.7353,31.9747],[-80.7418,31.9781]]}},{"type":"Feature","properties":{},"geometry":{"type":"LineString","coordinates":[[-80.7353,31.9747],[-80.7343,31.9759]]}},{"type":"Feature","properties":{},"geometry":{"type":"LineString","coordinates":[[-80.7353,31.9747],[-80.7425,31.9774]]}},{"type":"Feature","properties":{},"geometry":{"type":"LineString","coordinates":[[-80.7353,31.9747],[-80.7349,31.9751]]}},{"type":"Feature","properties":{},"geometry":{"type":"LineString","coordinates":[[-80.7125,31.9678],[-80.7049,31.9655]]}},{"type":"Feature","properties":{},"geometry":{"type":"LineString","coordinates":[[-80.7125,31.9678],[-80.7044,31.9663]]}},{"type":"Feature","properties":{},"geometry":{"type":"LineString","coordinates":[[-80.7125,31.9678],[-80.7041,31.9667]]}},{"type":"Feature","properties":{},"geometry":{"type":"LineString","coordinates":[[-80.7125,31.9678],[-80.7046,31.9659]]}},{"type":"Feature","properties":{},"geometry":{"type":"LineString","coordinates":[[-80.7049,31.9655],[-80.6973,31.9632]]}},{"type":"Feature","properties":{},"geometry":{"type":"LineString","coordinates":[[-80.7049,31.9655],[-80.7044,31.9663]]}},{"type":"Feature","properties":{},"geometry":{"type":"LineString","coordinates":[[-80.7049,31.9655],[-80.6968,31.964]]}},{"type":"Feature","properties":{},"geometry":{"type":"LineString","coordinates":[[-80.7049,31.9655],[-80.7041,31.9667]]}},{"type":"Feature","properties":{},"geometry":{"type":"LineString","coordinates":[[-80.7049,31.9655],[-80.6965,31.9644]]}},{"type":"Feature","properties":{},"geometry":{"type":"LineString","coordinates":[[-80.7049,31.9655],[-80.7046,31.9659]]}},{"type":"Feature","properties":{},"geometry":{"type":"LineString","coordinates":[[-80.7049,31.9655],[-80.6971,31.9636]]}},{"type":"Feature","properties":{},"geometry":{"type":"LineString","coordinates":[[-80.6973,31.9632],[-80.6897,31.9609]]}},{"type":"Feature","properties":{},"geometry":{"type":"LineString","coordinates":[[-80.6973,31.9632],[-80.7044,31.9663]]}},{"type":"Feature","properties":{},"geometry":{"type":"LineString","coordinates":[[-80.6973,31.9632],[-80.6968,31.964]]}},{"type":"Feature","properties":{},"geometry":{"type":"LineString","coordinates":[[-80.6973,31.9632],[-80.6892,31.9617]]}},{"type":"Feature","properties":{},"geometry":{"type":"LineString","coordinates":[[-80.6973,31.9632],[-80.7041,31.9667]]}},{"type":"Feature","properties":{},"geometry":{"type":"LineString","coordinates":[[-80.6973,31.9632],[-80.6965,31.9644]]}},{"type":"Feature","properties":{},"geometry":{"type":"LineString","coordinates":[[-80.6973,31.9632],[-80.7046,31.9659]]}},{"type":"Feature","properties":{},"geometry":{"type":"LineString","coordinates":[[-80.6973,31.9632],[-80.6971,31.9636]]}},{"type":"Feature","properties":{},"geometry":{"type":"LineString","coordinates":[[-80.6973,31.9632],[-80.6895,31.9613]]}},{"type":"Feature","properties":{},"geometry":{"type":"LineString","coordinates":[[-80.6897,31.9609],[-80.6821,31.9586]]}},{"type":"Feature","properties":{},"geometry":{"type":"LineString","coordinates":[[-80.6897,31.9609],[-80.6968,31.964]]}},{"type":"Feature","properties":{},"geometry":{"type":"LineString","coordinates":[[-80.6897,31.9609],[-80.6892,31.9617]]}},{"type":"Feature","properties":{},"geometry":{"type":"LineString","coordinates":[[-80.6897,31.9609],[-80.6817,31.9594]]}},{"type":"Feature","properties":{},"geometry":{"type":"LineString","coordinates":[[-80.6897,31.9609],[-80.6965,31.9644]]}},{"type":"Feature","properties":{},"geometry":{"type":"LineString","coordinates":[[-80.6897,31.9609],[-80.689,31.9621]]}},{"type":"Feature","properties":{},"geometry":{"type":"LineString","coordinates":[[-80.6897,31.9609],[-80.6971,31.9636]]}},{"type":"Feature","properties":{},"geometry":{"type":"LineString","coordinates":[[-80.6897,31.9609],[-80.6895,31.9613]]}},{"type":"Feature","properties":{},"geometry":{"type":"LineString","coordinates":[[-80.6897,31.9609],[-80.6819,31.959]]}},{"type":"Feature","properties":{},"geometry":{"type":"LineString","coordinates":[[-80.6821,31.9586],[-80.6745,31.9563]]}},{"type":"Feature","properties":{},"geometry":{"type":"LineString","coordinates":[[-80.6821,31.9586],[-80.6892,31.9617]]}},{"type":"Feature","properties":{},"geometry":{"type":"LineString","coordinates":[[-80.6821,31.9586],[-80.6817,31.9594]]}},{"type":"Feature","properties":{},"geometry":{"type":"LineString","coordinates":[[-80.6821,31.9586],[-80.6741,31.9571]]}},{"type":"Feature","properties":{},"geometry":{"type":"LineString","coordinates":[[-80.6821,31.9586],[-80.689,31.9621]]}},{"type":"Feature","properties":{},"geometry":{"type":"LineString","coordinates":[[-80.6821,31.9586],[-80.6814,31.9598]]}},{"type":"Feature","properties":{},"geometry":{"type":"LineString","coordinates":[[-80.6821,31.9586],[-80.6895,31.9613]]}},{"type":"Feature","properties":{},"geometry":{"type":"LineString","coordinates":[[-80.6821,31.9586],[-80.6819,31.959]]}},{"type":"Feature","properties":{},"geometry":{"type":"LineString","coordinates":[[-80.6821,31.9586],[-80.6743,31.9567]]}},{"type":"Feature","properties":{},"geometry":{"type":"LineString","coordinates":[[-80.6745,31.9563],[-80.6669,31.954]]}},{"type":"Feature","properties":{},"geometry":{"type":"LineString","coordinates":[[-80.6745,31.9563],[-80.6817,31.9594]]}},{"type":"Feature","properties":{},"geometry":{"type":"LineString","coordinates":[[-80.6745,31.9563],[-80.6741,31.9571]]}},{"type":"Feature","properties":{},"geometry":{"type":"LineString","coordinates":[[-80.6745,31.9563],[-80.6665,31.9548]]}},{"type":"Feature","properties":{},"geometry":{"type":"LineString","coordinates":[[-80.6745,31.9563],[-80.6814,31.9598]]}},{"type":"Feature","properties":{},"geometry":{"type":"LineString","coordinates":[[-80.6745,31.9563],[-80.6739,31.9575]]}},{"type":"Feature","properties":{},"geometry":{"type":"LineString","coordinates":[[-80.6745,31.9563],[-80.6819,31.959]]}},{"type":"Feature","properties":{},"geometry":{"type":"LineString","coordinates":[[-80.6745,31.9563],[-80.6743,31.9567]]}},{"type":"Feature","properties":{},"geometry":{"type":"LineString","coordinates":[[-80.6745,31.9563],[-80.6667,31.9544]]}},{"type":"Feature","properties":{},"geometry":{"type":"LineString","coordinates":[[-80.6669,31.954],[-80.6594,31.9517]]}},{"type":"Feature","properties":{},"geometry":{"type":"LineString","coordinates":[[-80.6669,31.954],[-80.6741,31.9571]]}},{"type":"Feature","properties":{},"geometry":{"type":"LineString","coordinates":[[-80.6669,31.954],[-80.6665,31.9548]]}},{"type":"Feature","properties":{},"geometry":{"type":"LineString","coordinates":[[-80.6669,31.954],[-80.659,31.9525]]}},{"type":"Feature","properties":{},"geometry":{"type":"LineString","coordinates":[[-80.6669,31.954],[-80.6739,31.9575]]}},{"type":"Feature","properties":{},"geometry":{"type":"LineString","coordinates":[[-80.6669,31.954],[-80.6663,31.9552]]}},{"type":"Feature","properties":{},"geometry":{"type":"LineString","coordinates":[[-80.6669,31.954],[-80.6743,31.9567]]}},{"type":"Feature","properties":{},"geometry":{"type":"LineString","coordinates":[[-80.6669,31.954],[-80.6667,31.9544]]}},{"type":"Feature","properties":{},"geometry":{"type":"LineString","coordinates":[[-80.6669,31.954],[-80.6591,31.9521]]}},{"type":"Feature","properties":{},"geometry":{"type":"LineString","coordinates":[[-80.6594,31.9517],[-80.6518,31.9494]]}},{"type":"Feature","properties":{},"geometry":{"type":"LineString","coordinates":[[-80.6594,31.9517],[-80.6665,31.9548]]}},{"type":"Feature","properties":{},"geometry":{"type":"LineString","coordinates":[[-80.6594,31.9517],[-80.659,31.9525]]}},{"type":"Feature","properties":{},"geometry":{"type":"LineString","coordinates":[[-80.6594,31.9517],[-80.6514,31.9502]]}},{"type":"Feature","properties":{},"geometry":{"type":"LineString","coordinates":[[-80.6594,31.9517],[-80.6663,31.9552]]}},{"type":"Feature","properties":{},"geometry":{"type":"LineString","coordinates":[[-80.6594,31.9517],[-80.6588,31.9529]]}},{"type":"Feature","properties":{},"geometry":{"type":"LineString","coordinates":[[-80.6594,31.9517],[-80.6667,31.9544]]}},{"type":"Feature","properties":{},"geometry":{"type":"LineString","coordinates":[[-80.6594,31.9517],[-80.6591,31.9521]]}},{"type":"Feature","properties":{},"geometry":{"type":"LineString","coordinates":[[-80.6594,31.9517],[-80.6516,31.9498]]}},{"type":"Feature","properties":{},"geometry":{"type":"LineString","coordinates":[[-80.6518,31.9494],[-80.6442,31.9472]]}},{"type":"Feature","properties":{},"geometry":{"type":"LineString","coordinates":[[-80.6518,31.9494],[-80.659,31.9525]]}},{"type":"Feature","properties":{},"geometry":{"type":"LineString","coordinates":[[-80.6518,31.9494],[-80.6514,31.9502]]}},{"type":"Feature","properties":{},"geometry":{"type":"LineString","coordinates":[[-80.6518,31.9494],[-80.6438,31.9479]]}},{"type":"Feature","properties":{},"geometry":{"type":"LineString","coordinates":[[-80.6518,31.9494],[-80.6588,31.9529]]}},{"type":"Feature","properties":{},"geometry":{"type":"LineString","coordinates":[[-80.6518,31.9494],[-80.6512,31.9506]]}},{"type":"Feature","properties":{},"geometry":{"type":"LineString","coordinates":[[-80.6518,31.9494],[-80.6591,31.9521]]}},{"type":"Feature","properties":{},"geometry":{"type":"LineString","coordinates":[[-80.6518,31.9494],[-80.6516,31.9498]]}},{"type":"Feature","properties":{},"geometry":{"type":"LineString","coordinates":[[-80.6518,31.9494],[-80.644,31.9475]]}},{"type":"Feature","properties":{},"geometry":{"type":"LineString","coordinates":[[-80.6442,31.9472],[-80.6366,31.9448]]}},{"type":"Feature","properties":{},"geometry":{"type":"LineString","coordinates":[[-80.6442,31.9472],[-80.6514,31.9502]]}},{"type":"Feature","properties":{},"geometry":{"type":"LineString","coordinates":[[-80.6442,31.9472],[-80.6438,31.9479]]}},{"type":"Feature","properties":{},"geometry":{"type":"LineString","coordinates":[[-80.6442,31.9472],[-80.6363,31.9456]]}},{"type":"Feature","properties":{},"geometry":{"type":"LineString","coordinates":[[-80.6442,31.9472],[-80.6512,31.9506]]}},{"type":"Feature","properties":{},"geometry":{"type":"LineString","coordinates":[[-80.6442,31.9472],[-80.6436,31.9483]]}},{"type":"Feature","properties":{},"geometry":{"type":"LineString","coordinates":[[-80.6442,31.9472],[-80.6516,31.9498]]}},{"type":"Feature","properties":{},"geometry":{"type":"LineString","coordinates":[[-80.6442,31.9472],[-80.644,31.9475]]}},{"type":"Feature","properties":{},"geometry":{"type":"LineString","coordinates":[[-80.6442,31.9472],[-80.6364,31.9452]]}},{"type":"Feature","properties":{},"geometry":{"type":"LineString","coordinates":[[-80.6366,31.9448],[-80.629,31.9426]]}},{"type":"Feature","properties":{},"geometry":{"type":"LineString","coordinates":[[-80.6366,31.9448],[-80.6438,31.9479]]}},{"type":"Feature","properties":{},"geometry":{"type":"LineString","coordinates":[[-80.6366,31.9448],[-80.6363,31.9456]]}},{"type":"Feature","properties":{},"geometry":{"type":"LineString","coordinates":[[-80.6366,31.9448],[-80.6287,31.9433]]}},{"type":"Feature","properties":{},"geometry":{"type":"LineString","coordinates":[[-80.6366,31.9448],[-80.6436,31.9483]]}},{"type":"Feature","properties":{},"geometry":{"type":"LineString","coordinates":[[-80.6366,31.9448],[-80.6361,31.946]]}},{"type":"Feature","properties":{},"geometry":{"type":"LineString","coordinates":[[-80.6366,31.9448],[-80.6285,31.9437]]}},{"type":"Feature","properties":{},"geometry":{"type":"LineString","coordinates":[[-80.6366,31.9448],[-80.644,31.9475]]}},{"type":"Feature","properties":{},"geometry":{"type":"LineString","coordinates":[[-80.6366,31.9448],[-80.6364,31.9452]]}},{"type":"Feature","properties":{},"geometry":{"type":"LineString","coordinates":[[-80.6366,31.9448],[-80.6288,31.9429]]}},{"type":"Feature","properties":{},"geometry":{"type":"LineString","coordinates":[[-80.629,31.9426],[-80.6363,31.9456]]}},{"type":"Feature","properties":{},"geometry":{"type":"LineString","coordinates":[[-80.629,31.9426],[-80.6287,31.9433]]}},{"type":"Feature","properties":{},"geometry":{"type":"LineString","coordinates":[[-80.629,31.9426],[-80.6361,31.946]]}},{"type":"Feature","properties":{},"geometry":{"type":"LineString","coordinates":[[-80.629,31.9426],[-80.6285,31.9437]]}},{"type":"Feature","properties":{},"geometry":{"type":"LineString","coordinates":[[-80.629,31.9426],[-80.6364,31.9452]]}},{"type":"Feature","properties":{},"geometry":{"type":"LineString","coordinates":[[-80.629,31.9426],[-80.6288,31.9429]]}},{"type":"Feature","properties":{},"geometry":{"type":"LineString","coordinates":[[-79.2082,33.2482],[-79.2023,33.2418]]}},{"type":"Feature","properties":{},"geometry":{"type":"LineString","coordinates":[[-79.2082,33.2482],[-79.2028,33.2415]]}},{"type":"Feature","properties":{},"geometry":{"type":"LineString","coordinates":[[-79.2082,33.2482],[-79.2087,33.2479]]}},{"type":"Feature","properties":{},"geometry":{"type":"LineString","coordinates":[[-79.2082,33.2482],[-79.2026,33.2416]]}},{"type":"Feature","properties":{},"geometry":{"type":"LineString","coordinates":[[-79.2082,33.2482],[-79.2084,33.248]]}},{"type":"Feature","properties":{},"geometry":{"type":"LineString","coordinates":[[-79.2082,33.2482],[-79.2149,33.2534]]}},{"type":"Feature","properties":{},"geometry":{"type":"LineString","coordinates":[[-79.2082,33.2482],[-79.2145,33.2535]]}},{"type":"Feature","properties":{},"geometry":{"type":"LineString","coordinates":[[-79.2082,33.2482],[-79.2147,33.2535]]}},{"type":"Feature","properties":{},"geometry":{"type":"LineString","coordinates":[[-79.2082,33.2482],[-79.2079,33.2484]]}},{"type":"Feature","properties":{},"geometry":{"type":"LineString","coordinates":[[-79.2082,33.2482],[-79.202,33.2419]]}},{"type":"Feature","properties":{},"geometry":{"type":"LineString","coordinates":[[-79.2082,33.2482],[-79.2149,33.2536]]}},{"type":"Feature","properties":{},"geometry":{"type":"LineString","coordinates":[[-79.2023,33.2418],[-79.1964,33.2353]]}},{"type":"Feature","properties":{},"geometry":{"type":"LineString","coordinates":[[-79.2023,33.2418],[-79.197,33.235]]}},{"type":"Feature","properties":{},"geometry":{"type":"LineString","coordinates":[[-79.2023,33.2418],[-79.2028,33.2415]]}},{"type":"Feature","properties":{},"geometry":{"type":"LineString","coordinates":[[-79.2023,33.2418],[-79.1967,33.2352]]}},{"type":"Feature","properties":{},"geometry":{"type":"LineString","coordinates":[[-79.2023,33.2418],[-79.2026,33.2416]]}},{"type":"Feature","properties":{},"geometry":{"type":"LineString","coordinates":[[-79.2023,33.2418],[-79.2084,33.248]]}},{"type":"Feature","properties":{},"geometry":{"type":"LineString","coordinates":[[-79.2023,33.2418],[-79.2079,33.2484]]}},{"type":"Feature","properties":{},"geometry":{"type":"LineString","coordinates":[[-79.2023,33.2418],[-79.202,33.2419]]}},{"type":"Feature","properties":{},"geometry":{"type":"LineString","coordinates":[[-79.2023,33.2418],[-79.1962,33.2355]]}},{"type":"Feature","properties":{},"geometry":{"type":"LineString","coordinates":[[-79.1964,33.2353],[-79.197,33.235]]}},{"type":"Feature","properties":{},"geometry":{"type":"LineString","coordinates":[[-79.1964,33.2353],[-79.2028,33.2415]]}},{"type":"Feature","properties":{},"geometry":{"type":"LineString","coordinates":[[-79.1964,33.2353],[-79.1967,33.2352]]}},{"type":"Feature","properties":{},"geometry":{"type":"LineString","coordinates":[[-79.1964,33.2353],[-79.2026,33.2416]]}},{"type":"Feature","properties":{},"geometry":{"type":"LineString","coordinates":[[-79.1964,33.2353],[-79.1926,33.2278]]}},{"type":"Feature","properties":{},"geometry":{"type":"LineString","coordinates":[[-79.1964,33.2353],[-79.1923,33.228]]}},{"type":"Feature","properties":{},"geometry":{"type":"LineString","coordinates":[[-79.1964,33.2353],[-79.1918,33.2282]]}},{"type":"Feature","properties":{},"geometry":{"type":"LineString","coordinates":[[-79.1964,33.2353],[-79.202,33.2419]]}},{"type":"Feature","properties":{},"geometry":{"type":"LineString","coordinates":[[-79.1964,33.2353],[-79.1962,33.2355]]}},{"type":"Feature","properties":{},"geometry":{"type":"LineString","coordinates":[[-79.1964,33.2353],[-79.192,33.2281]]}},{"type":"Feature","properties":{},"geometry":{"type":"LineString","coordinates":[[-79.8842,32.7706],[-79.877,32.766]]}},{"type":"Feature","properties":{},"geometry":{"type":"LineString","coordinates":[[-79.8842,32.7706],[-79.8836,32.7664]]}},{"type":"Feature","properties":{},"geometry":{"type":"LineString","coordinates":[[-79.8842,32.7706],[-79.8873,32.7668]]}},{"type":"Feature","properties":{},"geometry":{"type":"LineString","coordinates":[[-79.8842,32.7706],[-79.8848,32.7699]]}},{"type":"Feature","properties":{},"geometry":{"type":"LineString","coordinates":[[-79.8842,32.7706],[-79.8918,32.7742]]}},{"type":"Feature","properties":{},"geometry":{"type":"LineString","coordinates":[[-79.8842,32.7706],[-79.8915,32.7746]]}},{"type":"Feature","properties":{},"geometry":{"type":"LineString","coordinates":[[-79.8842,32.7706],[-79.8851,32.7695]]}},{"type":"Feature","properties":{},"geometry":{"type":"LineString","coordinates":[[-79.8842,32.7706],[-79.8845,32.7702]]}},{"type":"Feature","properties":{},"geometry":{"type":"LineString","coordinates":[[-79.8842,32.7706],[-79.8811,32.7659]]}},{"type":"Feature","properties":{},"geometry":{"type":"LineString","coordinates":[[-79.8842,32.7706],[-79.8846,32.7661]]}},{"type":"Feature","properties":{},"geometry":{"type":"LineString","coordinates":[[-79.8842,32.7706],[-79.8759,32.7628]]}},{"type":"Feature","properties":{},"geometry":{"type":"LineString","coordinates":[[-79.877,32.766],[-79.8698,32.7614]]}},{"type":"Feature","properties":{},"geometry":{"type":"LineString","coordinates":[[-79.877,32.766],[-79.8836,32.7664]]}},{"type":"Feature","properties":{},"geometry":{"type":"LineString","coordinates":[[-79.877,32.766],[-79.8781,32.7629]]}},{"type":"Feature","properties":{},"geometry":{"type":"LineString","coordinates":[[-79.877,32.766],[-79.8809,32.7628]]}},{"type":"Feature","properties":{},"geometry":{"type":"LineString","coordinates":[[-79.877,32.766],[-79.8776,32.7653]]}},{"type":"Feature","properties":{},"geometry":{"type":"LineString","coordinates":[[-79.877,32.766],[-79.867,32.766]]}},{"type":"Feature","properties":{},"geometry":{"type":"LineString","coordinates":[[-79.877,32.766],[-79.8779,32.7649]]}},{"type":"Feature","properties":{},"geometry":{"type":"LineString","coordinates":[[-79.877,32.766],[-79.8773,32.7656]]}},{"type":"Feature","properties":{},"geometry":{"type":"LineString","coordinates":[[-79.877,32.766],[-79.8811,32.7659]]}},{"type":"Feature","properties":{},"geometry":{"type":"LineString","coordinates":[[-79.877,32.766],[-79.8771,32.7614]]}},{"type":"Feature","properties":{},"geometry":{"type":"LineString","coordinates":[[-79.877,32.766],[-79.874,32.7644]]}},{"type":"Feature","properties":{},"geometry":{"type":"LineString","coordinates":[[-79.8698,32.7614],[-79.8635,32.7568]]}},{"type":"Feature","properties":{},"geometry":{"type":"LineString","coordinates":[[-79.8698,32.7614],[-79.8745,32.7588]]}},{"type":"Feature","properties":{},"geometry":{"type":"LineString","coordinates":[[-79.8698,32.7614],[-79.8645,32.7557]]}},{"type":"Feature","properties":{},"geometry":{"type":"LineString","coordinates":[[-79.8698,32.7614],[-79.8641,32.7561]]}},{"type":"Feature","properties":{},"geometry":{"type":"LineString","coordinates":[[-79.8698,32.7614],[-79.8704,32.7607]]}},{"type":"Feature","properties":{},"geometry":{"type":"LineString","coordinates":[[-79.8698,32.7614],[-79.867,32.766]]}},{"type":"Feature","properties":{},"geometry":{"type":"LineString","coordinates":[[-79.8698,32.7614],[-79.8707,32.7604]]}},{"type":"Feature","properties":{},"geometry":{"type":"LineString","coordinates":[[-79.8698,32.7614],[-79.8701,32.761]]}},{"type":"Feature","properties":{},"geometry":{"type":"LineString","coordinates":[[-79.8698,32.7614],[-79.8771,32.7614]]}},{"type":"Feature","properties":{},"geometry":{"type":"LineString","coordinates":[[-79.8698,32.7614],[-79.8639,32.7564]]}},{"type":"Feature","properties":{},"geometry":{"type":"LineString","coordinates":[[-79.8698,32.7614],[-79.8722,32.766]]}},{"type":"Feature","properties":{},"geometry":{"type":"LineString","coordinates":[[-79.9369,32.9085],[-79.9441,32.9073]]}},{"type":"Feature","properties":{},"geometry":{"type":"LineString","coordinates":[[-79.9369,32.9085],[-79.9311,32.9144]]}},{"type":"Feature","properties":{},"geometry":{"type":"LineString","coordinates":[[-79.9369,32.9085],[-79.9437,32.9086]]}},{"type":"Feature","properties":{},"geometry":{"type":"LineString","coordinates":[[-79.9369,32.9085],[-79.9315,32.9146]]}},{"type":"Feature","properties":{},"geometry":{"type":"LineString","coordinates":[[-79.9369,32.9085],[-79.9378,32.9093]]}},{"type":"Feature","properties":{},"geometry":{"type":"LineString","coordinates":[[-79.9369,32.9085],[-79.9307,32.9143]]}},{"type":"Feature","properties":{},"geometry":{"type":"LineString","coordinates":[[-79.9369,32.9085],[-79.9372,32.9088]]}},{"type":"Feature","properties":{},"geometry":{"type":"LineString","coordinates":[[-79.9369,32.9085],[-79.9445,32.9076]]}},{"type":"Feature","properties":{},"geometry":{"type":"LineString","coordinates":[[-79.9369,32.9085],[-79.9313,32.9114]]}},{"type":"Feature","properties":{},"geometry":{"type":"LineString","coordinates":[[-79.9369,32.9085],[-79.9438,32.9089]]}},{"type":"Feature","properties":{},"geometry":{"type":"LineString","coordinates":[[-79.9369,32.9085],[-79.9448,32.9078]]}},{"type":"Feature","properties":{},"geometry":{"type":"LineString","coordinates":[[-79.9369,32.9085],[-79.9375,32.909]]}},{"type":"Feature","properties":{},"geometry":{"type":"LineString","coordinates":[[-79.9441,32.9073],[-79.9437,32.9086]]}},{"type":"Feature","properties":{},"geometry":{"type":"LineString","coordinates":[[-79.9441,32.9073],[-79.9451,32.9081]]}},{"type":"Feature","properties":{},"geometry":{"type":"LineString","coordinates":[[-79.9441,32.9073],[-79.9378,32.9093]]}},{"type":"Feature","properties":{},"geometry":{"type":"LineString","coordinates":[[-79.9441,32.9073],[-79.9372,32.9088]]}},{"type":"Feature","properties":{},"geometry":{"type":"LineString","coordinates":[[-79.9441,32.9073],[-79.9445,32.9076]]}},{"type":"Feature","properties":{},"geometry":{"type":"LineString","coordinates":[[-79.9441,32.9073],[-79.9465,32.9085]]}},{"type":"Feature","properties":{},"geometry":{"type":"LineString","coordinates":[[-79.9441,32.9073],[-79.9438,32.9089]]}},{"type":"Feature","properties":{},"geometry":{"type":"LineString","coordinates":[[-79.9441,32.9073],[-79.9503,32.9045]]}},{"type":"Feature","properties":{},"geometry":{"type":"LineString","coordinates":[[-79.9441,32.9073],[-79.9448,32.9078]]}},{"type":"Feature","properties":{},"geometry":{"type":"LineString","coordinates":[[-79.9441,32.9073],[-79.9375,32.909]]}},{"type":"Feature","properties":{},"geometry":{"type":"LineString","coordinates":[[-81.0953,32.0857],[-81.0871,32.0826]]}},{"type":"Feature","properties":{},"geometry":{"type":"LineString","coordinates":[[-81.0953,32.0857],[-81.095,32.0864]]}},{"type":"Feature","properties":{},"geometry":{"type":"LineString","coordinates":[[-81.0953,32.0857],[-81.0868,32.0833]]}},{"type":"Feature","properties":{},"geometry":{"type":"LineString","coordinates":[[-81.0953,32.0857],[-81.1017,32.091]]}},{"type":"Feature","properties":{},"geometry":{"type":"LineString","coordinates":[[-81.0953,32.0857],[-81.1013,32.0915]]}},{"type":"Feature","properties":{},"geometry":{"type":"LineString","coordinates":[[-81.0953,32.0857],[-81.0956,32.0854]]}},{"type":"Feature","properties":{},"geometry":{"type":"LineString","coordinates":[[-81.0953,32.0857],[-81.1015,32.0913]]}},{"type":"Feature","properties":{},"geometry":{"type":"LineString","coordinates":[[-81.0953,32.0857],[-81.0891,32.0861]]}},{"type":"Feature","properties":{},"geometry":{"type":"LineString","coordinates":[[-81.0953,32.0857],[-81.102,32.0907]]}},{"type":"Feature","properties":{},"geometry":{"type":"LineString","coordinates":[[-81.0953,32.0857],[-81.0952,32.0861]]}},{"type":"Feature","properties":{},"geometry":{"type":"LineString","coordinates":[[-81.0953,32.0857],[-81.0869,32.0829]]}},{"type":"Feature","properties":{},"geometry":{"type":"LineString","coordinates":[[-81.0871,32.0826],[-81.0788,32.0794]]}},{"type":"Feature","properties":{},"geometry":{"type":"LineString","coordinates":[[-81.0871,32.0826],[-81.095,32.0864]]}},{"type":"Feature","properties":{},"geometry":{"type":"LineString","coordinates":[[-81.0871,32.0826],[-81.0868,32.0833]]}},{"type":"Feature","properties":{},"geometry":{"type":"LineString","coordinates":[[-81.0871,32.0826],[-81.0787,32.0802]]}},{"type":"Feature","properties":{},"geometry":{"type":"LineString","coordinates":[[-81.0871,32.0826],[-81.0872,32.0822]]}},{"type":"Feature","properties":{},"geometry":{"type":"LineString","coordinates":[[-81.0871,32.0826],[-81.0788,32.0791]]}},{"type":"Feature","properties":{},"geometry":{"type":"LineString","coordinates":[[-81.0871,32.0826],[-81.0891,32.0861]]}},{"type":"Feature","properties":{},"geometry":{"type":"LineString","coordinates":[[-81.0871,32.0826],[-81.0952,32.0861]]}},{"type":"Feature","properties":{},"geometry":{"type":"LineString","coordinates":[[-81.0871,32.0826],[-81.0869,32.0829]]}},{"type":"Feature","properties":{},"geometry":{"type":"LineString","coordinates":[[-81.0871,32.0826],[-81.0787,32.0798]]}},{"type":"Feature","properties":{},"geometry":{"type":"LineString","coordinates":[[-81.0788,32.0794],[-81.0707,32.0796]]}},{"type":"Feature","properties":{},"geometry":{"type":"LineString","coordinates":[[-81.0788,32.0794],[-81.0868,32.0833]]}},{"type":"Feature","properties":{},"geometry":{"type":"LineString","coordinates":[[-81.0788,32.0794],[-81.0787,32.0802]]}},{"type":"Feature","properties":{},"geometry":{"type":"LineString","coordinates":[[-81.0788,32.0794],[-81.0707,32.0803]]}},{"type":"Feature","properties":{},"geometry":{"type":"LineString","coordinates":[[-81.0788,32.0794],[-81.0872,32.0822]]}},{"type":"Feature","properties":{},"geometry":{"type":"LineString","coordinates":[[-81.0788,32.0794],[-81.0788,32.0791]]}},{"type":"Feature","properties":{},"geometry":{"type":"LineString","coordinates":[[-81.0788,32.0794],[-81.0707,32.0792]]}},{"type":"Feature","properties":{},"geometry":{"type":"LineString","coordinates":[[-81.0788,32.0794],[-81.0707,32.08]]}},{"type":"Feature","properties":{},"geometry":{"type":"LineString","coordinates":[[-81.0788,32.0794],[-81.0869,32.0829]]}},{"type":"Feature","properties":{},"geometry":{"type":"LineString","coordinates":[[-81.0788,32.0794],[-81.0787,32.0798]]}},{"type":"Feature","properties":{},"geometry":{"type":"LineString","coordinates":[[-80.8238,32.0335],[-80.832,32.0357]]}},{"type":"Feature","properties":{},"geometry":{"type":"LineString","coordinates":[[-80.8238,32.0335],[-80.8245,32.0325]]}},{"type":"Feature","properties":{},"geometry":{"type":"LineString","coordinates":[[-80.8238,32.0335],[-80.8324,32.0347]]}},{"type":"Feature","properties":{},"geometry":{"type":"LineString","coordinates":[[-80.8238,32.0335],[-80.8174,32.029]]}},{"type":"Feature","properties":{},"geometry":{"type":"LineString","coordinates":[[-80.8238,32.0335],[-80.8235,32.034]]}},{"type":"Feature","properties":{},"geometry":{"type":"LineString","coordinates":[[-80.8238,32.0335],[-80.8318,32.0362]]}},{"type":"Feature","properties":{},"geometry":{"type":"LineString","coordinates":[[-80.8238,32.0335],[-80.8242,32.033]]}},{"type":"Feature","properties":{},"geometry":{"type":"LineString","coordinates":[[-80.8238,32.0335],[-80.8322,32.0352]]}},{"type":"Feature","properties":{},"geometry":{"type":"LineString","coordinates":[[-80.8238,32.0335],[-80.8171,32.0294]]}},{"type":"Feature","properties":{},"geometry":{"type":"LineString","coordinates":[[-80.8238,32.0335],[-80.8178,32.0286]]}},{"type":"Feature","properties":{},"geometry":{"type":"LineString","coordinates":[[-80.8238,32.0335],[-80.8167,32.0299]]}},{"type":"Feature","properties":{},"geometry":{"type":"LineString","coordinates":[[-80.832,32.0357],[-80.8402,32.0379]]}},{"type":"Feature","properties":{},"geometry":{"type":"LineString","coordinates":[[-80.832,32.0357],[-80.8245,32.0325]]}},{"type":"Feature","properties":{},"geometry":{"type":"LineString","coordinates":[[-80.832,32.0357],[-80.8324,32.0347]]}},{"type":"Feature","properties":{},"geometry":{"type":"LineString","coordinates":[[-80.832,32.0357],[-80.8404,32.0368]]}},{"type":"Feature","properties":{},"geometry":{"type":"LineString","coordinates":[[-80.832,32.0357],[-80.8235,32.034]]}},{"type":"Feature","properties":{},"geometry":{"type":"LineString","coordinates":[[-80.832,32.0357],[-80.8318,32.0362]]}},{"type":"Feature","properties":{},"geometry":{"type":"LineString","coordinates":[[-80.832,32.0357],[-80.8401,32.0384]]}},{"type":"Feature","properties":{},"geometry":{"type":"LineString","coordinates":[[-80.832,32.0357],[-80.8242,32.033]]}},{"type":"Feature","properties":{},"geometry":{"type":"LineString","coordinates":[[-80.832,32.0357],[-80.8322,32.0352]]}},{"type":"Feature","properties":{},"geometry":{"type":"LineString","coordinates":[[-80.832,32.0357],[-80.8403,32.0374]]}},{"type":"Feature","properties":{},"geometry":{"type":"LineString","coordinates":[[-80.8402,32.0379],[-80.8485,32.0378]]}},{"type":"Feature","properties":{},"geometry":{"type":"LineString","coordinates":[[-80.8402,32.0379],[-80.8486,32.0374]]}},{"type":"Feature","properties":{},"geometry":{"type":"LineString","coordinates":[[-80.8402,32.0379],[-80.8324,32.0347]]}},{"type":"Feature","properties":{},"geometry":{"type":"LineString","coordinates":[[-80.8402,32.0379],[-80.8404,32.0368]]}},{"type":"Feature","properties":{},"geometry":{"type":"LineString","coordinates":[[-80.8402,32.0379],[-80.8318,32.0362]]}},{"type":"Feature","properties":{},"geometry":{"type":"LineString","coordinates":[[-80.8402,32.0379],[-80.8401,32.0384]]}},{"type":"Feature","properties":{},"geometry":{"type":"LineString","coordinates":[[-80.8402,32.0379],[-80.8322,32.0352]]}},{"type":"Feature","properties":{},"geometry":{"type":"LineString","coordinates":[[-80.8402,32.0379],[-80.8403,32.0374]]}},{"type":"Feature","properties":{},"geometry":{"type":"LineString","coordinates":[[-80.8402,32.0379],[-80.8485,32.0382]]}},{"type":"Feature","properties":{},"geometry":{"type":"LineString","coordinates":[[-81.1515,32.1538],[-81.1453,32.15]]}},{"type":"Feature","properties":{},"geometry":{"type":"LineString","coordinates":[[-81.1515,32.1538],[-81.1544,32.1583]]}},{"type":"Feature","properties":{},"geometry":{"type":"LineString","coordinates":[[-81.1515,32.1538],[-81.155,32.1561]]}},{"type":"Feature","properties":{},"geometry":{"type":"LineString","coordinates":[[-81.1515,32.1538],[-81.1518,32.1537]]}},{"type":"Feature","properties":{},"geometry":{"type":"LineString","coordinates":[[-81.1515,32.1538],[-81.154,32.1584]]}},{"type":"Feature","properties":{},"geometry":{"type":"LineString","coordinates":[[-81.1515,32.1538],[-81.1551,32.1581]]}},{"type":"Feature","properties":{},"geometry":{"type":"LineString","coordinates":[[-81.1515,32.1538],[-81.1508,32.1539]]}},{"type":"Feature","properties":{},"geometry":{"type":"LineString","coordinates":[[-81.1515,32.1538],[-81.1511,32.1539]]}},{"type":"Feature","properties":{},"geometry":{"type":"LineString","coordinates":[[-81.1515,32.1538],[-81.1548,32.1582]]}},{"type":"Feature","properties":{},"geometry":{"type":"LineString","coordinates":[[-81.1453,32.15],[-81.1418,32.1448]]}},{"type":"Feature","properties":{},"geometry":{"type":"LineString","coordinates":[[-81.1453,32.15],[-81.1455,32.15]]}},{"type":"Feature","properties":{},"geometry":{"type":"LineString","coordinates":[[-81.1453,32.15],[-81.1414,32.1448]]}},{"type":"Feature","properties":{},"geometry":{"type":"LineString","coordinates":[[-81.1453,32.15],[-81.1424,32.1447]]}},{"type":"Feature","properties":{},"geometry":{"type":"LineString","coordinates":[[-81.1453,32.15],[-81.1508,32.1539]]}},{"type":"Feature","properties":{},"geometry":{"type":"LineString","coordinates":[[-81.1453,32.15],[-81.1449,32.1501]]}},{"type":"Feature","properties":{},"geometry":{"type":"LineString","coordinates":[[-81.1453,32.15],[-81.1451,32.15]]}},{"type":"Feature","properties":{},"geometry":{"type":"LineString","coordinates":[[-81.1453,32.15],[-81.1421,32.1447]]}},{"type":"Feature","properties":{},"geometry":{"type":"LineString","coordinates":[[-79.9299,32.8477],[-79.9318,32.8473]]}},{"type":"Feature","properties":{},"geometry":{"type":"LineString","coordinates":[[-79.9299,32.8477],[-79.9306,32.8476]]}},{"type":"Feature","properties":{},"geometry":{"type":"LineString","coordinates":[[-79.9299,32.8477],[-79.9274,32.8396]]}},{"type":"Feature","properties":{},"geometry":{"type":"LineString","coordinates":[[-79.9299,32.8477],[-79.9369,32.8519]]}},{"type":"Feature","properties":{},"geometry":{"type":"LineString","coordinates":[[-79.9299,32.8477],[-79.9298,32.8395]]}},{"type":"Feature","properties":{},"geometry":{"type":"LineString","coordinates":[[-79.9299,32.8477],[-79.9361,32.8524]]}},{"type":"Feature","properties":{},"geometry":{"type":"LineString","coordinates":[[-79.9299,32.8477],[-79.929,32.8395]]}},{"type":"Feature","properties":{},"geometry":{"type":"LineString","coordinates":[[-79.9299,32.8477],[-79.9365,32.8522]]}},{"type":"Feature","properties":{},"geometry":{"type":"LineString","coordinates":[[-79.9299,32.8477],[-79.9282,32.8396]]}},{"type":"Feature","properties":{},"geometry":{"type":"LineString","coordinates":[[-79.9299,32.8477],[-79.9312,32.8474]]}},{"type":"Feature","properties":{},"geometry":{"type":"LineString","coordinates":[[-79.8635,32.7568],[-79.8582,32.752]]}},{"type":"Feature","properties":{},"geometry":{"type":"LineString","coordinates":[[-79.8635,32.7568],[-79.8594,32.7508]]}},{"type":"Feature","properties":{},"geometry":{"type":"LineString","coordinates":[[-79.8635,32.7568],[-79.8645,32.7557]]}},{"type":"Feature","properties":{},"geometry":{"type":"LineString","coordinates":[[-79.8635,32.7568],[-79.859,32.7512]]}},{"type":"Feature","properties":{},"geometry":{"type":"LineString","coordinates":[[-79.8635,32.7568],[-79.8641,32.7561]]}},{"type":"Feature","properties":{},"geometry":{"type":"LineString","coordinates":[[-79.8635,32.7568],[-79.867,32.766]]}},{"type":"Feature","properties":{},"geometry":{"type":"LineString","coordinates":[[-79.8635,32.7568],[-79.8615,32.7556]]}},{"type":"Feature","properties":{},"geometry":{"type":"LineString","coordinates":[[-79.8635,32.7568],[-79.8639,32.7564]]}},{"type":"Feature","properties":{},"geometry":{"type":"LineString","coordinates":[[-79.8635,32.7568],[-79.8586,32.7516]]}},{"type":"Feature","properties":{},"geometry":{"type":"LineString","coordinates":[[-79.8582,32.752],[-79.853,32.7473]]}},{"type":"Feature","properties":{},"geometry":{"type":"LineString","coordinates":[[-79.8582,32.752],[-79.8542,32.7459]]}},{"type":"Feature","properties":{},"geometry":{"type":"LineString","coordinates":[[-79.8582,32.752],[-79.8594,32.7508]]}},{"type":"Feature","properties":{},"geometry":{"type":"LineString","coordinates":[[-79.8582,32.752],[-79.8645,32.7557]]}},{"type":"Feature","properties":{},"geometry":{"type":"LineString","coordinates":[[-79.8582,32.752],[-79.8538,32.7464]]}},{"type":"Feature","properties":{},"geometry":{"type":"LineString","coordinates":[[-79.8582,32.752],[-79.859,32.7512]]}},{"type":"Feature","properties":{},"geometry":{"type":"LineString","coordinates":[[-79.8582,32.752],[-79.8641,32.7561]]}},{"type":"Feature","properties":{},"geometry":{"type":"LineString","coordinates":[[-79.8582,32.752],[-79.8615,32.7556]]}},{"type":"Feature","properties":{},"geometry":{"type":"LineString","coordinates":[[-79.8582,32.752],[-79.8639,32.7564]]}},{"type":"Feature","properties":{},"geometry":{"type":"LineString","coordinates":[[-79.8582,32.752],[-79.8586,32.7516]]}},{"type":"Feature","properties":{},"geometry":{"type":"LineString","coordinates":[[-79.8582,32.752],[-79.8534,32.7468]]}},{"type":"Feature","properties":{},"geometry":{"type":"LineString","coordinates":[[-79.853,32.7473],[-79.8477,32.7425]]}},{"type":"Feature","properties":{},"geometry":{"type":"LineString","coordinates":[[-79.853,32.7473],[-79.8491,32.741]]}},{"type":"Feature","properties":{},"geometry":{"type":"LineString","coordinates":[[-79.853,32.7473],[-79.8542,32.7459]]}},{"type":"Feature","properties":{},"geometry":{"type":"LineString","coordinates":[[-79.853,32.7473],[-79.8594,32.7508]]}},{"type":"Feature","properties":{},"geometry":{"type":"LineString","coordinates":[[-79.853,32.7473],[-79.8487,32.7415]]}},{"type":"Feature","properties":{},"geometry":{"type":"LineString","coordinates":[[-79.853,32.7473],[-79.8538,32.7464]]}},{"type":"Feature","properties":{},"geometry":{"type":"LineString","coordinates":[[-79.853,32.7473],[-79.859,32.7512]]}},{"type":"Feature","properties":{},"geometry":{"type":"LineString","coordinates":[[-79.853,32.7473],[-79.8586,32.7516]]}},{"type":"Feature","properties":{},"geometry":{"type":"LineString","coordinates":[[-79.853,32.7473],[-79.8534,32.7468]]}},{"type":"Feature","properties":{},"geometry":{"type":"LineString","coordinates":[[-79.853,32.7473],[-79.8482,32.742]]}},{"type":"Feature","properties":{},"geometry":{"type":"LineString","coordinates":[[-79.8477,32.7425],[-79.8491,32.741]]}},{"type":"Feature","properties":{},"geometry":{"type":"LineString","coordinates":[[-79.8477,32.7425],[-79.843,32.737]]}},{"type":"Feature","properties":{},"geometry":{"type":"LineString","coordinates":[[-79.8477,32.7425],[-79.8487,32.7415]]}},{"type":"Feature","properties":{},"geometry":{"type":"LineString","coordinates":[[-79.8477,32.7425],[-79.8477,32.7392]]}},{"type":"Feature","properties":{},"geometry":{"type":"LineString","coordinates":[[-79.8477,32.7425],[-79.8415,32.7385]]}},{"type":"Feature","properties":{},"geometry":{"type":"LineString","coordinates":[[-79.8477,32.7425],[-79.842,32.738]]}},{"type":"Feature","properties":{},"geometry":{"type":"LineString","coordinates":[[-79.8477,32.7425],[-79.8425,32.7375]]}},{"type":"Feature","properties":{},"geometry":{"type":"LineString","coordinates":[[-79.8477,32.7425],[-79.8534,32.7468]]}},{"type":"Feature","properties":{},"geometry":{"type":"LineString","coordinates":[[-79.8477,32.7425],[-79.8482,32.742]]}},{"type":"Feature","properties":{},"geometry":{"type":"LineString","coordinates":[[-79.2873,33.3589],[-79.2833,33.3567]]}},{"type":"Feature","properties":{},"geometry":{"type":"LineString","coordinates":[[-79.2873,33.3589],[-79.2875,33.3596]]}},{"type":"Feature","properties":{},"geometry":{"type":"LineString","coordinates":[[-79.2873,33.3589],[-79.292,33.3588]]}},{"type":"Feature","properties":{},"geometry":{"type":"LineString","coordinates":[[-79.2873,33.3589],[-79.2874,33.3593]]}},{"type":"Feature","properties":{},"geometry":{"type":"LineString","coordinates":[[-79.2873,33.3589],[-79.2918,33.3583]]}},{"type":"Feature","properties":{},"geometry":{"type":"LineString","coordinates":[[-79.2873,33.3589],[-79.2916,33.3578]]}},{"type":"Feature","properties":{},"geometry":{"type":"LineString","coordinates":[[-79.2873,33.3589],[-79.2914,33.3573]]}},{"type":"Feature","properties":{},"geometry":{"type":"LineString","coordinates":[[-79.2873,33.3589],[-79.2838,33.3568]]}},{"type":"Feature","properties":{},"geometry":{"type":"LineString","coordinates":[[-79.2873,33.3589],[-79.2872,33.3586]]}},{"type":"Feature","properties":{},"geometry":{"type":"LineString","coordinates":[[-80.9007,32.0369],[-80.9088,32.0381]]}},{"type":"Feature","properties":{},"geometry":{"type":"LineString","coordinates":[[-80.9007,32.0369],[-80.9004,32.0348]]}},{"type":"Feature","properties":{},"geometry":{"type":"LineString","coordinates":[[-80.9007,32.0369],[-80.905,32.036]]}},{"type":"Feature","properties":{},"geometry":{"type":"LineString","coordinates":[[-80.9007,32.0369],[-80.8979,32.0348]]}},{"type":"Feature","properties":{},"geometry":{"type":"LineString","coordinates":[[-80.9007,32.0369],[-80.9049,32.0363]]}},{"type":"Feature","properties":{},"geometry":{"type":"LineString","coordinates":[[-80.9007,32.0369],[-80.8979,32.0351]]}},{"type":"Feature","properties":{},"geometry":{"type":"LineString","coordinates":[[-80.9007,32.0369],[-80.9051,32.0357]]}},{"type":"Feature","properties":{},"geometry":{"type":"LineString","coordinates":[[-80.9007,32.0369],[-80.898,32.0345]]}},{"type":"Feature","properties":{},"geometry":{"type":"LineString","coordinates":[[-80.9007,32.0369],[-80.9048,32.0366]]}},{"type":"Feature","properties":{},"geometry":{"type":"LineString","coordinates":[[-80.9007,32.0369],[-80.8979,32.0354]]}},{"type":"Feature","properties":{},"geometry":{"type":"LineString","coordinates":[[-80.9088,32.0381],[-80.917,32.0392]]}},{"type":"Feature","properties":{},"geometry":{"type":"LineString","coordinates":[[-80.9088,32.0381],[-80.912,32.0372]]}},{"type":"Feature","properties":{},"geometry":{"type":"LineString","coordinates":[[-80.9088,32.0381],[-80.905,32.036]]}},{"type":"Feature","properties":{},"geometry":{"type":"LineString","coordinates":[[-80.9088,32.0381],[-80.9119,32.0376]]}},{"type":"Feature","properties":{},"geometry":{"type":"LineString","coordinates":[[-80.9088,32.0381],[-80.9049,32.0363]]}},{"type":"Feature","properties":{},"geometry":{"type":"LineString","coordinates":[[-80.9088,32.0381],[-80.9122,32.0369]]}},{"type":"Feature","properties":{},"geometry":{"type":"LineString","coordinates":[[-80.9088,32.0381],[-80.9051,32.0357]]}},{"type":"Feature","properties":{},"geometry":{"type":"LineString","coordinates":[[-80.9088,32.0381],[-80.9117,32.0379]]}},{"type":"Feature","properties":{},"geometry":{"type":"LineString","coordinates":[[-80.9088,32.0381],[-80.9048,32.0366]]}},{"type":"Feature","properties":{},"geometry":{"type":"LineString","coordinates":[[-80.917,32.0392],[-80.9191,32.0385]]}},{"type":"Feature","properties":{},"geometry":{"type":"LineString","coordinates":[[-80.917,32.0392],[-80.912,32.0372]]}},{"type":"Feature","properties":{},"geometry":{"type":"LineString","coordinates":[[-80.917,32.0392],[-80.9189,32.0388]]}},{"type":"Feature","properties":{},"geometry":{"type":"LineString","coordinates":[[-80.917,32.0392],[-80.9119,32.0376]]}},{"type":"Feature","properties":{},"geometry":{"type":"LineString","coordinates":[[-80.917,32.0392],[-80.9193,32.0381]]}},{"type":"Feature","properties":{},"geometry":{"type":"LineString","coordinates":[[-80.917,32.0392],[-80.9122,32.0369]]}},{"type":"Feature","properties":{},"geometry":{"type":"LineString","coordinates":[[-80.917,32.0392],[-80.9186,32.0391]]}},{"type":"Feature","properties":{},"geometry":{"type":"LineString","coordinates":[[-80.917,32.0392],[-80.9117,32.0379]]}},{"type":"Feature","properties":{},"geometry":{"type":"LineString","coordinates":[[-79.9311,32.9144],[-79.9315,32.9146]]}},{"type":"Feature","properties":{},"geometry":{"type":"LineString","coordinates":[[-79.9311,32.9144],[-79.9378,32.9093]]}},{"type":"Feature","properties":{},"geometry":{"type":"LineString","coordinates":[[-79.9311,32.9144],[-79.9307,32.9143]]}},{"type":"Feature","properties":{},"geometry":{"type":"LineString","coordinates":[[-79.9311,32.9144],[-79.9372,32.9088]]}},{"type":"Feature","properties":{},"geometry":{"type":"LineString","coordinates":[[-79.9311,32.9144],[-79.9313,32.9114]]}},{"type":"Feature","properties":{},"geometry":{"type":"LineString","coordinates":[[-79.9311,32.9144],[-79.9293,32.9173]]}},{"type":"Feature","properties":{},"geometry":{"type":"LineString","coordinates":[[-79.9311,32.9144],[-79.9375,32.909]]}},{"type":"Feature","properties":{},"geometry":{"type":"LineString","coordinates":[[-79.9351,32.935],[-79.9356,32.9286]]}},{"type":"Feature","properties":{},"geometry":{"type":"LineString","coordinates":[[-79.9351,32.935],[-79.9377,32.9285]]}},{"type":"Feature","properties":{},"geometry":{"type":"LineString","coordinates":[[-79.9351,32.935],[-79.9347,32.9348]]}},{"type":"Feature","properties":{},"geometry":{"type":"LineString","coordinates":[[-79.9351,32.935],[-79.937,32.9285]]}},{"type":"Feature","properties":{},"geometry":{"type":"LineString","coordinates":[[-79.9351,32.935],[-79.9342,32.9346]]}},{"type":"Feature","properties":{},"geometry":{"type":"LineString","coordinates":[[-79.9351,32.935],[-79.9363,32.9286]]}},{"type":"Feature","properties":{},"geometry":{"type":"LineString","coordinates":[[-79.9351,32.935],[-79.9337,32.9344]]}},{"type":"Feature","properties":{},"geometry":{"type":"LineString","coordinates":[[-79.9351,32.935],[-79.9367,32.9356]]}},{"type":"Feature","properties":{},"geometry":{"type":"LineString","coordinates":[[-79.9318,32.8473],[-79.9315,32.839]]}},{"type":"Feature","properties":{},"geometry":{"type":"LineString","coordinates":[[-79.9318,32.8473],[-79.9309,32.8392]]}},{"type":"Feature","properties":{},"geometry":{"type":"LineString","coordinates":[[-79.9318,32.8473],[-79.9306,32.8476]]}},{"type":"Feature","properties":{},"geometry":{"type":"LineString","coordinates":[[-79.9318,32.8473],[-79.9373,32.8516]]}},{"type":"Feature","properties":{},"geometry":{"type":"LineString","coordinates":[[-79.9318,32.8473],[-79.9369,32.8519]]}},{"type":"Feature","properties":{},"geometry":{"type":"LineString","coordinates":[[-79.9318,32.8473],[-79.9298,32.8395]]}},{"type":"Feature","properties":{},"geometry":{"type":"LineString","coordinates":[[-79.9318,32.8473],[-79.9304,32.8394]]}},{"type":"Feature","properties":{},"geometry":{"type":"LineString","coordinates":[[-79.9318,32.8473],[-79.9361,32.8524]]}},{"type":"Feature","properties":{},"geometry":{"type":"LineString","coordinates":[[-79.9318,32.8473],[-79.932,32.8387]]}},{"type":"Feature","properties":{},"geometry":{"type":"LineString","coordinates":[[-79.9318,32.8473],[-79.9365,32.8522]]}},{"type":"Feature","properties":{},"geometry":{"type":"LineString","coordinates":[[-79.9318,32.8473],[-79.9312,32.8474]]}},{"type":"Feature","properties":{},"geometry":{"type":"LineString","coordinates":[[-80.9901,32.0816],[-80.9866,32.0802]]}},{"type":"Feature","properties":{},"geometry":{"type":"LineString","coordinates":[[-80.9901,32.0816],[-80.988,32.085]]}},{"type":"Feature","properties":{},"geometry":{"type":"LineString","coordinates":[[-80.9901,32.0816],[-80.9839,32.0792]]}},{"type":"Feature","properties":{},"geometry":{"type":"LineString","coordinates":[[-80.9901,32.0816],[-80.9848,32.0824]]}},{"type":"Feature","properties":{},"geometry":{"type":"LineString","coordinates":[[-80.9901,32.0816],[-80.9883,32.0846]]}},{"type":"Feature","properties":{},"geometry":{"type":"LineString","coordinates":[[-80.9901,32.0816],[-80.9843,32.0789]]}},{"type":"Feature","properties":{},"geometry":{"type":"LineString","coordinates":[[-80.9901,32.0816],[-80.9876,32.0853]]}},{"type":"Feature","properties":{},"geometry":{"type":"LineString","coordinates":[[-80.9901,32.0816],[-80.9836,32.0796]]}},{"type":"Feature","properties":{},"geometry":{"type":"LineString","coordinates":[[-80.9901,32.0816],[-80.9895,32.0849]]}},{"type":"Feature","properties":{},"geometry":{"type":"LineString","coordinates":[[-80.9901,32.0816],[-80.9872,32.0857]]}},{"type":"Feature","properties":{},"geometry":{"type":"LineString","coordinates":[[-79.2864,33.3094],[-79.2869,33.3191]]}},{"type":"Feature","properties":{},"geometry":{"type":"LineString","coordinates":[[-79.2864,33.3094],[-79.2823,33.3023]]}},{"type":"Feature","properties":{},"geometry":{"type":"LineString","coordinates":[[-79.2864,33.3094],[-79.2868,33.3093]]}},{"type":"Feature","properties":{},"geometry":{"type":"LineString","coordinates":[[-79.2864,33.3094],[-79.2812,33.3026]]}},{"type":"Feature","properties":{},"geometry":{"type":"LineString","coordinates":[[-79.2864,33.3094],[-79.2856,33.3096]]}},{"type":"Feature","properties":{},"geometry":{"type":"LineString","coordinates":[[-79.2864,33.3094],[-79.2817,33.3024]]}},{"type":"Feature","properties":{},"geometry":{"type":"LineString","coordinates":[[-79.2864,33.3094],[-79.2828,33.3021]]}},{"type":"Feature","properties":{},"geometry":{"type":"LineString","coordinates":[[-79.2864,33.3094],[-79.286,33.3095]]}},{"type":"Feature","properties":{},"geometry":{"type":"LineString","coordinates":[[-79.2864,33.3094],[-79.2881,33.3081]]}},{"type":"Feature","properties":{},"geometry":{"type":"LineString","coordinates":[[-79.1562,33.1931],[-79.1645,33.1949]]}},{"type":"Feature","properties":{},"geometry":{"type":"LineString","coordinates":[[-79.1562,33.1931],[-79.148,33.1934]]}},{"type":"Feature","properties":{},"geometry":{"type":"LineString","coordinates":[[-79.1562,33.1931],[-79.1561,33.1939]]}},{"type":"Feature","properties":{},"geometry":{"type":"LineString","coordinates":[[-79.1562,33.1931],[-79.1643,33.1957]]}},{"type":"Feature","properties":{},"geometry":{"type":"LineString","coordinates":[[-79.1562,33.1931],[-79.1642,33.1962]]}},{"type":"Feature","properties":{},"geometry":{"type":"LineString","coordinates":[[-79.1562,33.1931],[-79.156,33.1943]]}},{"type":"Feature","properties":{},"geometry":{"type":"LineString","coordinates":[[-79.1562,33.1931],[-79.1481,33.193]]}},{"type":"Feature","properties":{},"geometry":{"type":"LineString","coordinates":[[-79.1562,33.1931],[-79.1482,33.1926]]}},{"type":"Feature","properties":{},"geometry":{"type":"LineString","coordinates":[[-79.1562,33.1931],[-79.1482,33.1922]]}},{"type":"Feature","properties":{},"geometry":{"type":"LineString","coordinates":[[-79.1562,33.1931],[-79.1562,33.1935]]}},{"type":"Feature","properties":{},"geometry":{"type":"LineString","coordinates":[[-79.1562,33.1931],[-79.1644,33.1953]]}},{"type":"Feature","properties":{},"geometry":{"type":"LineString","coordinates":[[-79.1645,33.1949],[-79.1561,33.1939]]}},{"type":"Feature","properties":{},"geometry":{"type":"LineString","coordinates":[[-79.1645,33.1949],[-79.1643,33.1957]]}},{"type":"Feature","properties":{},"geometry":{"type":"LineString","coordinates":[[-79.1645,33.1949],[-79.1699,33.1971]]}},{"type":"Feature","properties":{},"geometry":{"type":"LineString","coordinates":[[-79.1645,33.1949],[-79.1762,33.2]]}},{"type":"Feature","properties":{},"geometry":{"type":"LineString","coordinates":[[-79.1645,33.1949],[-79.1642,33.1962]]}},{"type":"Feature","properties":{},"geometry":{"type":"LineString","coordinates":[[-79.1645,33.1949],[-79.156,33.1943]]}},{"type":"Feature","properties":{},"geometry":{"type":"LineString","coordinates":[[-79.1645,33.1949],[-79.1562,33.1935]]}},{"type":"Feature","properties":{},"geometry":{"type":"LineString","coordinates":[[-79.1645,33.1949],[-79.1644,33.1953]]}},{"type":"Feature","properties":{},"geometry":{"type":"LineString","coordinates":[[-79.8836,32.7664],[-79.8781,32.7629]]}},{"type":"Feature","properties":{},"geometry":{"type":"LineString","coordinates":[[-79.8836,32.7664],[-79.8873,32.7668]]}},{"type":"Feature","properties":{},"geometry":{"type":"LineString","coordinates":[[-79.8836,32.7664],[-79.8809,32.7628]]}},{"type":"Feature","properties":{},"geometry":{"type":"LineString","coordinates":[[-79.8836,32.7664],[-79.8776,32.7653]]}},{"type":"Feature","properties":{},"geometry":{"type":"LineString","coordinates":[[-79.8836,32.7664],[-79.8848,32.7699]]}},{"type":"Feature","properties":{},"geometry":{"type":"LineString","coordinates":[[-79.8836,32.7664],[-79.8779,32.7649]]}},{"type":"Feature","properties":{},"geometry":{"type":"LineString","coordinates":[[-79.8836,32.7664],[-79.8851,32.7695]]}},{"type":"Feature","properties":{},"geometry":{"type":"LineString","coordinates":[[-79.8836,32.7664],[-79.8845,32.7702]]}},{"type":"Feature","properties":{},"geometry":{"type":"LineString","coordinates":[[-79.8836,32.7664],[-79.8773,32.7656]]}},{"type":"Feature","properties":{},"geometry":{"type":"LineString","coordinates":[[-79.8836,32.7664],[-79.8811,32.7659]]}},{"type":"Feature","properties":{},"geometry":{"type":"LineString","coordinates":[[-79.8836,32.7664],[-79.8846,32.7661]]}},{"type":"Feature","properties":{},"geometry":{"type":"LineString","coordinates":[[-79.8836,32.7664],[-79.8844,32.7588]]}},{"type":"Feature","properties":{},"geometry":{"type":"LineString","coordinates":[[-79.8781,32.7629],[-79.8809,32.7628]]}},{"type":"Feature","properties":{},"geometry":{"type":"LineString","coordinates":[[-79.8781,32.7629],[-79.8745,32.7588]]}},{"type":"Feature","properties":{},"geometry":{"type":"LineString","coordinates":[[-79.8781,32.7629],[-79.8776,32.7653]]}},{"type":"Feature","properties":{},"geometry":{"type":"LineString","coordinates":[[-79.8781,32.7629],[-79.8707,32.7604]]}},{"type":"Feature","properties":{},"geometry":{"type":"LineString","coordinates":[[-79.8781,32.7629],[-79.8779,32.7649]]}},{"type":"Feature","properties":{},"geometry":{"type":"LineString","coordinates":[[-79.8781,32.7629],[-79.8773,32.7656]]}},{"type":"Feature","properties":{},"geometry":{"type":"LineString","coordinates":[[-79.8781,32.7629],[-79.8811,32.7659]]}},{"type":"Feature","properties":{},"geometry":{"type":"LineString","coordinates":[[-79.8781,32.7629],[-79.8771,32.7614]]}},{"type":"Feature","properties":{},"geometry":{"type":"LineString","coordinates":[[-79.8781,32.7629],[-79.8778,32.7612]]}},{"type":"Feature","properties":{},"geometry":{"type":"LineString","coordinates":[[-80.6881,32.3693],[-80.6795,32.3654]]}},{"type":"Feature","properties":{},"geometry":{"type":"LineString","coordinates":[[-80.6881,32.3693],[-80.6943,32.3719]]}},{"type":"Feature","properties":{},"geometry":{"type":"LineString","coordinates":[[-80.6881,32.3693],[-80.6946,32.3716]]}},{"type":"Feature","properties":{},"geometry":{"type":"LineString","coordinates":[[-80.6881,32.3693],[-80.6801,32.3649]]}},{"type":"Feature","properties":{},"geometry":{"type":"LineString","coordinates":[[-80.6881,32.3693],[-80.6886,32.3688]]}},{"type":"Feature","properties":{},"geometry":{"type":"LineString","coordinates":[[-80.6881,32.3693],[-80.6937,32.3725]]}},{"type":"Feature","properties":{},"geometry":{"type":"LineString","coordinates":[[-80.6881,32.3693],[-80.6884,32.369]]}},{"type":"Feature","properties":{},"geometry":{"type":"LineString","coordinates":[[-80.6881,32.3693],[-80.6797,32.3651]]}},{"type":"Feature","properties":{},"geometry":{"type":"LineString","coordinates":[[-80.6881,32.3693],[-80.694,32.3722]]}},{"type":"Feature","properties":{},"geometry":{"type":"LineString","coordinates":[[-80.6881,32.3693],[-80.6831,32.3669]]}},{"type":"Feature","properties":{},"geometry":{"type":"LineString","coordinates":[[-80.6795,32.3654],[-80.6728,32.3603]]}},{"type":"Feature","properties":{},"geometry":{"type":"LineString","coordinates":[[-80.6795,32.3654],[-80.6801,32.3649]]}},{"type":"Feature","properties":{},"geometry":{"type":"LineString","coordinates":[[-80.6795,32.3654],[-80.6886,32.3688]]}},{"type":"Feature","properties":{},"geometry":{"type":"LineString","coordinates":[[-80.6795,32.3654],[-80.6734,32.3597]]}},{"type":"Feature","properties":{},"geometry":{"type":"LineString","coordinates":[[-80.6795,32.3654],[-80.6884,32.369]]}},{"type":"Feature","properties":{},"geometry":{"type":"LineString","coordinates":[[-80.6795,32.3654],[-80.6797,32.3651]]}},{"type":"Feature","properties":{},"geometry":{"type":"LineString","coordinates":[[-80.6795,32.3654],[-80.6732,32.36]]}},{"type":"Feature","properties":{},"geometry":{"type":"LineString","coordinates":[[-80.6795,32.3654],[-80.6768,32.3661]]}},{"type":"Feature","properties":{},"geometry":{"type":"LineString","coordinates":[[-79.2794,33.3494],[-79.2833,33.3567]]}},{"type":"Feature","properties":{},"geometry":{"type":"LineString","coordinates":[[-79.2794,33.3494],[-79.2799,33.3422]]}},{"type":"Feature","properties":{},"geometry":{"type":"LineString","coordinates":[[-79.2794,33.3494],[-79.2803,33.3422]]}},{"type":"Feature","properties":{},"geometry":{"type":"LineString","coordinates":[[-79.2794,33.3494],[-79.2823,33.3564]]}},{"type":"Feature","properties":{},"geometry":{"type":"LineString","coordinates":[[-79.2794,33.3494],[-79.2784,33.3492]]}},{"type":"Feature","properties":{},"geometry":{"type":"LineString","coordinates":[[-79.2794,33.3494],[-79.2789,33.3493]]}},{"type":"Feature","properties":{},"geometry":{"type":"LineString","coordinates":[[-79.2794,33.3494],[-79.2787,33.3423]]}},{"type":"Feature","properties":{},"geometry":{"type":"LineString","coordinates":[[-79.2794,33.3494],[-79.2793,33.3423]]}},{"type":"Feature","properties":{},"geometry":{"type":"LineString","coordinates":[[-79.2794,33.3494],[-79.28,33.3494]]}},{"type":"Feature","properties":{},"geometry":{"type":"LineString","coordinates":[[-79.2794,33.3494],[-79.279,33.3498]]}},{"type":"Feature","properties":{},"geometry":{"type":"LineString","coordinates":[[-79.2833,33.3567],[-79.2817,33.3598]]}},{"type":"Feature","properties":{},"geometry":{"type":"LineString","coordinates":[[-79.2833,33.3567],[-79.2818,33.3599]]}},{"type":"Feature","properties":{},"geometry":{"type":"LineString","coordinates":[[-79.2833,33.3567],[-79.2817,33.3598]]}},{"type":"Feature","properties":{},"geometry":{"type":"LineString","coordinates":[[-79.2833,33.3567],[-79.2823,33.3564]]}},{"type":"Feature","properties":{},"geometry":{"type":"LineString","coordinates":[[-79.2833,33.3567],[-79.2828,33.3566]]}},{"type":"Feature","properties":{},"geometry":{"type":"LineString","coordinates":[[-79.2833,33.3567],[-79.2838,33.3568]]}},{"type":"Feature","properties":{},"geometry":{"type":"LineString","coordinates":[[-79.2833,33.3567],[-79.2872,33.3586]]}},{"type":"Feature","properties":{},"geometry":{"type":"LineString","coordinates":[[-79.2833,33.3567],[-79.2816,33.3597]]}},{"type":"Feature","properties":{},"geometry":{"type":"LineString","coordinates":[[-79.2833,33.3567],[-79.279,33.3498]]}},{"type":"Feature","properties":{},"geometry":{"type":"LineString","coordinates":[[-81.1424,32.1399],[-81.1411,32.1348]]}},{"type":"Feature","properties":{},"geometry":{"type":"LineString","coordinates":[[-81.1424,32.1399],[-81.142,32.1399]]}},{"type":"Feature","properties":{},"geometry":{"type":"LineString","coordinates":[[-81.1424,32.1399],[-81.1414,32.1348]]}},{"type":"Feature","properties":{},"geometry":{"type":"LineString","coordinates":[[-81.1424,32.1399],[-81.1418,32.1448]]}},{"type":"Feature","properties":{},"geometry":{"type":"LineString","coordinates":[[-81.1424,32.1399],[-81.1408,32.1349]]}},{"type":"Feature","properties":{},"geometry":{"type":"LineString","coordinates":[[-81.1424,32.1399],[-81.1414,32.1448]]}},{"type":"Feature","properties":{},"geometry":{"type":"LineString","coordinates":[[-81.1424,32.1399],[-81.1424,32.1447]]}},{"type":"Feature","properties":{},"geometry":{"type":"LineString","coordinates":[[-81.1424,32.1399],[-81.1427,32.1399]]}},{"type":"Feature","properties":{},"geometry":{"type":"LineString","coordinates":[[-81.1424,32.1399],[-81.1417,32.1399]]}},{"type":"Feature","properties":{},"geometry":{"type":"LineString","coordinates":[[-81.1424,32.1399],[-81.1412,32.1414]]}},{"type":"Feature","properties":{},"geometry":{"type":"LineString","coordinates":[[-81.1424,32.1399],[-81.1405,32.1349]]}},{"type":"Feature","properties":{},"geometry":{"type":"LineString","coordinates":[[-81.1424,32.1399],[-81.1421,32.1447]]}},{"type":"Feature","properties":{},"geometry":{"type":"LineString","coordinates":[[-79.148,33.1934],[-79.1402,33.1934]]}},{"type":"Feature","properties":{},"geometry":{"type":"LineString","coordinates":[[-79.148,33.1934],[-79.1561,33.1939]]}},{"type":"Feature","properties":{},"geometry":{"type":"LineString","coordinates":[[-79.148,33.1934],[-79.156,33.1943]]}},{"type":"Feature","properties":{},"geometry":{"type":"LineString","coordinates":[[-79.148,33.1934],[-79.1481,33.193]]}},{"type":"Feature","properties":{},"geometry":{"type":"LineString","coordinates":[[-79.148,33.1934],[-79.1402,33.193]]}},{"type":"Feature","properties":{},"geometry":{"type":"LineString","coordinates":[[-79.148,33.1934],[-79.1403,33.1926]]}},{"type":"Feature","properties":{},"geometry":{"type":"LineString","coordinates":[[-79.148,33.1934],[-79.1482,33.1926]]}},{"type":"Feature","properties":{},"geometry":{"type":"LineString","coordinates":[[-79.148,33.1934],[-79.1403,33.1922]]}},{"type":"Feature","properties":{},"geometry":{"type":"LineString","coordinates":[[-79.148,33.1934],[-79.1482,33.1922]]}},{"type":"Feature","properties":{},"geometry":{"type":"LineString","coordinates":[[-79.148,33.1934],[-79.1562,33.1935]]}},{"type":"Feature","properties":{},"geometry":{"type":"LineString","coordinates":[[-79.1402,33.1934],[-79.1323,33.1934]]}},{"type":"Feature","properties":{},"geometry":{"type":"LineString","coordinates":[[-79.1402,33.1934],[-79.1481,33.193]]}},{"type":"Feature","properties":{},"geometry":{"type":"LineString","coordinates":[[-79.1402,33.1934],[-79.1402,33.193]]}},{"type":"Feature","properties":{},"geometry":{"type":"LineString","coordinates":[[-79.1402,33.1934],[-79.1323,33.193]]}},{"type":"Feature","properties":{},"geometry":{"type":"LineString","coordinates":[[-79.1402,33.1934],[-79.1324,33.1926]]}},{"type":"Feature","properties":{},"geometry":{"type":"LineString","coordinates":[[-79.1402,33.1934],[-79.1403,33.1926]]}},{"type":"Feature","properties":{},"geometry":{"type":"LineString","coordinates":[[-79.1402,33.1934],[-79.1482,33.1926]]}},{"type":"Feature","properties":{},"geometry":{"type":"LineString","coordinates":[[-79.1402,33.1934],[-79.1324,33.1922]]}},{"type":"Feature","properties":{},"geometry":{"type":"LineString","coordinates":[[-79.1402,33.1934],[-79.1403,33.1922]]}},{"type":"Feature","properties":{},"geometry":{"type":"LineString","coordinates":[[-79.1323,33.1934],[-79.1244,33.1934]]}},{"type":"Feature","properties":{},"geometry":{"type":"LineString","coordinates":[[-79.1323,33.1934],[-79.1402,33.193]]}},{"type":"Feature","properties":{},"geometry":{"type":"LineString","coordinates":[[-79.1323,33.1934],[-79.1323,33.193]]}},{"type":"Feature","properties":{},"geometry":{"type":"LineString","coordinates":[[-79.1323,33.1934],[-79.1244,33.193]]}},{"type":"Feature","properties":{},"geometry":{"type":"LineString","coordinates":[[-79.1323,33.1934],[-79.1245,33.1926]]}},{"type":"Feature","properties":{},"geometry":{"type":"LineString","coordinates":[[-79.1323,33.1934],[-79.1324,33.1926]]}},{"type":"Feature","properties":{},"geometry":{"type":"LineString","coordinates":[[-79.1323,33.1934],[-79.1403,33.1926]]}},{"type":"Feature","properties":{},"geometry":{"type":"LineString","coordinates":[[-79.1323,33.1934],[-79.1245,33.1922]]}},{"type":"Feature","properties":{},"geometry":{"type":"LineString","coordinates":[[-79.1323,33.1934],[-79.1324,33.1922]]}},{"type":"Feature","properties":{},"geometry":{"type":"LineString","coordinates":[[-79.1244,33.1934],[-79.1166,33.1934]]}},{"type":"Feature","properties":{},"geometry":{"type":"LineString","coordinates":[[-79.1244,33.1934],[-79.1323,33.193]]}},{"type":"Feature","properties":{},"geometry":{"type":"LineString","coordinates":[[-79.1244,33.1934],[-79.1244,33.193]]}},{"type":"Feature","properties":{},"geometry":{"type":"LineString","coordinates":[[-79.1244,33.1934],[-79.1166,33.193]]}},{"type":"Feature","properties":{},"geometry":{"type":"LineString","coordinates":[[-79.1244,33.1934],[-79.1087,33.193]]}},{"type":"Feature","properties":{},"geometry":{"type":"LineString","coordinates":[[-79.1244,33.1934],[-79.1087,33.1926]]}},{"type":"Feature","properties":{},"geometry":{"type":"LineString","coordinates":[[-79.1244,33.1934],[-79.1166,33.1926]]}},{"type":"Feature","properties":{},"geometry":{"type":"LineString","coordinates":[[-79.1244,33.1934],[-79.1245,33.1926]]}},{"type":"Feature","properties":{},"geometry":{"type":"LineString","coordinates":[[-79.1244,33.1934],[-79.1324,33.1926]]}},{"type":"Feature","properties":{},"geometry":{"type":"LineString","coordinates":[[-79.1244,33.1934],[-79.1087,33.1922]]}},{"type":"Feature","properties":{},"geometry":{"type":"LineString","coordinates":[[-79.1244,33.1934],[-79.1166,33.1922]]}},{"type":"Feature","properties":{},"geometry":{"type":"LineString","coordinates":[[-79.1244,33.1934],[-79.1245,33.1922]]}},{"type":"Feature","properties":{},"geometry":{"type":"LineString","coordinates":[[-79.1166,33.1934],[-79.1087,33.1934]]}},{"type":"Feature","properties":{},"geometry":{"type":"LineString","coordinates":[[-79.1166,33.1934],[-79.1244,33.193]]}},{"type":"Feature","properties":{},"geometry":{"type":"LineString","coordinates":[[-79.1166,33.1934],[-79.1166,33.193]]}},{"type":"Feature","properties":{},"geometry":{"type":"LineString","coordinates":[[-79.1166,33.1934],[-79.1087,33.193]]}},{"type":"Feature","properties":{},"geometry":{"type":"LineString","coordinates":[[-79.1166,33.1934],[-79.1087,33.1926]]}},{"type":"Feature","properties":{},"geometry":{"type":"LineString","coordinates":[[-79.1166,33.1934],[-79.1166,33.1926]]}},{"type":"Feature","properties":{},"geometry":{"type":"LineString","coordinates":[[-79.1166,33.1934],[-79.1245,33.1926]]}},{"type":"Feature","properties":{},"geometry":{"type":"LineString","coordinates":[[-79.1166,33.1934],[-79.1087,33.1922]]}},{"type":"Feature","properties":{},"geometry":{"type":"LineString","coordinates":[[-79.1166,33.1934],[-79.1166,33.1922]]}},{"type":"Feature","properties":{},"geometry":{"type":"LineString","coordinates":[[-79.1087,33.1934],[-79.1244,33.193]]}},{"type":"Feature","properties":{},"geometry":{"type":"LineString","coordinates":[[-79.1087,33.1934],[-79.1166,33.193]]}},{"type":"Feature","properties":{},"geometry":{"type":"LineString","coordinates":[[-79.1087,33.1934],[-79.1087,33.193]]}},{"type":"Feature","properties":{},"geometry":{"type":"LineString","coordinates":[[-79.1087,33.1934],[-79.1087,33.1926]]}},{"type":"Feature","properties":{},"geometry":{"type":"LineString","coordinates":[[-79.1087,33.1934],[-79.1166,33.1926]]}},{"type":"Feature","properties":{},"geometry":{"type":"LineString","coordinates":[[-79.1087,33.1934],[-79.1245,33.1926]]}},{"type":"Feature","properties":{},"geometry":{"type":"LineString","coordinates":[[-79.1087,33.1934],[-79.1087,33.1922]]}},{"type":"Feature","properties":{},"geometry":{"type":"LineString","coordinates":[[-79.1087,33.1934],[-79.1166,33.1922]]}},{"type":"Feature","properties":{},"geometry":{"type":"LineString","coordinates":[[-80.9777,32.0751],[-80.9697,32.0731]]}},{"type":"Feature","properties":{},"geometry":{"type":"LineString","coordinates":[[-80.9777,32.0751],[-80.9839,32.0792]]}},{"type":"Feature","properties":{},"geometry":{"type":"LineString","coordinates":[[-80.9777,32.0751],[-80.9774,32.0755]]}},{"type":"Feature","properties":{},"geometry":{"type":"LineString","coordinates":[[-80.9777,32.0751],[-80.9694,32.0735]]}},{"type":"Feature","properties":{},"geometry":{"type":"LineString","coordinates":[[-80.9777,32.0751],[-80.9843,32.0789]]}},{"type":"Feature","properties":{},"geometry":{"type":"LineString","coordinates":[[-80.9777,32.0751],[-80.9771,32.0758]]}},{"type":"Feature","properties":{},"geometry":{"type":"LineString","coordinates":[[-80.9777,32.0751],[-80.9808,32.0682]]}},{"type":"Feature","properties":{},"geometry":{"type":"LineString","coordinates":[[-80.9777,32.0751],[-80.9836,32.0796]]}},{"type":"Feature","properties":{},"geometry":{"type":"LineString","coordinates":[[-80.9777,32.0751],[-80.9769,32.0761]]}},{"type":"Feature","properties":{},"geometry":{"type":"LineString","coordinates":[[-80.9777,32.0751],[-80.9833,32.08]]}},{"type":"Feature","properties":{},"geometry":{"type":"LineString","coordinates":[[-80.9777,32.0751],[-80.9812,32.0769]]}},{"type":"Feature","properties":{},"geometry":{"type":"LineString","coordinates":[[-80.9697,32.0731],[-80.9617,32.0711]]}},{"type":"Feature","properties":{},"geometry":{"type":"LineString","coordinates":[[-80.9697,32.0731],[-80.9774,32.0755]]}},{"type":"Feature","properties":{},"geometry":{"type":"LineString","coordinates":[[-80.9697,32.0731],[-80.9694,32.0735]]}},{"type":"Feature","properties":{},"geometry":{"type":"LineString","coordinates":[[-80.9697,32.0731],[-80.9614,32.0715]]}},{"type":"Feature","properties":{},"geometry":{"type":"LineString","coordinates":[[-80.9697,32.0731],[-80.9771,32.0758]]}},{"type":"Feature","properties":{},"geometry":{"type":"LineString","coordinates":[[-80.9697,32.0731],[-80.9691,32.0739]]}},{"type":"Feature","properties":{},"geometry":{"type":"LineString","coordinates":[[-80.9697,32.0731],[-80.9612,32.0719]]}},{"type":"Feature","properties":{},"geometry":{"type":"LineString","coordinates":[[-80.9697,32.0731],[-80.9769,32.0761]]}},{"type":"Feature","properties":{},"geometry":{"type":"LineString","coordinates":[[-80.9697,32.0731],[-80.9689,32.0743]]}},{"type":"Feature","properties":{},"geometry":{"type":"LineString","coordinates":[[-80.9697,32.0731],[-80.9687,32.0728]]}},{"type":"Feature","properties":{},"geometry":{"type":"LineString","coordinates":[[-80.9617,32.0711],[-80.9543,32.0682]]}},{"type":"Feature","properties":{},"geometry":{"type":"LineString","coordinates":[[-80.9617,32.0711],[-80.9694,32.0735]]}},{"type":"Feature","properties":{},"geometry":{"type":"LineString","coordinates":[[-80.9617,32.0711],[-80.9614,32.0715]]}},{"type":"Feature","properties":{},"geometry":{"type":"LineString","coordinates":[[-80.9617,32.0711],[-80.9572,32.0748]]}},{"type":"Feature","properties":{},"geometry":{"type":"LineString","coordinates":[[-80.9617,32.0711],[-80.9504,32.0774]]}},{"type":"Feature","properties":{},"geometry":{"type":"LineString","coordinates":[[-80.9617,32.0711],[-80.9691,32.0739]]}},{"type":"Feature","properties":{},"geometry":{"type":"LineString","coordinates":[[-80.9617,32.0711],[-80.9612,32.0719]]}},{"type":"Feature","properties":{},"geometry":{"type":"LineString","coordinates":[[-80.9617,32.0711],[-80.9689,32.0743]]}},{"type":"Feature","properties":{},"geometry":{"type":"LineString","coordinates":[[-80.9617,32.0711],[-80.9608,32.0725]]}},{"type":"Feature","properties":{},"geometry":{"type":"LineString","coordinates":[[-80.9617,32.0711],[-80.9545,32.0678]]}},{"type":"Feature","properties":{},"geometry":{"type":"LineString","coordinates":[[-80.9617,32.0711],[-80.9621,32.0728]]}},{"type":"Feature","properties":{},"geometry":{"type":"LineString","coordinates":[[-80.9254,32.0419],[-80.9312,32.0472]]}},{"type":"Feature","properties":{},"geometry":{"type":"LineString","coordinates":[[-80.9254,32.0419],[-80.9191,32.0385]]}},{"type":"Feature","properties":{},"geometry":{"type":"LineString","coordinates":[[-80.9254,32.0419],[-80.9251,32.0425]]}},{"type":"Feature","properties":{},"geometry":{"type":"LineString","coordinates":[[-80.9254,32.0419],[-80.9309,32.0478]]}},{"type":"Feature","properties":{},"geometry":{"type":"LineString","coordinates":[[-80.9254,32.0419],[-80.9189,32.0388]]}},{"type":"Feature","properties":{},"geometry":{"type":"LineString","coordinates":[[-80.9254,32.0419],[-80.9193,32.0381]]}},{"type":"Feature","properties":{},"geometry":{"type":"LineString","coordinates":[[-80.9254,32.0419],[-80.9186,32.0391]]}},{"type":"Feature","properties":{},"geometry":{"type":"LineString","coordinates":[[-80.9254,32.0419],[-80.9256,32.0416]]}},{"type":"Feature","properties":{},"geometry":{"type":"LineString","coordinates":[[-80.9254,32.0419],[-80.9314,32.0469]]}},{"type":"Feature","properties":{},"geometry":{"type":"LineString","coordinates":[[-80.9254,32.0419],[-80.9253,32.0422]]}},{"type":"Feature","properties":{},"geometry":{"type":"LineString","coordinates":[[-80.9254,32.0419],[-80.931,32.0475]]}},{"type":"Feature","properties":{},"geometry":{"type":"LineString","coordinates":[[-80.9312,32.0472],[-80.937,32.0524]]}},{"type":"Feature","properties":{},"geometry":{"type":"LineString","coordinates":[[-80.9312,32.0472],[-80.9251,32.0425]]}},{"type":"Feature","properties":{},"geometry":{"type":"LineString","coordinates":[[-80.9312,32.0472],[-80.9309,32.0478]]}},{"type":"Feature","properties":{},"geometry":{"type":"LineString","coordinates":[[-80.9312,32.0472],[-80.9366,32.0531]]}},{"type":"Feature","properties":{},"geometry":{"type":"LineString","coordinates":[[-80.9312,32.0472],[-80.9256,32.0416]]}},{"type":"Feature","properties":{},"geometry":{"type":"LineString","coordinates":[[-80.9312,32.0472],[-80.9314,32.0469]]}},{"type":"Feature","properties":{},"geometry":{"type":"LineString","coordinates":[[-80.9312,32.0472],[-80.9372,32.0521]]}},{"type":"Feature","properties":{},"geometry":{"type":"LineString","coordinates":[[-80.9312,32.0472],[-80.9253,32.0422]]}},{"type":"Feature","properties":{},"geometry":{"type":"LineString","coordinates":[[-80.9312,32.0472],[-80.931,32.0475]]}},{"type":"Feature","properties":{},"geometry":{"type":"LineString","coordinates":[[-80.9312,32.0472],[-80.9368,32.0527]]}},{"type":"Feature","properties":{},"geometry":{"type":"LineString","coordinates":[[-80.937,32.0524],[-80.9428,32.0577]]}},{"type":"Feature","properties":{},"geometry":{"type":"LineString","coordinates":[[-80.937,32.0524],[-80.9309,32.0478]]}},{"type":"Feature","properties":{},"geometry":{"type":"LineString","coordinates":[[-80.937,32.0524],[-80.9366,32.0531]]}},{"type":"Feature","properties":{},"geometry":{"type":"LineString","coordinates":[[-80.937,32.0524],[-80.9423,32.0584]]}},{"type":"Feature","properties":{},"geometry":{"type":"LineString","coordinates":[[-80.937,32.0524],[-80.9314,32.0469]]}},{"type":"Feature","properties":{},"geometry":{"type":"LineString","coordinates":[[-80.937,32.0524],[-80.9372,32.0521]]}},{"type":"Feature","properties":{},"geometry":{"type":"LineString","coordinates":[[-80.937,32.0524],[-80.943,32.0573]]}},{"type":"Feature","properties":{},"geometry":{"type":"LineString","coordinates":[[-80.937,32.0524],[-80.931,32.0475]]}},{"type":"Feature","properties":{},"geometry":{"type":"LineString","coordinates":[[-80.937,32.0524],[-80.9368,32.0527]]}},{"type":"Feature","properties":{},"geometry":{"type":"LineString","coordinates":[[-80.937,32.0524],[-80.9426,32.058]]}},{"type":"Feature","properties":{},"geometry":{"type":"LineString","coordinates":[[-80.9428,32.0577],[-80.9485,32.0629]]}},{"type":"Feature","properties":{},"geometry":{"type":"LineString","coordinates":[[-80.9428,32.0577],[-80.9366,32.0531]]}},{"type":"Feature","properties":{},"geometry":{"type":"LineString","coordinates":[[-80.9428,32.0577],[-80.9423,32.0584]]}},{"type":"Feature","properties":{},"geometry":{"type":"LineString","coordinates":[[-80.9428,32.0577],[-80.9481,32.0637]]}},{"type":"Feature","properties":{},"geometry":{"type":"LineString","coordinates":[[-80.9428,32.0577],[-80.9372,32.0521]]}},{"type":"Feature","properties":{},"geometry":{"type":"LineString","coordinates":[[-80.9428,32.0577],[-80.943,32.0573]]}},{"type":"Feature","properties":{},"geometry":{"type":"LineString","coordinates":[[-80.9428,32.0577],[-80.9488,32.0626]]}},{"type":"Feature","properties":{},"geometry":{"type":"LineString","coordinates":[[-80.9428,32.0577],[-80.9368,32.0527]]}},{"type":"Feature","properties":{},"geometry":{"type":"LineString","coordinates":[[-80.9428,32.0577],[-80.9426,32.058]]}},{"type":"Feature","properties":{},"geometry":{"type":"LineString","coordinates":[[-80.9428,32.0577],[-80.9483,32.0633]]}},{"type":"Feature","properties":{},"geometry":{"type":"LineString","coordinates":[[-80.9485,32.0629],[-80.9543,32.0682]]}},{"type":"Feature","properties":{},"geometry":{"type":"LineString","coordinates":[[-80.9485,32.0629],[-80.9423,32.0584]]}},{"type":"Feature","properties":{},"geometry":{"type":"LineString","coordinates":[[-80.9485,32.0629],[-80.9481,32.0637]]}},{"type":"Feature","properties":{},"geometry":{"type":"LineString","coordinates":[[-80.9485,32.0629],[-80.943,32.0573]]}},{"type":"Feature","properties":{},"geometry":{"type":"LineString","coordinates":[[-80.9485,32.0629],[-80.9488,32.0626]]}},{"type":"Feature","properties":{},"geometry":{"type":"LineString","coordinates":[[-80.9485,32.0629],[-80.9545,32.0678]]}},{"type":"Feature","properties":{},"geometry":{"type":"LineString","coordinates":[[-80.9485,32.0629],[-80.9426,32.058]]}},{"type":"Feature","properties":{},"geometry":{"type":"LineString","coordinates":[[-80.9485,32.0629],[-80.9483,32.0633]]}},{"type":"Feature","properties":{},"geometry":{"type":"LineString","coordinates":[[-80.9485,32.0629],[-80.9541,32.0686]]}},{"type":"Feature","properties":{},"geometry":{"type":"LineString","coordinates":[[-80.9543,32.0682],[-80.9481,32.0637]]}},{"type":"Feature","properties":{},"geometry":{"type":"LineString","coordinates":[[-80.9543,32.0682],[-80.9538,32.069]]}},{"type":"Feature","properties":{},"geometry":{"type":"LineString","coordinates":[[-80.9543,32.0682],[-80.9614,32.0715]]}},{"type":"Feature","properties":{},"geometry":{"type":"LineString","coordinates":[[-80.9543,32.0682],[-80.9572,32.0748]]}},{"type":"Feature","properties":{},"geometry":{"type":"LineString","coordinates":[[-80.9543,32.0682],[-80.9504,32.0774]]}},{"type":"Feature","properties":{},"geometry":{"type":"LineString","coordinates":[[-80.9543,32.0682],[-80.9612,32.0719]]}},{"type":"Feature","properties":{},"geometry":{"type":"LineString","coordinates":[[-80.9543,32.0682],[-80.9608,32.0725]]}},{"type":"Feature","properties":{},"geometry":{"type":"LineString","coordinates":[[-80.9543,32.0682],[-80.9488,32.0626]]}},{"type":"Feature","properties":{},"geometry":{"type":"LineString","coordinates":[[-80.9543,32.0682],[-80.9545,32.0678]]}},{"type":"Feature","properties":{},"geometry":{"type":"LineString","coordinates":[[-80.9543,32.0682],[-80.9483,32.0633]]}},{"type":"Feature","properties":{},"geometry":{"type":"LineString","coordinates":[[-80.9543,32.0682],[-80.9541,32.0686]]}},{"type":"Feature","properties":{},"geometry":{"type":"LineString","coordinates":[[-80.9543,32.0682],[-80.9621,32.0728]]}},{"type":"Feature","properties":{},"geometry":{"type":"LineString","coordinates":[[-80.6943,32.3719],[-80.6946,32.3716]]}},{"type":"Feature","properties":{},"geometry":{"type":"LineString","coordinates":[[-80.6943,32.3719],[-80.6886,32.3688]]}},{"type":"Feature","properties":{},"geometry":{"type":"LineString","coordinates":[[-80.6943,32.3719],[-80.6937,32.3725]]}},{"type":"Feature","properties":{},"geometry":{"type":"LineString","coordinates":[[-80.6943,32.3719],[-80.6884,32.369]]}},{"type":"Feature","properties":{},"geometry":{"type":"LineString","coordinates":[[-80.6943,32.3719],[-80.694,32.3722]]}},{"type":"Feature","properties":{},"geometry":{"type":"LineString","coordinates":[[-80.6943,32.3719],[-80.6831,32.3669]]}},{"type":"Feature","properties":{},"geometry":{"type":"LineString","coordinates":[[-79.9622,32.8671],[-79.957,32.8608]]}},{"type":"Feature","properties":{},"geometry":{"type":"LineString","coordinates":[[-79.9622,32.8671],[-79.9649,32.874]]}},{"type":"Feature","properties":{},"geometry":{"type":"LineString","coordinates":[[-79.9622,32.8671],[-79.9644,32.8741]]}},{"type":"Feature","properties":{},"geometry":{"type":"LineString","coordinates":[[-79.9622,32.8671],[-79.9614,32.8676]]}},{"type":"Feature","properties":{},"geometry":{"type":"LineString","coordinates":[[-79.9622,32.8671],[-79.9618,32.8673]]}},{"type":"Feature","properties":{},"geometry":{"type":"LineString","coordinates":[[-79.957,32.8608],[-79.9574,32.8605],[-79.9614,32.8676]]}},{"type":"Feature","properties":{},"geometry":{"type":"LineString","coordinates":[[-79.957,32.8608],[-79.9614,32.8676]]}},{"type":"Feature","properties":{},"geometry":{"type":"LineString","coordinates":[[-79.9288,32.8218],[-79.9293,32.8161]]}},{"type":"Feature","properties":{},"geometry":{"type":"LineString","coordinates":[[-79.9288,32.8218],[-79.9296,32.8215]]}},{"type":"Feature","properties":{},"geometry":{"type":"LineString","coordinates":[[-79.9288,32.8218],[-79.9279,32.8221]]}},{"type":"Feature","properties":{},"geometry":{"type":"LineString","coordinates":[[-79.9288,32.8218],[-79.9297,32.8166]]}},{"type":"Feature","properties":{},"geometry":{"type":"LineString","coordinates":[[-79.9288,32.8218],[-79.924,32.817]]}},{"type":"Feature","properties":{},"geometry":{"type":"LineString","coordinates":[[-79.9288,32.8218],[-79.9287,32.8154]]}},{"type":"Feature","properties":{},"geometry":{"type":"LineString","coordinates":[[-79.9288,32.8218],[-79.9271,32.8225]]}},{"type":"Feature","properties":{},"geometry":{"type":"LineString","coordinates":[[-79.9288,32.8218],[-79.929,32.8157]]}},{"type":"Feature","properties":{},"geometry":{"type":"LineString","coordinates":[[-81.0524,32.0794],[-81.049,32.0808]]}},{"type":"Feature","properties":{},"geometry":{"type":"LineString","coordinates":[[-81.0524,32.0794],[-81.0563,32.0804]]}},{"type":"Feature","properties":{},"geometry":{"type":"LineString","coordinates":[[-81.0524,32.0794],[-81.0492,32.0814]]}},{"type":"Feature","properties":{},"geometry":{"type":"LineString","coordinates":[[-81.0524,32.0794],[-81.0564,32.081]]}},{"type":"Feature","properties":{},"geometry":{"type":"LineString","coordinates":[[-81.0524,32.0794],[-81.047,32.0794]]}},{"type":"Feature","properties":{},"geometry":{"type":"LineString","coordinates":[[-81.0524,32.0794],[-81.0489,32.0803]]}},{"type":"Feature","properties":{},"geometry":{"type":"LineString","coordinates":[[-81.0524,32.0794],[-81.0562,32.08]]}},{"type":"Feature","properties":{},"geometry":{"type":"LineString","coordinates":[[-81.0524,32.0794],[-81.0472,32.0796]]}},{"type":"Feature","properties":{},"geometry":{"type":"LineString","coordinates":[[-81.0524,32.0794],[-81.0491,32.0811]]}},{"type":"Feature","properties":{},"geometry":{"type":"LineString","coordinates":[[-81.0524,32.0794],[-81.0563,32.0807]]}},{"type":"Feature","properties":{},"geometry":{"type":"LineString","coordinates":[[-79.8873,32.7668],[-79.8809,32.7628]]}},{"type":"Feature","properties":{},"geometry":{"type":"LineString","coordinates":[[-79.8873,32.7668],[-79.8984,32.7582]]}},{"type":"Feature","properties":{},"geometry":{"type":"LineString","coordinates":[[-79.8873,32.7668],[-79.8848,32.7699]]}},{"type":"Feature","properties":{},"geometry":{"type":"LineString","coordinates":[[-79.8873,32.7668],[-79.8851,32.7695]]}},{"type":"Feature","properties":{},"geometry":{"type":"LineString","coordinates":[[-79.8873,32.7668],[-79.8845,32.7702]]}},{"type":"Feature","properties":{},"geometry":{"type":"LineString","coordinates":[[-79.8873,32.7668],[-79.901,32.7605]]}},{"type":"Feature","properties":{},"geometry":{"type":"LineString","coordinates":[[-79.8873,32.7668],[-79.8924,32.7733]]}},{"type":"Feature","properties":{},"geometry":{"type":"LineString","coordinates":[[-79.8873,32.7668],[-79.8811,32.7659]]}},{"type":"Feature","properties":{},"geometry":{"type":"LineString","coordinates":[[-79.8873,32.7668],[-79.8993,32.759]]}},{"type":"Feature","properties":{},"geometry":{"type":"LineString","coordinates":[[-79.8873,32.7668],[-79.8846,32.7661]]}},{"type":"Feature","properties":{},"geometry":{"type":"LineString","coordinates":[[-79.8873,32.7668],[-79.8869,32.7588]]}},{"type":"Feature","properties":{},"geometry":{"type":"LineString","coordinates":[[-79.8809,32.7628],[-79.8745,32.7588]]}},{"type":"Feature","properties":{},"geometry":{"type":"LineString","coordinates":[[-79.8809,32.7628],[-79.8776,32.7653]]}},{"type":"Feature","properties":{},"geometry":{"type":"LineString","coordinates":[[-79.8809,32.7628],[-79.8848,32.7699]]}},{"type":"Feature","properties":{},"geometry":{"type":"LineString","coordinates":[[-79.8809,32.7628],[-79.8779,32.7649]]}},{"type":"Feature","properties":{},"geometry":{"type":"LineString","coordinates":[[-79.8809,32.7628],[-79.8851,32.7695]]}},{"type":"Feature","properties":{},"geometry":{"type":"LineString","coordinates":[[-79.8809,32.7628],[-79.8773,32.7656]]}},{"type":"Feature","properties":{},"geometry":{"type":"LineString","coordinates":[[-79.8809,32.7628],[-79.8811,32.7659]]}},{"type":"Feature","properties":{},"geometry":{"type":"LineString","coordinates":[[-79.8809,32.7628],[-79.8846,32.7661]]}},{"type":"Feature","properties":{},"geometry":{"type":"LineString","coordinates":[[-79.8809,32.7628],[-79.8771,32.7614]]}},{"type":"Feature","properties":{},"geometry":{"type":"LineString","coordinates":[[-79.8809,32.7628],[-79.8778,32.7612]]}},{"type":"Feature","properties":{},"geometry":{"type":"LineString","coordinates":[[-79.8745,32.7588],[-79.8704,32.7607]]}},{"type":"Feature","properties":{},"geometry":{"type":"LineString","coordinates":[[-79.8745,32.7588],[-79.8776,32.7653]]}},{"type":"Feature","properties":{},"geometry":{"type":"LineString","coordinates":[[-79.8745,32.7588],[-79.8707,32.7604]]}},{"type":"Feature","properties":{},"geometry":{"type":"LineString","coordinates":[[-79.8745,32.7588],[-79.8779,32.7649]]}},{"type":"Feature","properties":{},"geometry":{"type":"LineString","coordinates":[[-79.8745,32.7588],[-79.8701,32.761]]}},{"type":"Feature","properties":{},"geometry":{"type":"LineString","coordinates":[[-79.8745,32.7588],[-79.8771,32.7614]]}},{"type":"Feature","properties":{},"geometry":{"type":"LineString","coordinates":[[-79.8745,32.7588],[-79.8778,32.7612]]}},{"type":"Feature","properties":{},"geometry":{"type":"LineString","coordinates":[[-79.197,33.235],[-79.2028,33.2415]]}},{"type":"Feature","properties":{},"geometry":{"type":"LineString","coordinates":[[-79.197,33.235],[-79.1967,33.2352]]}},{"type":"Feature","properties":{},"geometry":{"type":"LineString","coordinates":[[-79.197,33.235],[-79.2026,33.2416]]}},{"type":"Feature","properties":{},"geometry":{"type":"LineString","coordinates":[[-79.197,33.235],[-79.1926,33.2278]]}},{"type":"Feature","properties":{},"geometry":{"type":"LineString","coordinates":[[-79.197,33.235],[-79.1923,33.228]]}},{"type":"Feature","properties":{},"geometry":{"type":"LineString","coordinates":[[-79.197,33.235],[-79.1918,33.2282]]}},{"type":"Feature","properties":{},"geometry":{"type":"LineString","coordinates":[[-79.197,33.235],[-79.202,33.2419]]}},{"type":"Feature","properties":{},"geometry":{"type":"LineString","coordinates":[[-79.197,33.235],[-79.1962,33.2355]]}},{"type":"Feature","properties":{},"geometry":{"type":"LineString","coordinates":[[-79.197,33.235],[-79.192,33.2281]]}},{"type":"Feature","properties":{},"geometry":{"type":"LineString","coordinates":[[-79.2028,33.2415],[-79.2087,33.2479]]}},{"type":"Feature","properties":{},"geometry":{"type":"LineString","coordinates":[[-79.2028,33.2415],[-79.1967,33.2352]]}},{"type":"Feature","properties":{},"geometry":{"type":"LineString","coordinates":[[-79.2028,33.2415],[-79.2026,33.2416]]}},{"type":"Feature","properties":{},"geometry":{"type":"LineString","coordinates":[[-79.2028,33.2415],[-79.2084,33.248]]}},{"type":"Feature","properties":{},"geometry":{"type":"LineString","coordinates":[[-79.2028,33.2415],[-79.2079,33.2484]]}},{"type":"Feature","properties":{},"geometry":{"type":"LineString","coordinates":[[-79.2028,33.2415],[-79.202,33.2419]]}},{"type":"Feature","properties":{},"geometry":{"type":"LineString","coordinates":[[-79.2087,33.2479],[-79.2026,33.2416]]}},{"type":"Feature","properties":{},"geometry":{"type":"LineString","coordinates":[[-79.2087,33.2479],[-79.2084,33.248]]}},{"type":"Feature","properties":{},"geometry":{"type":"LineString","coordinates":[[-79.2087,33.2479],[-79.2149,33.2534]]}},{"type":"Feature","properties":{},"geometry":{"type":"LineString","coordinates":[[-79.2087,33.2479],[-79.2145,33.2535]]}},{"type":"Feature","properties":{},"geometry":{"type":"LineString","coordinates":[[-79.2087,33.2479],[-79.2147,33.2535]]}},{"type":"Feature","properties":{},"geometry":{"type":"LineString","coordinates":[[-79.2087,33.2479],[-79.2079,33.2484]]}},{"type":"Feature","properties":{},"geometry":{"type":"LineString","coordinates":[[-79.2087,33.2479],[-79.2149,33.2536]]}},{"type":"Feature","properties":{},"geometry":{"type":"LineString","coordinates":[[-79.1561,33.1939],[-79.1643,33.1957]]}},{"type":"Feature","properties":{},"geometry":{"type":"LineString","coordinates":[[-79.1561,33.1939],[-79.1642,33.1962]]}},{"type":"Feature","properties":{},"geometry":{"type":"LineString","coordinates":[[-79.1561,33.1939],[-79.156,33.1943]]}},{"type":"Feature","properties":{},"geometry":{"type":"LineString","coordinates":[[-79.1561,33.1939],[-79.1481,33.193]]}},{"type":"Feature","properties":{},"geometry":{"type":"LineString","coordinates":[[-79.1561,33.1939],[-79.1482,33.1926]]}},{"type":"Feature","properties":{},"geometry":{"type":"LineString","coordinates":[[-79.1561,33.1939],[-79.1482,33.1922]]}},{"type":"Feature","properties":{},"geometry":{"type":"LineString","coordinates":[[-79.1561,33.1939],[-79.1562,33.1935]]}},{"type":"Feature","properties":{},"geometry":{"type":"LineString","coordinates":[[-79.1561,33.1939],[-79.1644,33.1953]]}},{"type":"Feature","properties":{},"geometry":{"type":"LineString","coordinates":[[-79.1643,33.1957],[-79.1699,33.1971]]}},{"type":"Feature","properties":{},"geometry":{"type":"LineString","coordinates":[[-79.1643,33.1957],[-79.1762,33.2]]}},{"type":"Feature","properties":{},"geometry":{"type":"LineString","coordinates":[[-79.1643,33.1957],[-79.1642,33.1962]]}},{"type":"Feature","properties":{},"geometry":{"type":"LineString","coordinates":[[-79.1643,33.1957],[-79.156,33.1943]]}},{"type":"Feature","properties":{},"geometry":{"type":"LineString","coordinates":[[-79.1643,33.1957],[-79.1562,33.1935]]}},{"type":"Feature","properties":{},"geometry":{"type":"LineString","coordinates":[[-79.1643,33.1957],[-79.1644,33.1953]]}},{"type":"Feature","properties":{},"geometry":{"type":"LineString","coordinates":[[-80.5929,32.166],[-80.592,32.1585]]}},{"type":"Feature","properties":{},"geometry":{"type":"LineString","coordinates":[[-80.5929,32.166],[-80.5925,32.1662]]}},{"type":"Feature","properties":{},"geometry":{"type":"LineString","coordinates":[[-80.5929,32.166],[-80.5916,32.1586]]}},{"type":"Feature","properties":{},"geometry":{"type":"LineString","coordinates":[[-80.5929,32.166],[-80.5951,32.1731]]}},{"type":"Feature","properties":{},"geometry":{"type":"LineString","coordinates":[[-80.5929,32.166],[-80.5947,32.1732]]}},{"type":"Feature","properties":{},"geometry":{"type":"LineString","coordinates":[[-80.5929,32.166],[-80.5933,32.166]]}},{"type":"Feature","properties":{},"geometry":{"type":"LineString","coordinates":[[-80.5929,32.166],[-80.5924,32.1584]]}},{"type":"Feature","properties":{},"geometry":{"type":"LineString","coordinates":[[-80.5929,32.166],[-80.5959,32.1729]]}},{"type":"Feature","properties":{},"geometry":{"type":"LineString","coordinates":[[-80.5929,32.166],[-80.5955,32.173]]}},{"type":"Feature","properties":{},"geometry":{"type":"LineString","coordinates":[[-80.5929,32.166],[-80.5912,32.1587]]}},{"type":"Feature","properties":{},"geometry":{"type":"LineString","coordinates":[[-80.5929,32.166],[-80.5921,32.1663]]}},{"type":"Feature","properties":{},"geometry":{"type":"LineString","coordinates":[[-80.592,32.1585],[-80.5912,32.1509]]}},{"type":"Feature","properties":{},"geometry":{"type":"LineString","coordinates":[[-80.592,32.1585],[-80.5925,32.1662]]}},{"type":"Feature","properties":{},"geometry":{"type":"LineString","coordinates":[[-80.592,32.1585],[-80.5916,32.1586]]}},{"type":"Feature","properties":{},"geometry":{"type":"LineString","coordinates":[[-80.592,32.1585],[-80.5908,32.151]]}},{"type":"Feature","properties":{},"geometry":{"type":"LineString","coordinates":[[-80.592,32.1585],[-80.5933,32.166]]}},{"type":"Feature","properties":{},"geometry":{"type":"LineString","coordinates":[[-80.592,32.1585],[-80.5924,32.1584]]}},{"type":"Feature","properties":{},"geometry":{"type":"LineString","coordinates":[[-80.592,32.1585],[-80.5915,32.1508]]}},{"type":"Feature","properties":{},"geometry":{"type":"LineString","coordinates":[[-80.592,32.1585],[-80.5904,32.1511]]}},{"type":"Feature","properties":{},"geometry":{"type":"LineString","coordinates":[[-80.592,32.1585],[-80.5912,32.1587]]}},{"type":"Feature","properties":{},"geometry":{"type":"LineString","coordinates":[[-80.5912,32.1509],[-80.5903,32.1433]]}},{"type":"Feature","properties":{},"geometry":{"type":"LineString","coordinates":[[-80.5912,32.1509],[-80.5916,32.1586]]}},{"type":"Feature","properties":{},"geometry":{"type":"LineString","coordinates":[[-80.5912,32.1509],[-80.5908,32.151]]}},{"type":"Feature","properties":{},"geometry":{"type":"LineString","coordinates":[[-80.5912,32.1509],[-80.5899,32.1434]]}},{"type":"Feature","properties":{},"geometry":{"type":"LineString","coordinates":[[-80.5912,32.1509],[-80.5924,32.1584]]}},{"type":"Feature","properties":{},"geometry":{"type":"LineString","coordinates":[[-80.5912,32.1509],[-80.5915,32.1508]]}},{"type":"Feature","properties":{},"geometry":{"type":"LineString","coordinates":[[-80.5912,32.1509],[-80.5907,32.1432]]}},{"type":"Feature","properties":{},"geometry":{"type":"LineString","coordinates":[[-80.5912,32.1509],[-80.5895,32.1435]]}},{"type":"Feature","properties":{},"geometry":{"type":"LineString","coordinates":[[-80.5912,32.1509],[-80.5904,32.1511]]}},{"type":"Feature","properties":{},"geometry":{"type":"LineString","coordinates":[[-80.5912,32.1509],[-80.5912,32.1587]]}},{"type":"Feature","properties":{},"geometry":{"type":"LineString","coordinates":[[-80.5903,32.1433],[-80.5894,32.1357]]}},{"type":"Feature","properties":{},"geometry":{"type":"LineString","coordinates":[[-80.5903,32.1433],[-80.5908,32.151]]}},{"type":"Feature","properties":{},"geometry":{"type":"LineString","coordinates":[[-80.5903,32.1433],[-80.5899,32.1434]]}},{"type":"Feature","properties":{},"geometry":{"type":"LineString","coordinates":[[-80.5903,32.1433],[-80.5891,32.1358]]}},{"type":"Feature","properties":{},"geometry":{"type":"LineString","coordinates":[[-80.5903,32.1433],[-80.5915,32.1508]]}},{"type":"Feature","properties":{},"geometry":{"type":"LineString","coordinates":[[-80.5903,32.1433],[-80.5907,32.1432]]}},{"type":"Feature","properties":{},"geometry":{"type":"LineString","coordinates":[[-80.5903,32.1433],[-80.5898,32.1357]]}},{"type":"Feature","properties":{},"geometry":{"type":"LineString","coordinates":[[-80.5903,32.1433],[-80.5887,32.1359]]}},{"type":"Feature","properties":{},"geometry":{"type":"LineString","coordinates":[[-80.5903,32.1433],[-80.5895,32.1435]]}},{"type":"Feature","properties":{},"geometry":{"type":"LineString","coordinates":[[-80.5903,32.1433],[-80.5904,32.1511]]}},{"type":"Feature","properties":{},"geometry":{"type":"LineString","coordinates":[[-80.5894,32.1357],[-80.5886,32.1281]]}},{"type":"Feature","properties":{},"geometry":{"type":"LineString","coordinates":[[-80.5894,32.1357],[-80.5899,32.1434]]}},{"type":"Feature","properties":{},"geometry":{"type":"LineString","coordinates":[[-80.5894,32.1357],[-80.5891,32.1358]]}},{"type":"Feature","properties":{},"geometry":{"type":"LineString","coordinates":[[-80.5894,32.1357],[-80.5882,32.1282]]}},{"type":"Feature","properties":{},"geometry":{"type":"LineString","coordinates":[[-80.5894,32.1357],[-80.5907,32.1432]]}},{"type":"Feature","properties":{},"geometry":{"type":"LineString","coordinates":[[-80.5894,32.1357],[-80.5898,32.1357]]}},{"type":"Feature","properties":{},"geometry":{"type":"LineString","coordinates":[[-80.5894,32.1357],[-80.589,32.1281]]}},{"type":"Feature","properties":{},"geometry":{"type":"LineString","coordinates":[[-80.5894,32.1357],[-80.5878,32.1283]]}},{"type":"Feature","properties":{},"geometry":{"type":"LineString","coordinates":[[-80.5894,32.1357],[-80.5887,32.1359]]}},{"type":"Feature","properties":{},"geometry":{"type":"LineString","coordinates":[[-80.5894,32.1357],[-80.5895,32.1435]]}},{"type":"Feature","properties":{},"geometry":{"type":"LineString","coordinates":[[-80.5886,32.1281],[-80.5877,32.1206]]}},{"type":"Feature","properties":{},"geometry":{"type":"LineString","coordinates":[[-80.5886,32.1281],[-80.5891,32.1358]]}},{"type":"Feature","properties":{},"geometry":{"type":"LineString","coordinates":[[-80.5886,32.1281],[-80.5882,32.1282]]}},{"type":"Feature","properties":{},"geometry":{"type":"LineString","coordinates":[[-80.5886,32.1281],[-80.5874,32.1206]]}},{"type":"Feature","properties":{},"geometry":{"type":"LineString","coordinates":[[-80.5886,32.1281],[-80.5898,32.1357]]}},{"type":"Feature","properties":{},"geometry":{"type":"LineString","coordinates":[[-80.5886,32.1281],[-80.589,32.1281]]}},{"type":"Feature","properties":{},"geometry":{"type":"LineString","coordinates":[[-80.5886,32.1281],[-80.5881,32.1205]]}},{"type":"Feature","properties":{},"geometry":{"type":"LineString","coordinates":[[-80.5886,32.1281],[-80.5869,32.1207]]}},{"type":"Feature","properties":{},"geometry":{"type":"LineString","coordinates":[[-80.5886,32.1281],[-80.5878,32.1283]]}},{"type":"Feature","properties":{},"geometry":{"type":"LineString","coordinates":[[-80.5886,32.1281],[-80.5887,32.1359]]}},{"type":"Feature","properties":{},"geometry":{"type":"LineString","coordinates":[[-80.5877,32.1206],[-80.5869,32.113]]}},{"type":"Feature","properties":{},"geometry":{"type":"LineString","coordinates":[[-80.5877,32.1206],[-80.5882,32.1282]]}},{"type":"Feature","properties":{},"geometry":{"type":"LineString","coordinates":[[-80.5877,32.1206],[-80.5874,32.1206]]}},{"type":"Feature","properties":{},"geometry":{"type":"LineString","coordinates":[[-80.5877,32.1206],[-80.5865,32.113]]}},{"type":"Feature","properties":{},"geometry":{"type":"LineString","coordinates":[[-80.5877,32.1206],[-80.589,32.1281]]}},{"type":"Feature","properties":{},"geometry":{"type":"LineString","coordinates":[[-80.5877,32.1206],[-80.5881,32.1205]]}},{"type":"Feature","properties":{},"geometry":{"type":"LineString","coordinates":[[-80.5877,32.1206],[-80.5873,32.113]]}},{"type":"Feature","properties":{},"geometry":{"type":"LineString","coordinates":[[-80.5877,32.1206],[-80.5861,32.1131]]}},{"type":"Feature","properties":{},"geometry":{"type":"LineString","coordinates":[[-80.5877,32.1206],[-80.5869,32.1207]]}},{"type":"Feature","properties":{},"geometry":{"type":"LineString","coordinates":[[-80.5877,32.1206],[-80.5878,32.1283]]}},{"type":"Feature","properties":{},"geometry":{"type":"LineString","coordinates":[[-80.5869,32.113],[-80.586,32.1054]]}},{"type":"Feature","properties":{},"geometry":{"type":"LineString","coordinates":[[-80.5869,32.113],[-80.5874,32.1206]]}},{"type":"Feature","properties":{},"geometry":{"type":"LineString","coordinates":[[-80.5869,32.113],[-80.5865,32.113]]}},{"type":"Feature","properties":{},"geometry":{"type":"LineString","coordinates":[[-80.5869,32.113],[-80.5856,32.1054]]}},{"type":"Feature","properties":{},"geometry":{"type":"LineString","coordinates":[[-80.5869,32.113],[-80.5881,32.1205]]}},{"type":"Feature","properties":{},"geometry":{"type":"LineString","coordinates":[[-80.5869,32.113],[-80.5873,32.113]]}},{"type":"Feature","properties":{},"geometry":{"type":"LineString","coordinates":[[-80.5869,32.113],[-80.5864,32.1054]]}},{"type":"Feature","properties":{},"geometry":{"type":"LineString","coordinates":[[-80.5869,32.113],[-80.5852,32.1055]]}},{"type":"Feature","properties":{},"geometry":{"type":"LineString","coordinates":[[-80.5869,32.113],[-80.5861,32.1131]]}},{"type":"Feature","properties":{},"geometry":{"type":"LineString","coordinates":[[-80.5869,32.113],[-80.5869,32.1207]]}},{"type":"Feature","properties":{},"geometry":{"type":"LineString","coordinates":[[-80.586,32.1054],[-80.5852,32.0978]]}},{"type":"Feature","properties":{},"geometry":{"type":"LineString","coordinates":[[-80.586,32.1054],[-80.5865,32.113]]}},{"type":"Feature","properties":{},"geometry":{"type":"LineString","coordinates":[[-80.586,32.1054],[-80.5856,32.1054]]}},{"type":"Feature","properties":{},"geometry":{"type":"LineString","coordinates":[[-80.586,32.1054],[-80.5848,32.0979]]}},{"type":"Feature","properties":{},"geometry":{"type":"LineString","coordinates":[[-80.586,32.1054],[-80.5873,32.113]]}},{"type":"Feature","properties":{},"geometry":{"type":"LineString","coordinates":[[-80.586,32.1054],[-80.5864,32.1054]]}},{"type":"Feature","properties":{},"geometry":{"type":"LineString","coordinates":[[-80.586,32.1054],[-80.5856,32.0978]]}},{"type":"Feature","properties":{},"geometry":{"type":"LineString","coordinates":[[-80.586,32.1054],[-80.5844,32.0979]]}},{"type":"Feature","properties":{},"geometry":{"type":"LineString","coordinates":[[-80.586,32.1054],[-80.5852,32.1055]]}},{"type":"Feature","properties":{},"geometry":{"type":"LineString","coordinates":[[-80.586,32.1054],[-80.5861,32.1131]]}},{"type":"Feature","properties":{},"geometry":{"type":"LineString","coordinates":[[-80.5852,32.0978],[-80.5856,32.1054]]}},{"type":"Feature","properties":{},"geometry":{"type":"LineString","coordinates":[[-80.5852,32.0978],[-80.5848,32.0979]]}},{"type":"Feature","properties":{},"geometry":{"type":"LineString","coordinates":[[-80.5852,32.0978],[-80.5864,32.1054]]}},{"type":"Feature","properties":{},"geometry":{"type":"LineString","coordinates":[[-80.5852,32.0978],[-80.5856,32.0978]]}},{"type":"Feature","properties":{},"geometry":{"type":"LineString","coordinates":[[-80.5852,32.0978],[-80.5844,32.0979]]}},{"type":"Feature","properties":{},"geometry":{"type":"LineString","coordinates":[[-80.5852,32.0978],[-80.5852,32.1055]]}},{"type":"Feature","properties":{},"geometry":{"type":"LineString","coordinates":[[-79.2887,33.3652],[-79.2855,33.3656]]}},{"type":"Feature","properties":{},"geometry":{"type":"LineString","coordinates":[[-79.2887,33.3652],[-79.2884,33.3656]]}},{"type":"Feature","properties":{},"geometry":{"type":"LineString","coordinates":[[-79.2887,33.3652],[-79.2875,33.3596]]}},{"type":"Feature","properties":{},"geometry":{"type":"LineString","coordinates":[[-79.2887,33.3652],[-79.2856,33.3655]]}},{"type":"Feature","properties":{},"geometry":{"type":"LineString","coordinates":[[-79.2887,33.3652],[-79.2854,33.3657]]}},{"type":"Feature","properties":{},"geometry":{"type":"LineString","coordinates":[[-79.2887,33.3652],[-79.2894,33.3644]]}},{"type":"Feature","properties":{},"geometry":{"type":"LineString","coordinates":[[-79.2887,33.3652],[-79.2891,33.3648]]}},{"type":"Feature","properties":{},"geometry":{"type":"LineString","coordinates":[[-79.2887,33.3652],[-79.2854,33.3659]]}},{"type":"Feature","properties":{},"geometry":{"type":"LineString","coordinates":[[-79.9122,32.8162],[-79.906,32.8206]]}},{"type":"Feature","properties":{},"geometry":{"type":"LineString","coordinates":[[-79.9122,32.8162],[-79.9177,32.8136]]}},{"type":"Feature","properties":{},"geometry":{"type":"LineString","coordinates":[[-79.9122,32.8162],[-79.9051,32.8203]]}},{"type":"Feature","properties":{},"geometry":{"type":"LineString","coordinates":[[-79.9122,32.8162],[-79.9104,32.8153]]}},{"type":"Feature","properties":{},"geometry":{"type":"LineString","coordinates":[[-79.9122,32.8162],[-79.9159,32.8145]]}},{"type":"Feature","properties":{},"geometry":{"type":"LineString","coordinates":[[-79.9122,32.8162],[-79.9185,32.8133]]}},{"type":"Feature","properties":{},"geometry":{"type":"LineString","coordinates":[[-79.9122,32.8162],[-79.9109,32.8159]]}},{"type":"Feature","properties":{},"geometry":{"type":"LineString","coordinates":[[-79.9122,32.8162],[-79.9053,32.8205]]}},{"type":"Feature","properties":{},"geometry":{"type":"LineString","coordinates":[[-79.9122,32.8162],[-79.9051,32.8194]]}},{"type":"Feature","properties":{},"geometry":{"type":"LineString","coordinates":[[-79.9122,32.8162],[-79.9105,32.814]]}},{"type":"Feature","properties":{},"geometry":{"type":"LineString","coordinates":[[-79.9122,32.8162],[-79.9168,32.814]]}},{"type":"Feature","properties":{},"geometry":{"type":"LineString","coordinates":[[-79.906,32.8206],[-79.9,32.825]]}},{"type":"Feature","properties":{},"geometry":{"type":"LineString","coordinates":[[-79.906,32.8206],[-79.8997,32.8252]]}},{"type":"Feature","properties":{},"geometry":{"type":"LineString","coordinates":[[-79.906,32.8206],[-79.9051,32.8203]]}},{"type":"Feature","properties":{},"geometry":{"type":"LineString","coordinates":[[-79.906,32.8206],[-79.9104,32.8153]]}},{"type":"Feature","properties":{},"geometry":{"type":"LineString","coordinates":[[-79.906,32.8206],[-79.9109,32.8159]]}},{"type":"Feature","properties":{},"geometry":{"type":"LineString","coordinates":[[-79.906,32.8206],[-79.9053,32.8205]]}},{"type":"Feature","properties":{},"geometry":{"type":"LineString","coordinates":[[-79.906,32.8206],[-79.8997,32.825]]}},{"type":"Feature","properties":{},"geometry":{"type":"LineString","coordinates":[[-79.906,32.8206],[-79.8997,32.8249]]}},{"type":"Feature","properties":{},"geometry":{"type":"LineString","coordinates":[[-79.906,32.8206],[-79.9051,32.8194]]}},{"type":"Feature","properties":{},"geometry":{"type":"LineString","coordinates":[[-79.9,32.825],[-79.8997,32.8252]]}},{"type":"Feature","properties":{},"geometry":{"type":"LineString","coordinates":[[-79.9,32.825],[-79.9051,32.8203]]}},{"type":"Feature","properties":{},"geometry":{"type":"LineString","coordinates":[[-79.9,32.825],[-79.9053,32.8205]]}},{"type":"Feature","properties":{},"geometry":{"type":"LineString","coordinates":[[-79.9,32.825],[-79.8997,32.825]]}},{"type":"Feature","properties":{},"geometry":{"type":"LineString","coordinates":[[-79.9,32.825],[-79.8997,32.8249]]}},{"type":"Feature","properties":{},"geometry":{"type":"LineString","coordinates":[[-79.9,32.825],[-79.9051,32.8194]]}},{"type":"Feature","properties":{},"geometry":{"type":"LineString","coordinates":[[-79.9,32.825],[-79.8951,32.8303]]}},{"type":"Feature","properties":{},"geometry":{"type":"LineString","coordinates":[[-79.9,32.825],[-79.8954,32.8305]]}},{"type":"Feature","properties":{},"geometry":{"type":"LineString","coordinates":[[-80.9239,32.0871],[-80.9116,32.0866],[-80.9108,32.0869]]}},{"type":"Feature","properties":{},"geometry":{"type":"LineString","coordinates":[[-80.9239,32.0871],[-80.9368,32.0825]]}},{"type":"Feature","properties":{},"geometry":{"type":"LineString","coordinates":[[-80.9239,32.0871],[-80.9233,32.087]]}},{"type":"Feature","properties":{},"geometry":{"type":"LineString","coordinates":[[-79.9286,32.9392],[-79.9288,32.9453]]}},{"type":"Feature","properties":{},"geometry":{"type":"LineString","coordinates":[[-79.9286,32.9392],[-79.9283,32.9455]]}},{"type":"Feature","properties":{},"geometry":{"type":"LineString","coordinates":[[-79.9286,32.9392],[-79.9277,32.9456]]}},{"type":"Feature","properties":{},"geometry":{"type":"LineString","coordinates":[[-79.9286,32.9392],[-79.9277,32.9389]]}},{"type":"Feature","properties":{},"geometry":{"type":"LineString","coordinates":[[-79.9286,32.9392],[-79.9264,32.9421]]}},{"type":"Feature","properties":{},"geometry":{"type":"LineString","coordinates":[[-79.9286,32.9392],[-79.928,32.939]]}},{"type":"Feature","properties":{},"geometry":{"type":"LineString","coordinates":[[-79.9286,32.9392],[-79.9268,32.942]]}},{"type":"Feature","properties":{},"geometry":{"type":"LineString","coordinates":[[-79.9286,32.9392],[-79.9283,32.9391]]}},{"type":"Feature","properties":{},"geometry":{"type":"LineString","coordinates":[[-79.9286,32.9392],[-79.9272,32.942]]}},{"type":"Feature","properties":{},"geometry":{"type":"LineString","coordinates":[[-79.9286,32.9392],[-79.9271,32.9458]]}},{"type":"Feature","properties":{},"geometry":{"type":"LineString","coordinates":[[-79.9286,32.9392],[-79.9259,32.9421]]}},{"type":"Feature","properties":{},"geometry":{"type":"LineString","coordinates":[[-79.9286,32.9392],[-79.9337,32.9344]]}},{"type":"Feature","properties":{},"geometry":{"type":"LineString","coordinates":[[-79.8984,32.7582],[-79.901,32.7605]]}},{"type":"Feature","properties":{},"geometry":{"type":"LineString","coordinates":[[-79.8984,32.7582],[-79.8993,32.759]]}},{"type":"Feature","properties":{},"geometry":{"type":"LineString","coordinates":[[-79.8984,32.7582],[-79.8994,32.7589]]}},{"type":"Feature","properties":{},"geometry":{"type":"LineString","coordinates":[[-80.6601,32.34],[-80.6573,32.3329]]}},{"type":"Feature","properties":{},"geometry":{"type":"LineString","coordinates":[[-80.6601,32.34],[-80.6635,32.347]]}},{"type":"Feature","properties":{},"geometry":{"type":"LineString","coordinates":[[-80.6601,32.34],[-80.6604,32.3399]]}},{"type":"Feature","properties":{},"geometry":{"type":"LineString","coordinates":[[-80.6601,32.34],[-80.6577,32.3328]]}},{"type":"Feature","properties":{},"geometry":{"type":"LineString","coordinates":[[-80.6601,32.34],[-80.6639,32.3468]]}},{"type":"Feature","properties":{},"geometry":{"type":"LineString","coordinates":[[-80.6601,32.34],[-80.6636,32.3469]]}},{"type":"Feature","properties":{},"geometry":{"type":"LineString","coordinates":[[-80.6601,32.34],[-80.6597,32.3401]]}},{"type":"Feature","properties":{},"geometry":{"type":"LineString","coordinates":[[-80.6601,32.34],[-80.657,32.333]]}},{"type":"Feature","properties":{},"geometry":{"type":"LineString","coordinates":[[-80.6601,32.34],[-80.6597,32.3395]]}},{"type":"Feature","properties":{},"geometry":{"type":"LineString","coordinates":[[-80.6573,32.3329],[-80.6546,32.3258]]}},{"type":"Feature","properties":{},"geometry":{"type":"LineString","coordinates":[[-80.6573,32.3329],[-80.6604,32.3399]]}},{"type":"Feature","properties":{},"geometry":{"type":"LineString","coordinates":[[-80.6573,32.3329],[-80.6577,32.3328]]}},{"type":"Feature","properties":{},"geometry":{"type":"LineString","coordinates":[[-80.6573,32.3329],[-80.655,32.3258]]}},{"type":"Feature","properties":{},"geometry":{"type":"LineString","coordinates":[[-80.6573,32.3329],[-80.6597,32.3401]]}},{"type":"Feature","properties":{},"geometry":{"type":"LineString","coordinates":[[-80.6573,32.3329],[-80.657,32.333]]}},{"type":"Feature","properties":{},"geometry":{"type":"LineString","coordinates":[[-80.6573,32.3329],[-80.6543,32.3259]]}},{"type":"Feature","properties":{},"geometry":{"type":"LineString","coordinates":[[-80.6573,32.3329],[-80.6574,32.3323]]}},{"type":"Feature","properties":{},"geometry":{"type":"LineString","coordinates":[[-80.6546,32.3258],[-80.6519,32.3187]]}},{"type":"Feature","properties":{},"geometry":{"type":"LineString","coordinates":[[-80.6546,32.3258],[-80.6577,32.3328]]}},{"type":"Feature","properties":{},"geometry":{"type":"LineString","coordinates":[[-80.6546,32.3258],[-80.655,32.3258]]}},{"type":"Feature","properties":{},"geometry":{"type":"LineString","coordinates":[[-80.6546,32.3258],[-80.6523,32.3187]]}},{"type":"Feature","properties":{},"geometry":{"type":"LineString","coordinates":[[-80.6546,32.3258],[-80.657,32.333]]}},{"type":"Feature","properties":{},"geometry":{"type":"LineString","coordinates":[[-80.6546,32.3258],[-80.6543,32.3259]]}},{"type":"Feature","properties":{},"geometry":{"type":"LineString","coordinates":[[-80.6546,32.3258],[-80.6516,32.3188]]}},{"type":"Feature","properties":{},"geometry":{"type":"LineString","coordinates":[[-80.6546,32.3258],[-80.6552,32.3252]]}},{"type":"Feature","properties":{},"geometry":{"type":"LineString","coordinates":[[-80.6519,32.3187],[-80.651,32.3114]]}},{"type":"Feature","properties":{},"geometry":{"type":"LineString","coordinates":[[-80.6519,32.3187],[-80.655,32.3258]]}},{"type":"Feature","properties":{},"geometry":{"type":"LineString","coordinates":[[-80.6519,32.3187],[-80.6523,32.3187]]}},{"type":"Feature","properties":{},"geometry":{"type":"LineString","coordinates":[[-80.6519,32.3187],[-80.6513,32.3113]]}},{"type":"Feature","properties":{},"geometry":{"type":"LineString","coordinates":[[-80.6519,32.3187],[-80.6508,32.3114]]}},{"type":"Feature","properties":{},"geometry":{"type":"LineString","coordinates":[[-80.6519,32.3187],[-80.6543,32.3259]]}},{"type":"Feature","properties":{},"geometry":{"type":"LineString","coordinates":[[-80.6519,32.3187],[-80.6516,32.3188]]}},{"type":"Feature","properties":{},"geometry":{"type":"LineString","coordinates":[[-80.6519,32.3187],[-80.655,32.3177]]}},{"type":"Feature","properties":{},"geometry":{"type":"LineString","coordinates":[[-80.9966,32.0972],[-81.0043,32.0985]]}},{"type":"Feature","properties":{},"geometry":{"type":"LineString","coordinates":[[-80.9966,32.0972],[-80.9963,32.0977]]}},{"type":"Feature","properties":{},"geometry":{"type":"LineString","coordinates":[[-80.9966,32.0972],[-81.0044,32.099]]}},{"type":"Feature","properties":{},"geometry":{"type":"LineString","coordinates":[[-80.9966,32.0972],[-80.9969,32.0968]]}},{"type":"Feature","properties":{},"geometry":{"type":"LineString","coordinates":[[-80.9966,32.0972],[-81.0043,32.0981]]}},{"type":"Feature","properties":{},"geometry":{"type":"LineString","coordinates":[[-80.9966,32.0972],[-80.992,32.0907]]}},{"type":"Feature","properties":{},"geometry":{"type":"LineString","coordinates":[[-80.9966,32.0972],[-80.9922,32.0949]]}},{"type":"Feature","properties":{},"geometry":{"type":"LineString","coordinates":[[-80.9966,32.0972],[-80.996,32.0981]]}},{"type":"Feature","properties":{},"geometry":{"type":"LineString","coordinates":[[-80.9966,32.0972],[-81.0043,32.0994]]}},{"type":"Feature","properties":{},"geometry":{"type":"LineString","coordinates":[[-80.9966,32.0972],[-80.9916,32.0911]]}},{"type":"Feature","properties":{},"geometry":{"type":"LineString","coordinates":[[-80.9966,32.0972],[-80.9928,32.0914]]}},{"type":"Feature","properties":{},"geometry":{"type":"LineString","coordinates":[[-81.0043,32.0985],[-81.0121,32.0998]]}},{"type":"Feature","properties":{},"geometry":{"type":"LineString","coordinates":[[-81.0043,32.0985],[-80.9963,32.0977]]}},{"type":"Feature","properties":{},"geometry":{"type":"LineString","coordinates":[[-81.0043,32.0985],[-81.0044,32.099]]}},{"type":"Feature","properties":{},"geometry":{"type":"LineString","coordinates":[[-81.0043,32.0985],[-81.0124,32.1003]]}},{"type":"Feature","properties":{},"geometry":{"type":"LineString","coordinates":[[-81.0043,32.0985],[-80.9969,32.0968]]}},{"type":"Feature","properties":{},"geometry":{"type":"LineString","coordinates":[[-81.0043,32.0985],[-81.0043,32.0981]]}},{"type":"Feature","properties":{},"geometry":{"type":"LineString","coordinates":[[-81.0043,32.0985],[-81.0118,32.0993]]}},{"type":"Feature","properties":{},"geometry":{"type":"LineString","coordinates":[[-81.0043,32.0985],[-80.996,32.0981]]}},{"type":"Feature","properties":{},"geometry":{"type":"LineString","coordinates":[[-81.0043,32.0985],[-81.0043,32.0994]]}},{"type":"Feature","properties":{},"geometry":{"type":"LineString","coordinates":[[-81.0043,32.0985],[-81.0125,32.1007]]}},{"type":"Feature","properties":{},"geometry":{"type":"LineString","coordinates":[[-81.0121,32.0998],[-81.0044,32.099]]}},{"type":"Feature","properties":{},"geometry":{"type":"LineString","coordinates":[[-81.0121,32.0998],[-81.0124,32.1003]]}},{"type":"Feature","properties":{},"geometry":{"type":"LineString","coordinates":[[-81.0121,32.0998],[-81.0192,32.0934]]}},{"type":"Feature","properties":{},"geometry":{"type":"LineString","coordinates":[[-81.0121,32.0998],[-81.0043,32.0981]]}},{"type":"Feature","properties":{},"geometry":{"type":"LineString","coordinates":[[-81.0121,32.0998],[-81.0118,32.0993]]}},{"type":"Feature","properties":{},"geometry":{"type":"LineString","coordinates":[[-81.0121,32.0998],[-81.0186,32.0935]]}},{"type":"Feature","properties":{},"geometry":{"type":"LineString","coordinates":[[-81.0121,32.0998],[-81.0043,32.0994]]}},{"type":"Feature","properties":{},"geometry":{"type":"LineString","coordinates":[[-81.0121,32.0998],[-81.0125,32.1007]]}},{"type":"Feature","properties":{},"geometry":{"type":"LineString","coordinates":[[-79.1967,33.2352],[-79.2026,33.2416]]}},{"type":"Feature","properties":{},"geometry":{"type":"LineString","coordinates":[[-79.1967,33.2352],[-79.1926,33.2278]]}},{"type":"Feature","properties":{},"geometry":{"type":"LineString","coordinates":[[-79.1967,33.2352],[-79.1923,33.228]]}},{"type":"Feature","properties":{},"geometry":{"type":"LineString","coordinates":[[-79.1967,33.2352],[-79.1918,33.2282]]}},{"type":"Feature","properties":{},"geometry":{"type":"LineString","coordinates":[[-79.1967,33.2352],[-79.202,33.2419]]}},{"type":"Feature","properties":{},"geometry":{"type":"LineString","coordinates":[[-79.1967,33.2352],[-79.1962,33.2355]]}},{"type":"Feature","properties":{},"geometry":{"type":"LineString","coordinates":[[-79.1967,33.2352],[-79.192,33.2281]]}},{"type":"Feature","properties":{},"geometry":{"type":"LineString","coordinates":[[-79.2026,33.2416],[-79.2084,33.248]]}},{"type":"Feature","properties":{},"geometry":{"type":"LineString","coordinates":[[-79.2026,33.2416],[-79.2079,33.2484]]}},{"type":"Feature","properties":{},"geometry":{"type":"LineString","coordinates":[[-79.2026,33.2416],[-79.202,33.2419]]}},{"type":"Feature","properties":{},"geometry":{"type":"LineString","coordinates":[[-79.2084,33.248],[-79.2149,33.2534]]}},{"type":"Feature","properties":{},"geometry":{"type":"LineString","coordinates":[[-79.2084,33.248],[-79.2145,33.2535]]}},{"type":"Feature","properties":{},"geometry":{"type":"LineString","coordinates":[[-79.2084,33.248],[-79.2147,33.2535]]}},{"type":"Feature","properties":{},"geometry":{"type":"LineString","coordinates":[[-79.2084,33.248],[-79.2079,33.2484]]}},{"type":"Feature","properties":{},"geometry":{"type":"LineString","coordinates":[[-79.2084,33.248],[-79.202,33.2419]]}},{"type":"Feature","properties":{},"geometry":{"type":"LineString","coordinates":[[-79.2084,33.248],[-79.2149,33.2536]]}},{"type":"Feature","properties":{},"geometry":{"type":"LineString","coordinates":[[-80.6728,32.3603],[-80.6681,32.3536]]}},{"type":"Feature","properties":{},"geometry":{"type":"LineString","coordinates":[[-80.6728,32.3603],[-80.6801,32.3649]]}},{"type":"Feature","properties":{},"geometry":{"type":"LineString","coordinates":[[-80.6728,32.3603],[-80.6687,32.3533]]}},{"type":"Feature","properties":{},"geometry":{"type":"LineString","coordinates":[[-80.6728,32.3603],[-80.6734,32.3597]]}},{"type":"Feature","properties":{},"geometry":{"type":"LineString","coordinates":[[-80.6728,32.3603],[-80.6797,32.3651]]}},{"type":"Feature","properties":{},"geometry":{"type":"LineString","coordinates":[[-80.6728,32.3603],[-80.6684,32.3535]]}},{"type":"Feature","properties":{},"geometry":{"type":"LineString","coordinates":[[-80.6728,32.3603],[-80.6732,32.36]]}},{"type":"Feature","properties":{},"geometry":{"type":"LineString","coordinates":[[-80.6728,32.3603],[-80.6729,32.3599]]}},{"type":"Feature","properties":{},"geometry":{"type":"LineString","coordinates":[[-80.6681,32.3536],[-80.6635,32.347]]}},{"type":"Feature","properties":{},"geometry":{"type":"LineString","coordinates":[[-80.6681,32.3536],[-80.6639,32.3468]]}},{"type":"Feature","properties":{},"geometry":{"type":"LineString","coordinates":[[-80.6681,32.3536],[-80.6687,32.3533]]}},{"type":"Feature","properties":{},"geometry":{"type":"LineString","coordinates":[[-80.6681,32.3536],[-80.6734,32.3597]]}},{"type":"Feature","properties":{},"geometry":{"type":"LineString","coordinates":[[-80.6681,32.3536],[-80.6636,32.3469]]}},{"type":"Feature","properties":{},"geometry":{"type":"LineString","coordinates":[[-80.6681,32.3536],[-80.6684,32.3535]]}},{"type":"Feature","properties":{},"geometry":{"type":"LineString","coordinates":[[-80.6681,32.3536],[-80.6732,32.36]]}},{"type":"Feature","properties":{},"geometry":{"type":"LineString","coordinates":[[-80.6681,32.3536],[-80.6674,32.3548]]}},{"type":"Feature","properties":{},"geometry":{"type":"LineString","coordinates":[[-80.6635,32.347],[-80.6604,32.3399]]}},{"type":"Feature","properties":{},"geometry":{"type":"LineString","coordinates":[[-80.6635,32.347],[-80.6639,32.3468]]}},{"type":"Feature","properties":{},"geometry":{"type":"LineString","coordinates":[[-80.6635,32.347],[-80.6687,32.3533]]}},{"type":"Feature","properties":{},"geometry":{"type":"LineString","coordinates":[[-80.6635,32.347],[-80.6636,32.3469]]}},{"type":"Feature","properties":{},"geometry":{"type":"LineString","coordinates":[[-80.6635,32.347],[-80.6684,32.3535]]}},{"type":"Feature","properties":{},"geometry":{"type":"LineString","coordinates":[[-80.6635,32.347],[-80.6597,32.3401]]}},{"type":"Feature","properties":{},"geometry":{"type":"LineString","coordinates":[[-80.6635,32.347],[-80.662,32.3466]]}},{"type":"Feature","properties":{},"geometry":{"type":"LineString","coordinates":[[-81.0848,31.8537],[-81.0809,31.864]]}},{"type":"Feature","properties":{},"geometry":{"type":"LineString","coordinates":[[-81.0848,31.8537],[-81.0842,31.8575]]}},{"type":"Feature","properties":{},"geometry":{"type":"LineString","coordinates":[[-81.0848,31.8537],[-81.0845,31.8537]]}},{"type":"Feature","properties":{},"geometry":{"type":"LineString","coordinates":[[-79.9437,32.9086],[-79.9451,32.9081]]}},{"type":"Feature","properties":{},"geometry":{"type":"LineString","coordinates":[[-79.9437,32.9086],[-79.9378,32.9093]]}},{"type":"Feature","properties":{},"geometry":{"type":"LineString","coordinates":[[-79.9437,32.9086],[-79.9372,32.9088]]}},{"type":"Feature","properties":{},"geometry":{"type":"LineString","coordinates":[[-79.9437,32.9086],[-79.9445,32.9076]]}},{"type":"Feature","properties":{},"geometry":{"type":"LineString","coordinates":[[-79.9437,32.9086],[-79.9465,32.9085]]}},{"type":"Feature","properties":{},"geometry":{"type":"LineString","coordinates":[[-79.9437,32.9086],[-79.9438,32.9089]]}},{"type":"Feature","properties":{},"geometry":{"type":"LineString","coordinates":[[-79.9437,32.9086],[-79.9448,32.9078]]}},{"type":"Feature","properties":{},"geometry":{"type":"LineString","coordinates":[[-79.9437,32.9086],[-79.9375,32.909]]}},{"type":"Feature","properties":{},"geometry":{"type":"LineString","coordinates":[[-79.9315,32.839],[-79.9309,32.8392]]}},{"type":"Feature","properties":{},"geometry":{"type":"LineString","coordinates":[[-79.9315,32.839],[-79.9274,32.8396]]}},{"type":"Feature","properties":{},"geometry":{"type":"LineString","coordinates":[[-79.9315,32.839],[-79.9298,32.8395]]}},{"type":"Feature","properties":{},"geometry":{"type":"LineString","coordinates":[[-79.9315,32.839],[-79.9304,32.8394]]}},{"type":"Feature","properties":{},"geometry":{"type":"LineString","coordinates":[[-79.9315,32.839],[-79.932,32.8387]]}},{"type":"Feature","properties":{},"geometry":{"type":"LineString","coordinates":[[-79.9315,32.839],[-79.929,32.8395]]}},{"type":"Feature","properties":{},"geometry":{"type":"LineString","coordinates":[[-79.9315,32.839],[-79.9282,32.8396]]}},{"type":"Feature","properties":{},"geometry":{"type":"LineString","coordinates":[[-79.9309,32.8086],[-79.9293,32.8161]]}},{"type":"Feature","properties":{},"geometry":{"type":"LineString","coordinates":[[-79.9309,32.8086],[-79.9309,32.8087]]}},{"type":"Feature","properties":{},"geometry":{"type":"LineString","coordinates":[[-79.9309,32.8086],[-79.9297,32.8166]]}},{"type":"Feature","properties":{},"geometry":{"type":"LineString","coordinates":[[-79.9309,32.8086],[-79.9294,32.8023]]}},{"type":"Feature","properties":{},"geometry":{"type":"LineString","coordinates":[[-79.9309,32.8086],[-79.9287,32.8154]]}},{"type":"Feature","properties":{},"geometry":{"type":"LineString","coordinates":[[-79.9309,32.8086],[-79.9307,32.8086]]}},{"type":"Feature","properties":{},"geometry":{"type":"LineString","coordinates":[[-79.9309,32.8086],[-79.9308,32.8086]]}},{"type":"Feature","properties":{},"geometry":{"type":"LineString","coordinates":[[-79.9309,32.8086],[-79.929,32.8157]]}},{"type":"Feature","properties":{},"geometry":{"type":"LineString","coordinates":[[-79.9293,32.8161],[-79.9234,32.8173]]}},{"type":"Feature","properties":{},"geometry":{"type":"LineString","coordinates":[[-79.9293,32.8161],[-79.9296,32.8215]]}},{"type":"Feature","properties":{},"geometry":{"type":"LineString","coordinates":[[-79.9293,32.8161],[-79.9279,32.8221]]}},{"type":"Feature","properties":{},"geometry":{"type":"LineString","coordinates":[[-79.9293,32.8161],[-79.9309,32.8087]]}},{"type":"Feature","properties":{},"geometry":{"type":"LineString","coordinates":[[-79.9293,32.8161],[-79.9297,32.8166]]}},{"type":"Feature","properties":{},"geometry":{"type":"LineString","coordinates":[[-79.9293,32.8161],[-79.924,32.817]]}},{"type":"Feature","properties":{},"geometry":{"type":"LineString","coordinates":[[-79.9293,32.8161],[-79.9287,32.8154]]}},{"type":"Feature","properties":{},"geometry":{"type":"LineString","coordinates":[[-79.9293,32.8161],[-79.9307,32.8086]]}},{"type":"Feature","properties":{},"geometry":{"type":"LineString","coordinates":[[-79.9293,32.8161],[-79.9308,32.8086]]}},{"type":"Feature","properties":{},"geometry":{"type":"LineString","coordinates":[[-79.9293,32.8161],[-79.929,32.8157]]}},{"type":"Feature","properties":{},"geometry":{"type":"LineString","coordinates":[[-81.1544,32.1583],[-81.155,32.1561]]}},{"type":"Feature","properties":{},"geometry":{"type":"LineString","coordinates":[[-81.1544,32.1583],[-81.1518,32.1537]]}},{"type":"Feature","properties":{},"geometry":{"type":"LineString","coordinates":[[-81.1544,32.1583],[-81.154,32.1584]]}},{"type":"Feature","properties":{},"geometry":{"type":"LineString","coordinates":[[-81.1544,32.1583],[-81.1551,32.1581]]}},{"type":"Feature","properties":{},"geometry":{"type":"LineString","coordinates":[[-81.1544,32.1583],[-81.1508,32.1539]]}},{"type":"Feature","properties":{},"geometry":{"type":"LineString","coordinates":[[-81.1544,32.1583],[-81.1511,32.1539]]}},{"type":"Feature","properties":{},"geometry":{"type":"LineString","coordinates":[[-81.1544,32.1583],[-81.1548,32.1582]]}},{"type":"Feature","properties":{},"geometry":{"type":"LineString","coordinates":[[-81.0418,32.0819],[-81.0344,32.0848]]}},{"type":"Feature","properties":{},"geometry":{"type":"LineString","coordinates":[[-81.0418,32.0819],[-81.049,32.0808]]}},{"type":"Feature","properties":{},"geometry":{"type":"LineString","coordinates":[[-81.0418,32.0819],[-81.047,32.0794]]}},{"type":"Feature","properties":{},"geometry":{"type":"LineString","coordinates":[[-81.0418,32.0819],[-81.0416,32.0815]]}},{"type":"Feature","properties":{},"geometry":{"type":"LineString","coordinates":[[-81.0418,32.0819],[-81.0342,32.0844]]}},{"type":"Feature","properties":{},"geometry":{"type":"LineString","coordinates":[[-81.0418,32.0819],[-81.0489,32.0803]]}},{"type":"Feature","properties":{},"geometry":{"type":"LineString","coordinates":[[-81.0418,32.0819],[-81.0472,32.0796]]}},{"type":"Feature","properties":{},"geometry":{"type":"LineString","coordinates":[[-81.0418,32.0819],[-81.0415,32.0811]]}},{"type":"Feature","properties":{},"geometry":{"type":"LineString","coordinates":[[-81.0418,32.0819],[-81.034,32.0841]]}},{"type":"Feature","properties":{},"geometry":{"type":"LineString","coordinates":[[-81.0418,32.0819],[-81.0491,32.0811]]}},{"type":"Feature","properties":{},"geometry":{"type":"LineString","coordinates":[[-81.0418,32.0819],[-81.0419,32.0823]]}},{"type":"Feature","properties":{},"geometry":{"type":"LineString","coordinates":[[-81.0418,32.0819],[-81.0346,32.0852]]}},{"type":"Feature","properties":{},"geometry":{"type":"LineString","coordinates":[[-81.0344,32.0848],[-81.027,32.0877]]}},{"type":"Feature","properties":{},"geometry":{"type":"LineString","coordinates":[[-81.0344,32.0848],[-81.0416,32.0815]]}},{"type":"Feature","properties":{},"geometry":{"type":"LineString","coordinates":[[-81.0344,32.0848],[-81.0342,32.0844]]}},{"type":"Feature","properties":{},"geometry":{"type":"LineString","coordinates":[[-81.0344,32.0848],[-81.0267,32.0874]]}},{"type":"Feature","properties":{},"geometry":{"type":"LineString","coordinates":[[-81.0344,32.0848],[-81.0415,32.0811]]}},{"type":"Feature","properties":{},"geometry":{"type":"LineString","coordinates":[[-81.0344,32.0848],[-81.034,32.0841]]}},{"type":"Feature","properties":{},"geometry":{"type":"LineString","coordinates":[[-81.0344,32.0848],[-81.0264,32.0871]]}},{"type":"Feature","properties":{},"geometry":{"type":"LineString","coordinates":[[-81.0344,32.0848],[-81.0419,32.0823]]}},{"type":"Feature","properties":{},"geometry":{"type":"LineString","coordinates":[[-81.0344,32.0848],[-81.0346,32.0852]]}},{"type":"Feature","properties":{},"geometry":{"type":"LineString","coordinates":[[-81.0344,32.0848],[-81.0273,32.0881]]}},{"type":"Feature","properties":{},"geometry":{"type":"LineString","coordinates":[[-81.027,32.0877],[-81.0207,32.093]]}},{"type":"Feature","properties":{},"geometry":{"type":"LineString","coordinates":[[-81.027,32.0877],[-81.0342,32.0844]]}},{"type":"Feature","properties":{},"geometry":{"type":"LineString","coordinates":[[-81.027,32.0877],[-81.0267,32.0874]]}},{"type":"Feature","properties":{},"geometry":{"type":"LineString","coordinates":[[-81.027,32.0877],[-81.034,32.0841]]}},{"type":"Feature","properties":{},"geometry":{"type":"LineString","coordinates":[[-81.027,32.0877],[-81.0264,32.0871]]}},{"type":"Feature","properties":{},"geometry":{"type":"LineString","coordinates":[[-81.027,32.0877],[-81.0196,32.0937]]}},{"type":"Feature","properties":{},"geometry":{"type":"LineString","coordinates":[[-81.027,32.0877],[-81.0346,32.0852]]}},{"type":"Feature","properties":{},"geometry":{"type":"LineString","coordinates":[[-81.027,32.0877],[-81.0273,32.0881]]}},{"type":"Feature","properties":{},"geometry":{"type":"LineString","coordinates":[[-80.5925,32.1662],[-80.5916,32.1586]]}},{"type":"Feature","properties":{},"geometry":{"type":"LineString","coordinates":[[-80.5925,32.1662],[-80.5951,32.1731]]}},{"type":"Feature","properties":{},"geometry":{"type":"LineString","coordinates":[[-80.5925,32.1662],[-80.5947,32.1732]]}},{"type":"Feature","properties":{},"geometry":{"type":"LineString","coordinates":[[-80.5925,32.1662],[-80.5933,32.166]]}},{"type":"Feature","properties":{},"geometry":{"type":"LineString","coordinates":[[-80.5925,32.1662],[-80.5924,32.1584]]}},{"type":"Feature","properties":{},"geometry":{"type":"LineString","coordinates":[[-80.5925,32.1662],[-80.5959,32.1729]]}},{"type":"Feature","properties":{},"geometry":{"type":"LineString","coordinates":[[-80.5925,32.1662],[-80.5955,32.173]]}},{"type":"Feature","properties":{},"geometry":{"type":"LineString","coordinates":[[-80.5925,32.1662],[-80.5912,32.1587]]}},{"type":"Feature","properties":{},"geometry":{"type":"LineString","coordinates":[[-80.5925,32.1662],[-80.5921,32.1663]]}},{"type":"Feature","properties":{},"geometry":{"type":"LineString","coordinates":[[-80.5916,32.1586],[-80.5908,32.151]]}},{"type":"Feature","properties":{},"geometry":{"type":"LineString","coordinates":[[-80.5916,32.1586],[-80.5933,32.166]]}},{"type":"Feature","properties":{},"geometry":{"type":"LineString","coordinates":[[-80.5916,32.1586],[-80.5924,32.1584]]}},{"type":"Feature","properties":{},"geometry":{"type":"LineString","coordinates":[[-80.5916,32.1586],[-80.5915,32.1508]]}},{"type":"Feature","properties":{},"geometry":{"type":"LineString","coordinates":[[-80.5916,32.1586],[-80.5904,32.1511]]}},{"type":"Feature","properties":{},"geometry":{"type":"LineString","coordinates":[[-80.5916,32.1586],[-80.5912,32.1587]]}},{"type":"Feature","properties":{},"geometry":{"type":"LineString","coordinates":[[-80.5916,32.1586],[-80.5921,32.1663]]}},{"type":"Feature","properties":{},"geometry":{"type":"LineString","coordinates":[[-80.5908,32.151],[-80.5899,32.1434]]}},{"type":"Feature","properties":{},"geometry":{"type":"LineString","coordinates":[[-80.5908,32.151],[-80.5924,32.1584]]}},{"type":"Feature","properties":{},"geometry":{"type":"LineString","coordinates":[[-80.5908,32.151],[-80.5915,32.1508]]}},{"type":"Feature","properties":{},"geometry":{"type":"LineString","coordinates":[[-80.5908,32.151],[-80.5907,32.1432]]}},{"type":"Feature","properties":{},"geometry":{"type":"LineString","coordinates":[[-80.5908,32.151],[-80.5895,32.1435]]}},{"type":"Feature","properties":{},"geometry":{"type":"LineString","coordinates":[[-80.5908,32.151],[-80.5904,32.1511]]}},{"type":"Feature","properties":{},"geometry":{"type":"LineString","coordinates":[[-80.5908,32.151],[-80.5912,32.1587]]}},{"type":"Feature","properties":{},"geometry":{"type":"LineString","coordinates":[[-80.5899,32.1434],[-80.5891,32.1358]]}},{"type":"Feature","properties":{},"geometry":{"type":"LineString","coordinates":[[-80.5899,32.1434],[-80.5915,32.1508]]}},{"type":"Feature","properties":{},"geometry":{"type":"LineString","coordinates":[[-80.5899,32.1434],[-80.5907,32.1432]]}},{"type":"Feature","properties":{},"geometry":{"type":"LineString","coordinates":[[-80.5899,32.1434],[-80.5898,32.1357]]}},{"type":"Feature","properties":{},"geometry":{"type":"LineString","coordinates":[[-80.5899,32.1434],[-80.5887,32.1359]]}},{"type":"Feature","properties":{},"geometry":{"type":"LineString","coordinates":[[-80.5899,32.1434],[-80.5895,32.1435]]}},{"type":"Feature","properties":{},"geometry":{"type":"LineString","coordinates":[[-80.5899,32.1434],[-80.5904,32.1511]]}},{"type":"Feature","properties":{},"geometry":{"type":"LineString","coordinates":[[-80.5891,32.1358],[-80.5882,32.1282]]}},{"type":"Feature","properties":{},"geometry":{"type":"LineString","coordinates":[[-80.5891,32.1358],[-80.5907,32.1432]]}},{"type":"Feature","properties":{},"geometry":{"type":"LineString","coordinates":[[-80.5891,32.1358],[-80.5898,32.1357]]}},{"type":"Feature","properties":{},"geometry":{"type":"LineString","coordinates":[[-80.5891,32.1358],[-80.589,32.1281]]}},{"type":"Feature","properties":{},"geometry":{"type":"LineString","coordinates":[[-80.5891,32.1358],[-80.5878,32.1283]]}},{"type":"Feature","properties":{},"geometry":{"type":"LineString","coordinates":[[-80.5891,32.1358],[-80.5887,32.1359]]}},{"type":"Feature","properties":{},"geometry":{"type":"LineString","coordinates":[[-80.5891,32.1358],[-80.5895,32.1435]]}},{"type":"Feature","properties":{},"geometry":{"type":"LineString","coordinates":[[-80.5882,32.1282],[-80.5874,32.1206]]}},{"type":"Feature","properties":{},"geometry":{"type":"LineString","coordinates":[[-80.5882,32.1282],[-80.5898,32.1357]]}},{"type":"Feature","properties":{},"geometry":{"type":"LineString","coordinates":[[-80.5882,32.1282],[-80.589,32.1281]]}},{"type":"Feature","properties":{},"geometry":{"type":"LineString","coordinates":[[-80.5882,32.1282],[-80.5881,32.1205]]}},{"type":"Feature","properties":{},"geometry":{"type":"LineString","coordinates":[[-80.5882,32.1282],[-80.5869,32.1207]]}},{"type":"Feature","properties":{},"geometry":{"type":"LineString","coordinates":[[-80.5882,32.1282],[-80.5878,32.1283]]}},{"type":"Feature","properties":{},"geometry":{"type":"LineString","coordinates":[[-80.5882,32.1282],[-80.5887,32.1359]]}},{"type":"Feature","properties":{},"geometry":{"type":"LineString","coordinates":[[-80.5874,32.1206],[-80.5865,32.113]]}},{"type":"Feature","properties":{},"geometry":{"type":"LineString","coordinates":[[-80.5874,32.1206],[-80.589,32.1281]]}},{"type":"Feature","properties":{},"geometry":{"type":"LineString","coordinates":[[-80.5874,32.1206],[-80.5881,32.1205]]}},{"type":"Feature","properties":{},"geometry":{"type":"LineString","coordinates":[[-80.5874,32.1206],[-80.5873,32.113]]}},{"type":"Feature","properties":{},"geometry":{"type":"LineString","coordinates":[[-80.5874,32.1206],[-80.5861,32.1131]]}},{"type":"Feature","properties":{},"geometry":{"type":"LineString","coordinates":[[-80.5874,32.1206],[-80.5869,32.1207]]}},{"type":"Feature","properties":{},"geometry":{"type":"LineString","coordinates":[[-80.5874,32.1206],[-80.5878,32.1283]]}},{"type":"Feature","properties":{},"geometry":{"type":"LineString","coordinates":[[-80.5865,32.113],[-80.5856,32.1054]]}},{"type":"Feature","properties":{},"geometry":{"type":"LineString","coordinates":[[-80.5865,32.113],[-80.5881,32.1205]]}},{"type":"Feature","properties":{},"geometry":{"type":"LineString","coordinates":[[-80.5865,32.113],[-80.5873,32.113]]}},{"type":"Feature","properties":{},"geometry":{"type":"LineString","coordinates":[[-80.5865,32.113],[-80.5864,32.1054]]}},{"type":"Feature","properties":{},"geometry":{"type":"LineString","coordinates":[[-80.5865,32.113],[-80.5852,32.1055]]}},{"type":"Feature","properties":{},"geometry":{"type":"LineString","coordinates":[[-80.5865,32.113],[-80.5861,32.1131]]}},{"type":"Feature","properties":{},"geometry":{"type":"LineString","coordinates":[[-80.5865,32.113],[-80.5869,32.1207]]}},{"type":"Feature","properties":{},"geometry":{"type":"LineString","coordinates":[[-80.5856,32.1054],[-80.5848,32.0979]]}},{"type":"Feature","properties":{},"geometry":{"type":"LineString","coordinates":[[-80.5856,32.1054],[-80.5873,32.113]]}},{"type":"Feature","properties":{},"geometry":{"type":"LineString","coordinates":[[-80.5856,32.1054],[-80.5864,32.1054]]}},{"type":"Feature","properties":{},"geometry":{"type":"LineString","coordinates":[[-80.5856,32.1054],[-80.5856,32.0978]]}},{"type":"Feature","properties":{},"geometry":{"type":"LineString","coordinates":[[-80.5856,32.1054],[-80.5844,32.0979]]}},{"type":"Feature","properties":{},"geometry":{"type":"LineString","coordinates":[[-80.5856,32.1054],[-80.5852,32.1055]]}},{"type":"Feature","properties":{},"geometry":{"type":"LineString","coordinates":[[-80.5856,32.1054],[-80.5861,32.1131]]}},{"type":"Feature","properties":{},"geometry":{"type":"LineString","coordinates":[[-80.5848,32.0979],[-80.5864,32.1054]]}},{"type":"Feature","properties":{},"geometry":{"type":"LineString","coordinates":[[-80.5848,32.0979],[-80.5856,32.0978]]}},{"type":"Feature","properties":{},"geometry":{"type":"LineString","coordinates":[[-80.5848,32.0979],[-80.5844,32.0979]]}},{"type":"Feature","properties":{},"geometry":{"type":"LineString","coordinates":[[-80.5848,32.0979],[-80.5852,32.1055]]}},{"type":"Feature","properties":{},"geometry":{"type":"LineString","coordinates":[[-79.8956,32.8342],[-79.8945,32.8334]]}},{"type":"Feature","properties":{},"geometry":{"type":"LineString","coordinates":[[-79.8956,32.8342],[-79.8951,32.8338]]}},{"type":"Feature","properties":{},"geometry":{"type":"LineString","coordinates":[[-79.8956,32.8342],[-79.8944,32.8298]]}},{"type":"Feature","properties":{},"geometry":{"type":"LineString","coordinates":[[-79.8956,32.8342],[-79.891,32.8358]]}},{"type":"Feature","properties":{},"geometry":{"type":"LineString","coordinates":[[-79.8956,32.8342],[-79.8947,32.8301]]}},{"type":"Feature","properties":{},"geometry":{"type":"LineString","coordinates":[[-79.8956,32.8342],[-79.8914,32.836]]}},{"type":"Feature","properties":{},"geometry":{"type":"LineString","coordinates":[[-79.8956,32.8342],[-79.8951,32.8303]]}},{"type":"Feature","properties":{},"geometry":{"type":"LineString","coordinates":[[-79.8956,32.8342],[-79.8918,32.8362]]}},{"type":"Feature","properties":{},"geometry":{"type":"LineString","coordinates":[[-79.8956,32.8342],[-79.8954,32.8305]]}},{"type":"Feature","properties":{},"geometry":{"type":"LineString","coordinates":[[-79.8956,32.8342],[-79.8922,32.8364]]}},{"type":"Feature","properties":{},"geometry":{"type":"LineString","coordinates":[[-79.8956,32.8342],[-79.8944,32.8368]]}},{"type":"Feature","properties":{},"geometry":{"type":"LineString","coordinates":[[-79.8491,32.741],[-79.8542,32.7459]]}},{"type":"Feature","properties":{},"geometry":{"type":"LineString","coordinates":[[-79.8491,32.741],[-79.843,32.737]]}},{"type":"Feature","properties":{},"geometry":{"type":"LineString","coordinates":[[-79.8491,32.741],[-79.8487,32.7415]]}},{"type":"Feature","properties":{},"geometry":{"type":"LineString","coordinates":[[-79.8491,32.741],[-79.8538,32.7464]]}},{"type":"Feature","properties":{},"geometry":{"type":"LineString","coordinates":[[-79.8491,32.741],[-79.8477,32.7392]]}},{"type":"Feature","properties":{},"geometry":{"type":"LineString","coordinates":[[-79.8491,32.741],[-79.8425,32.7375]]}},{"type":"Feature","properties":{},"geometry":{"type":"LineString","coordinates":[[-79.8491,32.741],[-79.8534,32.7468]]}},{"type":"Feature","properties":{},"geometry":{"type":"LineString","coordinates":[[-79.8491,32.741],[-79.8482,32.742]]}},{"type":"Feature","properties":{},"geometry":{"type":"LineString","coordinates":[[-79.8542,32.7459],[-79.8594,32.7508]]}},{"type":"Feature","properties":{},"geometry":{"type":"LineString","coordinates":[[-79.8542,32.7459],[-79.8487,32.7415]]}},{"type":"Feature","properties":{},"geometry":{"type":"LineString","coordinates":[[-79.8542,32.7459],[-79.8538,32.7464]]}},{"type":"Feature","properties":{},"geometry":{"type":"LineString","coordinates":[[-79.8542,32.7459],[-79.859,32.7512]]}},{"type":"Feature","properties":{},"geometry":{"type":"LineString","coordinates":[[-79.8542,32.7459],[-79.8586,32.7516]]}},{"type":"Feature","properties":{},"geometry":{"type":"LineString","coordinates":[[-79.8542,32.7459],[-79.8534,32.7468]]}},{"type":"Feature","properties":{},"geometry":{"type":"LineString","coordinates":[[-79.8542,32.7459],[-79.8482,32.742]]}},{"type":"Feature","properties":{},"geometry":{"type":"LineString","coordinates":[[-79.8594,32.7508],[-79.8645,32.7557]]}},{"type":"Feature","properties":{},"geometry":{"type":"LineString","coordinates":[[-79.8594,32.7508],[-79.8538,32.7464]]}},{"type":"Feature","properties":{},"geometry":{"type":"LineString","coordinates":[[-79.8594,32.7508],[-79.859,32.7512]]}},{"type":"Feature","properties":{},"geometry":{"type":"LineString","coordinates":[[-79.8594,32.7508],[-79.8641,32.7561]]}},{"type":"Feature","properties":{},"geometry":{"type":"LineString","coordinates":[[-79.8594,32.7508],[-79.8615,32.7556]]}},{"type":"Feature","properties":{},"geometry":{"type":"LineString","coordinates":[[-79.8594,32.7508],[-79.8639,32.7564]]}},{"type":"Feature","properties":{},"geometry":{"type":"LineString","coordinates":[[-79.8594,32.7508],[-79.8586,32.7516]]}},{"type":"Feature","properties":{},"geometry":{"type":"LineString","coordinates":[[-79.8594,32.7508],[-79.8534,32.7468]]}},{"type":"Feature","properties":{},"geometry":{"type":"LineString","coordinates":[[-79.8645,32.7557],[-79.859,32.7512]]}},{"type":"Feature","properties":{},"geometry":{"type":"LineString","coordinates":[[-79.8645,32.7557],[-79.8641,32.7561]]}},{"type":"Feature","properties":{},"geometry":{"type":"LineString","coordinates":[[-79.8645,32.7557],[-79.8704,32.7607]]}},{"type":"Feature","properties":{},"geometry":{"type":"LineString","coordinates":[[-79.8645,32.7557],[-79.8615,32.7556]]}},{"type":"Feature","properties":{},"geometry":{"type":"LineString","coordinates":[[-79.8645,32.7557],[-79.8707,32.7604]]}},{"type":"Feature","properties":{},"geometry":{"type":"LineString","coordinates":[[-79.8645,32.7557],[-79.8701,32.761]]}},{"type":"Feature","properties":{},"geometry":{"type":"LineString","coordinates":[[-79.8645,32.7557],[-79.8639,32.7564]]}},{"type":"Feature","properties":{},"geometry":{"type":"LineString","coordinates":[[-79.8645,32.7557],[-79.8586,32.7516]]}},{"type":"Feature","properties":{},"geometry":{"type":"LineString","coordinates":[[-79.2817,33.3598],[-79.2855,33.3656]]}},{"type":"Feature","properties":{},"geometry":{"type":"LineString","coordinates":[[-79.2817,33.3598],[-79.2818,33.3599]]}},{"type":"Feature","properties":{},"geometry":{"type":"LineString","coordinates":[[-79.2817,33.3598],[-79.2817,33.3598]]}},{"type":"Feature","properties":{},"geometry":{"type":"LineString","coordinates":[[-79.2817,33.3598],[-79.2823,33.3564]]}},{"type":"Feature","properties":{},"geometry":{"type":"LineString","coordinates":[[-79.2817,33.3598],[-79.2828,33.3566]]}},{"type":"Feature","properties":{},"geometry":{"type":"LineString","coordinates":[[-79.2817,33.3598],[-79.2838,33.3568]]}},{"type":"Feature","properties":{},"geometry":{"type":"LineString","coordinates":[[-79.2817,33.3598],[-79.2872,33.3586]]}},{"type":"Feature","properties":{},"geometry":{"type":"LineString","coordinates":[[-79.2817,33.3598],[-79.2816,33.3597]]}},{"type":"Feature","properties":{},"geometry":{"type":"LineString","coordinates":[[-79.2817,33.3598],[-79.279,33.3498]]}},{"type":"Feature","properties":{},"geometry":{"type":"LineString","coordinates":[[-79.2855,33.3656],[-79.2884,33.3656]]}},{"type":"Feature","properties":{},"geometry":{"type":"LineString","coordinates":[[-79.2855,33.3656],[-79.2875,33.3596]]}},{"type":"Feature","properties":{},"geometry":{"type":"LineString","coordinates":[[-79.2855,33.3656],[-79.2856,33.3655]]}},{"type":"Feature","properties":{},"geometry":{"type":"LineString","coordinates":[[-79.2855,33.3656],[-79.2854,33.3657]]}},{"type":"Feature","properties":{},"geometry":{"type":"LineString","coordinates":[[-79.2855,33.3656],[-79.2894,33.3644]]}},{"type":"Feature","properties":{},"geometry":{"type":"LineString","coordinates":[[-79.2855,33.3656],[-79.2891,33.3648]]}},{"type":"Feature","properties":{},"geometry":{"type":"LineString","coordinates":[[-79.2855,33.3656],[-79.2854,33.3659]]}},{"type":"Feature","properties":{},"geometry":{"type":"LineString","coordinates":[[-79.9309,32.8392],[-79.9274,32.8396]]}},{"type":"Feature","properties":{},"geometry":{"type":"LineString","coordinates":[[-79.9309,32.8392],[-79.9298,32.8395]]}},{"type":"Feature","properties":{},"geometry":{"type":"LineString","coordinates":[[-79.9309,32.8392],[-79.9304,32.8394]]}},{"type":"Feature","properties":{},"geometry":{"type":"LineString","coordinates":[[-79.9309,32.8392],[-79.932,32.8387]]}},{"type":"Feature","properties":{},"geometry":{"type":"LineString","coordinates":[[-79.9309,32.8392],[-79.929,32.8395]]}},{"type":"Feature","properties":{},"geometry":{"type":"LineString","coordinates":[[-79.9309,32.8392],[-79.9282,32.8396]]}},{"type":"Feature","properties":{},"geometry":{"type":"LineString","coordinates":[[-80.9963,32.0977],[-81.0044,32.099]]}},{"type":"Feature","properties":{},"geometry":{"type":"LineString","coordinates":[[-80.9963,32.0977],[-80.9969,32.0968]]}},{"type":"Feature","properties":{},"geometry":{"type":"LineString","coordinates":[[-80.9963,32.0977],[-81.0043,32.0981]]}},{"type":"Feature","properties":{},"geometry":{"type":"LineString","coordinates":[[-80.9963,32.0977],[-80.9922,32.0949]]}},{"type":"Feature","properties":{},"geometry":{"type":"LineString","coordinates":[[-80.9963,32.0977],[-80.996,32.0981]]}},{"type":"Feature","properties":{},"geometry":{"type":"LineString","coordinates":[[-80.9963,32.0977],[-81.0043,32.0994]]}},{"type":"Feature","properties":{},"geometry":{"type":"LineString","coordinates":[[-80.9963,32.0977],[-80.9928,32.0914]]}},{"type":"Feature","properties":{},"geometry":{"type":"LineString","coordinates":[[-80.9963,32.0977],[-80.9912,32.0914]]}},{"type":"Feature","properties":{},"geometry":{"type":"LineString","coordinates":[[-81.0044,32.099],[-81.0124,32.1003]]}},{"type":"Feature","properties":{},"geometry":{"type":"LineString","coordinates":[[-81.0044,32.099],[-80.9969,32.0968]]}},{"type":"Feature","properties":{},"geometry":{"type":"LineString","coordinates":[[-81.0044,32.099],[-81.0043,32.0981]]}},{"type":"Feature","properties":{},"geometry":{"type":"LineString","coordinates":[[-81.0044,32.099],[-81.0118,32.0993]]}},{"type":"Feature","properties":{},"geometry":{"type":"LineString","coordinates":[[-81.0044,32.099],[-81.0043,32.0994]]}},{"type":"Feature","properties":{},"geometry":{"type":"LineString","coordinates":[[-81.0044,32.099],[-81.0125,32.1007]]}},{"type":"Feature","properties":{},"geometry":{"type":"LineString","coordinates":[[-81.0124,32.1003],[-81.0192,32.0934]]}},{"type":"Feature","properties":{},"geometry":{"type":"LineString","coordinates":[[-81.0124,32.1003],[-81.0043,32.0981]]}},{"type":"Feature","properties":{},"geometry":{"type":"LineString","coordinates":[[-81.0124,32.1003],[-81.0118,32.0993]]}},{"type":"Feature","properties":{},"geometry":{"type":"LineString","coordinates":[[-81.0124,32.1003],[-81.0186,32.0935]]}},{"type":"Feature","properties":{},"geometry":{"type":"LineString","coordinates":[[-81.0124,32.1003],[-81.0043,32.0994]]}},{"type":"Feature","properties":{},"geometry":{"type":"LineString","coordinates":[[-81.0124,32.1003],[-81.0125,32.1007]]}},{"type":"Feature","properties":{},"geometry":{"type":"LineString","coordinates":[[-80.9866,32.0802],[-80.988,32.085]]}},{"type":"Feature","properties":{},"geometry":{"type":"LineString","coordinates":[[-80.9866,32.0802],[-80.9839,32.0792]]}},{"type":"Feature","properties":{},"geometry":{"type":"LineString","coordinates":[[-80.9866,32.0802],[-80.9848,32.0824]]}},{"type":"Feature","properties":{},"geometry":{"type":"LineString","coordinates":[[-80.9866,32.0802],[-80.9883,32.0846]]}},{"type":"Feature","properties":{},"geometry":{"type":"LineString","coordinates":[[-80.9866,32.0802],[-80.9843,32.0789]]}},{"type":"Feature","properties":{},"geometry":{"type":"LineString","coordinates":[[-80.9866,32.0802],[-80.9876,32.0853]]}},{"type":"Feature","properties":{},"geometry":{"type":"LineString","coordinates":[[-80.9866,32.0802],[-80.9836,32.0796]]}},{"type":"Feature","properties":{},"geometry":{"type":"LineString","coordinates":[[-80.9866,32.0802],[-80.9895,32.0849]]}},{"type":"Feature","properties":{},"geometry":{"type":"LineString","coordinates":[[-80.9866,32.0802],[-80.9872,32.0857]]}},{"type":"Feature","properties":{},"geometry":{"type":"LineString","coordinates":[[-80.9866,32.0802],[-80.9833,32.08]]}},{"type":"Feature","properties":{},"geometry":{"type":"LineString","coordinates":[[-80.9866,32.0802],[-80.9812,32.0769]]}},{"type":"Feature","properties":{},"geometry":{"type":"LineString","coordinates":[[-80.9004,32.0348],[-80.905,32.036]]}},{"type":"Feature","properties":{},"geometry":{"type":"LineString","coordinates":[[-80.9004,32.0348],[-80.8979,32.0348]]}},{"type":"Feature","properties":{},"geometry":{"type":"LineString","coordinates":[[-80.9004,32.0348],[-80.9049,32.0363]]}},{"type":"Feature","properties":{},"geometry":{"type":"LineString","coordinates":[[-80.9004,32.0348],[-80.8979,32.0351]]}},{"type":"Feature","properties":{},"geometry":{"type":"LineString","coordinates":[[-80.9004,32.0348],[-80.9051,32.0357]]}},{"type":"Feature","properties":{},"geometry":{"type":"LineString","coordinates":[[-80.9004,32.0348],[-80.898,32.0345]]}},{"type":"Feature","properties":{},"geometry":{"type":"LineString","coordinates":[[-80.9004,32.0348],[-80.9048,32.0366]]}},{"type":"Feature","properties":{},"geometry":{"type":"LineString","coordinates":[[-80.9004,32.0348],[-80.8979,32.0354]]}},{"type":"Feature","properties":{},"geometry":{"type":"LineString","coordinates":[[-81.1795,31.8008],[-81.1791,31.8017]]}},{"type":"Feature","properties":{},"geometry":{"type":"LineString","coordinates":[[-80.8902,32.0349],[-80.8818,32.0355]]}},{"type":"Feature","properties":{},"geometry":{"type":"LineString","coordinates":[[-80.8902,32.0349],[-80.8902,32.0342]]}},{"type":"Feature","properties":{},"geometry":{"type":"LineString","coordinates":[[-80.8902,32.0349],[-80.8819,32.0347]]}},{"type":"Feature","properties":{},"geometry":{"type":"LineString","coordinates":[[-80.8902,32.0349],[-80.8979,32.0348]]}},{"type":"Feature","properties":{},"geometry":{"type":"LineString","coordinates":[[-80.8902,32.0349],[-80.8902,32.0345]]}},{"type":"Feature","properties":{},"geometry":{"type":"LineString","coordinates":[[-80.8902,32.0349],[-80.8819,32.0351]]}},{"type":"Feature","properties":{},"geometry":{"type":"LineString","coordinates":[[-80.8902,32.0349],[-80.8979,32.0351]]}},{"type":"Feature","properties":{},"geometry":{"type":"LineString","coordinates":[[-80.8902,32.0349],[-80.898,32.0345]]}},{"type":"Feature","properties":{},"geometry":{"type":"LineString","coordinates":[[-80.8902,32.0349],[-80.8979,32.0354]]}},{"type":"Feature","properties":{},"geometry":{"type":"LineString","coordinates":[[-80.8902,32.0349],[-80.8902,32.0352]]}},{"type":"Feature","properties":{},"geometry":{"type":"LineString","coordinates":[[-80.8902,32.0349],[-80.8818,32.0358]]}},{"type":"Feature","properties":{},"geometry":{"type":"LineString","coordinates":[[-80.8818,32.0355],[-80.8735,32.036]]}},{"type":"Feature","properties":{},"geometry":{"type":"LineString","coordinates":[[-80.8818,32.0355],[-80.8819,32.0347]]}},{"type":"Feature","properties":{},"geometry":{"type":"LineString","coordinates":[[-80.8818,32.0355],[-80.8736,32.0353]]}},{"type":"Feature","properties":{},"geometry":{"type":"LineString","coordinates":[[-80.8818,32.0355],[-80.8902,32.0345]]}},{"type":"Feature","properties":{},"geometry":{"type":"LineString","coordinates":[[-80.8818,32.0355],[-80.8819,32.0351]]}},{"type":"Feature","properties":{},"geometry":{"type":"LineString","coordinates":[[-80.8818,32.0355],[-80.8735,32.0357]]}},{"type":"Feature","properties":{},"geometry":{"type":"LineString","coordinates":[[-80.8818,32.0355],[-80.8902,32.0352]]}},{"type":"Feature","properties":{},"geometry":{"type":"LineString","coordinates":[[-80.8818,32.0355],[-80.8818,32.0358]]}},{"type":"Feature","properties":{},"geometry":{"type":"LineString","coordinates":[[-80.8818,32.0355],[-80.8735,32.0364]]}},{"type":"Feature","properties":{},"geometry":{"type":"LineString","coordinates":[[-80.8735,32.036],[-80.8652,32.0366]]}},{"type":"Feature","properties":{},"geometry":{"type":"LineString","coordinates":[[-80.8735,32.036],[-80.8819,32.0347]]}},{"type":"Feature","properties":{},"geometry":{"type":"LineString","coordinates":[[-80.8735,32.036],[-80.8736,32.0353]]}},{"type":"Feature","properties":{},"geometry":{"type":"LineString","coordinates":[[-80.8735,32.036],[-80.8652,32.0359]]}},{"type":"Feature","properties":{},"geometry":{"type":"LineString","coordinates":[[-80.8735,32.036],[-80.8819,32.0351]]}},{"type":"Feature","properties":{},"geometry":{"type":"LineString","coordinates":[[-80.8735,32.036],[-80.8735,32.0357]]}},{"type":"Feature","properties":{},"geometry":{"type":"LineString","coordinates":[[-80.8735,32.036],[-80.8652,32.0362]]}},{"type":"Feature","properties":{},"geometry":{"type":"LineString","coordinates":[[-80.8735,32.036],[-80.8818,32.0358]]}},{"type":"Feature","properties":{},"geometry":{"type":"LineString","coordinates":[[-80.8735,32.036],[-80.8735,32.0364]]}},{"type":"Feature","properties":{},"geometry":{"type":"LineString","coordinates":[[-80.8735,32.036],[-80.8652,32.037]]}},{"type":"Feature","properties":{},"geometry":{"type":"LineString","coordinates":[[-80.8652,32.0366],[-80.8569,32.0372]]}},{"type":"Feature","properties":{},"geometry":{"type":"LineString","coordinates":[[-80.8652,32.0366],[-80.8736,32.0353]]}},{"type":"Feature","properties":{},"geometry":{"type":"LineString","coordinates":[[-80.8652,32.0366],[-80.8652,32.0359]]}},{"type":"Feature","properties":{},"geometry":{"type":"LineString","coordinates":[[-80.8652,32.0366],[-80.8569,32.0364]]}},{"type":"Feature","properties":{},"geometry":{"type":"LineString","coordinates":[[-80.8652,32.0366],[-80.8735,32.0357]]}},{"type":"Feature","properties":{},"geometry":{"type":"LineString","coordinates":[[-80.8652,32.0366],[-80.8652,32.0362]]}},{"type":"Feature","properties":{},"geometry":{"type":"LineString","coordinates":[[-80.8652,32.0366],[-80.8569,32.0368]]}},{"type":"Feature","properties":{},"geometry":{"type":"LineString","coordinates":[[-80.8652,32.0366],[-80.8735,32.0364]]}},{"type":"Feature","properties":{},"geometry":{"type":"LineString","coordinates":[[-80.8652,32.0366],[-80.8652,32.037]]}},{"type":"Feature","properties":{},"geometry":{"type":"LineString","coordinates":[[-80.8652,32.0366],[-80.8568,32.0376]]}},{"type":"Feature","properties":{},"geometry":{"type":"LineString","coordinates":[[-80.8569,32.0372],[-80.8485,32.0378]]}},{"type":"Feature","properties":{},"geometry":{"type":"LineString","coordinates":[[-80.8569,32.0372],[-80.8652,32.0359]]}},{"type":"Feature","properties":{},"geometry":{"type":"LineString","coordinates":[[-80.8569,32.0372],[-80.8569,32.0364]]}},{"type":"Feature","properties":{},"geometry":{"type":"LineString","coordinates":[[-80.8569,32.0372],[-80.8486,32.037]]}},{"type":"Feature","properties":{},"geometry":{"type":"LineString","coordinates":[[-80.8569,32.0372],[-80.8652,32.0362]]}},{"type":"Feature","properties":{},"geometry":{"type":"LineString","coordinates":[[-80.8569,32.0372],[-80.8569,32.0368]]}},{"type":"Feature","properties":{},"geometry":{"type":"LineString","coordinates":[[-80.8569,32.0372],[-80.8486,32.0374]]}},{"type":"Feature","properties":{},"geometry":{"type":"LineString","coordinates":[[-80.8569,32.0372],[-80.8652,32.037]]}},{"type":"Feature","properties":{},"geometry":{"type":"LineString","coordinates":[[-80.8569,32.0372],[-80.8568,32.0376]]}},{"type":"Feature","properties":{},"geometry":{"type":"LineString","coordinates":[[-80.8569,32.0372],[-80.8485,32.0382]]}},{"type":"Feature","properties":{},"geometry":{"type":"LineString","coordinates":[[-80.8485,32.0378],[-80.8569,32.0364]]}},{"type":"Feature","properties":{},"geometry":{"type":"LineString","coordinates":[[-80.8485,32.0378],[-80.8486,32.037]]}},{"type":"Feature","properties":{},"geometry":{"type":"LineString","coordinates":[[-80.8485,32.0378],[-80.8569,32.0368]]}},{"type":"Feature","properties":{},"geometry":{"type":"LineString","coordinates":[[-80.8485,32.0378],[-80.8486,32.0374]]}},{"type":"Feature","properties":{},"geometry":{"type":"LineString","coordinates":[[-80.8485,32.0378],[-80.8404,32.0368]]}},{"type":"Feature","properties":{},"geometry":{"type":"LineString","coordinates":[[-80.8485,32.0378],[-80.8401,32.0384]]}},{"type":"Feature","properties":{},"geometry":{"type":"LineString","coordinates":[[-80.8485,32.0378],[-80.8403,32.0374]]}},{"type":"Feature","properties":{},"geometry":{"type":"LineString","coordinates":[[-80.8485,32.0378],[-80.8568,32.0376]]}},{"type":"Feature","properties":{},"geometry":{"type":"LineString","coordinates":[[-80.8485,32.0378],[-80.8485,32.0382]]}},{"type":"Feature","properties":{},"geometry":{"type":"LineString","coordinates":[[-79.2799,33.3422],[-79.2822,33.3345]]}},{"type":"Feature","properties":{},"geometry":{"type":"LineString","coordinates":[[-79.2799,33.3422],[-79.2803,33.3422]]}},{"type":"Feature","properties":{},"geometry":{"type":"LineString","coordinates":[[-79.2799,33.3422],[-79.2827,33.3345]]}},{"type":"Feature","properties":{},"geometry":{"type":"LineString","coordinates":[[-79.2799,33.3422],[-79.2784,33.3492]]}},{"type":"Feature","properties":{},"geometry":{"type":"LineString","coordinates":[[-79.2799,33.3422],[-79.2789,33.3493]]}},{"type":"Feature","properties":{},"geometry":{"type":"LineString","coordinates":[[-79.2799,33.3422],[-79.2787,33.3423]]}},{"type":"Feature","properties":{},"geometry":{"type":"LineString","coordinates":[[-79.2799,33.3422],[-79.2812,33.3346]]}},{"type":"Feature","properties":{},"geometry":{"type":"LineString","coordinates":[[-79.2799,33.3422],[-79.2793,33.3423]]}},{"type":"Feature","properties":{},"geometry":{"type":"LineString","coordinates":[[-79.2799,33.3422],[-79.2817,33.3346]]}},{"type":"Feature","properties":{},"geometry":{"type":"LineString","coordinates":[[-79.2799,33.3422],[-79.28,33.3494]]}},{"type":"Feature","properties":{},"geometry":{"type":"LineString","coordinates":[[-79.2799,33.3422],[-79.2798,33.3414]]}},{"type":"Feature","properties":{},"geometry":{"type":"LineString","coordinates":[[-79.2822,33.3345],[-79.2846,33.3268]]}},{"type":"Feature","properties":{},"geometry":{"type":"LineString","coordinates":[[-79.2822,33.3345],[-79.2803,33.3422]]}},{"type":"Feature","properties":{},"geometry":{"type":"LineString","coordinates":[[-79.2822,33.3345],[-79.2827,33.3345]]}},{"type":"Feature","properties":{},"geometry":{"type":"LineString","coordinates":[[-79.2822,33.3345],[-79.285,33.3268]]}},{"type":"Feature","properties":{},"geometry":{"type":"LineString","coordinates":[[-79.2822,33.3345],[-79.2812,33.3346]]}},{"type":"Feature","properties":{},"geometry":{"type":"LineString","coordinates":[[-79.2822,33.3345],[-79.2836,33.3269]]}},{"type":"Feature","properties":{},"geometry":{"type":"LineString","coordinates":[[-79.2822,33.3345],[-79.2793,33.3423]]}},{"type":"Feature","properties":{},"geometry":{"type":"LineString","coordinates":[[-79.2822,33.3345],[-79.2817,33.3346]]}},{"type":"Feature","properties":{},"geometry":{"type":"LineString","coordinates":[[-79.2822,33.3345],[-79.2841,33.3269]]}},{"type":"Feature","properties":{},"geometry":{"type":"LineString","coordinates":[[-79.2822,33.3345],[-79.2831,33.3347]]}},{"type":"Feature","properties":{},"geometry":{"type":"LineString","coordinates":[[-79.2846,33.3268],[-79.2869,33.3191]]}},{"type":"Feature","properties":{},"geometry":{"type":"LineString","coordinates":[[-79.2846,33.3268],[-79.2827,33.3345]]}},{"type":"Feature","properties":{},"geometry":{"type":"LineString","coordinates":[[-79.2846,33.3268],[-79.285,33.3268]]}},{"type":"Feature","properties":{},"geometry":{"type":"LineString","coordinates":[[-79.2846,33.3268],[-79.2874,33.3191]]}},{"type":"Feature","properties":{},"geometry":{"type":"LineString","coordinates":[[-79.2846,33.3268],[-79.2812,33.3346]]}},{"type":"Feature","properties":{},"geometry":{"type":"LineString","coordinates":[[-79.2846,33.3268],[-79.2836,33.3269]]}},{"type":"Feature","properties":{},"geometry":{"type":"LineString","coordinates":[[-79.2846,33.3268],[-79.2861,33.3192]]}},{"type":"Feature","properties":{},"geometry":{"type":"LineString","coordinates":[[-79.2846,33.3268],[-79.2817,33.3346]]}},{"type":"Feature","properties":{},"geometry":{"type":"LineString","coordinates":[[-79.2846,33.3268],[-79.2841,33.3269]]}},{"type":"Feature","properties":{},"geometry":{"type":"LineString","coordinates":[[-79.2846,33.3268],[-79.2865,33.3191]]}},{"type":"Feature","properties":{},"geometry":{"type":"LineString","coordinates":[[-79.2846,33.3268],[-79.2861,33.3278]]}},{"type":"Feature","properties":{},"geometry":{"type":"LineString","coordinates":[[-79.2869,33.3191],[-79.2868,33.3093]]}},{"type":"Feature","properties":{},"geometry":{"type":"LineString","coordinates":[[-79.2869,33.3191],[-79.285,33.3268]]}},{"type":"Feature","properties":{},"geometry":{"type":"LineString","coordinates":[[-79.2869,33.3191],[-79.2874,33.3191]]}},{"type":"Feature","properties":{},"geometry":{"type":"LineString","coordinates":[[-79.2869,33.3191],[-79.2856,33.3096]]}},{"type":"Feature","properties":{},"geometry":{"type":"LineString","coordinates":[[-79.2869,33.3191],[-79.286,33.3095]]}},{"type":"Feature","properties":{},"geometry":{"type":"LineString","coordinates":[[-79.2869,33.3191],[-79.2836,33.3269]]}},{"type":"Feature","properties":{},"geometry":{"type":"LineString","coordinates":[[-79.2869,33.3191],[-79.2861,33.3192]]}},{"type":"Feature","properties":{},"geometry":{"type":"LineString","coordinates":[[-79.2869,33.3191],[-79.2841,33.3269]]}},{"type":"Feature","properties":{},"geometry":{"type":"LineString","coordinates":[[-79.2869,33.3191],[-79.2865,33.3191]]}},{"type":"Feature","properties":{},"geometry":{"type":"LineString","coordinates":[[-79.2869,33.3191],[-79.2881,33.318]]}},{"type":"Feature","properties":{},"geometry":{"type":"LineString","coordinates":[[-79.5428,32.5938],[-79.5499,32.5972]]}},{"type":"Feature","properties":{},"geometry":{"type":"LineString","coordinates":[[-79.5428,32.5938],[-79.5417,32.5955]]}},{"type":"Feature","properties":{},"geometry":{"type":"LineString","coordinates":[[-79.5428,32.5938],[-79.5488,32.5989]]}},{"type":"Feature","properties":{},"geometry":{"type":"LineString","coordinates":[[-79.5428,32.5938],[-79.542,32.5949]]}},{"type":"Feature","properties":{},"geometry":{"type":"LineString","coordinates":[[-79.5428,32.5938],[-79.5492,32.5984]]}},{"type":"Feature","properties":{},"geometry":{"type":"LineString","coordinates":[[-79.5428,32.5938],[-79.5424,32.5944]]}},{"type":"Feature","properties":{},"geometry":{"type":"LineString","coordinates":[[-79.5428,32.5938],[-79.5495,32.5978]]}},{"type":"Feature","properties":{},"geometry":{"type":"LineString","coordinates":[[-79.5499,32.5972],[-79.5571,32.6006]]}},{"type":"Feature","properties":{},"geometry":{"type":"LineString","coordinates":[[-79.5499,32.5972],[-79.5417,32.5955]]}},{"type":"Feature","properties":{},"geometry":{"type":"LineString","coordinates":[[-79.5499,32.5972],[-79.5488,32.5989]]}},{"type":"Feature","properties":{},"geometry":{"type":"LineString","coordinates":[[-79.5499,32.5972],[-79.5559,32.6023]]}},{"type":"Feature","properties":{},"geometry":{"type":"LineString","coordinates":[[-79.5499,32.5972],[-79.542,32.5949]]}},{"type":"Feature","properties":{},"geometry":{"type":"LineString","coordinates":[[-79.5499,32.5972],[-79.5492,32.5984]]}},{"type":"Feature","properties":{},"geometry":{"type":"LineString","coordinates":[[-79.5499,32.5972],[-79.5563,32.6018]]}},{"type":"Feature","properties":{},"geometry":{"type":"LineString","coordinates":[[-79.5499,32.5972],[-79.5424,32.5944]]}},{"type":"Feature","properties":{},"geometry":{"type":"LineString","coordinates":[[-79.5499,32.5972],[-79.5495,32.5978]]}},{"type":"Feature","properties":{},"geometry":{"type":"LineString","coordinates":[[-79.5499,32.5972],[-79.5567,32.6012]]}},{"type":"Feature","properties":{},"geometry":{"type":"LineString","coordinates":[[-79.5571,32.6006],[-79.5642,32.6041]]}},{"type":"Feature","properties":{},"geometry":{"type":"LineString","coordinates":[[-79.5571,32.6006],[-79.5559,32.6023]]}},{"type":"Feature","properties":{},"geometry":{"type":"LineString","coordinates":[[-79.5571,32.6006],[-79.5631,32.6057]]}},{"type":"Feature","properties":{},"geometry":{"type":"LineString","coordinates":[[-79.5571,32.6006],[-79.5492,32.5984]]}},{"type":"Feature","properties":{},"geometry":{"type":"LineString","coordinates":[[-79.5571,32.6006],[-79.5563,32.6018]]}},{"type":"Feature","properties":{},"geometry":{"type":"LineString","coordinates":[[-79.5571,32.6006],[-79.5635,32.6052]]}},{"type":"Feature","properties":{},"geometry":{"type":"LineString","coordinates":[[-79.5571,32.6006],[-79.5495,32.5978]]}},{"type":"Feature","properties":{},"geometry":{"type":"LineString","coordinates":[[-79.5571,32.6006],[-79.5567,32.6012]]}},{"type":"Feature","properties":{},"geometry":{"type":"LineString","coordinates":[[-79.5571,32.6006],[-79.5638,32.6046]]}},{"type":"Feature","properties":{},"geometry":{"type":"LineString","coordinates":[[-79.5642,32.6041],[-79.5714,32.6075]]}},{"type":"Feature","properties":{},"geometry":{"type":"LineString","coordinates":[[-79.5642,32.6041],[-79.5631,32.6057]]}},{"type":"Feature","properties":{},"geometry":{"type":"LineString","coordinates":[[-79.5642,32.6041],[-79.5702,32.6091]]}},{"type":"Feature","properties":{},"geometry":{"type":"LineString","coordinates":[[-79.5642,32.6041],[-79.5563,32.6018]]}},{"type":"Feature","properties":{},"geometry":{"type":"LineString","coordinates":[[-79.5642,32.6041],[-79.5635,32.6052]]}},{"type":"Feature","properties":{},"geometry":{"type":"LineString","coordinates":[[-79.5642,32.6041],[-79.5706,32.6086]]}},{"type":"Feature","properties":{},"geometry":{"type":"LineString","coordinates":[[-79.5642,32.6041],[-79.5567,32.6012]]}},{"type":"Feature","properties":{},"geometry":{"type":"LineString","coordinates":[[-79.5642,32.6041],[-79.5638,32.6046]]}},{"type":"Feature","properties":{},"geometry":{"type":"LineString","coordinates":[[-79.5642,32.6041],[-79.571,32.608]]}},{"type":"Feature","properties":{},"geometry":{"type":"LineString","coordinates":[[-79.5714,32.6075],[-79.5785,32.6109]]}},{"type":"Feature","properties":{},"geometry":{"type":"LineString","coordinates":[[-79.5714,32.6075],[-79.5702,32.6091]]}},{"type":"Feature","properties":{},"geometry":{"type":"LineString","coordinates":[[-79.5714,32.6075],[-79.5773,32.6125]]}},{"type":"Feature","properties":{},"geometry":{"type":"LineString","coordinates":[[-79.5714,32.6075],[-79.5635,32.6052]]}},{"type":"Feature","properties":{},"geometry":{"type":"LineString","coordinates":[[-79.5714,32.6075],[-79.5706,32.6086]]}},{"type":"Feature","properties":{},"geometry":{"type":"LineString","coordinates":[[-79.5714,32.6075],[-79.5777,32.612]]}},{"type":"Feature","properties":{},"geometry":{"type":"LineString","coordinates":[[-79.5714,32.6075],[-79.5638,32.6046]]}},{"type":"Feature","properties":{},"geometry":{"type":"LineString","coordinates":[[-79.5714,32.6075],[-79.571,32.608]]}},{"type":"Feature","properties":{},"geometry":{"type":"LineString","coordinates":[[-79.5714,32.6075],[-79.5781,32.6114]]}},{"type":"Feature","properties":{},"geometry":{"type":"LineString","coordinates":[[-79.5785,32.6109],[-79.5857,32.6143]]}},{"type":"Feature","properties":{},"geometry":{"type":"LineString","coordinates":[[-79.5785,32.6109],[-79.5773,32.6125]]}},{"type":"Feature","properties":{},"geometry":{"type":"LineString","coordinates":[[-79.5785,32.6109],[-79.5845,32.6159]]}},{"type":"Feature","properties":{},"geometry":{"type":"LineString","coordinates":[[-79.5785,32.6109],[-79.5706,32.6086]]}},{"type":"Feature","properties":{},"geometry":{"type":"LineString","coordinates":[[-79.5785,32.6109],[-79.5777,32.612]]}},{"type":"Feature","properties":{},"geometry":{"type":"LineString","coordinates":[[-79.5785,32.6109],[-79.5849,32.6154]]}},{"type":"Feature","properties":{},"geometry":{"type":"LineString","coordinates":[[-79.5785,32.6109],[-79.571,32.608]]}},{"type":"Feature","properties":{},"geometry":{"type":"LineString","coordinates":[[-79.5785,32.6109],[-79.5781,32.6114]]}},{"type":"Feature","properties":{},"geometry":{"type":"LineString","coordinates":[[-79.5785,32.6109],[-79.5853,32.6148]]}},{"type":"Feature","properties":{},"geometry":{"type":"LineString","coordinates":[[-79.5857,32.6143],[-79.5928,32.6177]]}},{"type":"Feature","properties":{},"geometry":{"type":"LineString","coordinates":[[-79.5857,32.6143],[-79.5845,32.6159]]}},{"type":"Feature","properties":{},"geometry":{"type":"LineString","coordinates":[[-79.5857,32.6143],[-79.5916,32.6193]]}},{"type":"Feature","properties":{},"geometry":{"type":"LineString","coordinates":[[-79.5857,32.6143],[-79.5777,32.612]]}},{"type":"Feature","properties":{},"geometry":{"type":"LineString","coordinates":[[-79.5857,32.6143],[-79.5849,32.6154]]}},{"type":"Feature","properties":{},"geometry":{"type":"LineString","coordinates":[[-79.5857,32.6143],[-79.592,32.6188]]}},{"type":"Feature","properties":{},"geometry":{"type":"LineString","coordinates":[[-79.5857,32.6143],[-79.5781,32.6114]]}},{"type":"Feature","properties":{},"geometry":{"type":"LineString","coordinates":[[-79.5857,32.6143],[-79.5853,32.6148]]}},{"type":"Feature","properties":{},"geometry":{"type":"LineString","coordinates":[[-79.5857,32.6143],[-79.5924,32.6182]]}},{"type":"Feature","properties":{},"geometry":{"type":"LineString","coordinates":[[-79.5928,32.6177],[-79.6,32.6211]]}},{"type":"Feature","properties":{},"geometry":{"type":"LineString","coordinates":[[-79.5928,32.6177],[-79.5916,32.6193]]}},{"type":"Feature","properties":{},"geometry":{"type":"LineString","coordinates":[[-79.5928,32.6177],[-79.5988,32.6228]]}},{"type":"Feature","properties":{},"geometry":{"type":"LineString","coordinates":[[-79.5928,32.6177],[-79.5849,32.6154]]}},{"type":"Feature","properties":{},"geometry":{"type":"LineString","coordinates":[[-79.5928,32.6177],[-79.592,32.6188]]}},{"type":"Feature","properties":{},"geometry":{"type":"LineString","coordinates":[[-79.5928,32.6177],[-79.5992,32.6222]]}},{"type":"Feature","properties":{},"geometry":{"type":"LineString","coordinates":[[-79.5928,32.6177],[-79.5853,32.6148]]}},{"type":"Feature","properties":{},"geometry":{"type":"LineString","coordinates":[[-79.5928,32.6177],[-79.5924,32.6182]]}},{"type":"Feature","properties":{},"geometry":{"type":"LineString","coordinates":[[-79.5928,32.6177],[-79.5996,32.6217]]}},{"type":"Feature","properties":{},"geometry":{"type":"LineString","coordinates":[[-79.6,32.6211],[-79.6071,32.6245]]}},{"type":"Feature","properties":{},"geometry":{"type":"LineString","coordinates":[[-79.6,32.6211],[-79.5988,32.6228]]}},{"type":"Feature","properties":{},"geometry":{"type":"LineString","coordinates":[[-79.6,32.6211],[-79.6059,32.6262]]}},{"type":"Feature","properties":{},"geometry":{"type":"LineString","coordinates":[[-79.6,32.6211],[-79.592,32.6188]]}},{"type":"Feature","properties":{},"geometry":{"type":"LineString","coordinates":[[-79.6,32.6211],[-79.5992,32.6222]]}},{"type":"Feature","properties":{},"geometry":{"type":"LineString","coordinates":[[-79.6,32.6211],[-79.6063,32.6256]]}},{"type":"Feature","properties":{},"geometry":{"type":"LineString","coordinates":[[-79.6,32.6211],[-79.5924,32.6182]]}},{"type":"Feature","properties":{},"geometry":{"type":"LineString","coordinates":[[-79.6,32.6211],[-79.5996,32.6217]]}},{"type":"Feature","properties":{},"geometry":{"type":"LineString","coordinates":[[-79.6,32.6211],[-79.6067,32.6251]]}},{"type":"Feature","properties":{},"geometry":{"type":"LineString","coordinates":[[-79.6071,32.6245],[-79.6143,32.6279]]}},{"type":"Feature","properties":{},"geometry":{"type":"LineString","coordinates":[[-79.6071,32.6245],[-79.6059,32.6262]]}},{"type":"Feature","properties":{},"geometry":{"type":"LineString","coordinates":[[-79.6071,32.6245],[-79.6131,32.6296]]}},{"type":"Feature","properties":{},"geometry":{"type":"LineString","coordinates":[[-79.6071,32.6245],[-79.5992,32.6222]]}},{"type":"Feature","properties":{},"geometry":{"type":"LineString","coordinates":[[-79.6071,32.6245],[-79.6063,32.6256]]}},{"type":"Feature","properties":{},"geometry":{"type":"LineString","coordinates":[[-79.6071,32.6245],[-79.6135,32.629]]}},{"type":"Feature","properties":{},"geometry":{"type":"LineString","coordinates":[[-79.6071,32.6245],[-79.5996,32.6217]]}},{"type":"Feature","properties":{},"geometry":{"type":"LineString","coordinates":[[-79.6071,32.6245],[-79.6067,32.6251]]}},{"type":"Feature","properties":{},"geometry":{"type":"LineString","coordinates":[[-79.6071,32.6245],[-79.6139,32.6285]]}},{"type":"Feature","properties":{},"geometry":{"type":"LineString","coordinates":[[-79.6143,32.6279],[-79.6214,32.6313]]}},{"type":"Feature","properties":{},"geometry":{"type":"LineString","coordinates":[[-79.6143,32.6279],[-79.6131,32.6296]]}},{"type":"Feature","properties":{},"geometry":{"type":"LineString","coordinates":[[-79.6143,32.6279],[-79.6202,32.633]]}},{"type":"Feature","properties":{},"geometry":{"type":"LineString","coordinates":[[-79.6143,32.6279],[-79.6063,32.6256]]}},{"type":"Feature","properties":{},"geometry":{"type":"LineString","coordinates":[[-79.6143,32.6279],[-79.6135,32.629]]}},{"type":"Feature","properties":{},"geometry":{"type":"LineString","coordinates":[[-79.6143,32.6279],[-79.6206,32.6324]]}},{"type":"Feature","properties":{},"geometry":{"type":"LineString","coordinates":[[-79.6143,32.6279],[-79.6067,32.6251]]}},{"type":"Feature","properties":{},"geometry":{"type":"LineString","coordinates":[[-79.6143,32.6279],[-79.6139,32.6285]]}},{"type":"Feature","properties":{},"geometry":{"type":"LineString","coordinates":[[-79.6143,32.6279],[-79.621,32.6319]]}},{"type":"Feature","properties":{},"geometry":{"type":"LineString","coordinates":[[-79.6214,32.6313],[-79.6286,32.6347]]}},{"type":"Feature","properties":{},"geometry":{"type":"LineString","coordinates":[[-79.6214,32.6313],[-79.6202,32.633]]}},{"type":"Feature","properties":{},"geometry":{"type":"LineString","coordinates":[[-79.6214,32.6313],[-79.6273,32.6364]]}},{"type":"Feature","properties":{},"geometry":{"type":"LineString","coordinates":[[-79.6214,32.6313],[-79.6135,32.629]]}},{"type":"Feature","properties":{},"geometry":{"type":"LineString","coordinates":[[-79.6214,32.6313],[-79.6206,32.6324]]}},{"type":"Feature","properties":{},"geometry":{"type":"LineString","coordinates":[[-79.6214,32.6313],[-79.6277,32.6358]]}},{"type":"Feature","properties":{},"geometry":{"type":"LineString","coordinates":[[-79.6214,32.6313],[-79.6139,32.6285]]}},{"type":"Feature","properties":{},"geometry":{"type":"LineString","coordinates":[[-79.6214,32.6313],[-79.621,32.6319]]}},{"type":"Feature","properties":{},"geometry":{"type":"LineString","coordinates":[[-79.6214,32.6313],[-79.6282,32.6353]]}},{"type":"Feature","properties":{},"geometry":{"type":"LineString","coordinates":[[-79.6286,32.6347],[-79.6357,32.6381]]}},{"type":"Feature","properties":{},"geometry":{"type":"LineString","coordinates":[[-79.6286,32.6347],[-79.6273,32.6364]]}},{"type":"Feature","properties":{},"geometry":{"type":"LineString","coordinates":[[-79.6286,32.6347],[-79.6345,32.6398]]}},{"type":"Feature","properties":{},"geometry":{"type":"LineString","coordinates":[[-79.6286,32.6347],[-79.6206,32.6324]]}},{"type":"Feature","properties":{},"geometry":{"type":"LineString","coordinates":[[-79.6286,32.6347],[-79.6277,32.6358]]}},{"type":"Feature","properties":{},"geometry":{"type":"LineString","coordinates":[[-79.6286,32.6347],[-79.6349,32.6392]]}},{"type":"Feature","properties":{},"geometry":{"type":"LineString","coordinates":[[-79.6286,32.6347],[-79.621,32.6319]]}},{"type":"Feature","properties":{},"geometry":{"type":"LineString","coordinates":[[-79.6286,32.6347],[-79.6282,32.6353]]}},{"type":"Feature","properties":{},"geometry":{"type":"LineString","coordinates":[[-79.6286,32.6347],[-79.6353,32.6387]]}},{"type":"Feature","properties":{},"geometry":{"type":"LineString","coordinates":[[-79.6357,32.6381],[-79.6429,32.6416]]}},{"type":"Feature","properties":{},"geometry":{"type":"LineString","coordinates":[[-79.6357,32.6381],[-79.6345,32.6398]]}},{"type":"Feature","properties":{},"geometry":{"type":"LineString","coordinates":[[-79.6357,32.6381],[-79.6416,32.6432]]}},{"type":"Feature","properties":{},"geometry":{"type":"LineString","coordinates":[[-79.6357,32.6381],[-79.6277,32.6358]]}},{"type":"Feature","properties":{},"geometry":{"type":"LineString","coordinates":[[-79.6357,32.6381],[-79.6349,32.6392]]}},{"type":"Feature","properties":{},"geometry":{"type":"LineString","coordinates":[[-79.6357,32.6381],[-79.642,32.6426]]}},{"type":"Feature","properties":{},"geometry":{"type":"LineString","coordinates":[[-79.6357,32.6381],[-79.6282,32.6353]]}},{"type":"Feature","properties":{},"geometry":{"type":"LineString","coordinates":[[-79.6357,32.6381],[-79.6353,32.6387]]}},{"type":"Feature","properties":{},"geometry":{"type":"LineString","coordinates":[[-79.6357,32.6381],[-79.6424,32.6421]]}},{"type":"Feature","properties":{},"geometry":{"type":"LineString","coordinates":[[-79.6429,32.6416],[-79.65,32.645]]}},{"type":"Feature","properties":{},"geometry":{"type":"LineString","coordinates":[[-79.6429,32.6416],[-79.6416,32.6432]]}},{"type":"Feature","properties":{},"geometry":{"type":"LineString","coordinates":[[-79.6429,32.6416],[-79.6488,32.6466]]}},{"type":"Feature","properties":{},"geometry":{"type":"LineString","coordinates":[[-79.6429,32.6416],[-79.6349,32.6392]]}},{"type":"Feature","properties":{},"geometry":{"type":"LineString","coordinates":[[-79.6429,32.6416],[-79.642,32.6426]]}},{"type":"Feature","properties":{},"geometry":{"type":"LineString","coordinates":[[-79.6429,32.6416],[-79.6492,32.6461]]}},{"type":"Feature","properties":{},"geometry":{"type":"LineString","coordinates":[[-79.6429,32.6416],[-79.6353,32.6387]]}},{"type":"Feature","properties":{},"geometry":{"type":"LineString","coordinates":[[-79.6429,32.6416],[-79.6424,32.6421]]}},{"type":"Feature","properties":{},"geometry":{"type":"LineString","coordinates":[[-79.6429,32.6416],[-79.6496,32.6455]]}},{"type":"Feature","properties":{},"geometry":{"type":"LineString","coordinates":[[-79.65,32.645],[-79.6572,32.6484]]}},{"type":"Feature","properties":{},"geometry":{"type":"LineString","coordinates":[[-79.65,32.645],[-79.6488,32.6466]]}},{"type":"Feature","properties":{},"geometry":{"type":"LineString","coordinates":[[-79.65,32.645],[-79.6559,32.65]]}},{"type":"Feature","properties":{},"geometry":{"type":"LineString","coordinates":[[-79.65,32.645],[-79.642,32.6426]]}},{"type":"Feature","properties":{},"geometry":{"type":"LineString","coordinates":[[-79.65,32.645],[-79.6492,32.6461]]}},{"type":"Feature","properties":{},"geometry":{"type":"LineString","coordinates":[[-79.65,32.645],[-79.6563,32.6495]]}},{"type":"Feature","properties":{},"geometry":{"type":"LineString","coordinates":[[-79.65,32.645],[-79.6424,32.6421]]}},{"type":"Feature","properties":{},"geometry":{"type":"LineString","coordinates":[[-79.65,32.645],[-79.6496,32.6455]]}},{"type":"Feature","properties":{},"geometry":{"type":"LineString","coordinates":[[-79.65,32.645],[-79.6567,32.6489]]}},{"type":"Feature","properties":{},"geometry":{"type":"LineString","coordinates":[[-79.6572,32.6484],[-79.6643,32.6518]]}},{"type":"Feature","properties":{},"geometry":{"type":"LineString","coordinates":[[-79.6572,32.6484],[-79.6559,32.65]]}},{"type":"Feature","properties":{},"geometry":{"type":"LineString","coordinates":[[-79.6572,32.6484],[-79.663,32.6534]]}},{"type":"Feature","properties":{},"geometry":{"type":"LineString","coordinates":[[-79.6572,32.6484],[-79.6492,32.6461]]}},{"type":"Feature","properties":{},"geometry":{"type":"LineString","coordinates":[[-79.6572,32.6484],[-79.6563,32.6495]]}},{"type":"Feature","properties":{},"geometry":{"type":"LineString","coordinates":[[-79.6572,32.6484],[-79.6635,32.6529]]}},{"type":"Feature","properties":{},"geometry":{"type":"LineString","coordinates":[[-79.6572,32.6484],[-79.6496,32.6455]]}},{"type":"Feature","properties":{},"geometry":{"type":"LineString","coordinates":[[-79.6572,32.6484],[-79.6567,32.6489]]}},{"type":"Feature","properties":{},"geometry":{"type":"LineString","coordinates":[[-79.6572,32.6484],[-79.6639,32.6523]]}},{"type":"Feature","properties":{},"geometry":{"type":"LineString","coordinates":[[-79.6643,32.6518],[-79.6714,32.6552]]}},{"type":"Feature","properties":{},"geometry":{"type":"LineString","coordinates":[[-79.6643,32.6518],[-79.663,32.6534]]}},{"type":"Feature","properties":{},"geometry":{"type":"LineString","coordinates":[[-79.6643,32.6518],[-79.6702,32.6568]]}},{"type":"Feature","properties":{},"geometry":{"type":"LineString","coordinates":[[-79.6643,32.6518],[-79.6563,32.6495]]}},{"type":"Feature","properties":{},"geometry":{"type":"LineString","coordinates":[[-79.6643,32.6518],[-79.6635,32.6529]]}},{"type":"Feature","properties":{},"geometry":{"type":"LineString","coordinates":[[-79.6643,32.6518],[-79.6706,32.6563]]}},{"type":"Feature","properties":{},"geometry":{"type":"LineString","coordinates":[[-79.6643,32.6518],[-79.6567,32.6489]]}},{"type":"Feature","properties":{},"geometry":{"type":"LineString","coordinates":[[-79.6643,32.6518],[-79.6639,32.6523]]}},{"type":"Feature","properties":{},"geometry":{"type":"LineString","coordinates":[[-79.6643,32.6518],[-79.671,32.6557]]}},{"type":"Feature","properties":{},"geometry":{"type":"LineString","coordinates":[[-79.6714,32.6552],[-79.6786,32.6586]]}},{"type":"Feature","properties":{},"geometry":{"type":"LineString","coordinates":[[-79.6714,32.6552],[-79.6702,32.6568]]}},{"type":"Feature","properties":{},"geometry":{"type":"LineString","coordinates":[[-79.6714,32.6552],[-79.6773,32.6602]]}},{"type":"Feature","properties":{},"geometry":{"type":"LineString","coordinates":[[-79.6714,32.6552],[-79.6635,32.6529]]}},{"type":"Feature","properties":{},"geometry":{"type":"LineString","coordinates":[[-79.6714,32.6552],[-79.6706,32.6563]]}},{"type":"Feature","properties":{},"geometry":{"type":"LineString","coordinates":[[-79.6714,32.6552],[-79.6777,32.6597]]}},{"type":"Feature","properties":{},"geometry":{"type":"LineString","coordinates":[[-79.6714,32.6552],[-79.6639,32.6523]]}},{"type":"Feature","properties":{},"geometry":{"type":"LineString","coordinates":[[-79.6714,32.6552],[-79.671,32.6557]]}},{"type":"Feature","properties":{},"geometry":{"type":"LineString","coordinates":[[-79.6714,32.6552],[-79.6782,32.6591]]}},{"type":"Feature","properties":{},"geometry":{"type":"LineString","coordinates":[[-79.6786,32.6586],[-79.6857,32.662]]}},{"type":"Feature","properties":{},"geometry":{"type":"LineString","coordinates":[[-79.6786,32.6586],[-79.6773,32.6602]]}},{"type":"Feature","properties":{},"geometry":{"type":"LineString","coordinates":[[-79.6786,32.6586],[-79.6845,32.6636]]}},{"type":"Feature","properties":{},"geometry":{"type":"LineString","coordinates":[[-79.6786,32.6586],[-79.6706,32.6563]]}},{"type":"Feature","properties":{},"geometry":{"type":"LineString","coordinates":[[-79.6786,32.6586],[-79.6777,32.6597]]}},{"type":"Feature","properties":{},"geometry":{"type":"LineString","coordinates":[[-79.6786,32.6586],[-79.6849,32.6631]]}},{"type":"Feature","properties":{},"geometry":{"type":"LineString","coordinates":[[-79.6786,32.6586],[-79.671,32.6557]]}},{"type":"Feature","properties":{},"geometry":{"type":"LineString","coordinates":[[-79.6786,32.6586],[-79.6782,32.6591]]}},{"type":"Feature","properties":{},"geometry":{"type":"LineString","coordinates":[[-79.6786,32.6586],[-79.6853,32.6625]]}},{"type":"Feature","properties":{},"geometry":{"type":"LineString","coordinates":[[-79.6857,32.662],[-79.6929,32.6654]]}},{"type":"Feature","properties":{},"geometry":{"type":"LineString","coordinates":[[-79.6857,32.662],[-79.6845,32.6636]]}},{"type":"Feature","properties":{},"geometry":{"type":"LineString","coordinates":[[-79.6857,32.662],[-79.6916,32.667]]}},{"type":"Feature","properties":{},"geometry":{"type":"LineString","coordinates":[[-79.6857,32.662],[-79.6777,32.6597]]}},{"type":"Feature","properties":{},"geometry":{"type":"LineString","coordinates":[[-79.6857,32.662],[-79.6849,32.6631]]}},{"type":"Feature","properties":{},"geometry":{"type":"LineString","coordinates":[[-79.6857,32.662],[-79.692,32.6665]]}},{"type":"Feature","properties":{},"geometry":{"type":"LineString","coordinates":[[-79.6857,32.662],[-79.6782,32.6591]]}},{"type":"Feature","properties":{},"geometry":{"type":"LineString","coordinates":[[-79.6857,32.662],[-79.6853,32.6625]]}},{"type":"Feature","properties":{},"geometry":{"type":"LineString","coordinates":[[-79.6857,32.662],[-79.6925,32.666]]}},{"type":"Feature","properties":{},"geometry":{"type":"LineString","coordinates":[[-79.6929,32.6654],[-79.7,32.6688]]}},{"type":"Feature","properties":{},"geometry":{"type":"LineString","coordinates":[[-79.6929,32.6654],[-79.6916,32.667]]}},{"type":"Feature","properties":{},"geometry":{"type":"LineString","coordinates":[[-79.6929,32.6654],[-79.6987,32.6704]]}},{"type":"Feature","properties":{},"geometry":{"type":"LineString","coordinates":[[-79.6929,32.6654],[-79.6849,32.6631]]}},{"type":"Feature","properties":{},"geometry":{"type":"LineString","coordinates":[[-79.6929,32.6654],[-79.692,32.6665]]}},{"type":"Feature","properties":{},"geometry":{"type":"LineString","coordinates":[[-79.6929,32.6654],[-79.6992,32.6699]]}},{"type":"Feature","properties":{},"geometry":{"type":"LineString","coordinates":[[-79.6929,32.6654],[-79.6853,32.6625]]}},{"type":"Feature","properties":{},"geometry":{"type":"LineString","coordinates":[[-79.6929,32.6654],[-79.6925,32.666]]}},{"type":"Feature","properties":{},"geometry":{"type":"LineString","coordinates":[[-79.6929,32.6654],[-79.6996,32.6694]]}},{"type":"Feature","properties":{},"geometry":{"type":"LineString","coordinates":[[-79.7,32.6688],[-79.7072,32.6722]]}},{"type":"Feature","properties":{},"geometry":{"type":"LineString","coordinates":[[-79.7,32.6688],[-79.6987,32.6704]]}},{"type":"Feature","properties":{},"geometry":{"type":"LineString","coordinates":[[-79.7,32.6688],[-79.7059,32.6738]]}},{"type":"Feature","properties":{},"geometry":{"type":"LineString","coordinates":[[-79.7,32.6688],[-79.692,32.6665]]}},{"type":"Feature","properties":{},"geometry":{"type":"LineString","coordinates":[[-79.7,32.6688],[-79.6992,32.6699]]}},{"type":"Feature","properties":{},"geometry":{"type":"LineString","coordinates":[[-79.7,32.6688],[-79.7063,32.6733]]}},{"type":"Feature","properties":{},"geometry":{"type":"LineString","coordinates":[[-79.7,32.6688],[-79.6925,32.666]]}},{"type":"Feature","properties":{},"geometry":{"type":"LineString","coordinates":[[-79.7,32.6688],[-79.6996,32.6694]]}},{"type":"Feature","properties":{},"geometry":{"type":"LineString","coordinates":[[-79.7,32.6688],[-79.7067,32.6728]]}},{"type":"Feature","properties":{},"geometry":{"type":"LineString","coordinates":[[-79.7072,32.6722],[-79.7143,32.6756]]}},{"type":"Feature","properties":{},"geometry":{"type":"LineString","coordinates":[[-79.7072,32.6722],[-79.7059,32.6738]]}},{"type":"Feature","properties":{},"geometry":{"type":"LineString","coordinates":[[-79.7072,32.6722],[-79.713,32.6772]]}},{"type":"Feature","properties":{},"geometry":{"type":"LineString","coordinates":[[-79.7072,32.6722],[-79.6992,32.6699]]}},{"type":"Feature","properties":{},"geometry":{"type":"LineString","coordinates":[[-79.7072,32.6722],[-79.7063,32.6733]]}},{"type":"Feature","properties":{},"geometry":{"type":"LineString","coordinates":[[-79.7072,32.6722],[-79.7135,32.6767]]}},{"type":"Feature","properties":{},"geometry":{"type":"LineString","coordinates":[[-79.7072,32.6722],[-79.6996,32.6694]]}},{"type":"Feature","properties":{},"geometry":{"type":"LineString","coordinates":[[-79.7072,32.6722],[-79.7067,32.6728]]}},{"type":"Feature","properties":{},"geometry":{"type":"LineString","coordinates":[[-79.7072,32.6722],[-79.7139,32.6762]]}},{"type":"Feature","properties":{},"geometry":{"type":"LineString","coordinates":[[-79.7143,32.6756],[-79.7215,32.679]]}},{"type":"Feature","properties":{},"geometry":{"type":"LineString","coordinates":[[-79.7143,32.6756],[-79.713,32.6772]]}},{"type":"Feature","properties":{},"geometry":{"type":"LineString","coordinates":[[-79.7143,32.6756],[-79.7202,32.6806]]}},{"type":"Feature","properties":{},"geometry":{"type":"LineString","coordinates":[[-79.7143,32.6756],[-79.7063,32.6733]]}},{"type":"Feature","properties":{},"geometry":{"type":"LineString","coordinates":[[-79.7143,32.6756],[-79.7135,32.6767]]}},{"type":"Feature","properties":{},"geometry":{"type":"LineString","coordinates":[[-79.7143,32.6756],[-79.7206,32.6801]]}},{"type":"Feature","properties":{},"geometry":{"type":"LineString","coordinates":[[-79.7143,32.6756],[-79.7067,32.6728]]}},{"type":"Feature","properties":{},"geometry":{"type":"LineString","coordinates":[[-79.7143,32.6756],[-79.7139,32.6762]]}},{"type":"Feature","properties":{},"geometry":{"type":"LineString","coordinates":[[-79.7143,32.6756],[-79.721,32.6796]]}},{"type":"Feature","properties":{},"geometry":{"type":"LineString","coordinates":[[-79.7215,32.679],[-79.7286,32.6825]]}},{"type":"Feature","properties":{},"geometry":{"type":"LineString","coordinates":[[-79.7215,32.679],[-79.7202,32.6806]]}},{"type":"Feature","properties":{},"geometry":{"type":"LineString","coordinates":[[-79.7215,32.679],[-79.7273,32.684]]}},{"type":"Feature","properties":{},"geometry":{"type":"LineString","coordinates":[[-79.7215,32.679],[-79.7135,32.6767]]}},{"type":"Feature","properties":{},"geometry":{"type":"LineString","coordinates":[[-79.7215,32.679],[-79.7206,32.6801]]}},{"type":"Feature","properties":{},"geometry":{"type":"LineString","coordinates":[[-79.7215,32.679],[-79.7278,32.6835]]}},{"type":"Feature","properties":{},"geometry":{"type":"LineString","coordinates":[[-79.7215,32.679],[-79.7139,32.6762]]}},{"type":"Feature","properties":{},"geometry":{"type":"LineString","coordinates":[[-79.7215,32.679],[-79.721,32.6796]]}},{"type":"Feature","properties":{},"geometry":{"type":"LineString","coordinates":[[-79.7215,32.679],[-79.7282,32.683]]}},{"type":"Feature","properties":{},"geometry":{"type":"LineString","coordinates":[[-79.7286,32.6825],[-79.7358,32.6859]]}},{"type":"Feature","properties":{},"geometry":{"type":"LineString","coordinates":[[-79.7286,32.6825],[-79.7273,32.684]]}},{"type":"Feature","properties":{},"geometry":{"type":"LineString","coordinates":[[-79.7286,32.6825],[-79.7344,32.6875]]}},{"type":"Feature","properties":{},"geometry":{"type":"LineString","coordinates":[[-79.7286,32.6825],[-79.7206,32.6801]]}},{"type":"Feature","properties":{},"geometry":{"type":"LineString","coordinates":[[-79.7286,32.6825],[-79.7278,32.6835]]}},{"type":"Feature","properties":{},"geometry":{"type":"LineString","coordinates":[[-79.7286,32.6825],[-79.7349,32.6869]]}},{"type":"Feature","properties":{},"geometry":{"type":"LineString","coordinates":[[-79.7286,32.6825],[-79.721,32.6796]]}},{"type":"Feature","properties":{},"geometry":{"type":"LineString","coordinates":[[-79.7286,32.6825],[-79.7282,32.683]]}},{"type":"Feature","properties":{},"geometry":{"type":"LineString","coordinates":[[-79.7286,32.6825],[-79.7353,32.6864]]}},{"type":"Feature","properties":{},"geometry":{"type":"LineString","coordinates":[[-79.7358,32.6859],[-79.7429,32.6893]]}},{"type":"Feature","properties":{},"geometry":{"type":"LineString","coordinates":[[-79.7358,32.6859],[-79.7344,32.6875]]}},{"type":"Feature","properties":{},"geometry":{"type":"LineString","coordinates":[[-79.7358,32.6859],[-79.7416,32.6909]]}},{"type":"Feature","properties":{},"geometry":{"type":"LineString","coordinates":[[-79.7358,32.6859],[-79.7278,32.6835]]}},{"type":"Feature","properties":{},"geometry":{"type":"LineString","coordinates":[[-79.7358,32.6859],[-79.7349,32.6869]]}},{"type":"Feature","properties":{},"geometry":{"type":"LineString","coordinates":[[-79.7358,32.6859],[-79.742,32.6903]]}},{"type":"Feature","properties":{},"geometry":{"type":"LineString","coordinates":[[-79.7358,32.6859],[-79.7282,32.683]]}},{"type":"Feature","properties":{},"geometry":{"type":"LineString","coordinates":[[-79.7358,32.6859],[-79.7353,32.6864]]}},{"type":"Feature","properties":{},"geometry":{"type":"LineString","coordinates":[[-79.7358,32.6859],[-79.7425,32.6898]]}},{"type":"Feature","properties":{},"geometry":{"type":"LineString","coordinates":[[-79.7429,32.6893],[-79.7501,32.6927]]}},{"type":"Feature","properties":{},"geometry":{"type":"LineString","coordinates":[[-79.7429,32.6893],[-79.7416,32.6909]]}},{"type":"Feature","properties":{},"geometry":{"type":"LineString","coordinates":[[-79.7429,32.6893],[-79.7487,32.6943]]}},{"type":"Feature","properties":{},"geometry":{"type":"LineString","coordinates":[[-79.7429,32.6893],[-79.7349,32.6869]]}},{"type":"Feature","properties":{},"geometry":{"type":"LineString","coordinates":[[-79.7429,32.6893],[-79.742,32.6903]]}},{"type":"Feature","properties":{},"geometry":{"type":"LineString","coordinates":[[-79.7429,32.6893],[-79.7492,32.6937]]}},{"type":"Feature","properties":{},"geometry":{"type":"LineString","coordinates":[[-79.7429,32.6893],[-79.7353,32.6864]]}},{"type":"Feature","properties":{},"geometry":{"type":"LineString","coordinates":[[-79.7429,32.6893],[-79.7425,32.6898]]}},{"type":"Feature","properties":{},"geometry":{"type":"LineString","coordinates":[[-79.7429,32.6893],[-79.7496,32.6932]]}},{"type":"Feature","properties":{},"geometry":{"type":"LineString","coordinates":[[-79.7501,32.6927],[-79.7572,32.6961]]}},{"type":"Feature","properties":{},"geometry":{"type":"LineString","coordinates":[[-79.7501,32.6927],[-79.7487,32.6943]]}},{"type":"Feature","properties":{},"geometry":{"type":"LineString","coordinates":[[-79.7501,32.6927],[-79.7559,32.6977]]}},{"type":"Feature","properties":{},"geometry":{"type":"LineString","coordinates":[[-79.7501,32.6927],[-79.742,32.6903]]}},{"type":"Feature","properties":{},"geometry":{"type":"LineString","coordinates":[[-79.7501,32.6927],[-79.7492,32.6937]]}},{"type":"Feature","properties":{},"geometry":{"type":"LineString","coordinates":[[-79.7501,32.6927],[-79.7563,32.6971]]}},{"type":"Feature","properties":{},"geometry":{"type":"LineString","coordinates":[[-79.7501,32.6927],[-79.7425,32.6898]]}},{"type":"Feature","properties":{},"geometry":{"type":"LineString","coordinates":[[-79.7501,32.6927],[-79.7496,32.6932]]}},{"type":"Feature","properties":{},"geometry":{"type":"LineString","coordinates":[[-79.7501,32.6927],[-79.7568,32.6966]]}},{"type":"Feature","properties":{},"geometry":{"type":"LineString","coordinates":[[-79.7572,32.6961],[-79.7644,32.6995]]}},{"type":"Feature","properties":{},"geometry":{"type":"LineString","coordinates":[[-79.7572,32.6961],[-79.7559,32.6977]]}},{"type":"Feature","properties":{},"geometry":{"type":"LineString","coordinates":[[-79.7572,32.6961],[-79.763,32.7011]]}},{"type":"Feature","properties":{},"geometry":{"type":"LineString","coordinates":[[-79.7572,32.6961],[-79.7492,32.6937]]}},{"type":"Feature","properties":{},"geometry":{"type":"LineString","coordinates":[[-79.7572,32.6961],[-79.7563,32.6971]]}},{"type":"Feature","properties":{},"geometry":{"type":"LineString","coordinates":[[-79.7572,32.6961],[-79.7635,32.7005]]}},{"type":"Feature","properties":{},"geometry":{"type":"LineString","coordinates":[[-79.7572,32.6961],[-79.7496,32.6932]]}},{"type":"Feature","properties":{},"geometry":{"type":"LineString","coordinates":[[-79.7572,32.6961],[-79.7568,32.6966]]}},{"type":"Feature","properties":{},"geometry":{"type":"LineString","coordinates":[[-79.7572,32.6961],[-79.7639,32.7]]}},{"type":"Feature","properties":{},"geometry":{"type":"LineString","coordinates":[[-79.7644,32.6995],[-79.7715,32.7029]]}},{"type":"Feature","properties":{},"geometry":{"type":"LineString","coordinates":[[-79.7644,32.6995],[-79.763,32.7011]]}},{"type":"Feature","properties":{},"geometry":{"type":"LineString","coordinates":[[-79.7644,32.6995],[-79.7702,32.7045]]}},{"type":"Feature","properties":{},"geometry":{"type":"LineString","coordinates":[[-79.7644,32.6995],[-79.7563,32.6971]]}},{"type":"Feature","properties":{},"geometry":{"type":"LineString","coordinates":[[-79.7644,32.6995],[-79.7635,32.7005]]}},{"type":"Feature","properties":{},"geometry":{"type":"LineString","coordinates":[[-79.7644,32.6995],[-79.7706,32.704]]}},{"type":"Feature","properties":{},"geometry":{"type":"LineString","coordinates":[[-79.7644,32.6995],[-79.7568,32.6966]]}},{"type":"Feature","properties":{},"geometry":{"type":"LineString","coordinates":[[-79.7644,32.6995],[-79.7639,32.7]]}},{"type":"Feature","properties":{},"geometry":{"type":"LineString","coordinates":[[-79.7644,32.6995],[-79.7711,32.7034]]}},{"type":"Feature","properties":{},"geometry":{"type":"LineString","coordinates":[[-79.7715,32.7029],[-79.7787,32.7063]]}},{"type":"Feature","properties":{},"geometry":{"type":"LineString","coordinates":[[-79.7715,32.7029],[-79.7702,32.7045]]}},{"type":"Feature","properties":{},"geometry":{"type":"LineString","coordinates":[[-79.7715,32.7029],[-79.7773,32.7079]]}},{"type":"Feature","properties":{},"geometry":{"type":"LineString","coordinates":[[-79.7715,32.7029],[-79.7635,32.7005]]}},{"type":"Feature","properties":{},"geometry":{"type":"LineString","coordinates":[[-79.7715,32.7029],[-79.7706,32.704]]}},{"type":"Feature","properties":{},"geometry":{"type":"LineString","coordinates":[[-79.7715,32.7029],[-79.7777,32.7074]]}},{"type":"Feature","properties":{},"geometry":{"type":"LineString","coordinates":[[-79.7715,32.7029],[-79.7639,32.7]]}},{"type":"Feature","properties":{},"geometry":{"type":"LineString","coordinates":[[-79.7715,32.7029],[-79.7711,32.7034]]}},{"type":"Feature","properties":{},"geometry":{"type":"LineString","coordinates":[[-79.7715,32.7029],[-79.7782,32.7068]]}},{"type":"Feature","properties":{},"geometry":{"type":"LineString","coordinates":[[-79.7787,32.7063],[-79.7858,32.7097]]}},{"type":"Feature","properties":{},"geometry":{"type":"LineString","coordinates":[[-79.7787,32.7063],[-79.7773,32.7079]]}},{"type":"Feature","properties":{},"geometry":{"type":"LineString","coordinates":[[-79.7787,32.7063],[-79.7844,32.7113]]}},{"type":"Feature","properties":{},"geometry":{"type":"LineString","coordinates":[[-79.7787,32.7063],[-79.7706,32.704]]}},{"type":"Feature","properties":{},"geometry":{"type":"LineString","coordinates":[[-79.7787,32.7063],[-79.7777,32.7074]]}},{"type":"Feature","properties":{},"geometry":{"type":"LineString","coordinates":[[-79.7787,32.7063],[-79.7849,32.7108]]}},{"type":"Feature","properties":{},"geometry":{"type":"LineString","coordinates":[[-79.7787,32.7063],[-79.7711,32.7034]]}},{"type":"Feature","properties":{},"geometry":{"type":"LineString","coordinates":[[-79.7787,32.7063],[-79.7782,32.7068]]}},{"type":"Feature","properties":{},"geometry":{"type":"LineString","coordinates":[[-79.7787,32.7063],[-79.7853,32.7103]]}},{"type":"Feature","properties":{},"geometry":{"type":"LineString","coordinates":[[-79.7858,32.7097],[-79.793,32.7131]]}},{"type":"Feature","properties":{},"geometry":{"type":"LineString","coordinates":[[-79.7858,32.7097],[-79.7844,32.7113]]}},{"type":"Feature","properties":{},"geometry":{"type":"LineString","coordinates":[[-79.7858,32.7097],[-79.7916,32.7147]]}},{"type":"Feature","properties":{},"geometry":{"type":"LineString","coordinates":[[-79.7858,32.7097],[-79.7777,32.7074]]}},{"type":"Feature","properties":{},"geometry":{"type":"LineString","coordinates":[[-79.7858,32.7097],[-79.7849,32.7108]]}},{"type":"Feature","properties":{},"geometry":{"type":"LineString","coordinates":[[-79.7858,32.7097],[-79.792,32.7142]]}},{"type":"Feature","properties":{},"geometry":{"type":"LineString","coordinates":[[-79.7858,32.7097],[-79.7782,32.7068]]}},{"type":"Feature","properties":{},"geometry":{"type":"LineString","coordinates":[[-79.7858,32.7097],[-79.7853,32.7103]]}},{"type":"Feature","properties":{},"geometry":{"type":"LineString","coordinates":[[-79.7858,32.7097],[-79.7925,32.7137]]}},{"type":"Feature","properties":{},"geometry":{"type":"LineString","coordinates":[[-79.793,32.7131],[-79.8001,32.7165]]}},{"type":"Feature","properties":{},"geometry":{"type":"LineString","coordinates":[[-79.793,32.7131],[-79.7916,32.7147]]}},{"type":"Feature","properties":{},"geometry":{"type":"LineString","coordinates":[[-79.793,32.7131],[-79.7987,32.7181]]}},{"type":"Feature","properties":{},"geometry":{"type":"LineString","coordinates":[[-79.793,32.7131],[-79.7849,32.7108]]}},{"type":"Feature","properties":{},"geometry":{"type":"LineString","coordinates":[[-79.793,32.7131],[-79.792,32.7142]]}},{"type":"Feature","properties":{},"geometry":{"type":"LineString","coordinates":[[-79.793,32.7131],[-79.7992,32.7176]]}},{"type":"Feature","properties":{},"geometry":{"type":"LineString","coordinates":[[-79.793,32.7131],[-79.7853,32.7103]]}},{"type":"Feature","properties":{},"geometry":{"type":"LineString","coordinates":[[-79.793,32.7131],[-79.7925,32.7137]]}},{"type":"Feature","properties":{},"geometry":{"type":"LineString","coordinates":[[-79.793,32.7131],[-79.7996,32.7171]]}},{"type":"Feature","properties":{},"geometry":{"type":"LineString","coordinates":[[-79.8001,32.7165],[-79.8073,32.7199]]}},{"type":"Feature","properties":{},"geometry":{"type":"LineString","coordinates":[[-79.8001,32.7165],[-79.7987,32.7181]]}},{"type":"Feature","properties":{},"geometry":{"type":"LineString","coordinates":[[-79.8001,32.7165],[-79.8059,32.7215]]}},{"type":"Feature","properties":{},"geometry":{"type":"LineString","coordinates":[[-79.8001,32.7165],[-79.792,32.7142]]}},{"type":"Feature","properties":{},"geometry":{"type":"LineString","coordinates":[[-79.8001,32.7165],[-79.7992,32.7176]]}},{"type":"Feature","properties":{},"geometry":{"type":"LineString","coordinates":[[-79.8001,32.7165],[-79.8063,32.721]]}},{"type":"Feature","properties":{},"geometry":{"type":"LineString","coordinates":[[-79.8001,32.7165],[-79.7925,32.7137]]}},{"type":"Feature","properties":{},"geometry":{"type":"LineString","coordinates":[[-79.8001,32.7165],[-79.7996,32.7171]]}},{"type":"Feature","properties":{},"geometry":{"type":"LineString","coordinates":[[-79.8001,32.7165],[-79.8068,32.7205]]}},{"type":"Feature","properties":{},"geometry":{"type":"LineString","coordinates":[[-79.8073,32.7199],[-79.8144,32.7234]]}},{"type":"Feature","properties":{},"geometry":{"type":"LineString","coordinates":[[-79.8073,32.7199],[-79.8059,32.7215]]}},{"type":"Feature","properties":{},"geometry":{"type":"LineString","coordinates":[[-79.8073,32.7199],[-79.813,32.7249]]}},{"type":"Feature","properties":{},"geometry":{"type":"LineString","coordinates":[[-79.8073,32.7199],[-79.7992,32.7176]]}},{"type":"Feature","properties":{},"geometry":{"type":"LineString","coordinates":[[-79.8073,32.7199],[-79.8063,32.721]]}},{"type":"Feature","properties":{},"geometry":{"type":"LineString","coordinates":[[-79.8073,32.7199],[-79.8135,32.7244]]}},{"type":"Feature","properties":{},"geometry":{"type":"LineString","coordinates":[[-79.8073,32.7199],[-79.7996,32.7171]]}},{"type":"Feature","properties":{},"geometry":{"type":"LineString","coordinates":[[-79.8073,32.7199],[-79.8068,32.7205]]}},{"type":"Feature","properties":{},"geometry":{"type":"LineString","coordinates":[[-79.8073,32.7199],[-79.8139,32.7239]]}},{"type":"Feature","properties":{},"geometry":{"type":"LineString","coordinates":[[-79.8144,32.7234],[-79.8216,32.7268]]}},{"type":"Feature","properties":{},"geometry":{"type":"LineString","coordinates":[[-79.8144,32.7234],[-79.813,32.7249]]}},{"type":"Feature","properties":{},"geometry":{"type":"LineString","coordinates":[[-79.8144,32.7234],[-79.8201,32.7283]]}},{"type":"Feature","properties":{},"geometry":{"type":"LineString","coordinates":[[-79.8144,32.7234],[-79.8063,32.721]]}},{"type":"Feature","properties":{},"geometry":{"type":"LineString","coordinates":[[-79.8144,32.7234],[-79.8135,32.7244]]}},{"type":"Feature","properties":{},"geometry":{"type":"LineString","coordinates":[[-79.8144,32.7234],[-79.8206,32.7278]]}},{"type":"Feature","properties":{},"geometry":{"type":"LineString","coordinates":[[-79.8144,32.7234],[-79.8068,32.7205]]}},{"type":"Feature","properties":{},"geometry":{"type":"LineString","coordinates":[[-79.8144,32.7234],[-79.8139,32.7239]]}},{"type":"Feature","properties":{},"geometry":{"type":"LineString","coordinates":[[-79.8144,32.7234],[-79.8211,32.7273]]}},{"type":"Feature","properties":{},"geometry":{"type":"LineString","coordinates":[[-79.8216,32.7268],[-79.8287,32.7302]]}},{"type":"Feature","properties":{},"geometry":{"type":"LineString","coordinates":[[-79.8216,32.7268],[-79.8201,32.7283]]}},{"type":"Feature","properties":{},"geometry":{"type":"LineString","coordinates":[[-79.8216,32.7268],[-79.8273,32.7317]]}},{"type":"Feature","properties":{},"geometry":{"type":"LineString","coordinates":[[-79.8216,32.7268],[-79.8135,32.7244]]}},{"type":"Feature","properties":{},"geometry":{"type":"LineString","coordinates":[[-79.8216,32.7268],[-79.8206,32.7278]]}},{"type":"Feature","properties":{},"geometry":{"type":"LineString","coordinates":[[-79.8216,32.7268],[-79.8277,32.7312]]}},{"type":"Feature","properties":{},"geometry":{"type":"LineString","coordinates":[[-79.8216,32.7268],[-79.8139,32.7239]]}},{"type":"Feature","properties":{},"geometry":{"type":"LineString","coordinates":[[-79.8216,32.7268],[-79.8211,32.7273]]}},{"type":"Feature","properties":{},"geometry":{"type":"LineString","coordinates":[[-79.8216,32.7268],[-79.8282,32.7307]]}},{"type":"Feature","properties":{},"geometry":{"type":"LineString","coordinates":[[-79.8287,32.7302],[-79.8358,32.7336]]}},{"type":"Feature","properties":{},"geometry":{"type":"LineString","coordinates":[[-79.8287,32.7302],[-79.8273,32.7317]]}},{"type":"Feature","properties":{},"geometry":{"type":"LineString","coordinates":[[-79.8287,32.7302],[-79.8344,32.7351]]}},{"type":"Feature","properties":{},"geometry":{"type":"LineString","coordinates":[[-79.8287,32.7302],[-79.8206,32.7278]]}},{"type":"Feature","properties":{},"geometry":{"type":"LineString","coordinates":[[-79.8287,32.7302],[-79.8277,32.7312]]}},{"type":"Feature","properties":{},"geometry":{"type":"LineString","coordinates":[[-79.8287,32.7302],[-79.8349,32.7346]]}},{"type":"Feature","properties":{},"geometry":{"type":"LineString","coordinates":[[-79.8287,32.7302],[-79.8211,32.7273]]}},{"type":"Feature","properties":{},"geometry":{"type":"LineString","coordinates":[[-79.8287,32.7302],[-79.8282,32.7307]]}},{"type":"Feature","properties":{},"geometry":{"type":"LineString","coordinates":[[-79.8287,32.7302],[-79.8354,32.7341]]}},{"type":"Feature","properties":{},"geometry":{"type":"LineString","coordinates":[[-79.8358,32.7336],[-79.843,32.737]]}},{"type":"Feature","properties":{},"geometry":{"type":"LineString","coordinates":[[-79.8358,32.7336],[-79.8344,32.7351]]}},{"type":"Feature","properties":{},"geometry":{"type":"LineString","coordinates":[[-79.8358,32.7336],[-79.8415,32.7385]]}},{"type":"Feature","properties":{},"geometry":{"type":"LineString","coordinates":[[-79.8358,32.7336],[-79.8277,32.7312]]}},{"type":"Feature","properties":{},"geometry":{"type":"LineString","coordinates":[[-79.8358,32.7336],[-79.8349,32.7346]]}},{"type":"Feature","properties":{},"geometry":{"type":"LineString","coordinates":[[-79.8358,32.7336],[-79.842,32.738]]}},{"type":"Feature","properties":{},"geometry":{"type":"LineString","coordinates":[[-79.8358,32.7336],[-79.8282,32.7307]]}},{"type":"Feature","properties":{},"geometry":{"type":"LineString","coordinates":[[-79.8358,32.7336],[-79.8354,32.7341]]}},{"type":"Feature","properties":{},"geometry":{"type":"LineString","coordinates":[[-79.8358,32.7336],[-79.8425,32.7375]]}},{"type":"Feature","properties":{},"geometry":{"type":"LineString","coordinates":[[-79.843,32.737],[-79.8487,32.7415]]}},{"type":"Feature","properties":{},"geometry":{"type":"LineString","coordinates":[[-79.843,32.737],[-79.8477,32.7392]]}},{"type":"Feature","properties":{},"geometry":{"type":"LineString","coordinates":[[-79.843,32.737],[-79.8415,32.7385]]}},{"type":"Feature","properties":{},"geometry":{"type":"LineString","coordinates":[[-79.843,32.737],[-79.842,32.738]]}},{"type":"Feature","properties":{},"geometry":{"type":"LineString","coordinates":[[-79.843,32.737],[-79.8354,32.7341]]}},{"type":"Feature","properties":{},"geometry":{"type":"LineString","coordinates":[[-79.843,32.737],[-79.8425,32.7375]]}},{"type":"Feature","properties":{},"geometry":{"type":"LineString","coordinates":[[-79.843,32.737],[-79.8482,32.742]]}},{"type":"Feature","properties":{},"geometry":{"type":"LineString","coordinates":[[-79.915,32.7836],[-79.9143,32.7841]]}},{"type":"Feature","properties":{},"geometry":{"type":"LineString","coordinates":[[-79.915,32.7836],[-79.9173,32.7901]]}},{"type":"Feature","properties":{},"geometry":{"type":"LineString","coordinates":[[-79.915,32.7836],[-79.9229,32.7825]]}},{"type":"Feature","properties":{},"geometry":{"type":"LineString","coordinates":[[-79.915,32.7836],[-79.9224,32.7825]]}},{"type":"Feature","properties":{},"geometry":{"type":"LineString","coordinates":[[-79.915,32.7836],[-79.9219,32.7825]]}},{"type":"Feature","properties":{},"geometry":{"type":"LineString","coordinates":[[-79.915,32.7836],[-79.9136,32.7846]]}},{"type":"Feature","properties":{},"geometry":{"type":"LineString","coordinates":[[-79.915,32.7836],[-79.9164,32.7906]]}},{"type":"Feature","properties":{},"geometry":{"type":"LineString","coordinates":[[-79.915,32.7836],[-79.9214,32.7825]]}},{"type":"Feature","properties":{},"geometry":{"type":"LineString","coordinates":[[-79.915,32.7836],[-79.9077,32.7799]]}},{"type":"Feature","properties":{},"geometry":{"type":"LineString","coordinates":[[-79.915,32.7836],[-79.9073,32.7803]]}},{"type":"Feature","properties":{},"geometry":{"type":"LineString","coordinates":[[-79.915,32.7836],[-79.913,32.785]]}},{"type":"Feature","properties":{},"geometry":{"type":"LineString","coordinates":[[-79.915,32.7836],[-79.9182,32.7896]]}},{"type":"Feature","properties":{},"geometry":{"type":"LineString","coordinates":[[-79.9306,32.8476],[-79.9373,32.8516]]}},{"type":"Feature","properties":{},"geometry":{"type":"LineString","coordinates":[[-79.9306,32.8476],[-79.9369,32.8519]]}},{"type":"Feature","properties":{},"geometry":{"type":"LineString","coordinates":[[-79.9306,32.8476],[-79.9298,32.8395]]}},{"type":"Feature","properties":{},"geometry":{"type":"LineString","coordinates":[[-79.9306,32.8476],[-79.9361,32.8524]]}},{"type":"Feature","properties":{},"geometry":{"type":"LineString","coordinates":[[-79.9306,32.8476],[-79.929,32.8395]]}},{"type":"Feature","properties":{},"geometry":{"type":"LineString","coordinates":[[-79.9306,32.8476],[-79.9365,32.8522]]}},{"type":"Feature","properties":{},"geometry":{"type":"LineString","coordinates":[[-79.9306,32.8476],[-79.9312,32.8474]]}},{"type":"Feature","properties":{},"geometry":{"type":"LineString","coordinates":[[-81.0406,32.0424],[-81.0415,32.0432]]}},{"type":"Feature","properties":{},"geometry":{"type":"LineString","coordinates":[[-81.031,32.0185],[-81.0313,32.022]]}},{"type":"Feature","properties":{},"geometry":{"type":"LineString","coordinates":[[-79.8487,32.7415],[-79.8538,32.7464]]}},{"type":"Feature","properties":{},"geometry":{"type":"LineString","coordinates":[[-79.8487,32.7415],[-79.8477,32.7392]]}},{"type":"Feature","properties":{},"geometry":{"type":"LineString","coordinates":[[-79.8487,32.7415],[-79.842,32.738]]}},{"type":"Feature","properties":{},"geometry":{"type":"LineString","coordinates":[[-79.8487,32.7415],[-79.8425,32.7375]]}},{"type":"Feature","properties":{},"geometry":{"type":"LineString","coordinates":[[-79.8487,32.7415],[-79.8534,32.7468]]}},{"type":"Feature","properties":{},"geometry":{"type":"LineString","coordinates":[[-79.8487,32.7415],[-79.8482,32.742]]}},{"type":"Feature","properties":{},"geometry":{"type":"LineString","coordinates":[[-79.8538,32.7464],[-79.859,32.7512]]}},{"type":"Feature","properties":{},"geometry":{"type":"LineString","coordinates":[[-79.8538,32.7464],[-79.8586,32.7516]]}},{"type":"Feature","properties":{},"geometry":{"type":"LineString","coordinates":[[-79.8538,32.7464],[-79.8534,32.7468]]}},{"type":"Feature","properties":{},"geometry":{"type":"LineString","coordinates":[[-79.8538,32.7464],[-79.8482,32.742]]}},{"type":"Feature","properties":{},"geometry":{"type":"LineString","coordinates":[[-79.859,32.7512],[-79.8641,32.7561]]}},{"type":"Feature","properties":{},"geometry":{"type":"LineString","coordinates":[[-79.859,32.7512],[-79.8615,32.7556]]}},{"type":"Feature","properties":{},"geometry":{"type":"LineString","coordinates":[[-79.859,32.7512],[-79.8639,32.7564]]}},{"type":"Feature","properties":{},"geometry":{"type":"LineString","coordinates":[[-79.859,32.7512],[-79.8586,32.7516]]}},{"type":"Feature","properties":{},"geometry":{"type":"LineString","coordinates":[[-79.859,32.7512],[-79.8534,32.7468]]}},{"type":"Feature","properties":{},"geometry":{"type":"LineString","coordinates":[[-79.8641,32.7561],[-79.8704,32.7607]]}},{"type":"Feature","properties":{},"geometry":{"type":"LineString","coordinates":[[-79.8641,32.7561],[-79.8615,32.7556]]}},{"type":"Feature","properties":{},"geometry":{"type":"LineString","coordinates":[[-79.8641,32.7561],[-79.8701,32.761]]}},{"type":"Feature","properties":{},"geometry":{"type":"LineString","coordinates":[[-79.8641,32.7561],[-79.8639,32.7564]]}},{"type":"Feature","properties":{},"geometry":{"type":"LineString","coordinates":[[-79.8641,32.7561],[-79.8586,32.7516]]}},{"type":"Feature","properties":{},"geometry":{"type":"LineString","coordinates":[[-79.9177,32.8136],[-79.9234,32.8173]]}},{"type":"Feature","properties":{},"geometry":{"type":"LineString","coordinates":[[-79.9177,32.8136],[-79.9158,32.8076]]}},{"type":"Feature","properties":{},"geometry":{"type":"LineString","coordinates":[[-79.9177,32.8136],[-79.9159,32.8145]]}},{"type":"Feature","properties":{},"geometry":{"type":"LineString","coordinates":[[-79.9177,32.8136],[-79.9221,32.8182]]}},{"type":"Feature","properties":{},"geometry":{"type":"LineString","coordinates":[[-79.9177,32.8136],[-79.9185,32.8133]]}},{"type":"Feature","properties":{},"geometry":{"type":"LineString","coordinates":[[-79.9177,32.8136],[-79.9109,32.8159]]}},{"type":"Feature","properties":{},"geometry":{"type":"LineString","coordinates":[[-79.9177,32.8136],[-79.915,32.808]]}},{"type":"Feature","properties":{},"geometry":{"type":"LineString","coordinates":[[-79.9177,32.8136],[-79.9105,32.814]]}},{"type":"Feature","properties":{},"geometry":{"type":"LineString","coordinates":[[-79.9177,32.8136],[-79.9141,32.8084]]}},{"type":"Feature","properties":{},"geometry":{"type":"LineString","coordinates":[[-79.9177,32.8136],[-79.9168,32.814]]}},{"type":"Feature","properties":{},"geometry":{"type":"LineString","coordinates":[[-79.9177,32.8136],[-79.9228,32.8177]]}},{"type":"Feature","properties":{},"geometry":{"type":"LineString","coordinates":[[-79.9177,32.8136],[-79.9164,32.8072]]}},{"type":"Feature","properties":{},"geometry":{"type":"LineString","coordinates":[[-79.9234,32.8173],[-79.9221,32.8182]]}},{"type":"Feature","properties":{},"geometry":{"type":"LineString","coordinates":[[-79.9234,32.8173],[-79.9279,32.8221]]}},{"type":"Feature","properties":{},"geometry":{"type":"LineString","coordinates":[[-79.9234,32.8173],[-79.9297,32.8166]]}},{"type":"Feature","properties":{},"geometry":{"type":"LineString","coordinates":[[-79.9234,32.8173],[-79.9185,32.8133]]}},{"type":"Feature","properties":{},"geometry":{"type":"LineString","coordinates":[[-79.9234,32.8173],[-79.924,32.817]]}},{"type":"Feature","properties":{},"geometry":{"type":"LineString","coordinates":[[-79.9234,32.8173],[-79.9287,32.8154]]}},{"type":"Feature","properties":{},"geometry":{"type":"LineString","coordinates":[[-79.9234,32.8173],[-79.9271,32.8225]]}},{"type":"Feature","properties":{},"geometry":{"type":"LineString","coordinates":[[-79.9234,32.8173],[-79.9228,32.8177]]}},{"type":"Feature","properties":{},"geometry":{"type":"LineString","coordinates":[[-79.9234,32.8173],[-79.929,32.8157]]}},{"type":"Feature","properties":{},"geometry":{"type":"LineString","coordinates":[[-79.8997,32.8252],[-79.9051,32.8203]]}},{"type":"Feature","properties":{},"geometry":{"type":"LineString","coordinates":[[-79.8997,32.8252],[-79.8944,32.8298]]}},{"type":"Feature","properties":{},"geometry":{"type":"LineString","coordinates":[[-79.8997,32.8252],[-79.9053,32.8205]]}},{"type":"Feature","properties":{},"geometry":{"type":"LineString","coordinates":[[-79.8997,32.8252],[-79.8997,32.825]]}},{"type":"Feature","properties":{},"geometry":{"type":"LineString","coordinates":[[-79.8997,32.8252],[-79.8997,32.8249]]}},{"type":"Feature","properties":{},"geometry":{"type":"LineString","coordinates":[[-79.8997,32.8252],[-79.8947,32.8301]]}},{"type":"Feature","properties":{},"geometry":{"type":"LineString","coordinates":[[-79.8997,32.8252],[-79.8951,32.8303]]}},{"type":"Feature","properties":{},"geometry":{"type":"LineString","coordinates":[[-79.8997,32.8252],[-79.8954,32.8305]]}},{"type":"Feature","properties":{},"geometry":{"type":"LineString","coordinates":[[-79.9051,32.8203],[-79.9104,32.8153]]}},{"type":"Feature","properties":{},"geometry":{"type":"LineString","coordinates":[[-79.9051,32.8203],[-79.9109,32.8159]]}},{"type":"Feature","properties":{},"geometry":{"type":"LineString","coordinates":[[-79.9051,32.8203],[-79.9053,32.8205]]}},{"type":"Feature","properties":{},"geometry":{"type":"LineString","coordinates":[[-79.9051,32.8203],[-79.8997,32.825]]}},{"type":"Feature","properties":{},"geometry":{"type":"LineString","coordinates":[[-79.9051,32.8203],[-79.8997,32.8249]]}},{"type":"Feature","properties":{},"geometry":{"type":"LineString","coordinates":[[-79.9051,32.8203],[-79.9051,32.8194]]}},{"type":"Feature","properties":{},"geometry":{"type":"LineString","coordinates":[[-79.9104,32.8153],[-79.9159,32.8145]]}},{"type":"Feature","properties":{},"geometry":{"type":"LineString","coordinates":[[-79.9104,32.8153],[-79.9109,32.8159]]}},{"type":"Feature","properties":{},"geometry":{"type":"LineString","coordinates":[[-79.9104,32.8153],[-79.9053,32.8205]]}},{"type":"Feature","properties":{},"geometry":{"type":"LineString","coordinates":[[-79.9104,32.8153],[-79.9051,32.8194]]}},{"type":"Feature","properties":{},"geometry":{"type":"LineString","coordinates":[[-79.9104,32.8153],[-79.9105,32.814]]}},{"type":"Feature","properties":{},"geometry":{"type":"LineString","coordinates":[[-79.9104,32.8153],[-79.9168,32.814]]}},{"type":"Feature","properties":{},"geometry":{"type":"LineString","coordinates":[[-79.9356,32.9286],[-79.9316,32.9231]]}},{"type":"Feature","properties":{},"geometry":{"type":"LineString","coordinates":[[-79.9356,32.9286],[-79.9377,32.9285]]}},{"type":"Feature","properties":{},"geometry":{"type":"LineString","coordinates":[[-79.9356,32.9286],[-79.9334,32.9228]]}},{"type":"Feature","properties":{},"geometry":{"type":"LineString","coordinates":[[-79.9356,32.9286],[-79.9347,32.9348]]}},{"type":"Feature","properties":{},"geometry":{"type":"LineString","coordinates":[[-79.9356,32.9286],[-79.937,32.9285]]}},{"type":"Feature","properties":{},"geometry":{"type":"LineString","coordinates":[[-79.9356,32.9286],[-79.9328,32.9229]]}},{"type":"Feature","properties":{},"geometry":{"type":"LineString","coordinates":[[-79.9356,32.9286],[-79.9342,32.9346]]}},{"type":"Feature","properties":{},"geometry":{"type":"LineString","coordinates":[[-79.9356,32.9286],[-79.9363,32.9286]]}},{"type":"Feature","properties":{},"geometry":{"type":"LineString","coordinates":[[-79.9356,32.9286],[-79.9322,32.923]]}},{"type":"Feature","properties":{},"geometry":{"type":"LineString","coordinates":[[-79.9356,32.9286],[-79.9337,32.9344]]}},{"type":"Feature","properties":{},"geometry":{"type":"LineString","coordinates":[[-79.9356,32.9286],[-79.9367,32.9356]]}},{"type":"Feature","properties":{},"geometry":{"type":"LineString","coordinates":[[-79.9316,32.9231],[-79.9377,32.9285]]}},{"type":"Feature","properties":{},"geometry":{"type":"LineString","coordinates":[[-79.9316,32.9231],[-79.9334,32.9228]]}},{"type":"Feature","properties":{},"geometry":{"type":"LineString","coordinates":[[-79.9316,32.9231],[-79.9315,32.9146]]}},{"type":"Feature","properties":{},"geometry":{"type":"LineString","coordinates":[[-79.9316,32.9231],[-79.937,32.9285]]}},{"type":"Feature","properties":{},"geometry":{"type":"LineString","coordinates":[[-79.9316,32.9231],[-79.9328,32.9229]]}},{"type":"Feature","properties":{},"geometry":{"type":"LineString","coordinates":[[-79.9316,32.9231],[-79.9293,32.9173]]}},{"type":"Feature","properties":{},"geometry":{"type":"LineString","coordinates":[[-79.9316,32.9231],[-79.9363,32.9286]]}},{"type":"Feature","properties":{},"geometry":{"type":"LineString","coordinates":[[-79.9316,32.9231],[-79.9322,32.923]]}},{"type":"Feature","properties":{},"geometry":{"type":"LineString","coordinates":[[-80.8902,32.0342],[-80.8819,32.0347]]}},{"type":"Feature","properties":{},"geometry":{"type":"LineString","coordinates":[[-80.8902,32.0342],[-80.8979,32.0348]]}},{"type":"Feature","properties":{},"geometry":{"type":"LineString","coordinates":[[-80.8902,32.0342],[-80.8902,32.0345]]}},{"type":"Feature","properties":{},"geometry":{"type":"LineString","coordinates":[[-80.8902,32.0342],[-80.8819,32.0351]]}},{"type":"Feature","properties":{},"geometry":{"type":"LineString","coordinates":[[-80.8902,32.0342],[-80.8979,32.0351]]}},{"type":"Feature","properties":{},"geometry":{"type":"LineString","coordinates":[[-80.8902,32.0342],[-80.898,32.0345]]}},{"type":"Feature","properties":{},"geometry":{"type":"LineString","coordinates":[[-80.8902,32.0342],[-80.8979,32.0354]]}},{"type":"Feature","properties":{},"geometry":{"type":"LineString","coordinates":[[-80.8902,32.0342],[-80.8902,32.0352]]}},{"type":"Feature","properties":{},"geometry":{"type":"LineString","coordinates":[[-80.8819,32.0347],[-80.8736,32.0353]]}},{"type":"Feature","properties":{},"geometry":{"type":"LineString","coordinates":[[-80.8819,32.0347],[-80.8902,32.0345]]}},{"type":"Feature","properties":{},"geometry":{"type":"LineString","coordinates":[[-80.8819,32.0347],[-80.8819,32.0351]]}},{"type":"Feature","properties":{},"geometry":{"type":"LineString","coordinates":[[-80.8819,32.0347],[-80.8735,32.0357]]}},{"type":"Feature","properties":{},"geometry":{"type":"LineString","coordinates":[[-80.8819,32.0347],[-80.8902,32.0352]]}},{"type":"Feature","properties":{},"geometry":{"type":"LineString","coordinates":[[-80.8819,32.0347],[-80.8818,32.0358]]}},{"type":"Feature","properties":{},"geometry":{"type":"LineString","coordinates":[[-80.8736,32.0353],[-80.8652,32.0359]]}},{"type":"Feature","properties":{},"geometry":{"type":"LineString","coordinates":[[-80.8736,32.0353],[-80.8819,32.0351]]}},{"type":"Feature","properties":{},"geometry":{"type":"LineString","coordinates":[[-80.8736,32.0353],[-80.8735,32.0357]]}},{"type":"Feature","properties":{},"geometry":{"type":"LineString","coordinates":[[-80.8736,32.0353],[-80.8652,32.0362]]}},{"type":"Feature","properties":{},"geometry":{"type":"LineString","coordinates":[[-80.8736,32.0353],[-80.8818,32.0358]]}},{"type":"Feature","properties":{},"geometry":{"type":"LineString","coordinates":[[-80.8736,32.0353],[-80.8735,32.0364]]}},{"type":"Feature","properties":{},"geometry":{"type":"LineString","coordinates":[[-80.8652,32.0359],[-80.8569,32.0364]]}},{"type":"Feature","properties":{},"geometry":{"type":"LineString","coordinates":[[-80.8652,32.0359],[-80.8735,32.0357]]}},{"type":"Feature","properties":{},"geometry":{"type":"LineString","coordinates":[[-80.8652,32.0359],[-80.8652,32.0362]]}},{"type":"Feature","properties":{},"geometry":{"type":"LineString","coordinates":[[-80.8652,32.0359],[-80.8569,32.0368]]}},{"type":"Feature","properties":{},"geometry":{"type":"LineString","coordinates":[[-80.8652,32.0359],[-80.8735,32.0364]]}},{"type":"Feature","properties":{},"geometry":{"type":"LineString","coordinates":[[-80.8652,32.0359],[-80.8652,32.037]]}},{"type":"Feature","properties":{},"geometry":{"type":"LineString","coordinates":[[-80.8569,32.0364],[-80.8486,32.037]]}},{"type":"Feature","properties":{},"geometry":{"type":"LineString","coordinates":[[-80.8569,32.0364],[-80.8652,32.0362]]}},{"type":"Feature","properties":{},"geometry":{"type":"LineString","coordinates":[[-80.8569,32.0364],[-80.8569,32.0368]]}},{"type":"Feature","properties":{},"geometry":{"type":"LineString","coordinates":[[-80.8569,32.0364],[-80.8486,32.0374]]}},{"type":"Feature","properties":{},"geometry":{"type":"LineString","coordinates":[[-80.8569,32.0364],[-80.8652,32.037]]}},{"type":"Feature","properties":{},"geometry":{"type":"LineString","coordinates":[[-80.8569,32.0364],[-80.8568,32.0376]]}},{"type":"Feature","properties":{},"geometry":{"type":"LineString","coordinates":[[-80.8486,32.037],[-80.8569,32.0368]]}},{"type":"Feature","properties":{},"geometry":{"type":"LineString","coordinates":[[-80.8486,32.037],[-80.8486,32.0374]]}},{"type":"Feature","properties":{},"geometry":{"type":"LineString","coordinates":[[-80.8486,32.037],[-80.8404,32.0368]]}},{"type":"Feature","properties":{},"geometry":{"type":"LineString","coordinates":[[-80.8486,32.037],[-80.8403,32.0374]]}},{"type":"Feature","properties":{},"geometry":{"type":"LineString","coordinates":[[-80.8486,32.037],[-80.8568,32.0376]]}},{"type":"Feature","properties":{},"geometry":{"type":"LineString","coordinates":[[-80.8486,32.037],[-80.8485,32.0382]]}},{"type":"Feature","properties":{},"geometry":{"type":"LineString","coordinates":[[-79.2823,33.3023],[-79.2755,33.2974]]}},{"type":"Feature","properties":{},"geometry":{"type":"LineString","coordinates":[[-79.2823,33.3023],[-79.2868,33.3093]]}},{"type":"Feature","properties":{},"geometry":{"type":"LineString","coordinates":[[-79.2823,33.3023],[-79.2812,33.3026]]}},{"type":"Feature","properties":{},"geometry":{"type":"LineString","coordinates":[[-79.2823,33.3023],[-79.2745,33.2976]]}},{"type":"Feature","properties":{},"geometry":{"type":"LineString","coordinates":[[-79.2823,33.3023],[-79.2856,33.3096]]}},{"type":"Feature","properties":{},"geometry":{"type":"LineString","coordinates":[[-79.2823,33.3023],[-79.2817,33.3024]]}},{"type":"Feature","properties":{},"geometry":{"type":"LineString","coordinates":[[-79.2823,33.3023],[-79.275,33.2975]]}},{"type":"Feature","properties":{},"geometry":{"type":"LineString","coordinates":[[-79.2823,33.3023],[-79.276,33.2973]]}},{"type":"Feature","properties":{},"geometry":{"type":"LineString","coordinates":[[-79.2823,33.3023],[-79.2828,33.3021]]}},{"type":"Feature","properties":{},"geometry":{"type":"LineString","coordinates":[[-79.2823,33.3023],[-79.286,33.3095]]}},{"type":"Feature","properties":{},"geometry":{"type":"LineString","coordinates":[[-79.2823,33.3023],[-79.2854,33.2983]]}},{"type":"Feature","properties":{},"geometry":{"type":"LineString","coordinates":[[-79.2755,33.2974],[-79.2688,33.2925]]}},{"type":"Feature","properties":{},"geometry":{"type":"LineString","coordinates":[[-79.2755,33.2974],[-79.2812,33.3026]]}},{"type":"Feature","properties":{},"geometry":{"type":"LineString","coordinates":[[-79.2755,33.2974],[-79.2745,33.2976]]}},{"type":"Feature","properties":{},"geometry":{"type":"LineString","coordinates":[[-79.2755,33.2974],[-79.2678,33.2927]]}},{"type":"Feature","properties":{},"geometry":{"type":"LineString","coordinates":[[-79.2755,33.2974],[-79.2817,33.3024]]}},{"type":"Feature","properties":{},"geometry":{"type":"LineString","coordinates":[[-79.2755,33.2974],[-79.275,33.2975]]}},{"type":"Feature","properties":{},"geometry":{"type":"LineString","coordinates":[[-79.2755,33.2974],[-79.2683,33.2926]]}},{"type":"Feature","properties":{},"geometry":{"type":"LineString","coordinates":[[-79.2755,33.2974],[-79.2692,33.2924]]}},{"type":"Feature","properties":{},"geometry":{"type":"LineString","coordinates":[[-79.2755,33.2974],[-79.276,33.2973]]}},{"type":"Feature","properties":{},"geometry":{"type":"LineString","coordinates":[[-79.2755,33.2974],[-79.2828,33.3021]]}},{"type":"Feature","properties":{},"geometry":{"type":"LineString","coordinates":[[-79.2755,33.2974],[-79.2854,33.2983]]}},{"type":"Feature","properties":{},"geometry":{"type":"LineString","coordinates":[[-79.2688,33.2925],[-79.2621,33.2876]]}},{"type":"Feature","properties":{},"geometry":{"type":"LineString","coordinates":[[-79.2688,33.2925],[-79.2745,33.2976]]}},{"type":"Feature","properties":{},"geometry":{"type":"LineString","coordinates":[[-79.2688,33.2925],[-79.2678,33.2927]]}},{"type":"Feature","properties":{},"geometry":{"type":"LineString","coordinates":[[-79.2688,33.2925],[-79.2612,33.2878]]}},{"type":"Feature","properties":{},"geometry":{"type":"LineString","coordinates":[[-79.2688,33.2925],[-79.275,33.2975]]}},{"type":"Feature","properties":{},"geometry":{"type":"LineString","coordinates":[[-79.2688,33.2925],[-79.2683,33.2926]]}},{"type":"Feature","properties":{},"geometry":{"type":"LineString","coordinates":[[-79.2688,33.2925],[-79.2616,33.2877]]}},{"type":"Feature","properties":{},"geometry":{"type":"LineString","coordinates":[[-79.2688,33.2925],[-79.2625,33.2876]]}},{"type":"Feature","properties":{},"geometry":{"type":"LineString","coordinates":[[-79.2688,33.2925],[-79.2692,33.2924]]}},{"type":"Feature","properties":{},"geometry":{"type":"LineString","coordinates":[[-79.2688,33.2925],[-79.276,33.2973]]}},{"type":"Feature","properties":{},"geometry":{"type":"LineString","coordinates":[[-79.2688,33.2925],[-79.2834,33.2888]]}},{"type":"Feature","properties":{},"geometry":{"type":"LineString","coordinates":[[-79.2621,33.2876],[-79.2553,33.2827]]}},{"type":"Feature","properties":{},"geometry":{"type":"LineString","coordinates":[[-79.2621,33.2876],[-79.2678,33.2927]]}},{"type":"Feature","properties":{},"geometry":{"type":"LineString","coordinates":[[-79.2621,33.2876],[-79.2612,33.2878]]}},{"type":"Feature","properties":{},"geometry":{"type":"LineString","coordinates":[[-79.2621,33.2876],[-79.2545,33.2829]]}},{"type":"Feature","properties":{},"geometry":{"type":"LineString","coordinates":[[-79.2621,33.2876],[-79.2683,33.2926]]}},{"type":"Feature","properties":{},"geometry":{"type":"LineString","coordinates":[[-79.2621,33.2876],[-79.2616,33.2877]]}},{"type":"Feature","properties":{},"geometry":{"type":"LineString","coordinates":[[-79.2621,33.2876],[-79.2549,33.2828]]}},{"type":"Feature","properties":{},"geometry":{"type":"LineString","coordinates":[[-79.2621,33.2876],[-79.2557,33.2827]]}},{"type":"Feature","properties":{},"geometry":{"type":"LineString","coordinates":[[-79.2621,33.2876],[-79.2625,33.2876]]}},{"type":"Feature","properties":{},"geometry":{"type":"LineString","coordinates":[[-79.2621,33.2876],[-79.2692,33.2924]]}},{"type":"Feature","properties":{},"geometry":{"type":"LineString","coordinates":[[-79.2553,33.2827],[-79.2486,33.2778]]}},{"type":"Feature","properties":{},"geometry":{"type":"LineString","coordinates":[[-79.2553,33.2827],[-79.2612,33.2878]]}},{"type":"Feature","properties":{},"geometry":{"type":"LineString","coordinates":[[-79.2553,33.2827],[-79.2545,33.2829]]}},{"type":"Feature","properties":{},"geometry":{"type":"LineString","coordinates":[[-79.2553,33.2827],[-79.2478,33.278]]}},{"type":"Feature","properties":{},"geometry":{"type":"LineString","coordinates":[[-79.2553,33.2827],[-79.2616,33.2877]]}},{"type":"Feature","properties":{},"geometry":{"type":"LineString","coordinates":[[-79.2553,33.2827],[-79.2549,33.2828]]}},{"type":"Feature","properties":{},"geometry":{"type":"LineString","coordinates":[[-79.2553,33.2827],[-79.2482,33.2779]]}},{"type":"Feature","properties":{},"geometry":{"type":"LineString","coordinates":[[-79.2553,33.2827],[-79.2489,33.2779]]}},{"type":"Feature","properties":{},"geometry":{"type":"LineString","coordinates":[[-79.2553,33.2827],[-79.2557,33.2827]]}},{"type":"Feature","properties":{},"geometry":{"type":"LineString","coordinates":[[-79.2553,33.2827],[-79.2625,33.2876]]}},{"type":"Feature","properties":{},"geometry":{"type":"LineString","coordinates":[[-79.2486,33.2778],[-79.2418,33.273]]}},{"type":"Feature","properties":{},"geometry":{"type":"LineString","coordinates":[[-79.2486,33.2778],[-79.2545,33.2829]]}},{"type":"Feature","properties":{},"geometry":{"type":"LineString","coordinates":[[-79.2486,33.2778],[-79.2478,33.278]]}},{"type":"Feature","properties":{},"geometry":{"type":"LineString","coordinates":[[-79.2486,33.2778],[-79.2412,33.2731]]}},{"type":"Feature","properties":{},"geometry":{"type":"LineString","coordinates":[[-79.2486,33.2778],[-79.2549,33.2828]]}},{"type":"Feature","properties":{},"geometry":{"type":"LineString","coordinates":[[-79.2486,33.2778],[-79.2482,33.2779]]}},{"type":"Feature","properties":{},"geometry":{"type":"LineString","coordinates":[[-79.2486,33.2778],[-79.2415,33.273]]}},{"type":"Feature","properties":{},"geometry":{"type":"LineString","coordinates":[[-79.2486,33.2778],[-79.2421,33.273]]}},{"type":"Feature","properties":{},"geometry":{"type":"LineString","coordinates":[[-79.2486,33.2778],[-79.2489,33.2779]]}},{"type":"Feature","properties":{},"geometry":{"type":"LineString","coordinates":[[-79.2486,33.2778],[-79.2557,33.2827]]}},{"type":"Feature","properties":{},"geometry":{"type":"LineString","coordinates":[[-79.2418,33.273],[-79.2351,33.2681]]}},{"type":"Feature","properties":{},"geometry":{"type":"LineString","coordinates":[[-79.2418,33.273],[-79.2478,33.278]]}},{"type":"Feature","properties":{},"geometry":{"type":"LineString","coordinates":[[-79.2418,33.273],[-79.2412,33.2731]]}},{"type":"Feature","properties":{},"geometry":{"type":"LineString","coordinates":[[-79.2418,33.273],[-79.2345,33.2682]]}},{"type":"Feature","properties":{},"geometry":{"type":"LineString","coordinates":[[-79.2418,33.273],[-79.2482,33.2779]]}},{"type":"Feature","properties":{},"geometry":{"type":"LineString","coordinates":[[-79.2418,33.273],[-79.2415,33.273]]}},{"type":"Feature","properties":{},"geometry":{"type":"LineString","coordinates":[[-79.2418,33.273],[-79.2348,33.2681]]}},{"type":"Feature","properties":{},"geometry":{"type":"LineString","coordinates":[[-79.2418,33.273],[-79.2353,33.2681]]}},{"type":"Feature","properties":{},"geometry":{"type":"LineString","coordinates":[[-79.2418,33.273],[-79.2421,33.273]]}},{"type":"Feature","properties":{},"geometry":{"type":"LineString","coordinates":[[-79.2418,33.273],[-79.2489,33.2779]]}},{"type":"Feature","properties":{},"geometry":{"type":"LineString","coordinates":[[-79.2351,33.2681],[-79.2284,33.2632]]}},{"type":"Feature","properties":{},"geometry":{"type":"LineString","coordinates":[[-79.2351,33.2681],[-79.2412,33.2731]]}},{"type":"Feature","properties":{},"geometry":{"type":"LineString","coordinates":[[-79.2351,33.2681],[-79.2345,33.2682]]}},{"type":"Feature","properties":{},"geometry":{"type":"LineString","coordinates":[[-79.2351,33.2681],[-79.2278,33.2633]]}},{"type":"Feature","properties":{},"geometry":{"type":"LineString","coordinates":[[-79.2351,33.2681],[-79.2415,33.273]]}},{"type":"Feature","properties":{},"geometry":{"type":"LineString","coordinates":[[-79.2351,33.2681],[-79.2348,33.2681]]}},{"type":"Feature","properties":{},"geometry":{"type":"LineString","coordinates":[[-79.2351,33.2681],[-79.2281,33.2632]]}},{"type":"Feature","properties":{},"geometry":{"type":"LineString","coordinates":[[-79.2351,33.2681],[-79.2285,33.2633]]}},{"type":"Feature","properties":{},"geometry":{"type":"LineString","coordinates":[[-79.2351,33.2681],[-79.2353,33.2681]]}},{"type":"Feature","properties":{},"geometry":{"type":"LineString","coordinates":[[-79.2351,33.2681],[-79.2421,33.273]]}},{"type":"Feature","properties":{},"geometry":{"type":"LineString","coordinates":[[-79.2284,33.2632],[-79.2216,33.2583]]}},{"type":"Feature","properties":{},"geometry":{"type":"LineString","coordinates":[[-79.2284,33.2632],[-79.2345,33.2682]]}},{"type":"Feature","properties":{},"geometry":{"type":"LineString","coordinates":[[-79.2284,33.2632],[-79.2278,33.2633]]}},{"type":"Feature","properties":{},"geometry":{"type":"LineString","coordinates":[[-79.2284,33.2632],[-79.2211,33.2584]]}},{"type":"Feature","properties":{},"geometry":{"type":"LineString","coordinates":[[-79.2284,33.2632],[-79.2348,33.2681]]}},{"type":"Feature","properties":{},"geometry":{"type":"LineString","coordinates":[[-79.2284,33.2632],[-79.2281,33.2632]]}},{"type":"Feature","properties":{},"geometry":{"type":"LineString","coordinates":[[-79.2284,33.2632],[-79.2214,33.2584]]}},{"type":"Feature","properties":{},"geometry":{"type":"LineString","coordinates":[[-79.2284,33.2632],[-79.2217,33.2584]]}},{"type":"Feature","properties":{},"geometry":{"type":"LineString","coordinates":[[-79.2284,33.2632],[-79.2285,33.2633]]}},{"type":"Feature","properties":{},"geometry":{"type":"LineString","coordinates":[[-79.2284,33.2632],[-79.2353,33.2681]]}},{"type":"Feature","properties":{},"geometry":{"type":"LineString","coordinates":[[-79.2216,33.2583],[-79.2149,33.2534]]}},{"type":"Feature","properties":{},"geometry":{"type":"LineString","coordinates":[[-79.2216,33.2583],[-79.2278,33.2633]]}},{"type":"Feature","properties":{},"geometry":{"type":"LineString","coordinates":[[-79.2216,33.2583],[-79.2211,33.2584]]}},{"type":"Feature","properties":{},"geometry":{"type":"LineString","coordinates":[[-79.2216,33.2583],[-79.2281,33.2632]]}},{"type":"Feature","properties":{},"geometry":{"type":"LineString","coordinates":[[-79.2216,33.2583],[-79.2214,33.2584]]}},{"type":"Feature","properties":{},"geometry":{"type":"LineString","coordinates":[[-79.2216,33.2583],[-79.2147,33.2535]]}},{"type":"Feature","properties":{},"geometry":{"type":"LineString","coordinates":[[-79.2216,33.2583],[-79.2149,33.2536]]}},{"type":"Feature","properties":{},"geometry":{"type":"LineString","coordinates":[[-79.2216,33.2583],[-79.2217,33.2584]]}},{"type":"Feature","properties":{},"geometry":{"type":"LineString","coordinates":[[-79.2216,33.2583],[-79.2285,33.2633]]}},{"type":"Feature","properties":{},"geometry":{"type":"LineString","coordinates":[[-79.2149,33.2534],[-79.2211,33.2584]]}},{"type":"Feature","properties":{},"geometry":{"type":"LineString","coordinates":[[-79.2149,33.2534],[-79.2145,33.2535]]}},{"type":"Feature","properties":{},"geometry":{"type":"LineString","coordinates":[[-79.2149,33.2534],[-79.2214,33.2584]]}},{"type":"Feature","properties":{},"geometry":{"type":"LineString","coordinates":[[-79.2149,33.2534],[-79.2147,33.2535]]}},{"type":"Feature","properties":{},"geometry":{"type":"LineString","coordinates":[[-79.2149,33.2534],[-79.2079,33.2484]]}},{"type":"Feature","properties":{},"geometry":{"type":"LineString","coordinates":[[-79.2149,33.2534],[-79.2149,33.2536]]}},{"type":"Feature","properties":{},"geometry":{"type":"LineString","coordinates":[[-79.2149,33.2534],[-79.2217,33.2584]]}},{"type":"Feature","properties":{},"geometry":{"type":"LineString","coordinates":[[-81.049,32.0808],[-81.0563,32.0804]]}},{"type":"Feature","properties":{},"geometry":{"type":"LineString","coordinates":[[-81.049,32.0808],[-81.0492,32.0814]]}},{"type":"Feature","properties":{},"geometry":{"type":"LineString","coordinates":[[-81.049,32.0808],[-81.047,32.0794]]}},{"type":"Feature","properties":{},"geometry":{"type":"LineString","coordinates":[[-81.049,32.0808],[-81.0416,32.0815]]}},{"type":"Feature","properties":{},"geometry":{"type":"LineString","coordinates":[[-81.049,32.0808],[-81.0489,32.0803]]}},{"type":"Feature","properties":{},"geometry":{"type":"LineString","coordinates":[[-81.049,32.0808],[-81.0562,32.08]]}},{"type":"Feature","properties":{},"geometry":{"type":"LineString","coordinates":[[-81.049,32.0808],[-81.0472,32.0796]]}},{"type":"Feature","properties":{},"geometry":{"type":"LineString","coordinates":[[-81.049,32.0808],[-81.0415,32.0811]]}},{"type":"Feature","properties":{},"geometry":{"type":"LineString","coordinates":[[-81.049,32.0808],[-81.0491,32.0811]]}},{"type":"Feature","properties":{},"geometry":{"type":"LineString","coordinates":[[-81.049,32.0808],[-81.0563,32.0807]]}},{"type":"Feature","properties":{},"geometry":{"type":"LineString","coordinates":[[-81.049,32.0808],[-81.0419,32.0823]]}},{"type":"Feature","properties":{},"geometry":{"type":"LineString","coordinates":[[-81.0563,32.0804],[-81.0635,32.08]]}},{"type":"Feature","properties":{},"geometry":{"type":"LineString","coordinates":[[-81.0563,32.0804],[-81.0492,32.0814]]}},{"type":"Feature","properties":{},"geometry":{"type":"LineString","coordinates":[[-81.0563,32.0804],[-81.0564,32.081]]}},{"type":"Feature","properties":{},"geometry":{"type":"LineString","coordinates":[[-81.0563,32.0804],[-81.0636,32.0807]]}},{"type":"Feature","properties":{},"geometry":{"type":"LineString","coordinates":[[-81.0563,32.0804],[-81.0489,32.0803]]}},{"type":"Feature","properties":{},"geometry":{"type":"LineString","coordinates":[[-81.0563,32.0804],[-81.0562,32.08]]}},{"type":"Feature","properties":{},"geometry":{"type":"LineString","coordinates":[[-81.0563,32.0804],[-81.0635,32.0796]]}},{"type":"Feature","properties":{},"geometry":{"type":"LineString","coordinates":[[-81.0563,32.0804],[-81.0491,32.0811]]}},{"type":"Feature","properties":{},"geometry":{"type":"LineString","coordinates":[[-81.0563,32.0804],[-81.0563,32.0807]]}},{"type":"Feature","properties":{},"geometry":{"type":"LineString","coordinates":[[-81.0563,32.0804],[-81.0635,32.0803]]}},{"type":"Feature","properties":{},"geometry":{"type":"LineString","coordinates":[[-81.0635,32.08],[-81.0707,32.0796]]}},{"type":"Feature","properties":{},"geometry":{"type":"LineString","coordinates":[[-81.0635,32.08],[-81.0564,32.081]]}},{"type":"Feature","properties":{},"geometry":{"type":"LineString","coordinates":[[-81.0635,32.08],[-81.0636,32.0807]]}},{"type":"Feature","properties":{},"geometry":{"type":"LineString","coordinates":[[-81.0635,32.08],[-81.0707,32.0803]]}},{"type":"Feature","properties":{},"geometry":{"type":"LineString","coordinates":[[-81.0635,32.08],[-81.0562,32.08]]}},{"type":"Feature","properties":{},"geometry":{"type":"LineString","coordinates":[[-81.0635,32.08],[-81.0635,32.0796]]}},{"type":"Feature","properties":{},"geometry":{"type":"LineString","coordinates":[[-81.0635,32.08],[-81.0707,32.0792]]}},{"type":"Feature","properties":{},"geometry":{"type":"LineString","coordinates":[[-81.0635,32.08],[-81.0686,32.0808]]}},{"type":"Feature","properties":{},"geometry":{"type":"LineString","coordinates":[[-81.0635,32.08],[-81.0563,32.0807]]}},{"type":"Feature","properties":{},"geometry":{"type":"LineString","coordinates":[[-81.0635,32.08],[-81.0635,32.0803]]}},{"type":"Feature","properties":{},"geometry":{"type":"LineString","coordinates":[[-81.0635,32.08],[-81.0707,32.08]]}},{"type":"Feature","properties":{},"geometry":{"type":"LineString","coordinates":[[-81.0707,32.0796],[-81.0787,32.0802]]}},{"type":"Feature","properties":{},"geometry":{"type":"LineString","coordinates":[[-81.0707,32.0796],[-81.0636,32.0807]]}},{"type":"Feature","properties":{},"geometry":{"type":"LineString","coordinates":[[-81.0707,32.0796],[-81.0707,32.0803]]}},{"type":"Feature","properties":{},"geometry":{"type":"LineString","coordinates":[[-81.0707,32.0796],[-81.0788,32.0791]]}},{"type":"Feature","properties":{},"geometry":{"type":"LineString","coordinates":[[-81.0707,32.0796],[-81.0635,32.0796]]}},{"type":"Feature","properties":{},"geometry":{"type":"LineString","coordinates":[[-81.0707,32.0796],[-81.0707,32.0792]]}},{"type":"Feature","properties":{},"geometry":{"type":"LineString","coordinates":[[-81.0707,32.0796],[-81.0686,32.0808]]}},{"type":"Feature","properties":{},"geometry":{"type":"LineString","coordinates":[[-81.0707,32.0796],[-81.0635,32.0803]]}},{"type":"Feature","properties":{},"geometry":{"type":"LineString","coordinates":[[-81.0707,32.0796],[-81.0707,32.08]]}},{"type":"Feature","properties":{},"geometry":{"type":"LineString","coordinates":[[-81.0707,32.0796],[-81.0787,32.0798]]}},{"type":"Feature","properties":{},"geometry":{"type":"LineString","coordinates":[[-79.1926,33.2278],[-79.1894,33.2198]]}},{"type":"Feature","properties":{},"geometry":{"type":"LineString","coordinates":[[-79.1926,33.2278],[-79.1923,33.228]]}},{"type":"Feature","properties":{},"geometry":{"type":"LineString","coordinates":[[-79.1926,33.2278],[-79.1891,33.2199]]}},{"type":"Feature","properties":{},"geometry":{"type":"LineString","coordinates":[[-79.1926,33.2278],[-79.1918,33.2282]]}},{"type":"Feature","properties":{},"geometry":{"type":"LineString","coordinates":[[-79.1926,33.2278],[-79.1885,33.2202]]}},{"type":"Feature","properties":{},"geometry":{"type":"LineString","coordinates":[[-79.1926,33.2278],[-79.1962,33.2355]]}},{"type":"Feature","properties":{},"geometry":{"type":"LineString","coordinates":[[-79.1926,33.2278],[-79.192,33.2281]]}},{"type":"Feature","properties":{},"geometry":{"type":"LineString","coordinates":[[-79.1926,33.2278],[-79.1888,33.22]]}},{"type":"Feature","properties":{},"geometry":{"type":"LineString","coordinates":[[-79.1894,33.2198],[-79.1863,33.2117]]}},{"type":"Feature","properties":{},"geometry":{"type":"LineString","coordinates":[[-79.1894,33.2198],[-79.1923,33.228]]}},{"type":"Feature","properties":{},"geometry":{"type":"LineString","coordinates":[[-79.1894,33.2198],[-79.1891,33.2199]]}},{"type":"Feature","properties":{},"geometry":{"type":"LineString","coordinates":[[-79.1894,33.2198],[-79.1859,33.2118]]}},{"type":"Feature","properties":{},"geometry":{"type":"LineString","coordinates":[[-79.1894,33.2198],[-79.1885,33.2202]]}},{"type":"Feature","properties":{},"geometry":{"type":"LineString","coordinates":[[-79.1894,33.2198],[-79.1853,33.2121]]}},{"type":"Feature","properties":{},"geometry":{"type":"LineString","coordinates":[[-79.1894,33.2198],[-79.192,33.2281]]}},{"type":"Feature","properties":{},"geometry":{"type":"LineString","coordinates":[[-79.1894,33.2198],[-79.1888,33.22]]}},{"type":"Feature","properties":{},"geometry":{"type":"LineString","coordinates":[[-79.1894,33.2198],[-79.1856,33.212]]}},{"type":"Feature","properties":{},"geometry":{"type":"LineString","coordinates":[[-79.1863,33.2117],[-79.1891,33.2199]]}},{"type":"Feature","properties":{},"geometry":{"type":"LineString","coordinates":[[-79.1863,33.2117],[-79.1859,33.2118]]}},{"type":"Feature","properties":{},"geometry":{"type":"LineString","coordinates":[[-79.1863,33.2117],[-79.1853,33.2121]]}},{"type":"Feature","properties":{},"geometry":{"type":"LineString","coordinates":[[-79.1863,33.2117],[-79.1815,33.2046]]}},{"type":"Feature","properties":{},"geometry":{"type":"LineString","coordinates":[[-79.1863,33.2117],[-79.1811,33.2049]]}},{"type":"Feature","properties":{},"geometry":{"type":"LineString","coordinates":[[-79.1863,33.2117],[-79.1856,33.212]]}},{"type":"Feature","properties":{},"geometry":{"type":"LineString","coordinates":[[-79.1863,33.2117],[-79.1818,33.2044]]}},{"type":"Feature","properties":{},"geometry":{"type":"LineString","coordinates":[[-79.1863,33.2117],[-79.1822,33.2041]]}},{"type":"Feature","properties":{},"geometry":{"type":"LineString","coordinates":[[-79.9439,32.8362],[-79.9442,32.8361]]}},{"type":"Feature","properties":{},"geometry":{"type":"LineString","coordinates":[[-79.9296,32.8215],[-79.9279,32.8221]]}},{"type":"Feature","properties":{},"geometry":{"type":"LineString","coordinates":[[-79.9296,32.8215],[-79.9297,32.8166]]}},{"type":"Feature","properties":{},"geometry":{"type":"LineString","coordinates":[[-79.9296,32.8215],[-79.924,32.817]]}},{"type":"Feature","properties":{},"geometry":{"type":"LineString","coordinates":[[-79.9296,32.8215],[-79.9287,32.8154]]}},{"type":"Feature","properties":{},"geometry":{"type":"LineString","coordinates":[[-79.9296,32.8215],[-79.9271,32.8225]]}},{"type":"Feature","properties":{},"geometry":{"type":"LineString","coordinates":[[-79.9296,32.8215],[-79.929,32.8157]]}},{"type":"Feature","properties":{},"geometry":{"type":"LineString","coordinates":[[-81.0207,32.093],[-81.0192,32.0934]]}},{"type":"Feature","properties":{},"geometry":{"type":"LineString","coordinates":[[-81.0207,32.093],[-81.0118,32.0993]]}},{"type":"Feature","properties":{},"geometry":{"type":"LineString","coordinates":[[-81.0207,32.093],[-81.0267,32.0874]]}},{"type":"Feature","properties":{},"geometry":{"type":"LineString","coordinates":[[-81.0207,32.093],[-81.0186,32.0935]]}},{"type":"Feature","properties":{},"geometry":{"type":"LineString","coordinates":[[-81.0207,32.093],[-81.0264,32.0871]]}},{"type":"Feature","properties":{},"geometry":{"type":"LineString","coordinates":[[-81.0207,32.093],[-81.0196,32.0937]]}},{"type":"Feature","properties":{},"geometry":{"type":"LineString","coordinates":[[-81.0207,32.093],[-81.0273,32.0881]]}},{"type":"Feature","properties":{},"geometry":{"type":"LineString","coordinates":[[-79.4768,32.988],[-79.4768,32.9968],[-79.4768,33.0056]]}},{"type":"Feature","properties":{},"geometry":{"type":"LineString","coordinates":[[-79.9617,32.7697],[-79.9624,32.7686]]}},{"type":"Feature","properties":{},"geometry":{"type":"LineString","coordinates":[[-79.9143,32.7841],[-79.9173,32.7901]]}},{"type":"Feature","properties":{},"geometry":{"type":"LineString","coordinates":[[-79.9143,32.7841],[-79.9219,32.7825]]}},{"type":"Feature","properties":{},"geometry":{"type":"LineString","coordinates":[[-79.9143,32.7841],[-79.9136,32.7846]]}},{"type":"Feature","properties":{},"geometry":{"type":"LineString","coordinates":[[-79.9143,32.7841],[-79.907,32.7807]]}},{"type":"Feature","properties":{},"geometry":{"type":"LineString","coordinates":[[-79.9143,32.7841],[-79.9164,32.7906]]}},{"type":"Feature","properties":{},"geometry":{"type":"LineString","coordinates":[[-79.9143,32.7841],[-79.9214,32.7825]]}},{"type":"Feature","properties":{},"geometry":{"type":"LineString","coordinates":[[-79.9143,32.7841],[-79.9077,32.7799]]}},{"type":"Feature","properties":{},"geometry":{"type":"LineString","coordinates":[[-79.9143,32.7841],[-79.9073,32.7803]]}},{"type":"Feature","properties":{},"geometry":{"type":"LineString","coordinates":[[-79.9143,32.7841],[-79.913,32.785]]}},{"type":"Feature","properties":{},"geometry":{"type":"LineString","coordinates":[[-79.9143,32.7841],[-79.9156,32.7912]]}},{"type":"Feature","properties":{},"geometry":{"type":"LineString","coordinates":[[-79.9143,32.7841],[-79.9182,32.7896]]}},{"type":"Feature","properties":{},"geometry":{"type":"LineString","coordinates":[[-79.9377,32.9285],[-79.9334,32.9228]]}},{"type":"Feature","properties":{},"geometry":{"type":"LineString","coordinates":[[-79.9377,32.9285],[-79.9347,32.9348]]}},{"type":"Feature","properties":{},"geometry":{"type":"LineString","coordinates":[[-79.9377,32.9285],[-79.937,32.9285]]}},{"type":"Feature","properties":{},"geometry":{"type":"LineString","coordinates":[[-79.9377,32.9285],[-79.9328,32.9229]]}},{"type":"Feature","properties":{},"geometry":{"type":"LineString","coordinates":[[-79.9377,32.9285],[-79.9342,32.9346]]}},{"type":"Feature","properties":{},"geometry":{"type":"LineString","coordinates":[[-79.9377,32.9285],[-79.9363,32.9286]]}},{"type":"Feature","properties":{},"geometry":{"type":"LineString","coordinates":[[-79.9377,32.9285],[-79.9322,32.923]]}},{"type":"Feature","properties":{},"geometry":{"type":"LineString","coordinates":[[-79.9377,32.9285],[-79.9337,32.9344]]}},{"type":"Feature","properties":{},"geometry":{"type":"LineString","coordinates":[[-79.9377,32.9285],[-79.9367,32.9356]]}},{"type":"Feature","properties":{},"geometry":{"type":"LineString","coordinates":[[-79.9334,32.9228],[-79.9315,32.9146]]}},{"type":"Feature","properties":{},"geometry":{"type":"LineString","coordinates":[[-79.9334,32.9228],[-79.937,32.9285]]}},{"type":"Feature","properties":{},"geometry":{"type":"LineString","coordinates":[[-79.9334,32.9228],[-79.9328,32.9229]]}},{"type":"Feature","properties":{},"geometry":{"type":"LineString","coordinates":[[-79.9334,32.9228],[-79.9293,32.9173]]}},{"type":"Feature","properties":{},"geometry":{"type":"LineString","coordinates":[[-79.9334,32.9228],[-79.9363,32.9286]]}},{"type":"Feature","properties":{},"geometry":{"type":"LineString","coordinates":[[-79.9334,32.9228],[-79.9322,32.923]]}},{"type":"Feature","properties":{},"geometry":{"type":"LineString","coordinates":[[-79.9158,32.8076],[-79.9165,32.7988]]}},{"type":"Feature","properties":{},"geometry":{"type":"LineString","coordinates":[[-79.9158,32.8076],[-79.9159,32.8145]]}},{"type":"Feature","properties":{},"geometry":{"type":"LineString","coordinates":[[-79.9158,32.8076],[-79.9185,32.8133]]}},{"type":"Feature","properties":{},"geometry":{"type":"LineString","coordinates":[[-79.9158,32.8076],[-79.915,32.808]]}},{"type":"Feature","properties":{},"geometry":{"type":"LineString","coordinates":[[-79.9158,32.8076],[-79.9157,32.7993]]}},{"type":"Feature","properties":{},"geometry":{"type":"LineString","coordinates":[[-79.9158,32.8076],[-79.9141,32.8084]]}},{"type":"Feature","properties":{},"geometry":{"type":"LineString","coordinates":[[-79.9158,32.8076],[-79.9149,32.7998]]}},{"type":"Feature","properties":{},"geometry":{"type":"LineString","coordinates":[[-79.9158,32.8076],[-79.9168,32.814]]}},{"type":"Feature","properties":{},"geometry":{"type":"LineString","coordinates":[[-79.9158,32.8076],[-79.9164,32.8072]]}},{"type":"Feature","properties":{},"geometry":{"type":"LineString","coordinates":[[-79.9165,32.7988],[-79.9173,32.7901]]}},{"type":"Feature","properties":{},"geometry":{"type":"LineString","coordinates":[[-79.9165,32.7988],[-79.9209,32.791]]}},{"type":"Feature","properties":{},"geometry":{"type":"LineString","coordinates":[[-79.9165,32.7988],[-79.9157,32.7993]]}},{"type":"Feature","properties":{},"geometry":{"type":"LineString","coordinates":[[-79.9165,32.7988],[-79.9164,32.7906]]}},{"type":"Feature","properties":{},"geometry":{"type":"LineString","coordinates":[[-79.9165,32.7988],[-79.9203,32.7913]]}},{"type":"Feature","properties":{},"geometry":{"type":"LineString","coordinates":[[-79.9165,32.7988],[-79.9149,32.7998]]}},{"type":"Feature","properties":{},"geometry":{"type":"LineString","coordinates":[[-79.9165,32.7988],[-79.9156,32.7912]]}},{"type":"Feature","properties":{},"geometry":{"type":"LineString","coordinates":[[-79.9165,32.7988],[-79.9164,32.8072]]}},{"type":"Feature","properties":{},"geometry":{"type":"LineString","coordinates":[[-79.9165,32.7988],[-79.9173,32.7984]]}},{"type":"Feature","properties":{},"geometry":{"type":"LineString","coordinates":[[-79.9173,32.7901],[-79.9227,32.7905]]}},{"type":"Feature","properties":{},"geometry":{"type":"LineString","coordinates":[[-79.9173,32.7901],[-79.9136,32.7846]]}},{"type":"Feature","properties":{},"geometry":{"type":"LineString","coordinates":[[-79.9173,32.7901],[-79.922,32.7898]]}},{"type":"Feature","properties":{},"geometry":{"type":"LineString","coordinates":[[-79.9173,32.7901],[-79.9209,32.791]]}},{"type":"Feature","properties":{},"geometry":{"type":"LineString","coordinates":[[-79.9173,32.7901],[-79.9164,32.7906]]}},{"type":"Feature","properties":{},"geometry":{"type":"LineString","coordinates":[[-79.9173,32.7901],[-79.9214,32.7904]]}},{"type":"Feature","properties":{},"geometry":{"type":"LineString","coordinates":[[-79.9173,32.7901],[-79.9203,32.7913]]}},{"type":"Feature","properties":{},"geometry":{"type":"LineString","coordinates":[[-79.9173,32.7901],[-79.913,32.785]]}},{"type":"Feature","properties":{},"geometry":{"type":"LineString","coordinates":[[-79.9173,32.7901],[-79.9149,32.7998]]}},{"type":"Feature","properties":{},"geometry":{"type":"LineString","coordinates":[[-79.9173,32.7901],[-79.9156,32.7912]]}},{"type":"Feature","properties":{},"geometry":{"type":"LineString","coordinates":[[-79.9173,32.7901],[-79.9173,32.7984]]}},{"type":"Feature","properties":{},"geometry":{"type":"LineString","coordinates":[[-79.9173,32.7901],[-79.9182,32.7896]]}},{"type":"Feature","properties":{},"geometry":{"type":"LineString","coordinates":[[-79.9229,32.7825],[-79.9227,32.7905]]}},{"type":"Feature","properties":{},"geometry":{"type":"LineString","coordinates":[[-79.9229,32.7825],[-79.9224,32.7825]]}},{"type":"Feature","properties":{},"geometry":{"type":"LineString","coordinates":[[-79.9229,32.7825],[-79.9219,32.7825]]}},{"type":"Feature","properties":{},"geometry":{"type":"LineString","coordinates":[[-79.9229,32.7825],[-79.9231,32.7905]]}},{"type":"Feature","properties":{},"geometry":{"type":"LineString","coordinates":[[-79.9229,32.7825],[-79.922,32.7898]]}},{"type":"Feature","properties":{},"geometry":{"type":"LineString","coordinates":[[-79.9229,32.7825],[-79.9214,32.7825]]}},{"type":"Feature","properties":{},"geometry":{"type":"LineString","coordinates":[[-79.9229,32.7825],[-79.9214,32.7904]]}},{"type":"Feature","properties":{},"geometry":{"type":"LineString","coordinates":[[-81.0192,32.0934],[-81.0118,32.0993]]}},{"type":"Feature","properties":{},"geometry":{"type":"LineString","coordinates":[[-81.0192,32.0934],[-81.0267,32.0874]]}},{"type":"Feature","properties":{},"geometry":{"type":"LineString","coordinates":[[-81.0192,32.0934],[-81.0186,32.0935]]}},{"type":"Feature","properties":{},"geometry":{"type":"LineString","coordinates":[[-81.0192,32.0934],[-81.0125,32.1007]]}},{"type":"Feature","properties":{},"geometry":{"type":"LineString","coordinates":[[-81.0192,32.0934],[-81.0264,32.0871]]}},{"type":"Feature","properties":{},"geometry":{"type":"LineString","coordinates":[[-81.0192,32.0934],[-81.0196,32.0937]]}},{"type":"Feature","properties":{},"geometry":{"type":"LineString","coordinates":[[-79.9315,32.9146],[-79.9378,32.9093]]}},{"type":"Feature","properties":{},"geometry":{"type":"LineString","coordinates":[[-79.9315,32.9146],[-79.9328,32.9229]]}},{"type":"Feature","properties":{},"geometry":{"type":"LineString","coordinates":[[-79.9315,32.9146],[-79.9307,32.9143]]}},{"type":"Feature","properties":{},"geometry":{"type":"LineString","coordinates":[[-79.9315,32.9146],[-79.9372,32.9088]]}},{"type":"Feature","properties":{},"geometry":{"type":"LineString","coordinates":[[-79.9315,32.9146],[-79.9313,32.9114]]}},{"type":"Feature","properties":{},"geometry":{"type":"LineString","coordinates":[[-79.9315,32.9146],[-79.9293,32.9173]]}},{"type":"Feature","properties":{},"geometry":{"type":"LineString","coordinates":[[-79.9315,32.9146],[-79.9322,32.923]]}},{"type":"Feature","properties":{},"geometry":{"type":"LineString","coordinates":[[-79.9315,32.9146],[-79.9375,32.909]]}},{"type":"Feature","properties":{},"geometry":{"type":"LineString","coordinates":[[-79.9288,32.9453],[-79.9283,32.9455]]}},{"type":"Feature","properties":{},"geometry":{"type":"LineString","coordinates":[[-79.9288,32.9453],[-79.9277,32.9456]]}},{"type":"Feature","properties":{},"geometry":{"type":"LineString","coordinates":[[-79.9288,32.9453],[-79.9277,32.9389]]}},{"type":"Feature","properties":{},"geometry":{"type":"LineString","coordinates":[[-79.9288,32.9453],[-79.9264,32.9421]]}},{"type":"Feature","properties":{},"geometry":{"type":"LineString","coordinates":[[-79.9288,32.9453],[-79.928,32.939]]}},{"type":"Feature","properties":{},"geometry":{"type":"LineString","coordinates":[[-79.9288,32.9453],[-79.9268,32.942]]}},{"type":"Feature","properties":{},"geometry":{"type":"LineString","coordinates":[[-79.9288,32.9453],[-79.9283,32.9391]]}},{"type":"Feature","properties":{},"geometry":{"type":"LineString","coordinates":[[-79.9288,32.9453],[-79.9272,32.942]]}},{"type":"Feature","properties":{},"geometry":{"type":"LineString","coordinates":[[-79.9288,32.9453],[-79.9271,32.9458]]}},{"type":"Feature","properties":{},"geometry":{"type":"LineString","coordinates":[[-79.9288,32.9453],[-79.9259,32.9421]]}},{"type":"Feature","properties":{},"geometry":{"type":"LineString","coordinates":[[-79.807,32.7878],[-79.8,32.7908],[-79.7988,32.7911]]}},{"type":"Feature","properties":{},"geometry":{"type":"LineString","coordinates":[[-79.807,32.7878],[-79.814,32.7849]]}},{"type":"Feature","properties":{},"geometry":{"type":"LineString","coordinates":[[-79.807,32.7878],[-79.808,32.7873]]}},{"type":"Feature","properties":{},"geometry":{"type":"LineString","coordinates":[[-79.814,32.7849],[-79.821,32.782]]}},{"type":"Feature","properties":{},"geometry":{"type":"LineString","coordinates":[[-79.814,32.7849],[-79.8149,32.7843]]}},{"type":"Feature","properties":{},"geometry":{"type":"LineString","coordinates":[[-79.821,32.782],[-79.8281,32.779]]}},{"type":"Feature","properties":{},"geometry":{"type":"LineString","coordinates":[[-79.821,32.782],[-79.8217,32.7813]]}},{"type":"Feature","properties":{},"geometry":{"type":"LineString","coordinates":[[-79.8281,32.779],[-79.8347,32.7736]]}},{"type":"Feature","properties":{},"geometry":{"type":"LineString","coordinates":[[-79.8281,32.779],[-79.8287,32.7784]]}},{"type":"Feature","properties":{},"geometry":{"type":"LineString","coordinates":[[-81.095,32.0864],[-81.0868,32.0833]]}},{"type":"Feature","properties":{},"geometry":{"type":"LineString","coordinates":[[-81.095,32.0864],[-81.1017,32.091]]}},{"type":"Feature","properties":{},"geometry":{"type":"LineString","coordinates":[[-81.095,32.0864],[-81.1013,32.0915]]}},{"type":"Feature","properties":{},"geometry":{"type":"LineString","coordinates":[[-81.095,32.0864],[-81.0956,32.0854]]}},{"type":"Feature","properties":{},"geometry":{"type":"LineString","coordinates":[[-81.095,32.0864],[-81.0872,32.0822]]}},{"type":"Feature","properties":{},"geometry":{"type":"LineString","coordinates":[[-81.095,32.0864],[-81.1015,32.0913]]}},{"type":"Feature","properties":{},"geometry":{"type":"LineString","coordinates":[[-81.095,32.0864],[-81.0891,32.0861]]}},{"type":"Feature","properties":{},"geometry":{"type":"LineString","coordinates":[[-81.095,32.0864],[-81.102,32.0907]]}},{"type":"Feature","properties":{},"geometry":{"type":"LineString","coordinates":[[-81.095,32.0864],[-81.0952,32.0861]]}},{"type":"Feature","properties":{},"geometry":{"type":"LineString","coordinates":[[-81.095,32.0864],[-81.0869,32.0829]]}},{"type":"Feature","properties":{},"geometry":{"type":"LineString","coordinates":[[-81.0868,32.0833],[-81.0787,32.0802]]}},{"type":"Feature","properties":{},"geometry":{"type":"LineString","coordinates":[[-81.0868,32.0833],[-81.0872,32.0822]]}},{"type":"Feature","properties":{},"geometry":{"type":"LineString","coordinates":[[-81.0868,32.0833],[-81.0891,32.0861]]}},{"type":"Feature","properties":{},"geometry":{"type":"LineString","coordinates":[[-81.0868,32.0833],[-81.0952,32.0861]]}},{"type":"Feature","properties":{},"geometry":{"type":"LineString","coordinates":[[-81.0868,32.0833],[-81.0869,32.0829]]}},{"type":"Feature","properties":{},"geometry":{"type":"LineString","coordinates":[[-81.0868,32.0833],[-81.0787,32.0798]]}},{"type":"Feature","properties":{},"geometry":{"type":"LineString","coordinates":[[-81.0787,32.0802],[-81.0707,32.0803]]}},{"type":"Feature","properties":{},"geometry":{"type":"LineString","coordinates":[[-81.0787,32.0802],[-81.0872,32.0822]]}},{"type":"Feature","properties":{},"geometry":{"type":"LineString","coordinates":[[-81.0787,32.0802],[-81.0788,32.0791]]}},{"type":"Feature","properties":{},"geometry":{"type":"LineString","coordinates":[[-81.0787,32.0802],[-81.0707,32.0792]]}},{"type":"Feature","properties":{},"geometry":{"type":"LineString","coordinates":[[-81.0787,32.0802],[-81.0707,32.08]]}},{"type":"Feature","properties":{},"geometry":{"type":"LineString","coordinates":[[-81.0787,32.0802],[-81.0869,32.0829]]}},{"type":"Feature","properties":{},"geometry":{"type":"LineString","coordinates":[[-81.0787,32.0802],[-81.0787,32.0798]]}},{"type":"Feature","properties":{},"geometry":{"type":"LineString","coordinates":[[-80.651,32.3114],[-80.6519,32.3036]]}},{"type":"Feature","properties":{},"geometry":{"type":"LineString","coordinates":[[-80.651,32.3114],[-80.6523,32.3187]]}},{"type":"Feature","properties":{},"geometry":{"type":"LineString","coordinates":[[-80.651,32.3114],[-80.6522,32.3035]]}},{"type":"Feature","properties":{},"geometry":{"type":"LineString","coordinates":[[-80.651,32.3114],[-80.6513,32.3113]]}},{"type":"Feature","properties":{},"geometry":{"type":"LineString","coordinates":[[-80.651,32.3114],[-80.6508,32.3114]]}},{"type":"Feature","properties":{},"geometry":{"type":"LineString","coordinates":[[-80.651,32.3114],[-80.6516,32.3037]]}},{"type":"Feature","properties":{},"geometry":{"type":"LineString","coordinates":[[-80.651,32.3114],[-80.6516,32.3188]]}},{"type":"Feature","properties":{},"geometry":{"type":"LineString","coordinates":[[-80.651,32.3114],[-80.6548,32.3102]]}},{"type":"Feature","properties":{},"geometry":{"type":"LineString","coordinates":[[-80.6519,32.3036],[-80.6527,32.2958]]}},{"type":"Feature","properties":{},"geometry":{"type":"LineString","coordinates":[[-80.6519,32.3036],[-80.6531,32.2958]]}},{"type":"Feature","properties":{},"geometry":{"type":"LineString","coordinates":[[-80.6519,32.3036],[-80.6522,32.3035]]}},{"type":"Feature","properties":{},"geometry":{"type":"LineString","coordinates":[[-80.6519,32.3036],[-80.6513,32.3113]]}},{"type":"Feature","properties":{},"geometry":{"type":"LineString","coordinates":[[-80.6519,32.3036],[-80.6508,32.3114]]}},{"type":"Feature","properties":{},"geometry":{"type":"LineString","coordinates":[[-80.6519,32.3036],[-80.6516,32.3037]]}},{"type":"Feature","properties":{},"geometry":{"type":"LineString","coordinates":[[-80.6519,32.3036],[-80.6523,32.2959]]}},{"type":"Feature","properties":{},"geometry":{"type":"LineString","coordinates":[[-80.6519,32.3036],[-80.6546,32.3027]]}},{"type":"Feature","properties":{},"geometry":{"type":"LineString","coordinates":[[-80.6527,32.2958],[-80.6535,32.288]]}},{"type":"Feature","properties":{},"geometry":{"type":"LineString","coordinates":[[-80.6527,32.2958],[-80.654,32.288]]}},{"type":"Feature","properties":{},"geometry":{"type":"LineString","coordinates":[[-80.6527,32.2958],[-80.6531,32.2958]]}},{"type":"Feature","properties":{},"geometry":{"type":"LineString","coordinates":[[-80.6527,32.2958],[-80.6522,32.3035]]}},{"type":"Feature","properties":{},"geometry":{"type":"LineString","coordinates":[[-80.6527,32.2958],[-80.6516,32.3037]]}},{"type":"Feature","properties":{},"geometry":{"type":"LineString","coordinates":[[-80.6527,32.2958],[-80.6523,32.2959]]}},{"type":"Feature","properties":{},"geometry":{"type":"LineString","coordinates":[[-80.6527,32.2958],[-80.6531,32.2882]]}},{"type":"Feature","properties":{},"geometry":{"type":"LineString","coordinates":[[-80.6527,32.2958],[-80.6545,32.2977]]}},{"type":"Feature","properties":{},"geometry":{"type":"LineString","coordinates":[[-80.6535,32.288],[-80.6544,32.2803]]}},{"type":"Feature","properties":{},"geometry":{"type":"LineString","coordinates":[[-80.6535,32.288],[-80.6549,32.2802]]}},{"type":"Feature","properties":{},"geometry":{"type":"LineString","coordinates":[[-80.6535,32.288],[-80.654,32.288]]}},{"type":"Feature","properties":{},"geometry":{"type":"LineString","coordinates":[[-80.6535,32.288],[-80.6531,32.2958]]}},{"type":"Feature","properties":{},"geometry":{"type":"LineString","coordinates":[[-80.6535,32.288],[-80.6523,32.2959]]}},{"type":"Feature","properties":{},"geometry":{"type":"LineString","coordinates":[[-80.6535,32.288],[-80.6531,32.2882]]}},{"type":"Feature","properties":{},"geometry":{"type":"LineString","coordinates":[[-80.6535,32.288],[-80.6539,32.2804]]}},{"type":"Feature","properties":{},"geometry":{"type":"LineString","coordinates":[[-80.6535,32.288],[-80.6579,32.291]]}},{"type":"Feature","properties":{},"geometry":{"type":"LineString","coordinates":[[-80.6544,32.2803],[-80.6552,32.2725]]}},{"type":"Feature","properties":{},"geometry":{"type":"LineString","coordinates":[[-80.6544,32.2803],[-80.6558,32.2724]]}},{"type":"Feature","properties":{},"geometry":{"type":"LineString","coordinates":[[-80.6544,32.2803],[-80.6549,32.2802]]}},{"type":"Feature","properties":{},"geometry":{"type":"LineString","coordinates":[[-80.6544,32.2803],[-80.654,32.288]]}},{"type":"Feature","properties":{},"geometry":{"type":"LineString","coordinates":[[-80.6544,32.2803],[-80.6531,32.2882]]}},{"type":"Feature","properties":{},"geometry":{"type":"LineString","coordinates":[[-80.6544,32.2803],[-80.6539,32.2804]]}},{"type":"Feature","properties":{},"geometry":{"type":"LineString","coordinates":[[-80.6544,32.2803],[-80.6547,32.2726]]}},{"type":"Feature","properties":{},"geometry":{"type":"LineString","coordinates":[[-80.6544,32.2803],[-80.6542,32.2804]]}},{"type":"Feature","properties":{},"geometry":{"type":"LineString","coordinates":[[-80.6552,32.2725],[-80.6561,32.2647]]}},{"type":"Feature","properties":{},"geometry":{"type":"LineString","coordinates":[[-80.6552,32.2725],[-80.6567,32.2647]]}},{"type":"Feature","properties":{},"geometry":{"type":"LineString","coordinates":[[-80.6552,32.2725],[-80.6558,32.2724]]}},{"type":"Feature","properties":{},"geometry":{"type":"LineString","coordinates":[[-80.6552,32.2725],[-80.6549,32.2802]]}},{"type":"Feature","properties":{},"geometry":{"type":"LineString","coordinates":[[-80.6552,32.2725],[-80.6539,32.2804]]}},{"type":"Feature","properties":{},"geometry":{"type":"LineString","coordinates":[[-80.6552,32.2725],[-80.6547,32.2726]]}},{"type":"Feature","properties":{},"geometry":{"type":"LineString","coordinates":[[-80.6552,32.2725],[-80.6555,32.2649]]}},{"type":"Feature","properties":{},"geometry":{"type":"LineString","coordinates":[[-80.6552,32.2725],[-80.6542,32.2804]]}},{"type":"Feature","properties":{},"geometry":{"type":"LineString","coordinates":[[-80.6561,32.2647],[-80.6541,32.2578]]}},{"type":"Feature","properties":{},"geometry":{"type":"LineString","coordinates":[[-80.6561,32.2647],[-80.6567,32.2647]]}},{"type":"Feature","properties":{},"geometry":{"type":"LineString","coordinates":[[-80.6561,32.2647],[-80.6558,32.2724]]}},{"type":"Feature","properties":{},"geometry":{"type":"LineString","coordinates":[[-80.6561,32.2647],[-80.6536,32.2579]]}},{"type":"Feature","properties":{},"geometry":{"type":"LineString","coordinates":[[-80.6561,32.2647],[-80.6547,32.2726]]}},{"type":"Feature","properties":{},"geometry":{"type":"LineString","coordinates":[[-80.6561,32.2647],[-80.6555,32.2649]]}},{"type":"Feature","properties":{},"geometry":{"type":"LineString","coordinates":[[-80.6561,32.2647],[-80.6549,32.2576]]}},{"type":"Feature","properties":{},"geometry":{"type":"LineString","coordinates":[[-80.6561,32.2647],[-80.6545,32.2577]]}},{"type":"Feature","properties":{},"geometry":{"type":"LineString","coordinates":[[-80.6561,32.2647],[-80.6542,32.2804]]}},{"type":"Feature","properties":{},"geometry":{"type":"LineString","coordinates":[[-79.9159,32.8145],[-79.9221,32.8182]]}},{"type":"Feature","properties":{},"geometry":{"type":"LineString","coordinates":[[-79.9159,32.8145],[-79.9185,32.8133]]}},{"type":"Feature","properties":{},"geometry":{"type":"LineString","coordinates":[[-79.9159,32.8145],[-79.9109,32.8159]]}},{"type":"Feature","properties":{},"geometry":{"type":"LineString","coordinates":[[-79.9159,32.8145],[-79.915,32.808]]}},{"type":"Feature","properties":{},"geometry":{"type":"LineString","coordinates":[[-79.9159,32.8145],[-79.9105,32.814]]}},{"type":"Feature","properties":{},"geometry":{"type":"LineString","coordinates":[[-79.9159,32.8145],[-79.9141,32.8084]]}},{"type":"Feature","properties":{},"geometry":{"type":"LineString","coordinates":[[-79.9159,32.8145],[-79.9168,32.814]]}},{"type":"Feature","properties":{},"geometry":{"type":"LineString","coordinates":[[-79.9159,32.8145],[-79.9164,32.8072]]}},{"type":"Feature","properties":{},"geometry":{"type":"LineString","coordinates":[[-79.9221,32.8182],[-79.9279,32.8221]]}},{"type":"Feature","properties":{},"geometry":{"type":"LineString","coordinates":[[-79.9221,32.8182],[-79.9185,32.8133]]}},{"type":"Feature","properties":{},"geometry":{"type":"LineString","coordinates":[[-79.9221,32.8182],[-79.924,32.817]]}},{"type":"Feature","properties":{},"geometry":{"type":"LineString","coordinates":[[-79.9221,32.8182],[-79.9271,32.8225]]}},{"type":"Feature","properties":{},"geometry":{"type":"LineString","coordinates":[[-79.9221,32.8182],[-79.9168,32.814]]}},{"type":"Feature","properties":{},"geometry":{"type":"LineString","coordinates":[[-79.9221,32.8182],[-79.9228,32.8177]]}},{"type":"Feature","properties":{},"geometry":{"type":"LineString","coordinates":[[-79.9373,32.8516],[-79.9441,32.8541]]}},{"type":"Feature","properties":{},"geometry":{"type":"LineString","coordinates":[[-79.9373,32.8516],[-79.9369,32.8519]]}},{"type":"Feature","properties":{},"geometry":{"type":"LineString","coordinates":[[-79.9373,32.8516],[-79.9438,32.8544]]}},{"type":"Feature","properties":{},"geometry":{"type":"LineString","coordinates":[[-79.9373,32.8516],[-79.9361,32.8524]]}},{"type":"Feature","properties":{},"geometry":{"type":"LineString","coordinates":[[-79.9373,32.8516],[-79.9431,32.8551]]}},{"type":"Feature","properties":{},"geometry":{"type":"LineString","coordinates":[[-79.9373,32.8516],[-79.9365,32.8522]]}},{"type":"Feature","properties":{},"geometry":{"type":"LineString","coordinates":[[-79.9373,32.8516],[-79.9434,32.8548]]}},{"type":"Feature","properties":{},"geometry":{"type":"LineString","coordinates":[[-79.9373,32.8516],[-79.9312,32.8474]]}},{"type":"Feature","properties":{},"geometry":{"type":"LineString","coordinates":[[-79.9441,32.8541],[-79.9509,32.8565]]}},{"type":"Feature","properties":{},"geometry":{"type":"LineString","coordinates":[[-79.9441,32.8541],[-79.9369,32.8519]]}},{"type":"Feature","properties":{},"geometry":{"type":"LineString","coordinates":[[-79.9441,32.8541],[-79.9438,32.8544]]}},{"type":"Feature","properties":{},"geometry":{"type":"LineString","coordinates":[[-79.9441,32.8541],[-79.9506,32.8569]]}},{"type":"Feature","properties":{},"geometry":{"type":"LineString","coordinates":[[-79.9441,32.8541],[-79.9431,32.8551]]}},{"type":"Feature","properties":{},"geometry":{"type":"LineString","coordinates":[[-79.9441,32.8541],[-79.9501,32.8578]]}},{"type":"Feature","properties":{},"geometry":{"type":"LineString","coordinates":[[-79.9441,32.8541],[-79.9434,32.8548]]}},{"type":"Feature","properties":{},"geometry":{"type":"LineString","coordinates":[[-79.9441,32.8541],[-79.9504,32.8573]]}},{"type":"Feature","properties":{},"geometry":{"type":"LineString","coordinates":[[-79.9509,32.8565],[-79.9438,32.8544]]}},{"type":"Feature","properties":{},"geometry":{"type":"LineString","coordinates":[[-79.9509,32.8565],[-79.9506,32.8569]]}},{"type":"Feature","properties":{},"geometry":{"type":"LineString","coordinates":[[-79.9509,32.8565],[-79.9501,32.8578]]}},{"type":"Feature","properties":{},"geometry":{"type":"LineString","coordinates":[[-79.9509,32.8565],[-79.9564,32.8616]]}},{"type":"Feature","properties":{},"geometry":{"type":"LineString","coordinates":[[-79.9509,32.8565],[-79.9567,32.8612]]}},{"type":"Feature","properties":{},"geometry":{"type":"LineString","coordinates":[[-79.9509,32.8565],[-79.9504,32.8573]]}},{"type":"Feature","properties":{},"geometry":{"type":"LineString","coordinates":[[-79.9279,32.8221],[-79.9297,32.8166]]}},{"type":"Feature","properties":{},"geometry":{"type":"LineString","coordinates":[[-79.9279,32.8221],[-79.924,32.817]]}},{"type":"Feature","properties":{},"geometry":{"type":"LineString","coordinates":[[-79.9279,32.8221],[-79.9271,32.8225]]}},{"type":"Feature","properties":{},"geometry":{"type":"LineString","coordinates":[[-79.9279,32.8221],[-79.929,32.8157]]}},{"type":"Feature","properties":{},"geometry":{"type":"LineString","coordinates":[[-79.2884,33.3656],[-79.2875,33.3596]]}},{"type":"Feature","properties":{},"geometry":{"type":"LineString","coordinates":[[-79.2884,33.3656],[-79.2856,33.3655]]}},{"type":"Feature","properties":{},"geometry":{"type":"LineString","coordinates":[[-79.2884,33.3656],[-79.2854,33.3657]]}},{"type":"Feature","properties":{},"geometry":{"type":"LineString","coordinates":[[-79.2884,33.3656],[-79.2894,33.3644]]}},{"type":"Feature","properties":{},"geometry":{"type":"LineString","coordinates":[[-79.2884,33.3656],[-79.2891,33.3648]]}},{"type":"Feature","properties":{},"geometry":{"type":"LineString","coordinates":[[-79.2884,33.3656],[-79.2854,33.3659]]}},{"type":"Feature","properties":{},"geometry":{"type":"LineString","coordinates":[[-80.9191,32.0385],[-80.912,32.0372]]}},{"type":"Feature","properties":{},"geometry":{"type":"LineString","coordinates":[[-80.9191,32.0385],[-80.9251,32.0425]]}},{"type":"Feature","properties":{},"geometry":{"type":"LineString","coordinates":[[-80.9191,32.0385],[-80.9189,32.0388]]}},{"type":"Feature","properties":{},"geometry":{"type":"LineString","coordinates":[[-80.9191,32.0385],[-80.9119,32.0376]]}},{"type":"Feature","properties":{},"geometry":{"type":"LineString","coordinates":[[-80.9191,32.0385],[-80.9193,32.0381]]}},{"type":"Feature","properties":{},"geometry":{"type":"LineString","coordinates":[[-80.9191,32.0385],[-80.9122,32.0369]]}},{"type":"Feature","properties":{},"geometry":{"type":"LineString","coordinates":[[-80.9191,32.0385],[-80.9186,32.0391]]}},{"type":"Feature","properties":{},"geometry":{"type":"LineString","coordinates":[[-80.9191,32.0385],[-80.9256,32.0416]]}},{"type":"Feature","properties":{},"geometry":{"type":"LineString","coordinates":[[-80.9191,32.0385],[-80.9253,32.0422]]}},{"type":"Feature","properties":{},"geometry":{"type":"LineString","coordinates":[[-80.912,32.0372],[-80.905,32.036]]}},{"type":"Feature","properties":{},"geometry":{"type":"LineString","coordinates":[[-80.912,32.0372],[-80.9189,32.0388]]}},{"type":"Feature","properties":{},"geometry":{"type":"LineString","coordinates":[[-80.912,32.0372],[-80.9119,32.0376]]}},{"type":"Feature","properties":{},"geometry":{"type":"LineString","coordinates":[[-80.912,32.0372],[-80.9122,32.0369]]}},{"type":"Feature","properties":{},"geometry":{"type":"LineString","coordinates":[[-80.912,32.0372],[-80.9051,32.0357]]}},{"type":"Feature","properties":{},"geometry":{"type":"LineString","coordinates":[[-80.912,32.0372],[-80.9186,32.0391]]}},{"type":"Feature","properties":{},"geometry":{"type":"LineString","coordinates":[[-80.912,32.0372],[-80.9117,32.0379]]}},{"type":"Feature","properties":{},"geometry":{"type":"LineString","coordinates":[[-80.905,32.036],[-80.8979,32.0348]]}},{"type":"Feature","properties":{},"geometry":{"type":"LineString","coordinates":[[-80.905,32.036],[-80.9119,32.0376]]}},{"type":"Feature","properties":{},"geometry":{"type":"LineString","coordinates":[[-80.905,32.036],[-80.9049,32.0363]]}},{"type":"Feature","properties":{},"geometry":{"type":"LineString","coordinates":[[-80.905,32.036],[-80.8979,32.0351]]}},{"type":"Feature","properties":{},"geometry":{"type":"LineString","coordinates":[[-80.905,32.036],[-80.9051,32.0357]]}},{"type":"Feature","properties":{},"geometry":{"type":"LineString","coordinates":[[-80.905,32.036],[-80.898,32.0345]]}},{"type":"Feature","properties":{},"geometry":{"type":"LineString","coordinates":[[-80.905,32.036],[-80.9117,32.0379]]}},{"type":"Feature","properties":{},"geometry":{"type":"LineString","coordinates":[[-80.905,32.036],[-80.9048,32.0366]]}},{"type":"Feature","properties":{},"geometry":{"type":"LineString","coordinates":[[-80.905,32.036],[-80.8979,32.0354]]}},{"type":"Feature","properties":{},"geometry":{"type":"LineString","coordinates":[[-80.8979,32.0348],[-80.8902,32.0345]]}},{"type":"Feature","properties":{},"geometry":{"type":"LineString","coordinates":[[-80.8979,32.0348],[-80.9049,32.0363]]}},{"type":"Feature","properties":{},"geometry":{"type":"LineString","coordinates":[[-80.8979,32.0348],[-80.8979,32.0351]]}},{"type":"Feature","properties":{},"geometry":{"type":"LineString","coordinates":[[-80.8979,32.0348],[-80.9051,32.0357]]}},{"type":"Feature","properties":{},"geometry":{"type":"LineString","coordinates":[[-80.8979,32.0348],[-80.898,32.0345]]}},{"type":"Feature","properties":{},"geometry":{"type":"LineString","coordinates":[[-80.8979,32.0348],[-80.9048,32.0366]]}},{"type":"Feature","properties":{},"geometry":{"type":"LineString","coordinates":[[-80.8979,32.0348],[-80.8979,32.0354]]}},{"type":"Feature","properties":{},"geometry":{"type":"LineString","coordinates":[[-80.8979,32.0348],[-80.8902,32.0352]]}},{"type":"Feature","properties":{},"geometry":{"type":"LineString","coordinates":[[-81.1186,32.1056],[-81.1129,32.1007]]}},{"type":"Feature","properties":{},"geometry":{"type":"LineString","coordinates":[[-81.1186,32.1056],[-81.1242,32.1105]]}},{"type":"Feature","properties":{},"geometry":{"type":"LineString","coordinates":[[-81.1186,32.1056],[-81.1178,32.1061]]}},{"type":"Feature","properties":{},"geometry":{"type":"LineString","coordinates":[[-81.1186,32.1056],[-81.1238,32.1107]]}},{"type":"Feature","properties":{},"geometry":{"type":"LineString","coordinates":[[-81.1186,32.1056],[-81.1182,32.1059]]}},{"type":"Feature","properties":{},"geometry":{"type":"LineString","coordinates":[[-81.1186,32.1056],[-81.1126,32.101]]}},{"type":"Feature","properties":{},"geometry":{"type":"LineString","coordinates":[[-81.1186,32.1056],[-81.1189,32.1054]]}},{"type":"Feature","properties":{},"geometry":{"type":"LineString","coordinates":[[-81.1186,32.1056],[-81.1133,32.1005]]}},{"type":"Feature","properties":{},"geometry":{"type":"LineString","coordinates":[[-81.1186,32.1056],[-81.1235,32.1109]]}},{"type":"Feature","properties":{},"geometry":{"type":"LineString","coordinates":[[-81.1129,32.1007],[-81.1073,32.0959]]}},{"type":"Feature","properties":{},"geometry":{"type":"LineString","coordinates":[[-81.1129,32.1007],[-81.1178,32.1061]]}},{"type":"Feature","properties":{},"geometry":{"type":"LineString","coordinates":[[-81.1129,32.1007],[-81.1123,32.1012]]}},{"type":"Feature","properties":{},"geometry":{"type":"LineString","coordinates":[[-81.1129,32.1007],[-81.1182,32.1059]]}},{"type":"Feature","properties":{},"geometry":{"type":"LineString","coordinates":[[-81.1129,32.1007],[-81.1126,32.101]]}},{"type":"Feature","properties":{},"geometry":{"type":"LineString","coordinates":[[-81.1129,32.1007],[-81.111,32.0974]]}},{"type":"Feature","properties":{},"geometry":{"type":"LineString","coordinates":[[-81.1129,32.1007],[-81.1189,32.1054]]}},{"type":"Feature","properties":{},"geometry":{"type":"LineString","coordinates":[[-81.1129,32.1007],[-81.1133,32.1005]]}},{"type":"Feature","properties":{},"geometry":{"type":"LineString","coordinates":[[-81.1129,32.1007],[-81.1076,32.0956]]}},{"type":"Feature","properties":{},"geometry":{"type":"LineString","coordinates":[[-81.1129,32.1007],[-81.1087,32.0962]]}},{"type":"Feature","properties":{},"geometry":{"type":"LineString","coordinates":[[-81.1073,32.0959],[-81.1017,32.091]]}},{"type":"Feature","properties":{},"geometry":{"type":"LineString","coordinates":[[-81.1073,32.0959],[-81.1123,32.1012]]}},{"type":"Feature","properties":{},"geometry":{"type":"LineString","coordinates":[[-81.1073,32.0959],[-81.1068,32.0963]]}},{"type":"Feature","properties":{},"geometry":{"type":"LineString","coordinates":[[-81.1073,32.0959],[-81.1013,32.0915]]}},{"type":"Feature","properties":{},"geometry":{"type":"LineString","coordinates":[[-81.1073,32.0959],[-81.1126,32.101]]}},{"type":"Feature","properties":{},"geometry":{"type":"LineString","coordinates":[[-81.1073,32.0959],[-81.107,32.0961]]}},{"type":"Feature","properties":{},"geometry":{"type":"LineString","coordinates":[[-81.1073,32.0959],[-81.1015,32.0913]]}},{"type":"Feature","properties":{},"geometry":{"type":"LineString","coordinates":[[-81.1073,32.0959],[-81.111,32.0974]]}},{"type":"Feature","properties":{},"geometry":{"type":"LineString","coordinates":[[-81.1073,32.0959],[-81.1076,32.0956]]}},{"type":"Feature","properties":{},"geometry":{"type":"LineString","coordinates":[[-81.1073,32.0959],[-81.102,32.0907]]}},{"type":"Feature","properties":{},"geometry":{"type":"LineString","coordinates":[[-81.1073,32.0959],[-81.1087,32.0962]]}},{"type":"Feature","properties":{},"geometry":{"type":"LineString","coordinates":[[-81.1017,32.091],[-81.1068,32.0963]]}},{"type":"Feature","properties":{},"geometry":{"type":"LineString","coordinates":[[-81.1017,32.091],[-81.1013,32.0915]]}},{"type":"Feature","properties":{},"geometry":{"type":"LineString","coordinates":[[-81.1017,32.091],[-81.0956,32.0854]]}},{"type":"Feature","properties":{},"geometry":{"type":"LineString","coordinates":[[-81.1017,32.091],[-81.107,32.0961]]}},{"type":"Feature","properties":{},"geometry":{"type":"LineString","coordinates":[[-81.1017,32.091],[-81.1015,32.0913]]}},{"type":"Feature","properties":{},"geometry":{"type":"LineString","coordinates":[[-81.1017,32.091],[-81.1076,32.0956]]}},{"type":"Feature","properties":{},"geometry":{"type":"LineString","coordinates":[[-81.1017,32.091],[-81.102,32.0907]]}},{"type":"Feature","properties":{},"geometry":{"type":"LineString","coordinates":[[-81.1017,32.091],[-81.0952,32.0861]]}},{"type":"Feature","properties":{},"geometry":{"type":"LineString","coordinates":[[-79.9309,32.8087],[-79.9297,32.8166]]}},{"type":"Feature","properties":{},"geometry":{"type":"LineString","coordinates":[[-79.9309,32.8087],[-79.9294,32.8023]]}},{"type":"Feature","properties":{},"geometry":{"type":"LineString","coordinates":[[-79.9309,32.8087],[-79.9287,32.8154]]}},{"type":"Feature","properties":{},"geometry":{"type":"LineString","coordinates":[[-79.9309,32.8087],[-79.9307,32.8086]]}},{"type":"Feature","properties":{},"geometry":{"type":"LineString","coordinates":[[-79.9309,32.8087],[-79.9308,32.8086]]}},{"type":"Feature","properties":{},"geometry":{"type":"LineString","coordinates":[[-79.9309,32.8087],[-79.929,32.8157]]}},{"type":"Feature","properties":{},"geometry":{"type":"LineString","coordinates":[[-79.9297,32.8166],[-79.924,32.817]]}},{"type":"Feature","properties":{},"geometry":{"type":"LineString","coordinates":[[-79.9297,32.8166],[-79.9287,32.8154]]}},{"type":"Feature","properties":{},"geometry":{"type":"LineString","coordinates":[[-79.9297,32.8166],[-79.9307,32.8086]]}},{"type":"Feature","properties":{},"geometry":{"type":"LineString","coordinates":[[-79.9297,32.8166],[-79.9271,32.8225]]}},{"type":"Feature","properties":{},"geometry":{"type":"LineString","coordinates":[[-79.9297,32.8166],[-79.929,32.8157]]}},{"type":"Feature","properties":{},"geometry":{"type":"LineString","coordinates":[[-79.9227,32.7905],[-79.9258,32.7964]]}},{"type":"Feature","properties":{},"geometry":{"type":"LineString","coordinates":[[-79.9227,32.7905],[-79.9224,32.7825]]}},{"type":"Feature","properties":{},"geometry":{"type":"LineString","coordinates":[[-79.9227,32.7905],[-79.9231,32.7905]]}},{"type":"Feature","properties":{},"geometry":{"type":"LineString","coordinates":[[-79.9227,32.7905],[-79.922,32.7898]]}},{"type":"Feature","properties":{},"geometry":{"type":"LineString","coordinates":[[-79.9227,32.7905],[-79.9209,32.791]]}},{"type":"Feature","properties":{},"geometry":{"type":"LineString","coordinates":[[-79.9227,32.7905],[-79.9164,32.7906]]}},{"type":"Feature","properties":{},"geometry":{"type":"LineString","coordinates":[[-79.9227,32.7905],[-79.9214,32.7904]]}},{"type":"Feature","properties":{},"geometry":{"type":"LineString","coordinates":[[-79.9227,32.7905],[-79.9203,32.7913]]}},{"type":"Feature","properties":{},"geometry":{"type":"LineString","coordinates":[[-79.9227,32.7905],[-79.9248,32.7918]]}},{"type":"Feature","properties":{},"geometry":{"type":"LineString","coordinates":[[-79.9227,32.7905],[-79.9244,32.7919]]}},{"type":"Feature","properties":{},"geometry":{"type":"LineString","coordinates":[[-79.9227,32.7905],[-79.9182,32.7896]]}},{"type":"Feature","properties":{},"geometry":{"type":"LineString","coordinates":[[-79.9258,32.7964],[-79.929,32.8023]]}},{"type":"Feature","properties":{},"geometry":{"type":"LineString","coordinates":[[-79.9258,32.7964],[-79.9268,32.7991]]}},{"type":"Feature","properties":{},"geometry":{"type":"LineString","coordinates":[[-79.9258,32.7964],[-79.9263,32.7964]]}},{"type":"Feature","properties":{},"geometry":{"type":"LineString","coordinates":[[-79.9258,32.7964],[-79.9265,32.7994]]}},{"type":"Feature","properties":{},"geometry":{"type":"LineString","coordinates":[[-79.9258,32.7964],[-79.9267,32.7993]]}},{"type":"Feature","properties":{},"geometry":{"type":"LineString","coordinates":[[-79.9258,32.7964],[-79.9264,32.7995]]}},{"type":"Feature","properties":{},"geometry":{"type":"LineString","coordinates":[[-79.9258,32.7964],[-79.9248,32.7918]]}},{"type":"Feature","properties":{},"geometry":{"type":"LineString","coordinates":[[-79.9258,32.7964],[-79.9244,32.7919]]}},{"type":"Feature","properties":{},"geometry":{"type":"LineString","coordinates":[[-79.9258,32.7964],[-79.929,32.8007]]}},{"type":"Feature","properties":{},"geometry":{"type":"LineString","coordinates":[[-79.929,32.8023],[-79.9268,32.7991]]}},{"type":"Feature","properties":{},"geometry":{"type":"LineString","coordinates":[[-79.929,32.8023],[-79.9294,32.8023]]}},{"type":"Feature","properties":{},"geometry":{"type":"LineString","coordinates":[[-79.929,32.8023],[-79.9265,32.7994]]}},{"type":"Feature","properties":{},"geometry":{"type":"LineString","coordinates":[[-79.929,32.8023],[-79.9267,32.7993]]}},{"type":"Feature","properties":{},"geometry":{"type":"LineString","coordinates":[[-79.929,32.8023],[-79.9264,32.7995]]}},{"type":"Feature","properties":{},"geometry":{"type":"LineString","coordinates":[[-79.929,32.8023],[-79.9293,32.8006]]}},{"type":"Feature","properties":{},"geometry":{"type":"LineString","coordinates":[[-79.929,32.8023],[-79.929,32.8007]]}},{"type":"Feature","properties":{},"geometry":{"type":"LineString","coordinates":[[-79.2875,33.3596],[-79.2856,33.3655]]}},{"type":"Feature","properties":{},"geometry":{"type":"LineString","coordinates":[[-79.2875,33.3596],[-79.292,33.3588]]}},{"type":"Feature","properties":{},"geometry":{"type":"LineString","coordinates":[[-79.2875,33.3596],[-79.2874,33.3593]]}},{"type":"Feature","properties":{},"geometry":{"type":"LineString","coordinates":[[-79.2875,33.3596],[-79.2854,33.3657]]}},{"type":"Feature","properties":{},"geometry":{"type":"LineString","coordinates":[[-79.2875,33.3596],[-79.2918,33.3583]]}},{"type":"Feature","properties":{},"geometry":{"type":"LineString","coordinates":[[-79.2875,33.3596],[-79.2894,33.3644]]}},{"type":"Feature","properties":{},"geometry":{"type":"LineString","coordinates":[[-79.2875,33.3596],[-79.2916,33.3578]]}},{"type":"Feature","properties":{},"geometry":{"type":"LineString","coordinates":[[-79.2875,33.3596],[-79.2891,33.3648]]}},{"type":"Feature","properties":{},"geometry":{"type":"LineString","coordinates":[[-79.2875,33.3596],[-79.2914,33.3573]]}},{"type":"Feature","properties":{},"geometry":{"type":"LineString","coordinates":[[-79.2875,33.3596],[-79.2838,33.3568]]}},{"type":"Feature","properties":{},"geometry":{"type":"LineString","coordinates":[[-79.2875,33.3596],[-79.2872,33.3586]]}},{"type":"Feature","properties":{},"geometry":{"type":"LineString","coordinates":[[-79.2875,33.3596],[-79.2854,33.3659]]}},{"type":"Feature","properties":{},"geometry":{"type":"LineString","coordinates":[[-79.9451,32.9081],[-79.9378,32.9093]]}},{"type":"Feature","properties":{},"geometry":{"type":"LineString","coordinates":[[-79.9451,32.9081],[-79.9445,32.9076]]}},{"type":"Feature","properties":{},"geometry":{"type":"LineString","coordinates":[[-79.9451,32.9081],[-79.9514,32.906]]}},{"type":"Feature","properties":{},"geometry":{"type":"LineString","coordinates":[[-79.9451,32.9081],[-79.9465,32.9085]]}},{"type":"Feature","properties":{},"geometry":{"type":"LineString","coordinates":[[-79.9451,32.9081],[-79.9438,32.9089]]}},{"type":"Feature","properties":{},"geometry":{"type":"LineString","coordinates":[[-79.9451,32.9081],[-79.9503,32.9045]]}},{"type":"Feature","properties":{},"geometry":{"type":"LineString","coordinates":[[-79.9451,32.9081],[-79.9448,32.9078]]}},{"type":"Feature","properties":{},"geometry":{"type":"LineString","coordinates":[[-79.9378,32.9093],[-79.9307,32.9143]]}},{"type":"Feature","properties":{},"geometry":{"type":"LineString","coordinates":[[-79.9378,32.9093],[-79.9372,32.9088]]}},{"type":"Feature","properties":{},"geometry":{"type":"LineString","coordinates":[[-79.9378,32.9093],[-79.9445,32.9076]]}},{"type":"Feature","properties":{},"geometry":{"type":"LineString","coordinates":[[-79.9378,32.9093],[-79.9313,32.9114]]}},{"type":"Feature","properties":{},"geometry":{"type":"LineString","coordinates":[[-79.9378,32.9093],[-79.9438,32.9089]]}},{"type":"Feature","properties":{},"geometry":{"type":"LineString","coordinates":[[-79.9378,32.9093],[-79.9375,32.909]]}},{"type":"Feature","properties":{},"geometry":{"type":"LineString","coordinates":[[-81.123,32.1124],[-81.1285,32.1166]]}},{"type":"Feature","properties":{},"geometry":{"type":"LineString","coordinates":[[-81.123,32.1124],[-81.1242,32.1105]]}},{"type":"Feature","properties":{},"geometry":{"type":"LineString","coordinates":[[-81.123,32.1124],[-81.1288,32.1165]]}},{"type":"Feature","properties":{},"geometry":{"type":"LineString","coordinates":[[-81.123,32.1124],[-81.1246,32.1104]]}},{"type":"Feature","properties":{},"geometry":{"type":"LineString","coordinates":[[-81.123,32.1124],[-81.126,32.1125]]}},{"type":"Feature","properties":{},"geometry":{"type":"LineString","coordinates":[[-81.123,32.1124],[-81.1281,32.1168]]}},{"type":"Feature","properties":{},"geometry":{"type":"LineString","coordinates":[[-81.123,32.1124],[-81.1238,32.1107]]}},{"type":"Feature","properties":{},"geometry":{"type":"LineString","coordinates":[[-81.123,32.1124],[-81.1277,32.1169]]}},{"type":"Feature","properties":{},"geometry":{"type":"LineString","coordinates":[[-81.123,32.1124],[-81.1235,32.1109]]}},{"type":"Feature","properties":{},"geometry":{"type":"LineString","coordinates":[[-79.9224,32.7825],[-79.9219,32.7825]]}},{"type":"Feature","properties":{},"geometry":{"type":"LineString","coordinates":[[-79.9224,32.7825],[-79.9231,32.7905]]}},{"type":"Feature","properties":{},"geometry":{"type":"LineString","coordinates":[[-79.9224,32.7825],[-79.922,32.7898]]}},{"type":"Feature","properties":{},"geometry":{"type":"LineString","coordinates":[[-79.9224,32.7825],[-79.9214,32.7825]]}},{"type":"Feature","properties":{},"geometry":{"type":"LineString","coordinates":[[-79.9224,32.7825],[-79.9214,32.7904]]}},{"type":"Feature","properties":{},"geometry":{"type":"LineString","coordinates":[[-79.1699,33.1971],[-79.1762,33.2]]}},{"type":"Feature","properties":{},"geometry":{"type":"LineString","coordinates":[[-79.1699,33.1971],[-79.1642,33.1962]]}},{"type":"Feature","properties":{},"geometry":{"type":"LineString","coordinates":[[-79.1699,33.1971],[-79.156,33.1943]]}},{"type":"Feature","properties":{},"geometry":{"type":"LineString","coordinates":[[-79.1699,33.1971],[-79.1815,33.2046]]}},{"type":"Feature","properties":{},"geometry":{"type":"LineString","coordinates":[[-79.1699,33.1971],[-79.1811,33.2049]]}},{"type":"Feature","properties":{},"geometry":{"type":"LineString","coordinates":[[-79.1699,33.1971],[-79.1818,33.2044]]}},{"type":"Feature","properties":{},"geometry":{"type":"LineString","coordinates":[[-79.1699,33.1971],[-79.1644,33.1953]]}},{"type":"Feature","properties":{},"geometry":{"type":"LineString","coordinates":[[-79.1762,33.2],[-79.1642,33.1962]]}},{"type":"Feature","properties":{},"geometry":{"type":"LineString","coordinates":[[-79.1762,33.2],[-79.1815,33.2046]]}},{"type":"Feature","properties":{},"geometry":{"type":"LineString","coordinates":[[-79.1762,33.2],[-79.1811,33.2049]]}},{"type":"Feature","properties":{},"geometry":{"type":"LineString","coordinates":[[-79.1762,33.2],[-79.1818,33.2044]]}},{"type":"Feature","properties":{},"geometry":{"type":"LineString","coordinates":[[-79.1762,33.2],[-79.1822,33.2041]]}},{"type":"Feature","properties":{},"geometry":{"type":"LineString","coordinates":[[-79.1762,33.2],[-79.1644,33.1953]]}},{"type":"Feature","properties":{},"geometry":{"type":"LineString","coordinates":[[-79.8945,32.8334],[-79.8951,32.8338]]}},{"type":"Feature","properties":{},"geometry":{"type":"LineString","coordinates":[[-79.8945,32.8334],[-79.8944,32.8298]]}},{"type":"Feature","properties":{},"geometry":{"type":"LineString","coordinates":[[-79.8945,32.8334],[-79.891,32.8358]]}},{"type":"Feature","properties":{},"geometry":{"type":"LineString","coordinates":[[-79.8945,32.8334],[-79.8947,32.8301]]}},{"type":"Feature","properties":{},"geometry":{"type":"LineString","coordinates":[[-79.8945,32.8334],[-79.8914,32.836]]}},{"type":"Feature","properties":{},"geometry":{"type":"LineString","coordinates":[[-79.8945,32.8334],[-79.8951,32.8303]]}},{"type":"Feature","properties":{},"geometry":{"type":"LineString","coordinates":[[-79.8945,32.8334],[-79.8918,32.8362]]}},{"type":"Feature","properties":{},"geometry":{"type":"LineString","coordinates":[[-79.8945,32.8334],[-79.8954,32.8305]]}},{"type":"Feature","properties":{},"geometry":{"type":"LineString","coordinates":[[-79.8945,32.8334],[-79.8922,32.8364]]}},{"type":"Feature","properties":{},"geometry":{"type":"LineString","coordinates":[[-79.8945,32.8334],[-79.8944,32.8368]]}},{"type":"Feature","properties":{},"geometry":{"type":"LineString","coordinates":[[-80.8902,32.0345],[-80.8819,32.0351]]}},{"type":"Feature","properties":{},"geometry":{"type":"LineString","coordinates":[[-80.8902,32.0345],[-80.8979,32.0351]]}},{"type":"Feature","properties":{},"geometry":{"type":"LineString","coordinates":[[-80.8902,32.0345],[-80.898,32.0345]]}},{"type":"Feature","properties":{},"geometry":{"type":"LineString","coordinates":[[-80.8902,32.0345],[-80.8979,32.0354]]}},{"type":"Feature","properties":{},"geometry":{"type":"LineString","coordinates":[[-80.8902,32.0345],[-80.8902,32.0352]]}},{"type":"Feature","properties":{},"geometry":{"type":"LineString","coordinates":[[-80.8902,32.0345],[-80.8818,32.0358]]}},{"type":"Feature","properties":{},"geometry":{"type":"LineString","coordinates":[[-80.8819,32.0351],[-80.8735,32.0357]]}},{"type":"Feature","properties":{},"geometry":{"type":"LineString","coordinates":[[-80.8819,32.0351],[-80.8902,32.0352]]}},{"type":"Feature","properties":{},"geometry":{"type":"LineString","coordinates":[[-80.8819,32.0351],[-80.8818,32.0358]]}},{"type":"Feature","properties":{},"geometry":{"type":"LineString","coordinates":[[-80.8819,32.0351],[-80.8735,32.0364]]}},{"type":"Feature","properties":{},"geometry":{"type":"LineString","coordinates":[[-80.8735,32.0357],[-80.8652,32.0362]]}},{"type":"Feature","properties":{},"geometry":{"type":"LineString","coordinates":[[-80.8735,32.0357],[-80.8818,32.0358]]}},{"type":"Feature","properties":{},"geometry":{"type":"LineString","coordinates":[[-80.8735,32.0357],[-80.8735,32.0364]]}},{"type":"Feature","properties":{},"geometry":{"type":"LineString","coordinates":[[-80.8735,32.0357],[-80.8652,32.037]]}},{"type":"Feature","properties":{},"geometry":{"type":"LineString","coordinates":[[-80.8652,32.0362],[-80.8569,32.0368]]}},{"type":"Feature","properties":{},"geometry":{"type":"LineString","coordinates":[[-80.8652,32.0362],[-80.8735,32.0364]]}},{"type":"Feature","properties":{},"geometry":{"type":"LineString","coordinates":[[-80.8652,32.0362],[-80.8652,32.037]]}},{"type":"Feature","properties":{},"geometry":{"type":"LineString","coordinates":[[-80.8652,32.0362],[-80.8568,32.0376]]}},{"type":"Feature","properties":{},"geometry":{"type":"LineString","coordinates":[[-80.8569,32.0368],[-80.8486,32.0374]]}},{"type":"Feature","properties":{},"geometry":{"type":"LineString","coordinates":[[-80.8569,32.0368],[-80.8652,32.037]]}},{"type":"Feature","properties":{},"geometry":{"type":"LineString","coordinates":[[-80.8569,32.0368],[-80.8568,32.0376]]}},{"type":"Feature","properties":{},"geometry":{"type":"LineString","coordinates":[[-80.8486,32.0374],[-80.8404,32.0368]]}},{"type":"Feature","properties":{},"geometry":{"type":"LineString","coordinates":[[-80.8486,32.0374],[-80.8401,32.0384]]}},{"type":"Feature","properties":{},"geometry":{"type":"LineString","coordinates":[[-80.8486,32.0374],[-80.8403,32.0374]]}},{"type":"Feature","properties":{},"geometry":{"type":"LineString","coordinates":[[-80.8486,32.0374],[-80.8568,32.0376]]}},{"type":"Feature","properties":{},"geometry":{"type":"LineString","coordinates":[[-80.8486,32.0374],[-80.8485,32.0382]]}},{"type":"Feature","properties":{},"geometry":{"type":"LineString","coordinates":[[-81.0809,31.864],[-81.0777,31.8707],[-81.0774,31.8691]]}},{"type":"Feature","properties":{},"geometry":{"type":"LineString","coordinates":[[-81.0809,31.864],[-81.0842,31.8575]]}},{"type":"Feature","properties":{},"geometry":{"type":"LineString","coordinates":[[-81.0809,31.864],[-81.0805,31.8652]]}},{"type":"Feature","properties":{},"geometry":{"type":"LineString","coordinates":[[-81.0842,31.8575],[-81.0844,31.8565]]}},{"type":"Feature","properties":{},"geometry":{"type":"LineString","coordinates":[[-79.2818,33.3599],[-79.2856,33.3655]]}},{"type":"Feature","properties":{},"geometry":{"type":"LineString","coordinates":[[-79.2818,33.3599],[-79.2817,33.3598]]}},{"type":"Feature","properties":{},"geometry":{"type":"LineString","coordinates":[[-79.2818,33.3599],[-79.2823,33.3564]]}},{"type":"Feature","properties":{},"geometry":{"type":"LineString","coordinates":[[-79.2818,33.3599],[-79.2828,33.3566]]}},{"type":"Feature","properties":{},"geometry":{"type":"LineString","coordinates":[[-79.2818,33.3599],[-79.2838,33.3568]]}},{"type":"Feature","properties":{},"geometry":{"type":"LineString","coordinates":[[-79.2818,33.3599],[-79.2872,33.3586]]}},{"type":"Feature","properties":{},"geometry":{"type":"LineString","coordinates":[[-79.2818,33.3599],[-79.2816,33.3597]]}},{"type":"Feature","properties":{},"geometry":{"type":"LineString","coordinates":[[-79.2856,33.3655],[-79.2854,33.3657]]}},{"type":"Feature","properties":{},"geometry":{"type":"LineString","coordinates":[[-79.2856,33.3655],[-79.2894,33.3644]]}},{"type":"Feature","properties":{},"geometry":{"type":"LineString","coordinates":[[-79.2856,33.3655],[-79.2891,33.3648]]}},{"type":"Feature","properties":{},"geometry":{"type":"LineString","coordinates":[[-79.2856,33.3655],[-79.2854,33.3659]]}},{"type":"Feature","properties":{},"geometry":{"type":"LineString","coordinates":[[-79.9347,32.9348],[-79.937,32.9285]]}},{"type":"Feature","properties":{},"geometry":{"type":"LineString","coordinates":[[-79.9347,32.9348],[-79.9342,32.9346]]}},{"type":"Feature","properties":{},"geometry":{"type":"LineString","coordinates":[[-79.9347,32.9348],[-79.9363,32.9286]]}},{"type":"Feature","properties":{},"geometry":{"type":"LineString","coordinates":[[-79.9347,32.9348],[-79.9337,32.9344]]}},{"type":"Feature","properties":{},"geometry":{"type":"LineString","coordinates":[[-79.9347,32.9348],[-79.9367,32.9356]]}},{"type":"Feature","properties":{},"geometry":{"type":"LineString","coordinates":[[-80.9969,32.0968],[-81.0043,32.0981]]}},{"type":"Feature","properties":{},"geometry":{"type":"LineString","coordinates":[[-80.9969,32.0968],[-80.992,32.0907]]}},{"type":"Feature","properties":{},"geometry":{"type":"LineString","coordinates":[[-80.9969,32.0968],[-80.9922,32.0949]]}},{"type":"Feature","properties":{},"geometry":{"type":"LineString","coordinates":[[-80.9969,32.0968],[-80.996,32.0981]]}},{"type":"Feature","properties":{},"geometry":{"type":"LineString","coordinates":[[-80.9969,32.0968],[-81.0043,32.0994]]}},{"type":"Feature","properties":{},"geometry":{"type":"LineString","coordinates":[[-80.9969,32.0968],[-80.9928,32.0914]]}},{"type":"Feature","properties":{},"geometry":{"type":"LineString","coordinates":[[-81.0043,32.0981],[-81.0118,32.0993]]}},{"type":"Feature","properties":{},"geometry":{"type":"LineString","coordinates":[[-81.0043,32.0981],[-80.996,32.0981]]}},{"type":"Feature","properties":{},"geometry":{"type":"LineString","coordinates":[[-81.0043,32.0981],[-81.0043,32.0994]]}},{"type":"Feature","properties":{},"geometry":{"type":"LineString","coordinates":[[-81.0043,32.0981],[-81.0125,32.1007]]}},{"type":"Feature","properties":{},"geometry":{"type":"LineString","coordinates":[[-81.0118,32.0993],[-81.0186,32.0935]]}},{"type":"Feature","properties":{},"geometry":{"type":"LineString","coordinates":[[-81.0118,32.0993],[-81.0043,32.0994]]}},{"type":"Feature","properties":{},"geometry":{"type":"LineString","coordinates":[[-81.0118,32.0993],[-81.0125,32.1007]]}},{"type":"Feature","properties":{},"geometry":{"type":"LineString","coordinates":[[-81.0118,32.0993],[-81.0196,32.0937]]}},{"type":"Feature","properties":{},"geometry":{"type":"LineString","coordinates":[[-80.78,31.9892],[-80.7725,31.9869]]}},{"type":"Feature","properties":{},"geometry":{"type":"LineString","coordinates":[[-80.78,31.9892],[-80.7796,31.9896]]}},{"type":"Feature","properties":{},"geometry":{"type":"LineString","coordinates":[[-80.78,31.9892],[-80.7721,31.9873]]}},{"type":"Feature","properties":{},"geometry":{"type":"LineString","coordinates":[[-80.78,31.9892],[-80.7857,31.9965]]}},{"type":"Feature","properties":{},"geometry":{"type":"LineString","coordinates":[[-80.78,31.9892],[-80.7854,31.9968]]}},{"type":"Feature","properties":{},"geometry":{"type":"LineString","coordinates":[[-80.78,31.9892],[-80.7804,31.9888]]}},{"type":"Feature","properties":{},"geometry":{"type":"LineString","coordinates":[[-80.78,31.9892],[-80.7728,31.9866]]}},{"type":"Feature","properties":{},"geometry":{"type":"LineString","coordinates":[[-80.78,31.9892],[-80.7861,31.9962]]}},{"type":"Feature","properties":{},"geometry":{"type":"LineString","coordinates":[[-80.78,31.9892],[-80.785,31.9972]]}},{"type":"Feature","properties":{},"geometry":{"type":"LineString","coordinates":[[-80.7725,31.9869],[-80.7649,31.9846]]}},{"type":"Feature","properties":{},"geometry":{"type":"LineString","coordinates":[[-80.7725,31.9869],[-80.7796,31.9896]]}},{"type":"Feature","properties":{},"geometry":{"type":"LineString","coordinates":[[-80.7725,31.9869],[-80.7721,31.9873]]}},{"type":"Feature","properties":{},"geometry":{"type":"LineString","coordinates":[[-80.7725,31.9869],[-80.7645,31.985]]}},{"type":"Feature","properties":{},"geometry":{"type":"LineString","coordinates":[[-80.7725,31.9869],[-80.7804,31.9888]]}},{"type":"Feature","properties":{},"geometry":{"type":"LineString","coordinates":[[-80.7725,31.9869],[-80.7728,31.9866]]}},{"type":"Feature","properties":{},"geometry":{"type":"LineString","coordinates":[[-80.7725,31.9869],[-80.7653,31.9843]]}},{"type":"Feature","properties":{},"geometry":{"type":"LineString","coordinates":[[-80.7649,31.9846],[-80.7573,31.9824]]}},{"type":"Feature","properties":{},"geometry":{"type":"LineString","coordinates":[[-80.7649,31.9846],[-80.7721,31.9873]]}},{"type":"Feature","properties":{},"geometry":{"type":"LineString","coordinates":[[-80.7649,31.9846],[-80.7645,31.985]]}},{"type":"Feature","properties":{},"geometry":{"type":"LineString","coordinates":[[-80.7649,31.9846],[-80.757,31.9827]]}},{"type":"Feature","properties":{},"geometry":{"type":"LineString","coordinates":[[-80.7649,31.9846],[-80.7728,31.9866]]}},{"type":"Feature","properties":{},"geometry":{"type":"LineString","coordinates":[[-80.7649,31.9846],[-80.7653,31.9843]]}},{"type":"Feature","properties":{},"geometry":{"type":"LineString","coordinates":[[-80.7649,31.9846],[-80.7577,31.982]]}},{"type":"Feature","properties":{},"geometry":{"type":"LineString","coordinates":[[-80.7573,31.9824],[-80.7498,31.98]]}},{"type":"Feature","properties":{},"geometry":{"type":"LineString","coordinates":[[-80.7573,31.9824],[-80.7645,31.985]]}},{"type":"Feature","properties":{},"geometry":{"type":"LineString","coordinates":[[-80.7573,31.9824],[-80.757,31.9827]]}},{"type":"Feature","properties":{},"geometry":{"type":"LineString","coordinates":[[-80.7573,31.9824],[-80.7494,31.9805]]}},{"type":"Feature","properties":{},"geometry":{"type":"LineString","coordinates":[[-80.7573,31.9824],[-80.7653,31.9843]]}},{"type":"Feature","properties":{},"geometry":{"type":"LineString","coordinates":[[-80.7573,31.9824],[-80.7577,31.982]]}},{"type":"Feature","properties":{},"geometry":{"type":"LineString","coordinates":[[-80.7573,31.9824],[-80.7501,31.9797]]}},{"type":"Feature","properties":{},"geometry":{"type":"LineString","coordinates":[[-80.7498,31.98],[-80.7422,31.9778]]}},{"type":"Feature","properties":{},"geometry":{"type":"LineString","coordinates":[[-80.7498,31.98],[-80.757,31.9827]]}},{"type":"Feature","properties":{},"geometry":{"type":"LineString","coordinates":[[-80.7498,31.98],[-80.7494,31.9805]]}},{"type":"Feature","properties":{},"geometry":{"type":"LineString","coordinates":[[-80.7498,31.98],[-80.7418,31.9781]]}},{"type":"Feature","properties":{},"geometry":{"type":"LineString","coordinates":[[-80.7498,31.98],[-80.7577,31.982]]}},{"type":"Feature","properties":{},"geometry":{"type":"LineString","coordinates":[[-80.7498,31.98],[-80.7501,31.9797]]}},{"type":"Feature","properties":{},"geometry":{"type":"LineString","coordinates":[[-80.7498,31.98],[-80.7425,31.9774]]}},{"type":"Feature","properties":{},"geometry":{"type":"LineString","coordinates":[[-80.7422,31.9778],[-80.7346,31.9755]]}},{"type":"Feature","properties":{},"geometry":{"type":"LineString","coordinates":[[-80.7422,31.9778],[-80.7494,31.9805]]}},{"type":"Feature","properties":{},"geometry":{"type":"LineString","coordinates":[[-80.7422,31.9778],[-80.7418,31.9781]]}},{"type":"Feature","properties":{},"geometry":{"type":"LineString","coordinates":[[-80.7422,31.9778],[-80.7343,31.9759]]}},{"type":"Feature","properties":{},"geometry":{"type":"LineString","coordinates":[[-80.7422,31.9778],[-80.7501,31.9797]]}},{"type":"Feature","properties":{},"geometry":{"type":"LineString","coordinates":[[-80.7422,31.9778],[-80.7425,31.9774]]}},{"type":"Feature","properties":{},"geometry":{"type":"LineString","coordinates":[[-80.7422,31.9778],[-80.7349,31.9751]]}},{"type":"Feature","properties":{},"geometry":{"type":"LineString","coordinates":[[-80.7346,31.9755],[-80.7418,31.9781]]}},{"type":"Feature","properties":{},"geometry":{"type":"LineString","coordinates":[[-80.7346,31.9755],[-80.7343,31.9759]]}},{"type":"Feature","properties":{},"geometry":{"type":"LineString","coordinates":[[-80.7346,31.9755],[-80.7425,31.9774]]}},{"type":"Feature","properties":{},"geometry":{"type":"LineString","coordinates":[[-80.7346,31.9755],[-80.7349,31.9751]]}},{"type":"Feature","properties":{},"geometry":{"type":"LineString","coordinates":[[-80.7044,31.9663],[-80.6968,31.964]]}},{"type":"Feature","properties":{},"geometry":{"type":"LineString","coordinates":[[-80.7044,31.9663],[-80.7041,31.9667]]}},{"type":"Feature","properties":{},"geometry":{"type":"LineString","coordinates":[[-80.7044,31.9663],[-80.6965,31.9644]]}},{"type":"Feature","properties":{},"geometry":{"type":"LineString","coordinates":[[-80.7044,31.9663],[-80.7046,31.9659]]}},{"type":"Feature","properties":{},"geometry":{"type":"LineString","coordinates":[[-80.7044,31.9663],[-80.6971,31.9636]]}},{"type":"Feature","properties":{},"geometry":{"type":"LineString","coordinates":[[-80.6968,31.964],[-80.6892,31.9617]]}},{"type":"Feature","properties":{},"geometry":{"type":"LineString","coordinates":[[-80.6968,31.964],[-80.7041,31.9667]]}},{"type":"Feature","properties":{},"geometry":{"type":"LineString","coordinates":[[-80.6968,31.964],[-80.6965,31.9644]]}},{"type":"Feature","properties":{},"geometry":{"type":"LineString","coordinates":[[-80.6968,31.964],[-80.689,31.9621]]}},{"type":"Feature","properties":{},"geometry":{"type":"LineString","coordinates":[[-80.6968,31.964],[-80.7046,31.9659]]}},{"type":"Feature","properties":{},"geometry":{"type":"LineString","coordinates":[[-80.6968,31.964],[-80.6971,31.9636]]}},{"type":"Feature","properties":{},"geometry":{"type":"LineString","coordinates":[[-80.6968,31.964],[-80.6895,31.9613]]}},{"type":"Feature","properties":{},"geometry":{"type":"LineString","coordinates":[[-80.6892,31.9617],[-80.6817,31.9594]]}},{"type":"Feature","properties":{},"geometry":{"type":"LineString","coordinates":[[-80.6892,31.9617],[-80.6965,31.9644]]}},{"type":"Feature","properties":{},"geometry":{"type":"LineString","coordinates":[[-80.6892,31.9617],[-80.689,31.9621]]}},{"type":"Feature","properties":{},"geometry":{"type":"LineString","coordinates":[[-80.6892,31.9617],[-80.6814,31.9598]]}},{"type":"Feature","properties":{},"geometry":{"type":"LineString","coordinates":[[-80.6892,31.9617],[-80.6971,31.9636]]}},{"type":"Feature","properties":{},"geometry":{"type":"LineString","coordinates":[[-80.6892,31.9617],[-80.6895,31.9613]]}},{"type":"Feature","properties":{},"geometry":{"type":"LineString","coordinates":[[-80.6892,31.9617],[-80.6819,31.959]]}},{"type":"Feature","properties":{},"geometry":{"type":"LineString","coordinates":[[-80.6817,31.9594],[-80.6741,31.9571]]}},{"type":"Feature","properties":{},"geometry":{"type":"LineString","coordinates":[[-80.6817,31.9594],[-80.689,31.9621]]}},{"type":"Feature","properties":{},"geometry":{"type":"LineString","coordinates":[[-80.6817,31.9594],[-80.6814,31.9598]]}},{"type":"Feature","properties":{},"geometry":{"type":"LineString","coordinates":[[-80.6817,31.9594],[-80.6739,31.9575]]}},{"type":"Feature","properties":{},"geometry":{"type":"LineString","coordinates":[[-80.6817,31.9594],[-80.6895,31.9613]]}},{"type":"Feature","properties":{},"geometry":{"type":"LineString","coordinates":[[-80.6817,31.9594],[-80.6819,31.959]]}},{"type":"Feature","properties":{},"geometry":{"type":"LineString","coordinates":[[-80.6817,31.9594],[-80.6743,31.9567]]}},{"type":"Feature","properties":{},"geometry":{"type":"LineString","coordinates":[[-80.6741,31.9571],[-80.6665,31.9548]]}},{"type":"Feature","properties":{},"geometry":{"type":"LineString","coordinates":[[-80.6741,31.9571],[-80.6814,31.9598]]}},{"type":"Feature","properties":{},"geometry":{"type":"LineString","coordinates":[[-80.6741,31.9571],[-80.6739,31.9575]]}},{"type":"Feature","properties":{},"geometry":{"type":"LineString","coordinates":[[-80.6741,31.9571],[-80.6663,31.9552]]}},{"type":"Feature","properties":{},"geometry":{"type":"LineString","coordinates":[[-80.6741,31.9571],[-80.6819,31.959]]}},{"type":"Feature","properties":{},"geometry":{"type":"LineString","coordinates":[[-80.6741,31.9571],[-80.6743,31.9567]]}},{"type":"Feature","properties":{},"geometry":{"type":"LineString","coordinates":[[-80.6741,31.9571],[-80.6667,31.9544]]}},{"type":"Feature","properties":{},"geometry":{"type":"LineString","coordinates":[[-80.6665,31.9548],[-80.659,31.9525]]}},{"type":"Feature","properties":{},"geometry":{"type":"LineString","coordinates":[[-80.6665,31.9548],[-80.6739,31.9575]]}},{"type":"Feature","properties":{},"geometry":{"type":"LineString","coordinates":[[-80.6665,31.9548],[-80.6663,31.9552]]}},{"type":"Feature","properties":{},"geometry":{"type":"LineString","coordinates":[[-80.6665,31.9548],[-80.6588,31.9529]]}},{"type":"Feature","properties":{},"geometry":{"type":"LineString","coordinates":[[-80.6665,31.9548],[-80.6743,31.9567]]}},{"type":"Feature","properties":{},"geometry":{"type":"LineString","coordinates":[[-80.6665,31.9548],[-80.6667,31.9544]]}},{"type":"Feature","properties":{},"geometry":{"type":"LineString","coordinates":[[-80.6665,31.9548],[-80.6591,31.9521]]}},{"type":"Feature","properties":{},"geometry":{"type":"LineString","coordinates":[[-80.659,31.9525],[-80.6514,31.9502]]}},{"type":"Feature","properties":{},"geometry":{"type":"LineString","coordinates":[[-80.659,31.9525],[-80.6663,31.9552]]}},{"type":"Feature","properties":{},"geometry":{"type":"LineString","coordinates":[[-80.659,31.9525],[-80.6588,31.9529]]}},{"type":"Feature","properties":{},"geometry":{"type":"LineString","coordinates":[[-80.659,31.9525],[-80.6512,31.9506]]}},{"type":"Feature","properties":{},"geometry":{"type":"LineString","coordinates":[[-80.659,31.9525],[-80.6667,31.9544]]}},{"type":"Feature","properties":{},"geometry":{"type":"LineString","coordinates":[[-80.659,31.9525],[-80.6591,31.9521]]}},{"type":"Feature","properties":{},"geometry":{"type":"LineString","coordinates":[[-80.659,31.9525],[-80.6516,31.9498]]}},{"type":"Feature","properties":{},"geometry":{"type":"LineString","coordinates":[[-80.6514,31.9502],[-80.6438,31.9479]]}},{"type":"Feature","properties":{},"geometry":{"type":"LineString","coordinates":[[-80.6514,31.9502],[-80.6588,31.9529]]}},{"type":"Feature","properties":{},"geometry":{"type":"LineString","coordinates":[[-80.6514,31.9502],[-80.6512,31.9506]]}},{"type":"Feature","properties":{},"geometry":{"type":"LineString","coordinates":[[-80.6514,31.9502],[-80.6436,31.9483]]}},{"type":"Feature","properties":{},"geometry":{"type":"LineString","coordinates":[[-80.6514,31.9502],[-80.6591,31.9521]]}},{"type":"Feature","properties":{},"geometry":{"type":"LineString","coordinates":[[-80.6514,31.9502],[-80.6516,31.9498]]}},{"type":"Feature","properties":{},"geometry":{"type":"LineString","coordinates":[[-80.6514,31.9502],[-80.644,31.9475]]}},{"type":"Feature","properties":{},"geometry":{"type":"LineString","coordinates":[[-80.6438,31.9479],[-80.6363,31.9456]]}},{"type":"Feature","properties":{},"geometry":{"type":"LineString","coordinates":[[-80.6438,31.9479],[-80.6512,31.9506]]}},{"type":"Feature","properties":{},"geometry":{"type":"LineString","coordinates":[[-80.6438,31.9479],[-80.6436,31.9483]]}},{"type":"Feature","properties":{},"geometry":{"type":"LineString","coordinates":[[-80.6438,31.9479],[-80.6361,31.946]]}},{"type":"Feature","properties":{},"geometry":{"type":"LineString","coordinates":[[-80.6438,31.9479],[-80.6516,31.9498]]}},{"type":"Feature","properties":{},"geometry":{"type":"LineString","coordinates":[[-80.6438,31.9479],[-80.644,31.9475]]}},{"type":"Feature","properties":{},"geometry":{"type":"LineString","coordinates":[[-80.6438,31.9479],[-80.6364,31.9452]]}},{"type":"Feature","properties":{},"geometry":{"type":"LineString","coordinates":[[-80.6363,31.9456],[-80.6287,31.9433]]}},{"type":"Feature","properties":{},"geometry":{"type":"LineString","coordinates":[[-80.6363,31.9456],[-80.6436,31.9483]]}},{"type":"Feature","properties":{},"geometry":{"type":"LineString","coordinates":[[-80.6363,31.9456],[-80.6361,31.946]]}},{"type":"Feature","properties":{},"geometry":{"type":"LineString","coordinates":[[-80.6363,31.9456],[-80.6285,31.9437]]}},{"type":"Feature","properties":{},"geometry":{"type":"LineString","coordinates":[[-80.6363,31.9456],[-80.644,31.9475]]}},{"type":"Feature","properties":{},"geometry":{"type":"LineString","coordinates":[[-80.6363,31.9456],[-80.6364,31.9452]]}},{"type":"Feature","properties":{},"geometry":{"type":"LineString","coordinates":[[-80.6363,31.9456],[-80.6288,31.9429]]}},{"type":"Feature","properties":{},"geometry":{"type":"LineString","coordinates":[[-80.6287,31.9433],[-80.6361,31.946]]}},{"type":"Feature","properties":{},"geometry":{"type":"LineString","coordinates":[[-80.6287,31.9433],[-80.6285,31.9437]]}},{"type":"Feature","properties":{},"geometry":{"type":"LineString","coordinates":[[-80.6287,31.9433],[-80.6364,31.9452]]}},{"type":"Feature","properties":{},"geometry":{"type":"LineString","coordinates":[[-80.6287,31.9433],[-80.6288,31.9429]]}},{"type":"Feature","properties":{},"geometry":{"type":"LineString","coordinates":[[-80.6604,32.3399],[-80.6577,32.3328]]}},{"type":"Feature","properties":{},"geometry":{"type":"LineString","coordinates":[[-80.6604,32.3399],[-80.6639,32.3468]]}},{"type":"Feature","properties":{},"geometry":{"type":"LineString","coordinates":[[-80.6604,32.3399],[-80.6636,32.3469]]}},{"type":"Feature","properties":{},"geometry":{"type":"LineString","coordinates":[[-80.6604,32.3399],[-80.6597,32.3401]]}},{"type":"Feature","properties":{},"geometry":{"type":"LineString","coordinates":[[-80.6604,32.3399],[-80.657,32.333]]}},{"type":"Feature","properties":{},"geometry":{"type":"LineString","coordinates":[[-80.6604,32.3399],[-80.6597,32.3395]]}},{"type":"Feature","properties":{},"geometry":{"type":"LineString","coordinates":[[-80.6577,32.3328],[-80.655,32.3258]]}},{"type":"Feature","properties":{},"geometry":{"type":"LineString","coordinates":[[-80.6577,32.3328],[-80.6597,32.3401]]}},{"type":"Feature","properties":{},"geometry":{"type":"LineString","coordinates":[[-80.6577,32.3328],[-80.657,32.333]]}},{"type":"Feature","properties":{},"geometry":{"type":"LineString","coordinates":[[-80.6577,32.3328],[-80.6543,32.3259]]}},{"type":"Feature","properties":{},"geometry":{"type":"LineString","coordinates":[[-80.6577,32.3328],[-80.6574,32.3323]]}},{"type":"Feature","properties":{},"geometry":{"type":"LineString","coordinates":[[-80.655,32.3258],[-80.6523,32.3187]]}},{"type":"Feature","properties":{},"geometry":{"type":"LineString","coordinates":[[-80.655,32.3258],[-80.657,32.333]]}},{"type":"Feature","properties":{},"geometry":{"type":"LineString","coordinates":[[-80.655,32.3258],[-80.6543,32.3259]]}},{"type":"Feature","properties":{},"geometry":{"type":"LineString","coordinates":[[-80.655,32.3258],[-80.6516,32.3188]]}},{"type":"Feature","properties":{},"geometry":{"type":"LineString","coordinates":[[-80.655,32.3258],[-80.6552,32.3252]]}},{"type":"Feature","properties":{},"geometry":{"type":"LineString","coordinates":[[-80.6523,32.3187],[-80.6513,32.3113]]}},{"type":"Feature","properties":{},"geometry":{"type":"LineString","coordinates":[[-80.6523,32.3187],[-80.6508,32.3114]]}},{"type":"Feature","properties":{},"geometry":{"type":"LineString","coordinates":[[-80.6523,32.3187],[-80.6543,32.3259]]}},{"type":"Feature","properties":{},"geometry":{"type":"LineString","coordinates":[[-80.6523,32.3187],[-80.6516,32.3188]]}},{"type":"Feature","properties":{},"geometry":{"type":"LineString","coordinates":[[-80.6523,32.3187],[-80.655,32.3177]]}},{"type":"Feature","properties":{},"geometry":{"type":"LineString","coordinates":[[-79.8704,32.7607],[-79.8776,32.7653]]}},{"type":"Feature","properties":{},"geometry":{"type":"LineString","coordinates":[[-79.8704,32.7607],[-79.867,32.766]]}},{"type":"Feature","properties":{},"geometry":{"type":"LineString","coordinates":[[-79.8704,32.7607],[-79.8707,32.7604]]}},{"type":"Feature","properties":{},"geometry":{"type":"LineString","coordinates":[[-79.8704,32.7607],[-79.8701,32.761]]}},{"type":"Feature","properties":{},"geometry":{"type":"LineString","coordinates":[[-79.8704,32.7607],[-79.8771,32.7614]]}},{"type":"Feature","properties":{},"geometry":{"type":"LineString","coordinates":[[-79.8704,32.7607],[-79.874,32.7644]]}},{"type":"Feature","properties":{},"geometry":{"type":"LineString","coordinates":[[-79.8776,32.7653],[-79.8848,32.7699]]}},{"type":"Feature","properties":{},"geometry":{"type":"LineString","coordinates":[[-79.8776,32.7653],[-79.8779,32.7649]]}},{"type":"Feature","properties":{},"geometry":{"type":"LineString","coordinates":[[-79.8776,32.7653],[-79.8773,32.7656]]}},{"type":"Feature","properties":{},"geometry":{"type":"LineString","coordinates":[[-79.8776,32.7653],[-79.8811,32.7659]]}},{"type":"Feature","properties":{},"geometry":{"type":"LineString","coordinates":[[-79.8776,32.7653],[-79.8771,32.7614]]}},{"type":"Feature","properties":{},"geometry":{"type":"LineString","coordinates":[[-79.8776,32.7653],[-79.8759,32.7628]]}},{"type":"Feature","properties":{},"geometry":{"type":"LineString","coordinates":[[-79.8848,32.7699],[-79.8918,32.7742]]}},{"type":"Feature","properties":{},"geometry":{"type":"LineString","coordinates":[[-79.8848,32.7699],[-79.8915,32.7746]]}},{"type":"Feature","properties":{},"geometry":{"type":"LineString","coordinates":[[-79.8848,32.7699],[-79.8851,32.7695]]}},{"type":"Feature","properties":{},"geometry":{"type":"LineString","coordinates":[[-79.8848,32.7699],[-79.8845,32.7702]]}},{"type":"Feature","properties":{},"geometry":{"type":"LineString","coordinates":[[-79.8848,32.7699],[-79.8921,32.7737]]}},{"type":"Feature","properties":{},"geometry":{"type":"LineString","coordinates":[[-79.8848,32.7699],[-79.8811,32.7659]]}},{"type":"Feature","properties":{},"geometry":{"type":"LineString","coordinates":[[-79.8848,32.7699],[-79.8846,32.7661]]}},{"type":"Feature","properties":{},"geometry":{"type":"LineString","coordinates":[[-79.8848,32.7699],[-79.8844,32.7588]]}},{"type":"Feature","properties":{},"geometry":{"type":"LineString","coordinates":[[-79.292,33.3588],[-79.2874,33.3593]]}},{"type":"Feature","properties":{},"geometry":{"type":"LineString","coordinates":[[-79.292,33.3588],[-79.2918,33.3583]]}},{"type":"Feature","properties":{},"geometry":{"type":"LineString","coordinates":[[-79.292,33.3588],[-79.2894,33.3644]]}},{"type":"Feature","properties":{},"geometry":{"type":"LineString","coordinates":[[-79.292,33.3588],[-79.2916,33.3578]]}},{"type":"Feature","properties":{},"geometry":{"type":"LineString","coordinates":[[-79.292,33.3588],[-79.2914,33.3573]]}},{"type":"Feature","properties":{},"geometry":{"type":"LineString","coordinates":[[-79.292,33.3588],[-79.2872,33.3586]]}},{"type":"Feature","properties":{},"geometry":{"type":"LineString","coordinates":[[-81.1411,32.1348],[-81.1369,32.1287]]}},{"type":"Feature","properties":{},"geometry":{"type":"LineString","coordinates":[[-81.1411,32.1348],[-81.142,32.1399]]}},{"type":"Feature","properties":{},"geometry":{"type":"LineString","coordinates":[[-81.1411,32.1348],[-81.1414,32.1348]]}},{"type":"Feature","properties":{},"geometry":{"type":"LineString","coordinates":[[-81.1411,32.1348],[-81.1372,32.1287]]}},{"type":"Feature","properties":{},"geometry":{"type":"LineString","coordinates":[[-81.1411,32.1348],[-81.1408,32.1349]]}},{"type":"Feature","properties":{},"geometry":{"type":"LineString","coordinates":[[-81.1411,32.1348],[-81.1427,32.1399]]}},{"type":"Feature","properties":{},"geometry":{"type":"LineString","coordinates":[[-81.1411,32.1348],[-81.1417,32.1399]]}},{"type":"Feature","properties":{},"geometry":{"type":"LineString","coordinates":[[-81.1411,32.1348],[-81.138,32.1331]]}},{"type":"Feature","properties":{},"geometry":{"type":"LineString","coordinates":[[-81.1411,32.1348],[-81.1405,32.1349]]}},{"type":"Feature","properties":{},"geometry":{"type":"LineString","coordinates":[[-81.1369,32.1287],[-81.1327,32.1227]]}},{"type":"Feature","properties":{},"geometry":{"type":"LineString","coordinates":[[-81.1369,32.1287],[-81.1372,32.1287]]}},{"type":"Feature","properties":{},"geometry":{"type":"LineString","coordinates":[[-81.1369,32.1287],[-81.133,32.1226]]}},{"type":"Feature","properties":{},"geometry":{"type":"LineString","coordinates":[[-81.1369,32.1287],[-81.1408,32.1349]]}},{"type":"Feature","properties":{},"geometry":{"type":"LineString","coordinates":[[-81.1369,32.1287],[-81.1366,32.1288]]}},{"type":"Feature","properties":{},"geometry":{"type":"LineString","coordinates":[[-81.1369,32.1287],[-81.1323,32.1228]]}},{"type":"Feature","properties":{},"geometry":{"type":"LineString","coordinates":[[-81.1369,32.1287],[-81.138,32.1331]]}},{"type":"Feature","properties":{},"geometry":{"type":"LineString","coordinates":[[-81.1369,32.1287],[-81.1405,32.1349]]}},{"type":"Feature","properties":{},"geometry":{"type":"LineString","coordinates":[[-81.1369,32.1287],[-81.1362,32.1289]]}},{"type":"Feature","properties":{},"geometry":{"type":"LineString","coordinates":[[-81.1369,32.1287],[-81.132,32.1229]]}},{"type":"Feature","properties":{},"geometry":{"type":"LineString","coordinates":[[-81.1327,32.1227],[-81.1285,32.1166]]}},{"type":"Feature","properties":{},"geometry":{"type":"LineString","coordinates":[[-81.1327,32.1227],[-81.1372,32.1287]]}},{"type":"Feature","properties":{},"geometry":{"type":"LineString","coordinates":[[-81.1327,32.1227],[-81.133,32.1226]]}},{"type":"Feature","properties":{},"geometry":{"type":"LineString","coordinates":[[-81.1327,32.1227],[-81.1288,32.1165]]}},{"type":"Feature","properties":{},"geometry":{"type":"LineString","coordinates":[[-81.1327,32.1227],[-81.1366,32.1288]]}},{"type":"Feature","properties":{},"geometry":{"type":"LineString","coordinates":[[-81.1327,32.1227],[-81.1323,32.1228]]}},{"type":"Feature","properties":{},"geometry":{"type":"LineString","coordinates":[[-81.1327,32.1227],[-81.1281,32.1168]]}},{"type":"Feature","properties":{},"geometry":{"type":"LineString","coordinates":[[-81.1327,32.1227],[-81.1362,32.1289]]}},{"type":"Feature","properties":{},"geometry":{"type":"LineString","coordinates":[[-81.1327,32.1227],[-81.132,32.1229]]}},{"type":"Feature","properties":{},"geometry":{"type":"LineString","coordinates":[[-81.1285,32.1166],[-81.1242,32.1105]]}},{"type":"Feature","properties":{},"geometry":{"type":"LineString","coordinates":[[-81.1285,32.1166],[-81.133,32.1226]]}},{"type":"Feature","properties":{},"geometry":{"type":"LineString","coordinates":[[-81.1285,32.1166],[-81.1288,32.1165]]}},{"type":"Feature","properties":{},"geometry":{"type":"LineString","coordinates":[[-81.1285,32.1166],[-81.1246,32.1104]]}},{"type":"Feature","properties":{},"geometry":{"type":"LineString","coordinates":[[-81.1285,32.1166],[-81.126,32.1125]]}},{"type":"Feature","properties":{},"geometry":{"type":"LineString","coordinates":[[-81.1285,32.1166],[-81.1323,32.1228]]}},{"type":"Feature","properties":{},"geometry":{"type":"LineString","coordinates":[[-81.1285,32.1166],[-81.1281,32.1168]]}},{"type":"Feature","properties":{},"geometry":{"type":"LineString","coordinates":[[-81.1285,32.1166],[-81.132,32.1229]]}},{"type":"Feature","properties":{},"geometry":{"type":"LineString","coordinates":[[-81.1285,32.1166],[-81.1277,32.1169]]}},{"type":"Feature","properties":{},"geometry":{"type":"LineString","coordinates":[[-81.1242,32.1105],[-81.1246,32.1104]]}},{"type":"Feature","properties":{},"geometry":{"type":"LineString","coordinates":[[-81.1242,32.1105],[-81.126,32.1125]]}},{"type":"Feature","properties":{},"geometry":{"type":"LineString","coordinates":[[-81.1242,32.1105],[-81.1281,32.1168]]}},{"type":"Feature","properties":{},"geometry":{"type":"LineString","coordinates":[[-81.1242,32.1105],[-81.1238,32.1107]]}},{"type":"Feature","properties":{},"geometry":{"type":"LineString","coordinates":[[-81.1242,32.1105],[-81.1189,32.1054]]}},{"type":"Feature","properties":{},"geometry":{"type":"LineString","coordinates":[[-81.1242,32.1105],[-81.1277,32.1169]]}},{"type":"Feature","properties":{},"geometry":{"type":"LineString","coordinates":[[-81.1242,32.1105],[-81.1235,32.1109]]}},{"type":"Feature","properties":{},"geometry":{"type":"LineString","coordinates":[[-79.937,32.9285],[-79.9328,32.9229]]}},{"type":"Feature","properties":{},"geometry":{"type":"LineString","coordinates":[[-79.937,32.9285],[-79.9342,32.9346]]}},{"type":"Feature","properties":{},"geometry":{"type":"LineString","coordinates":[[-79.937,32.9285],[-79.9363,32.9286]]}},{"type":"Feature","properties":{},"geometry":{"type":"LineString","coordinates":[[-79.937,32.9285],[-79.9322,32.923]]}},{"type":"Feature","properties":{},"geometry":{"type":"LineString","coordinates":[[-79.937,32.9285],[-79.9337,32.9344]]}},{"type":"Feature","properties":{},"geometry":{"type":"LineString","coordinates":[[-79.937,32.9285],[-79.9367,32.9356]]}},{"type":"Feature","properties":{},"geometry":{"type":"LineString","coordinates":[[-79.9328,32.9229],[-79.9293,32.9173]]}},{"type":"Feature","properties":{},"geometry":{"type":"LineString","coordinates":[[-79.9328,32.9229],[-79.9363,32.9286]]}},{"type":"Feature","properties":{},"geometry":{"type":"LineString","coordinates":[[-79.9328,32.9229],[-79.9322,32.923]]}},{"type":"Feature","properties":{},"geometry":{"type":"LineString","coordinates":[[-79.1642,33.1962],[-79.156,33.1943]]}},{"type":"Feature","properties":{},"geometry":{"type":"LineString","coordinates":[[-79.1642,33.1962],[-79.1562,33.1935]]}},{"type":"Feature","properties":{},"geometry":{"type":"LineString","coordinates":[[-79.1642,33.1962],[-79.1644,33.1953]]}},{"type":"Feature","properties":{},"geometry":{"type":"LineString","coordinates":[[-79.156,33.1943],[-79.1481,33.193]]}},{"type":"Feature","properties":{},"geometry":{"type":"LineString","coordinates":[[-79.156,33.1943],[-79.1482,33.1926]]}},{"type":"Feature","properties":{},"geometry":{"type":"LineString","coordinates":[[-79.156,33.1943],[-79.1482,33.1922]]}},{"type":"Feature","properties":{},"geometry":{"type":"LineString","coordinates":[[-79.156,33.1943],[-79.1562,33.1935]]}},{"type":"Feature","properties":{},"geometry":{"type":"LineString","coordinates":[[-79.156,33.1943],[-79.1644,33.1953]]}},{"type":"Feature","properties":{},"geometry":{"type":"LineString","coordinates":[[-79.9281,32.83],[-79.9274,32.8396]]}},{"type":"Feature","properties":{},"geometry":{"type":"LineString","coordinates":[[-79.9281,32.83],[-79.9305,32.8297]]}},{"type":"Feature","properties":{},"geometry":{"type":"LineString","coordinates":[[-79.9281,32.83],[-79.9271,32.8225]]}},{"type":"Feature","properties":{},"geometry":{"type":"LineString","coordinates":[[-79.9281,32.83],[-79.9297,32.8298]]}},{"type":"Feature","properties":{},"geometry":{"type":"LineString","coordinates":[[-79.9281,32.83],[-79.9289,32.8299]]}},{"type":"Feature","properties":{},"geometry":{"type":"LineString","coordinates":[[-79.9281,32.83],[-79.9348,32.8303]]}},{"type":"Feature","properties":{},"geometry":{"type":"LineString","coordinates":[[-79.9274,32.8396],[-79.9298,32.8395]]}},{"type":"Feature","properties":{},"geometry":{"type":"LineString","coordinates":[[-79.9274,32.8396],[-79.9304,32.8394]]}},{"type":"Feature","properties":{},"geometry":{"type":"LineString","coordinates":[[-79.9274,32.8396],[-79.932,32.8387]]}},{"type":"Feature","properties":{},"geometry":{"type":"LineString","coordinates":[[-79.9274,32.8396],[-79.929,32.8395]]}},{"type":"Feature","properties":{},"geometry":{"type":"LineString","coordinates":[[-79.9274,32.8396],[-79.9282,32.8396]]}},{"type":"Feature","properties":{},"geometry":{"type":"LineString","coordinates":[[-79.9219,32.7825],[-79.922,32.7898]]}},{"type":"Feature","properties":{},"geometry":{"type":"LineString","coordinates":[[-79.9219,32.7825],[-79.9214,32.7825]]}},{"type":"Feature","properties":{},"geometry":{"type":"LineString","coordinates":[[-79.9219,32.7825],[-79.9214,32.7904]]}},{"type":"Feature","properties":{},"geometry":{"type":"LineString","coordinates":[[-79.9219,32.7825],[-79.9182,32.7896]]}},{"type":"Feature","properties":{},"geometry":{"type":"LineString","coordinates":[[-80.9251,32.0425],[-80.9309,32.0478]]}},{"type":"Feature","properties":{},"geometry":{"type":"LineString","coordinates":[[-80.9251,32.0425],[-80.9189,32.0388]]}},{"type":"Feature","properties":{},"geometry":{"type":"LineString","coordinates":[[-80.9251,32.0425],[-80.9193,32.0381]]}},{"type":"Feature","properties":{},"geometry":{"type":"LineString","coordinates":[[-80.9251,32.0425],[-80.9186,32.0391]]}},{"type":"Feature","properties":{},"geometry":{"type":"LineString","coordinates":[[-80.9251,32.0425],[-80.9256,32.0416]]}},{"type":"Feature","properties":{},"geometry":{"type":"LineString","coordinates":[[-80.9251,32.0425],[-80.9314,32.0469]]}},{"type":"Feature","properties":{},"geometry":{"type":"LineString","coordinates":[[-80.9251,32.0425],[-80.9253,32.0422]]}},{"type":"Feature","properties":{},"geometry":{"type":"LineString","coordinates":[[-80.9251,32.0425],[-80.931,32.0475]]}},{"type":"Feature","properties":{},"geometry":{"type":"LineString","coordinates":[[-80.9309,32.0478],[-80.9366,32.0531]]}},{"type":"Feature","properties":{},"geometry":{"type":"LineString","coordinates":[[-80.9309,32.0478],[-80.9314,32.0469]]}},{"type":"Feature","properties":{},"geometry":{"type":"LineString","coordinates":[[-80.9309,32.0478],[-80.9372,32.0521]]}},{"type":"Feature","properties":{},"geometry":{"type":"LineString","coordinates":[[-80.9309,32.0478],[-80.9253,32.0422]]}},{"type":"Feature","properties":{},"geometry":{"type":"LineString","coordinates":[[-80.9309,32.0478],[-80.931,32.0475]]}},{"type":"Feature","properties":{},"geometry":{"type":"LineString","coordinates":[[-80.9309,32.0478],[-80.9368,32.0527]]}},{"type":"Feature","properties":{},"geometry":{"type":"LineString","coordinates":[[-80.9366,32.0531],[-80.9423,32.0584]]}},{"type":"Feature","properties":{},"geometry":{"type":"LineString","coordinates":[[-80.9366,32.0531],[-80.9372,32.0521]]}},{"type":"Feature","properties":{},"geometry":{"type":"LineString","coordinates":[[-80.9366,32.0531],[-80.943,32.0573]]}},{"type":"Feature","properties":{},"geometry":{"type":"LineString","coordinates":[[-80.9366,32.0531],[-80.931,32.0475]]}},{"type":"Feature","properties":{},"geometry":{"type":"LineString","coordinates":[[-80.9366,32.0531],[-80.9368,32.0527]]}},{"type":"Feature","properties":{},"geometry":{"type":"LineString","coordinates":[[-80.9366,32.0531],[-80.9426,32.058]]}},{"type":"Feature","properties":{},"geometry":{"type":"LineString","coordinates":[[-80.9423,32.0584],[-80.9481,32.0637]]}},{"type":"Feature","properties":{},"geometry":{"type":"LineString","coordinates":[[-80.9423,32.0584],[-80.943,32.0573]]}},{"type":"Feature","properties":{},"geometry":{"type":"LineString","coordinates":[[-80.9423,32.0584],[-80.9488,32.0626]]}},{"type":"Feature","properties":{},"geometry":{"type":"LineString","coordinates":[[-80.9423,32.0584],[-80.9368,32.0527]]}},{"type":"Feature","properties":{},"geometry":{"type":"LineString","coordinates":[[-80.9423,32.0584],[-80.9426,32.058]]}},{"type":"Feature","properties":{},"geometry":{"type":"LineString","coordinates":[[-80.9423,32.0584],[-80.9483,32.0633]]}},{"type":"Feature","properties":{},"geometry":{"type":"LineString","coordinates":[[-80.9481,32.0637],[-80.9538,32.069]]}},{"type":"Feature","properties":{},"geometry":{"type":"LineString","coordinates":[[-80.9481,32.0637],[-80.9488,32.0626]]}},{"type":"Feature","properties":{},"geometry":{"type":"LineString","coordinates":[[-80.9481,32.0637],[-80.9545,32.0678]]}},{"type":"Feature","properties":{},"geometry":{"type":"LineString","coordinates":[[-80.9481,32.0637],[-80.9426,32.058]]}},{"type":"Feature","properties":{},"geometry":{"type":"LineString","coordinates":[[-80.9481,32.0637],[-80.9483,32.0633]]}},{"type":"Feature","properties":{},"geometry":{"type":"LineString","coordinates":[[-80.9481,32.0637],[-80.9541,32.0686]]}},{"type":"Feature","properties":{},"geometry":{"type":"LineString","coordinates":[[-80.9538,32.069],[-80.9614,32.0715]]}},{"type":"Feature","properties":{},"geometry":{"type":"LineString","coordinates":[[-80.9538,32.069],[-80.9572,32.0748]]}},{"type":"Feature","properties":{},"geometry":{"type":"LineString","coordinates":[[-80.9538,32.069],[-80.9504,32.0774]]}},{"type":"Feature","properties":{},"geometry":{"type":"LineString","coordinates":[[-80.9538,32.069],[-80.9612,32.0719]]}},{"type":"Feature","properties":{},"geometry":{"type":"LineString","coordinates":[[-80.9538,32.069],[-80.9608,32.0725]]}},{"type":"Feature","properties":{},"geometry":{"type":"LineString","coordinates":[[-80.9538,32.069],[-80.9545,32.0678]]}},{"type":"Feature","properties":{},"geometry":{"type":"LineString","coordinates":[[-80.9538,32.069],[-80.9483,32.0633]]}},{"type":"Feature","properties":{},"geometry":{"type":"LineString","coordinates":[[-80.9538,32.069],[-80.9541,32.0686]]}},{"type":"Feature","properties":{},"geometry":{"type":"LineString","coordinates":[[-79.2868,33.3093],[-79.2812,33.3026]]}},{"type":"Feature","properties":{},"geometry":{"type":"LineString","coordinates":[[-79.2868,33.3093],[-79.2856,33.3096]]}},{"type":"Feature","properties":{},"geometry":{"type":"LineString","coordinates":[[-79.2868,33.3093],[-79.2817,33.3024]]}},{"type":"Feature","properties":{},"geometry":{"type":"LineString","coordinates":[[-79.2868,33.3093],[-79.2828,33.3021]]}},{"type":"Feature","properties":{},"geometry":{"type":"LineString","coordinates":[[-79.2868,33.3093],[-79.286,33.3095]]}},{"type":"Feature","properties":{},"geometry":{"type":"LineString","coordinates":[[-79.2868,33.3093],[-79.2881,33.3081]]}},{"type":"Feature","properties":{},"geometry":{"type":"LineString","coordinates":[[-79.8477,32.7392],[-79.8415,32.7385]]}},{"type":"Feature","properties":{},"geometry":{"type":"LineString","coordinates":[[-79.8477,32.7392],[-79.842,32.738]]}},{"type":"Feature","properties":{},"geometry":{"type":"LineString","coordinates":[[-79.8477,32.7392],[-79.8425,32.7375]]}},{"type":"Feature","properties":{},"geometry":{"type":"LineString","coordinates":[[-79.8477,32.7392],[-79.8482,32.742]]}},{"type":"Feature","properties":{},"geometry":{"type":"LineString","coordinates":[[-81.0492,32.0814],[-81.0564,32.081]]}},{"type":"Feature","properties":{},"geometry":{"type":"LineString","coordinates":[[-81.0492,32.0814],[-81.047,32.0794]]}},{"type":"Feature","properties":{},"geometry":{"type":"LineString","coordinates":[[-81.0492,32.0814],[-81.0489,32.0803]]}},{"type":"Feature","properties":{},"geometry":{"type":"LineString","coordinates":[[-81.0492,32.0814],[-81.0562,32.08]]}},{"type":"Feature","properties":{},"geometry":{"type":"LineString","coordinates":[[-81.0492,32.0814],[-81.0472,32.0796]]}},{"type":"Feature","properties":{},"geometry":{"type":"LineString","coordinates":[[-81.0492,32.0814],[-81.0491,32.0811]]}},{"type":"Feature","properties":{},"geometry":{"type":"LineString","coordinates":[[-81.0492,32.0814],[-81.0563,32.0807]]}},{"type":"Feature","properties":{},"geometry":{"type":"LineString","coordinates":[[-81.0564,32.081],[-81.0636,32.0807]]}},{"type":"Feature","properties":{},"geometry":{"type":"LineString","coordinates":[[-81.0564,32.081],[-81.0562,32.08]]}},{"type":"Feature","properties":{},"geometry":{"type":"LineString","coordinates":[[-81.0564,32.081],[-81.0635,32.0796]]}},{"type":"Feature","properties":{},"geometry":{"type":"LineString","coordinates":[[-81.0564,32.081],[-81.0491,32.0811]]}},{"type":"Feature","properties":{},"geometry":{"type":"LineString","coordinates":[[-81.0564,32.081],[-81.0563,32.0807]]}},{"type":"Feature","properties":{},"geometry":{"type":"LineString","coordinates":[[-81.0564,32.081],[-81.0635,32.0803]]}},{"type":"Feature","properties":{},"geometry":{"type":"LineString","coordinates":[[-81.0636,32.0807],[-81.0707,32.0803]]}},{"type":"Feature","properties":{},"geometry":{"type":"LineString","coordinates":[[-81.0636,32.0807],[-81.0635,32.0796]]}},{"type":"Feature","properties":{},"geometry":{"type":"LineString","coordinates":[[-81.0636,32.0807],[-81.0707,32.0792]]}},{"type":"Feature","properties":{},"geometry":{"type":"LineString","coordinates":[[-81.0636,32.0807],[-81.0686,32.0808]]}},{"type":"Feature","properties":{},"geometry":{"type":"LineString","coordinates":[[-81.0636,32.0807],[-81.0563,32.0807]]}},{"type":"Feature","properties":{},"geometry":{"type":"LineString","coordinates":[[-81.0636,32.0807],[-81.0635,32.0803]]}},{"type":"Feature","properties":{},"geometry":{"type":"LineString","coordinates":[[-81.0636,32.0807],[-81.0707,32.08]]}},{"type":"Feature","properties":{},"geometry":{"type":"LineString","coordinates":[[-81.0707,32.0803],[-81.0788,32.0791]]}},{"type":"Feature","properties":{},"geometry":{"type":"LineString","coordinates":[[-81.0707,32.0803],[-81.0635,32.0796]]}},{"type":"Feature","properties":{},"geometry":{"type":"LineString","coordinates":[[-81.0707,32.0803],[-81.0707,32.0792]]}},{"type":"Feature","properties":{},"geometry":{"type":"LineString","coordinates":[[-81.0707,32.0803],[-81.0686,32.0808]]}},{"type":"Feature","properties":{},"geometry":{"type":"LineString","coordinates":[[-81.0707,32.0803],[-81.0635,32.0803]]}},{"type":"Feature","properties":{},"geometry":{"type":"LineString","coordinates":[[-81.0707,32.0803],[-81.0707,32.08]]}},{"type":"Feature","properties":{},"geometry":{"type":"LineString","coordinates":[[-81.0707,32.0803],[-81.0787,32.0798]]}},{"type":"Feature","properties":{},"geometry":{"type":"LineString","coordinates":[[-79.1923,33.228],[-79.1891,33.2199]]}},{"type":"Feature","properties":{},"geometry":{"type":"LineString","coordinates":[[-79.1923,33.228],[-79.1918,33.2282]]}},{"type":"Feature","properties":{},"geometry":{"type":"LineString","coordinates":[[-79.1923,33.228],[-79.1885,33.2202]]}},{"type":"Feature","properties":{},"geometry":{"type":"LineString","coordinates":[[-79.1923,33.228],[-79.1962,33.2355]]}},{"type":"Feature","properties":{},"geometry":{"type":"LineString","coordinates":[[-79.1923,33.228],[-79.192,33.2281]]}},{"type":"Feature","properties":{},"geometry":{"type":"LineString","coordinates":[[-79.1923,33.228],[-79.1888,33.22]]}},{"type":"Feature","properties":{},"geometry":{"type":"LineString","coordinates":[[-79.1891,33.2199],[-79.1859,33.2118]]}},{"type":"Feature","properties":{},"geometry":{"type":"LineString","coordinates":[[-79.1891,33.2199],[-79.1885,33.2202]]}},{"type":"Feature","properties":{},"geometry":{"type":"LineString","coordinates":[[-79.1891,33.2199],[-79.1853,33.2121]]}},{"type":"Feature","properties":{},"geometry":{"type":"LineString","coordinates":[[-79.1891,33.2199],[-79.192,33.2281]]}},{"type":"Feature","properties":{},"geometry":{"type":"LineString","coordinates":[[-79.1891,33.2199],[-79.1888,33.22]]}},{"type":"Feature","properties":{},"geometry":{"type":"LineString","coordinates":[[-79.1891,33.2199],[-79.1856,33.212]]}},{"type":"Feature","properties":{},"geometry":{"type":"LineString","coordinates":[[-79.1859,33.2118],[-79.1885,33.2202]]}},{"type":"Feature","properties":{},"geometry":{"type":"LineString","coordinates":[[-79.1859,33.2118],[-79.1853,33.2121]]}},{"type":"Feature","properties":{},"geometry":{"type":"LineString","coordinates":[[-79.1859,33.2118],[-79.1815,33.2046]]}},{"type":"Feature","properties":{},"geometry":{"type":"LineString","coordinates":[[-79.1859,33.2118],[-79.1811,33.2049]]}},{"type":"Feature","properties":{},"geometry":{"type":"LineString","coordinates":[[-79.1859,33.2118],[-79.1888,33.22]]}},{"type":"Feature","properties":{},"geometry":{"type":"LineString","coordinates":[[-79.1859,33.2118],[-79.1856,33.212]]}},{"type":"Feature","properties":{},"geometry":{"type":"LineString","coordinates":[[-79.1859,33.2118],[-79.1818,33.2044]]}},{"type":"Feature","properties":{},"geometry":{"type":"LineString","coordinates":[[-79.1859,33.2118],[-79.1822,33.2041]]}},{"type":"Feature","properties":{},"geometry":{"type":"LineString","coordinates":[[-80.992,32.0907],[-80.988,32.085]]}},{"type":"Feature","properties":{},"geometry":{"type":"LineString","coordinates":[[-80.992,32.0907],[-80.9891,32.091]]}},{"type":"Feature","properties":{},"geometry":{"type":"LineString","coordinates":[[-80.992,32.0907],[-80.9922,32.0949]]}},{"type":"Feature","properties":{},"geometry":{"type":"LineString","coordinates":[[-80.992,32.0907],[-80.9925,32.0904]]}},{"type":"Feature","properties":{},"geometry":{"type":"LineString","coordinates":[[-80.992,32.0907],[-80.9916,32.0911]]}},{"type":"Feature","properties":{},"geometry":{"type":"LineString","coordinates":[[-80.992,32.0907],[-80.9895,32.0849]]}},{"type":"Feature","properties":{},"geometry":{"type":"LineString","coordinates":[[-80.992,32.0907],[-80.9928,32.0914]]}},{"type":"Feature","properties":{},"geometry":{"type":"LineString","coordinates":[[-80.992,32.0907],[-80.9912,32.0914]]}},{"type":"Feature","properties":{},"geometry":{"type":"LineString","coordinates":[[-80.992,32.0907],[-80.9872,32.0857]]}},{"type":"Feature","properties":{},"geometry":{"type":"LineString","coordinates":[[-80.988,32.085],[-80.9839,32.0792]]}},{"type":"Feature","properties":{},"geometry":{"type":"LineString","coordinates":[[-80.988,32.085],[-80.9891,32.091]]}},{"type":"Feature","properties":{},"geometry":{"type":"LineString","coordinates":[[-80.988,32.085],[-80.9848,32.0824]]}},{"type":"Feature","properties":{},"geometry":{"type":"LineString","coordinates":[[-80.988,32.085],[-80.9883,32.0846]]}},{"type":"Feature","properties":{},"geometry":{"type":"LineString","coordinates":[[-80.988,32.085],[-80.9843,32.0789]]}},{"type":"Feature","properties":{},"geometry":{"type":"LineString","coordinates":[[-80.988,32.085],[-80.9876,32.0853]]}},{"type":"Feature","properties":{},"geometry":{"type":"LineString","coordinates":[[-80.988,32.085],[-80.9836,32.0796]]}},{"type":"Feature","properties":{},"geometry":{"type":"LineString","coordinates":[[-80.988,32.085],[-80.9895,32.0849]]}},{"type":"Feature","properties":{},"geometry":{"type":"LineString","coordinates":[[-80.988,32.085],[-80.9872,32.0857]]}},{"type":"Feature","properties":{},"geometry":{"type":"LineString","coordinates":[[-80.988,32.085],[-80.9833,32.08]]}},{"type":"Feature","properties":{},"geometry":{"type":"LineString","coordinates":[[-80.988,32.085],[-80.9812,32.0769]]}},{"type":"Feature","properties":{},"geometry":{"type":"LineString","coordinates":[[-80.9839,32.0792],[-80.9848,32.0824]]}},{"type":"Feature","properties":{},"geometry":{"type":"LineString","coordinates":[[-80.9839,32.0792],[-80.9774,32.0755]]}},{"type":"Feature","properties":{},"geometry":{"type":"LineString","coordinates":[[-80.9839,32.0792],[-80.9883,32.0846]]}},{"type":"Feature","properties":{},"geometry":{"type":"LineString","coordinates":[[-80.9839,32.0792],[-80.9843,32.0789]]}},{"type":"Feature","properties":{},"geometry":{"type":"LineString","coordinates":[[-80.9839,32.0792],[-80.9771,32.0758]]}},{"type":"Feature","properties":{},"geometry":{"type":"LineString","coordinates":[[-80.9839,32.0792],[-80.9808,32.0682]]}},{"type":"Feature","properties":{},"geometry":{"type":"LineString","coordinates":[[-80.9839,32.0792],[-80.9876,32.0853]]}},{"type":"Feature","properties":{},"geometry":{"type":"LineString","coordinates":[[-80.9839,32.0792],[-80.9836,32.0796]]}},{"type":"Feature","properties":{},"geometry":{"type":"LineString","coordinates":[[-80.9839,32.0792],[-80.9769,32.0761]]}},{"type":"Feature","properties":{},"geometry":{"type":"LineString","coordinates":[[-80.9839,32.0792],[-80.9833,32.08]]}},{"type":"Feature","properties":{},"geometry":{"type":"LineString","coordinates":[[-80.9839,32.0792],[-80.9812,32.0769]]}},{"type":"Feature","properties":{},"geometry":{"type":"LineString","coordinates":[[-79.1918,33.2282],[-79.1885,33.2202]]}},{"type":"Feature","properties":{},"geometry":{"type":"LineString","coordinates":[[-79.1918,33.2282],[-79.1962,33.2355]]}},{"type":"Feature","properties":{},"geometry":{"type":"LineString","coordinates":[[-79.1918,33.2282],[-79.192,33.2281]]}},{"type":"Feature","properties":{},"geometry":{"type":"LineString","coordinates":[[-79.1918,33.2282],[-79.1888,33.22]]}},{"type":"Feature","properties":{},"geometry":{"type":"LineString","coordinates":[[-79.1885,33.2202],[-79.1853,33.2121]]}},{"type":"Feature","properties":{},"geometry":{"type":"LineString","coordinates":[[-79.1885,33.2202],[-79.192,33.2281]]}},{"type":"Feature","properties":{},"geometry":{"type":"LineString","coordinates":[[-79.1885,33.2202],[-79.1888,33.22]]}},{"type":"Feature","properties":{},"geometry":{"type":"LineString","coordinates":[[-79.1885,33.2202],[-79.1856,33.212]]}},{"type":"Feature","properties":{},"geometry":{"type":"LineString","coordinates":[[-79.1853,33.2121],[-79.1815,33.2046]]}},{"type":"Feature","properties":{},"geometry":{"type":"LineString","coordinates":[[-79.1853,33.2121],[-79.1811,33.2049]]}},{"type":"Feature","properties":{},"geometry":{"type":"LineString","coordinates":[[-79.1853,33.2121],[-79.1888,33.22]]}},{"type":"Feature","properties":{},"geometry":{"type":"LineString","coordinates":[[-79.1853,33.2121],[-79.1856,33.212]]}},{"type":"Feature","properties":{},"geometry":{"type":"LineString","coordinates":[[-79.1853,33.2121],[-79.1818,33.2044]]}},{"type":"Feature","properties":{},"geometry":{"type":"LineString","coordinates":[[-79.1853,33.2121],[-79.1822,33.2041]]}},{"type":"Feature","properties":{},"geometry":{"type":"LineString","coordinates":[[-80.5951,32.1731],[-80.5996,32.1796]]}},{"type":"Feature","properties":{},"geometry":{"type":"LineString","coordinates":[[-80.5951,32.1731],[-80.5947,32.1732]]}},{"type":"Feature","properties":{},"geometry":{"type":"LineString","coordinates":[[-80.5951,32.1731],[-80.5992,32.1797]]}},{"type":"Feature","properties":{},"geometry":{"type":"LineString","coordinates":[[-80.5951,32.1731],[-80.5933,32.166]]}},{"type":"Feature","properties":{},"geometry":{"type":"LineString","coordinates":[[-80.5951,32.1731],[-80.5959,32.1729]]}},{"type":"Feature","properties":{},"geometry":{"type":"LineString","coordinates":[[-80.5951,32.1731],[-80.6004,32.1794]]}},{"type":"Feature","properties":{},"geometry":{"type":"LineString","coordinates":[[-80.5951,32.1731],[-80.5955,32.173]]}},{"type":"Feature","properties":{},"geometry":{"type":"LineString","coordinates":[[-80.5951,32.1731],[-80.6,32.1795]]}},{"type":"Feature","properties":{},"geometry":{"type":"LineString","coordinates":[[-80.5951,32.1731],[-80.5921,32.1663]]}},{"type":"Feature","properties":{},"geometry":{"type":"LineString","coordinates":[[-80.5996,32.1796],[-80.6042,32.1861]]}},{"type":"Feature","properties":{},"geometry":{"type":"LineString","coordinates":[[-80.5996,32.1796],[-80.5947,32.1732]]}},{"type":"Feature","properties":{},"geometry":{"type":"LineString","coordinates":[[-80.5996,32.1796],[-80.5992,32.1797]]}},{"type":"Feature","properties":{},"geometry":{"type":"LineString","coordinates":[[-80.5996,32.1796],[-80.6038,32.1863]]}},{"type":"Feature","properties":{},"geometry":{"type":"LineString","coordinates":[[-80.5996,32.1796],[-80.5959,32.1729]]}},{"type":"Feature","properties":{},"geometry":{"type":"LineString","coordinates":[[-80.5996,32.1796],[-80.6004,32.1794]]}},{"type":"Feature","properties":{},"geometry":{"type":"LineString","coordinates":[[-80.5996,32.1796],[-80.605,32.1859]]}},{"type":"Feature","properties":{},"geometry":{"type":"LineString","coordinates":[[-80.5996,32.1796],[-80.5955,32.173]]}},{"type":"Feature","properties":{},"geometry":{"type":"LineString","coordinates":[[-80.5996,32.1796],[-80.6,32.1795]]}},{"type":"Feature","properties":{},"geometry":{"type":"LineString","coordinates":[[-80.5996,32.1796],[-80.6046,32.1861]]}},{"type":"Feature","properties":{},"geometry":{"type":"LineString","coordinates":[[-80.6042,32.1861],[-80.6087,32.1927]]}},{"type":"Feature","properties":{},"geometry":{"type":"LineString","coordinates":[[-80.6042,32.1861],[-80.5992,32.1797]]}},{"type":"Feature","properties":{},"geometry":{"type":"LineString","coordinates":[[-80.6042,32.1861],[-80.6038,32.1863]]}},{"type":"Feature","properties":{},"geometry":{"type":"LineString","coordinates":[[-80.6042,32.1861],[-80.6083,32.1928]]}},{"type":"Feature","properties":{},"geometry":{"type":"LineString","coordinates":[[-80.6042,32.1861],[-80.6004,32.1794]]}},{"type":"Feature","properties":{},"geometry":{"type":"LineString","coordinates":[[-80.6042,32.1861],[-80.605,32.1859]]}},{"type":"Feature","properties":{},"geometry":{"type":"LineString","coordinates":[[-80.6042,32.1861],[-80.6095,32.1925]]}},{"type":"Feature","properties":{},"geometry":{"type":"LineString","coordinates":[[-80.6042,32.1861],[-80.6,32.1795]]}},{"type":"Feature","properties":{},"geometry":{"type":"LineString","coordinates":[[-80.6042,32.1861],[-80.6046,32.1861]]}},{"type":"Feature","properties":{},"geometry":{"type":"LineString","coordinates":[[-80.6042,32.1861],[-80.6091,32.1926]]}},{"type":"Feature","properties":{},"geometry":{"type":"LineString","coordinates":[[-80.6087,32.1927],[-80.6132,32.1992]]}},{"type":"Feature","properties":{},"geometry":{"type":"LineString","coordinates":[[-80.6087,32.1927],[-80.6038,32.1863]]}},{"type":"Feature","properties":{},"geometry":{"type":"LineString","coordinates":[[-80.6087,32.1927],[-80.6083,32.1928]]}},{"type":"Feature","properties":{},"geometry":{"type":"LineString","coordinates":[[-80.6087,32.1927],[-80.6128,32.1993]]}},{"type":"Feature","properties":{},"geometry":{"type":"LineString","coordinates":[[-80.6087,32.1927],[-80.605,32.1859]]}},{"type":"Feature","properties":{},"geometry":{"type":"LineString","coordinates":[[-80.6087,32.1927],[-80.6095,32.1925]]}},{"type":"Feature","properties":{},"geometry":{"type":"LineString","coordinates":[[-80.6087,32.1927],[-80.6141,32.199]]}},{"type":"Feature","properties":{},"geometry":{"type":"LineString","coordinates":[[-80.6087,32.1927],[-80.6046,32.1861]]}},{"type":"Feature","properties":{},"geometry":{"type":"LineString","coordinates":[[-80.6087,32.1927],[-80.6091,32.1926]]}},{"type":"Feature","properties":{},"geometry":{"type":"LineString","coordinates":[[-80.6087,32.1927],[-80.6137,32.1991]]}},{"type":"Feature","properties":{},"geometry":{"type":"LineString","coordinates":[[-80.6132,32.1992],[-80.6178,32.2057]]}},{"type":"Feature","properties":{},"geometry":{"type":"LineString","coordinates":[[-80.6132,32.1992],[-80.6083,32.1928]]}},{"type":"Feature","properties":{},"geometry":{"type":"LineString","coordinates":[[-80.6132,32.1992],[-80.6128,32.1993]]}},{"type":"Feature","properties":{},"geometry":{"type":"LineString","coordinates":[[-80.6132,32.1992],[-80.6174,32.2058]]}},{"type":"Feature","properties":{},"geometry":{"type":"LineString","coordinates":[[-80.6132,32.1992],[-80.6095,32.1925]]}},{"type":"Feature","properties":{},"geometry":{"type":"LineString","coordinates":[[-80.6132,32.1992],[-80.6141,32.199]]}},{"type":"Feature","properties":{},"geometry":{"type":"LineString","coordinates":[[-80.6132,32.1992],[-80.6186,32.2055]]}},{"type":"Feature","properties":{},"geometry":{"type":"LineString","coordinates":[[-80.6132,32.1992],[-80.6091,32.1926]]}},{"type":"Feature","properties":{},"geometry":{"type":"LineString","coordinates":[[-80.6132,32.1992],[-80.6137,32.1991]]}},{"type":"Feature","properties":{},"geometry":{"type":"LineString","coordinates":[[-80.6132,32.1992],[-80.6182,32.2056]]}},{"type":"Feature","properties":{},"geometry":{"type":"LineString","coordinates":[[-80.6178,32.2057],[-80.6223,32.2122]]}},{"type":"Feature","properties":{},"geometry":{"type":"LineString","coordinates":[[-80.6178,32.2057],[-80.6128,32.1993]]}},{"type":"Feature","properties":{},"geometry":{"type":"LineString","coordinates":[[-80.6178,32.2057],[-80.6174,32.2058]]}},{"type":"Feature","properties":{},"geometry":{"type":"LineString","coordinates":[[-80.6178,32.2057],[-80.6219,32.2123]]}},{"type":"Feature","properties":{},"geometry":{"type":"LineString","coordinates":[[-80.6178,32.2057],[-80.6141,32.199]]}},{"type":"Feature","properties":{},"geometry":{"type":"LineString","coordinates":[[-80.6178,32.2057],[-80.6186,32.2055]]}},{"type":"Feature","properties":{},"geometry":{"type":"LineString","coordinates":[[-80.6178,32.2057],[-80.6231,32.212]]}},{"type":"Feature","properties":{},"geometry":{"type":"LineString","coordinates":[[-80.6178,32.2057],[-80.6137,32.1991]]}},{"type":"Feature","properties":{},"geometry":{"type":"LineString","coordinates":[[-80.6178,32.2057],[-80.6182,32.2056]]}},{"type":"Feature","properties":{},"geometry":{"type":"LineString","coordinates":[[-80.6178,32.2057],[-80.6227,32.2121]]}},{"type":"Feature","properties":{},"geometry":{"type":"LineString","coordinates":[[-80.6223,32.2122],[-80.6269,32.2187]]}},{"type":"Feature","properties":{},"geometry":{"type":"LineString","coordinates":[[-80.6223,32.2122],[-80.6174,32.2058]]}},{"type":"Feature","properties":{},"geometry":{"type":"LineString","coordinates":[[-80.6223,32.2122],[-80.6219,32.2123]]}},{"type":"Feature","properties":{},"geometry":{"type":"LineString","coordinates":[[-80.6223,32.2122],[-80.6265,32.2188]]}},{"type":"Feature","properties":{},"geometry":{"type":"LineString","coordinates":[[-80.6223,32.2122],[-80.6186,32.2055]]}},{"type":"Feature","properties":{},"geometry":{"type":"LineString","coordinates":[[-80.6223,32.2122],[-80.6231,32.212]]}},{"type":"Feature","properties":{},"geometry":{"type":"LineString","coordinates":[[-80.6223,32.2122],[-80.6277,32.2185]]}},{"type":"Feature","properties":{},"geometry":{"type":"LineString","coordinates":[[-80.6223,32.2122],[-80.6182,32.2056]]}},{"type":"Feature","properties":{},"geometry":{"type":"LineString","coordinates":[[-80.6223,32.2122],[-80.6227,32.2121]]}},{"type":"Feature","properties":{},"geometry":{"type":"LineString","coordinates":[[-80.6223,32.2122],[-80.6273,32.2186]]}},{"type":"Feature","properties":{},"geometry":{"type":"LineString","coordinates":[[-80.6269,32.2187],[-80.6314,32.2252]]}},{"type":"Feature","properties":{},"geometry":{"type":"LineString","coordinates":[[-80.6269,32.2187],[-80.6219,32.2123]]}},{"type":"Feature","properties":{},"geometry":{"type":"LineString","coordinates":[[-80.6269,32.2187],[-80.6265,32.2188]]}},{"type":"Feature","properties":{},"geometry":{"type":"LineString","coordinates":[[-80.6269,32.2187],[-80.631,32.2253]]}},{"type":"Feature","properties":{},"geometry":{"type":"LineString","coordinates":[[-80.6269,32.2187],[-80.6231,32.212]]}},{"type":"Feature","properties":{},"geometry":{"type":"LineString","coordinates":[[-80.6269,32.2187],[-80.6277,32.2185]]}},{"type":"Feature","properties":{},"geometry":{"type":"LineString","coordinates":[[-80.6269,32.2187],[-80.6322,32.2251]]}},{"type":"Feature","properties":{},"geometry":{"type":"LineString","coordinates":[[-80.6269,32.2187],[-80.6227,32.2121]]}},{"type":"Feature","properties":{},"geometry":{"type":"LineString","coordinates":[[-80.6269,32.2187],[-80.6273,32.2186]]}},{"type":"Feature","properties":{},"geometry":{"type":"LineString","coordinates":[[-80.6269,32.2187],[-80.6318,32.2251]]}},{"type":"Feature","properties":{},"geometry":{"type":"LineString","coordinates":[[-80.6314,32.2252],[-80.6359,32.2317]]}},{"type":"Feature","properties":{},"geometry":{"type":"LineString","coordinates":[[-80.6314,32.2252],[-80.6265,32.2188]]}},{"type":"Feature","properties":{},"geometry":{"type":"LineString","coordinates":[[-80.6314,32.2252],[-80.631,32.2253]]}},{"type":"Feature","properties":{},"geometry":{"type":"LineString","coordinates":[[-80.6314,32.2252],[-80.6355,32.2318]]}},{"type":"Feature","properties":{},"geometry":{"type":"LineString","coordinates":[[-80.6314,32.2252],[-80.6277,32.2185]]}},{"type":"Feature","properties":{},"geometry":{"type":"LineString","coordinates":[[-80.6314,32.2252],[-80.6322,32.2251]]}},{"type":"Feature","properties":{},"geometry":{"type":"LineString","coordinates":[[-80.6314,32.2252],[-80.6368,32.2316]]}},{"type":"Feature","properties":{},"geometry":{"type":"LineString","coordinates":[[-80.6314,32.2252],[-80.6273,32.2186]]}},{"type":"Feature","properties":{},"geometry":{"type":"LineString","coordinates":[[-80.6314,32.2252],[-80.6318,32.2251]]}},{"type":"Feature","properties":{},"geometry":{"type":"LineString","coordinates":[[-80.6314,32.2252],[-80.6363,32.2317]]}},{"type":"Feature","properties":{},"geometry":{"type":"LineString","coordinates":[[-80.6359,32.2317],[-80.6405,32.2383]]}},{"type":"Feature","properties":{},"geometry":{"type":"LineString","coordinates":[[-80.6359,32.2317],[-80.631,32.2253]]}},{"type":"Feature","properties":{},"geometry":{"type":"LineString","coordinates":[[-80.6359,32.2317],[-80.6355,32.2318]]}},{"type":"Feature","properties":{},"geometry":{"type":"LineString","coordinates":[[-80.6359,32.2317],[-80.6401,32.2383]]}},{"type":"Feature","properties":{},"geometry":{"type":"LineString","coordinates":[[-80.6359,32.2317],[-80.6322,32.2251]]}},{"type":"Feature","properties":{},"geometry":{"type":"LineString","coordinates":[[-80.6359,32.2317],[-80.6368,32.2316]]}},{"type":"Feature","properties":{},"geometry":{"type":"LineString","coordinates":[[-80.6359,32.2317],[-80.6413,32.2381]]}},{"type":"Feature","properties":{},"geometry":{"type":"LineString","coordinates":[[-80.6359,32.2317],[-80.6318,32.2251]]}},{"type":"Feature","properties":{},"geometry":{"type":"LineString","coordinates":[[-80.6359,32.2317],[-80.6363,32.2317]]}},{"type":"Feature","properties":{},"geometry":{"type":"LineString","coordinates":[[-80.6359,32.2317],[-80.6409,32.2382]]}},{"type":"Feature","properties":{},"geometry":{"type":"LineString","coordinates":[[-80.6405,32.2383],[-80.645,32.2448]]}},{"type":"Feature","properties":{},"geometry":{"type":"LineString","coordinates":[[-80.6405,32.2383],[-80.6355,32.2318]]}},{"type":"Feature","properties":{},"geometry":{"type":"LineString","coordinates":[[-80.6405,32.2383],[-80.6401,32.2383]]}},{"type":"Feature","properties":{},"geometry":{"type":"LineString","coordinates":[[-80.6405,32.2383],[-80.6446,32.2449]]}},{"type":"Feature","properties":{},"geometry":{"type":"LineString","coordinates":[[-80.6405,32.2383],[-80.6368,32.2316]]}},{"type":"Feature","properties":{},"geometry":{"type":"LineString","coordinates":[[-80.6405,32.2383],[-80.6413,32.2381]]}},{"type":"Feature","properties":{},"geometry":{"type":"LineString","coordinates":[[-80.6405,32.2383],[-80.6458,32.2446]]}},{"type":"Feature","properties":{},"geometry":{"type":"LineString","coordinates":[[-80.6405,32.2383],[-80.6363,32.2317]]}},{"type":"Feature","properties":{},"geometry":{"type":"LineString","coordinates":[[-80.6405,32.2383],[-80.6409,32.2382]]}},{"type":"Feature","properties":{},"geometry":{"type":"LineString","coordinates":[[-80.6405,32.2383],[-80.6454,32.2447]]}},{"type":"Feature","properties":{},"geometry":{"type":"LineString","coordinates":[[-80.645,32.2448],[-80.6495,32.2513]]}},{"type":"Feature","properties":{},"geometry":{"type":"LineString","coordinates":[[-80.645,32.2448],[-80.6401,32.2383]]}},{"type":"Feature","properties":{},"geometry":{"type":"LineString","coordinates":[[-80.645,32.2448],[-80.6446,32.2449]]}},{"type":"Feature","properties":{},"geometry":{"type":"LineString","coordinates":[[-80.645,32.2448],[-80.6491,32.2514]]}},{"type":"Feature","properties":{},"geometry":{"type":"LineString","coordinates":[[-80.645,32.2448],[-80.6413,32.2381]]}},{"type":"Feature","properties":{},"geometry":{"type":"LineString","coordinates":[[-80.645,32.2448],[-80.6458,32.2446]]}},{"type":"Feature","properties":{},"geometry":{"type":"LineString","coordinates":[[-80.645,32.2448],[-80.6504,32.2511]]}},{"type":"Feature","properties":{},"geometry":{"type":"LineString","coordinates":[[-80.645,32.2448],[-80.6409,32.2382]]}},{"type":"Feature","properties":{},"geometry":{"type":"LineString","coordinates":[[-80.645,32.2448],[-80.6454,32.2447]]}},{"type":"Feature","properties":{},"geometry":{"type":"LineString","coordinates":[[-80.645,32.2448],[-80.65,32.2512]]}},{"type":"Feature","properties":{},"geometry":{"type":"LineString","coordinates":[[-80.6495,32.2513],[-80.6541,32.2578]]}},{"type":"Feature","properties":{},"geometry":{"type":"LineString","coordinates":[[-80.6495,32.2513],[-80.6446,32.2449]]}},{"type":"Feature","properties":{},"geometry":{"type":"LineString","coordinates":[[-80.6495,32.2513],[-80.6491,32.2514]]}},{"type":"Feature","properties":{},"geometry":{"type":"LineString","coordinates":[[-80.6495,32.2513],[-80.6536,32.2579]]}},{"type":"Feature","properties":{},"geometry":{"type":"LineString","coordinates":[[-80.6495,32.2513],[-80.6458,32.2446]]}},{"type":"Feature","properties":{},"geometry":{"type":"LineString","coordinates":[[-80.6495,32.2513],[-80.6504,32.2511]]}},{"type":"Feature","properties":{},"geometry":{"type":"LineString","coordinates":[[-80.6495,32.2513],[-80.6549,32.2576]]}},{"type":"Feature","properties":{},"geometry":{"type":"LineString","coordinates":[[-80.6495,32.2513],[-80.6454,32.2447]]}},{"type":"Feature","properties":{},"geometry":{"type":"LineString","coordinates":[[-80.6495,32.2513],[-80.65,32.2512]]}},{"type":"Feature","properties":{},"geometry":{"type":"LineString","coordinates":[[-80.6495,32.2513],[-80.6545,32.2577]]}},{"type":"Feature","properties":{},"geometry":{"type":"LineString","coordinates":[[-80.6541,32.2578],[-80.6567,32.2647]]}},{"type":"Feature","properties":{},"geometry":{"type":"LineString","coordinates":[[-80.6541,32.2578],[-80.6491,32.2514]]}},{"type":"Feature","properties":{},"geometry":{"type":"LineString","coordinates":[[-80.6541,32.2578],[-80.6536,32.2579]]}},{"type":"Feature","properties":{},"geometry":{"type":"LineString","coordinates":[[-80.6541,32.2578],[-80.6555,32.2649]]}},{"type":"Feature","properties":{},"geometry":{"type":"LineString","coordinates":[[-80.6541,32.2578],[-80.6504,32.2511]]}},{"type":"Feature","properties":{},"geometry":{"type":"LineString","coordinates":[[-80.6541,32.2578],[-80.6549,32.2576]]}},{"type":"Feature","properties":{},"geometry":{"type":"LineString","coordinates":[[-80.6541,32.2578],[-80.65,32.2512]]}},{"type":"Feature","properties":{},"geometry":{"type":"LineString","coordinates":[[-80.6541,32.2578],[-80.6545,32.2577]]}},{"type":"Feature","properties":{},"geometry":{"type":"LineString","coordinates":[[-80.6541,32.2578],[-80.6542,32.2804]]}},{"type":"Feature","properties":{},"geometry":{"type":"LineString","coordinates":[[-79.2812,33.3026],[-79.2745,33.2976]]}},{"type":"Feature","properties":{},"geometry":{"type":"LineString","coordinates":[[-79.2812,33.3026],[-79.2856,33.3096]]}},{"type":"Feature","properties":{},"geometry":{"type":"LineString","coordinates":[[-79.2812,33.3026],[-79.2817,33.3024]]}},{"type":"Feature","properties":{},"geometry":{"type":"LineString","coordinates":[[-79.2812,33.3026],[-79.275,33.2975]]}},{"type":"Feature","properties":{},"geometry":{"type":"LineString","coordinates":[[-79.2812,33.3026],[-79.276,33.2973]]}},{"type":"Feature","properties":{},"geometry":{"type":"LineString","coordinates":[[-79.2812,33.3026],[-79.2828,33.3021]]}},{"type":"Feature","properties":{},"geometry":{"type":"LineString","coordinates":[[-79.2812,33.3026],[-79.286,33.3095]]}},{"type":"Feature","properties":{},"geometry":{"type":"LineString","coordinates":[[-79.2812,33.3026],[-79.2854,33.2983]]}},{"type":"Feature","properties":{},"geometry":{"type":"LineString","coordinates":[[-79.2745,33.2976],[-79.2678,33.2927]]}},{"type":"Feature","properties":{},"geometry":{"type":"LineString","coordinates":[[-79.2745,33.2976],[-79.2817,33.3024]]}},{"type":"Feature","properties":{},"geometry":{"type":"LineString","coordinates":[[-79.2745,33.2976],[-79.275,33.2975]]}},{"type":"Feature","properties":{},"geometry":{"type":"LineString","coordinates":[[-79.2745,33.2976],[-79.2683,33.2926]]}},{"type":"Feature","properties":{},"geometry":{"type":"LineString","coordinates":[[-79.2745,33.2976],[-79.2692,33.2924]]}},{"type":"Feature","properties":{},"geometry":{"type":"LineString","coordinates":[[-79.2745,33.2976],[-79.276,33.2973]]}},{"type":"Feature","properties":{},"geometry":{"type":"LineString","coordinates":[[-79.2745,33.2976],[-79.2854,33.2983]]}},{"type":"Feature","properties":{},"geometry":{"type":"LineString","coordinates":[[-79.2678,33.2927],[-79.2612,33.2878]]}},{"type":"Feature","properties":{},"geometry":{"type":"LineString","coordinates":[[-79.2678,33.2927],[-79.275,33.2975]]}},{"type":"Feature","properties":{},"geometry":{"type":"LineString","coordinates":[[-79.2678,33.2927],[-79.2683,33.2926]]}},{"type":"Feature","properties":{},"geometry":{"type":"LineString","coordinates":[[-79.2678,33.2927],[-79.2616,33.2877]]}},{"type":"Feature","properties":{},"geometry":{"type":"LineString","coordinates":[[-79.2678,33.2927],[-79.2625,33.2876]]}},{"type":"Feature","properties":{},"geometry":{"type":"LineString","coordinates":[[-79.2678,33.2927],[-79.2692,33.2924]]}},{"type":"Feature","properties":{},"geometry":{"type":"LineString","coordinates":[[-79.2678,33.2927],[-79.2834,33.2888]]}},{"type":"Feature","properties":{},"geometry":{"type":"LineString","coordinates":[[-79.2612,33.2878],[-79.2545,33.2829]]}},{"type":"Feature","properties":{},"geometry":{"type":"LineString","coordinates":[[-79.2612,33.2878],[-79.2683,33.2926]]}},{"type":"Feature","properties":{},"geometry":{"type":"LineString","coordinates":[[-79.2612,33.2878],[-79.2616,33.2877]]}},{"type":"Feature","properties":{},"geometry":{"type":"LineString","coordinates":[[-79.2612,33.2878],[-79.2549,33.2828]]}},{"type":"Feature","properties":{},"geometry":{"type":"LineString","coordinates":[[-79.2612,33.2878],[-79.2557,33.2827]]}},{"type":"Feature","properties":{},"geometry":{"type":"LineString","coordinates":[[-79.2612,33.2878],[-79.2625,33.2876]]}},{"type":"Feature","properties":{},"geometry":{"type":"LineString","coordinates":[[-79.2545,33.2829],[-79.2478,33.278]]}},{"type":"Feature","properties":{},"geometry":{"type":"LineString","coordinates":[[-79.2545,33.2829],[-79.2616,33.2877]]}},{"type":"Feature","properties":{},"geometry":{"type":"LineString","coordinates":[[-79.2545,33.2829],[-79.2549,33.2828]]}},{"type":"Feature","properties":{},"geometry":{"type":"LineString","coordinates":[[-79.2545,33.2829],[-79.2482,33.2779]]}},{"type":"Feature","properties":{},"geometry":{"type":"LineString","coordinates":[[-79.2545,33.2829],[-79.2489,33.2779]]}},{"type":"Feature","properties":{},"geometry":{"type":"LineString","coordinates":[[-79.2545,33.2829],[-79.2557,33.2827]]}},{"type":"Feature","properties":{},"geometry":{"type":"LineString","coordinates":[[-79.2478,33.278],[-79.2412,33.2731]]}},{"type":"Feature","properties":{},"geometry":{"type":"LineString","coordinates":[[-79.2478,33.278],[-79.2549,33.2828]]}},{"type":"Feature","properties":{},"geometry":{"type":"LineString","coordinates":[[-79.2478,33.278],[-79.2482,33.2779]]}},{"type":"Feature","properties":{},"geometry":{"type":"LineString","coordinates":[[-79.2478,33.278],[-79.2415,33.273]]}},{"type":"Feature","properties":{},"geometry":{"type":"LineString","coordinates":[[-79.2478,33.278],[-79.2421,33.273]]}},{"type":"Feature","properties":{},"geometry":{"type":"LineString","coordinates":[[-79.2478,33.278],[-79.2489,33.2779]]}},{"type":"Feature","properties":{},"geometry":{"type":"LineString","coordinates":[[-79.2412,33.2731],[-79.2345,33.2682]]}},{"type":"Feature","properties":{},"geometry":{"type":"LineString","coordinates":[[-79.2412,33.2731],[-79.2482,33.2779]]}},{"type":"Feature","properties":{},"geometry":{"type":"LineString","coordinates":[[-79.2412,33.2731],[-79.2415,33.273]]}},{"type":"Feature","properties":{},"geometry":{"type":"LineString","coordinates":[[-79.2412,33.2731],[-79.2348,33.2681]]}},{"type":"Feature","properties":{},"geometry":{"type":"LineString","coordinates":[[-79.2412,33.2731],[-79.2353,33.2681]]}},{"type":"Feature","properties":{},"geometry":{"type":"LineString","coordinates":[[-79.2412,33.2731],[-79.2421,33.273]]}},{"type":"Feature","properties":{},"geometry":{"type":"LineString","coordinates":[[-79.2345,33.2682],[-79.2278,33.2633]]}},{"type":"Feature","properties":{},"geometry":{"type":"LineString","coordinates":[[-79.2345,33.2682],[-79.2415,33.273]]}},{"type":"Feature","properties":{},"geometry":{"type":"LineString","coordinates":[[-79.2345,33.2682],[-79.2348,33.2681]]}},{"type":"Feature","properties":{},"geometry":{"type":"LineString","coordinates":[[-79.2345,33.2682],[-79.2281,33.2632]]}},{"type":"Feature","properties":{},"geometry":{"type":"LineString","coordinates":[[-79.2345,33.2682],[-79.2285,33.2633]]}},{"type":"Feature","properties":{},"geometry":{"type":"LineString","coordinates":[[-79.2345,33.2682],[-79.2353,33.2681]]}},{"type":"Feature","properties":{},"geometry":{"type":"LineString","coordinates":[[-79.2278,33.2633],[-79.2211,33.2584]]}},{"type":"Feature","properties":{},"geometry":{"type":"LineString","coordinates":[[-79.2278,33.2633],[-79.2348,33.2681]]}},{"type":"Feature","properties":{},"geometry":{"type":"LineString","coordinates":[[-79.2278,33.2633],[-79.2281,33.2632]]}},{"type":"Feature","properties":{},"geometry":{"type":"LineString","coordinates":[[-79.2278,33.2633],[-79.2214,33.2584]]}},{"type":"Feature","properties":{},"geometry":{"type":"LineString","coordinates":[[-79.2278,33.2633],[-79.2217,33.2584]]}},{"type":"Feature","properties":{},"geometry":{"type":"LineString","coordinates":[[-79.2278,33.2633],[-79.2285,33.2633]]}},{"type":"Feature","properties":{},"geometry":{"type":"LineString","coordinates":[[-79.2211,33.2584],[-79.2145,33.2535]]}},{"type":"Feature","properties":{},"geometry":{"type":"LineString","coordinates":[[-79.2211,33.2584],[-79.2281,33.2632]]}},{"type":"Feature","properties":{},"geometry":{"type":"LineString","coordinates":[[-79.2211,33.2584],[-79.2214,33.2584]]}},{"type":"Feature","properties":{},"geometry":{"type":"LineString","coordinates":[[-79.2211,33.2584],[-79.2147,33.2535]]}},{"type":"Feature","properties":{},"geometry":{"type":"LineString","coordinates":[[-79.2211,33.2584],[-79.2149,33.2536]]}},{"type":"Feature","properties":{},"geometry":{"type":"LineString","coordinates":[[-79.2211,33.2584],[-79.2217,33.2584]]}},{"type":"Feature","properties":{},"geometry":{"type":"LineString","coordinates":[[-79.2145,33.2535],[-79.2214,33.2584]]}},{"type":"Feature","properties":{},"geometry":{"type":"LineString","coordinates":[[-79.2145,33.2535],[-79.2147,33.2535]]}},{"type":"Feature","properties":{},"geometry":{"type":"LineString","coordinates":[[-79.2145,33.2535],[-79.2079,33.2484]]}},{"type":"Feature","properties":{},"geometry":{"type":"LineString","coordinates":[[-79.2145,33.2535],[-79.2149,33.2536]]}},{"type":"Feature","properties":{},"geometry":{"type":"LineString","coordinates":[[-80.9891,32.091],[-80.9848,32.0824]]}},{"type":"Feature","properties":{},"geometry":{"type":"LineString","coordinates":[[-80.9891,32.091],[-80.9922,32.0949]]}},{"type":"Feature","properties":{},"geometry":{"type":"LineString","coordinates":[[-80.9891,32.091],[-80.9925,32.0904]]}},{"type":"Feature","properties":{},"geometry":{"type":"LineString","coordinates":[[-80.9891,32.091],[-80.9883,32.0846]]}},{"type":"Feature","properties":{},"geometry":{"type":"LineString","coordinates":[[-80.9891,32.091],[-80.9916,32.0911]]}},{"type":"Feature","properties":{},"geometry":{"type":"LineString","coordinates":[[-80.9891,32.091],[-80.9876,32.0853]]}},{"type":"Feature","properties":{},"geometry":{"type":"LineString","coordinates":[[-80.9891,32.091],[-80.9895,32.0849]]}},{"type":"Feature","properties":{},"geometry":{"type":"LineString","coordinates":[[-80.9891,32.091],[-80.9928,32.0914]]}},{"type":"Feature","properties":{},"geometry":{"type":"LineString","coordinates":[[-80.9891,32.091],[-80.9912,32.0914]]}},{"type":"Feature","properties":{},"geometry":{"type":"LineString","coordinates":[[-80.9891,32.091],[-80.9872,32.0857]]}},{"type":"Feature","properties":{},"geometry":{"type":"LineString","coordinates":[[-80.9848,32.0824],[-80.9883,32.0846]]}},{"type":"Feature","properties":{},"geometry":{"type":"LineString","coordinates":[[-80.9848,32.0824],[-80.9843,32.0789]]}},{"type":"Feature","properties":{},"geometry":{"type":"LineString","coordinates":[[-80.9848,32.0824],[-80.9876,32.0853]]}},{"type":"Feature","properties":{},"geometry":{"type":"LineString","coordinates":[[-80.9848,32.0824],[-80.9836,32.0796]]}},{"type":"Feature","properties":{},"geometry":{"type":"LineString","coordinates":[[-80.9848,32.0824],[-80.9895,32.0849]]}},{"type":"Feature","properties":{},"geometry":{"type":"LineString","coordinates":[[-80.9848,32.0824],[-80.9872,32.0857]]}},{"type":"Feature","properties":{},"geometry":{"type":"LineString","coordinates":[[-80.9848,32.0824],[-80.9833,32.08]]}},{"type":"Feature","properties":{},"geometry":{"type":"LineString","coordinates":[[-80.9848,32.0824],[-80.9812,32.0769]]}},{"type":"Feature","properties":{},"geometry":{"type":"LineString","coordinates":[[-79.9658,32.881],[-79.9644,32.8876]]}},{"type":"Feature","properties":{},"geometry":{"type":"LineString","coordinates":[[-79.9658,32.881],[-79.9653,32.881]]}},{"type":"Feature","properties":{},"geometry":{"type":"LineString","coordinates":[[-79.9658,32.881],[-79.9649,32.8877]]}},{"type":"Feature","properties":{},"geometry":{"type":"LineString","coordinates":[[-79.9658,32.881],[-79.9654,32.8878]]}},{"type":"Feature","properties":{},"geometry":{"type":"LineString","coordinates":[[-79.9649,32.874],[-79.9644,32.8741]]}},{"type":"Feature","properties":{},"geometry":{"type":"LineString","coordinates":[[-79.9649,32.874],[-79.9614,32.8676]]}},{"type":"Feature","properties":{},"geometry":{"type":"LineString","coordinates":[[-79.9649,32.874],[-79.9618,32.8673]]}},{"type":"Feature","properties":{},"geometry":{"type":"LineString","coordinates":[[-80.6946,32.3716],[-80.6886,32.3688]]}},{"type":"Feature","properties":{},"geometry":{"type":"LineString","coordinates":[[-80.6946,32.3716],[-80.6937,32.3725]]}},{"type":"Feature","properties":{},"geometry":{"type":"LineString","coordinates":[[-80.6946,32.3716],[-80.6884,32.369]]}},{"type":"Feature","properties":{},"geometry":{"type":"LineString","coordinates":[[-80.6946,32.3716],[-80.694,32.3722]]}},{"type":"Feature","properties":{},"geometry":{"type":"LineString","coordinates":[[-80.6946,32.3716],[-80.6831,32.3669]]}},{"type":"Feature","properties":{},"geometry":{"type":"LineString","coordinates":[[-79.9268,32.7991],[-79.9263,32.7964]]}},{"type":"Feature","properties":{},"geometry":{"type":"LineString","coordinates":[[-79.9268,32.7991],[-79.9294,32.8023]]}},{"type":"Feature","properties":{},"geometry":{"type":"LineString","coordinates":[[-79.9268,32.7991],[-79.9265,32.7994]]}},{"type":"Feature","properties":{},"geometry":{"type":"LineString","coordinates":[[-79.9268,32.7991],[-79.9267,32.7993]]}},{"type":"Feature","properties":{},"geometry":{"type":"LineString","coordinates":[[-79.9268,32.7991],[-79.9264,32.7995]]}},{"type":"Feature","properties":{},"geometry":{"type":"LineString","coordinates":[[-79.9268,32.7991],[-79.9293,32.8006]]}},{"type":"Feature","properties":{},"geometry":{"type":"LineString","coordinates":[[-79.9268,32.7991],[-79.929,32.8007]]}},{"type":"Feature","properties":{},"geometry":{"type":"LineString","coordinates":[[-80.6848,32.4587],[-80.6926,32.4567]]}},{"type":"Feature","properties":{},"geometry":{"type":"LineString","coordinates":[[-80.6848,32.4587],[-80.699,32.454]]}},{"type":"Feature","properties":{},"geometry":{"type":"LineString","coordinates":[[-80.6848,32.4587],[-80.6873,32.4562]]}},{"type":"Feature","properties":{},"geometry":{"type":"LineString","coordinates":[[-81.047,32.0794],[-81.0416,32.0815]]}},{"type":"Feature","properties":{},"geometry":{"type":"LineString","coordinates":[[-81.047,32.0794],[-81.0489,32.0803]]}},{"type":"Feature","properties":{},"geometry":{"type":"LineString","coordinates":[[-81.047,32.0794],[-81.0472,32.0796]]}},{"type":"Feature","properties":{},"geometry":{"type":"LineString","coordinates":[[-81.047,32.0794],[-81.0415,32.0811]]}},{"type":"Feature","properties":{},"geometry":{"type":"LineString","coordinates":[[-81.047,32.0794],[-81.0491,32.0811]]}},{"type":"Feature","properties":{},"geometry":{"type":"LineString","coordinates":[[-81.047,32.0794],[-81.0419,32.0823]]}},{"type":"Feature","properties":{},"geometry":{"type":"LineString","coordinates":[[-81.155,32.1561],[-81.1518,32.1537]]}},{"type":"Feature","properties":{},"geometry":{"type":"LineString","coordinates":[[-81.155,32.1561],[-81.154,32.1584]]}},{"type":"Feature","properties":{},"geometry":{"type":"LineString","coordinates":[[-81.155,32.1561],[-81.1551,32.1581]]}},{"type":"Feature","properties":{},"geometry":{"type":"LineString","coordinates":[[-81.155,32.1561],[-81.1508,32.1539]]}},{"type":"Feature","properties":{},"geometry":{"type":"LineString","coordinates":[[-81.155,32.1561],[-81.1511,32.1539]]}},{"type":"Feature","properties":{},"geometry":{"type":"LineString","coordinates":[[-81.155,32.1561],[-81.1548,32.1582]]}},{"type":"Feature","properties":{},"geometry":{"type":"LineString","coordinates":[[-81.1178,32.1061],[-81.1123,32.1012]]}},{"type":"Feature","properties":{},"geometry":{"type":"LineString","coordinates":[[-81.1178,32.1061],[-81.1238,32.1107]]}},{"type":"Feature","properties":{},"geometry":{"type":"LineString","coordinates":[[-81.1178,32.1061],[-81.1182,32.1059]]}},{"type":"Feature","properties":{},"geometry":{"type":"LineString","coordinates":[[-81.1178,32.1061],[-81.1126,32.101]]}},{"type":"Feature","properties":{},"geometry":{"type":"LineString","coordinates":[[-81.1178,32.1061],[-81.1189,32.1054]]}},{"type":"Feature","properties":{},"geometry":{"type":"LineString","coordinates":[[-81.1178,32.1061],[-81.1133,32.1005]]}},{"type":"Feature","properties":{},"geometry":{"type":"LineString","coordinates":[[-81.1178,32.1061],[-81.1235,32.1109]]}},{"type":"Feature","properties":{},"geometry":{"type":"LineString","coordinates":[[-81.1123,32.1012],[-81.1068,32.0963]]}},{"type":"Feature","properties":{},"geometry":{"type":"LineString","coordinates":[[-81.1123,32.1012],[-81.1182,32.1059]]}},{"type":"Feature","properties":{},"geometry":{"type":"LineString","coordinates":[[-81.1123,32.1012],[-81.1126,32.101]]}},{"type":"Feature","properties":{},"geometry":{"type":"LineString","coordinates":[[-81.1123,32.1012],[-81.107,32.0961]]}},{"type":"Feature","properties":{},"geometry":{"type":"LineString","coordinates":[[-81.1123,32.1012],[-81.111,32.0974]]}},{"type":"Feature","properties":{},"geometry":{"type":"LineString","coordinates":[[-81.1123,32.1012],[-81.1133,32.1005]]}},{"type":"Feature","properties":{},"geometry":{"type":"LineString","coordinates":[[-81.1123,32.1012],[-81.1076,32.0956]]}},{"type":"Feature","properties":{},"geometry":{"type":"LineString","coordinates":[[-81.1123,32.1012],[-81.1087,32.0962]]}},{"type":"Feature","properties":{},"geometry":{"type":"LineString","coordinates":[[-81.1068,32.0963],[-81.1013,32.0915]]}},{"type":"Feature","properties":{},"geometry":{"type":"LineString","coordinates":[[-81.1068,32.0963],[-81.107,32.0961]]}},{"type":"Feature","properties":{},"geometry":{"type":"LineString","coordinates":[[-81.1068,32.0963],[-81.1015,32.0913]]}},{"type":"Feature","properties":{},"geometry":{"type":"LineString","coordinates":[[-81.1068,32.0963],[-81.111,32.0974]]}},{"type":"Feature","properties":{},"geometry":{"type":"LineString","coordinates":[[-81.1068,32.0963],[-81.1076,32.0956]]}},{"type":"Feature","properties":{},"geometry":{"type":"LineString","coordinates":[[-81.1068,32.0963],[-81.102,32.0907]]}},{"type":"Feature","properties":{},"geometry":{"type":"LineString","coordinates":[[-81.1068,32.0963],[-81.1087,32.0962]]}},{"type":"Feature","properties":{},"geometry":{"type":"LineString","coordinates":[[-81.1013,32.0915],[-81.0956,32.0854]]}},{"type":"Feature","properties":{},"geometry":{"type":"LineString","coordinates":[[-81.1013,32.0915],[-81.107,32.0961]]}},{"type":"Feature","properties":{},"geometry":{"type":"LineString","coordinates":[[-81.1013,32.0915],[-81.1015,32.0913]]}},{"type":"Feature","properties":{},"geometry":{"type":"LineString","coordinates":[[-81.1013,32.0915],[-81.1076,32.0956]]}},{"type":"Feature","properties":{},"geometry":{"type":"LineString","coordinates":[[-81.1013,32.0915],[-81.102,32.0907]]}},{"type":"Feature","properties":{},"geometry":{"type":"LineString","coordinates":[[-81.1013,32.0915],[-81.0952,32.0861]]}},{"type":"Feature","properties":{},"geometry":{"type":"LineString","coordinates":[[-79.2803,33.3422],[-79.2827,33.3345]]}},{"type":"Feature","properties":{},"geometry":{"type":"LineString","coordinates":[[-79.2803,33.3422],[-79.2784,33.3492]]}},{"type":"Feature","properties":{},"geometry":{"type":"LineString","coordinates":[[-79.2803,33.3422],[-79.2789,33.3493]]}},{"type":"Feature","properties":{},"geometry":{"type":"LineString","coordinates":[[-79.2803,33.3422],[-79.2787,33.3423]]}},{"type":"Feature","properties":{},"geometry":{"type":"LineString","coordinates":[[-79.2803,33.3422],[-79.2812,33.3346]]}},{"type":"Feature","properties":{},"geometry":{"type":"LineString","coordinates":[[-79.2803,33.3422],[-79.2793,33.3423]]}},{"type":"Feature","properties":{},"geometry":{"type":"LineString","coordinates":[[-79.2803,33.3422],[-79.2817,33.3346]]}},{"type":"Feature","properties":{},"geometry":{"type":"LineString","coordinates":[[-79.2803,33.3422],[-79.28,33.3494]]}},{"type":"Feature","properties":{},"geometry":{"type":"LineString","coordinates":[[-79.2803,33.3422],[-79.2798,33.3414]]}},{"type":"Feature","properties":{},"geometry":{"type":"LineString","coordinates":[[-79.2827,33.3345],[-79.285,33.3268]]}},{"type":"Feature","properties":{},"geometry":{"type":"LineString","coordinates":[[-79.2827,33.3345],[-79.2812,33.3346]]}},{"type":"Feature","properties":{},"geometry":{"type":"LineString","coordinates":[[-79.2827,33.3345],[-79.2836,33.3269]]}},{"type":"Feature","properties":{},"geometry":{"type":"LineString","coordinates":[[-79.2827,33.3345],[-79.2793,33.3423]]}},{"type":"Feature","properties":{},"geometry":{"type":"LineString","coordinates":[[-79.2827,33.3345],[-79.2817,33.3346]]}},{"type":"Feature","properties":{},"geometry":{"type":"LineString","coordinates":[[-79.2827,33.3345],[-79.2841,33.3269]]}},{"type":"Feature","properties":{},"geometry":{"type":"LineString","coordinates":[[-79.2827,33.3345],[-79.2831,33.3347]]}},{"type":"Feature","properties":{},"geometry":{"type":"LineString","coordinates":[[-79.285,33.3268],[-79.2874,33.3191]]}},{"type":"Feature","properties":{},"geometry":{"type":"LineString","coordinates":[[-79.285,33.3268],[-79.2836,33.3269]]}},{"type":"Feature","properties":{},"geometry":{"type":"LineString","coordinates":[[-79.285,33.3268],[-79.2861,33.3192]]}},{"type":"Feature","properties":{},"geometry":{"type":"LineString","coordinates":[[-79.285,33.3268],[-79.2817,33.3346]]}},{"type":"Feature","properties":{},"geometry":{"type":"LineString","coordinates":[[-79.285,33.3268],[-79.2841,33.3269]]}},{"type":"Feature","properties":{},"geometry":{"type":"LineString","coordinates":[[-79.285,33.3268],[-79.2865,33.3191]]}},{"type":"Feature","properties":{},"geometry":{"type":"LineString","coordinates":[[-79.285,33.3268],[-79.2861,33.3278]]}},{"type":"Feature","properties":{},"geometry":{"type":"LineString","coordinates":[[-79.2874,33.3191],[-79.2856,33.3096]]}},{"type":"Feature","properties":{},"geometry":{"type":"LineString","coordinates":[[-79.2874,33.3191],[-79.286,33.3095]]}},{"type":"Feature","properties":{},"geometry":{"type":"LineString","coordinates":[[-79.2874,33.3191],[-79.2836,33.3269]]}},{"type":"Feature","properties":{},"geometry":{"type":"LineString","coordinates":[[-79.2874,33.3191],[-79.2861,33.3192]]}},{"type":"Feature","properties":{},"geometry":{"type":"LineString","coordinates":[[-79.2874,33.3191],[-79.2841,33.3269]]}},{"type":"Feature","properties":{},"geometry":{"type":"LineString","coordinates":[[-79.2874,33.3191],[-79.2865,33.3191]]}},{"type":"Feature","properties":{},"geometry":{"type":"LineString","coordinates":[[-79.2874,33.3191],[-79.2881,33.318]]}},{"type":"Feature","properties":{},"geometry":{"type":"LineString","coordinates":[[-81.142,32.1399],[-81.1414,32.1348]]}},{"type":"Feature","properties":{},"geometry":{"type":"LineString","coordinates":[[-81.142,32.1399],[-81.1418,32.1448]]}},{"type":"Feature","properties":{},"geometry":{"type":"LineString","coordinates":[[-81.142,32.1399],[-81.1408,32.1349]]}},{"type":"Feature","properties":{},"geometry":{"type":"LineString","coordinates":[[-81.142,32.1399],[-81.1414,32.1448]]}},{"type":"Feature","properties":{},"geometry":{"type":"LineString","coordinates":[[-81.142,32.1399],[-81.1424,32.1447]]}},{"type":"Feature","properties":{},"geometry":{"type":"LineString","coordinates":[[-81.142,32.1399],[-81.1427,32.1399]]}},{"type":"Feature","properties":{},"geometry":{"type":"LineString","coordinates":[[-81.142,32.1399],[-81.1417,32.1399]]}},{"type":"Feature","properties":{},"geometry":{"type":"LineString","coordinates":[[-81.142,32.1399],[-81.1412,32.1414]]}},{"type":"Feature","properties":{},"geometry":{"type":"LineString","coordinates":[[-81.142,32.1399],[-81.1405,32.1349]]}},{"type":"Feature","properties":{},"geometry":{"type":"LineString","coordinates":[[-81.142,32.1399],[-81.1421,32.1447]]}},{"type":"Feature","properties":{},"geometry":{"type":"LineString","coordinates":[[-80.7796,31.9896],[-80.7721,31.9873]]}},{"type":"Feature","properties":{},"geometry":{"type":"LineString","coordinates":[[-80.7796,31.9896],[-80.7857,31.9965]]}},{"type":"Feature","properties":{},"geometry":{"type":"LineString","coordinates":[[-80.7796,31.9896],[-80.7854,31.9968]]}},{"type":"Feature","properties":{},"geometry":{"type":"LineString","coordinates":[[-80.7796,31.9896],[-80.7804,31.9888]]}},{"type":"Feature","properties":{},"geometry":{"type":"LineString","coordinates":[[-80.7796,31.9896],[-80.7728,31.9866]]}},{"type":"Feature","properties":{},"geometry":{"type":"LineString","coordinates":[[-80.7796,31.9896],[-80.7861,31.9962]]}},{"type":"Feature","properties":{},"geometry":{"type":"LineString","coordinates":[[-80.7796,31.9896],[-80.785,31.9972]]}},{"type":"Feature","properties":{},"geometry":{"type":"LineString","coordinates":[[-80.7721,31.9873],[-80.7645,31.985]]}},{"type":"Feature","properties":{},"geometry":{"type":"LineString","coordinates":[[-80.7721,31.9873],[-80.7804,31.9888]]}},{"type":"Feature","properties":{},"geometry":{"type":"LineString","coordinates":[[-80.7721,31.9873],[-80.7728,31.9866]]}},{"type":"Feature","properties":{},"geometry":{"type":"LineString","coordinates":[[-80.7721,31.9873],[-80.7653,31.9843]]}},{"type":"Feature","properties":{},"geometry":{"type":"LineString","coordinates":[[-80.7645,31.985],[-80.757,31.9827]]}},{"type":"Feature","properties":{},"geometry":{"type":"LineString","coordinates":[[-80.7645,31.985],[-80.7728,31.9866]]}},{"type":"Feature","properties":{},"geometry":{"type":"LineString","coordinates":[[-80.7645,31.985],[-80.7653,31.9843]]}},{"type":"Feature","properties":{},"geometry":{"type":"LineString","coordinates":[[-80.7645,31.985],[-80.7577,31.982]]}},{"type":"Feature","properties":{},"geometry":{"type":"LineString","coordinates":[[-80.757,31.9827],[-80.7494,31.9805]]}},{"type":"Feature","properties":{},"geometry":{"type":"LineString","coordinates":[[-80.757,31.9827],[-80.7653,31.9843]]}},{"type":"Feature","properties":{},"geometry":{"type":"LineString","coordinates":[[-80.757,31.9827],[-80.7577,31.982]]}},{"type":"Feature","properties":{},"geometry":{"type":"LineString","coordinates":[[-80.757,31.9827],[-80.7501,31.9797]]}},{"type":"Feature","properties":{},"geometry":{"type":"LineString","coordinates":[[-80.7494,31.9805],[-80.7418,31.9781]]}},{"type":"Feature","properties":{},"geometry":{"type":"LineString","coordinates":[[-80.7494,31.9805],[-80.7577,31.982]]}},{"type":"Feature","properties":{},"geometry":{"type":"LineString","coordinates":[[-80.7494,31.9805],[-80.7501,31.9797]]}},{"type":"Feature","properties":{},"geometry":{"type":"LineString","coordinates":[[-80.7494,31.9805],[-80.7425,31.9774]]}},{"type":"Feature","properties":{},"geometry":{"type":"LineString","coordinates":[[-80.7418,31.9781],[-80.7343,31.9759]]}},{"type":"Feature","properties":{},"geometry":{"type":"LineString","coordinates":[[-80.7418,31.9781],[-80.7501,31.9797]]}},{"type":"Feature","properties":{},"geometry":{"type":"LineString","coordinates":[[-80.7418,31.9781],[-80.7425,31.9774]]}},{"type":"Feature","properties":{},"geometry":{"type":"LineString","coordinates":[[-80.7418,31.9781],[-80.7349,31.9751]]}},{"type":"Feature","properties":{},"geometry":{"type":"LineString","coordinates":[[-80.7343,31.9759],[-80.7425,31.9774]]}},{"type":"Feature","properties":{},"geometry":{"type":"LineString","coordinates":[[-80.7343,31.9759],[-80.7349,31.9751]]}},{"type":"Feature","properties":{},"geometry":{"type":"LineString","coordinates":[[-80.7041,31.9667],[-80.6965,31.9644]]}},{"type":"Feature","properties":{},"geometry":{"type":"LineString","coordinates":[[-80.7041,31.9667],[-80.7046,31.9659]]}},{"type":"Feature","properties":{},"geometry":{"type":"LineString","coordinates":[[-80.7041,31.9667],[-80.6971,31.9636]]}},{"type":"Feature","properties":{},"geometry":{"type":"LineString","coordinates":[[-80.6965,31.9644],[-80.689,31.9621]]}},{"type":"Feature","properties":{},"geometry":{"type":"LineString","coordinates":[[-80.6965,31.9644],[-80.7046,31.9659]]}},{"type":"Feature","properties":{},"geometry":{"type":"LineString","coordinates":[[-80.6965,31.9644],[-80.6971,31.9636]]}},{"type":"Feature","properties":{},"geometry":{"type":"LineString","coordinates":[[-80.6965,31.9644],[-80.6895,31.9613]]}},{"type":"Feature","properties":{},"geometry":{"type":"LineString","coordinates":[[-80.689,31.9621],[-80.6814,31.9598]]}},{"type":"Feature","properties":{},"geometry":{"type":"LineString","coordinates":[[-80.689,31.9621],[-80.6971,31.9636]]}},{"type":"Feature","properties":{},"geometry":{"type":"LineString","coordinates":[[-80.689,31.9621],[-80.6895,31.9613]]}},{"type":"Feature","properties":{},"geometry":{"type":"LineString","coordinates":[[-80.689,31.9621],[-80.6819,31.959]]}},{"type":"Feature","properties":{},"geometry":{"type":"LineString","coordinates":[[-80.6814,31.9598],[-80.6739,31.9575]]}},{"type":"Feature","properties":{},"geometry":{"type":"LineString","coordinates":[[-80.6814,31.9598],[-80.6895,31.9613]]}},{"type":"Feature","properties":{},"geometry":{"type":"LineString","coordinates":[[-80.6814,31.9598],[-80.6819,31.959]]}},{"type":"Feature","properties":{},"geometry":{"type":"LineString","coordinates":[[-80.6814,31.9598],[-80.6743,31.9567]]}},{"type":"Feature","properties":{},"geometry":{"type":"LineString","coordinates":[[-80.6739,31.9575],[-80.6663,31.9552]]}},{"type":"Feature","properties":{},"geometry":{"type":"LineString","coordinates":[[-80.6739,31.9575],[-80.6819,31.959]]}},{"type":"Feature","properties":{},"geometry":{"type":"LineString","coordinates":[[-80.6739,31.9575],[-80.6743,31.9567]]}},{"type":"Feature","properties":{},"geometry":{"type":"LineString","coordinates":[[-80.6739,31.9575],[-80.6667,31.9544]]}},{"type":"Feature","properties":{},"geometry":{"type":"LineString","coordinates":[[-80.6663,31.9552],[-80.6588,31.9529]]}},{"type":"Feature","properties":{},"geometry":{"type":"LineString","coordinates":[[-80.6663,31.9552],[-80.6743,31.9567]]}},{"type":"Feature","properties":{},"geometry":{"type":"LineString","coordinates":[[-80.6663,31.9552],[-80.6667,31.9544]]}},{"type":"Feature","properties":{},"geometry":{"type":"LineString","coordinates":[[-80.6663,31.9552],[-80.6591,31.9521]]}},{"type":"Feature","properties":{},"geometry":{"type":"LineString","coordinates":[[-80.6588,31.9529],[-80.6512,31.9506]]}},{"type":"Feature","properties":{},"geometry":{"type":"LineString","coordinates":[[-80.6588,31.9529],[-80.6667,31.9544]]}},{"type":"Feature","properties":{},"geometry":{"type":"LineString","coordinates":[[-80.6588,31.9529],[-80.6591,31.9521]]}},{"type":"Feature","properties":{},"geometry":{"type":"LineString","coordinates":[[-80.6588,31.9529],[-80.6516,31.9498]]}},{"type":"Feature","properties":{},"geometry":{"type":"LineString","coordinates":[[-80.6512,31.9506],[-80.6436,31.9483]]}},{"type":"Feature","properties":{},"geometry":{"type":"LineString","coordinates":[[-80.6512,31.9506],[-80.6591,31.9521]]}},{"type":"Feature","properties":{},"geometry":{"type":"LineString","coordinates":[[-80.6512,31.9506],[-80.6516,31.9498]]}},{"type":"Feature","properties":{},"geometry":{"type":"LineString","coordinates":[[-80.6512,31.9506],[-80.644,31.9475]]}},{"type":"Feature","properties":{},"geometry":{"type":"LineString","coordinates":[[-80.6436,31.9483],[-80.6361,31.946]]}},{"type":"Feature","properties":{},"geometry":{"type":"LineString","coordinates":[[-80.6436,31.9483],[-80.6516,31.9498]]}},{"type":"Feature","properties":{},"geometry":{"type":"LineString","coordinates":[[-80.6436,31.9483],[-80.644,31.9475]]}},{"type":"Feature","properties":{},"geometry":{"type":"LineString","coordinates":[[-80.6436,31.9483],[-80.6364,31.9452]]}},{"type":"Feature","properties":{},"geometry":{"type":"LineString","coordinates":[[-80.6361,31.946],[-80.6285,31.9437]]}},{"type":"Feature","properties":{},"geometry":{"type":"LineString","coordinates":[[-80.6361,31.946],[-80.644,31.9475]]}},{"type":"Feature","properties":{},"geometry":{"type":"LineString","coordinates":[[-80.6361,31.946],[-80.6364,31.9452]]}},{"type":"Feature","properties":{},"geometry":{"type":"LineString","coordinates":[[-80.6361,31.946],[-80.6288,31.9429]]}},{"type":"Feature","properties":{},"geometry":{"type":"LineString","coordinates":[[-80.6285,31.9437],[-80.6364,31.9452]]}},{"type":"Feature","properties":{},"geometry":{"type":"LineString","coordinates":[[-80.6285,31.9437],[-80.6288,31.9429]]}},{"type":"Feature","properties":{},"geometry":{"type":"LineString","coordinates":[[-79.2874,33.3593],[-79.2918,33.3583]]}},{"type":"Feature","properties":{},"geometry":{"type":"LineString","coordinates":[[-79.2874,33.3593],[-79.2916,33.3578]]}},{"type":"Feature","properties":{},"geometry":{"type":"LineString","coordinates":[[-79.2874,33.3593],[-79.2914,33.3573]]}},{"type":"Feature","properties":{},"geometry":{"type":"LineString","coordinates":[[-79.2874,33.3593],[-79.2838,33.3568]]}},{"type":"Feature","properties":{},"geometry":{"type":"LineString","coordinates":[[-79.2874,33.3593],[-79.2872,33.3586]]}},{"type":"Feature","properties":{},"geometry":{"type":"LineString","coordinates":[[-81.0956,32.0854],[-81.0872,32.0822]]}},{"type":"Feature","properties":{},"geometry":{"type":"LineString","coordinates":[[-81.0956,32.0854],[-81.1015,32.0913]]}},{"type":"Feature","properties":{},"geometry":{"type":"LineString","coordinates":[[-81.0956,32.0854],[-81.0891,32.0861]]}},{"type":"Feature","properties":{},"geometry":{"type":"LineString","coordinates":[[-81.0956,32.0854],[-81.102,32.0907]]}},{"type":"Feature","properties":{},"geometry":{"type":"LineString","coordinates":[[-81.0956,32.0854],[-81.0952,32.0861]]}},{"type":"Feature","properties":{},"geometry":{"type":"LineString","coordinates":[[-81.0872,32.0822],[-81.0788,32.0791]]}},{"type":"Feature","properties":{},"geometry":{"type":"LineString","coordinates":[[-81.0872,32.0822],[-81.0891,32.0861]]}},{"type":"Feature","properties":{},"geometry":{"type":"LineString","coordinates":[[-81.0872,32.0822],[-81.0952,32.0861]]}},{"type":"Feature","properties":{},"geometry":{"type":"LineString","coordinates":[[-81.0872,32.0822],[-81.0869,32.0829]]}},{"type":"Feature","properties":{},"geometry":{"type":"LineString","coordinates":[[-81.0872,32.0822],[-81.0787,32.0798]]}},{"type":"Feature","properties":{},"geometry":{"type":"LineString","coordinates":[[-81.0788,32.0791],[-81.0707,32.0792]]}},{"type":"Feature","properties":{},"geometry":{"type":"LineString","coordinates":[[-81.0788,32.0791],[-81.0707,32.08]]}},{"type":"Feature","properties":{},"geometry":{"type":"LineString","coordinates":[[-81.0788,32.0791],[-81.0787,32.0798]]}},{"type":"Feature","properties":{},"geometry":{"type":"LineString","coordinates":[[-81.0416,32.0815],[-81.0342,32.0844]]}},{"type":"Feature","properties":{},"geometry":{"type":"LineString","coordinates":[[-81.0416,32.0815],[-81.0489,32.0803]]}},{"type":"Feature","properties":{},"geometry":{"type":"LineString","coordinates":[[-81.0416,32.0815],[-81.0472,32.0796]]}},{"type":"Feature","properties":{},"geometry":{"type":"LineString","coordinates":[[-81.0416,32.0815],[-81.0415,32.0811]]}},{"type":"Feature","properties":{},"geometry":{"type":"LineString","coordinates":[[-81.0416,32.0815],[-81.034,32.0841]]}},{"type":"Feature","properties":{},"geometry":{"type":"LineString","coordinates":[[-81.0416,32.0815],[-81.0491,32.0811]]}},{"type":"Feature","properties":{},"geometry":{"type":"LineString","coordinates":[[-81.0416,32.0815],[-81.0419,32.0823]]}},{"type":"Feature","properties":{},"geometry":{"type":"LineString","coordinates":[[-81.0416,32.0815],[-81.0346,32.0852]]}},{"type":"Feature","properties":{},"geometry":{"type":"LineString","coordinates":[[-81.0342,32.0844],[-81.0267,32.0874]]}},{"type":"Feature","properties":{},"geometry":{"type":"LineString","coordinates":[[-81.0342,32.0844],[-81.0415,32.0811]]}},{"type":"Feature","properties":{},"geometry":{"type":"LineString","coordinates":[[-81.0342,32.0844],[-81.034,32.0841]]}},{"type":"Feature","properties":{},"geometry":{"type":"LineString","coordinates":[[-81.0342,32.0844],[-81.0264,32.0871]]}},{"type":"Feature","properties":{},"geometry":{"type":"LineString","coordinates":[[-81.0342,32.0844],[-81.0419,32.0823]]}},{"type":"Feature","properties":{},"geometry":{"type":"LineString","coordinates":[[-81.0342,32.0844],[-81.0346,32.0852]]}},{"type":"Feature","properties":{},"geometry":{"type":"LineString","coordinates":[[-81.0342,32.0844],[-81.0273,32.0881]]}},{"type":"Feature","properties":{},"geometry":{"type":"LineString","coordinates":[[-81.0267,32.0874],[-81.034,32.0841]]}},{"type":"Feature","properties":{},"geometry":{"type":"LineString","coordinates":[[-81.0267,32.0874],[-81.0264,32.0871]]}},{"type":"Feature","properties":{},"geometry":{"type":"LineString","coordinates":[[-81.0267,32.0874],[-81.0196,32.0937]]}},{"type":"Feature","properties":{},"geometry":{"type":"LineString","coordinates":[[-81.0267,32.0874],[-81.0346,32.0852]]}},{"type":"Feature","properties":{},"geometry":{"type":"LineString","coordinates":[[-81.0267,32.0874],[-81.0273,32.0881]]}},{"type":"Feature","properties":{},"geometry":{"type":"LineString","coordinates":[[-80.6567,32.2647],[-80.6558,32.2724]]}},{"type":"Feature","properties":{},"geometry":{"type":"LineString","coordinates":[[-80.6567,32.2647],[-80.6536,32.2579]]}},{"type":"Feature","properties":{},"geometry":{"type":"LineString","coordinates":[[-80.6567,32.2647],[-80.6547,32.2726]]}},{"type":"Feature","properties":{},"geometry":{"type":"LineString","coordinates":[[-80.6567,32.2647],[-80.6555,32.2649]]}},{"type":"Feature","properties":{},"geometry":{"type":"LineString","coordinates":[[-80.6567,32.2647],[-80.6549,32.2576]]}},{"type":"Feature","properties":{},"geometry":{"type":"LineString","coordinates":[[-80.6567,32.2647],[-80.6545,32.2577]]}},{"type":"Feature","properties":{},"geometry":{"type":"LineString","coordinates":[[-80.6567,32.2647],[-80.6542,32.2804]]}},{"type":"Feature","properties":{},"geometry":{"type":"LineString","coordinates":[[-80.6558,32.2724],[-80.6549,32.2802]]}},{"type":"Feature","properties":{},"geometry":{"type":"LineString","coordinates":[[-80.6558,32.2724],[-80.6539,32.2804]]}},{"type":"Feature","properties":{},"geometry":{"type":"LineString","coordinates":[[-80.6558,32.2724],[-80.6547,32.2726]]}},{"type":"Feature","properties":{},"geometry":{"type":"LineString","coordinates":[[-80.6558,32.2724],[-80.6555,32.2649]]}},{"type":"Feature","properties":{},"geometry":{"type":"LineString","coordinates":[[-80.6558,32.2724],[-80.6542,32.2804]]}},{"type":"Feature","properties":{},"geometry":{"type":"LineString","coordinates":[[-80.6549,32.2802],[-80.654,32.288]]}},{"type":"Feature","properties":{},"geometry":{"type":"LineString","coordinates":[[-80.6549,32.2802],[-80.6531,32.2882]]}},{"type":"Feature","properties":{},"geometry":{"type":"LineString","coordinates":[[-80.6549,32.2802],[-80.6539,32.2804]]}},{"type":"Feature","properties":{},"geometry":{"type":"LineString","coordinates":[[-80.6549,32.2802],[-80.6547,32.2726]]}},{"type":"Feature","properties":{},"geometry":{"type":"LineString","coordinates":[[-80.6549,32.2802],[-80.6542,32.2804]]}},{"type":"Feature","properties":{},"geometry":{"type":"LineString","coordinates":[[-80.654,32.288],[-80.6531,32.2958]]}},{"type":"Feature","properties":{},"geometry":{"type":"LineString","coordinates":[[-80.654,32.288],[-80.6523,32.2959]]}},{"type":"Feature","properties":{},"geometry":{"type":"LineString","coordinates":[[-80.654,32.288],[-80.6531,32.2882]]}},{"type":"Feature","properties":{},"geometry":{"type":"LineString","coordinates":[[-80.654,32.288],[-80.6539,32.2804]]}},{"type":"Feature","properties":{},"geometry":{"type":"LineString","coordinates":[[-80.654,32.288],[-80.6579,32.291]]}},{"type":"Feature","properties":{},"geometry":{"type":"LineString","coordinates":[[-80.6531,32.2958],[-80.6522,32.3035]]}},{"type":"Feature","properties":{},"geometry":{"type":"LineString","coordinates":[[-80.6531,32.2958],[-80.6516,32.3037]]}},{"type":"Feature","properties":{},"geometry":{"type":"LineString","coordinates":[[-80.6531,32.2958],[-80.6523,32.2959]]}},{"type":"Feature","properties":{},"geometry":{"type":"LineString","coordinates":[[-80.6531,32.2958],[-80.6531,32.2882]]}},{"type":"Feature","properties":{},"geometry":{"type":"LineString","coordinates":[[-80.6531,32.2958],[-80.6545,32.2977]]}},{"type":"Feature","properties":{},"geometry":{"type":"LineString","coordinates":[[-80.6522,32.3035],[-80.6513,32.3113]]}},{"type":"Feature","properties":{},"geometry":{"type":"LineString","coordinates":[[-80.6522,32.3035],[-80.6508,32.3114]]}},{"type":"Feature","properties":{},"geometry":{"type":"LineString","coordinates":[[-80.6522,32.3035],[-80.6516,32.3037]]}},{"type":"Feature","properties":{},"geometry":{"type":"LineString","coordinates":[[-80.6522,32.3035],[-80.6523,32.2959]]}},{"type":"Feature","properties":{},"geometry":{"type":"LineString","coordinates":[[-80.6522,32.3035],[-80.6546,32.3027]]}},{"type":"Feature","properties":{},"geometry":{"type":"LineString","coordinates":[[-80.6513,32.3113],[-80.6508,32.3114]]}},{"type":"Feature","properties":{},"geometry":{"type":"LineString","coordinates":[[-80.6513,32.3113],[-80.6516,32.3037]]}},{"type":"Feature","properties":{},"geometry":{"type":"LineString","coordinates":[[-80.6513,32.3113],[-80.6516,32.3188]]}},{"type":"Feature","properties":{},"geometry":{"type":"LineString","coordinates":[[-80.6513,32.3113],[-80.6548,32.3102]]}},{"type":"Feature","properties":{},"geometry":{"type":"LineString","coordinates":[[-80.5947,32.1732],[-80.5992,32.1797]]}},{"type":"Feature","properties":{},"geometry":{"type":"LineString","coordinates":[[-80.5947,32.1732],[-80.5933,32.166]]}},{"type":"Feature","properties":{},"geometry":{"type":"LineString","coordinates":[[-80.5947,32.1732],[-80.5959,32.1729]]}},{"type":"Feature","properties":{},"geometry":{"type":"LineString","coordinates":[[-80.5947,32.1732],[-80.5955,32.173]]}},{"type":"Feature","properties":{},"geometry":{"type":"LineString","coordinates":[[-80.5947,32.1732],[-80.5921,32.1663]]}},{"type":"Feature","properties":{},"geometry":{"type":"LineString","coordinates":[[-80.5992,32.1797],[-80.6038,32.1863]]}},{"type":"Feature","properties":{},"geometry":{"type":"LineString","coordinates":[[-80.5992,32.1797],[-80.5959,32.1729]]}},{"type":"Feature","properties":{},"geometry":{"type":"LineString","coordinates":[[-80.5992,32.1797],[-80.6004,32.1794]]}},{"type":"Feature","properties":{},"geometry":{"type":"LineString","coordinates":[[-80.5992,32.1797],[-80.5955,32.173]]}},{"type":"Feature","properties":{},"geometry":{"type":"LineString","coordinates":[[-80.5992,32.1797],[-80.6,32.1795]]}},{"type":"Feature","properties":{},"geometry":{"type":"LineString","coordinates":[[-80.5992,32.1797],[-80.6046,32.1861]]}},{"type":"Feature","properties":{},"geometry":{"type":"LineString","coordinates":[[-80.6038,32.1863],[-80.6083,32.1928]]}},{"type":"Feature","properties":{},"geometry":{"type":"LineString","coordinates":[[-80.6038,32.1863],[-80.6004,32.1794]]}},{"type":"Feature","properties":{},"geometry":{"type":"LineString","coordinates":[[-80.6038,32.1863],[-80.605,32.1859]]}},{"type":"Feature","properties":{},"geometry":{"type":"LineString","coordinates":[[-80.6038,32.1863],[-80.6,32.1795]]}},{"type":"Feature","properties":{},"geometry":{"type":"LineString","coordinates":[[-80.6038,32.1863],[-80.6046,32.1861]]}},{"type":"Feature","properties":{},"geometry":{"type":"LineString","coordinates":[[-80.6038,32.1863],[-80.6091,32.1926]]}},{"type":"Feature","properties":{},"geometry":{"type":"LineString","coordinates":[[-80.6083,32.1928],[-80.6128,32.1993]]}},{"type":"Feature","properties":{},"geometry":{"type":"LineString","coordinates":[[-80.6083,32.1928],[-80.605,32.1859]]}},{"type":"Feature","properties":{},"geometry":{"type":"LineString","coordinates":[[-80.6083,32.1928],[-80.6095,32.1925]]}},{"type":"Feature","properties":{},"geometry":{"type":"LineString","coordinates":[[-80.6083,32.1928],[-80.6046,32.1861]]}},{"type":"Feature","properties":{},"geometry":{"type":"LineString","coordinates":[[-80.6083,32.1928],[-80.6091,32.1926]]}},{"type":"Feature","properties":{},"geometry":{"type":"LineString","coordinates":[[-80.6083,32.1928],[-80.6137,32.1991]]}},{"type":"Feature","properties":{},"geometry":{"type":"LineString","coordinates":[[-80.6128,32.1993],[-80.6174,32.2058]]}},{"type":"Feature","properties":{},"geometry":{"type":"LineString","coordinates":[[-80.6128,32.1993],[-80.6095,32.1925]]}},{"type":"Feature","properties":{},"geometry":{"type":"LineString","coordinates":[[-80.6128,32.1993],[-80.6141,32.199]]}},{"type":"Feature","properties":{},"geometry":{"type":"LineString","coordinates":[[-80.6128,32.1993],[-80.6091,32.1926]]}},{"type":"Feature","properties":{},"geometry":{"type":"LineString","coordinates":[[-80.6128,32.1993],[-80.6137,32.1991]]}},{"type":"Feature","properties":{},"geometry":{"type":"LineString","coordinates":[[-80.6128,32.1993],[-80.6182,32.2056]]}},{"type":"Feature","properties":{},"geometry":{"type":"LineString","coordinates":[[-80.6174,32.2058],[-80.6219,32.2123]]}},{"type":"Feature","properties":{},"geometry":{"type":"LineString","coordinates":[[-80.6174,32.2058],[-80.6141,32.199]]}},{"type":"Feature","properties":{},"geometry":{"type":"LineString","coordinates":[[-80.6174,32.2058],[-80.6186,32.2055]]}},{"type":"Feature","properties":{},"geometry":{"type":"LineString","coordinates":[[-80.6174,32.2058],[-80.6137,32.1991]]}},{"type":"Feature","properties":{},"geometry":{"type":"LineString","coordinates":[[-80.6174,32.2058],[-80.6182,32.2056]]}},{"type":"Feature","properties":{},"geometry":{"type":"LineString","coordinates":[[-80.6174,32.2058],[-80.6227,32.2121]]}},{"type":"Feature","properties":{},"geometry":{"type":"LineString","coordinates":[[-80.6219,32.2123],[-80.6265,32.2188]]}},{"type":"Feature","properties":{},"geometry":{"type":"LineString","coordinates":[[-80.6219,32.2123],[-80.6186,32.2055]]}},{"type":"Feature","properties":{},"geometry":{"type":"LineString","coordinates":[[-80.6219,32.2123],[-80.6231,32.212]]}},{"type":"Feature","properties":{},"geometry":{"type":"LineString","coordinates":[[-80.6219,32.2123],[-80.6182,32.2056]]}},{"type":"Feature","properties":{},"geometry":{"type":"LineString","coordinates":[[-80.6219,32.2123],[-80.6227,32.2121]]}},{"type":"Feature","properties":{},"geometry":{"type":"LineString","coordinates":[[-80.6219,32.2123],[-80.6273,32.2186]]}},{"type":"Feature","properties":{},"geometry":{"type":"LineString","coordinates":[[-80.6265,32.2188],[-80.631,32.2253]]}},{"type":"Feature","properties":{},"geometry":{"type":"LineString","coordinates":[[-80.6265,32.2188],[-80.6231,32.212]]}},{"type":"Feature","properties":{},"geometry":{"type":"LineString","coordinates":[[-80.6265,32.2188],[-80.6277,32.2185]]}},{"type":"Feature","properties":{},"geometry":{"type":"LineString","coordinates":[[-80.6265,32.2188],[-80.6227,32.2121]]}},{"type":"Feature","properties":{},"geometry":{"type":"LineString","coordinates":[[-80.6265,32.2188],[-80.6273,32.2186]]}},{"type":"Feature","properties":{},"geometry":{"type":"LineString","coordinates":[[-80.6265,32.2188],[-80.6318,32.2251]]}},{"type":"Feature","properties":{},"geometry":{"type":"LineString","coordinates":[[-80.631,32.2253],[-80.6355,32.2318]]}},{"type":"Feature","properties":{},"geometry":{"type":"LineString","coordinates":[[-80.631,32.2253],[-80.6277,32.2185]]}},{"type":"Feature","properties":{},"geometry":{"type":"LineString","coordinates":[[-80.631,32.2253],[-80.6322,32.2251]]}},{"type":"Feature","properties":{},"geometry":{"type":"LineString","coordinates":[[-80.631,32.2253],[-80.6273,32.2186]]}},{"type":"Feature","properties":{},"geometry":{"type":"LineString","coordinates":[[-80.631,32.2253],[-80.6318,32.2251]]}},{"type":"Feature","properties":{},"geometry":{"type":"LineString","coordinates":[[-80.631,32.2253],[-80.6363,32.2317]]}},{"type":"Feature","properties":{},"geometry":{"type":"LineString","coordinates":[[-80.6355,32.2318],[-80.6401,32.2383]]}},{"type":"Feature","properties":{},"geometry":{"type":"LineString","coordinates":[[-80.6355,32.2318],[-80.6322,32.2251]]}},{"type":"Feature","properties":{},"geometry":{"type":"LineString","coordinates":[[-80.6355,32.2318],[-80.6368,32.2316]]}},{"type":"Feature","properties":{},"geometry":{"type":"LineString","coordinates":[[-80.6355,32.2318],[-80.6318,32.2251]]}},{"type":"Feature","properties":{},"geometry":{"type":"LineString","coordinates":[[-80.6355,32.2318],[-80.6363,32.2317]]}},{"type":"Feature","properties":{},"geometry":{"type":"LineString","coordinates":[[-80.6355,32.2318],[-80.6409,32.2382]]}},{"type":"Feature","properties":{},"geometry":{"type":"LineString","coordinates":[[-80.6401,32.2383],[-80.6446,32.2449]]}},{"type":"Feature","properties":{},"geometry":{"type":"LineString","coordinates":[[-80.6401,32.2383],[-80.6368,32.2316]]}},{"type":"Feature","properties":{},"geometry":{"type":"LineString","coordinates":[[-80.6401,32.2383],[-80.6413,32.2381]]}},{"type":"Feature","properties":{},"geometry":{"type":"LineString","coordinates":[[-80.6401,32.2383],[-80.6363,32.2317]]}},{"type":"Feature","properties":{},"geometry":{"type":"LineString","coordinates":[[-80.6401,32.2383],[-80.6409,32.2382]]}},{"type":"Feature","properties":{},"geometry":{"type":"LineString","coordinates":[[-80.6401,32.2383],[-80.6454,32.2447]]}},{"type":"Feature","properties":{},"geometry":{"type":"LineString","coordinates":[[-80.6446,32.2449],[-80.6491,32.2514]]}},{"type":"Feature","properties":{},"geometry":{"type":"LineString","coordinates":[[-80.6446,32.2449],[-80.6413,32.2381]]}},{"type":"Feature","properties":{},"geometry":{"type":"LineString","coordinates":[[-80.6446,32.2449],[-80.6458,32.2446]]}},{"type":"Feature","properties":{},"geometry":{"type":"LineString","coordinates":[[-80.6446,32.2449],[-80.6409,32.2382]]}},{"type":"Feature","properties":{},"geometry":{"type":"LineString","coordinates":[[-80.6446,32.2449],[-80.6454,32.2447]]}},{"type":"Feature","properties":{},"geometry":{"type":"LineString","coordinates":[[-80.6446,32.2449],[-80.65,32.2512]]}},{"type":"Feature","properties":{},"geometry":{"type":"LineString","coordinates":[[-80.6491,32.2514],[-80.6536,32.2579]]}},{"type":"Feature","properties":{},"geometry":{"type":"LineString","coordinates":[[-80.6491,32.2514],[-80.6458,32.2446]]}},{"type":"Feature","properties":{},"geometry":{"type":"LineString","coordinates":[[-80.6491,32.2514],[-80.6504,32.2511]]}},{"type":"Feature","properties":{},"geometry":{"type":"LineString","coordinates":[[-80.6491,32.2514],[-80.6454,32.2447]]}},{"type":"Feature","properties":{},"geometry":{"type":"LineString","coordinates":[[-80.6491,32.2514],[-80.65,32.2512]]}},{"type":"Feature","properties":{},"geometry":{"type":"LineString","coordinates":[[-80.6491,32.2514],[-80.6545,32.2577]]}},{"type":"Feature","properties":{},"geometry":{"type":"LineString","coordinates":[[-80.6536,32.2579],[-80.6555,32.2649]]}},{"type":"Feature","properties":{},"geometry":{"type":"LineString","coordinates":[[-80.6536,32.2579],[-80.6504,32.2511]]}},{"type":"Feature","properties":{},"geometry":{"type":"LineString","coordinates":[[-80.6536,32.2579],[-80.6549,32.2576]]}},{"type":"Feature","properties":{},"geometry":{"type":"LineString","coordinates":[[-80.6536,32.2579],[-80.65,32.2512]]}},{"type":"Feature","properties":{},"geometry":{"type":"LineString","coordinates":[[-80.6536,32.2579],[-80.6545,32.2577]]}},{"type":"Feature","properties":{},"geometry":{"type":"LineString","coordinates":[[-80.6536,32.2579],[-80.6542,32.2804]]}},{"type":"Feature","properties":{},"geometry":{"type":"LineString","coordinates":[[-79.9307,32.9143],[-79.9372,32.9088]]}},{"type":"Feature","properties":{},"geometry":{"type":"LineString","coordinates":[[-79.9307,32.9143],[-79.9313,32.9114]]}},{"type":"Feature","properties":{},"geometry":{"type":"LineString","coordinates":[[-79.9307,32.9143],[-79.9293,32.9173]]}},{"type":"Feature","properties":{},"geometry":{"type":"LineString","coordinates":[[-79.9307,32.9143],[-79.9375,32.909]]}},{"type":"Feature","properties":{},"geometry":{"type":"LineString","coordinates":[[-79.9625,32.894],[-79.9644,32.8876]]}},{"type":"Feature","properties":{},"geometry":{"type":"LineString","coordinates":[[-79.9625,32.894],[-79.9582,32.9012]]}},{"type":"Feature","properties":{},"geometry":{"type":"LineString","coordinates":[[-79.9625,32.894],[-79.963,32.8942]]}},{"type":"Feature","properties":{},"geometry":{"type":"LineString","coordinates":[[-79.9625,32.894],[-79.9649,32.8877]]}},{"type":"Feature","properties":{},"geometry":{"type":"LineString","coordinates":[[-79.9625,32.894],[-79.9634,32.8944]]}},{"type":"Feature","properties":{},"geometry":{"type":"LineString","coordinates":[[-79.9625,32.894],[-79.9654,32.8878]]}},{"type":"Feature","properties":{},"geometry":{"type":"LineString","coordinates":[[-79.9644,32.8876],[-79.9653,32.881]]}},{"type":"Feature","properties":{},"geometry":{"type":"LineString","coordinates":[[-79.9644,32.8876],[-79.963,32.8942]]}},{"type":"Feature","properties":{},"geometry":{"type":"LineString","coordinates":[[-79.9644,32.8876],[-79.9649,32.8877]]}},{"type":"Feature","properties":{},"geometry":{"type":"LineString","coordinates":[[-79.9644,32.8876],[-79.9634,32.8944]]}},{"type":"Feature","properties":{},"geometry":{"type":"LineString","coordinates":[[-79.9644,32.8876],[-79.9654,32.8878]]}},{"type":"Feature","properties":{},"geometry":{"type":"LineString","coordinates":[[-79.1481,33.193],[-79.1402,33.193]]}},{"type":"Feature","properties":{},"geometry":{"type":"LineString","coordinates":[[-79.1481,33.193],[-79.1403,33.1926]]}},{"type":"Feature","properties":{},"geometry":{"type":"LineString","coordinates":[[-79.1481,33.193],[-79.1482,33.1926]]}},{"type":"Feature","properties":{},"geometry":{"type":"LineString","coordinates":[[-79.1481,33.193],[-79.1403,33.1922]]}},{"type":"Feature","properties":{},"geometry":{"type":"LineString","coordinates":[[-79.1481,33.193],[-79.1482,33.1922]]}},{"type":"Feature","properties":{},"geometry":{"type":"LineString","coordinates":[[-79.1481,33.193],[-79.1562,33.1935]]}},{"type":"Feature","properties":{},"geometry":{"type":"LineString","coordinates":[[-79.1402,33.193],[-79.1323,33.193]]}},{"type":"Feature","properties":{},"geometry":{"type":"LineString","coordinates":[[-79.1402,33.193],[-79.1324,33.1926]]}},{"type":"Feature","properties":{},"geometry":{"type":"LineString","coordinates":[[-79.1402,33.193],[-79.1403,33.1926]]}},{"type":"Feature","properties":{},"geometry":{"type":"LineString","coordinates":[[-79.1402,33.193],[-79.1482,33.1926]]}},{"type":"Feature","properties":{},"geometry":{"type":"LineString","coordinates":[[-79.1402,33.193],[-79.1324,33.1922]]}},{"type":"Feature","properties":{},"geometry":{"type":"LineString","coordinates":[[-79.1402,33.193],[-79.1403,33.1922]]}},{"type":"Feature","properties":{},"geometry":{"type":"LineString","coordinates":[[-79.1402,33.193],[-79.1482,33.1922]]}},{"type":"Feature","properties":{},"geometry":{"type":"LineString","coordinates":[[-79.1323,33.193],[-79.1244,33.193]]}},{"type":"Feature","properties":{},"geometry":{"type":"LineString","coordinates":[[-79.1323,33.193],[-79.1245,33.1926]]}},{"type":"Feature","properties":{},"geometry":{"type":"LineString","coordinates":[[-79.1323,33.193],[-79.1324,33.1926]]}},{"type":"Feature","properties":{},"geometry":{"type":"LineString","coordinates":[[-79.1323,33.193],[-79.1403,33.1926]]}},{"type":"Feature","properties":{},"geometry":{"type":"LineString","coordinates":[[-79.1323,33.193],[-79.1245,33.1922]]}},{"type":"Feature","properties":{},"geometry":{"type":"LineString","coordinates":[[-79.1323,33.193],[-79.1324,33.1922]]}},{"type":"Feature","properties":{},"geometry":{"type":"LineString","coordinates":[[-79.1323,33.193],[-79.1403,33.1922]]}},{"type":"Feature","properties":{},"geometry":{"type":"LineString","coordinates":[[-79.1244,33.193],[-79.1166,33.193]]}},{"type":"Feature","properties":{},"geometry":{"type":"LineString","coordinates":[[-79.1244,33.193],[-79.1087,33.1926]]}},{"type":"Feature","properties":{},"geometry":{"type":"LineString","coordinates":[[-79.1244,33.193],[-79.1166,33.1926]]}},{"type":"Feature","properties":{},"geometry":{"type":"LineString","coordinates":[[-79.1244,33.193],[-79.1245,33.1926]]}},{"type":"Feature","properties":{},"geometry":{"type":"LineString","coordinates":[[-79.1244,33.193],[-79.1324,33.1926]]}},{"type":"Feature","properties":{},"geometry":{"type":"LineString","coordinates":[[-79.1244,33.193],[-79.1087,33.1922]]}},{"type":"Feature","properties":{},"geometry":{"type":"LineString","coordinates":[[-79.1244,33.193],[-79.1166,33.1922]]}},{"type":"Feature","properties":{},"geometry":{"type":"LineString","coordinates":[[-79.1244,33.193],[-79.1245,33.1922]]}},{"type":"Feature","properties":{},"geometry":{"type":"LineString","coordinates":[[-79.1244,33.193],[-79.1324,33.1922]]}},{"type":"Feature","properties":{},"geometry":{"type":"LineString","coordinates":[[-79.1166,33.193],[-79.1087,33.193]]}},{"type":"Feature","properties":{},"geometry":{"type":"LineString","coordinates":[[-79.1166,33.193],[-79.1087,33.1926]]}},{"type":"Feature","properties":{},"geometry":{"type":"LineString","coordinates":[[-79.1166,33.193],[-79.1166,33.1926]]}},{"type":"Feature","properties":{},"geometry":{"type":"LineString","coordinates":[[-79.1166,33.193],[-79.1245,33.1926]]}},{"type":"Feature","properties":{},"geometry":{"type":"LineString","coordinates":[[-79.1166,33.193],[-79.1087,33.1922]]}},{"type":"Feature","properties":{},"geometry":{"type":"LineString","coordinates":[[-79.1166,33.193],[-79.1166,33.1922]]}},{"type":"Feature","properties":{},"geometry":{"type":"LineString","coordinates":[[-79.1166,33.193],[-79.1245,33.1922]]}},{"type":"Feature","properties":{},"geometry":{"type":"LineString","coordinates":[[-79.1087,33.193],[-79.1087,33.1926]]}},{"type":"Feature","properties":{},"geometry":{"type":"LineString","coordinates":[[-79.1087,33.193],[-79.1166,33.1926]]}},{"type":"Feature","properties":{},"geometry":{"type":"LineString","coordinates":[[-79.1087,33.193],[-79.1245,33.1926]]}},{"type":"Feature","properties":{},"geometry":{"type":"LineString","coordinates":[[-79.1087,33.193],[-79.1087,33.1922]]}},{"type":"Feature","properties":{},"geometry":{"type":"LineString","coordinates":[[-79.1087,33.193],[-79.1166,33.1922]]}},{"type":"Feature","properties":{},"geometry":{"type":"LineString","coordinates":[[-80.3113,32.6304],[-80.3123,32.6315]]}},{"type":"Feature","properties":{},"geometry":{"type":"LineString","coordinates":[[-80.2369,32.6795],[-80.2436,32.675],[-80.2414,32.6741]]}},{"type":"Feature","properties":{},"geometry":{"type":"LineString","coordinates":[[-80.2369,32.6795],[-80.2301,32.6839]]}},{"type":"Feature","properties":{},"geometry":{"type":"LineString","coordinates":[[-80.2369,32.6795],[-80.2383,32.6799]]}},{"type":"Feature","properties":{},"geometry":{"type":"LineString","coordinates":[[-80.2301,32.6839],[-80.2233,32.6884],[-80.2218,32.689]]}},{"type":"Feature","properties":{},"geometry":{"type":"LineString","coordinates":[[-80.2301,32.6839],[-80.2287,32.6828]]}},{"type":"Feature","properties":{},"geometry":{"type":"LineString","coordinates":[[-80.203,32.7017],[-80.2098,32.6973],[-80.209,32.6981]]}},{"type":"Feature","properties":{},"geometry":{"type":"LineString","coordinates":[[-80.203,32.7017],[-80.1963,32.7062]]}},{"type":"Feature","properties":{},"geometry":{"type":"LineString","coordinates":[[-80.203,32.7017],[-80.2026,32.702]]}},{"type":"Feature","properties":{},"geometry":{"type":"LineString","coordinates":[[-80.1963,32.7062],[-80.1895,32.7106]]}},{"type":"Feature","properties":{},"geometry":{"type":"LineString","coordinates":[[-80.1963,32.7062],[-80.1965,32.7064]]}},{"type":"Feature","properties":{},"geometry":{"type":"LineString","coordinates":[[-80.1895,32.7106],[-80.1827,32.7151]]}},{"type":"Feature","properties":{},"geometry":{"type":"LineString","coordinates":[[-80.1895,32.7106],[-80.1902,32.7104]]}},{"type":"Feature","properties":{},"geometry":{"type":"LineString","coordinates":[[-80.1827,32.7151],[-80.176,32.7195],[-80.1765,32.7209]]}},{"type":"Feature","properties":{},"geometry":{"type":"LineString","coordinates":[[-80.1827,32.7151],[-80.1816,32.7155]]}},{"type":"Feature","properties":{},"geometry":{"type":"LineString","coordinates":[[-79.8951,32.8338],[-79.8944,32.8298]]}},{"type":"Feature","properties":{},"geometry":{"type":"LineString","coordinates":[[-79.8951,32.8338],[-79.891,32.8358]]}},{"type":"Feature","properties":{},"geometry":{"type":"LineString","coordinates":[[-79.8951,32.8338],[-79.8947,32.8301]]}},{"type":"Feature","properties":{},"geometry":{"type":"LineString","coordinates":[[-79.8951,32.8338],[-79.8914,32.836]]}},{"type":"Feature","properties":{},"geometry":{"type":"LineString","coordinates":[[-79.8951,32.8338],[-79.8951,32.8303]]}},{"type":"Feature","properties":{},"geometry":{"type":"LineString","coordinates":[[-79.8951,32.8338],[-79.8918,32.8362]]}},{"type":"Feature","properties":{},"geometry":{"type":"LineString","coordinates":[[-79.8951,32.8338],[-79.8954,32.8305]]}},{"type":"Feature","properties":{},"geometry":{"type":"LineString","coordinates":[[-79.8951,32.8338],[-79.8922,32.8364]]}},{"type":"Feature","properties":{},"geometry":{"type":"LineString","coordinates":[[-79.8951,32.8338],[-79.8944,32.8368]]}},{"type":"Feature","properties":{},"geometry":{"type":"LineString","coordinates":[[-79.9372,32.9088],[-79.9445,32.9076]]}},{"type":"Feature","properties":{},"geometry":{"type":"LineString","coordinates":[[-79.9372,32.9088],[-79.9313,32.9114]]}},{"type":"Feature","properties":{},"geometry":{"type":"LineString","coordinates":[[-79.9372,32.9088],[-79.9293,32.9173]]}},{"type":"Feature","properties":{},"geometry":{"type":"LineString","coordinates":[[-79.9372,32.9088],[-79.9438,32.9089]]}},{"type":"Feature","properties":{},"geometry":{"type":"LineString","coordinates":[[-79.9372,32.9088],[-79.9448,32.9078]]}},{"type":"Feature","properties":{},"geometry":{"type":"LineString","coordinates":[[-79.9372,32.9088],[-79.9375,32.909]]}},{"type":"Feature","properties":{},"geometry":{"type":"LineString","coordinates":[[-79.9445,32.9076],[-79.9465,32.9085]]}},{"type":"Feature","properties":{},"geometry":{"type":"LineString","coordinates":[[-79.9445,32.9076],[-79.9438,32.9089]]}},{"type":"Feature","properties":{},"geometry":{"type":"LineString","coordinates":[[-79.9445,32.9076],[-79.9503,32.9045]]}},{"type":"Feature","properties":{},"geometry":{"type":"LineString","coordinates":[[-79.9445,32.9076],[-79.9448,32.9078]]}},{"type":"Feature","properties":{},"geometry":{"type":"LineString","coordinates":[[-79.9445,32.9076],[-79.9375,32.909]]}},{"type":"Feature","properties":{},"geometry":{"type":"LineString","coordinates":[[-79.867,32.766],[-79.8707,32.7604]]}},{"type":"Feature","properties":{},"geometry":{"type":"LineString","coordinates":[[-79.867,32.766],[-79.8701,32.761]]}},{"type":"Feature","properties":{},"geometry":{"type":"LineString","coordinates":[[-79.867,32.766],[-79.8639,32.7564]]}},{"type":"Feature","properties":{},"geometry":{"type":"LineString","coordinates":[[-79.867,32.766],[-79.8678,32.7681]]}},{"type":"Feature","properties":{},"geometry":{"type":"LineString","coordinates":[[-79.8347,32.7736],[-79.8428,32.7717],[-79.8426,32.7727]]}},{"type":"Feature","properties":{},"geometry":{"type":"LineString","coordinates":[[-79.8347,32.7736],[-79.8356,32.7755]]}},{"type":"Feature","properties":{},"geometry":{"type":"LineString","coordinates":[[-80.6801,32.3649],[-80.6886,32.3688]]}},{"type":"Feature","properties":{},"geometry":{"type":"LineString","coordinates":[[-80.6801,32.3649],[-80.6734,32.3597]]}},{"type":"Feature","properties":{},"geometry":{"type":"LineString","coordinates":[[-80.6801,32.3649],[-80.6884,32.369]]}},{"type":"Feature","properties":{},"geometry":{"type":"LineString","coordinates":[[-80.6801,32.3649],[-80.6797,32.3651]]}},{"type":"Feature","properties":{},"geometry":{"type":"LineString","coordinates":[[-80.6801,32.3649],[-80.6732,32.36]]}},{"type":"Feature","properties":{},"geometry":{"type":"LineString","coordinates":[[-80.6801,32.3649],[-80.6768,32.3661]]}},{"type":"Feature","properties":{},"geometry":{"type":"LineString","coordinates":[[-80.6886,32.3688],[-80.6937,32.3725]]}},{"type":"Feature","properties":{},"geometry":{"type":"LineString","coordinates":[[-80.6886,32.3688],[-80.6884,32.369]]}},{"type":"Feature","properties":{},"geometry":{"type":"LineString","coordinates":[[-80.6886,32.3688],[-80.6797,32.3651]]}},{"type":"Feature","properties":{},"geometry":{"type":"LineString","coordinates":[[-80.6886,32.3688],[-80.694,32.3722]]}},{"type":"Feature","properties":{},"geometry":{"type":"LineString","coordinates":[[-80.6886,32.3688],[-80.6831,32.3669]]}},{"type":"Feature","properties":{},"geometry":{"type":"LineString","coordinates":[[-80.9774,32.0755],[-80.9694,32.0735]]}},{"type":"Feature","properties":{},"geometry":{"type":"LineString","coordinates":[[-80.9774,32.0755],[-80.9843,32.0789]]}},{"type":"Feature","properties":{},"geometry":{"type":"LineString","coordinates":[[-80.9774,32.0755],[-80.9771,32.0758]]}},{"type":"Feature","properties":{},"geometry":{"type":"LineString","coordinates":[[-80.9774,32.0755],[-80.9691,32.0739]]}},{"type":"Feature","properties":{},"geometry":{"type":"LineString","coordinates":[[-80.9774,32.0755],[-80.9808,32.0682]]}},{"type":"Feature","properties":{},"geometry":{"type":"LineString","coordinates":[[-80.9774,32.0755],[-80.9836,32.0796]]}},{"type":"Feature","properties":{},"geometry":{"type":"LineString","coordinates":[[-80.9774,32.0755],[-80.9769,32.0761]]}},{"type":"Feature","properties":{},"geometry":{"type":"LineString","coordinates":[[-80.9774,32.0755],[-80.9689,32.0743]]}},{"type":"Feature","properties":{},"geometry":{"type":"LineString","coordinates":[[-80.9774,32.0755],[-80.9833,32.08]]}},{"type":"Feature","properties":{},"geometry":{"type":"LineString","coordinates":[[-80.9774,32.0755],[-80.9812,32.0769]]}},{"type":"Feature","properties":{},"geometry":{"type":"LineString","coordinates":[[-80.9694,32.0735],[-80.9614,32.0715]]}},{"type":"Feature","properties":{},"geometry":{"type":"LineString","coordinates":[[-80.9694,32.0735],[-80.9771,32.0758]]}},{"type":"Feature","properties":{},"geometry":{"type":"LineString","coordinates":[[-80.9694,32.0735],[-80.9691,32.0739]]}},{"type":"Feature","properties":{},"geometry":{"type":"LineString","coordinates":[[-80.9694,32.0735],[-80.9612,32.0719]]}},{"type":"Feature","properties":{},"geometry":{"type":"LineString","coordinates":[[-80.9694,32.0735],[-80.9769,32.0761]]}},{"type":"Feature","properties":{},"geometry":{"type":"LineString","coordinates":[[-80.9694,32.0735],[-80.9689,32.0743]]}},{"type":"Feature","properties":{},"geometry":{"type":"LineString","coordinates":[[-80.9694,32.0735],[-80.9687,32.0728]]}},{"type":"Feature","properties":{},"geometry":{"type":"LineString","coordinates":[[-80.9614,32.0715],[-80.9572,32.0748]]}},{"type":"Feature","properties":{},"geometry":{"type":"LineString","coordinates":[[-80.9614,32.0715],[-80.9504,32.0774]]}},{"type":"Feature","properties":{},"geometry":{"type":"LineString","coordinates":[[-80.9614,32.0715],[-80.9691,32.0739]]}},{"type":"Feature","properties":{},"geometry":{"type":"LineString","coordinates":[[-80.9614,32.0715],[-80.9612,32.0719]]}},{"type":"Feature","properties":{},"geometry":{"type":"LineString","coordinates":[[-80.9614,32.0715],[-80.9689,32.0743]]}},{"type":"Feature","properties":{},"geometry":{"type":"LineString","coordinates":[[-80.9614,32.0715],[-80.9608,32.0725]]}},{"type":"Feature","properties":{},"geometry":{"type":"LineString","coordinates":[[-80.9614,32.0715],[-80.9545,32.0678]]}},{"type":"Feature","properties":{},"geometry":{"type":"LineString","coordinates":[[-80.9614,32.0715],[-80.9541,32.0686]]}},{"type":"Feature","properties":{},"geometry":{"type":"LineString","coordinates":[[-80.9614,32.0715],[-80.9621,32.0728]]}},{"type":"Feature","properties":{},"geometry":{"type":"LineString","coordinates":[[-81.0489,32.0803],[-81.0562,32.08]]}},{"type":"Feature","properties":{},"geometry":{"type":"LineString","coordinates":[[-81.0489,32.0803],[-81.0472,32.0796]]}},{"type":"Feature","properties":{},"geometry":{"type":"LineString","coordinates":[[-81.0489,32.0803],[-81.0415,32.0811]]}},{"type":"Feature","properties":{},"geometry":{"type":"LineString","coordinates":[[-81.0489,32.0803],[-81.0491,32.0811]]}},{"type":"Feature","properties":{},"geometry":{"type":"LineString","coordinates":[[-81.0489,32.0803],[-81.0419,32.0823]]}},{"type":"Feature","properties":{},"geometry":{"type":"LineString","coordinates":[[-81.0562,32.08],[-81.0635,32.0796]]}},{"type":"Feature","properties":{},"geometry":{"type":"LineString","coordinates":[[-81.0562,32.08],[-81.0491,32.0811]]}},{"type":"Feature","properties":{},"geometry":{"type":"LineString","coordinates":[[-81.0562,32.08],[-81.0563,32.0807]]}},{"type":"Feature","properties":{},"geometry":{"type":"LineString","coordinates":[[-81.0635,32.0796],[-81.0707,32.0792]]}},{"type":"Feature","properties":{},"geometry":{"type":"LineString","coordinates":[[-81.0635,32.0796],[-81.0686,32.0808]]}},{"type":"Feature","properties":{},"geometry":{"type":"LineString","coordinates":[[-81.0635,32.0796],[-81.0563,32.0807]]}},{"type":"Feature","properties":{},"geometry":{"type":"LineString","coordinates":[[-81.0635,32.0796],[-81.0635,32.0803]]}},{"type":"Feature","properties":{},"geometry":{"type":"LineString","coordinates":[[-81.0635,32.0796],[-81.0707,32.08]]}},{"type":"Feature","properties":{},"geometry":{"type":"LineString","coordinates":[[-81.0707,32.0792],[-81.0686,32.0808]]}},{"type":"Feature","properties":{},"geometry":{"type":"LineString","coordinates":[[-81.0707,32.0792],[-81.0635,32.0803]]}},{"type":"Feature","properties":{},"geometry":{"type":"LineString","coordinates":[[-81.0707,32.0792],[-81.0707,32.08]]}},{"type":"Feature","properties":{},"geometry":{"type":"LineString","coordinates":[[-81.0707,32.0792],[-81.0787,32.0798]]}},{"type":"Feature","properties":{},"geometry":{"type":"LineString","coordinates":[[-80.9922,32.0949],[-80.9925,32.0904]]}},{"type":"Feature","properties":{},"geometry":{"type":"LineString","coordinates":[[-80.9922,32.0949],[-80.996,32.0981]]}},{"type":"Feature","properties":{},"geometry":{"type":"LineString","coordinates":[[-80.9922,32.0949],[-80.9916,32.0911]]}},{"type":"Feature","properties":{},"geometry":{"type":"LineString","coordinates":[[-80.9922,32.0949],[-80.9928,32.0914]]}},{"type":"Feature","properties":{},"geometry":{"type":"LineString","coordinates":[[-80.9922,32.0949],[-80.9912,32.0914]]}},{"type":"Feature","properties":{},"geometry":{"type":"LineString","coordinates":[[-79.9283,32.9455],[-79.9277,32.9456]]}},{"type":"Feature","properties":{},"geometry":{"type":"LineString","coordinates":[[-79.9283,32.9455],[-79.9264,32.9421]]}},{"type":"Feature","properties":{},"geometry":{"type":"LineString","coordinates":[[-79.9283,32.9455],[-79.9268,32.942]]}},{"type":"Feature","properties":{},"geometry":{"type":"LineString","coordinates":[[-79.9283,32.9455],[-79.9272,32.942]]}},{"type":"Feature","properties":{},"geometry":{"type":"LineString","coordinates":[[-79.9283,32.9455],[-79.9271,32.9458]]}},{"type":"Feature","properties":{},"geometry":{"type":"LineString","coordinates":[[-79.9283,32.9455],[-79.9259,32.9421]]}},{"type":"Feature","properties":{},"geometry":{"type":"LineString","coordinates":[[-80.9925,32.0904],[-80.9883,32.0846]]}},{"type":"Feature","properties":{},"geometry":{"type":"LineString","coordinates":[[-80.9925,32.0904],[-80.9916,32.0911]]}},{"type":"Feature","properties":{},"geometry":{"type":"LineString","coordinates":[[-80.9925,32.0904],[-80.9876,32.0853]]}},{"type":"Feature","properties":{},"geometry":{"type":"LineString","coordinates":[[-80.9925,32.0904],[-80.9895,32.0849]]}},{"type":"Feature","properties":{},"geometry":{"type":"LineString","coordinates":[[-80.9925,32.0904],[-80.9928,32.0914]]}},{"type":"Feature","properties":{},"geometry":{"type":"LineString","coordinates":[[-80.9925,32.0904],[-80.9912,32.0914]]}},{"type":"Feature","properties":{},"geometry":{"type":"LineString","coordinates":[[-80.9883,32.0846],[-80.9843,32.0789]]}},{"type":"Feature","properties":{},"geometry":{"type":"LineString","coordinates":[[-80.9883,32.0846],[-80.9876,32.0853]]}},{"type":"Feature","properties":{},"geometry":{"type":"LineString","coordinates":[[-80.9883,32.0846],[-80.9836,32.0796]]}},{"type":"Feature","properties":{},"geometry":{"type":"LineString","coordinates":[[-80.9883,32.0846],[-80.9895,32.0849]]}},{"type":"Feature","properties":{},"geometry":{"type":"LineString","coordinates":[[-80.9883,32.0846],[-80.9872,32.0857]]}},{"type":"Feature","properties":{},"geometry":{"type":"LineString","coordinates":[[-80.9883,32.0846],[-80.9833,32.08]]}},{"type":"Feature","properties":{},"geometry":{"type":"LineString","coordinates":[[-80.9883,32.0846],[-80.9812,32.0769]]}},{"type":"Feature","properties":{},"geometry":{"type":"LineString","coordinates":[[-80.9843,32.0789],[-80.9771,32.0758]]}},{"type":"Feature","properties":{},"geometry":{"type":"LineString","coordinates":[[-80.9843,32.0789],[-80.9808,32.0682]]}},{"type":"Feature","properties":{},"geometry":{"type":"LineString","coordinates":[[-80.9843,32.0789],[-80.9876,32.0853]]}},{"type":"Feature","properties":{},"geometry":{"type":"LineString","coordinates":[[-80.9843,32.0789],[-80.9836,32.0796]]}},{"type":"Feature","properties":{},"geometry":{"type":"LineString","coordinates":[[-80.9843,32.0789],[-80.9769,32.0761]]}},{"type":"Feature","properties":{},"geometry":{"type":"LineString","coordinates":[[-80.9843,32.0789],[-80.9833,32.08]]}},{"type":"Feature","properties":{},"geometry":{"type":"LineString","coordinates":[[-80.9843,32.0789],[-80.9812,32.0769]]}},{"type":"Feature","properties":{},"geometry":{"type":"LineString","coordinates":[[-80.9572,32.0748],[-80.9504,32.0774]]}},{"type":"Feature","properties":{},"geometry":{"type":"LineString","coordinates":[[-80.9572,32.0748],[-80.9612,32.0719]]}},{"type":"Feature","properties":{},"geometry":{"type":"LineString","coordinates":[[-80.9572,32.0748],[-80.9608,32.0725]]}},{"type":"Feature","properties":{},"geometry":{"type":"LineString","coordinates":[[-80.9572,32.0748],[-80.9545,32.0678]]}},{"type":"Feature","properties":{},"geometry":{"type":"LineString","coordinates":[[-80.9572,32.0748],[-80.9541,32.0686]]}},{"type":"Feature","properties":{},"geometry":{"type":"LineString","coordinates":[[-80.9572,32.0748],[-80.9581,32.0767]]}},{"type":"Feature","properties":{},"geometry":{"type":"LineString","coordinates":[[-80.9504,32.0774],[-80.9436,32.0799]]}},{"type":"Feature","properties":{},"geometry":{"type":"LineString","coordinates":[[-80.9504,32.0774],[-80.9612,32.0719]]}},{"type":"Feature","properties":{},"geometry":{"type":"LineString","coordinates":[[-80.9504,32.0774],[-80.9608,32.0725]]}},{"type":"Feature","properties":{},"geometry":{"type":"LineString","coordinates":[[-80.9504,32.0774],[-80.9545,32.0678]]}},{"type":"Feature","properties":{},"geometry":{"type":"LineString","coordinates":[[-80.9504,32.0774],[-80.9541,32.0686]]}},{"type":"Feature","properties":{},"geometry":{"type":"LineString","coordinates":[[-80.9504,32.0774],[-80.9507,32.0772]]}},{"type":"Feature","properties":{},"geometry":{"type":"LineString","coordinates":[[-80.9436,32.0799],[-80.9368,32.0825]]}},{"type":"Feature","properties":{},"geometry":{"type":"LineString","coordinates":[[-80.9436,32.0799],[-80.9434,32.0777]]}},{"type":"Feature","properties":{},"geometry":{"type":"LineString","coordinates":[[-80.9368,32.0825],[-80.9386,32.0831]]}},{"type":"Feature","properties":{},"geometry":{"type":"LineString","coordinates":[[-79.8944,32.8298],[-79.891,32.8358]]}},{"type":"Feature","properties":{},"geometry":{"type":"LineString","coordinates":[[-79.8944,32.8298],[-79.8997,32.825]]}},{"type":"Feature","properties":{},"geometry":{"type":"LineString","coordinates":[[-79.8944,32.8298],[-79.8947,32.8301]]}},{"type":"Feature","properties":{},"geometry":{"type":"LineString","coordinates":[[-79.8944,32.8298],[-79.8951,32.8303]]}},{"type":"Feature","properties":{},"geometry":{"type":"LineString","coordinates":[[-79.8944,32.8298],[-79.8918,32.8362]]}},{"type":"Feature","properties":{},"geometry":{"type":"LineString","coordinates":[[-79.8944,32.8298],[-79.8954,32.8305]]}},{"type":"Feature","properties":{},"geometry":{"type":"LineString","coordinates":[[-79.891,32.8358],[-79.8947,32.8301]]}},{"type":"Feature","properties":{},"geometry":{"type":"LineString","coordinates":[[-79.891,32.8358],[-79.8914,32.836]]}},{"type":"Feature","properties":{},"geometry":{"type":"LineString","coordinates":[[-79.891,32.8358],[-79.8918,32.8362]]}},{"type":"Feature","properties":{},"geometry":{"type":"LineString","coordinates":[[-79.891,32.8358],[-79.8922,32.8364]]}},{"type":"Feature","properties":{},"geometry":{"type":"LineString","coordinates":[[-79.891,32.8358],[-79.8944,32.8368]]}},{"type":"Feature","properties":{},"geometry":{"type":"LineString","coordinates":[[-79.1087,33.1926],[-79.1166,33.1926]]}},{"type":"Feature","properties":{},"geometry":{"type":"LineString","coordinates":[[-79.1087,33.1926],[-79.1087,33.1922]]}},{"type":"Feature","properties":{},"geometry":{"type":"LineString","coordinates":[[-79.1087,33.1926],[-79.1166,33.1922]]}},{"type":"Feature","properties":{},"geometry":{"type":"LineString","coordinates":[[-79.1166,33.1926],[-79.1245,33.1926]]}},{"type":"Feature","properties":{},"geometry":{"type":"LineString","coordinates":[[-79.1166,33.1926],[-79.1087,33.1922]]}},{"type":"Feature","properties":{},"geometry":{"type":"LineString","coordinates":[[-79.1166,33.1926],[-79.1166,33.1922]]}},{"type":"Feature","properties":{},"geometry":{"type":"LineString","coordinates":[[-79.1166,33.1926],[-79.1245,33.1922]]}},{"type":"Feature","properties":{},"geometry":{"type":"LineString","coordinates":[[-79.1245,33.1926],[-79.1324,33.1926]]}},{"type":"Feature","properties":{},"geometry":{"type":"LineString","coordinates":[[-79.1245,33.1926],[-79.1166,33.1922]]}},{"type":"Feature","properties":{},"geometry":{"type":"LineString","coordinates":[[-79.1245,33.1926],[-79.1245,33.1922]]}},{"type":"Feature","properties":{},"geometry":{"type":"LineString","coordinates":[[-79.1245,33.1926],[-79.1324,33.1922]]}},{"type":"Feature","properties":{},"geometry":{"type":"LineString","coordinates":[[-79.1324,33.1926],[-79.1403,33.1926]]}},{"type":"Feature","properties":{},"geometry":{"type":"LineString","coordinates":[[-79.1324,33.1926],[-79.1245,33.1922]]}},{"type":"Feature","properties":{},"geometry":{"type":"LineString","coordinates":[[-79.1324,33.1926],[-79.1324,33.1922]]}},{"type":"Feature","properties":{},"geometry":{"type":"LineString","coordinates":[[-79.1324,33.1926],[-79.1403,33.1922]]}},{"type":"Feature","properties":{},"geometry":{"type":"LineString","coordinates":[[-79.1403,33.1926],[-79.1482,33.1926]]}},{"type":"Feature","properties":{},"geometry":{"type":"LineString","coordinates":[[-79.1403,33.1926],[-79.1324,33.1922]]}},{"type":"Feature","properties":{},"geometry":{"type":"LineString","coordinates":[[-79.1403,33.1926],[-79.1403,33.1922]]}},{"type":"Feature","properties":{},"geometry":{"type":"LineString","coordinates":[[-79.1403,33.1926],[-79.1482,33.1922]]}},{"type":"Feature","properties":{},"geometry":{"type":"LineString","coordinates":[[-79.1482,33.1926],[-79.1403,33.1922]]}},{"type":"Feature","properties":{},"geometry":{"type":"LineString","coordinates":[[-79.1482,33.1926],[-79.1482,33.1922]]}},{"type":"Feature","properties":{},"geometry":{"type":"LineString","coordinates":[[-79.1482,33.1926],[-79.1562,33.1935]]}},{"type":"Feature","properties":{},"geometry":{"type":"LineString","coordinates":[[-79.2817,33.3598],[-79.2854,33.3657]]}},{"type":"Feature","properties":{},"geometry":{"type":"LineString","coordinates":[[-79.2817,33.3598],[-79.2823,33.3564]]}},{"type":"Feature","properties":{},"geometry":{"type":"LineString","coordinates":[[-79.2817,33.3598],[-79.2828,33.3566]]}},{"type":"Feature","properties":{},"geometry":{"type":"LineString","coordinates":[[-79.2817,33.3598],[-79.2838,33.3568]]}},{"type":"Feature","properties":{},"geometry":{"type":"LineString","coordinates":[[-79.2817,33.3598],[-79.2872,33.3586]]}},{"type":"Feature","properties":{},"geometry":{"type":"LineString","coordinates":[[-79.2817,33.3598],[-79.2816,33.3597]]}},{"type":"Feature","properties":{},"geometry":{"type":"LineString","coordinates":[[-79.2817,33.3598],[-79.279,33.3498]]}},{"type":"Feature","properties":{},"geometry":{"type":"LineString","coordinates":[[-79.2854,33.3657],[-79.2894,33.3644]]}},{"type":"Feature","properties":{},"geometry":{"type":"LineString","coordinates":[[-79.2854,33.3657],[-79.2891,33.3648]]}},{"type":"Feature","properties":{},"geometry":{"type":"LineString","coordinates":[[-79.2854,33.3657],[-79.2854,33.3659]]}},{"type":"Feature","properties":{},"geometry":{"type":"LineString","coordinates":[[-79.2823,33.3564],[-79.2784,33.3492]]}},{"type":"Feature","properties":{},"geometry":{"type":"LineString","coordinates":[[-79.2823,33.3564],[-79.2789,33.3493]]}},{"type":"Feature","properties":{},"geometry":{"type":"LineString","coordinates":[[-79.2823,33.3564],[-79.2828,33.3566]]}},{"type":"Feature","properties":{},"geometry":{"type":"LineString","coordinates":[[-79.2823,33.3564],[-79.28,33.3494]]}},{"type":"Feature","properties":{},"geometry":{"type":"LineString","coordinates":[[-79.2823,33.3564],[-79.2838,33.3568]]}},{"type":"Feature","properties":{},"geometry":{"type":"LineString","coordinates":[[-79.2823,33.3564],[-79.2872,33.3586]]}},{"type":"Feature","properties":{},"geometry":{"type":"LineString","coordinates":[[-79.2823,33.3564],[-79.2816,33.3597]]}},{"type":"Feature","properties":{},"geometry":{"type":"LineString","coordinates":[[-79.2823,33.3564],[-79.279,33.3498]]}},{"type":"Feature","properties":{},"geometry":{"type":"LineString","coordinates":[[-79.2784,33.3492],[-79.2789,33.3493]]}},{"type":"Feature","properties":{},"geometry":{"type":"LineString","coordinates":[[-79.2784,33.3492],[-79.2828,33.3566]]}},{"type":"Feature","properties":{},"geometry":{"type":"LineString","coordinates":[[-79.2784,33.3492],[-79.2787,33.3423]]}},{"type":"Feature","properties":{},"geometry":{"type":"LineString","coordinates":[[-79.2784,33.3492],[-79.2793,33.3423]]}},{"type":"Feature","properties":{},"geometry":{"type":"LineString","coordinates":[[-79.2784,33.3492],[-79.28,33.3494]]}},{"type":"Feature","properties":{},"geometry":{"type":"LineString","coordinates":[[-79.2784,33.3492],[-79.279,33.3498]]}},{"type":"Feature","properties":{},"geometry":{"type":"LineString","coordinates":[[-79.9516,32.9064],[-79.9514,32.906]]}},{"type":"Feature","properties":{},"geometry":{"type":"LineString","coordinates":[[-79.9516,32.9064],[-79.9465,32.9085]]}},{"type":"Feature","properties":{},"geometry":{"type":"LineString","coordinates":[[-79.9516,32.9064],[-79.9511,32.9047]]}},{"type":"Feature","properties":{},"geometry":{"type":"LineString","coordinates":[[-79.9516,32.9064],[-79.9515,32.9052]]}},{"type":"Feature","properties":{},"geometry":{"type":"LineString","coordinates":[[-79.9516,32.9064],[-79.9503,32.9045]]}},{"type":"Feature","properties":{},"geometry":{"type":"LineString","coordinates":[[-79.9516,32.9064],[-79.9519,32.9068]]}},{"type":"Feature","properties":{},"geometry":{"type":"LineString","coordinates":[[-81.1414,32.1348],[-81.1372,32.1287]]}},{"type":"Feature","properties":{},"geometry":{"type":"LineString","coordinates":[[-81.1414,32.1348],[-81.1408,32.1349]]}},{"type":"Feature","properties":{},"geometry":{"type":"LineString","coordinates":[[-81.1414,32.1348],[-81.1427,32.1399]]}},{"type":"Feature","properties":{},"geometry":{"type":"LineString","coordinates":[[-81.1414,32.1348],[-81.1417,32.1399]]}},{"type":"Feature","properties":{},"geometry":{"type":"LineString","coordinates":[[-81.1414,32.1348],[-81.138,32.1331]]}},{"type":"Feature","properties":{},"geometry":{"type":"LineString","coordinates":[[-81.1414,32.1348],[-81.1405,32.1349]]}},{"type":"Feature","properties":{},"geometry":{"type":"LineString","coordinates":[[-81.1372,32.1287],[-81.133,32.1226]]}},{"type":"Feature","properties":{},"geometry":{"type":"LineString","coordinates":[[-81.1372,32.1287],[-81.1408,32.1349]]}},{"type":"Feature","properties":{},"geometry":{"type":"LineString","coordinates":[[-81.1372,32.1287],[-81.1366,32.1288]]}},{"type":"Feature","properties":{},"geometry":{"type":"LineString","coordinates":[[-81.1372,32.1287],[-81.138,32.1331]]}},{"type":"Feature","properties":{},"geometry":{"type":"LineString","coordinates":[[-81.1372,32.1287],[-81.1405,32.1349]]}},{"type":"Feature","properties":{},"geometry":{"type":"LineString","coordinates":[[-81.1372,32.1287],[-81.1362,32.1289]]}},{"type":"Feature","properties":{},"geometry":{"type":"LineString","coordinates":[[-81.133,32.1226],[-81.1288,32.1165]]}},{"type":"Feature","properties":{},"geometry":{"type":"LineString","coordinates":[[-81.133,32.1226],[-81.1366,32.1288]]}},{"type":"Feature","properties":{},"geometry":{"type":"LineString","coordinates":[[-81.133,32.1226],[-81.1323,32.1228]]}},{"type":"Feature","properties":{},"geometry":{"type":"LineString","coordinates":[[-81.133,32.1226],[-81.1281,32.1168]]}},{"type":"Feature","properties":{},"geometry":{"type":"LineString","coordinates":[[-81.133,32.1226],[-81.1362,32.1289]]}},{"type":"Feature","properties":{},"geometry":{"type":"LineString","coordinates":[[-81.133,32.1226],[-81.132,32.1229]]}},{"type":"Feature","properties":{},"geometry":{"type":"LineString","coordinates":[[-81.1288,32.1165],[-81.1246,32.1104]]}},{"type":"Feature","properties":{},"geometry":{"type":"LineString","coordinates":[[-81.1288,32.1165],[-81.126,32.1125]]}},{"type":"Feature","properties":{},"geometry":{"type":"LineString","coordinates":[[-81.1288,32.1165],[-81.1323,32.1228]]}},{"type":"Feature","properties":{},"geometry":{"type":"LineString","coordinates":[[-81.1288,32.1165],[-81.1281,32.1168]]}},{"type":"Feature","properties":{},"geometry":{"type":"LineString","coordinates":[[-81.1288,32.1165],[-81.132,32.1229]]}},{"type":"Feature","properties":{},"geometry":{"type":"LineString","coordinates":[[-81.1288,32.1165],[-81.1277,32.1169]]}},{"type":"Feature","properties":{},"geometry":{"type":"LineString","coordinates":[[-81.1246,32.1104],[-81.126,32.1125]]}},{"type":"Feature","properties":{},"geometry":{"type":"LineString","coordinates":[[-81.1246,32.1104],[-81.1281,32.1168]]}},{"type":"Feature","properties":{},"geometry":{"type":"LineString","coordinates":[[-81.1246,32.1104],[-81.1238,32.1107]]}},{"type":"Feature","properties":{},"geometry":{"type":"LineString","coordinates":[[-81.1246,32.1104],[-81.1189,32.1054]]}},{"type":"Feature","properties":{},"geometry":{"type":"LineString","coordinates":[[-81.1246,32.1104],[-81.1277,32.1169]]}},{"type":"Feature","properties":{},"geometry":{"type":"LineString","coordinates":[[-81.1246,32.1104],[-81.1235,32.1109]]}},{"type":"Feature","properties":{},"geometry":{"type":"LineString","coordinates":[[-79.9136,32.7846],[-79.907,32.7807]]}},{"type":"Feature","properties":{},"geometry":{"type":"LineString","coordinates":[[-79.9136,32.7846],[-79.9164,32.7906]]}},{"type":"Feature","properties":{},"geometry":{"type":"LineString","coordinates":[[-79.9136,32.7846],[-79.9066,32.781]]}},{"type":"Feature","properties":{},"geometry":{"type":"LineString","coordinates":[[-79.9136,32.7846],[-79.9077,32.7799]]}},{"type":"Feature","properties":{},"geometry":{"type":"LineString","coordinates":[[-79.9136,32.7846],[-79.9073,32.7803]]}},{"type":"Feature","properties":{},"geometry":{"type":"LineString","coordinates":[[-79.9136,32.7846],[-79.913,32.785]]}},{"type":"Feature","properties":{},"geometry":{"type":"LineString","coordinates":[[-79.9136,32.7846],[-79.9156,32.7912]]}},{"type":"Feature","properties":{},"geometry":{"type":"LineString","coordinates":[[-79.9136,32.7846],[-79.9182,32.7896]]}},{"type":"Feature","properties":{},"geometry":{"type":"LineString","coordinates":[[-79.907,32.7807],[-79.8994,32.7774]]}},{"type":"Feature","properties":{},"geometry":{"type":"LineString","coordinates":[[-79.907,32.7807],[-79.8991,32.7778]]}},{"type":"Feature","properties":{},"geometry":{"type":"LineString","coordinates":[[-79.907,32.7807],[-79.9066,32.781]]}},{"type":"Feature","properties":{},"geometry":{"type":"LineString","coordinates":[[-79.907,32.7807],[-79.9077,32.7799]]}},{"type":"Feature","properties":{},"geometry":{"type":"LineString","coordinates":[[-79.907,32.7807],[-79.9,32.7766]]}},{"type":"Feature","properties":{},"geometry":{"type":"LineString","coordinates":[[-79.907,32.7807],[-79.9073,32.7803]]}},{"type":"Feature","properties":{},"geometry":{"type":"LineString","coordinates":[[-79.907,32.7807],[-79.8997,32.777]]}},{"type":"Feature","properties":{},"geometry":{"type":"LineString","coordinates":[[-79.907,32.7807],[-79.913,32.785]]}},{"type":"Feature","properties":{},"geometry":{"type":"LineString","coordinates":[[-79.8994,32.7774],[-79.8918,32.7742]]}},{"type":"Feature","properties":{},"geometry":{"type":"LineString","coordinates":[[-79.8994,32.7774],[-79.8915,32.7746]]}},{"type":"Feature","properties":{},"geometry":{"type":"LineString","coordinates":[[-79.8994,32.7774],[-79.8991,32.7778]]}},{"type":"Feature","properties":{},"geometry":{"type":"LineString","coordinates":[[-79.8994,32.7774],[-79.9066,32.781]]}},{"type":"Feature","properties":{},"geometry":{"type":"LineString","coordinates":[[-79.8994,32.7774],[-79.9,32.7766]]}},{"type":"Feature","properties":{},"geometry":{"type":"LineString","coordinates":[[-79.8994,32.7774],[-79.8924,32.7733]]}},{"type":"Feature","properties":{},"geometry":{"type":"LineString","coordinates":[[-79.8994,32.7774],[-79.9073,32.7803]]}},{"type":"Feature","properties":{},"geometry":{"type":"LineString","coordinates":[[-79.8994,32.7774],[-79.8997,32.777]]}},{"type":"Feature","properties":{},"geometry":{"type":"LineString","coordinates":[[-79.8994,32.7774],[-79.8921,32.7737]]}},{"type":"Feature","properties":{},"geometry":{"type":"LineString","coordinates":[[-79.8994,32.7774],[-79.8994,32.7589]]}},{"type":"Feature","properties":{},"geometry":{"type":"LineString","coordinates":[[-79.8918,32.7742],[-79.8915,32.7746]]}},{"type":"Feature","properties":{},"geometry":{"type":"LineString","coordinates":[[-79.8918,32.7742],[-79.8991,32.7778]]}},{"type":"Feature","properties":{},"geometry":{"type":"LineString","coordinates":[[-79.8918,32.7742],[-79.8851,32.7695]]}},{"type":"Feature","properties":{},"geometry":{"type":"LineString","coordinates":[[-79.8918,32.7742],[-79.8845,32.7702]]}},{"type":"Feature","properties":{},"geometry":{"type":"LineString","coordinates":[[-79.8918,32.7742],[-79.9,32.7766]]}},{"type":"Feature","properties":{},"geometry":{"type":"LineString","coordinates":[[-79.8918,32.7742],[-79.8924,32.7733]]}},{"type":"Feature","properties":{},"geometry":{"type":"LineString","coordinates":[[-79.8918,32.7742],[-79.8997,32.777]]}},{"type":"Feature","properties":{},"geometry":{"type":"LineString","coordinates":[[-79.8918,32.7742],[-79.8921,32.7737]]}},{"type":"Feature","properties":{},"geometry":{"type":"LineString","coordinates":[[-79.8918,32.7742],[-79.8919,32.7589]]}},{"type":"Feature","properties":{},"geometry":{"type":"LineString","coordinates":[[-80.9189,32.0388],[-80.9119,32.0376]]}},{"type":"Feature","properties":{},"geometry":{"type":"LineString","coordinates":[[-80.9189,32.0388],[-80.9193,32.0381]]}},{"type":"Feature","properties":{},"geometry":{"type":"LineString","coordinates":[[-80.9189,32.0388],[-80.9122,32.0369]]}},{"type":"Feature","properties":{},"geometry":{"type":"LineString","coordinates":[[-80.9189,32.0388],[-80.9186,32.0391]]}},{"type":"Feature","properties":{},"geometry":{"type":"LineString","coordinates":[[-80.9189,32.0388],[-80.9117,32.0379]]}},{"type":"Feature","properties":{},"geometry":{"type":"LineString","coordinates":[[-80.9189,32.0388],[-80.9256,32.0416]]}},{"type":"Feature","properties":{},"geometry":{"type":"LineString","coordinates":[[-80.9189,32.0388],[-80.9253,32.0422]]}},{"type":"Feature","properties":{},"geometry":{"type":"LineString","coordinates":[[-80.9119,32.0376],[-80.9049,32.0363]]}},{"type":"Feature","properties":{},"geometry":{"type":"LineString","coordinates":[[-80.9119,32.0376],[-80.9122,32.0369]]}},{"type":"Feature","properties":{},"geometry":{"type":"LineString","coordinates":[[-80.9119,32.0376],[-80.9051,32.0357]]}},{"type":"Feature","properties":{},"geometry":{"type":"LineString","coordinates":[[-80.9119,32.0376],[-80.9186,32.0391]]}},{"type":"Feature","properties":{},"geometry":{"type":"LineString","coordinates":[[-80.9119,32.0376],[-80.9117,32.0379]]}},{"type":"Feature","properties":{},"geometry":{"type":"LineString","coordinates":[[-80.9049,32.0363],[-80.8979,32.0351]]}},{"type":"Feature","properties":{},"geometry":{"type":"LineString","coordinates":[[-80.9049,32.0363],[-80.9051,32.0357]]}},{"type":"Feature","properties":{},"geometry":{"type":"LineString","coordinates":[[-80.9049,32.0363],[-80.898,32.0345]]}},{"type":"Feature","properties":{},"geometry":{"type":"LineString","coordinates":[[-80.9049,32.0363],[-80.9117,32.0379]]}},{"type":"Feature","properties":{},"geometry":{"type":"LineString","coordinates":[[-80.9049,32.0363],[-80.9048,32.0366]]}},{"type":"Feature","properties":{},"geometry":{"type":"LineString","coordinates":[[-80.9049,32.0363],[-80.8979,32.0354]]}},{"type":"Feature","properties":{},"geometry":{"type":"LineString","coordinates":[[-80.8979,32.0351],[-80.9051,32.0357]]}},{"type":"Feature","properties":{},"geometry":{"type":"LineString","coordinates":[[-80.8979,32.0351],[-80.898,32.0345]]}},{"type":"Feature","properties":{},"geometry":{"type":"LineString","coordinates":[[-80.8979,32.0351],[-80.9048,32.0366]]}},{"type":"Feature","properties":{},"geometry":{"type":"LineString","coordinates":[[-80.8979,32.0351],[-80.8979,32.0354]]}},{"type":"Feature","properties":{},"geometry":{"type":"LineString","coordinates":[[-80.8979,32.0351],[-80.8902,32.0352]]}},{"type":"Feature","properties":{},"geometry":{"type":"LineString","coordinates":[[-79.9231,32.7905],[-79.9263,32.7964]]}},{"type":"Feature","properties":{},"geometry":{"type":"LineString","coordinates":[[-79.9231,32.7905],[-79.922,32.7898]]}},{"type":"Feature","properties":{},"geometry":{"type":"LineString","coordinates":[[-79.9231,32.7905],[-79.9209,32.791]]}},{"type":"Feature","properties":{},"geometry":{"type":"LineString","coordinates":[[-79.9231,32.7905],[-79.9214,32.7904]]}},{"type":"Feature","properties":{},"geometry":{"type":"LineString","coordinates":[[-79.9231,32.7905],[-79.9203,32.7913]]}},{"type":"Feature","properties":{},"geometry":{"type":"LineString","coordinates":[[-79.9231,32.7905],[-79.9248,32.7918]]}},{"type":"Feature","properties":{},"geometry":{"type":"LineString","coordinates":[[-79.9231,32.7905],[-79.9244,32.7919]]}},{"type":"Feature","properties":{},"geometry":{"type":"LineString","coordinates":[[-79.9231,32.7905],[-79.9182,32.7896]]}},{"type":"Feature","properties":{},"geometry":{"type":"LineString","coordinates":[[-79.9263,32.7964],[-79.9294,32.8023]]}},{"type":"Feature","properties":{},"geometry":{"type":"LineString","coordinates":[[-79.9263,32.7964],[-79.9265,32.7994]]}},{"type":"Feature","properties":{},"geometry":{"type":"LineString","coordinates":[[-79.9263,32.7964],[-79.9267,32.7993]]}},{"type":"Feature","properties":{},"geometry":{"type":"LineString","coordinates":[[-79.9263,32.7964],[-79.9264,32.7995]]}},{"type":"Feature","properties":{},"geometry":{"type":"LineString","coordinates":[[-79.9263,32.7964],[-79.9248,32.7918]]}},{"type":"Feature","properties":{},"geometry":{"type":"LineString","coordinates":[[-79.9263,32.7964],[-79.9293,32.8006]]}},{"type":"Feature","properties":{},"geometry":{"type":"LineString","coordinates":[[-79.9263,32.7964],[-79.9244,32.7919]]}},{"type":"Feature","properties":{},"geometry":{"type":"LineString","coordinates":[[-79.9263,32.7964],[-79.929,32.8007]]}},{"type":"Feature","properties":{},"geometry":{"type":"LineString","coordinates":[[-79.9294,32.8023],[-79.9265,32.7994]]}},{"type":"Feature","properties":{},"geometry":{"type":"LineString","coordinates":[[-79.9294,32.8023],[-79.9267,32.7993]]}},{"type":"Feature","properties":{},"geometry":{"type":"LineString","coordinates":[[-79.9294,32.8023],[-79.9264,32.7995]]}},{"type":"Feature","properties":{},"geometry":{"type":"LineString","coordinates":[[-79.9294,32.8023],[-79.9293,32.8006]]}},{"type":"Feature","properties":{},"geometry":{"type":"LineString","coordinates":[[-79.9294,32.8023],[-79.929,32.8007]]}},{"type":"Feature","properties":{},"geometry":{"type":"LineString","coordinates":[[-79.9582,32.9012],[-79.9511,32.9047]]}},{"type":"Feature","properties":{},"geometry":{"type":"LineString","coordinates":[[-79.9582,32.9012],[-79.9515,32.9052]]}},{"type":"Feature","properties":{},"geometry":{"type":"LineString","coordinates":[[-79.9582,32.9012],[-79.9579,32.9009]]}},{"type":"Feature","properties":{},"geometry":{"type":"LineString","coordinates":[[-79.9369,32.8519],[-79.9438,32.8544]]}},{"type":"Feature","properties":{},"geometry":{"type":"LineString","coordinates":[[-79.9369,32.8519],[-79.9361,32.8524]]}},{"type":"Feature","properties":{},"geometry":{"type":"LineString","coordinates":[[-79.9369,32.8519],[-79.9431,32.8551]]}},{"type":"Feature","properties":{},"geometry":{"type":"LineString","coordinates":[[-79.9369,32.8519],[-79.9365,32.8522]]}},{"type":"Feature","properties":{},"geometry":{"type":"LineString","coordinates":[[-79.9369,32.8519],[-79.9434,32.8548]]}},{"type":"Feature","properties":{},"geometry":{"type":"LineString","coordinates":[[-79.9369,32.8519],[-79.9312,32.8474]]}},{"type":"Feature","properties":{},"geometry":{"type":"LineString","coordinates":[[-79.9438,32.8544],[-79.9506,32.8569]]}},{"type":"Feature","properties":{},"geometry":{"type":"LineString","coordinates":[[-79.9438,32.8544],[-79.9431,32.8551]]}},{"type":"Feature","properties":{},"geometry":{"type":"LineString","coordinates":[[-79.9438,32.8544],[-79.9501,32.8578]]}},{"type":"Feature","properties":{},"geometry":{"type":"LineString","coordinates":[[-79.9438,32.8544],[-79.9365,32.8522]]}},{"type":"Feature","properties":{},"geometry":{"type":"LineString","coordinates":[[-79.9438,32.8544],[-79.9434,32.8548]]}},{"type":"Feature","properties":{},"geometry":{"type":"LineString","coordinates":[[-79.9438,32.8544],[-79.9504,32.8573]]}},{"type":"Feature","properties":{},"geometry":{"type":"LineString","coordinates":[[-79.9506,32.8569],[-79.9501,32.8578]]}},{"type":"Feature","properties":{},"geometry":{"type":"LineString","coordinates":[[-79.9506,32.8569],[-79.9564,32.8616]]}},{"type":"Feature","properties":{},"geometry":{"type":"LineString","coordinates":[[-79.9506,32.8569],[-79.9567,32.8612]]}},{"type":"Feature","properties":{},"geometry":{"type":"LineString","coordinates":[[-79.9506,32.8569],[-79.9434,32.8548]]}},{"type":"Feature","properties":{},"geometry":{"type":"LineString","coordinates":[[-79.9506,32.8569],[-79.9504,32.8573]]}},{"type":"Feature","properties":{},"geometry":{"type":"LineString","coordinates":[[-81.1418,32.1448],[-81.1455,32.15]]}},{"type":"Feature","properties":{},"geometry":{"type":"LineString","coordinates":[[-81.1418,32.1448],[-81.1414,32.1448]]}},{"type":"Feature","properties":{},"geometry":{"type":"LineString","coordinates":[[-81.1418,32.1448],[-81.1424,32.1447]]}},{"type":"Feature","properties":{},"geometry":{"type":"LineString","coordinates":[[-81.1418,32.1448],[-81.1427,32.1399]]}},{"type":"Feature","properties":{},"geometry":{"type":"LineString","coordinates":[[-81.1418,32.1448],[-81.1417,32.1399]]}},{"type":"Feature","properties":{},"geometry":{"type":"LineString","coordinates":[[-81.1418,32.1448],[-81.1412,32.1414]]}},{"type":"Feature","properties":{},"geometry":{"type":"LineString","coordinates":[[-81.1418,32.1448],[-81.1449,32.1501]]}},{"type":"Feature","properties":{},"geometry":{"type":"LineString","coordinates":[[-81.1418,32.1448],[-81.1451,32.15]]}},{"type":"Feature","properties":{},"geometry":{"type":"LineString","coordinates":[[-81.1418,32.1448],[-81.1421,32.1447]]}},{"type":"Feature","properties":{},"geometry":{"type":"LineString","coordinates":[[-81.126,32.1125],[-81.1281,32.1168]]}},{"type":"Feature","properties":{},"geometry":{"type":"LineString","coordinates":[[-81.126,32.1125],[-81.1238,32.1107]]}},{"type":"Feature","properties":{},"geometry":{"type":"LineString","coordinates":[[-81.126,32.1125],[-81.1277,32.1169]]}},{"type":"Feature","properties":{},"geometry":{"type":"LineString","coordinates":[[-81.126,32.1125],[-81.1235,32.1109]]}},{"type":"Feature","properties":{},"geometry":{"type":"LineString","coordinates":[[-79.922,32.7898],[-79.9209,32.791]]}},{"type":"Feature","properties":{},"geometry":{"type":"LineString","coordinates":[[-79.922,32.7898],[-79.9164,32.7906]]}},{"type":"Feature","properties":{},"geometry":{"type":"LineString","coordinates":[[-79.922,32.7898],[-79.9214,32.7825]]}},{"type":"Feature","properties":{},"geometry":{"type":"LineString","coordinates":[[-79.922,32.7898],[-79.9214,32.7904]]}},{"type":"Feature","properties":{},"geometry":{"type":"LineString","coordinates":[[-79.922,32.7898],[-79.9203,32.7913]]}},{"type":"Feature","properties":{},"geometry":{"type":"LineString","coordinates":[[-79.922,32.7898],[-79.9156,32.7912]]}},{"type":"Feature","properties":{},"geometry":{"type":"LineString","coordinates":[[-79.922,32.7898],[-79.9248,32.7918]]}},{"type":"Feature","properties":{},"geometry":{"type":"LineString","coordinates":[[-79.922,32.7898],[-79.9244,32.7919]]}},{"type":"Feature","properties":{},"geometry":{"type":"LineString","coordinates":[[-79.922,32.7898],[-79.9182,32.7896]]}},{"type":"Feature","properties":{},"geometry":{"type":"LineString","coordinates":[[-81.1518,32.1537],[-81.1455,32.15]]}},{"type":"Feature","properties":{},"geometry":{"type":"LineString","coordinates":[[-81.1518,32.1537],[-81.154,32.1584]]}},{"type":"Feature","properties":{},"geometry":{"type":"LineString","coordinates":[[-81.1518,32.1537],[-81.1551,32.1581]]}},{"type":"Feature","properties":{},"geometry":{"type":"LineString","coordinates":[[-81.1518,32.1537],[-81.1508,32.1539]]}},{"type":"Feature","properties":{},"geometry":{"type":"LineString","coordinates":[[-81.1518,32.1537],[-81.1511,32.1539]]}},{"type":"Feature","properties":{},"geometry":{"type":"LineString","coordinates":[[-81.1518,32.1537],[-81.1548,32.1582]]}},{"type":"Feature","properties":{},"geometry":{"type":"LineString","coordinates":[[-81.1455,32.15],[-81.1414,32.1448]]}},{"type":"Feature","properties":{},"geometry":{"type":"LineString","coordinates":[[-81.1455,32.15],[-81.1424,32.1447]]}},{"type":"Feature","properties":{},"geometry":{"type":"LineString","coordinates":[[-81.1455,32.15],[-81.1508,32.1539]]}},{"type":"Feature","properties":{},"geometry":{"type":"LineString","coordinates":[[-81.1455,32.15],[-81.1449,32.1501]]}},{"type":"Feature","properties":{},"geometry":{"type":"LineString","coordinates":[[-81.1455,32.15],[-81.1451,32.15]]}},{"type":"Feature","properties":{},"geometry":{"type":"LineString","coordinates":[[-81.1455,32.15],[-81.1421,32.1447]]}},{"type":"Feature","properties":{},"geometry":{"type":"LineString","coordinates":[[-79.2918,33.3583],[-79.2894,33.3644]]}},{"type":"Feature","properties":{},"geometry":{"type":"LineString","coordinates":[[-79.2918,33.3583],[-79.2916,33.3578]]}},{"type":"Feature","properties":{},"geometry":{"type":"LineString","coordinates":[[-79.2918,33.3583],[-79.2914,33.3573]]}},{"type":"Feature","properties":{},"geometry":{"type":"LineString","coordinates":[[-79.2918,33.3583],[-79.2872,33.3586]]}},{"type":"Feature","properties":{},"geometry":{"type":"LineString","coordinates":[[-79.9265,32.7994],[-79.9267,32.7993]]}},{"type":"Feature","properties":{},"geometry":{"type":"LineString","coordinates":[[-79.9265,32.7994],[-79.9264,32.7995]]}},{"type":"Feature","properties":{},"geometry":{"type":"LineString","coordinates":[[-79.9265,32.7994],[-79.9293,32.8006]]}},{"type":"Feature","properties":{},"geometry":{"type":"LineString","coordinates":[[-79.9265,32.7994],[-79.929,32.8007]]}},{"type":"Feature","properties":{},"geometry":{"type":"LineString","coordinates":[[-79.9514,32.906],[-79.9465,32.9085]]}},{"type":"Feature","properties":{},"geometry":{"type":"LineString","coordinates":[[-79.9514,32.906],[-79.9511,32.9047]]}},{"type":"Feature","properties":{},"geometry":{"type":"LineString","coordinates":[[-79.9514,32.906],[-79.9515,32.9052]]}},{"type":"Feature","properties":{},"geometry":{"type":"LineString","coordinates":[[-79.9514,32.906],[-79.9579,32.9009]]}},{"type":"Feature","properties":{},"geometry":{"type":"LineString","coordinates":[[-79.9514,32.906],[-79.9503,32.9045]]}},{"type":"Feature","properties":{},"geometry":{"type":"LineString","coordinates":[[-79.9514,32.906],[-79.9519,32.9068]]}},{"type":"Feature","properties":{},"geometry":{"type":"LineString","coordinates":[[-79.9514,32.906],[-79.9448,32.9078]]}},{"type":"Feature","properties":{},"geometry":{"type":"LineString","coordinates":[[-79.9185,32.8133],[-79.924,32.817]]}},{"type":"Feature","properties":{},"geometry":{"type":"LineString","coordinates":[[-79.9185,32.8133],[-79.915,32.808]]}},{"type":"Feature","properties":{},"geometry":{"type":"LineString","coordinates":[[-79.9185,32.8133],[-79.9141,32.8084]]}},{"type":"Feature","properties":{},"geometry":{"type":"LineString","coordinates":[[-79.9185,32.8133],[-79.9168,32.814]]}},{"type":"Feature","properties":{},"geometry":{"type":"LineString","coordinates":[[-79.9185,32.8133],[-79.9228,32.8177]]}},{"type":"Feature","properties":{},"geometry":{"type":"LineString","coordinates":[[-79.9185,32.8133],[-79.9164,32.8072]]}},{"type":"Feature","properties":{},"geometry":{"type":"LineString","coordinates":[[-79.924,32.817],[-79.9287,32.8154]]}},{"type":"Feature","properties":{},"geometry":{"type":"LineString","coordinates":[[-79.924,32.817],[-79.9271,32.8225]]}},{"type":"Feature","properties":{},"geometry":{"type":"LineString","coordinates":[[-79.924,32.817],[-79.9228,32.8177]]}},{"type":"Feature","properties":{},"geometry":{"type":"LineString","coordinates":[[-79.924,32.817],[-79.929,32.8157]]}},{"type":"Feature","properties":{},"geometry":{"type":"LineString","coordinates":[[-80.9193,32.0381],[-80.9122,32.0369]]}},{"type":"Feature","properties":{},"geometry":{"type":"LineString","coordinates":[[-80.9193,32.0381],[-80.9186,32.0391]]}},{"type":"Feature","properties":{},"geometry":{"type":"LineString","coordinates":[[-80.9193,32.0381],[-80.9256,32.0416]]}},{"type":"Feature","properties":{},"geometry":{"type":"LineString","coordinates":[[-80.9193,32.0381],[-80.9253,32.0422]]}},{"type":"Feature","properties":{},"geometry":{"type":"LineString","coordinates":[[-80.9122,32.0369],[-80.9051,32.0357]]}},{"type":"Feature","properties":{},"geometry":{"type":"LineString","coordinates":[[-80.9122,32.0369],[-80.9186,32.0391]]}},{"type":"Feature","properties":{},"geometry":{"type":"LineString","coordinates":[[-80.9122,32.0369],[-80.9117,32.0379]]}},{"type":"Feature","properties":{},"geometry":{"type":"LineString","coordinates":[[-80.9051,32.0357],[-80.898,32.0345]]}},{"type":"Feature","properties":{},"geometry":{"type":"LineString","coordinates":[[-80.9051,32.0357],[-80.9117,32.0379]]}},{"type":"Feature","properties":{},"geometry":{"type":"LineString","coordinates":[[-80.9051,32.0357],[-80.9048,32.0366]]}},{"type":"Feature","properties":{},"geometry":{"type":"LineString","coordinates":[[-80.9051,32.0357],[-80.8979,32.0354]]}},{"type":"Feature","properties":{},"geometry":{"type":"LineString","coordinates":[[-80.898,32.0345],[-80.9048,32.0366]]}},{"type":"Feature","properties":{},"geometry":{"type":"LineString","coordinates":[[-80.898,32.0345],[-80.8979,32.0354]]}},{"type":"Feature","properties":{},"geometry":{"type":"LineString","coordinates":[[-80.898,32.0345],[-80.8902,32.0352]]}},{"type":"Feature","properties":{},"geometry":{"type":"LineString","coordinates":[[-79.9465,32.9085],[-79.9511,32.9047]]}},{"type":"Feature","properties":{},"geometry":{"type":"LineString","coordinates":[[-79.9465,32.9085],[-79.9515,32.9052]]}},{"type":"Feature","properties":{},"geometry":{"type":"LineString","coordinates":[[-79.9465,32.9085],[-79.9438,32.9089]]}},{"type":"Feature","properties":{},"geometry":{"type":"LineString","coordinates":[[-79.9465,32.9085],[-79.9503,32.9045]]}},{"type":"Feature","properties":{},"geometry":{"type":"LineString","coordinates":[[-79.9465,32.9085],[-79.9519,32.9068]]}},{"type":"Feature","properties":{},"geometry":{"type":"LineString","coordinates":[[-79.9465,32.9085],[-79.9448,32.9078]]}},{"type":"Feature","properties":{},"geometry":{"type":"LineString","coordinates":[[-79.9277,32.9456],[-79.9264,32.9421]]}},{"type":"Feature","properties":{},"geometry":{"type":"LineString","coordinates":[[-79.9277,32.9456],[-79.9268,32.942]]}},{"type":"Feature","properties":{},"geometry":{"type":"LineString","coordinates":[[-79.9277,32.9456],[-79.9272,32.942]]}},{"type":"Feature","properties":{},"geometry":{"type":"LineString","coordinates":[[-79.9277,32.9456],[-79.9271,32.9458]]}},{"type":"Feature","properties":{},"geometry":{"type":"LineString","coordinates":[[-79.9277,32.9456],[-79.9259,32.9421]]}},{"type":"Feature","properties":{},"geometry":{"type":"LineString","coordinates":[[-79.9305,32.8297],[-79.9298,32.8395]]}},{"type":"Feature","properties":{},"geometry":{"type":"LineString","coordinates":[[-79.9305,32.8297],[-79.9297,32.8298]]}},{"type":"Feature","properties":{},"geometry":{"type":"LineString","coordinates":[[-79.9305,32.8297],[-79.9289,32.8299]]}},{"type":"Feature","properties":{},"geometry":{"type":"LineString","coordinates":[[-79.9305,32.8297],[-79.9348,32.8303]]}},{"type":"Feature","properties":{},"geometry":{"type":"LineString","coordinates":[[-79.9298,32.8395],[-79.9304,32.8394]]}},{"type":"Feature","properties":{},"geometry":{"type":"LineString","coordinates":[[-79.9298,32.8395],[-79.932,32.8387]]}},{"type":"Feature","properties":{},"geometry":{"type":"LineString","coordinates":[[-79.9298,32.8395],[-79.929,32.8395]]}},{"type":"Feature","properties":{},"geometry":{"type":"LineString","coordinates":[[-79.9298,32.8395],[-79.9282,32.8396]]}},{"type":"Feature","properties":{},"geometry":{"type":"LineString","coordinates":[[-79.9267,32.7993],[-79.9264,32.7995]]}},{"type":"Feature","properties":{},"geometry":{"type":"LineString","coordinates":[[-79.9267,32.7993],[-79.9293,32.8006]]}},{"type":"Feature","properties":{},"geometry":{"type":"LineString","coordinates":[[-79.9267,32.7993],[-79.929,32.8007]]}},{"type":"Feature","properties":{},"geometry":{"type":"LineString","coordinates":[[-81.1408,32.1349],[-81.1366,32.1288]]}},{"type":"Feature","properties":{},"geometry":{"type":"LineString","coordinates":[[-81.1408,32.1349],[-81.1427,32.1399]]}},{"type":"Feature","properties":{},"geometry":{"type":"LineString","coordinates":[[-81.1408,32.1349],[-81.1417,32.1399]]}},{"type":"Feature","properties":{},"geometry":{"type":"LineString","coordinates":[[-81.1408,32.1349],[-81.138,32.1331]]}},{"type":"Feature","properties":{},"geometry":{"type":"LineString","coordinates":[[-81.1408,32.1349],[-81.1405,32.1349]]}},{"type":"Feature","properties":{},"geometry":{"type":"LineString","coordinates":[[-81.1408,32.1349],[-81.1362,32.1289]]}},{"type":"Feature","properties":{},"geometry":{"type":"LineString","coordinates":[[-81.1366,32.1288],[-81.1323,32.1228]]}},{"type":"Feature","properties":{},"geometry":{"type":"LineString","coordinates":[[-81.1366,32.1288],[-81.138,32.1331]]}},{"type":"Feature","properties":{},"geometry":{"type":"LineString","coordinates":[[-81.1366,32.1288],[-81.1405,32.1349]]}},{"type":"Feature","properties":{},"geometry":{"type":"LineString","coordinates":[[-81.1366,32.1288],[-81.1362,32.1289]]}},{"type":"Feature","properties":{},"geometry":{"type":"LineString","coordinates":[[-81.1366,32.1288],[-81.132,32.1229]]}},{"type":"Feature","properties":{},"geometry":{"type":"LineString","coordinates":[[-81.1323,32.1228],[-81.1281,32.1168]]}},{"type":"Feature","properties":{},"geometry":{"type":"LineString","coordinates":[[-81.1323,32.1228],[-81.1362,32.1289]]}},{"type":"Feature","properties":{},"geometry":{"type":"LineString","coordinates":[[-81.1323,32.1228],[-81.132,32.1229]]}},{"type":"Feature","properties":{},"geometry":{"type":"LineString","coordinates":[[-81.1323,32.1228],[-81.1277,32.1169]]}},{"type":"Feature","properties":{},"geometry":{"type":"LineString","coordinates":[[-81.1281,32.1168],[-81.1238,32.1107]]}},{"type":"Feature","properties":{},"geometry":{"type":"LineString","coordinates":[[-81.1281,32.1168],[-81.132,32.1229]]}},{"type":"Feature","properties":{},"geometry":{"type":"LineString","coordinates":[[-81.1281,32.1168],[-81.1277,32.1169]]}},{"type":"Feature","properties":{},"geometry":{"type":"LineString","coordinates":[[-81.1238,32.1107],[-81.1182,32.1059]]}},{"type":"Feature","properties":{},"geometry":{"type":"LineString","coordinates":[[-81.1238,32.1107],[-81.1189,32.1054]]}},{"type":"Feature","properties":{},"geometry":{"type":"LineString","coordinates":[[-81.1238,32.1107],[-81.1277,32.1169]]}},{"type":"Feature","properties":{},"geometry":{"type":"LineString","coordinates":[[-81.1238,32.1107],[-81.1235,32.1109]]}},{"type":"Feature","properties":{},"geometry":{"type":"LineString","coordinates":[[-80.8245,32.0325],[-80.8324,32.0347]]}},{"type":"Feature","properties":{},"geometry":{"type":"LineString","coordinates":[[-80.8245,32.0325],[-80.8174,32.029]]}},{"type":"Feature","properties":{},"geometry":{"type":"LineString","coordinates":[[-80.8245,32.0325],[-80.8235,32.034]]}},{"type":"Feature","properties":{},"geometry":{"type":"LineString","coordinates":[[-80.8245,32.0325],[-80.8318,32.0362]]}},{"type":"Feature","properties":{},"geometry":{"type":"LineString","coordinates":[[-80.8245,32.0325],[-80.8242,32.033]]}},{"type":"Feature","properties":{},"geometry":{"type":"LineString","coordinates":[[-80.8245,32.0325],[-80.8322,32.0352]]}},{"type":"Feature","properties":{},"geometry":{"type":"LineString","coordinates":[[-80.8245,32.0325],[-80.8171,32.0294]]}},{"type":"Feature","properties":{},"geometry":{"type":"LineString","coordinates":[[-80.8245,32.0325],[-80.8178,32.0286]]}},{"type":"Feature","properties":{},"geometry":{"type":"LineString","coordinates":[[-80.8324,32.0347],[-80.8404,32.0368]]}},{"type":"Feature","properties":{},"geometry":{"type":"LineString","coordinates":[[-80.8324,32.0347],[-80.8318,32.0362]]}},{"type":"Feature","properties":{},"geometry":{"type":"LineString","coordinates":[[-80.8324,32.0347],[-80.8401,32.0384]]}},{"type":"Feature","properties":{},"geometry":{"type":"LineString","coordinates":[[-80.8324,32.0347],[-80.8242,32.033]]}},{"type":"Feature","properties":{},"geometry":{"type":"LineString","coordinates":[[-80.8324,32.0347],[-80.8322,32.0352]]}},{"type":"Feature","properties":{},"geometry":{"type":"LineString","coordinates":[[-80.8324,32.0347],[-80.8403,32.0374]]}},{"type":"Feature","properties":{},"geometry":{"type":"LineString","coordinates":[[-80.8404,32.0368],[-80.8401,32.0384]]}},{"type":"Feature","properties":{},"geometry":{"type":"LineString","coordinates":[[-80.8404,32.0368],[-80.8322,32.0352]]}},{"type":"Feature","properties":{},"geometry":{"type":"LineString","coordinates":[[-80.8404,32.0368],[-80.8403,32.0374]]}},{"type":"Feature","properties":{},"geometry":{"type":"LineString","coordinates":[[-80.8404,32.0368],[-80.8485,32.0382]]}},{"type":"Feature","properties":{},"geometry":{"type":"LineString","coordinates":[[-79.9287,32.8154],[-79.9307,32.8086]]}},{"type":"Feature","properties":{},"geometry":{"type":"LineString","coordinates":[[-79.9287,32.8154],[-79.9228,32.8177]]}},{"type":"Feature","properties":{},"geometry":{"type":"LineString","coordinates":[[-79.9287,32.8154],[-79.9308,32.8086]]}},{"type":"Feature","properties":{},"geometry":{"type":"LineString","coordinates":[[-79.9287,32.8154],[-79.929,32.8157]]}},{"type":"Feature","properties":{},"geometry":{"type":"LineString","coordinates":[[-79.9307,32.8086],[-79.9308,32.8086]]}},{"type":"Feature","properties":{},"geometry":{"type":"LineString","coordinates":[[-79.9307,32.8086],[-79.929,32.8157]]}},{"type":"Feature","properties":{},"geometry":{"type":"LineString","coordinates":[[-79.9109,32.8159],[-79.9053,32.8205]]}},{"type":"Feature","properties":{},"geometry":{"type":"LineString","coordinates":[[-79.9109,32.8159],[-79.9051,32.8194]]}},{"type":"Feature","properties":{},"geometry":{"type":"LineString","coordinates":[[-79.9109,32.8159],[-79.9105,32.814]]}},{"type":"Feature","properties":{},"geometry":{"type":"LineString","coordinates":[[-79.9109,32.8159],[-79.9168,32.814]]}},{"type":"Feature","properties":{},"geometry":{"type":"LineString","coordinates":[[-79.9053,32.8205],[-79.8997,32.825]]}},{"type":"Feature","properties":{},"geometry":{"type":"LineString","coordinates":[[-79.9053,32.8205],[-79.8997,32.8249]]}},{"type":"Feature","properties":{},"geometry":{"type":"LineString","coordinates":[[-79.9053,32.8205],[-79.9051,32.8194]]}},{"type":"Feature","properties":{},"geometry":{"type":"LineString","coordinates":[[-79.8997,32.825],[-79.8997,32.8249]]}},{"type":"Feature","properties":{},"geometry":{"type":"LineString","coordinates":[[-79.8997,32.825],[-79.9051,32.8194]]}},{"type":"Feature","properties":{},"geometry":{"type":"LineString","coordinates":[[-79.8997,32.825],[-79.8947,32.8301]]}},{"type":"Feature","properties":{},"geometry":{"type":"LineString","coordinates":[[-79.8997,32.825],[-79.8951,32.8303]]}},{"type":"Feature","properties":{},"geometry":{"type":"LineString","coordinates":[[-79.8997,32.825],[-79.8954,32.8305]]}},{"type":"Feature","properties":{},"geometry":{"type":"LineString","coordinates":[[-80.3924,32.5996],[-80.394,32.6015]]}},{"type":"Feature","properties":{},"geometry":{"type":"LineString","coordinates":[[-79.9277,32.9389],[-79.9264,32.9421]]}},{"type":"Feature","properties":{},"geometry":{"type":"LineString","coordinates":[[-79.9277,32.9389],[-79.928,32.939]]}},{"type":"Feature","properties":{},"geometry":{"type":"LineString","coordinates":[[-79.9277,32.9389],[-79.9268,32.942]]}},{"type":"Feature","properties":{},"geometry":{"type":"LineString","coordinates":[[-79.9277,32.9389],[-79.9283,32.9391]]}},{"type":"Feature","properties":{},"geometry":{"type":"LineString","coordinates":[[-79.9277,32.9389],[-79.9272,32.942]]}},{"type":"Feature","properties":{},"geometry":{"type":"LineString","coordinates":[[-79.9277,32.9389],[-79.9259,32.9421]]}},{"type":"Feature","properties":{},"geometry":{"type":"LineString","coordinates":[[-79.9511,32.9047],[-79.9515,32.9052]]}},{"type":"Feature","properties":{},"geometry":{"type":"LineString","coordinates":[[-79.9511,32.9047],[-79.9579,32.9009]]}},{"type":"Feature","properties":{},"geometry":{"type":"LineString","coordinates":[[-79.9511,32.9047],[-79.9503,32.9045]]}},{"type":"Feature","properties":{},"geometry":{"type":"LineString","coordinates":[[-79.9511,32.9047],[-79.9519,32.9068]]}},{"type":"Feature","properties":{},"geometry":{"type":"LineString","coordinates":[[-79.2856,33.3096],[-79.2817,33.3024]]}},{"type":"Feature","properties":{},"geometry":{"type":"LineString","coordinates":[[-79.2856,33.3096],[-79.2828,33.3021]]}},{"type":"Feature","properties":{},"geometry":{"type":"LineString","coordinates":[[-79.2856,33.3096],[-79.286,33.3095]]}},{"type":"Feature","properties":{},"geometry":{"type":"LineString","coordinates":[[-79.2856,33.3096],[-79.2861,33.3192]]}},{"type":"Feature","properties":{},"geometry":{"type":"LineString","coordinates":[[-79.2856,33.3096],[-79.2865,33.3191]]}},{"type":"Feature","properties":{},"geometry":{"type":"LineString","coordinates":[[-79.2856,33.3096],[-79.2881,33.3081]]}},{"type":"Feature","properties":{},"geometry":{"type":"LineString","coordinates":[[-81.0472,32.0796],[-81.0415,32.0811]]}},{"type":"Feature","properties":{},"geometry":{"type":"LineString","coordinates":[[-81.0472,32.0796],[-81.0491,32.0811]]}},{"type":"Feature","properties":{},"geometry":{"type":"LineString","coordinates":[[-81.0472,32.0796],[-81.0419,32.0823]]}},{"type":"Feature","properties":{},"geometry":{"type":"LineString","coordinates":[[-79.9209,32.791],[-79.9164,32.7906]]}},{"type":"Feature","properties":{},"geometry":{"type":"LineString","coordinates":[[-79.9209,32.791],[-79.9214,32.7904]]}},{"type":"Feature","properties":{},"geometry":{"type":"LineString","coordinates":[[-79.9209,32.791],[-79.9203,32.7913]]}},{"type":"Feature","properties":{},"geometry":{"type":"LineString","coordinates":[[-79.9209,32.791],[-79.9156,32.7912]]}},{"type":"Feature","properties":{},"geometry":{"type":"LineString","coordinates":[[-79.9209,32.791],[-79.9248,32.7918]]}},{"type":"Feature","properties":{},"geometry":{"type":"LineString","coordinates":[[-79.9209,32.791],[-79.9244,32.7919]]}},{"type":"Feature","properties":{},"geometry":{"type":"LineString","coordinates":[[-79.9209,32.791],[-79.9173,32.7984]]}},{"type":"Feature","properties":{},"geometry":{"type":"LineString","coordinates":[[-79.9209,32.791],[-79.9182,32.7896]]}},{"type":"Feature","properties":{},"geometry":{"type":"LineString","coordinates":[[-79.9264,32.9421],[-79.928,32.939]]}},{"type":"Feature","properties":{},"geometry":{"type":"LineString","coordinates":[[-79.9264,32.9421],[-79.9268,32.942]]}},{"type":"Feature","properties":{},"geometry":{"type":"LineString","coordinates":[[-79.9264,32.9421],[-79.9283,32.9391]]}},{"type":"Feature","properties":{},"geometry":{"type":"LineString","coordinates":[[-79.9264,32.9421],[-79.9272,32.942]]}},{"type":"Feature","properties":{},"geometry":{"type":"LineString","coordinates":[[-79.9264,32.9421],[-79.9271,32.9458]]}},{"type":"Feature","properties":{},"geometry":{"type":"LineString","coordinates":[[-79.9264,32.9421],[-79.9259,32.9421]]}},{"type":"Feature","properties":{},"geometry":{"type":"LineString","coordinates":[[-79.915,32.808],[-79.9157,32.7993]]}},{"type":"Feature","properties":{},"geometry":{"type":"LineString","coordinates":[[-79.915,32.808],[-79.9105,32.814]]}},{"type":"Feature","properties":{},"geometry":{"type":"LineString","coordinates":[[-79.915,32.808],[-79.9141,32.8084]]}},{"type":"Feature","properties":{},"geometry":{"type":"LineString","coordinates":[[-79.915,32.808],[-79.9149,32.7998]]}},{"type":"Feature","properties":{},"geometry":{"type":"LineString","coordinates":[[-79.915,32.808],[-79.9168,32.814]]}},{"type":"Feature","properties":{},"geometry":{"type":"LineString","coordinates":[[-79.915,32.808],[-79.9164,32.8072]]}},{"type":"Feature","properties":{},"geometry":{"type":"LineString","coordinates":[[-79.9157,32.7993],[-79.9164,32.7906]]}},{"type":"Feature","properties":{},"geometry":{"type":"LineString","coordinates":[[-79.9157,32.7993],[-79.9203,32.7913]]}},{"type":"Feature","properties":{},"geometry":{"type":"LineString","coordinates":[[-79.9157,32.7993],[-79.9141,32.8084]]}},{"type":"Feature","properties":{},"geometry":{"type":"LineString","coordinates":[[-79.9157,32.7993],[-79.9149,32.7998]]}},{"type":"Feature","properties":{},"geometry":{"type":"LineString","coordinates":[[-79.9157,32.7993],[-79.9156,32.7912]]}},{"type":"Feature","properties":{},"geometry":{"type":"LineString","coordinates":[[-79.9157,32.7993],[-79.9164,32.8072]]}},{"type":"Feature","properties":{},"geometry":{"type":"LineString","coordinates":[[-79.9157,32.7993],[-79.9173,32.7984]]}},{"type":"Feature","properties":{},"geometry":{"type":"LineString","coordinates":[[-79.9164,32.7906],[-79.9214,32.7904]]}},{"type":"Feature","properties":{},"geometry":{"type":"LineString","coordinates":[[-79.9164,32.7906],[-79.9203,32.7913]]}},{"type":"Feature","properties":{},"geometry":{"type":"LineString","coordinates":[[-79.9164,32.7906],[-79.913,32.785]]}},{"type":"Feature","properties":{},"geometry":{"type":"LineString","coordinates":[[-79.9164,32.7906],[-79.9149,32.7998]]}},{"type":"Feature","properties":{},"geometry":{"type":"LineString","coordinates":[[-79.9164,32.7906],[-79.9156,32.7912]]}},{"type":"Feature","properties":{},"geometry":{"type":"LineString","coordinates":[[-79.9164,32.7906],[-79.9173,32.7984]]}},{"type":"Feature","properties":{},"geometry":{"type":"LineString","coordinates":[[-79.9164,32.7906],[-79.9182,32.7896]]}},{"type":"Feature","properties":{},"geometry":{"type":"LineString","coordinates":[[-79.9264,32.7995],[-79.9293,32.8006]]}},{"type":"Feature","properties":{},"geometry":{"type":"LineString","coordinates":[[-79.9264,32.7995],[-79.929,32.8007]]}},{"type":"Feature","properties":{},"geometry":{"type":"LineString","coordinates":[[-81.1414,32.1448],[-81.1424,32.1447]]}},{"type":"Feature","properties":{},"geometry":{"type":"LineString","coordinates":[[-81.1414,32.1448],[-81.1427,32.1399]]}},{"type":"Feature","properties":{},"geometry":{"type":"LineString","coordinates":[[-81.1414,32.1448],[-81.1417,32.1399]]}},{"type":"Feature","properties":{},"geometry":{"type":"LineString","coordinates":[[-81.1414,32.1448],[-81.1412,32.1414]]}},{"type":"Feature","properties":{},"geometry":{"type":"LineString","coordinates":[[-81.1414,32.1448],[-81.1449,32.1501]]}},{"type":"Feature","properties":{},"geometry":{"type":"LineString","coordinates":[[-81.1414,32.1448],[-81.1451,32.15]]}},{"type":"Feature","properties":{},"geometry":{"type":"LineString","coordinates":[[-81.1414,32.1448],[-81.1421,32.1447]]}},{"type":"Feature","properties":{},"geometry":{"type":"LineString","coordinates":[[-80.7857,31.9965],[-80.791,32.002]]}},{"type":"Feature","properties":{},"geometry":{"type":"LineString","coordinates":[[-80.7857,31.9965],[-80.7854,31.9968]]}},{"type":"Feature","properties":{},"geometry":{"type":"LineString","coordinates":[[-80.7857,31.9965],[-80.7907,32.0023]]}},{"type":"Feature","properties":{},"geometry":{"type":"LineString","coordinates":[[-80.7857,31.9965],[-80.7804,31.9888]]}},{"type":"Feature","properties":{},"geometry":{"type":"LineString","coordinates":[[-80.7857,31.9965],[-80.7861,31.9962]]}},{"type":"Feature","properties":{},"geometry":{"type":"LineString","coordinates":[[-80.7857,31.9965],[-80.7914,32.0016]]}},{"type":"Feature","properties":{},"geometry":{"type":"LineString","coordinates":[[-80.7857,31.9965],[-80.7903,32.0027]]}},{"type":"Feature","properties":{},"geometry":{"type":"LineString","coordinates":[[-80.7857,31.9965],[-80.785,31.9972]]}},{"type":"Feature","properties":{},"geometry":{"type":"LineString","coordinates":[[-80.791,32.002],[-80.7963,32.0074]]}},{"type":"Feature","properties":{},"geometry":{"type":"LineString","coordinates":[[-80.791,32.002],[-80.7854,31.9968]]}},{"type":"Feature","properties":{},"geometry":{"type":"LineString","coordinates":[[-80.791,32.002],[-80.7907,32.0023]]}},{"type":"Feature","properties":{},"geometry":{"type":"LineString","coordinates":[[-80.791,32.002],[-80.796,32.0077]]}},{"type":"Feature","properties":{},"geometry":{"type":"LineString","coordinates":[[-80.791,32.002],[-80.7861,31.9962]]}},{"type":"Feature","properties":{},"geometry":{"type":"LineString","coordinates":[[-80.791,32.002],[-80.7914,32.0016]]}},{"type":"Feature","properties":{},"geometry":{"type":"LineString","coordinates":[[-80.791,32.002],[-80.7966,32.007]]}},{"type":"Feature","properties":{},"geometry":{"type":"LineString","coordinates":[[-80.791,32.002],[-80.7956,32.0081]]}},{"type":"Feature","properties":{},"geometry":{"type":"LineString","coordinates":[[-80.791,32.002],[-80.7903,32.0027]]}},{"type":"Feature","properties":{},"geometry":{"type":"LineString","coordinates":[[-80.791,32.002],[-80.785,31.9972]]}},{"type":"Feature","properties":{},"geometry":{"type":"LineString","coordinates":[[-80.7963,32.0074],[-80.8016,32.0128]]}},{"type":"Feature","properties":{},"geometry":{"type":"LineString","coordinates":[[-80.7963,32.0074],[-80.7907,32.0023]]}},{"type":"Feature","properties":{},"geometry":{"type":"LineString","coordinates":[[-80.7963,32.0074],[-80.796,32.0077]]}},{"type":"Feature","properties":{},"geometry":{"type":"LineString","coordinates":[[-80.7963,32.0074],[-80.8012,32.0132]]}},{"type":"Feature","properties":{},"geometry":{"type":"LineString","coordinates":[[-80.7963,32.0074],[-80.7914,32.0016]]}},{"type":"Feature","properties":{},"geometry":{"type":"LineString","coordinates":[[-80.7963,32.0074],[-80.7966,32.007]]}},{"type":"Feature","properties":{},"geometry":{"type":"LineString","coordinates":[[-80.7963,32.0074],[-80.8019,32.0124]]}},{"type":"Feature","properties":{},"geometry":{"type":"LineString","coordinates":[[-80.7963,32.0074],[-80.8009,32.0135]]}},{"type":"Feature","properties":{},"geometry":{"type":"LineString","coordinates":[[-80.7963,32.0074],[-80.7956,32.0081]]}},{"type":"Feature","properties":{},"geometry":{"type":"LineString","coordinates":[[-80.7963,32.0074],[-80.7903,32.0027]]}},{"type":"Feature","properties":{},"geometry":{"type":"LineString","coordinates":[[-80.8016,32.0128],[-80.8069,32.0182]]}},{"type":"Feature","properties":{},"geometry":{"type":"LineString","coordinates":[[-80.8016,32.0128],[-80.796,32.0077]]}},{"type":"Feature","properties":{},"geometry":{"type":"LineString","coordinates":[[-80.8016,32.0128],[-80.8012,32.0132]]}},{"type":"Feature","properties":{},"geometry":{"type":"LineString","coordinates":[[-80.8016,32.0128],[-80.8065,32.0186]]}},{"type":"Feature","properties":{},"geometry":{"type":"LineString","coordinates":[[-80.8016,32.0128],[-80.7966,32.007]]}},{"type":"Feature","properties":{},"geometry":{"type":"LineString","coordinates":[[-80.8016,32.0128],[-80.8019,32.0124]]}},{"type":"Feature","properties":{},"geometry":{"type":"LineString","coordinates":[[-80.8016,32.0128],[-80.8072,32.0178]]}},{"type":"Feature","properties":{},"geometry":{"type":"LineString","coordinates":[[-80.8016,32.0128],[-80.8062,32.019]]}},{"type":"Feature","properties":{},"geometry":{"type":"LineString","coordinates":[[-80.8016,32.0128],[-80.8009,32.0135]]}},{"type":"Feature","properties":{},"geometry":{"type":"LineString","coordinates":[[-80.8016,32.0128],[-80.7956,32.0081]]}},{"type":"Feature","properties":{},"geometry":{"type":"LineString","coordinates":[[-80.8069,32.0182],[-80.8122,32.0236]]}},{"type":"Feature","properties":{},"geometry":{"type":"LineString","coordinates":[[-80.8069,32.0182],[-80.8012,32.0132]]}},{"type":"Feature","properties":{},"geometry":{"type":"LineString","coordinates":[[-80.8069,32.0182],[-80.8065,32.0186]]}},{"type":"Feature","properties":{},"geometry":{"type":"LineString","coordinates":[[-80.8069,32.0182],[-80.8118,32.024]]}},{"type":"Feature","properties":{},"geometry":{"type":"LineString","coordinates":[[-80.8069,32.0182],[-80.8019,32.0124]]}},{"type":"Feature","properties":{},"geometry":{"type":"LineString","coordinates":[[-80.8069,32.0182],[-80.8072,32.0178]]}},{"type":"Feature","properties":{},"geometry":{"type":"LineString","coordinates":[[-80.8069,32.0182],[-80.8125,32.0232]]}},{"type":"Feature","properties":{},"geometry":{"type":"LineString","coordinates":[[-80.8069,32.0182],[-80.8114,32.0244]]}},{"type":"Feature","properties":{},"geometry":{"type":"LineString","coordinates":[[-80.8069,32.0182],[-80.8062,32.019]]}},{"type":"Feature","properties":{},"geometry":{"type":"LineString","coordinates":[[-80.8069,32.0182],[-80.8009,32.0135]]}},{"type":"Feature","properties":{},"geometry":{"type":"LineString","coordinates":[[-80.8122,32.0236],[-80.8174,32.029]]}},{"type":"Feature","properties":{},"geometry":{"type":"LineString","coordinates":[[-80.8122,32.0236],[-80.8065,32.0186]]}},{"type":"Feature","properties":{},"geometry":{"type":"LineString","coordinates":[[-80.8122,32.0236],[-80.8118,32.024]]}},{"type":"Feature","properties":{},"geometry":{"type":"LineString","coordinates":[[-80.8122,32.0236],[-80.8171,32.0294]]}},{"type":"Feature","properties":{},"geometry":{"type":"LineString","coordinates":[[-80.8122,32.0236],[-80.8072,32.0178]]}},{"type":"Feature","properties":{},"geometry":{"type":"LineString","coordinates":[[-80.8122,32.0236],[-80.8125,32.0232]]}},{"type":"Feature","properties":{},"geometry":{"type":"LineString","coordinates":[[-80.8122,32.0236],[-80.8178,32.0286]]}},{"type":"Feature","properties":{},"geometry":{"type":"LineString","coordinates":[[-80.8122,32.0236],[-80.8167,32.0299]]}},{"type":"Feature","properties":{},"geometry":{"type":"LineString","coordinates":[[-80.8122,32.0236],[-80.8114,32.0244]]}},{"type":"Feature","properties":{},"geometry":{"type":"LineString","coordinates":[[-80.8122,32.0236],[-80.8062,32.019]]}},{"type":"Feature","properties":{},"geometry":{"type":"LineString","coordinates":[[-80.8174,32.029],[-80.8235,32.034]]}},{"type":"Feature","properties":{},"geometry":{"type":"LineString","coordinates":[[-80.8174,32.029],[-80.8242,32.033]]}},{"type":"Feature","properties":{},"geometry":{"type":"LineString","coordinates":[[-80.8174,32.029],[-80.8118,32.024]]}},{"type":"Feature","properties":{},"geometry":{"type":"LineString","coordinates":[[-80.8174,32.029],[-80.8171,32.0294]]}},{"type":"Feature","properties":{},"geometry":{"type":"LineString","coordinates":[[-80.8174,32.029],[-80.8125,32.0232]]}},{"type":"Feature","properties":{},"geometry":{"type":"LineString","coordinates":[[-80.8174,32.029],[-80.8178,32.0286]]}},{"type":"Feature","properties":{},"geometry":{"type":"LineString","coordinates":[[-80.8174,32.029],[-80.8167,32.0299]]}},{"type":"Feature","properties":{},"geometry":{"type":"LineString","coordinates":[[-80.8174,32.029],[-80.8114,32.0244]]}},{"type":"Feature","properties":{},"geometry":{"type":"LineString","coordinates":[[-80.9186,32.0391],[-80.9117,32.0379]]}},{"type":"Feature","properties":{},"geometry":{"type":"LineString","coordinates":[[-80.9186,32.0391],[-80.9256,32.0416]]}},{"type":"Feature","properties":{},"geometry":{"type":"LineString","coordinates":[[-80.9186,32.0391],[-80.9253,32.0422]]}},{"type":"Feature","properties":{},"geometry":{"type":"LineString","coordinates":[[-80.9117,32.0379],[-80.9048,32.0366]]}},{"type":"Feature","properties":{},"geometry":{"type":"LineString","coordinates":[[-80.9048,32.0366],[-80.8979,32.0354]]}},{"type":"Feature","properties":{},"geometry":{"type":"LineString","coordinates":[[-80.8979,32.0354],[-80.8902,32.0352]]}},{"type":"Feature","properties":{},"geometry":{"type":"LineString","coordinates":[[-81.0186,32.0935],[-81.0125,32.1007]]}},{"type":"Feature","properties":{},"geometry":{"type":"LineString","coordinates":[[-81.0186,32.0935],[-81.0264,32.0871]]}},{"type":"Feature","properties":{},"geometry":{"type":"LineString","coordinates":[[-81.0186,32.0935],[-81.0196,32.0937]]}},{"type":"Feature","properties":{},"geometry":{"type":"LineString","coordinates":[[-79.928,32.939],[-79.9268,32.942]]}},{"type":"Feature","properties":{},"geometry":{"type":"LineString","coordinates":[[-79.928,32.939],[-79.9283,32.9391]]}},{"type":"Feature","properties":{},"geometry":{"type":"LineString","coordinates":[[-79.928,32.939],[-79.9272,32.942]]}},{"type":"Feature","properties":{},"geometry":{"type":"LineString","coordinates":[[-79.928,32.939],[-79.9259,32.9421]]}},{"type":"Feature","properties":{},"geometry":{"type":"LineString","coordinates":[[-79.2817,33.3024],[-79.275,33.2975]]}},{"type":"Feature","properties":{},"geometry":{"type":"LineString","coordinates":[[-79.2817,33.3024],[-79.276,33.2973]]}},{"type":"Feature","properties":{},"geometry":{"type":"LineString","coordinates":[[-79.2817,33.3024],[-79.2828,33.3021]]}},{"type":"Feature","properties":{},"geometry":{"type":"LineString","coordinates":[[-79.2817,33.3024],[-79.286,33.3095]]}},{"type":"Feature","properties":{},"geometry":{"type":"LineString","coordinates":[[-79.2817,33.3024],[-79.2854,33.2983]]}},{"type":"Feature","properties":{},"geometry":{"type":"LineString","coordinates":[[-79.275,33.2975],[-79.2683,33.2926]]}},{"type":"Feature","properties":{},"geometry":{"type":"LineString","coordinates":[[-79.275,33.2975],[-79.2692,33.2924]]}},{"type":"Feature","properties":{},"geometry":{"type":"LineString","coordinates":[[-79.275,33.2975],[-79.276,33.2973]]}},{"type":"Feature","properties":{},"geometry":{"type":"LineString","coordinates":[[-79.275,33.2975],[-79.2854,33.2983]]}},{"type":"Feature","properties":{},"geometry":{"type":"LineString","coordinates":[[-79.2683,33.2926],[-79.2616,33.2877]]}},{"type":"Feature","properties":{},"geometry":{"type":"LineString","coordinates":[[-79.2683,33.2926],[-79.2625,33.2876]]}},{"type":"Feature","properties":{},"geometry":{"type":"LineString","coordinates":[[-79.2683,33.2926],[-79.2692,33.2924]]}},{"type":"Feature","properties":{},"geometry":{"type":"LineString","coordinates":[[-79.2683,33.2926],[-79.276,33.2973]]}},{"type":"Feature","properties":{},"geometry":{"type":"LineString","coordinates":[[-79.2683,33.2926],[-79.2834,33.2888]]}},{"type":"Feature","properties":{},"geometry":{"type":"LineString","coordinates":[[-79.2616,33.2877],[-79.2549,33.2828]]}},{"type":"Feature","properties":{},"geometry":{"type":"LineString","coordinates":[[-79.2616,33.2877],[-79.2557,33.2827]]}},{"type":"Feature","properties":{},"geometry":{"type":"LineString","coordinates":[[-79.2616,33.2877],[-79.2625,33.2876]]}},{"type":"Feature","properties":{},"geometry":{"type":"LineString","coordinates":[[-79.2616,33.2877],[-79.2692,33.2924]]}},{"type":"Feature","properties":{},"geometry":{"type":"LineString","coordinates":[[-79.2549,33.2828],[-79.2482,33.2779]]}},{"type":"Feature","properties":{},"geometry":{"type":"LineString","coordinates":[[-79.2549,33.2828],[-79.2489,33.2779]]}},{"type":"Feature","properties":{},"geometry":{"type":"LineString","coordinates":[[-79.2549,33.2828],[-79.2557,33.2827]]}},{"type":"Feature","properties":{},"geometry":{"type":"LineString","coordinates":[[-79.2549,33.2828],[-79.2625,33.2876]]}},{"type":"Feature","properties":{},"geometry":{"type":"LineString","coordinates":[[-79.2482,33.2779],[-79.2415,33.273]]}},{"type":"Feature","properties":{},"geometry":{"type":"LineString","coordinates":[[-79.2482,33.2779],[-79.2421,33.273]]}},{"type":"Feature","properties":{},"geometry":{"type":"LineString","coordinates":[[-79.2482,33.2779],[-79.2489,33.2779]]}},{"type":"Feature","properties":{},"geometry":{"type":"LineString","coordinates":[[-79.2482,33.2779],[-79.2557,33.2827]]}},{"type":"Feature","properties":{},"geometry":{"type":"LineString","coordinates":[[-79.2415,33.273],[-79.2348,33.2681]]}},{"type":"Feature","properties":{},"geometry":{"type":"LineString","coordinates":[[-79.2415,33.273],[-79.2353,33.2681]]}},{"type":"Feature","properties":{},"geometry":{"type":"LineString","coordinates":[[-79.2415,33.273],[-79.2421,33.273]]}},{"type":"Feature","properties":{},"geometry":{"type":"LineString","coordinates":[[-79.2415,33.273],[-79.2489,33.2779]]}},{"type":"Feature","properties":{},"geometry":{"type":"LineString","coordinates":[[-79.2348,33.2681],[-79.2281,33.2632]]}},{"type":"Feature","properties":{},"geometry":{"type":"LineString","coordinates":[[-79.2348,33.2681],[-79.2285,33.2633]]}},{"type":"Feature","properties":{},"geometry":{"type":"LineString","coordinates":[[-79.2348,33.2681],[-79.2353,33.2681]]}},{"type":"Feature","properties":{},"geometry":{"type":"LineString","coordinates":[[-79.2348,33.2681],[-79.2421,33.273]]}},{"type":"Feature","properties":{},"geometry":{"type":"LineString","coordinates":[[-79.2281,33.2632],[-79.2214,33.2584]]}},{"type":"Feature","properties":{},"geometry":{"type":"LineString","coordinates":[[-79.2281,33.2632],[-79.2217,33.2584]]}},{"type":"Feature","properties":{},"geometry":{"type":"LineString","coordinates":[[-79.2281,33.2632],[-79.2285,33.2633]]}},{"type":"Feature","properties":{},"geometry":{"type":"LineString","coordinates":[[-79.2281,33.2632],[-79.2353,33.2681]]}},{"type":"Feature","properties":{},"geometry":{"type":"LineString","coordinates":[[-79.2214,33.2584],[-79.2147,33.2535]]}},{"type":"Feature","properties":{},"geometry":{"type":"LineString","coordinates":[[-79.2214,33.2584],[-79.2149,33.2536]]}},{"type":"Feature","properties":{},"geometry":{"type":"LineString","coordinates":[[-79.2214,33.2584],[-79.2217,33.2584]]}},{"type":"Feature","properties":{},"geometry":{"type":"LineString","coordinates":[[-79.2214,33.2584],[-79.2285,33.2633]]}},{"type":"Feature","properties":{},"geometry":{"type":"LineString","coordinates":[[-79.2147,33.2535],[-79.2079,33.2484]]}},{"type":"Feature","properties":{},"geometry":{"type":"LineString","coordinates":[[-79.2147,33.2535],[-79.2149,33.2536]]}},{"type":"Feature","properties":{},"geometry":{"type":"LineString","coordinates":[[-79.2147,33.2535],[-79.2217,33.2584]]}},{"type":"Feature","properties":{},"geometry":{"type":"LineString","coordinates":[[-80.4116,32.5359],[-80.4121,32.5352]]}},{"type":"Feature","properties":{},"geometry":{"type":"LineString","coordinates":[[-79.2894,33.3644],[-79.2916,33.3578]]}},{"type":"Feature","properties":{},"geometry":{"type":"LineString","coordinates":[[-79.2894,33.3644],[-79.2891,33.3648]]}},{"type":"Feature","properties":{},"geometry":{"type":"LineString","coordinates":[[-79.2894,33.3644],[-79.2914,33.3573]]}},{"type":"Feature","properties":{},"geometry":{"type":"LineString","coordinates":[[-79.2894,33.3644],[-79.2854,33.3659]]}},{"type":"Feature","properties":{},"geometry":{"type":"LineString","coordinates":[[-79.9304,32.8394],[-79.932,32.8387]]}},{"type":"Feature","properties":{},"geometry":{"type":"LineString","coordinates":[[-79.9304,32.8394],[-79.929,32.8395]]}},{"type":"Feature","properties":{},"geometry":{"type":"LineString","coordinates":[[-79.9304,32.8394],[-79.9282,32.8396]]}},{"type":"Feature","properties":{},"geometry":{"type":"LineString","coordinates":[[-79.9304,32.8394],[-79.9312,32.8474]]}},{"type":"Feature","properties":{},"geometry":{"type":"LineString","coordinates":[[-79.1815,33.2046],[-79.1811,33.2049]]}},{"type":"Feature","properties":{},"geometry":{"type":"LineString","coordinates":[[-79.1815,33.2046],[-79.1856,33.212]]}},{"type":"Feature","properties":{},"geometry":{"type":"LineString","coordinates":[[-79.1815,33.2046],[-79.1818,33.2044]]}},{"type":"Feature","properties":{},"geometry":{"type":"LineString","coordinates":[[-79.1815,33.2046],[-79.1822,33.2041]]}},{"type":"Feature","properties":{},"geometry":{"type":"LineString","coordinates":[[-79.9268,32.942],[-79.9283,32.9391]]}},{"type":"Feature","properties":{},"geometry":{"type":"LineString","coordinates":[[-79.9268,32.942],[-79.9272,32.942]]}},{"type":"Feature","properties":{},"geometry":{"type":"LineString","coordinates":[[-79.9268,32.942],[-79.9271,32.9458]]}},{"type":"Feature","properties":{},"geometry":{"type":"LineString","coordinates":[[-79.9268,32.942],[-79.9259,32.9421]]}},{"type":"Feature","properties":{},"geometry":{"type":"LineString","coordinates":[[-81.1182,32.1059],[-81.1126,32.101]]}},{"type":"Feature","properties":{},"geometry":{"type":"LineString","coordinates":[[-81.1182,32.1059],[-81.1189,32.1054]]}},{"type":"Feature","properties":{},"geometry":{"type":"LineString","coordinates":[[-81.1182,32.1059],[-81.1133,32.1005]]}},{"type":"Feature","properties":{},"geometry":{"type":"LineString","coordinates":[[-81.1182,32.1059],[-81.1235,32.1109]]}},{"type":"Feature","properties":{},"geometry":{"type":"LineString","coordinates":[[-81.1126,32.101],[-81.107,32.0961]]}},{"type":"Feature","properties":{},"geometry":{"type":"LineString","coordinates":[[-81.1126,32.101],[-81.111,32.0974]]}},{"type":"Feature","properties":{},"geometry":{"type":"LineString","coordinates":[[-81.1126,32.101],[-81.1133,32.1005]]}},{"type":"Feature","properties":{},"geometry":{"type":"LineString","coordinates":[[-81.1126,32.101],[-81.1076,32.0956]]}},{"type":"Feature","properties":{},"geometry":{"type":"LineString","coordinates":[[-81.1126,32.101],[-81.1087,32.0962]]}},{"type":"Feature","properties":{},"geometry":{"type":"LineString","coordinates":[[-81.107,32.0961],[-81.1015,32.0913]]}},{"type":"Feature","properties":{},"geometry":{"type":"LineString","coordinates":[[-81.107,32.0961],[-81.111,32.0974]]}},{"type":"Feature","properties":{},"geometry":{"type":"LineString","coordinates":[[-81.107,32.0961],[-81.1076,32.0956]]}},{"type":"Feature","properties":{},"geometry":{"type":"LineString","coordinates":[[-81.107,32.0961],[-81.102,32.0907]]}},{"type":"Feature","properties":{},"geometry":{"type":"LineString","coordinates":[[-81.107,32.0961],[-81.1087,32.0962]]}},{"type":"Feature","properties":{},"geometry":{"type":"LineString","coordinates":[[-81.1015,32.0913],[-81.1076,32.0956]]}},{"type":"Feature","properties":{},"geometry":{"type":"LineString","coordinates":[[-81.1015,32.0913],[-81.102,32.0907]]}},{"type":"Feature","properties":{},"geometry":{"type":"LineString","coordinates":[[-81.1015,32.0913],[-81.0952,32.0861]]}},{"type":"Feature","properties":{},"geometry":{"type":"LineString","coordinates":[[-80.6937,32.3725],[-80.6884,32.369]]}},{"type":"Feature","properties":{},"geometry":{"type":"LineString","coordinates":[[-80.6937,32.3725],[-80.694,32.3722]]}},{"type":"Feature","properties":{},"geometry":{"type":"LineString","coordinates":[[-79.9515,32.9052],[-79.9579,32.9009]]}},{"type":"Feature","properties":{},"geometry":{"type":"LineString","coordinates":[[-79.9515,32.9052],[-79.9503,32.9045]]}},{"type":"Feature","properties":{},"geometry":{"type":"LineString","coordinates":[[-79.9515,32.9052],[-79.9519,32.9068]]}},{"type":"Feature","properties":{},"geometry":{"type":"LineString","coordinates":[[-79.9313,32.9114],[-79.9293,32.9173]]}},{"type":"Feature","properties":{},"geometry":{"type":"LineString","coordinates":[[-79.9313,32.9114],[-79.9375,32.909]]}},{"type":"Feature","properties":{},"geometry":{"type":"LineString","coordinates":[[-79.9293,32.9173],[-79.9322,32.923]]}},{"type":"Feature","properties":{},"geometry":{"type":"LineString","coordinates":[[-81.0891,32.0861],[-81.0952,32.0861]]}},{"type":"Feature","properties":{},"geometry":{"type":"LineString","coordinates":[[-81.0891,32.0861],[-81.0869,32.0829]]}},{"type":"Feature","properties":{},"geometry":{"type":"LineString","coordinates":[[-79.9653,32.881],[-79.9649,32.8877]]}},{"type":"Feature","properties":{},"geometry":{"type":"LineString","coordinates":[[-79.9653,32.881],[-79.9654,32.8878]]}},{"type":"Feature","properties":{},"geometry":{"type":"LineString","coordinates":[[-79.9644,32.8741],[-79.9614,32.8676]]}},{"type":"Feature","properties":{},"geometry":{"type":"LineString","coordinates":[[-79.9644,32.8741],[-79.9618,32.8673]]}},{"type":"Feature","properties":{},"geometry":{"type":"LineString","coordinates":[[-79.1811,33.2049],[-79.1856,33.212]]}},{"type":"Feature","properties":{},"geometry":{"type":"LineString","coordinates":[[-79.1811,33.2049],[-79.1818,33.2044]]}},{"type":"Feature","properties":{},"geometry":{"type":"LineString","coordinates":[[-79.1811,33.2049],[-79.1822,33.2041]]}},{"type":"Feature","properties":{},"geometry":{"type":"LineString","coordinates":[[-79.8915,32.7746],[-79.8991,32.7778]]}},{"type":"Feature","properties":{},"geometry":{"type":"LineString","coordinates":[[-79.8915,32.7746],[-79.8851,32.7695]]}},{"type":"Feature","properties":{},"geometry":{"type":"LineString","coordinates":[[-79.8915,32.7746],[-79.8845,32.7702]]}},{"type":"Feature","properties":{},"geometry":{"type":"LineString","coordinates":[[-79.8915,32.7746],[-79.8924,32.7733]]}},{"type":"Feature","properties":{},"geometry":{"type":"LineString","coordinates":[[-79.8915,32.7746],[-79.8921,32.7737]]}},{"type":"Feature","properties":{},"geometry":{"type":"LineString","coordinates":[[-79.8915,32.7746],[-79.8919,32.7589]]}},{"type":"Feature","properties":{},"geometry":{"type":"LineString","coordinates":[[-79.8991,32.7778],[-79.9066,32.781]]}},{"type":"Feature","properties":{},"geometry":{"type":"LineString","coordinates":[[-79.8991,32.7778],[-79.9,32.7766]]}},{"type":"Feature","properties":{},"geometry":{"type":"LineString","coordinates":[[-79.8991,32.7778],[-79.8924,32.7733]]}},{"type":"Feature","properties":{},"geometry":{"type":"LineString","coordinates":[[-79.8991,32.7778],[-79.9073,32.7803]]}},{"type":"Feature","properties":{},"geometry":{"type":"LineString","coordinates":[[-79.8991,32.7778],[-79.8997,32.777]]}},{"type":"Feature","properties":{},"geometry":{"type":"LineString","coordinates":[[-79.8991,32.7778],[-79.8921,32.7737]]}},{"type":"Feature","properties":{},"geometry":{"type":"LineString","coordinates":[[-79.8991,32.7778],[-79.8994,32.7589]]}},{"type":"Feature","properties":{},"geometry":{"type":"LineString","coordinates":[[-79.9066,32.781],[-79.9077,32.7799]]}},{"type":"Feature","properties":{},"geometry":{"type":"LineString","coordinates":[[-79.9066,32.781],[-79.9,32.7766]]}},{"type":"Feature","properties":{},"geometry":{"type":"LineString","coordinates":[[-79.9066,32.781],[-79.9073,32.7803]]}},{"type":"Feature","properties":{},"geometry":{"type":"LineString","coordinates":[[-79.9066,32.781],[-79.8997,32.777]]}},{"type":"Feature","properties":{},"geometry":{"type":"LineString","coordinates":[[-79.9066,32.781],[-79.913,32.785]]}},{"type":"Feature","properties":{},"geometry":{"type":"LineString","coordinates":[[-81.0488,31.9795],[-81.0495,31.9792]]}},{"type":"Feature","properties":{},"geometry":{"type":"LineString","coordinates":[[-79.8615,32.7556],[-79.8639,32.7564]]}},{"type":"Feature","properties":{},"geometry":{"type":"LineString","coordinates":[[-79.8615,32.7556],[-79.8586,32.7516]]}},{"type":"Feature","properties":{},"geometry":{"type":"LineString","coordinates":[[-79.963,32.8942],[-79.9649,32.8877]]}},{"type":"Feature","properties":{},"geometry":{"type":"LineString","coordinates":[[-79.963,32.8942],[-79.9634,32.8944]]}},{"type":"Feature","properties":{},"geometry":{"type":"LineString","coordinates":[[-79.963,32.8942],[-79.9654,32.8878]]}},{"type":"Feature","properties":{},"geometry":{"type":"LineString","coordinates":[[-79.9649,32.8877],[-79.9634,32.8944]]}},{"type":"Feature","properties":{},"geometry":{"type":"LineString","coordinates":[[-79.9649,32.8877],[-79.9654,32.8878]]}},{"type":"Feature","properties":{},"geometry":{"type":"LineString","coordinates":[[-79.2079,33.2484],[-79.202,33.2419]]}},{"type":"Feature","properties":{},"geometry":{"type":"LineString","coordinates":[[-79.202,33.2419],[-79.1962,33.2355]]}},{"type":"Feature","properties":{},"geometry":{"type":"LineString","coordinates":[[-79.1962,33.2355],[-79.192,33.2281]]}},{"type":"Feature","properties":{},"geometry":{"type":"LineString","coordinates":[[-79.8707,32.7604],[-79.8779,32.7649]]}},{"type":"Feature","properties":{},"geometry":{"type":"LineString","coordinates":[[-79.8707,32.7604],[-79.8701,32.761]]}},{"type":"Feature","properties":{},"geometry":{"type":"LineString","coordinates":[[-79.8707,32.7604],[-79.8771,32.7614]]}},{"type":"Feature","properties":{},"geometry":{"type":"LineString","coordinates":[[-79.8707,32.7604],[-79.874,32.7644]]}},{"type":"Feature","properties":{},"geometry":{"type":"LineString","coordinates":[[-79.8779,32.7649],[-79.8851,32.7695]]}},{"type":"Feature","properties":{},"geometry":{"type":"LineString","coordinates":[[-79.8779,32.7649],[-79.8773,32.7656]]}},{"type":"Feature","properties":{},"geometry":{"type":"LineString","coordinates":[[-79.8779,32.7649],[-79.8811,32.7659]]}},{"type":"Feature","properties":{},"geometry":{"type":"LineString","coordinates":[[-79.8779,32.7649],[-79.8771,32.7614]]}},{"type":"Feature","properties":{},"geometry":{"type":"LineString","coordinates":[[-79.8779,32.7649],[-79.8759,32.7628]]}},{"type":"Feature","properties":{},"geometry":{"type":"LineString","coordinates":[[-79.8851,32.7695],[-79.8845,32.7702]]}},{"type":"Feature","properties":{},"geometry":{"type":"LineString","coordinates":[[-79.8851,32.7695],[-79.8924,32.7733]]}},{"type":"Feature","properties":{},"geometry":{"type":"LineString","coordinates":[[-79.8851,32.7695],[-79.8921,32.7737]]}},{"type":"Feature","properties":{},"geometry":{"type":"LineString","coordinates":[[-79.8851,32.7695],[-79.8811,32.7659]]}},{"type":"Feature","properties":{},"geometry":{"type":"LineString","coordinates":[[-79.8851,32.7695],[-79.8846,32.7661]]}},{"type":"Feature","properties":{},"geometry":{"type":"LineString","coordinates":[[-79.8851,32.7695],[-79.8844,32.7588]]}},{"type":"Feature","properties":{},"geometry":{"type":"LineString","coordinates":[[-79.2149,33.2536],[-79.2217,33.2584]]}},{"type":"Feature","properties":{},"geometry":{"type":"LineString","coordinates":[[-79.2217,33.2584],[-79.2285,33.2633]]}},{"type":"Feature","properties":{},"geometry":{"type":"LineString","coordinates":[[-79.2285,33.2633],[-79.2353,33.2681]]}},{"type":"Feature","properties":{},"geometry":{"type":"LineString","coordinates":[[-79.2353,33.2681],[-79.2421,33.273]]}},{"type":"Feature","properties":{},"geometry":{"type":"LineString","coordinates":[[-79.2421,33.273],[-79.2489,33.2779]]}},{"type":"Feature","properties":{},"geometry":{"type":"LineString","coordinates":[[-79.2489,33.2779],[-79.2557,33.2827]]}},{"type":"Feature","properties":{},"geometry":{"type":"LineString","coordinates":[[-79.2557,33.2827],[-79.2625,33.2876]]}},{"type":"Feature","properties":{},"geometry":{"type":"LineString","coordinates":[[-79.2625,33.2876],[-79.2692,33.2924]]}},{"type":"Feature","properties":{},"geometry":{"type":"LineString","coordinates":[[-79.2692,33.2924],[-79.276,33.2973]]}},{"type":"Feature","properties":{},"geometry":{"type":"LineString","coordinates":[[-79.2692,33.2924],[-79.2834,33.2888]]}},{"type":"Feature","properties":{},"geometry":{"type":"LineString","coordinates":[[-79.276,33.2973],[-79.2828,33.3021]]}},{"type":"Feature","properties":{},"geometry":{"type":"LineString","coordinates":[[-79.276,33.2973],[-79.2854,33.2983]]}},{"type":"Feature","properties":{},"geometry":{"type":"LineString","coordinates":[[-79.2828,33.3021],[-79.286,33.3095]]}},{"type":"Feature","properties":{},"geometry":{"type":"LineString","coordinates":[[-79.2828,33.3021],[-79.2871,33.3007]]}},{"type":"Feature","properties":{},"geometry":{"type":"LineString","coordinates":[[-79.9283,32.9391],[-79.9272,32.942]]}},{"type":"Feature","properties":{},"geometry":{"type":"LineString","coordinates":[[-79.9283,32.9391],[-79.9259,32.9421]]}},{"type":"Feature","properties":{},"geometry":{"type":"LineString","coordinates":[[-81.1424,32.1447],[-81.1427,32.1399]]}},{"type":"Feature","properties":{},"geometry":{"type":"LineString","coordinates":[[-81.1424,32.1447],[-81.1417,32.1399]]}},{"type":"Feature","properties":{},"geometry":{"type":"LineString","coordinates":[[-81.1424,32.1447],[-81.1412,32.1414]]}},{"type":"Feature","properties":{},"geometry":{"type":"LineString","coordinates":[[-81.1424,32.1447],[-81.1449,32.1501]]}},{"type":"Feature","properties":{},"geometry":{"type":"LineString","coordinates":[[-81.1424,32.1447],[-81.1451,32.15]]}},{"type":"Feature","properties":{},"geometry":{"type":"LineString","coordinates":[[-81.1424,32.1447],[-81.1421,32.1447]]}},{"type":"Feature","properties":{},"geometry":{"type":"LineString","coordinates":[[-80.9771,32.0758],[-80.9691,32.0739]]}},{"type":"Feature","properties":{},"geometry":{"type":"LineString","coordinates":[[-80.9771,32.0758],[-80.9808,32.0682]]}},{"type":"Feature","properties":{},"geometry":{"type":"LineString","coordinates":[[-80.9771,32.0758],[-80.9836,32.0796]]}},{"type":"Feature","properties":{},"geometry":{"type":"LineString","coordinates":[[-80.9771,32.0758],[-80.9769,32.0761]]}},{"type":"Feature","properties":{},"geometry":{"type":"LineString","coordinates":[[-80.9771,32.0758],[-80.9689,32.0743]]}},{"type":"Feature","properties":{},"geometry":{"type":"LineString","coordinates":[[-80.9771,32.0758],[-80.9833,32.08]]}},{"type":"Feature","properties":{},"geometry":{"type":"LineString","coordinates":[[-80.9771,32.0758],[-80.9812,32.0769]]}},{"type":"Feature","properties":{},"geometry":{"type":"LineString","coordinates":[[-80.9691,32.0739],[-80.9612,32.0719]]}},{"type":"Feature","properties":{},"geometry":{"type":"LineString","coordinates":[[-80.9691,32.0739],[-80.9769,32.0761]]}},{"type":"Feature","properties":{},"geometry":{"type":"LineString","coordinates":[[-80.9691,32.0739],[-80.9689,32.0743]]}},{"type":"Feature","properties":{},"geometry":{"type":"LineString","coordinates":[[-80.9691,32.0739],[-80.9608,32.0725]]}},{"type":"Feature","properties":{},"geometry":{"type":"LineString","coordinates":[[-80.9691,32.0739],[-80.9687,32.0728]]}},{"type":"Feature","properties":{},"geometry":{"type":"LineString","coordinates":[[-80.9612,32.0719],[-80.9689,32.0743]]}},{"type":"Feature","properties":{},"geometry":{"type":"LineString","coordinates":[[-80.9612,32.0719],[-80.9608,32.0725]]}},{"type":"Feature","properties":{},"geometry":{"type":"LineString","coordinates":[[-80.9612,32.0719],[-80.9545,32.0678]]}},{"type":"Feature","properties":{},"geometry":{"type":"LineString","coordinates":[[-80.9612,32.0719],[-80.9541,32.0686]]}},{"type":"Feature","properties":{},"geometry":{"type":"LineString","coordinates":[[-80.9612,32.0719],[-80.9621,32.0728]]}},{"type":"Feature","properties":{},"geometry":{"type":"LineString","coordinates":[[-80.9808,32.0682],[-80.989,32.0653],[-80.9898,32.0651]]}},{"type":"Feature","properties":{},"geometry":{"type":"LineString","coordinates":[[-80.9808,32.0682],[-80.9836,32.0796]]}},{"type":"Feature","properties":{},"geometry":{"type":"LineString","coordinates":[[-80.9808,32.0682],[-80.9769,32.0761]]}},{"type":"Feature","properties":{},"geometry":{"type":"LineString","coordinates":[[-80.9808,32.0682],[-80.9833,32.08]]}},{"type":"Feature","properties":{},"geometry":{"type":"LineString","coordinates":[[-80.9808,32.0682],[-80.9805,32.0687]]}},{"type":"Feature","properties":{},"geometry":{"type":"LineString","coordinates":[[-81.111,32.0974],[-81.1133,32.1005]]}},{"type":"Feature","properties":{},"geometry":{"type":"LineString","coordinates":[[-81.111,32.0974],[-81.1076,32.0956]]}},{"type":"Feature","properties":{},"geometry":{"type":"LineString","coordinates":[[-81.111,32.0974],[-81.1087,32.0962]]}},{"type":"Feature","properties":{},"geometry":{"type":"LineString","coordinates":[[-80.8235,32.034],[-80.8318,32.0362]]}},{"type":"Feature","properties":{},"geometry":{"type":"LineString","coordinates":[[-80.8235,32.034],[-80.8242,32.033]]}},{"type":"Feature","properties":{},"geometry":{"type":"LineString","coordinates":[[-80.8235,32.034],[-80.8171,32.0294]]}},{"type":"Feature","properties":{},"geometry":{"type":"LineString","coordinates":[[-80.8235,32.034],[-80.8178,32.0286]]}},{"type":"Feature","properties":{},"geometry":{"type":"LineString","coordinates":[[-80.8235,32.034],[-80.8167,32.0299]]}},{"type":"Feature","properties":{},"geometry":{"type":"LineString","coordinates":[[-80.8318,32.0362],[-80.8401,32.0384]]}},{"type":"Feature","properties":{},"geometry":{"type":"LineString","coordinates":[[-80.8318,32.0362],[-80.8242,32.033]]}},{"type":"Feature","properties":{},"geometry":{"type":"LineString","coordinates":[[-80.8318,32.0362],[-80.8322,32.0352]]}},{"type":"Feature","properties":{},"geometry":{"type":"LineString","coordinates":[[-80.8318,32.0362],[-80.8403,32.0374]]}},{"type":"Feature","properties":{},"geometry":{"type":"LineString","coordinates":[[-80.8401,32.0384],[-80.8322,32.0352]]}},{"type":"Feature","properties":{},"geometry":{"type":"LineString","coordinates":[[-80.8401,32.0384],[-80.8403,32.0374]]}},{"type":"Feature","properties":{},"geometry":{"type":"LineString","coordinates":[[-80.8401,32.0384],[-80.8485,32.0382]]}},{"type":"Feature","properties":{},"geometry":{"type":"LineString","coordinates":[[-80.8401,32.0384],[-80.8401,32.0384],[-80.838,32.06],[-80.842,32.083],[-80.836,32.1],[-80.832,32.115],[-80.828,32.13],[-80.8309,32.1485],[-80.8309,32.1485]]}},{"type":"Feature","properties":{},"geometry":{"type":"LineString","coordinates":[[-80.6639,32.3468],[-80.6687,32.3533]]}},{"type":"Feature","properties":{},"geometry":{"type":"LineString","coordinates":[[-80.6639,32.3468],[-80.6636,32.3469]]}},{"type":"Feature","properties":{},"geometry":{"type":"LineString","coordinates":[[-80.6639,32.3468],[-80.6684,32.3535]]}},{"type":"Feature","properties":{},"geometry":{"type":"LineString","coordinates":[[-80.6639,32.3468],[-80.6597,32.3401]]}},{"type":"Feature","properties":{},"geometry":{"type":"LineString","coordinates":[[-80.6639,32.3468],[-80.662,32.3466]]}},{"type":"Feature","properties":{},"geometry":{"type":"LineString","coordinates":[[-80.6687,32.3533],[-80.6734,32.3597]]}},{"type":"Feature","properties":{},"geometry":{"type":"LineString","coordinates":[[-80.6687,32.3533],[-80.6636,32.3469]]}},{"type":"Feature","properties":{},"geometry":{"type":"LineString","coordinates":[[-80.6687,32.3533],[-80.6684,32.3535]]}},{"type":"Feature","properties":{},"geometry":{"type":"LineString","coordinates":[[-80.6687,32.3533],[-80.6732,32.36]]}},{"type":"Feature","properties":{},"geometry":{"type":"LineString","coordinates":[[-80.6687,32.3533],[-80.6674,32.3548]]}},{"type":"Feature","properties":{},"geometry":{"type":"LineString","coordinates":[[-80.6734,32.3597],[-80.6797,32.3651]]}},{"type":"Feature","properties":{},"geometry":{"type":"LineString","coordinates":[[-80.6734,32.3597],[-80.6684,32.3535]]}},{"type":"Feature","properties":{},"geometry":{"type":"LineString","coordinates":[[-80.6734,32.3597],[-80.6732,32.36]]}},{"type":"Feature","properties":{},"geometry":{"type":"LineString","coordinates":[[-80.6734,32.3597],[-80.6729,32.3599]]}},{"type":"Feature","properties":{},"geometry":{"type":"LineString","coordinates":[[-81.1427,32.1399],[-81.1417,32.1399]]}},{"type":"Feature","properties":{},"geometry":{"type":"LineString","coordinates":[[-81.1427,32.1399],[-81.1412,32.1414]]}},{"type":"Feature","properties":{},"geometry":{"type":"LineString","coordinates":[[-81.1427,32.1399],[-81.1405,32.1349]]}},{"type":"Feature","properties":{},"geometry":{"type":"LineString","coordinates":[[-81.1427,32.1399],[-81.1421,32.1447]]}},{"type":"Feature","properties":{},"geometry":{"type":"LineString","coordinates":[[-79.5417,32.5955],[-79.5488,32.5989]]}},{"type":"Feature","properties":{},"geometry":{"type":"LineString","coordinates":[[-79.5417,32.5955],[-79.542,32.5949]]}},{"type":"Feature","properties":{},"geometry":{"type":"LineString","coordinates":[[-79.5417,32.5955],[-79.5492,32.5984]]}},{"type":"Feature","properties":{},"geometry":{"type":"LineString","coordinates":[[-79.5417,32.5955],[-79.5424,32.5944]]}},{"type":"Feature","properties":{},"geometry":{"type":"LineString","coordinates":[[-79.5417,32.5955],[-79.5495,32.5978]]}},{"type":"Feature","properties":{},"geometry":{"type":"LineString","coordinates":[[-79.5488,32.5989],[-79.5559,32.6023]]}},{"type":"Feature","properties":{},"geometry":{"type":"LineString","coordinates":[[-79.5488,32.5989],[-79.542,32.5949]]}},{"type":"Feature","properties":{},"geometry":{"type":"LineString","coordinates":[[-79.5488,32.5989],[-79.5492,32.5984]]}},{"type":"Feature","properties":{},"geometry":{"type":"LineString","coordinates":[[-79.5488,32.5989],[-79.5563,32.6018]]}},{"type":"Feature","properties":{},"geometry":{"type":"LineString","coordinates":[[-79.5488,32.5989],[-79.5424,32.5944]]}},{"type":"Feature","properties":{},"geometry":{"type":"LineString","coordinates":[[-79.5488,32.5989],[-79.5495,32.5978]]}},{"type":"Feature","properties":{},"geometry":{"type":"LineString","coordinates":[[-79.5488,32.5989],[-79.5567,32.6012]]}},{"type":"Feature","properties":{},"geometry":{"type":"LineString","coordinates":[[-79.5559,32.6023],[-79.5631,32.6057]]}},{"type":"Feature","properties":{},"geometry":{"type":"LineString","coordinates":[[-79.5559,32.6023],[-79.5492,32.5984]]}},{"type":"Feature","properties":{},"geometry":{"type":"LineString","coordinates":[[-79.5559,32.6023],[-79.5563,32.6018]]}},{"type":"Feature","properties":{},"geometry":{"type":"LineString","coordinates":[[-79.5559,32.6023],[-79.5635,32.6052]]}},{"type":"Feature","properties":{},"geometry":{"type":"LineString","coordinates":[[-79.5559,32.6023],[-79.5495,32.5978]]}},{"type":"Feature","properties":{},"geometry":{"type":"LineString","coordinates":[[-79.5559,32.6023],[-79.5567,32.6012]]}},{"type":"Feature","properties":{},"geometry":{"type":"LineString","coordinates":[[-79.5559,32.6023],[-79.5638,32.6046]]}},{"type":"Feature","properties":{},"geometry":{"type":"LineString","coordinates":[[-79.5631,32.6057],[-79.5702,32.6091]]}},{"type":"Feature","properties":{},"geometry":{"type":"LineString","coordinates":[[-79.5631,32.6057],[-79.5563,32.6018]]}},{"type":"Feature","properties":{},"geometry":{"type":"LineString","coordinates":[[-79.5631,32.6057],[-79.5635,32.6052]]}},{"type":"Feature","properties":{},"geometry":{"type":"LineString","coordinates":[[-79.5631,32.6057],[-79.5706,32.6086]]}},{"type":"Feature","properties":{},"geometry":{"type":"LineString","coordinates":[[-79.5631,32.6057],[-79.5567,32.6012]]}},{"type":"Feature","properties":{},"geometry":{"type":"LineString","coordinates":[[-79.5631,32.6057],[-79.5638,32.6046]]}},{"type":"Feature","properties":{},"geometry":{"type":"LineString","coordinates":[[-79.5631,32.6057],[-79.571,32.608]]}},{"type":"Feature","properties":{},"geometry":{"type":"LineString","coordinates":[[-79.5702,32.6091],[-79.5773,32.6125]]}},{"type":"Feature","properties":{},"geometry":{"type":"LineString","coordinates":[[-79.5702,32.6091],[-79.5635,32.6052]]}},{"type":"Feature","properties":{},"geometry":{"type":"LineString","coordinates":[[-79.5702,32.6091],[-79.5706,32.6086]]}},{"type":"Feature","properties":{},"geometry":{"type":"LineString","coordinates":[[-79.5702,32.6091],[-79.5777,32.612]]}},{"type":"Feature","properties":{},"geometry":{"type":"LineString","coordinates":[[-79.5702,32.6091],[-79.5638,32.6046]]}},{"type":"Feature","properties":{},"geometry":{"type":"LineString","coordinates":[[-79.5702,32.6091],[-79.571,32.608]]}},{"type":"Feature","properties":{},"geometry":{"type":"LineString","coordinates":[[-79.5702,32.6091],[-79.5781,32.6114]]}},{"type":"Feature","properties":{},"geometry":{"type":"LineString","coordinates":[[-79.5773,32.6125],[-79.5845,32.6159]]}},{"type":"Feature","properties":{},"geometry":{"type":"LineString","coordinates":[[-79.5773,32.6125],[-79.5706,32.6086]]}},{"type":"Feature","properties":{},"geometry":{"type":"LineString","coordinates":[[-79.5773,32.6125],[-79.5777,32.612]]}},{"type":"Feature","properties":{},"geometry":{"type":"LineString","coordinates":[[-79.5773,32.6125],[-79.5849,32.6154]]}},{"type":"Feature","properties":{},"geometry":{"type":"LineString","coordinates":[[-79.5773,32.6125],[-79.571,32.608]]}},{"type":"Feature","properties":{},"geometry":{"type":"LineString","coordinates":[[-79.5773,32.6125],[-79.5781,32.6114]]}},{"type":"Feature","properties":{},"geometry":{"type":"LineString","coordinates":[[-79.5773,32.6125],[-79.5853,32.6148]]}},{"type":"Feature","properties":{},"geometry":{"type":"LineString","coordinates":[[-79.5845,32.6159],[-79.5916,32.6193]]}},{"type":"Feature","properties":{},"geometry":{"type":"LineString","coordinates":[[-79.5845,32.6159],[-79.5777,32.612]]}},{"type":"Feature","properties":{},"geometry":{"type":"LineString","coordinates":[[-79.5845,32.6159],[-79.5849,32.6154]]}},{"type":"Feature","properties":{},"geometry":{"type":"LineString","coordinates":[[-79.5845,32.6159],[-79.592,32.6188]]}},{"type":"Feature","properties":{},"geometry":{"type":"LineString","coordinates":[[-79.5845,32.6159],[-79.5781,32.6114]]}},{"type":"Feature","properties":{},"geometry":{"type":"LineString","coordinates":[[-79.5845,32.6159],[-79.5853,32.6148]]}},{"type":"Feature","properties":{},"geometry":{"type":"LineString","coordinates":[[-79.5845,32.6159],[-79.5924,32.6182]]}},{"type":"Feature","properties":{},"geometry":{"type":"LineString","coordinates":[[-79.5916,32.6193],[-79.5988,32.6228]]}},{"type":"Feature","properties":{},"geometry":{"type":"LineString","coordinates":[[-79.5916,32.6193],[-79.5849,32.6154]]}},{"type":"Feature","properties":{},"geometry":{"type":"LineString","coordinates":[[-79.5916,32.6193],[-79.592,32.6188]]}},{"type":"Feature","properties":{},"geometry":{"type":"LineString","coordinates":[[-79.5916,32.6193],[-79.5992,32.6222]]}},{"type":"Feature","properties":{},"geometry":{"type":"LineString","coordinates":[[-79.5916,32.6193],[-79.5853,32.6148]]}},{"type":"Feature","properties":{},"geometry":{"type":"LineString","coordinates":[[-79.5916,32.6193],[-79.5924,32.6182]]}},{"type":"Feature","properties":{},"geometry":{"type":"LineString","coordinates":[[-79.5916,32.6193],[-79.5996,32.6217]]}},{"type":"Feature","properties":{},"geometry":{"type":"LineString","coordinates":[[-79.5988,32.6228],[-79.6059,32.6262]]}},{"type":"Feature","properties":{},"geometry":{"type":"LineString","coordinates":[[-79.5988,32.6228],[-79.592,32.6188]]}},{"type":"Feature","properties":{},"geometry":{"type":"LineString","coordinates":[[-79.5988,32.6228],[-79.5992,32.6222]]}},{"type":"Feature","properties":{},"geometry":{"type":"LineString","coordinates":[[-79.5988,32.6228],[-79.6063,32.6256]]}},{"type":"Feature","properties":{},"geometry":{"type":"LineString","coordinates":[[-79.5988,32.6228],[-79.5924,32.6182]]}},{"type":"Feature","properties":{},"geometry":{"type":"LineString","coordinates":[[-79.5988,32.6228],[-79.5996,32.6217]]}},{"type":"Feature","properties":{},"geometry":{"type":"LineString","coordinates":[[-79.5988,32.6228],[-79.6067,32.6251]]}},{"type":"Feature","properties":{},"geometry":{"type":"LineString","coordinates":[[-79.6059,32.6262],[-79.6131,32.6296]]}},{"type":"Feature","properties":{},"geometry":{"type":"LineString","coordinates":[[-79.6059,32.6262],[-79.5992,32.6222]]}},{"type":"Feature","properties":{},"geometry":{"type":"LineString","coordinates":[[-79.6059,32.6262],[-79.6063,32.6256]]}},{"type":"Feature","properties":{},"geometry":{"type":"LineString","coordinates":[[-79.6059,32.6262],[-79.6135,32.629]]}},{"type":"Feature","properties":{},"geometry":{"type":"LineString","coordinates":[[-79.6059,32.6262],[-79.5996,32.6217]]}},{"type":"Feature","properties":{},"geometry":{"type":"LineString","coordinates":[[-79.6059,32.6262],[-79.6067,32.6251]]}},{"type":"Feature","properties":{},"geometry":{"type":"LineString","coordinates":[[-79.6059,32.6262],[-79.6139,32.6285]]}},{"type":"Feature","properties":{},"geometry":{"type":"LineString","coordinates":[[-79.6131,32.6296],[-79.6202,32.633]]}},{"type":"Feature","properties":{},"geometry":{"type":"LineString","coordinates":[[-79.6131,32.6296],[-79.6063,32.6256]]}},{"type":"Feature","properties":{},"geometry":{"type":"LineString","coordinates":[[-79.6131,32.6296],[-79.6135,32.629]]}},{"type":"Feature","properties":{},"geometry":{"type":"LineString","coordinates":[[-79.6131,32.6296],[-79.6206,32.6324]]}},{"type":"Feature","properties":{},"geometry":{"type":"LineString","coordinates":[[-79.6131,32.6296],[-79.6067,32.6251]]}},{"type":"Feature","properties":{},"geometry":{"type":"LineString","coordinates":[[-79.6131,32.6296],[-79.6139,32.6285]]}},{"type":"Feature","properties":{},"geometry":{"type":"LineString","coordinates":[[-79.6131,32.6296],[-79.621,32.6319]]}},{"type":"Feature","properties":{},"geometry":{"type":"LineString","coordinates":[[-79.6202,32.633],[-79.6273,32.6364]]}},{"type":"Feature","properties":{},"geometry":{"type":"LineString","coordinates":[[-79.6202,32.633],[-79.6135,32.629]]}},{"type":"Feature","properties":{},"geometry":{"type":"LineString","coordinates":[[-79.6202,32.633],[-79.6206,32.6324]]}},{"type":"Feature","properties":{},"geometry":{"type":"LineString","coordinates":[[-79.6202,32.633],[-79.6277,32.6358]]}},{"type":"Feature","properties":{},"geometry":{"type":"LineString","coordinates":[[-79.6202,32.633],[-79.6139,32.6285]]}},{"type":"Feature","properties":{},"geometry":{"type":"LineString","coordinates":[[-79.6202,32.633],[-79.621,32.6319]]}},{"type":"Feature","properties":{},"geometry":{"type":"LineString","coordinates":[[-79.6202,32.633],[-79.6282,32.6353]]}},{"type":"Feature","properties":{},"geometry":{"type":"LineString","coordinates":[[-79.6273,32.6364],[-79.6345,32.6398]]}},{"type":"Feature","properties":{},"geometry":{"type":"LineString","coordinates":[[-79.6273,32.6364],[-79.6206,32.6324]]}},{"type":"Feature","properties":{},"geometry":{"type":"LineString","coordinates":[[-79.6273,32.6364],[-79.6277,32.6358]]}},{"type":"Feature","properties":{},"geometry":{"type":"LineString","coordinates":[[-79.6273,32.6364],[-79.6349,32.6392]]}},{"type":"Feature","properties":{},"geometry":{"type":"LineString","coordinates":[[-79.6273,32.6364],[-79.621,32.6319]]}},{"type":"Feature","properties":{},"geometry":{"type":"LineString","coordinates":[[-79.6273,32.6364],[-79.6282,32.6353]]}},{"type":"Feature","properties":{},"geometry":{"type":"LineString","coordinates":[[-79.6273,32.6364],[-79.6353,32.6387]]}},{"type":"Feature","properties":{},"geometry":{"type":"LineString","coordinates":[[-79.6345,32.6398],[-79.6416,32.6432]]}},{"type":"Feature","properties":{},"geometry":{"type":"LineString","coordinates":[[-79.6345,32.6398],[-79.6277,32.6358]]}},{"type":"Feature","properties":{},"geometry":{"type":"LineString","coordinates":[[-79.6345,32.6398],[-79.6349,32.6392]]}},{"type":"Feature","properties":{},"geometry":{"type":"LineString","coordinates":[[-79.6345,32.6398],[-79.642,32.6426]]}},{"type":"Feature","properties":{},"geometry":{"type":"LineString","coordinates":[[-79.6345,32.6398],[-79.6282,32.6353]]}},{"type":"Feature","properties":{},"geometry":{"type":"LineString","coordinates":[[-79.6345,32.6398],[-79.6353,32.6387]]}},{"type":"Feature","properties":{},"geometry":{"type":"LineString","coordinates":[[-79.6345,32.6398],[-79.6424,32.6421]]}},{"type":"Feature","properties":{},"geometry":{"type":"LineString","coordinates":[[-79.6416,32.6432],[-79.6488,32.6466]]}},{"type":"Feature","properties":{},"geometry":{"type":"LineString","coordinates":[[-79.6416,32.6432],[-79.6349,32.6392]]}},{"type":"Feature","properties":{},"geometry":{"type":"LineString","coordinates":[[-79.6416,32.6432],[-79.642,32.6426]]}},{"type":"Feature","properties":{},"geometry":{"type":"LineString","coordinates":[[-79.6416,32.6432],[-79.6492,32.6461]]}},{"type":"Feature","properties":{},"geometry":{"type":"LineString","coordinates":[[-79.6416,32.6432],[-79.6353,32.6387]]}},{"type":"Feature","properties":{},"geometry":{"type":"LineString","coordinates":[[-79.6416,32.6432],[-79.6424,32.6421]]}},{"type":"Feature","properties":{},"geometry":{"type":"LineString","coordinates":[[-79.6416,32.6432],[-79.6496,32.6455]]}},{"type":"Feature","properties":{},"geometry":{"type":"LineString","coordinates":[[-79.6488,32.6466],[-79.6559,32.65]]}},{"type":"Feature","properties":{},"geometry":{"type":"LineString","coordinates":[[-79.6488,32.6466],[-79.642,32.6426]]}},{"type":"Feature","properties":{},"geometry":{"type":"LineString","coordinates":[[-79.6488,32.6466],[-79.6492,32.6461]]}},{"type":"Feature","properties":{},"geometry":{"type":"LineString","coordinates":[[-79.6488,32.6466],[-79.6563,32.6495]]}},{"type":"Feature","properties":{},"geometry":{"type":"LineString","coordinates":[[-79.6488,32.6466],[-79.6424,32.6421]]}},{"type":"Feature","properties":{},"geometry":{"type":"LineString","coordinates":[[-79.6488,32.6466],[-79.6496,32.6455]]}},{"type":"Feature","properties":{},"geometry":{"type":"LineString","coordinates":[[-79.6488,32.6466],[-79.6567,32.6489]]}},{"type":"Feature","properties":{},"geometry":{"type":"LineString","coordinates":[[-79.6559,32.65],[-79.663,32.6534]]}},{"type":"Feature","properties":{},"geometry":{"type":"LineString","coordinates":[[-79.6559,32.65],[-79.6492,32.6461]]}},{"type":"Feature","properties":{},"geometry":{"type":"LineString","coordinates":[[-79.6559,32.65],[-79.6563,32.6495]]}},{"type":"Feature","properties":{},"geometry":{"type":"LineString","coordinates":[[-79.6559,32.65],[-79.6635,32.6529]]}},{"type":"Feature","properties":{},"geometry":{"type":"LineString","coordinates":[[-79.6559,32.65],[-79.6496,32.6455]]}},{"type":"Feature","properties":{},"geometry":{"type":"LineString","coordinates":[[-79.6559,32.65],[-79.6567,32.6489]]}},{"type":"Feature","properties":{},"geometry":{"type":"LineString","coordinates":[[-79.6559,32.65],[-79.6639,32.6523]]}},{"type":"Feature","properties":{},"geometry":{"type":"LineString","coordinates":[[-79.663,32.6534],[-79.6702,32.6568]]}},{"type":"Feature","properties":{},"geometry":{"type":"LineString","coordinates":[[-79.663,32.6534],[-79.6563,32.6495]]}},{"type":"Feature","properties":{},"geometry":{"type":"LineString","coordinates":[[-79.663,32.6534],[-79.6635,32.6529]]}},{"type":"Feature","properties":{},"geometry":{"type":"LineString","coordinates":[[-79.663,32.6534],[-79.6706,32.6563]]}},{"type":"Feature","properties":{},"geometry":{"type":"LineString","coordinates":[[-79.663,32.6534],[-79.6567,32.6489]]}},{"type":"Feature","properties":{},"geometry":{"type":"LineString","coordinates":[[-79.663,32.6534],[-79.6639,32.6523]]}},{"type":"Feature","properties":{},"geometry":{"type":"LineString","coordinates":[[-79.663,32.6534],[-79.671,32.6557]]}},{"type":"Feature","properties":{},"geometry":{"type":"LineString","coordinates":[[-79.6702,32.6568],[-79.6773,32.6602]]}},{"type":"Feature","properties":{},"geometry":{"type":"LineString","coordinates":[[-79.6702,32.6568],[-79.6635,32.6529]]}},{"type":"Feature","properties":{},"geometry":{"type":"LineString","coordinates":[[-79.6702,32.6568],[-79.6706,32.6563]]}},{"type":"Feature","properties":{},"geometry":{"type":"LineString","coordinates":[[-79.6702,32.6568],[-79.6777,32.6597]]}},{"type":"Feature","properties":{},"geometry":{"type":"LineString","coordinates":[[-79.6702,32.6568],[-79.6639,32.6523]]}},{"type":"Feature","properties":{},"geometry":{"type":"LineString","coordinates":[[-79.6702,32.6568],[-79.671,32.6557]]}},{"type":"Feature","properties":{},"geometry":{"type":"LineString","coordinates":[[-79.6702,32.6568],[-79.6782,32.6591]]}},{"type":"Feature","properties":{},"geometry":{"type":"LineString","coordinates":[[-79.6773,32.6602],[-79.6845,32.6636]]}},{"type":"Feature","properties":{},"geometry":{"type":"LineString","coordinates":[[-79.6773,32.6602],[-79.6706,32.6563]]}},{"type":"Feature","properties":{},"geometry":{"type":"LineString","coordinates":[[-79.6773,32.6602],[-79.6777,32.6597]]}},{"type":"Feature","properties":{},"geometry":{"type":"LineString","coordinates":[[-79.6773,32.6602],[-79.6849,32.6631]]}},{"type":"Feature","properties":{},"geometry":{"type":"LineString","coordinates":[[-79.6773,32.6602],[-79.671,32.6557]]}},{"type":"Feature","properties":{},"geometry":{"type":"LineString","coordinates":[[-79.6773,32.6602],[-79.6782,32.6591]]}},{"type":"Feature","properties":{},"geometry":{"type":"LineString","coordinates":[[-79.6773,32.6602],[-79.6853,32.6625]]}},{"type":"Feature","properties":{},"geometry":{"type":"LineString","coordinates":[[-79.6845,32.6636],[-79.6916,32.667]]}},{"type":"Feature","properties":{},"geometry":{"type":"LineString","coordinates":[[-79.6845,32.6636],[-79.6777,32.6597]]}},{"type":"Feature","properties":{},"geometry":{"type":"LineString","coordinates":[[-79.6845,32.6636],[-79.6849,32.6631]]}},{"type":"Feature","properties":{},"geometry":{"type":"LineString","coordinates":[[-79.6845,32.6636],[-79.692,32.6665]]}},{"type":"Feature","properties":{},"geometry":{"type":"LineString","coordinates":[[-79.6845,32.6636],[-79.6782,32.6591]]}},{"type":"Feature","properties":{},"geometry":{"type":"LineString","coordinates":[[-79.6845,32.6636],[-79.6853,32.6625]]}},{"type":"Feature","properties":{},"geometry":{"type":"LineString","coordinates":[[-79.6845,32.6636],[-79.6925,32.666]]}},{"type":"Feature","properties":{},"geometry":{"type":"LineString","coordinates":[[-79.6916,32.667],[-79.6987,32.6704]]}},{"type":"Feature","properties":{},"geometry":{"type":"LineString","coordinates":[[-79.6916,32.667],[-79.6849,32.6631]]}},{"type":"Feature","properties":{},"geometry":{"type":"LineString","coordinates":[[-79.6916,32.667],[-79.692,32.6665]]}},{"type":"Feature","properties":{},"geometry":{"type":"LineString","coordinates":[[-79.6916,32.667],[-79.6992,32.6699]]}},{"type":"Feature","properties":{},"geometry":{"type":"LineString","coordinates":[[-79.6916,32.667],[-79.6853,32.6625]]}},{"type":"Feature","properties":{},"geometry":{"type":"LineString","coordinates":[[-79.6916,32.667],[-79.6925,32.666]]}},{"type":"Feature","properties":{},"geometry":{"type":"LineString","coordinates":[[-79.6916,32.667],[-79.6996,32.6694]]}},{"type":"Feature","properties":{},"geometry":{"type":"LineString","coordinates":[[-79.6987,32.6704],[-79.7059,32.6738]]}},{"type":"Feature","properties":{},"geometry":{"type":"LineString","coordinates":[[-79.6987,32.6704],[-79.692,32.6665]]}},{"type":"Feature","properties":{},"geometry":{"type":"LineString","coordinates":[[-79.6987,32.6704],[-79.6992,32.6699]]}},{"type":"Feature","properties":{},"geometry":{"type":"LineString","coordinates":[[-79.6987,32.6704],[-79.7063,32.6733]]}},{"type":"Feature","properties":{},"geometry":{"type":"LineString","coordinates":[[-79.6987,32.6704],[-79.6925,32.666]]}},{"type":"Feature","properties":{},"geometry":{"type":"LineString","coordinates":[[-79.6987,32.6704],[-79.6996,32.6694]]}},{"type":"Feature","properties":{},"geometry":{"type":"LineString","coordinates":[[-79.6987,32.6704],[-79.7067,32.6728]]}},{"type":"Feature","properties":{},"geometry":{"type":"LineString","coordinates":[[-79.7059,32.6738],[-79.713,32.6772]]}},{"type":"Feature","properties":{},"geometry":{"type":"LineString","coordinates":[[-79.7059,32.6738],[-79.6992,32.6699]]}},{"type":"Feature","properties":{},"geometry":{"type":"LineString","coordinates":[[-79.7059,32.6738],[-79.7063,32.6733]]}},{"type":"Feature","properties":{},"geometry":{"type":"LineString","coordinates":[[-79.7059,32.6738],[-79.7135,32.6767]]}},{"type":"Feature","properties":{},"geometry":{"type":"LineString","coordinates":[[-79.7059,32.6738],[-79.6996,32.6694]]}},{"type":"Feature","properties":{},"geometry":{"type":"LineString","coordinates":[[-79.7059,32.6738],[-79.7067,32.6728]]}},{"type":"Feature","properties":{},"geometry":{"type":"LineString","coordinates":[[-79.7059,32.6738],[-79.7139,32.6762]]}},{"type":"Feature","properties":{},"geometry":{"type":"LineString","coordinates":[[-79.713,32.6772],[-79.7202,32.6806]]}},{"type":"Feature","properties":{},"geometry":{"type":"LineString","coordinates":[[-79.713,32.6772],[-79.7063,32.6733]]}},{"type":"Feature","properties":{},"geometry":{"type":"LineString","coordinates":[[-79.713,32.6772],[-79.7135,32.6767]]}},{"type":"Feature","properties":{},"geometry":{"type":"LineString","coordinates":[[-79.713,32.6772],[-79.7206,32.6801]]}},{"type":"Feature","properties":{},"geometry":{"type":"LineString","coordinates":[[-79.713,32.6772],[-79.7067,32.6728]]}},{"type":"Feature","properties":{},"geometry":{"type":"LineString","coordinates":[[-79.713,32.6772],[-79.7139,32.6762]]}},{"type":"Feature","properties":{},"geometry":{"type":"LineString","coordinates":[[-79.713,32.6772],[-79.721,32.6796]]}},{"type":"Feature","properties":{},"geometry":{"type":"LineString","coordinates":[[-79.7202,32.6806],[-79.7273,32.684]]}},{"type":"Feature","properties":{},"geometry":{"type":"LineString","coordinates":[[-79.7202,32.6806],[-79.7135,32.6767]]}},{"type":"Feature","properties":{},"geometry":{"type":"LineString","coordinates":[[-79.7202,32.6806],[-79.7206,32.6801]]}},{"type":"Feature","properties":{},"geometry":{"type":"LineString","coordinates":[[-79.7202,32.6806],[-79.7278,32.6835]]}},{"type":"Feature","properties":{},"geometry":{"type":"LineString","coordinates":[[-79.7202,32.6806],[-79.7139,32.6762]]}},{"type":"Feature","properties":{},"geometry":{"type":"LineString","coordinates":[[-79.7202,32.6806],[-79.721,32.6796]]}},{"type":"Feature","properties":{},"geometry":{"type":"LineString","coordinates":[[-79.7202,32.6806],[-79.7282,32.683]]}},{"type":"Feature","properties":{},"geometry":{"type":"LineString","coordinates":[[-79.7273,32.684],[-79.7344,32.6875]]}},{"type":"Feature","properties":{},"geometry":{"type":"LineString","coordinates":[[-79.7273,32.684],[-79.7206,32.6801]]}},{"type":"Feature","properties":{},"geometry":{"type":"LineString","coordinates":[[-79.7273,32.684],[-79.7278,32.6835]]}},{"type":"Feature","properties":{},"geometry":{"type":"LineString","coordinates":[[-79.7273,32.684],[-79.7349,32.6869]]}},{"type":"Feature","properties":{},"geometry":{"type":"LineString","coordinates":[[-79.7273,32.684],[-79.721,32.6796]]}},{"type":"Feature","properties":{},"geometry":{"type":"LineString","coordinates":[[-79.7273,32.684],[-79.7282,32.683]]}},{"type":"Feature","properties":{},"geometry":{"type":"LineString","coordinates":[[-79.7273,32.684],[-79.7353,32.6864]]}},{"type":"Feature","properties":{},"geometry":{"type":"LineString","coordinates":[[-79.7344,32.6875],[-79.7416,32.6909]]}},{"type":"Feature","properties":{},"geometry":{"type":"LineString","coordinates":[[-79.7344,32.6875],[-79.7278,32.6835]]}},{"type":"Feature","properties":{},"geometry":{"type":"LineString","coordinates":[[-79.7344,32.6875],[-79.7349,32.6869]]}},{"type":"Feature","properties":{},"geometry":{"type":"LineString","coordinates":[[-79.7344,32.6875],[-79.742,32.6903]]}},{"type":"Feature","properties":{},"geometry":{"type":"LineString","coordinates":[[-79.7344,32.6875],[-79.7282,32.683]]}},{"type":"Feature","properties":{},"geometry":{"type":"LineString","coordinates":[[-79.7344,32.6875],[-79.7353,32.6864]]}},{"type":"Feature","properties":{},"geometry":{"type":"LineString","coordinates":[[-79.7344,32.6875],[-79.7425,32.6898]]}},{"type":"Feature","properties":{},"geometry":{"type":"LineString","coordinates":[[-79.7416,32.6909],[-79.7487,32.6943]]}},{"type":"Feature","properties":{},"geometry":{"type":"LineString","coordinates":[[-79.7416,32.6909],[-79.7349,32.6869]]}},{"type":"Feature","properties":{},"geometry":{"type":"LineString","coordinates":[[-79.7416,32.6909],[-79.742,32.6903]]}},{"type":"Feature","properties":{},"geometry":{"type":"LineString","coordinates":[[-79.7416,32.6909],[-79.7492,32.6937]]}},{"type":"Feature","properties":{},"geometry":{"type":"LineString","coordinates":[[-79.7416,32.6909],[-79.7353,32.6864]]}},{"type":"Feature","properties":{},"geometry":{"type":"LineString","coordinates":[[-79.7416,32.6909],[-79.7425,32.6898]]}},{"type":"Feature","properties":{},"geometry":{"type":"LineString","coordinates":[[-79.7416,32.6909],[-79.7496,32.6932]]}},{"type":"Feature","properties":{},"geometry":{"type":"LineString","coordinates":[[-79.7487,32.6943],[-79.7559,32.6977]]}},{"type":"Feature","properties":{},"geometry":{"type":"LineString","coordinates":[[-79.7487,32.6943],[-79.742,32.6903]]}},{"type":"Feature","properties":{},"geometry":{"type":"LineString","coordinates":[[-79.7487,32.6943],[-79.7492,32.6937]]}},{"type":"Feature","properties":{},"geometry":{"type":"LineString","coordinates":[[-79.7487,32.6943],[-79.7563,32.6971]]}},{"type":"Feature","properties":{},"geometry":{"type":"LineString","coordinates":[[-79.7487,32.6943],[-79.7425,32.6898]]}},{"type":"Feature","properties":{},"geometry":{"type":"LineString","coordinates":[[-79.7487,32.6943],[-79.7496,32.6932]]}},{"type":"Feature","properties":{},"geometry":{"type":"LineString","coordinates":[[-79.7487,32.6943],[-79.7568,32.6966]]}},{"type":"Feature","properties":{},"geometry":{"type":"LineString","coordinates":[[-79.7559,32.6977],[-79.763,32.7011]]}},{"type":"Feature","properties":{},"geometry":{"type":"LineString","coordinates":[[-79.7559,32.6977],[-79.7492,32.6937]]}},{"type":"Feature","properties":{},"geometry":{"type":"LineString","coordinates":[[-79.7559,32.6977],[-79.7563,32.6971]]}},{"type":"Feature","properties":{},"geometry":{"type":"LineString","coordinates":[[-79.7559,32.6977],[-79.7635,32.7005]]}},{"type":"Feature","properties":{},"geometry":{"type":"LineString","coordinates":[[-79.7559,32.6977],[-79.7496,32.6932]]}},{"type":"Feature","properties":{},"geometry":{"type":"LineString","coordinates":[[-79.7559,32.6977],[-79.7568,32.6966]]}},{"type":"Feature","properties":{},"geometry":{"type":"LineString","coordinates":[[-79.7559,32.6977],[-79.7639,32.7]]}},{"type":"Feature","properties":{},"geometry":{"type":"LineString","coordinates":[[-79.763,32.7011],[-79.7702,32.7045]]}},{"type":"Feature","properties":{},"geometry":{"type":"LineString","coordinates":[[-79.763,32.7011],[-79.7563,32.6971]]}},{"type":"Feature","properties":{},"geometry":{"type":"LineString","coordinates":[[-79.763,32.7011],[-79.7635,32.7005]]}},{"type":"Feature","properties":{},"geometry":{"type":"LineString","coordinates":[[-79.763,32.7011],[-79.7706,32.704]]}},{"type":"Feature","properties":{},"geometry":{"type":"LineString","coordinates":[[-79.763,32.7011],[-79.7568,32.6966]]}},{"type":"Feature","properties":{},"geometry":{"type":"LineString","coordinates":[[-79.763,32.7011],[-79.7639,32.7]]}},{"type":"Feature","properties":{},"geometry":{"type":"LineString","coordinates":[[-79.763,32.7011],[-79.7711,32.7034]]}},{"type":"Feature","properties":{},"geometry":{"type":"LineString","coordinates":[[-79.7702,32.7045],[-79.7773,32.7079]]}},{"type":"Feature","properties":{},"geometry":{"type":"LineString","coordinates":[[-79.7702,32.7045],[-79.7635,32.7005]]}},{"type":"Feature","properties":{},"geometry":{"type":"LineString","coordinates":[[-79.7702,32.7045],[-79.7706,32.704]]}},{"type":"Feature","properties":{},"geometry":{"type":"LineString","coordinates":[[-79.7702,32.7045],[-79.7777,32.7074]]}},{"type":"Feature","properties":{},"geometry":{"type":"LineString","coordinates":[[-79.7702,32.7045],[-79.7639,32.7]]}},{"type":"Feature","properties":{},"geometry":{"type":"LineString","coordinates":[[-79.7702,32.7045],[-79.7711,32.7034]]}},{"type":"Feature","properties":{},"geometry":{"type":"LineString","coordinates":[[-79.7702,32.7045],[-79.7782,32.7068]]}},{"type":"Feature","properties":{},"geometry":{"type":"LineString","coordinates":[[-79.7773,32.7079],[-79.7844,32.7113]]}},{"type":"Feature","properties":{},"geometry":{"type":"LineString","coordinates":[[-79.7773,32.7079],[-79.7706,32.704]]}},{"type":"Feature","properties":{},"geometry":{"type":"LineString","coordinates":[[-79.7773,32.7079],[-79.7777,32.7074]]}},{"type":"Feature","properties":{},"geometry":{"type":"LineString","coordinates":[[-79.7773,32.7079],[-79.7849,32.7108]]}},{"type":"Feature","properties":{},"geometry":{"type":"LineString","coordinates":[[-79.7773,32.7079],[-79.7711,32.7034]]}},{"type":"Feature","properties":{},"geometry":{"type":"LineString","coordinates":[[-79.7773,32.7079],[-79.7782,32.7068]]}},{"type":"Feature","properties":{},"geometry":{"type":"LineString","coordinates":[[-79.7773,32.7079],[-79.7853,32.7103]]}},{"type":"Feature","properties":{},"geometry":{"type":"LineString","coordinates":[[-79.7844,32.7113],[-79.7916,32.7147]]}},{"type":"Feature","properties":{},"geometry":{"type":"LineString","coordinates":[[-79.7844,32.7113],[-79.7777,32.7074]]}},{"type":"Feature","properties":{},"geometry":{"type":"LineString","coordinates":[[-79.7844,32.7113],[-79.7849,32.7108]]}},{"type":"Feature","properties":{},"geometry":{"type":"LineString","coordinates":[[-79.7844,32.7113],[-79.792,32.7142]]}},{"type":"Feature","properties":{},"geometry":{"type":"LineString","coordinates":[[-79.7844,32.7113],[-79.7782,32.7068]]}},{"type":"Feature","properties":{},"geometry":{"type":"LineString","coordinates":[[-79.7844,32.7113],[-79.7853,32.7103]]}},{"type":"Feature","properties":{},"geometry":{"type":"LineString","coordinates":[[-79.7844,32.7113],[-79.7925,32.7137]]}},{"type":"Feature","properties":{},"geometry":{"type":"LineString","coordinates":[[-79.7916,32.7147],[-79.7987,32.7181]]}},{"type":"Feature","properties":{},"geometry":{"type":"LineString","coordinates":[[-79.7916,32.7147],[-79.7849,32.7108]]}},{"type":"Feature","properties":{},"geometry":{"type":"LineString","coordinates":[[-79.7916,32.7147],[-79.792,32.7142]]}},{"type":"Feature","properties":{},"geometry":{"type":"LineString","coordinates":[[-79.7916,32.7147],[-79.7992,32.7176]]}},{"type":"Feature","properties":{},"geometry":{"type":"LineString","coordinates":[[-79.7916,32.7147],[-79.7853,32.7103]]}},{"type":"Feature","properties":{},"geometry":{"type":"LineString","coordinates":[[-79.7916,32.7147],[-79.7925,32.7137]]}},{"type":"Feature","properties":{},"geometry":{"type":"LineString","coordinates":[[-79.7916,32.7147],[-79.7996,32.7171]]}},{"type":"Feature","properties":{},"geometry":{"type":"LineString","coordinates":[[-79.7987,32.7181],[-79.8059,32.7215]]}},{"type":"Feature","properties":{},"geometry":{"type":"LineString","coordinates":[[-79.7987,32.7181],[-79.792,32.7142]]}},{"type":"Feature","properties":{},"geometry":{"type":"LineString","coordinates":[[-79.7987,32.7181],[-79.7992,32.7176]]}},{"type":"Feature","properties":{},"geometry":{"type":"LineString","coordinates":[[-79.7987,32.7181],[-79.8063,32.721]]}},{"type":"Feature","properties":{},"geometry":{"type":"LineString","coordinates":[[-79.7987,32.7181],[-79.7925,32.7137]]}},{"type":"Feature","properties":{},"geometry":{"type":"LineString","coordinates":[[-79.7987,32.7181],[-79.7996,32.7171]]}},{"type":"Feature","properties":{},"geometry":{"type":"LineString","coordinates":[[-79.7987,32.7181],[-79.8068,32.7205]]}},{"type":"Feature","properties":{},"geometry":{"type":"LineString","coordinates":[[-79.8059,32.7215],[-79.813,32.7249]]}},{"type":"Feature","properties":{},"geometry":{"type":"LineString","coordinates":[[-79.8059,32.7215],[-79.7992,32.7176]]}},{"type":"Feature","properties":{},"geometry":{"type":"LineString","coordinates":[[-79.8059,32.7215],[-79.8063,32.721]]}},{"type":"Feature","properties":{},"geometry":{"type":"LineString","coordinates":[[-79.8059,32.7215],[-79.8135,32.7244]]}},{"type":"Feature","properties":{},"geometry":{"type":"LineString","coordinates":[[-79.8059,32.7215],[-79.7996,32.7171]]}},{"type":"Feature","properties":{},"geometry":{"type":"LineString","coordinates":[[-79.8059,32.7215],[-79.8068,32.7205]]}},{"type":"Feature","properties":{},"geometry":{"type":"LineString","coordinates":[[-79.8059,32.7215],[-79.8139,32.7239]]}},{"type":"Feature","properties":{},"geometry":{"type":"LineString","coordinates":[[-79.813,32.7249],[-79.8201,32.7283]]}},{"type":"Feature","properties":{},"geometry":{"type":"LineString","coordinates":[[-79.813,32.7249],[-79.8063,32.721]]}},{"type":"Feature","properties":{},"geometry":{"type":"LineString","coordinates":[[-79.813,32.7249],[-79.8135,32.7244]]}},{"type":"Feature","properties":{},"geometry":{"type":"LineString","coordinates":[[-79.813,32.7249],[-79.8206,32.7278]]}},{"type":"Feature","properties":{},"geometry":{"type":"LineString","coordinates":[[-79.813,32.7249],[-79.8068,32.7205]]}},{"type":"Feature","properties":{},"geometry":{"type":"LineString","coordinates":[[-79.813,32.7249],[-79.8139,32.7239]]}},{"type":"Feature","properties":{},"geometry":{"type":"LineString","coordinates":[[-79.813,32.7249],[-79.8211,32.7273]]}},{"type":"Feature","properties":{},"geometry":{"type":"LineString","coordinates":[[-79.8201,32.7283],[-79.8273,32.7317]]}},{"type":"Feature","properties":{},"geometry":{"type":"LineString","coordinates":[[-79.8201,32.7283],[-79.8135,32.7244]]}},{"type":"Feature","properties":{},"geometry":{"type":"LineString","coordinates":[[-79.8201,32.7283],[-79.8206,32.7278]]}},{"type":"Feature","properties":{},"geometry":{"type":"LineString","coordinates":[[-79.8201,32.7283],[-79.8277,32.7312]]}},{"type":"Feature","properties":{},"geometry":{"type":"LineString","coordinates":[[-79.8201,32.7283],[-79.8139,32.7239]]}},{"type":"Feature","properties":{},"geometry":{"type":"LineString","coordinates":[[-79.8201,32.7283],[-79.8211,32.7273]]}},{"type":"Feature","properties":{},"geometry":{"type":"LineString","coordinates":[[-79.8201,32.7283],[-79.8282,32.7307]]}},{"type":"Feature","properties":{},"geometry":{"type":"LineString","coordinates":[[-79.8273,32.7317],[-79.8344,32.7351]]}},{"type":"Feature","properties":{},"geometry":{"type":"LineString","coordinates":[[-79.8273,32.7317],[-79.8206,32.7278]]}},{"type":"Feature","properties":{},"geometry":{"type":"LineString","coordinates":[[-79.8273,32.7317],[-79.8277,32.7312]]}},{"type":"Feature","properties":{},"geometry":{"type":"LineString","coordinates":[[-79.8273,32.7317],[-79.8349,32.7346]]}},{"type":"Feature","properties":{},"geometry":{"type":"LineString","coordinates":[[-79.8273,32.7317],[-79.8211,32.7273]]}},{"type":"Feature","properties":{},"geometry":{"type":"LineString","coordinates":[[-79.8273,32.7317],[-79.8282,32.7307]]}},{"type":"Feature","properties":{},"geometry":{"type":"LineString","coordinates":[[-79.8273,32.7317],[-79.8354,32.7341]]}},{"type":"Feature","properties":{},"geometry":{"type":"LineString","coordinates":[[-79.8344,32.7351],[-79.8415,32.7385]]}},{"type":"Feature","properties":{},"geometry":{"type":"LineString","coordinates":[[-79.8344,32.7351],[-79.8277,32.7312]]}},{"type":"Feature","properties":{},"geometry":{"type":"LineString","coordinates":[[-79.8344,32.7351],[-79.8349,32.7346]]}},{"type":"Feature","properties":{},"geometry":{"type":"LineString","coordinates":[[-79.8344,32.7351],[-79.842,32.738]]}},{"type":"Feature","properties":{},"geometry":{"type":"LineString","coordinates":[[-79.8344,32.7351],[-79.8282,32.7307]]}},{"type":"Feature","properties":{},"geometry":{"type":"LineString","coordinates":[[-79.8344,32.7351],[-79.8354,32.7341]]}},{"type":"Feature","properties":{},"geometry":{"type":"LineString","coordinates":[[-79.8344,32.7351],[-79.8425,32.7375]]}},{"type":"Feature","properties":{},"geometry":{"type":"LineString","coordinates":[[-79.8415,32.7385],[-79.8349,32.7346]]}},{"type":"Feature","properties":{},"geometry":{"type":"LineString","coordinates":[[-79.8415,32.7385],[-79.842,32.738]]}},{"type":"Feature","properties":{},"geometry":{"type":"LineString","coordinates":[[-79.8415,32.7385],[-79.8354,32.7341]]}},{"type":"Feature","properties":{},"geometry":{"type":"LineString","coordinates":[[-79.8415,32.7385],[-79.8425,32.7375]]}},{"type":"Feature","properties":{},"geometry":{"type":"LineString","coordinates":[[-79.8415,32.7385],[-79.8482,32.742]]}},{"type":"Feature","properties":{},"geometry":{"type":"LineString","coordinates":[[-81.0686,32.0808],[-81.0635,32.0803]]}},{"type":"Feature","properties":{},"geometry":{"type":"LineString","coordinates":[[-81.0686,32.0808],[-81.0707,32.08]]}},{"type":"Feature","properties":{},"geometry":{"type":"LineString","coordinates":[[-79.9214,32.7825],[-79.9214,32.7904]]}},{"type":"Feature","properties":{},"geometry":{"type":"LineString","coordinates":[[-79.9214,32.7825],[-79.9182,32.7896]]}},{"type":"Feature","properties":{},"geometry":{"type":"LineString","coordinates":[[-79.9214,32.7825],[-79.9284,32.7639]]}},{"type":"Feature","properties":{},"geometry":{"type":"LineString","coordinates":[[-79.9361,32.8524],[-79.9431,32.8551]]}},{"type":"Feature","properties":{},"geometry":{"type":"LineString","coordinates":[[-79.9361,32.8524],[-79.9365,32.8522]]}},{"type":"Feature","properties":{},"geometry":{"type":"LineString","coordinates":[[-79.9361,32.8524],[-79.9434,32.8548]]}},{"type":"Feature","properties":{},"geometry":{"type":"LineString","coordinates":[[-79.9361,32.8524],[-79.9312,32.8474]]}},{"type":"Feature","properties":{},"geometry":{"type":"LineString","coordinates":[[-79.9431,32.8551],[-79.9501,32.8578]]}},{"type":"Feature","properties":{},"geometry":{"type":"LineString","coordinates":[[-79.9431,32.8551],[-79.9365,32.8522]]}},{"type":"Feature","properties":{},"geometry":{"type":"LineString","coordinates":[[-79.9431,32.8551],[-79.9434,32.8548]]}},{"type":"Feature","properties":{},"geometry":{"type":"LineString","coordinates":[[-79.9431,32.8551],[-79.9504,32.8573]]}},{"type":"Feature","properties":{},"geometry":{"type":"LineString","coordinates":[[-79.9501,32.8578],[-79.9564,32.8616]]}},{"type":"Feature","properties":{},"geometry":{"type":"LineString","coordinates":[[-79.9501,32.8578],[-79.9567,32.8612]]}},{"type":"Feature","properties":{},"geometry":{"type":"LineString","coordinates":[[-79.9501,32.8578],[-79.9434,32.8548]]}},{"type":"Feature","properties":{},"geometry":{"type":"LineString","coordinates":[[-79.9501,32.8578],[-79.9504,32.8573]]}},{"type":"Feature","properties":{},"geometry":{"type":"LineString","coordinates":[[-79.9214,32.7904],[-79.9203,32.7913]]}},{"type":"Feature","properties":{},"geometry":{"type":"LineString","coordinates":[[-79.9214,32.7904],[-79.9156,32.7912]]}},{"type":"Feature","properties":{},"geometry":{"type":"LineString","coordinates":[[-79.9214,32.7904],[-79.9248,32.7918]]}},{"type":"Feature","properties":{},"geometry":{"type":"LineString","coordinates":[[-79.9214,32.7904],[-79.9244,32.7919]]}},{"type":"Feature","properties":{},"geometry":{"type":"LineString","coordinates":[[-79.9214,32.7904],[-79.9182,32.7896]]}},{"type":"Feature","properties":{},"geometry":{"type":"LineString","coordinates":[[-79.542,32.5949],[-79.5492,32.5984]]}},{"type":"Feature","properties":{},"geometry":{"type":"LineString","coordinates":[[-79.542,32.5949],[-79.5424,32.5944]]}},{"type":"Feature","properties":{},"geometry":{"type":"LineString","coordinates":[[-79.542,32.5949],[-79.5495,32.5978]]}},{"type":"Feature","properties":{},"geometry":{"type":"LineString","coordinates":[[-79.5492,32.5984],[-79.5563,32.6018]]}},{"type":"Feature","properties":{},"geometry":{"type":"LineString","coordinates":[[-79.5492,32.5984],[-79.5424,32.5944]]}},{"type":"Feature","properties":{},"geometry":{"type":"LineString","coordinates":[[-79.5492,32.5984],[-79.5495,32.5978]]}},{"type":"Feature","properties":{},"geometry":{"type":"LineString","coordinates":[[-79.5492,32.5984],[-79.5567,32.6012]]}},{"type":"Feature","properties":{},"geometry":{"type":"LineString","coordinates":[[-79.5563,32.6018],[-79.5635,32.6052]]}},{"type":"Feature","properties":{},"geometry":{"type":"LineString","coordinates":[[-79.5563,32.6018],[-79.5495,32.5978]]}},{"type":"Feature","properties":{},"geometry":{"type":"LineString","coordinates":[[-79.5563,32.6018],[-79.5567,32.6012]]}},{"type":"Feature","properties":{},"geometry":{"type":"LineString","coordinates":[[-79.5563,32.6018],[-79.5638,32.6046]]}},{"type":"Feature","properties":{},"geometry":{"type":"LineString","coordinates":[[-79.5635,32.6052],[-79.5706,32.6086]]}},{"type":"Feature","properties":{},"geometry":{"type":"LineString","coordinates":[[-79.5635,32.6052],[-79.5567,32.6012]]}},{"type":"Feature","properties":{},"geometry":{"type":"LineString","coordinates":[[-79.5635,32.6052],[-79.5638,32.6046]]}},{"type":"Feature","properties":{},"geometry":{"type":"LineString","coordinates":[[-79.5635,32.6052],[-79.571,32.608]]}},{"type":"Feature","properties":{},"geometry":{"type":"LineString","coordinates":[[-79.5706,32.6086],[-79.5777,32.612]]}},{"type":"Feature","properties":{},"geometry":{"type":"LineString","coordinates":[[-79.5706,32.6086],[-79.5638,32.6046]]}},{"type":"Feature","properties":{},"geometry":{"type":"LineString","coordinates":[[-79.5706,32.6086],[-79.571,32.608]]}},{"type":"Feature","properties":{},"geometry":{"type":"LineString","coordinates":[[-79.5706,32.6086],[-79.5781,32.6114]]}},{"type":"Feature","properties":{},"geometry":{"type":"LineString","coordinates":[[-79.5777,32.612],[-79.5849,32.6154]]}},{"type":"Feature","properties":{},"geometry":{"type":"LineString","coordinates":[[-79.5777,32.612],[-79.571,32.608]]}},{"type":"Feature","properties":{},"geometry":{"type":"LineString","coordinates":[[-79.5777,32.612],[-79.5781,32.6114]]}},{"type":"Feature","properties":{},"geometry":{"type":"LineString","coordinates":[[-79.5777,32.612],[-79.5853,32.6148]]}},{"type":"Feature","properties":{},"geometry":{"type":"LineString","coordinates":[[-79.5849,32.6154],[-79.592,32.6188]]}},{"type":"Feature","properties":{},"geometry":{"type":"LineString","coordinates":[[-79.5849,32.6154],[-79.5781,32.6114]]}},{"type":"Feature","properties":{},"geometry":{"type":"LineString","coordinates":[[-79.5849,32.6154],[-79.5853,32.6148]]}},{"type":"Feature","properties":{},"geometry":{"type":"LineString","coordinates":[[-79.5849,32.6154],[-79.5924,32.6182]]}},{"type":"Feature","properties":{},"geometry":{"type":"LineString","coordinates":[[-79.592,32.6188],[-79.5992,32.6222]]}},{"type":"Feature","properties":{},"geometry":{"type":"LineString","coordinates":[[-79.592,32.6188],[-79.5853,32.6148]]}},{"type":"Feature","properties":{},"geometry":{"type":"LineString","coordinates":[[-79.592,32.6188],[-79.5924,32.6182]]}},{"type":"Feature","properties":{},"geometry":{"type":"LineString","coordinates":[[-79.592,32.6188],[-79.5996,32.6217]]}},{"type":"Feature","properties":{},"geometry":{"type":"LineString","coordinates":[[-79.5992,32.6222],[-79.6063,32.6256]]}},{"type":"Feature","properties":{},"geometry":{"type":"LineString","coordinates":[[-79.5992,32.6222],[-79.5924,32.6182]]}},{"type":"Feature","properties":{},"geometry":{"type":"LineString","coordinates":[[-79.5992,32.6222],[-79.5996,32.6217]]}},{"type":"Feature","properties":{},"geometry":{"type":"LineString","coordinates":[[-79.5992,32.6222],[-79.6067,32.6251]]}},{"type":"Feature","properties":{},"geometry":{"type":"LineString","coordinates":[[-79.6063,32.6256],[-79.6135,32.629]]}},{"type":"Feature","properties":{},"geometry":{"type":"LineString","coordinates":[[-79.6063,32.6256],[-79.5996,32.6217]]}},{"type":"Feature","properties":{},"geometry":{"type":"LineString","coordinates":[[-79.6063,32.6256],[-79.6067,32.6251]]}},{"type":"Feature","properties":{},"geometry":{"type":"LineString","coordinates":[[-79.6063,32.6256],[-79.6139,32.6285]]}},{"type":"Feature","properties":{},"geometry":{"type":"LineString","coordinates":[[-79.6135,32.629],[-79.6206,32.6324]]}},{"type":"Feature","properties":{},"geometry":{"type":"LineString","coordinates":[[-79.6135,32.629],[-79.6067,32.6251]]}},{"type":"Feature","properties":{},"geometry":{"type":"LineString","coordinates":[[-79.6135,32.629],[-79.6139,32.6285]]}},{"type":"Feature","properties":{},"geometry":{"type":"LineString","coordinates":[[-79.6135,32.629],[-79.621,32.6319]]}},{"type":"Feature","properties":{},"geometry":{"type":"LineString","coordinates":[[-79.6206,32.6324],[-79.6277,32.6358]]}},{"type":"Feature","properties":{},"geometry":{"type":"LineString","coordinates":[[-79.6206,32.6324],[-79.6139,32.6285]]}},{"type":"Feature","properties":{},"geometry":{"type":"LineString","coordinates":[[-79.6206,32.6324],[-79.621,32.6319]]}},{"type":"Feature","properties":{},"geometry":{"type":"LineString","coordinates":[[-79.6206,32.6324],[-79.6282,32.6353]]}},{"type":"Feature","properties":{},"geometry":{"type":"LineString","coordinates":[[-79.6277,32.6358],[-79.6349,32.6392]]}},{"type":"Feature","properties":{},"geometry":{"type":"LineString","coordinates":[[-79.6277,32.6358],[-79.621,32.6319]]}},{"type":"Feature","properties":{},"geometry":{"type":"LineString","coordinates":[[-79.6277,32.6358],[-79.6282,32.6353]]}},{"type":"Feature","properties":{},"geometry":{"type":"LineString","coordinates":[[-79.6277,32.6358],[-79.6353,32.6387]]}},{"type":"Feature","properties":{},"geometry":{"type":"LineString","coordinates":[[-79.6349,32.6392],[-79.642,32.6426]]}},{"type":"Feature","properties":{},"geometry":{"type":"LineString","coordinates":[[-79.6349,32.6392],[-79.6282,32.6353]]}},{"type":"Feature","properties":{},"geometry":{"type":"LineString","coordinates":[[-79.6349,32.6392],[-79.6353,32.6387]]}},{"type":"Feature","properties":{},"geometry":{"type":"LineString","coordinates":[[-79.6349,32.6392],[-79.6424,32.6421]]}},{"type":"Feature","properties":{},"geometry":{"type":"LineString","coordinates":[[-79.642,32.6426],[-79.6492,32.6461]]}},{"type":"Feature","properties":{},"geometry":{"type":"LineString","coordinates":[[-79.642,32.6426],[-79.6353,32.6387]]}},{"type":"Feature","properties":{},"geometry":{"type":"LineString","coordinates":[[-79.642,32.6426],[-79.6424,32.6421]]}},{"type":"Feature","properties":{},"geometry":{"type":"LineString","coordinates":[[-79.642,32.6426],[-79.6496,32.6455]]}},{"type":"Feature","properties":{},"geometry":{"type":"LineString","coordinates":[[-79.6492,32.6461],[-79.6563,32.6495]]}},{"type":"Feature","properties":{},"geometry":{"type":"LineString","coordinates":[[-79.6492,32.6461],[-79.6424,32.6421]]}},{"type":"Feature","properties":{},"geometry":{"type":"LineString","coordinates":[[-79.6492,32.6461],[-79.6496,32.6455]]}},{"type":"Feature","properties":{},"geometry":{"type":"LineString","coordinates":[[-79.6492,32.6461],[-79.6567,32.6489]]}},{"type":"Feature","properties":{},"geometry":{"type":"LineString","coordinates":[[-79.6563,32.6495],[-79.6635,32.6529]]}},{"type":"Feature","properties":{},"geometry":{"type":"LineString","coordinates":[[-79.6563,32.6495],[-79.6496,32.6455]]}},{"type":"Feature","properties":{},"geometry":{"type":"LineString","coordinates":[[-79.6563,32.6495],[-79.6567,32.6489]]}},{"type":"Feature","properties":{},"geometry":{"type":"LineString","coordinates":[[-79.6563,32.6495],[-79.6639,32.6523]]}},{"type":"Feature","properties":{},"geometry":{"type":"LineString","coordinates":[[-79.6635,32.6529],[-79.6706,32.6563]]}},{"type":"Feature","properties":{},"geometry":{"type":"LineString","coordinates":[[-79.6635,32.6529],[-79.6567,32.6489]]}},{"type":"Feature","properties":{},"geometry":{"type":"LineString","coordinates":[[-79.6635,32.6529],[-79.6639,32.6523]]}},{"type":"Feature","properties":{},"geometry":{"type":"LineString","coordinates":[[-79.6635,32.6529],[-79.671,32.6557]]}},{"type":"Feature","properties":{},"geometry":{"type":"LineString","coordinates":[[-79.6706,32.6563],[-79.6777,32.6597]]}},{"type":"Feature","properties":{},"geometry":{"type":"LineString","coordinates":[[-79.6706,32.6563],[-79.6639,32.6523]]}},{"type":"Feature","properties":{},"geometry":{"type":"LineString","coordinates":[[-79.6706,32.6563],[-79.671,32.6557]]}},{"type":"Feature","properties":{},"geometry":{"type":"LineString","coordinates":[[-79.6706,32.6563],[-79.6782,32.6591]]}},{"type":"Feature","properties":{},"geometry":{"type":"LineString","coordinates":[[-79.6777,32.6597],[-79.6849,32.6631]]}},{"type":"Feature","properties":{},"geometry":{"type":"LineString","coordinates":[[-79.6777,32.6597],[-79.671,32.6557]]}},{"type":"Feature","properties":{},"geometry":{"type":"LineString","coordinates":[[-79.6777,32.6597],[-79.6782,32.6591]]}},{"type":"Feature","properties":{},"geometry":{"type":"LineString","coordinates":[[-79.6777,32.6597],[-79.6853,32.6625]]}},{"type":"Feature","properties":{},"geometry":{"type":"LineString","coordinates":[[-79.6849,32.6631],[-79.692,32.6665]]}},{"type":"Feature","properties":{},"geometry":{"type":"LineString","coordinates":[[-79.6849,32.6631],[-79.6782,32.6591]]}},{"type":"Feature","properties":{},"geometry":{"type":"LineString","coordinates":[[-79.6849,32.6631],[-79.6853,32.6625]]}},{"type":"Feature","properties":{},"geometry":{"type":"LineString","coordinates":[[-79.6849,32.6631],[-79.6925,32.666]]}},{"type":"Feature","properties":{},"geometry":{"type":"LineString","coordinates":[[-79.692,32.6665],[-79.6992,32.6699]]}},{"type":"Feature","properties":{},"geometry":{"type":"LineString","coordinates":[[-79.692,32.6665],[-79.6853,32.6625]]}},{"type":"Feature","properties":{},"geometry":{"type":"LineString","coordinates":[[-79.692,32.6665],[-79.6925,32.666]]}},{"type":"Feature","properties":{},"geometry":{"type":"LineString","coordinates":[[-79.692,32.6665],[-79.6996,32.6694]]}},{"type":"Feature","properties":{},"geometry":{"type":"LineString","coordinates":[[-79.6992,32.6699],[-79.7063,32.6733]]}},{"type":"Feature","properties":{},"geometry":{"type":"LineString","coordinates":[[-79.6992,32.6699],[-79.6925,32.666]]}},{"type":"Feature","properties":{},"geometry":{"type":"LineString","coordinates":[[-79.6992,32.6699],[-79.6996,32.6694]]}},{"type":"Feature","properties":{},"geometry":{"type":"LineString","coordinates":[[-79.6992,32.6699],[-79.7067,32.6728]]}},{"type":"Feature","properties":{},"geometry":{"type":"LineString","coordinates":[[-79.7063,32.6733],[-79.7135,32.6767]]}},{"type":"Feature","properties":{},"geometry":{"type":"LineString","coordinates":[[-79.7063,32.6733],[-79.6996,32.6694]]}},{"type":"Feature","properties":{},"geometry":{"type":"LineString","coordinates":[[-79.7063,32.6733],[-79.7067,32.6728]]}},{"type":"Feature","properties":{},"geometry":{"type":"LineString","coordinates":[[-79.7063,32.6733],[-79.7139,32.6762]]}},{"type":"Feature","properties":{},"geometry":{"type":"LineString","coordinates":[[-79.7135,32.6767],[-79.7206,32.6801]]}},{"type":"Feature","properties":{},"geometry":{"type":"LineString","coordinates":[[-79.7135,32.6767],[-79.7067,32.6728]]}},{"type":"Feature","properties":{},"geometry":{"type":"LineString","coordinates":[[-79.7135,32.6767],[-79.7139,32.6762]]}},{"type":"Feature","properties":{},"geometry":{"type":"LineString","coordinates":[[-79.7135,32.6767],[-79.721,32.6796]]}},{"type":"Feature","properties":{},"geometry":{"type":"LineString","coordinates":[[-79.7206,32.6801],[-79.7278,32.6835]]}},{"type":"Feature","properties":{},"geometry":{"type":"LineString","coordinates":[[-79.7206,32.6801],[-79.7139,32.6762]]}},{"type":"Feature","properties":{},"geometry":{"type":"LineString","coordinates":[[-79.7206,32.6801],[-79.721,32.6796]]}},{"type":"Feature","properties":{},"geometry":{"type":"LineString","coordinates":[[-79.7206,32.6801],[-79.7282,32.683]]}},{"type":"Feature","properties":{},"geometry":{"type":"LineString","coordinates":[[-79.7278,32.6835],[-79.7349,32.6869]]}},{"type":"Feature","properties":{},"geometry":{"type":"LineString","coordinates":[[-79.7278,32.6835],[-79.721,32.6796]]}},{"type":"Feature","properties":{},"geometry":{"type":"LineString","coordinates":[[-79.7278,32.6835],[-79.7282,32.683]]}},{"type":"Feature","properties":{},"geometry":{"type":"LineString","coordinates":[[-79.7278,32.6835],[-79.7353,32.6864]]}},{"type":"Feature","properties":{},"geometry":{"type":"LineString","coordinates":[[-79.7349,32.6869],[-79.742,32.6903]]}},{"type":"Feature","properties":{},"geometry":{"type":"LineString","coordinates":[[-79.7349,32.6869],[-79.7282,32.683]]}},{"type":"Feature","properties":{},"geometry":{"type":"LineString","coordinates":[[-79.7349,32.6869],[-79.7353,32.6864]]}},{"type":"Feature","properties":{},"geometry":{"type":"LineString","coordinates":[[-79.7349,32.6869],[-79.7425,32.6898]]}},{"type":"Feature","properties":{},"geometry":{"type":"LineString","coordinates":[[-79.742,32.6903],[-79.7492,32.6937]]}},{"type":"Feature","properties":{},"geometry":{"type":"LineString","coordinates":[[-79.742,32.6903],[-79.7353,32.6864]]}},{"type":"Feature","properties":{},"geometry":{"type":"LineString","coordinates":[[-79.742,32.6903],[-79.7425,32.6898]]}},{"type":"Feature","properties":{},"geometry":{"type":"LineString","coordinates":[[-79.742,32.6903],[-79.7496,32.6932]]}},{"type":"Feature","properties":{},"geometry":{"type":"LineString","coordinates":[[-79.7492,32.6937],[-79.7563,32.6971]]}},{"type":"Feature","properties":{},"geometry":{"type":"LineString","coordinates":[[-79.7492,32.6937],[-79.7425,32.6898]]}},{"type":"Feature","properties":{},"geometry":{"type":"LineString","coordinates":[[-79.7492,32.6937],[-79.7496,32.6932]]}},{"type":"Feature","properties":{},"geometry":{"type":"LineString","coordinates":[[-79.7492,32.6937],[-79.7568,32.6966]]}},{"type":"Feature","properties":{},"geometry":{"type":"LineString","coordinates":[[-79.7563,32.6971],[-79.7635,32.7005]]}},{"type":"Feature","properties":{},"geometry":{"type":"LineString","coordinates":[[-79.7563,32.6971],[-79.7496,32.6932]]}},{"type":"Feature","properties":{},"geometry":{"type":"LineString","coordinates":[[-79.7563,32.6971],[-79.7568,32.6966]]}},{"type":"Feature","properties":{},"geometry":{"type":"LineString","coordinates":[[-79.7563,32.6971],[-79.7639,32.7]]}},{"type":"Feature","properties":{},"geometry":{"type":"LineString","coordinates":[[-79.7635,32.7005],[-79.7706,32.704]]}},{"type":"Feature","properties":{},"geometry":{"type":"LineString","coordinates":[[-79.7635,32.7005],[-79.7568,32.6966]]}},{"type":"Feature","properties":{},"geometry":{"type":"LineString","coordinates":[[-79.7635,32.7005],[-79.7639,32.7]]}},{"type":"Feature","properties":{},"geometry":{"type":"LineString","coordinates":[[-79.7635,32.7005],[-79.7711,32.7034]]}},{"type":"Feature","properties":{},"geometry":{"type":"LineString","coordinates":[[-79.7706,32.704],[-79.7777,32.7074]]}},{"type":"Feature","properties":{},"geometry":{"type":"LineString","coordinates":[[-79.7706,32.704],[-79.7639,32.7]]}},{"type":"Feature","properties":{},"geometry":{"type":"LineString","coordinates":[[-79.7706,32.704],[-79.7711,32.7034]]}},{"type":"Feature","properties":{},"geometry":{"type":"LineString","coordinates":[[-79.7706,32.704],[-79.7782,32.7068]]}},{"type":"Feature","properties":{},"geometry":{"type":"LineString","coordinates":[[-79.7777,32.7074],[-79.7849,32.7108]]}},{"type":"Feature","properties":{},"geometry":{"type":"LineString","coordinates":[[-79.7777,32.7074],[-79.7711,32.7034]]}},{"type":"Feature","properties":{},"geometry":{"type":"LineString","coordinates":[[-79.7777,32.7074],[-79.7782,32.7068]]}},{"type":"Feature","properties":{},"geometry":{"type":"LineString","coordinates":[[-79.7777,32.7074],[-79.7853,32.7103]]}},{"type":"Feature","properties":{},"geometry":{"type":"LineString","coordinates":[[-79.7849,32.7108],[-79.792,32.7142]]}},{"type":"Feature","properties":{},"geometry":{"type":"LineString","coordinates":[[-79.7849,32.7108],[-79.7782,32.7068]]}},{"type":"Feature","properties":{},"geometry":{"type":"LineString","coordinates":[[-79.7849,32.7108],[-79.7853,32.7103]]}},{"type":"Feature","properties":{},"geometry":{"type":"LineString","coordinates":[[-79.7849,32.7108],[-79.7925,32.7137]]}},{"type":"Feature","properties":{},"geometry":{"type":"LineString","coordinates":[[-79.792,32.7142],[-79.7992,32.7176]]}},{"type":"Feature","properties":{},"geometry":{"type":"LineString","coordinates":[[-79.792,32.7142],[-79.7853,32.7103]]}},{"type":"Feature","properties":{},"geometry":{"type":"LineString","coordinates":[[-79.792,32.7142],[-79.7925,32.7137]]}},{"type":"Feature","properties":{},"geometry":{"type":"LineString","coordinates":[[-79.792,32.7142],[-79.7996,32.7171]]}},{"type":"Feature","properties":{},"geometry":{"type":"LineString","coordinates":[[-79.7992,32.7176],[-79.8063,32.721]]}},{"type":"Feature","properties":{},"geometry":{"type":"LineString","coordinates":[[-79.7992,32.7176],[-79.7925,32.7137]]}},{"type":"Feature","properties":{},"geometry":{"type":"LineString","coordinates":[[-79.7992,32.7176],[-79.7996,32.7171]]}},{"type":"Feature","properties":{},"geometry":{"type":"LineString","coordinates":[[-79.7992,32.7176],[-79.8068,32.7205]]}},{"type":"Feature","properties":{},"geometry":{"type":"LineString","coordinates":[[-79.8063,32.721],[-79.8135,32.7244]]}},{"type":"Feature","properties":{},"geometry":{"type":"LineString","coordinates":[[-79.8063,32.721],[-79.7996,32.7171]]}},{"type":"Feature","properties":{},"geometry":{"type":"LineString","coordinates":[[-79.8063,32.721],[-79.8068,32.7205]]}},{"type":"Feature","properties":{},"geometry":{"type":"LineString","coordinates":[[-79.8063,32.721],[-79.8139,32.7239]]}},{"type":"Feature","properties":{},"geometry":{"type":"LineString","coordinates":[[-79.8135,32.7244],[-79.8206,32.7278]]}},{"type":"Feature","properties":{},"geometry":{"type":"LineString","coordinates":[[-79.8135,32.7244],[-79.8068,32.7205]]}},{"type":"Feature","properties":{},"geometry":{"type":"LineString","coordinates":[[-79.8135,32.7244],[-79.8139,32.7239]]}},{"type":"Feature","properties":{},"geometry":{"type":"LineString","coordinates":[[-79.8135,32.7244],[-79.8211,32.7273]]}},{"type":"Feature","properties":{},"geometry":{"type":"LineString","coordinates":[[-79.8206,32.7278],[-79.8277,32.7312]]}},{"type":"Feature","properties":{},"geometry":{"type":"LineString","coordinates":[[-79.8206,32.7278],[-79.8139,32.7239]]}},{"type":"Feature","properties":{},"geometry":{"type":"LineString","coordinates":[[-79.8206,32.7278],[-79.8211,32.7273]]}},{"type":"Feature","properties":{},"geometry":{"type":"LineString","coordinates":[[-79.8206,32.7278],[-79.8282,32.7307]]}},{"type":"Feature","properties":{},"geometry":{"type":"LineString","coordinates":[[-79.8277,32.7312],[-79.8349,32.7346]]}},{"type":"Feature","properties":{},"geometry":{"type":"LineString","coordinates":[[-79.8277,32.7312],[-79.8211,32.7273]]}},{"type":"Feature","properties":{},"geometry":{"type":"LineString","coordinates":[[-79.8277,32.7312],[-79.8282,32.7307]]}},{"type":"Feature","properties":{},"geometry":{"type":"LineString","coordinates":[[-79.8277,32.7312],[-79.8354,32.7341]]}},{"type":"Feature","properties":{},"geometry":{"type":"LineString","coordinates":[[-79.8349,32.7346],[-79.842,32.738]]}},{"type":"Feature","properties":{},"geometry":{"type":"LineString","coordinates":[[-79.8349,32.7346],[-79.8282,32.7307]]}},{"type":"Feature","properties":{},"geometry":{"type":"LineString","coordinates":[[-79.8349,32.7346],[-79.8354,32.7341]]}},{"type":"Feature","properties":{},"geometry":{"type":"LineString","coordinates":[[-79.8349,32.7346],[-79.8425,32.7375]]}},{"type":"Feature","properties":{},"geometry":{"type":"LineString","coordinates":[[-79.842,32.738],[-79.8354,32.7341]]}},{"type":"Feature","properties":{},"geometry":{"type":"LineString","coordinates":[[-79.842,32.738],[-79.8425,32.7375]]}},{"type":"Feature","properties":{},"geometry":{"type":"LineString","coordinates":[[-79.842,32.738],[-79.8482,32.742]]}},{"type":"Feature","properties":{},"geometry":{"type":"LineString","coordinates":[[-79.9342,32.9346],[-79.9363,32.9286]]}},{"type":"Feature","properties":{},"geometry":{"type":"LineString","coordinates":[[-79.9342,32.9346],[-79.9337,32.9344]]}},{"type":"Feature","properties":{},"geometry":{"type":"LineString","coordinates":[[-79.9342,32.9346],[-79.9367,32.9356]]}},{"type":"Feature","properties":{},"geometry":{"type":"LineString","coordinates":[[-80.6508,32.3114],[-80.6516,32.3037]]}},{"type":"Feature","properties":{},"geometry":{"type":"LineString","coordinates":[[-80.6508,32.3114],[-80.6516,32.3188]]}},{"type":"Feature","properties":{},"geometry":{"type":"LineString","coordinates":[[-80.6508,32.3114],[-80.6548,32.3102]]}},{"type":"Feature","properties":{},"geometry":{"type":"LineString","coordinates":[[-80.6516,32.3037],[-80.6523,32.2959]]}},{"type":"Feature","properties":{},"geometry":{"type":"LineString","coordinates":[[-80.6516,32.3037],[-80.6546,32.3027]]}},{"type":"Feature","properties":{},"geometry":{"type":"LineString","coordinates":[[-80.6523,32.2959],[-80.6531,32.2882]]}},{"type":"Feature","properties":{},"geometry":{"type":"LineString","coordinates":[[-80.6523,32.2959],[-80.6545,32.2977]]}},{"type":"Feature","properties":{},"geometry":{"type":"LineString","coordinates":[[-80.6531,32.2882],[-80.6539,32.2804]]}},{"type":"Feature","properties":{},"geometry":{"type":"LineString","coordinates":[[-80.6531,32.2882],[-80.6579,32.291]]}},{"type":"Feature","properties":{},"geometry":{"type":"LineString","coordinates":[[-80.6539,32.2804],[-80.6547,32.2726]]}},{"type":"Feature","properties":{},"geometry":{"type":"LineString","coordinates":[[-80.6539,32.2804],[-80.6542,32.2804]]}},{"type":"Feature","properties":{},"geometry":{"type":"LineString","coordinates":[[-80.6547,32.2726],[-80.6555,32.2649]]}},{"type":"Feature","properties":{},"geometry":{"type":"LineString","coordinates":[[-80.6547,32.2726],[-80.6542,32.2804]]}},{"type":"Feature","properties":{},"geometry":{"type":"LineString","coordinates":[[-80.6555,32.2649],[-80.6549,32.2576]]}},{"type":"Feature","properties":{},"geometry":{"type":"LineString","coordinates":[[-80.6555,32.2649],[-80.6545,32.2577]]}},{"type":"Feature","properties":{},"geometry":{"type":"LineString","coordinates":[[-80.6555,32.2649],[-80.6542,32.2804]]}},{"type":"Feature","properties":{},"geometry":{"type":"LineString","coordinates":[[-79.9272,32.942],[-79.9271,32.9458]]}},{"type":"Feature","properties":{},"geometry":{"type":"LineString","coordinates":[[-79.9272,32.942],[-79.9259,32.9421]]}},{"type":"Feature","properties":{},"geometry":{"type":"LineString","coordinates":[[-80.6884,32.369],[-80.6797,32.3651]]}},{"type":"Feature","properties":{},"geometry":{"type":"LineString","coordinates":[[-80.6884,32.369],[-80.694,32.3722]]}},{"type":"Feature","properties":{},"geometry":{"type":"LineString","coordinates":[[-80.6884,32.369],[-80.6831,32.3669]]}},{"type":"Feature","properties":{},"geometry":{"type":"LineString","coordinates":[[-80.6797,32.3651],[-80.6732,32.36]]}},{"type":"Feature","properties":{},"geometry":{"type":"LineString","coordinates":[[-80.6797,32.3651],[-80.6768,32.3661]]}},{"type":"Feature","properties":{},"geometry":{"type":"LineString","coordinates":[[-79.9271,32.9458],[-79.9259,32.9421]]}},{"type":"Feature","properties":{},"geometry":{"type":"LineString","coordinates":[[-79.8845,32.7702],[-79.8773,32.7656]]}},{"type":"Feature","properties":{},"geometry":{"type":"LineString","coordinates":[[-79.8845,32.7702],[-79.8921,32.7737]]}},{"type":"Feature","properties":{},"geometry":{"type":"LineString","coordinates":[[-79.8845,32.7702],[-79.8811,32.7659]]}},{"type":"Feature","properties":{},"geometry":{"type":"LineString","coordinates":[[-79.8845,32.7702],[-79.8846,32.7661]]}},{"type":"Feature","properties":{},"geometry":{"type":"LineString","coordinates":[[-79.8845,32.7702],[-79.8778,32.7612]]}},{"type":"Feature","properties":{},"geometry":{"type":"LineString","coordinates":[[-79.8773,32.7656],[-79.8701,32.761]]}},{"type":"Feature","properties":{},"geometry":{"type":"LineString","coordinates":[[-79.8773,32.7656],[-79.8811,32.7659]]}},{"type":"Feature","properties":{},"geometry":{"type":"LineString","coordinates":[[-79.8773,32.7656],[-79.8771,32.7614]]}},{"type":"Feature","properties":{},"geometry":{"type":"LineString","coordinates":[[-79.8773,32.7656],[-79.8759,32.7628]]}},{"type":"Feature","properties":{},"geometry":{"type":"LineString","coordinates":[[-79.8701,32.761],[-79.8771,32.7614]]}},{"type":"Feature","properties":{},"geometry":{"type":"LineString","coordinates":[[-79.8701,32.761],[-79.874,32.7644]]}},{"type":"Feature","properties":{},"geometry":{"type":"LineString","coordinates":[[-81.1417,32.1399],[-81.1412,32.1414]]}},{"type":"Feature","properties":{},"geometry":{"type":"LineString","coordinates":[[-81.1417,32.1399],[-81.1405,32.1349]]}},{"type":"Feature","properties":{},"geometry":{"type":"LineString","coordinates":[[-81.1417,32.1399],[-81.1421,32.1447]]}},{"type":"Feature","properties":{},"geometry":{"type":"LineString","coordinates":[[-79.901,32.7605],[-79.8993,32.759]]}},{"type":"Feature","properties":{},"geometry":{"type":"LineString","coordinates":[[-79.901,32.7605],[-79.9019,32.759]]}},{"type":"Feature","properties":{},"geometry":{"type":"LineString","coordinates":[[-80.8242,32.033],[-80.8322,32.0352]]}},{"type":"Feature","properties":{},"geometry":{"type":"LineString","coordinates":[[-80.8242,32.033],[-80.8171,32.0294]]}},{"type":"Feature","properties":{},"geometry":{"type":"LineString","coordinates":[[-80.8242,32.033],[-80.8178,32.0286]]}},{"type":"Feature","properties":{},"geometry":{"type":"LineString","coordinates":[[-80.8242,32.033],[-80.8167,32.0299]]}},{"type":"Feature","properties":{},"geometry":{"type":"LineString","coordinates":[[-80.8322,32.0352],[-80.8403,32.0374]]}},{"type":"Feature","properties":{},"geometry":{"type":"LineString","coordinates":[[-80.8403,32.0374],[-80.8485,32.0382]]}},{"type":"Feature","properties":{},"geometry":{"type":"LineString","coordinates":[[-81.154,32.1584],[-81.1551,32.1581]]}},{"type":"Feature","properties":{},"geometry":{"type":"LineString","coordinates":[[-81.154,32.1584],[-81.1508,32.1539]]}},{"type":"Feature","properties":{},"geometry":{"type":"LineString","coordinates":[[-81.154,32.1584],[-81.1511,32.1539]]}},{"type":"Feature","properties":{},"geometry":{"type":"LineString","coordinates":[[-81.154,32.1584],[-81.1548,32.1582]]}},{"type":"Feature","properties":{},"geometry":{"type":"LineString","coordinates":[[-81.1412,32.1414],[-81.1421,32.1447]]}},{"type":"Feature","properties":{},"geometry":{"type":"LineString","coordinates":[[-79.5424,32.5944],[-79.5495,32.5978]]}},{"type":"Feature","properties":{},"geometry":{"type":"LineString","coordinates":[[-79.5495,32.5978],[-79.5567,32.6012]]}},{"type":"Feature","properties":{},"geometry":{"type":"LineString","coordinates":[[-79.5567,32.6012],[-79.5638,32.6046]]}},{"type":"Feature","properties":{},"geometry":{"type":"LineString","coordinates":[[-79.5638,32.6046],[-79.571,32.608]]}},{"type":"Feature","properties":{},"geometry":{"type":"LineString","coordinates":[[-79.571,32.608],[-79.5781,32.6114]]}},{"type":"Feature","properties":{},"geometry":{"type":"LineString","coordinates":[[-79.5781,32.6114],[-79.5853,32.6148]]}},{"type":"Feature","properties":{},"geometry":{"type":"LineString","coordinates":[[-79.5853,32.6148],[-79.5924,32.6182]]}},{"type":"Feature","properties":{},"geometry":{"type":"LineString","coordinates":[[-79.5924,32.6182],[-79.5996,32.6217]]}},{"type":"Feature","properties":{},"geometry":{"type":"LineString","coordinates":[[-79.5996,32.6217],[-79.6067,32.6251]]}},{"type":"Feature","properties":{},"geometry":{"type":"LineString","coordinates":[[-79.6067,32.6251],[-79.6139,32.6285]]}},{"type":"Feature","properties":{},"geometry":{"type":"LineString","coordinates":[[-79.6139,32.6285],[-79.621,32.6319]]}},{"type":"Feature","properties":{},"geometry":{"type":"LineString","coordinates":[[-79.621,32.6319],[-79.6282,32.6353]]}},{"type":"Feature","properties":{},"geometry":{"type":"LineString","coordinates":[[-79.6282,32.6353],[-79.6353,32.6387]]}},{"type":"Feature","properties":{},"geometry":{"type":"LineString","coordinates":[[-79.6353,32.6387],[-79.6424,32.6421]]}},{"type":"Feature","properties":{},"geometry":{"type":"LineString","coordinates":[[-79.6424,32.6421],[-79.6496,32.6455]]}},{"type":"Feature","properties":{},"geometry":{"type":"LineString","coordinates":[[-79.6496,32.6455],[-79.6567,32.6489]]}},{"type":"Feature","properties":{},"geometry":{"type":"LineString","coordinates":[[-79.6567,32.6489],[-79.6639,32.6523]]}},{"type":"Feature","properties":{},"geometry":{"type":"LineString","coordinates":[[-79.6639,32.6523],[-79.671,32.6557]]}},{"type":"Feature","properties":{},"geometry":{"type":"LineString","coordinates":[[-79.671,32.6557],[-79.6782,32.6591]]}},{"type":"Feature","properties":{},"geometry":{"type":"LineString","coordinates":[[-79.6782,32.6591],[-79.6853,32.6625]]}},{"type":"Feature","properties":{},"geometry":{"type":"LineString","coordinates":[[-79.6853,32.6625],[-79.6925,32.666]]}},{"type":"Feature","properties":{},"geometry":{"type":"LineString","coordinates":[[-79.6925,32.666],[-79.6996,32.6694]]}},{"type":"Feature","properties":{},"geometry":{"type":"LineString","coordinates":[[-79.6996,32.6694],[-79.7067,32.6728]]}},{"type":"Feature","properties":{},"geometry":{"type":"LineString","coordinates":[[-79.7067,32.6728],[-79.7139,32.6762]]}},{"type":"Feature","properties":{},"geometry":{"type":"LineString","coordinates":[[-79.7139,32.6762],[-79.721,32.6796]]}},{"type":"Feature","properties":{},"geometry":{"type":"LineString","coordinates":[[-79.721,32.6796],[-79.7282,32.683]]}},{"type":"Feature","properties":{},"geometry":{"type":"LineString","coordinates":[[-79.7282,32.683],[-79.7353,32.6864]]}},{"type":"Feature","properties":{},"geometry":{"type":"LineString","coordinates":[[-79.7353,32.6864],[-79.7425,32.6898]]}},{"type":"Feature","properties":{},"geometry":{"type":"LineString","coordinates":[[-79.7425,32.6898],[-79.7496,32.6932]]}},{"type":"Feature","properties":{},"geometry":{"type":"LineString","coordinates":[[-79.7496,32.6932],[-79.7568,32.6966]]}},{"type":"Feature","properties":{},"geometry":{"type":"LineString","coordinates":[[-79.7568,32.6966],[-79.7639,32.7]]}},{"type":"Feature","properties":{},"geometry":{"type":"LineString","coordinates":[[-79.7639,32.7],[-79.7711,32.7034]]}},{"type":"Feature","properties":{},"geometry":{"type":"LineString","coordinates":[[-79.7711,32.7034],[-79.7782,32.7068]]}},{"type":"Feature","properties":{},"geometry":{"type":"LineString","coordinates":[[-79.7782,32.7068],[-79.7853,32.7103]]}},{"type":"Feature","properties":{},"geometry":{"type":"LineString","coordinates":[[-79.7853,32.7103],[-79.7925,32.7137]]}},{"type":"Feature","properties":{},"geometry":{"type":"LineString","coordinates":[[-79.7925,32.7137],[-79.7996,32.7171]]}},{"type":"Feature","properties":{},"geometry":{"type":"LineString","coordinates":[[-79.7996,32.7171],[-79.8068,32.7205]]}},{"type":"Feature","properties":{},"geometry":{"type":"LineString","coordinates":[[-79.8068,32.7205],[-79.8139,32.7239]]}},{"type":"Feature","properties":{},"geometry":{"type":"LineString","coordinates":[[-79.8139,32.7239],[-79.8211,32.7273]]}},{"type":"Feature","properties":{},"geometry":{"type":"LineString","coordinates":[[-79.8211,32.7273],[-79.8282,32.7307]]}},{"type":"Feature","properties":{},"geometry":{"type":"LineString","coordinates":[[-79.8282,32.7307],[-79.8354,32.7341]]}},{"type":"Feature","properties":{},"geometry":{"type":"LineString","coordinates":[[-79.8354,32.7341],[-79.8425,32.7375]]}},{"type":"Feature","properties":{},"geometry":{"type":"LineString","coordinates":[[-79.8425,32.7375],[-79.8482,32.742]]}},{"type":"Feature","properties":{},"geometry":{"type":"LineString","coordinates":[[-80.5042,32.5081],[-80.5043,32.5076]]}},{"type":"Feature","properties":{},"geometry":{"type":"LineString","coordinates":[[-81.138,32.1331],[-81.1405,32.1349]]}},{"type":"Feature","properties":{},"geometry":{"type":"LineString","coordinates":[[-81.138,32.1331],[-81.1362,32.1289]]}},{"type":"Feature","properties":{},"geometry":{"type":"LineString","coordinates":[[-79.192,33.2281],[-79.1888,33.22]]}},{"type":"Feature","properties":{},"geometry":{"type":"LineString","coordinates":[[-79.1888,33.22],[-79.1856,33.212]]}},{"type":"Feature","properties":{},"geometry":{"type":"LineString","coordinates":[[-79.1856,33.212],[-79.1818,33.2044]]}},{"type":"Feature","properties":{},"geometry":{"type":"LineString","coordinates":[[-79.1856,33.212],[-79.1822,33.2041]]}},{"type":"Feature","properties":{},"geometry":{"type":"LineString","coordinates":[[-79.1818,33.2044],[-79.1822,33.2041]]}},{"type":"Feature","properties":{},"geometry":{"type":"LineString","coordinates":[[-79.932,32.8387],[-79.929,32.8395]]}},{"type":"Feature","properties":{},"geometry":{"type":"LineString","coordinates":[[-79.932,32.8387],[-79.9282,32.8396]]}},{"type":"Feature","properties":{},"geometry":{"type":"LineString","coordinates":[[-80.996,32.0981],[-81.0043,32.0994]]}},{"type":"Feature","properties":{},"geometry":{"type":"LineString","coordinates":[[-80.996,32.0981],[-80.9916,32.0911]]}},{"type":"Feature","properties":{},"geometry":{"type":"LineString","coordinates":[[-80.996,32.0981],[-80.9928,32.0914]]}},{"type":"Feature","properties":{},"geometry":{"type":"LineString","coordinates":[[-80.996,32.0981],[-80.9912,32.0914]]}},{"type":"Feature","properties":{},"geometry":{"type":"LineString","coordinates":[[-81.0043,32.0994],[-81.0125,32.1007]]}},{"type":"Feature","properties":{},"geometry":{"type":"LineString","coordinates":[[-79.9363,32.9286],[-79.9322,32.923]]}},{"type":"Feature","properties":{},"geometry":{"type":"LineString","coordinates":[[-79.9363,32.9286],[-79.9337,32.9344]]}},{"type":"Feature","properties":{},"geometry":{"type":"LineString","coordinates":[[-79.9363,32.9286],[-79.9367,32.9356]]}},{"type":"Feature","properties":{},"geometry":{"type":"LineString","coordinates":[[-80.9916,32.0911],[-80.9876,32.0853]]}},{"type":"Feature","properties":{},"geometry":{"type":"LineString","coordinates":[[-80.9916,32.0911],[-80.9895,32.0849]]}},{"type":"Feature","properties":{},"geometry":{"type":"LineString","coordinates":[[-80.9916,32.0911],[-80.9928,32.0914]]}},{"type":"Feature","properties":{},"geometry":{"type":"LineString","coordinates":[[-80.9916,32.0911],[-80.9912,32.0914]]}},{"type":"Feature","properties":{},"geometry":{"type":"LineString","coordinates":[[-80.9916,32.0911],[-80.9872,32.0857]]}},{"type":"Feature","properties":{},"geometry":{"type":"LineString","coordinates":[[-80.9876,32.0853],[-80.9836,32.0796]]}},{"type":"Feature","properties":{},"geometry":{"type":"LineString","coordinates":[[-80.9876,32.0853],[-80.9895,32.0849]]}},{"type":"Feature","properties":{},"geometry":{"type":"LineString","coordinates":[[-80.9876,32.0853],[-80.9912,32.0914]]}},{"type":"Feature","properties":{},"geometry":{"type":"LineString","coordinates":[[-80.9876,32.0853],[-80.9872,32.0857]]}},{"type":"Feature","properties":{},"geometry":{"type":"LineString","coordinates":[[-80.9876,32.0853],[-80.9833,32.08]]}},{"type":"Feature","properties":{},"geometry":{"type":"LineString","coordinates":[[-80.9876,32.0853],[-80.9812,32.0769]]}},{"type":"Feature","properties":{},"geometry":{"type":"LineString","coordinates":[[-80.9836,32.0796],[-80.9769,32.0761]]}},{"type":"Feature","properties":{},"geometry":{"type":"LineString","coordinates":[[-80.9836,32.0796],[-80.9833,32.08]]}},{"type":"Feature","properties":{},"geometry":{"type":"LineString","coordinates":[[-80.9836,32.0796],[-80.9812,32.0769]]}},{"type":"Feature","properties":{},"geometry":{"type":"LineString","coordinates":[[-81.0415,32.0811],[-81.034,32.0841]]}},{"type":"Feature","properties":{},"geometry":{"type":"LineString","coordinates":[[-81.0415,32.0811],[-81.0491,32.0811]]}},{"type":"Feature","properties":{},"geometry":{"type":"LineString","coordinates":[[-81.0415,32.0811],[-81.0419,32.0823]]}},{"type":"Feature","properties":{},"geometry":{"type":"LineString","coordinates":[[-81.0415,32.0811],[-81.0346,32.0852]]}},{"type":"Feature","properties":{},"geometry":{"type":"LineString","coordinates":[[-81.034,32.0841],[-81.0264,32.0871]]}},{"type":"Feature","properties":{},"geometry":{"type":"LineString","coordinates":[[-81.034,32.0841],[-81.0346,32.0852]]}},{"type":"Feature","properties":{},"geometry":{"type":"LineString","coordinates":[[-81.034,32.0841],[-81.0273,32.0881]]}},{"type":"Feature","properties":{},"geometry":{"type":"LineString","coordinates":[[-81.0264,32.0871],[-81.0196,32.0937]]}},{"type":"Feature","properties":{},"geometry":{"type":"LineString","coordinates":[[-81.0264,32.0871],[-81.0346,32.0852]]}},{"type":"Feature","properties":{},"geometry":{"type":"LineString","coordinates":[[-81.0264,32.0871],[-81.0273,32.0881]]}},{"type":"Feature","properties":{},"geometry":{"type":"LineString","coordinates":[[-79.9634,32.8944],[-79.9654,32.8878]]}},{"type":"Feature","properties":{},"geometry":{"type":"LineString","coordinates":[[-81.0491,32.0811],[-81.0563,32.0807]]}},{"type":"Feature","properties":{},"geometry":{"type":"LineString","coordinates":[[-81.0491,32.0811],[-81.0419,32.0823]]}},{"type":"Feature","properties":{},"geometry":{"type":"LineString","coordinates":[[-81.0563,32.0807],[-81.0635,32.0803]]}},{"type":"Feature","properties":{},"geometry":{"type":"LineString","coordinates":[[-81.0635,32.0803],[-81.0707,32.08]]}},{"type":"Feature","properties":{},"geometry":{"type":"LineString","coordinates":[[-81.0707,32.08],[-81.0787,32.0798]]}},{"type":"Feature","properties":{},"geometry":{"type":"LineString","coordinates":[[-79.8997,32.8249],[-79.9051,32.8194]]}},{"type":"Feature","properties":{},"geometry":{"type":"LineString","coordinates":[[-79.8997,32.8249],[-79.8951,32.8303]]}},{"type":"Feature","properties":{},"geometry":{"type":"LineString","coordinates":[[-79.8997,32.8249],[-79.8954,32.8305]]}},{"type":"Feature","properties":{},"geometry":{"type":"LineString","coordinates":[[-79.9051,32.8194],[-79.9105,32.814]]}},{"type":"Feature","properties":{},"geometry":{"type":"LineString","coordinates":[[-79.9105,32.814],[-79.9141,32.8084]]}},{"type":"Feature","properties":{},"geometry":{"type":"LineString","coordinates":[[-79.9105,32.814],[-79.9168,32.814]]}},{"type":"Feature","properties":{},"geometry":{"type":"LineString","coordinates":[[-79.9271,32.8225],[-79.9228,32.8177]]}},{"type":"Feature","properties":{},"geometry":{"type":"LineString","coordinates":[[-81.1189,32.1054],[-81.1133,32.1005]]}},{"type":"Feature","properties":{},"geometry":{"type":"LineString","coordinates":[[-81.1189,32.1054],[-81.1235,32.1109]]}},{"type":"Feature","properties":{},"geometry":{"type":"LineString","coordinates":[[-81.1133,32.1005],[-81.1076,32.0956]]}},{"type":"Feature","properties":{},"geometry":{"type":"LineString","coordinates":[[-81.1133,32.1005],[-81.1087,32.0962]]}},{"type":"Feature","properties":{},"geometry":{"type":"LineString","coordinates":[[-81.1076,32.0956],[-81.102,32.0907]]}},{"type":"Feature","properties":{},"geometry":{"type":"LineString","coordinates":[[-81.1076,32.0956],[-81.1087,32.0962]]}},{"type":"Feature","properties":{},"geometry":{"type":"LineString","coordinates":[[-81.102,32.0907],[-81.0952,32.0861]]}},{"type":"Feature","properties":{},"geometry":{"type":"LineString","coordinates":[[-79.9077,32.7799],[-79.9,32.7766]]}},{"type":"Feature","properties":{},"geometry":{"type":"LineString","coordinates":[[-79.9077,32.7799],[-79.9073,32.7803]]}},{"type":"Feature","properties":{},"geometry":{"type":"LineString","coordinates":[[-79.9077,32.7799],[-79.8997,32.777]]}},{"type":"Feature","properties":{},"geometry":{"type":"LineString","coordinates":[[-79.9077,32.7799],[-79.913,32.785]]}},{"type":"Feature","properties":{},"geometry":{"type":"LineString","coordinates":[[-79.9,32.7766],[-79.8924,32.7733]]}},{"type":"Feature","properties":{},"geometry":{"type":"LineString","coordinates":[[-79.9,32.7766],[-79.9073,32.7803]]}},{"type":"Feature","properties":{},"geometry":{"type":"LineString","coordinates":[[-79.9,32.7766],[-79.8997,32.777]]}},{"type":"Feature","properties":{},"geometry":{"type":"LineString","coordinates":[[-79.9,32.7766],[-79.8921,32.7737]]}},{"type":"Feature","properties":{},"geometry":{"type":"LineString","coordinates":[[-79.9,32.7766],[-79.8994,32.7589]]}},{"type":"Feature","properties":{},"geometry":{"type":"LineString","coordinates":[[-79.8924,32.7733],[-79.8997,32.777]]}},{"type":"Feature","properties":{},"geometry":{"type":"LineString","coordinates":[[-79.8924,32.7733],[-79.8921,32.7737]]}},{"type":"Feature","properties":{},"geometry":{"type":"LineString","coordinates":[[-79.8924,32.7733],[-79.8919,32.7589]]}},{"type":"Feature","properties":{},"geometry":{"type":"LineString","coordinates":[[-79.9614,32.8676],[-79.9618,32.8673]]}},{"type":"Feature","properties":{},"geometry":{"type":"LineString","coordinates":[[-79.9564,32.8616],[-79.9567,32.8612]]}},{"type":"Feature","properties":{},"geometry":{"type":"LineString","coordinates":[[-79.9564,32.8616],[-79.9504,32.8573]]}},{"type":"Feature","properties":{},"geometry":{"type":"LineString","coordinates":[[-79.2916,33.3578],[-79.2914,33.3573]]}},{"type":"Feature","properties":{},"geometry":{"type":"LineString","coordinates":[[-79.2916,33.3578],[-79.2872,33.3586]]}},{"type":"Feature","properties":{},"geometry":{"type":"LineString","coordinates":[[-79.8947,32.8301],[-79.8914,32.836]]}},{"type":"Feature","properties":{},"geometry":{"type":"LineString","coordinates":[[-79.8947,32.8301],[-79.8951,32.8303]]}},{"type":"Feature","properties":{},"geometry":{"type":"LineString","coordinates":[[-79.8947,32.8301],[-79.8954,32.8305]]}},{"type":"Feature","properties":{},"geometry":{"type":"LineString","coordinates":[[-79.8947,32.8301],[-79.8944,32.8368]]}},{"type":"Feature","properties":{},"geometry":{"type":"LineString","coordinates":[[-79.8914,32.836],[-79.8951,32.8303]]}},{"type":"Feature","properties":{},"geometry":{"type":"LineString","coordinates":[[-79.8914,32.836],[-79.8918,32.8362]]}},{"type":"Feature","properties":{},"geometry":{"type":"LineString","coordinates":[[-79.8914,32.836],[-79.8922,32.8364]]}},{"type":"Feature","properties":{},"geometry":{"type":"LineString","coordinates":[[-79.8914,32.836],[-79.8944,32.8368]]}},{"type":"Feature","properties":{},"geometry":{"type":"LineString","coordinates":[[-80.5933,32.166],[-80.5924,32.1584]]}},{"type":"Feature","properties":{},"geometry":{"type":"LineString","coordinates":[[-80.5933,32.166],[-80.5959,32.1729]]}},{"type":"Feature","properties":{},"geometry":{"type":"LineString","coordinates":[[-80.5933,32.166],[-80.5955,32.173]]}},{"type":"Feature","properties":{},"geometry":{"type":"LineString","coordinates":[[-80.5933,32.166],[-80.5912,32.1587]]}},{"type":"Feature","properties":{},"geometry":{"type":"LineString","coordinates":[[-80.5933,32.166],[-80.5921,32.1663]]}},{"type":"Feature","properties":{},"geometry":{"type":"LineString","coordinates":[[-80.5924,32.1584],[-80.5915,32.1508]]}},{"type":"Feature","properties":{},"geometry":{"type":"LineString","coordinates":[[-80.5924,32.1584],[-80.5904,32.1511]]}},{"type":"Feature","properties":{},"geometry":{"type":"LineString","coordinates":[[-80.5924,32.1584],[-80.5912,32.1587]]}},{"type":"Feature","properties":{},"geometry":{"type":"LineString","coordinates":[[-80.5915,32.1508],[-80.5907,32.1432]]}},{"type":"Feature","properties":{},"geometry":{"type":"LineString","coordinates":[[-80.5915,32.1508],[-80.5895,32.1435]]}},{"type":"Feature","properties":{},"geometry":{"type":"LineString","coordinates":[[-80.5915,32.1508],[-80.5904,32.1511]]}},{"type":"Feature","properties":{},"geometry":{"type":"LineString","coordinates":[[-80.5907,32.1432],[-80.5898,32.1357]]}},{"type":"Feature","properties":{},"geometry":{"type":"LineString","coordinates":[[-80.5907,32.1432],[-80.5887,32.1359]]}},{"type":"Feature","properties":{},"geometry":{"type":"LineString","coordinates":[[-80.5907,32.1432],[-80.5895,32.1435]]}},{"type":"Feature","properties":{},"geometry":{"type":"LineString","coordinates":[[-80.5898,32.1357],[-80.589,32.1281]]}},{"type":"Feature","properties":{},"geometry":{"type":"LineString","coordinates":[[-80.5898,32.1357],[-80.5878,32.1283]]}},{"type":"Feature","properties":{},"geometry":{"type":"LineString","coordinates":[[-80.5898,32.1357],[-80.5887,32.1359]]}},{"type":"Feature","properties":{},"geometry":{"type":"LineString","coordinates":[[-80.589,32.1281],[-80.5881,32.1205]]}},{"type":"Feature","properties":{},"geometry":{"type":"LineString","coordinates":[[-80.589,32.1281],[-80.5869,32.1207]]}},{"type":"Feature","properties":{},"geometry":{"type":"LineString","coordinates":[[-80.589,32.1281],[-80.5878,32.1283]]}},{"type":"Feature","properties":{},"geometry":{"type":"LineString","coordinates":[[-80.5881,32.1205],[-80.5873,32.113]]}},{"type":"Feature","properties":{},"geometry":{"type":"LineString","coordinates":[[-80.5881,32.1205],[-80.5861,32.1131]]}},{"type":"Feature","properties":{},"geometry":{"type":"LineString","coordinates":[[-80.5881,32.1205],[-80.5869,32.1207]]}},{"type":"Feature","properties":{},"geometry":{"type":"LineString","coordinates":[[-80.5873,32.113],[-80.5864,32.1054]]}},{"type":"Feature","properties":{},"geometry":{"type":"LineString","coordinates":[[-80.5873,32.113],[-80.5861,32.1131]]}},{"type":"Feature","properties":{},"geometry":{"type":"LineString","coordinates":[[-80.5873,32.113],[-80.5869,32.1207]]}},{"type":"Feature","properties":{},"geometry":{"type":"LineString","coordinates":[[-80.5864,32.1054],[-80.5856,32.0978]]}},{"type":"Feature","properties":{},"geometry":{"type":"LineString","coordinates":[[-80.5864,32.1054],[-80.5844,32.0979]]}},{"type":"Feature","properties":{},"geometry":{"type":"LineString","coordinates":[[-80.5864,32.1054],[-80.5852,32.1055]]}},{"type":"Feature","properties":{},"geometry":{"type":"LineString","coordinates":[[-80.5864,32.1054],[-80.5861,32.1131]]}},{"type":"Feature","properties":{},"geometry":{"type":"LineString","coordinates":[[-80.5856,32.0978],[-80.5844,32.0979]]}},{"type":"Feature","properties":{},"geometry":{"type":"LineString","coordinates":[[-80.5856,32.0978],[-80.5852,32.1055]]}},{"type":"Feature","properties":{},"geometry":{"type":"LineString","coordinates":[[-81.1405,32.1349],[-81.1362,32.1289]]}},{"type":"Feature","properties":{},"geometry":{"type":"LineString","coordinates":[[-81.1362,32.1289],[-81.132,32.1229]]}},{"type":"Feature","properties":{},"geometry":{"type":"LineString","coordinates":[[-81.132,32.1229],[-81.1277,32.1169]]}},{"type":"Feature","properties":{},"geometry":{"type":"LineString","coordinates":[[-81.1277,32.1169],[-81.1235,32.1109]]}},{"type":"Feature","properties":{},"geometry":{"type":"LineString","coordinates":[[-79.9438,32.9089],[-79.9448,32.9078]]}},{"type":"Feature","properties":{},"geometry":{"type":"LineString","coordinates":[[-79.9438,32.9089],[-79.9375,32.909]]}},{"type":"Feature","properties":{},"geometry":{"type":"LineString","coordinates":[[-79.2891,33.3648],[-79.2854,33.3659]]}},{"type":"Feature","properties":{},"geometry":{"type":"LineString","coordinates":[[-80.6926,32.4567],[-80.699,32.454]]}},{"type":"Feature","properties":{},"geometry":{"type":"LineString","coordinates":[[-80.6926,32.4567],[-80.6883,32.4583]]}},{"type":"Feature","properties":{},"geometry":{"type":"LineString","coordinates":[[-80.699,32.454],[-80.6883,32.4583]]}},{"type":"Feature","properties":{},"geometry":{"type":"LineString","coordinates":[[-81.1551,32.1581],[-81.1508,32.1539]]}},{"type":"Feature","properties":{},"geometry":{"type":"LineString","coordinates":[[-81.1551,32.1581],[-81.1511,32.1539]]}},{"type":"Feature","properties":{},"geometry":{"type":"LineString","coordinates":[[-81.1551,32.1581],[-81.1548,32.1582]]}},{"type":"Feature","properties":{},"geometry":{"type":"LineString","coordinates":[[-79.1087,33.1922],[-79.1166,33.1922]]}},{"type":"Feature","properties":{},"geometry":{"type":"LineString","coordinates":[[-79.1166,33.1922],[-79.1245,33.1922]]}},{"type":"Feature","properties":{},"geometry":{"type":"LineString","coordinates":[[-79.1245,33.1922],[-79.1324,33.1922]]}},{"type":"Feature","properties":{},"geometry":{"type":"LineString","coordinates":[[-79.1324,33.1922],[-79.1403,33.1922]]}},{"type":"Feature","properties":{},"geometry":{"type":"LineString","coordinates":[[-79.1403,33.1922],[-79.1482,33.1922]]}},{"type":"Feature","properties":{},"geometry":{"type":"LineString","coordinates":[[-79.1482,33.1922],[-79.1562,33.1935]]}},{"type":"Feature","properties":{},"geometry":{"type":"LineString","coordinates":[[-79.9073,32.7803],[-79.8997,32.777]]}},{"type":"Feature","properties":{},"geometry":{"type":"LineString","coordinates":[[-79.9073,32.7803],[-79.913,32.785]]}},{"type":"Feature","properties":{},"geometry":{"type":"LineString","coordinates":[[-79.8997,32.777],[-79.8921,32.7737]]}},{"type":"Feature","properties":{},"geometry":{"type":"LineString","coordinates":[[-79.8997,32.777],[-79.8994,32.7589]]}},{"type":"Feature","properties":{},"geometry":{"type":"LineString","coordinates":[[-79.8921,32.7737],[-79.8919,32.7589]]}},{"type":"Feature","properties":{},"geometry":{"type":"LineString","coordinates":[[-79.9203,32.7913],[-79.9156,32.7912]]}},{"type":"Feature","properties":{},"geometry":{"type":"LineString","coordinates":[[-79.9203,32.7913],[-79.9248,32.7918]]}},{"type":"Feature","properties":{},"geometry":{"type":"LineString","coordinates":[[-79.9203,32.7913],[-79.9244,32.7919]]}},{"type":"Feature","properties":{},"geometry":{"type":"LineString","coordinates":[[-79.9203,32.7913],[-79.9173,32.7984]]}},{"type":"Feature","properties":{},"geometry":{"type":"LineString","coordinates":[[-79.9203,32.7913],[-79.9182,32.7896]]}},{"type":"Feature","properties":{},"geometry":{"type":"LineString","coordinates":[[-81.0952,32.0861],[-81.0869,32.0829]]}},{"type":"Feature","properties":{},"geometry":{"type":"LineString","coordinates":[[-81.0869,32.0829],[-81.0787,32.0798]]}},{"type":"Feature","properties":{},"geometry":{"type":"LineString","coordinates":[[-79.9567,32.8612],[-79.9504,32.8573]]}},{"type":"Feature","properties":{},"geometry":{"type":"LineString","coordinates":[[-79.913,32.785],[-79.9156,32.7912]]}},{"type":"Feature","properties":{},"geometry":{"type":"LineString","coordinates":[[-79.913,32.785],[-79.9182,32.7896]]}},{"type":"Feature","properties":{},"geometry":{"type":"LineString","coordinates":[[-79.9297,32.8298],[-79.929,32.8395]]}},{"type":"Feature","properties":{},"geometry":{"type":"LineString","coordinates":[[-79.9297,32.8298],[-79.9289,32.8299]]}},{"type":"Feature","properties":{},"geometry":{"type":"LineString","coordinates":[[-79.9297,32.8298],[-79.9348,32.8303]]}},{"type":"Feature","properties":{},"geometry":{"type":"LineString","coordinates":[[-79.929,32.8395],[-79.9282,32.8396]]}},{"type":"Feature","properties":{},"geometry":{"type":"LineString","coordinates":[[-79.8951,32.8303],[-79.8918,32.8362]]}},{"type":"Feature","properties":{},"geometry":{"type":"LineString","coordinates":[[-79.8951,32.8303],[-79.8954,32.8305]]}},{"type":"Feature","properties":{},"geometry":{"type":"LineString","coordinates":[[-79.8951,32.8303],[-79.8922,32.8364]]}},{"type":"Feature","properties":{},"geometry":{"type":"LineString","coordinates":[[-79.8951,32.8303],[-79.8944,32.8368]]}},{"type":"Feature","properties":{},"geometry":{"type":"LineString","coordinates":[[-79.8918,32.8362],[-79.8954,32.8305]]}},{"type":"Feature","properties":{},"geometry":{"type":"LineString","coordinates":[[-79.8918,32.8362],[-79.8922,32.8364]]}},{"type":"Feature","properties":{},"geometry":{"type":"LineString","coordinates":[[-79.8918,32.8362],[-79.8944,32.8368]]}},{"type":"Feature","properties":{},"geometry":{"type":"LineString","coordinates":[[-79.8954,32.8305],[-79.8922,32.8364]]}},{"type":"Feature","properties":{},"geometry":{"type":"LineString","coordinates":[[-79.8954,32.8305],[-79.8944,32.8368]]}},{"type":"Feature","properties":{},"geometry":{"type":"LineString","coordinates":[[-79.8922,32.8364],[-79.8944,32.8368]]}},{"type":"Feature","properties":{},"geometry":{"type":"LineString","coordinates":[[-79.9141,32.8084],[-79.9149,32.7998]]}},{"type":"Feature","properties":{},"geometry":{"type":"LineString","coordinates":[[-79.9141,32.8084],[-79.9168,32.814]]}},{"type":"Feature","properties":{},"geometry":{"type":"LineString","coordinates":[[-79.9141,32.8084],[-79.9164,32.8072]]}},{"type":"Feature","properties":{},"geometry":{"type":"LineString","coordinates":[[-79.9149,32.7998],[-79.9156,32.7912]]}},{"type":"Feature","properties":{},"geometry":{"type":"LineString","coordinates":[[-79.9149,32.7998],[-79.9164,32.8072]]}},{"type":"Feature","properties":{},"geometry":{"type":"LineString","coordinates":[[-79.9149,32.7998],[-79.9173,32.7984]]}},{"type":"Feature","properties":{},"geometry":{"type":"LineString","coordinates":[[-79.9156,32.7912],[-79.9173,32.7984]]}},{"type":"Feature","properties":{},"geometry":{"type":"LineString","coordinates":[[-79.9156,32.7912],[-79.9182,32.7896]]}},{"type":"Feature","properties":{},"geometry":{"type":"LineString","coordinates":[[-80.9895,32.0849],[-80.9928,32.0914]]}},{"type":"Feature","properties":{},"geometry":{"type":"LineString","coordinates":[[-80.9895,32.0849],[-80.9912,32.0914]]}},{"type":"Feature","properties":{},"geometry":{"type":"LineString","coordinates":[[-80.9895,32.0849],[-80.9872,32.0857]]}},{"type":"Feature","properties":{},"geometry":{"type":"LineString","coordinates":[[-80.9895,32.0849],[-80.9812,32.0769]]}},{"type":"Feature","properties":{},"geometry":{"type":"LineString","coordinates":[[-80.9928,32.0914],[-80.9912,32.0914]]}},{"type":"Feature","properties":{},"geometry":{"type":"LineString","coordinates":[[-81.1508,32.1539],[-81.1449,32.1501]]}},{"type":"Feature","properties":{},"geometry":{"type":"LineString","coordinates":[[-81.1508,32.1539],[-81.1511,32.1539]]}},{"type":"Feature","properties":{},"geometry":{"type":"LineString","coordinates":[[-81.1508,32.1539],[-81.1451,32.15]]}},{"type":"Feature","properties":{},"geometry":{"type":"LineString","coordinates":[[-81.1508,32.1539],[-81.1548,32.1582]]}},{"type":"Feature","properties":{},"geometry":{"type":"LineString","coordinates":[[-81.1449,32.1501],[-81.1511,32.1539]]}},{"type":"Feature","properties":{},"geometry":{"type":"LineString","coordinates":[[-81.1449,32.1501],[-81.1451,32.15]]}},{"type":"Feature","properties":{},"geometry":{"type":"LineString","coordinates":[[-81.1449,32.1501],[-81.1421,32.1447]]}},{"type":"Feature","properties":{},"geometry":{"type":"LineString","coordinates":[[-80.9769,32.0761],[-80.9689,32.0743]]}},{"type":"Feature","properties":{},"geometry":{"type":"LineString","coordinates":[[-80.9769,32.0761],[-80.9833,32.08]]}},{"type":"Feature","properties":{},"geometry":{"type":"LineString","coordinates":[[-80.9769,32.0761],[-80.9812,32.0769]]}},{"type":"Feature","properties":{},"geometry":{"type":"LineString","coordinates":[[-80.9689,32.0743],[-80.9608,32.0725]]}},{"type":"Feature","properties":{},"geometry":{"type":"LineString","coordinates":[[-80.9689,32.0743],[-80.9687,32.0728]]}},{"type":"Feature","properties":{},"geometry":{"type":"LineString","coordinates":[[-80.9608,32.0725],[-80.9545,32.0678]]}},{"type":"Feature","properties":{},"geometry":{"type":"LineString","coordinates":[[-80.9608,32.0725],[-80.9541,32.0686]]}},{"type":"Feature","properties":{},"geometry":{"type":"LineString","coordinates":[[-80.9608,32.0725],[-80.9621,32.0728]]}},{"type":"Feature","properties":{},"geometry":{"type":"LineString","coordinates":[[-79.8811,32.7659],[-79.8846,32.7661]]}},{"type":"Feature","properties":{},"geometry":{"type":"LineString","coordinates":[[-79.8811,32.7659],[-79.8771,32.7614]]}},{"type":"Feature","properties":{},"geometry":{"type":"LineString","coordinates":[[-79.8811,32.7659],[-79.8778,32.7612]]}},{"type":"Feature","properties":{},"geometry":{"type":"LineString","coordinates":[[-79.2789,33.3493],[-79.2828,33.3566]]}},{"type":"Feature","properties":{},"geometry":{"type":"LineString","coordinates":[[-79.2789,33.3493],[-79.2787,33.3423]]}},{"type":"Feature","properties":{},"geometry":{"type":"LineString","coordinates":[[-79.2789,33.3493],[-79.2793,33.3423]]}},{"type":"Feature","properties":{},"geometry":{"type":"LineString","coordinates":[[-79.2789,33.3493],[-79.28,33.3494]]}},{"type":"Feature","properties":{},"geometry":{"type":"LineString","coordinates":[[-79.2789,33.3493],[-79.279,33.3498]]}},{"type":"Feature","properties":{},"geometry":{"type":"LineString","coordinates":[[-79.2828,33.3566],[-79.2838,33.3568]]}},{"type":"Feature","properties":{},"geometry":{"type":"LineString","coordinates":[[-79.2828,33.3566],[-79.2872,33.3586]]}},{"type":"Feature","properties":{},"geometry":{"type":"LineString","coordinates":[[-79.2828,33.3566],[-79.2816,33.3597]]}},{"type":"Feature","properties":{},"geometry":{"type":"LineString","coordinates":[[-79.2828,33.3566],[-79.279,33.3498]]}},{"type":"Feature","properties":{},"geometry":{"type":"LineString","coordinates":[[-80.5959,32.1729],[-80.6004,32.1794]]}},{"type":"Feature","properties":{},"geometry":{"type":"LineString","coordinates":[[-80.5959,32.1729],[-80.5955,32.173]]}},{"type":"Feature","properties":{},"geometry":{"type":"LineString","coordinates":[[-80.5959,32.1729],[-80.6,32.1795]]}},{"type":"Feature","properties":{},"geometry":{"type":"LineString","coordinates":[[-80.5959,32.1729],[-80.5921,32.1663]]}},{"type":"Feature","properties":{},"geometry":{"type":"LineString","coordinates":[[-80.6004,32.1794],[-80.605,32.1859]]}},{"type":"Feature","properties":{},"geometry":{"type":"LineString","coordinates":[[-80.6004,32.1794],[-80.5955,32.173]]}},{"type":"Feature","properties":{},"geometry":{"type":"LineString","coordinates":[[-80.6004,32.1794],[-80.6,32.1795]]}},{"type":"Feature","properties":{},"geometry":{"type":"LineString","coordinates":[[-80.6004,32.1794],[-80.6046,32.1861]]}},{"type":"Feature","properties":{},"geometry":{"type":"LineString","coordinates":[[-80.605,32.1859],[-80.6095,32.1925]]}},{"type":"Feature","properties":{},"geometry":{"type":"LineString","coordinates":[[-80.605,32.1859],[-80.6,32.1795]]}},{"type":"Feature","properties":{},"geometry":{"type":"LineString","coordinates":[[-80.605,32.1859],[-80.6046,32.1861]]}},{"type":"Feature","properties":{},"geometry":{"type":"LineString","coordinates":[[-80.605,32.1859],[-80.6091,32.1926]]}},{"type":"Feature","properties":{},"geometry":{"type":"LineString","coordinates":[[-80.6095,32.1925],[-80.6141,32.199]]}},{"type":"Feature","properties":{},"geometry":{"type":"LineString","coordinates":[[-80.6095,32.1925],[-80.6046,32.1861]]}},{"type":"Feature","properties":{},"geometry":{"type":"LineString","coordinates":[[-80.6095,32.1925],[-80.6091,32.1926]]}},{"type":"Feature","properties":{},"geometry":{"type":"LineString","coordinates":[[-80.6095,32.1925],[-80.6137,32.1991]]}},{"type":"Feature","properties":{},"geometry":{"type":"LineString","coordinates":[[-80.6141,32.199],[-80.6186,32.2055]]}},{"type":"Feature","properties":{},"geometry":{"type":"LineString","coordinates":[[-80.6141,32.199],[-80.6091,32.1926]]}},{"type":"Feature","properties":{},"geometry":{"type":"LineString","coordinates":[[-80.6141,32.199],[-80.6137,32.1991]]}},{"type":"Feature","properties":{},"geometry":{"type":"LineString","coordinates":[[-80.6141,32.199],[-80.6182,32.2056]]}},{"type":"Feature","properties":{},"geometry":{"type":"LineString","coordinates":[[-80.6186,32.2055],[-80.6231,32.212]]}},{"type":"Feature","properties":{},"geometry":{"type":"LineString","coordinates":[[-80.6186,32.2055],[-80.6137,32.1991]]}},{"type":"Feature","properties":{},"geometry":{"type":"LineString","coordinates":[[-80.6186,32.2055],[-80.6182,32.2056]]}},{"type":"Feature","properties":{},"geometry":{"type":"LineString","coordinates":[[-80.6186,32.2055],[-80.6227,32.2121]]}},{"type":"Feature","properties":{},"geometry":{"type":"LineString","coordinates":[[-80.6231,32.212],[-80.6277,32.2185]]}},{"type":"Feature","properties":{},"geometry":{"type":"LineString","coordinates":[[-80.6231,32.212],[-80.6182,32.2056]]}},{"type":"Feature","properties":{},"geometry":{"type":"LineString","coordinates":[[-80.6231,32.212],[-80.6227,32.2121]]}},{"type":"Feature","properties":{},"geometry":{"type":"LineString","coordinates":[[-80.6231,32.212],[-80.6273,32.2186]]}},{"type":"Feature","properties":{},"geometry":{"type":"LineString","coordinates":[[-80.6277,32.2185],[-80.6322,32.2251]]}},{"type":"Feature","properties":{},"geometry":{"type":"LineString","coordinates":[[-80.6277,32.2185],[-80.6227,32.2121]]}},{"type":"Feature","properties":{},"geometry":{"type":"LineString","coordinates":[[-80.6277,32.2185],[-80.6273,32.2186]]}},{"type":"Feature","properties":{},"geometry":{"type":"LineString","coordinates":[[-80.6277,32.2185],[-80.6318,32.2251]]}},{"type":"Feature","properties":{},"geometry":{"type":"LineString","coordinates":[[-80.6322,32.2251],[-80.6368,32.2316]]}},{"type":"Feature","properties":{},"geometry":{"type":"LineString","coordinates":[[-80.6322,32.2251],[-80.6273,32.2186]]}},{"type":"Feature","properties":{},"geometry":{"type":"LineString","coordinates":[[-80.6322,32.2251],[-80.6318,32.2251]]}},{"type":"Feature","properties":{},"geometry":{"type":"LineString","coordinates":[[-80.6322,32.2251],[-80.6363,32.2317]]}},{"type":"Feature","properties":{},"geometry":{"type":"LineString","coordinates":[[-80.6368,32.2316],[-80.6413,32.2381]]}},{"type":"Feature","properties":{},"geometry":{"type":"LineString","coordinates":[[-80.6368,32.2316],[-80.6318,32.2251]]}},{"type":"Feature","properties":{},"geometry":{"type":"LineString","coordinates":[[-80.6368,32.2316],[-80.6363,32.2317]]}},{"type":"Feature","properties":{},"geometry":{"type":"LineString","coordinates":[[-80.6368,32.2316],[-80.6409,32.2382]]}},{"type":"Feature","properties":{},"geometry":{"type":"LineString","coordinates":[[-80.6413,32.2381],[-80.6458,32.2446]]}},{"type":"Feature","properties":{},"geometry":{"type":"LineString","coordinates":[[-80.6413,32.2381],[-80.6363,32.2317]]}},{"type":"Feature","properties":{},"geometry":{"type":"LineString","coordinates":[[-80.6413,32.2381],[-80.6409,32.2382]]}},{"type":"Feature","properties":{},"geometry":{"type":"LineString","coordinates":[[-80.6413,32.2381],[-80.6454,32.2447]]}},{"type":"Feature","properties":{},"geometry":{"type":"LineString","coordinates":[[-80.6458,32.2446],[-80.6504,32.2511]]}},{"type":"Feature","properties":{},"geometry":{"type":"LineString","coordinates":[[-80.6458,32.2446],[-80.6409,32.2382]]}},{"type":"Feature","properties":{},"geometry":{"type":"LineString","coordinates":[[-80.6458,32.2446],[-80.6454,32.2447]]}},{"type":"Feature","properties":{},"geometry":{"type":"LineString","coordinates":[[-80.6458,32.2446],[-80.65,32.2512]]}},{"type":"Feature","properties":{},"geometry":{"type":"LineString","coordinates":[[-80.6504,32.2511],[-80.6549,32.2576]]}},{"type":"Feature","properties":{},"geometry":{"type":"LineString","coordinates":[[-80.6504,32.2511],[-80.6454,32.2447]]}},{"type":"Feature","properties":{},"geometry":{"type":"LineString","coordinates":[[-80.6504,32.2511],[-80.65,32.2512]]}},{"type":"Feature","properties":{},"geometry":{"type":"LineString","coordinates":[[-80.6504,32.2511],[-80.6545,32.2577]]}},{"type":"Feature","properties":{},"geometry":{"type":"LineString","coordinates":[[-80.6549,32.2576],[-80.65,32.2512]]}},{"type":"Feature","properties":{},"geometry":{"type":"LineString","coordinates":[[-80.6549,32.2576],[-80.6545,32.2577]]}},{"type":"Feature","properties":{},"geometry":{"type":"LineString","coordinates":[[-80.6549,32.2576],[-80.6542,32.2804]]}},{"type":"Feature","properties":{},"geometry":{"type":"LineString","coordinates":[[-80.7854,31.9968],[-80.7907,32.0023]]}},{"type":"Feature","properties":{},"geometry":{"type":"LineString","coordinates":[[-80.7854,31.9968],[-80.7861,31.9962]]}},{"type":"Feature","properties":{},"geometry":{"type":"LineString","coordinates":[[-80.7854,31.9968],[-80.7914,32.0016]]}},{"type":"Feature","properties":{},"geometry":{"type":"LineString","coordinates":[[-80.7854,31.9968],[-80.7903,32.0027]]}},{"type":"Feature","properties":{},"geometry":{"type":"LineString","coordinates":[[-80.7854,31.9968],[-80.785,31.9972]]}},{"type":"Feature","properties":{},"geometry":{"type":"LineString","coordinates":[[-80.7907,32.0023],[-80.796,32.0077]]}},{"type":"Feature","properties":{},"geometry":{"type":"LineString","coordinates":[[-80.7907,32.0023],[-80.7861,31.9962]]}},{"type":"Feature","properties":{},"geometry":{"type":"LineString","coordinates":[[-80.7907,32.0023],[-80.7914,32.0016]]}},{"type":"Feature","properties":{},"geometry":{"type":"LineString","coordinates":[[-80.7907,32.0023],[-80.7966,32.007]]}},{"type":"Feature","properties":{},"geometry":{"type":"LineString","coordinates":[[-80.7907,32.0023],[-80.7956,32.0081]]}},{"type":"Feature","properties":{},"geometry":{"type":"LineString","coordinates":[[-80.7907,32.0023],[-80.7903,32.0027]]}},{"type":"Feature","properties":{},"geometry":{"type":"LineString","coordinates":[[-80.7907,32.0023],[-80.785,31.9972]]}},{"type":"Feature","properties":{},"geometry":{"type":"LineString","coordinates":[[-80.796,32.0077],[-80.8012,32.0132]]}},{"type":"Feature","properties":{},"geometry":{"type":"LineString","coordinates":[[-80.796,32.0077],[-80.7914,32.0016]]}},{"type":"Feature","properties":{},"geometry":{"type":"LineString","coordinates":[[-80.796,32.0077],[-80.7966,32.007]]}},{"type":"Feature","properties":{},"geometry":{"type":"LineString","coordinates":[[-80.796,32.0077],[-80.8019,32.0124]]}},{"type":"Feature","properties":{},"geometry":{"type":"LineString","coordinates":[[-80.796,32.0077],[-80.8009,32.0135]]}},{"type":"Feature","properties":{},"geometry":{"type":"LineString","coordinates":[[-80.796,32.0077],[-80.7956,32.0081]]}},{"type":"Feature","properties":{},"geometry":{"type":"LineString","coordinates":[[-80.796,32.0077],[-80.7903,32.0027]]}},{"type":"Feature","properties":{},"geometry":{"type":"LineString","coordinates":[[-80.8012,32.0132],[-80.8065,32.0186]]}},{"type":"Feature","properties":{},"geometry":{"type":"LineString","coordinates":[[-80.8012,32.0132],[-80.7966,32.007]]}},{"type":"Feature","properties":{},"geometry":{"type":"LineString","coordinates":[[-80.8012,32.0132],[-80.8019,32.0124]]}},{"type":"Feature","properties":{},"geometry":{"type":"LineString","coordinates":[[-80.8012,32.0132],[-80.8072,32.0178]]}},{"type":"Feature","properties":{},"geometry":{"type":"LineString","coordinates":[[-80.8012,32.0132],[-80.8062,32.019]]}},{"type":"Feature","properties":{},"geometry":{"type":"LineString","coordinates":[[-80.8012,32.0132],[-80.8009,32.0135]]}},{"type":"Feature","properties":{},"geometry":{"type":"LineString","coordinates":[[-80.8012,32.0132],[-80.7956,32.0081]]}},{"type":"Feature","properties":{},"geometry":{"type":"LineString","coordinates":[[-80.8065,32.0186],[-80.8118,32.024]]}},{"type":"Feature","properties":{},"geometry":{"type":"LineString","coordinates":[[-80.8065,32.0186],[-80.8019,32.0124]]}},{"type":"Feature","properties":{},"geometry":{"type":"LineString","coordinates":[[-80.8065,32.0186],[-80.8072,32.0178]]}},{"type":"Feature","properties":{},"geometry":{"type":"LineString","coordinates":[[-80.8065,32.0186],[-80.8125,32.0232]]}},{"type":"Feature","properties":{},"geometry":{"type":"LineString","coordinates":[[-80.8065,32.0186],[-80.8114,32.0244]]}},{"type":"Feature","properties":{},"geometry":{"type":"LineString","coordinates":[[-80.8065,32.0186],[-80.8062,32.019]]}},{"type":"Feature","properties":{},"geometry":{"type":"LineString","coordinates":[[-80.8065,32.0186],[-80.8009,32.0135]]}},{"type":"Feature","properties":{},"geometry":{"type":"LineString","coordinates":[[-80.8118,32.024],[-80.8171,32.0294]]}},{"type":"Feature","properties":{},"geometry":{"type":"LineString","coordinates":[[-80.8118,32.024],[-80.8072,32.0178]]}},{"type":"Feature","properties":{},"geometry":{"type":"LineString","coordinates":[[-80.8118,32.024],[-80.8125,32.0232]]}},{"type":"Feature","properties":{},"geometry":{"type":"LineString","coordinates":[[-80.8118,32.024],[-80.8178,32.0286]]}},{"type":"Feature","properties":{},"geometry":{"type":"LineString","coordinates":[[-80.8118,32.024],[-80.8167,32.0299]]}},{"type":"Feature","properties":{},"geometry":{"type":"LineString","coordinates":[[-80.8118,32.024],[-80.8114,32.0244]]}},{"type":"Feature","properties":{},"geometry":{"type":"LineString","coordinates":[[-80.8118,32.024],[-80.8062,32.019]]}},{"type":"Feature","properties":{},"geometry":{"type":"LineString","coordinates":[[-80.8171,32.0294],[-80.8125,32.0232]]}},{"type":"Feature","properties":{},"geometry":{"type":"LineString","coordinates":[[-80.8171,32.0294],[-80.8178,32.0286]]}},{"type":"Feature","properties":{},"geometry":{"type":"LineString","coordinates":[[-80.8171,32.0294],[-80.8167,32.0299]]}},{"type":"Feature","properties":{},"geometry":{"type":"LineString","coordinates":[[-80.8171,32.0294],[-80.8114,32.0244]]}},{"type":"Feature","properties":{},"geometry":{"type":"LineString","coordinates":[[-80.9912,32.0914],[-80.9872,32.0857]]}},{"type":"Feature","properties":{},"geometry":{"type":"LineString","coordinates":[[-80.9872,32.0857],[-80.9833,32.08]]}},{"type":"Feature","properties":{},"geometry":{"type":"LineString","coordinates":[[-80.9833,32.08],[-80.9812,32.0769]]}},{"type":"Feature","properties":{},"geometry":{"type":"LineString","coordinates":[[-79.2914,33.3573],[-79.2872,33.3586]]}},{"type":"Feature","properties":{},"geometry":{"type":"LineString","coordinates":[[-79.286,33.3095],[-79.2861,33.3192]]}},{"type":"Feature","properties":{},"geometry":{"type":"LineString","coordinates":[[-79.286,33.3095],[-79.2865,33.3191]]}},{"type":"Feature","properties":{},"geometry":{"type":"LineString","coordinates":[[-79.286,33.3095],[-79.2881,33.3081]]}},{"type":"Feature","properties":{},"geometry":{"type":"LineString","coordinates":[[-81.1626,31.8243],[-81.1688,31.818],[-81.1683,31.8192]]}},{"type":"Feature","properties":{},"geometry":{"type":"LineString","coordinates":[[-81.1626,31.8243],[-81.1565,31.8306],[-81.1579,31.832]]}},{"type":"Feature","properties":{},"geometry":{"type":"LineString","coordinates":[[-81.1626,31.8243],[-81.1594,31.8247]]}},{"type":"Feature","properties":{},"geometry":{"type":"LineString","coordinates":[[-79.9579,32.9009],[-79.9519,32.9068]]}},{"type":"Feature","properties":{},"geometry":{"type":"LineString","coordinates":[[-79.9503,32.9045],[-79.9519,32.9068]]}},{"type":"Feature","properties":{},"geometry":{"type":"LineString","coordinates":[[-79.9503,32.9045],[-79.9448,32.9078]]}},{"type":"Feature","properties":{},"geometry":{"type":"LineString","coordinates":[[-79.9365,32.8522],[-79.9434,32.8548]]}},{"type":"Feature","properties":{},"geometry":{"type":"LineString","coordinates":[[-79.9365,32.8522],[-79.9312,32.8474]]}},{"type":"Feature","properties":{},"geometry":{"type":"LineString","coordinates":[[-79.9434,32.8548],[-79.9504,32.8573]]}},{"type":"Feature","properties":{},"geometry":{"type":"LineString","coordinates":[[-80.7804,31.9888],[-80.7728,31.9866]]}},{"type":"Feature","properties":{},"geometry":{"type":"LineString","coordinates":[[-80.7804,31.9888],[-80.7861,31.9962]]}},{"type":"Feature","properties":{},"geometry":{"type":"LineString","coordinates":[[-80.7728,31.9866],[-80.7653,31.9843]]}},{"type":"Feature","properties":{},"geometry":{"type":"LineString","coordinates":[[-80.7653,31.9843],[-80.7577,31.982]]}},{"type":"Feature","properties":{},"geometry":{"type":"LineString","coordinates":[[-80.7577,31.982],[-80.7501,31.9797]]}},{"type":"Feature","properties":{},"geometry":{"type":"LineString","coordinates":[[-80.7501,31.9797],[-80.7425,31.9774]]}},{"type":"Feature","properties":{},"geometry":{"type":"LineString","coordinates":[[-80.7425,31.9774],[-80.7349,31.9751]]}},{"type":"Feature","properties":{},"geometry":{"type":"LineString","coordinates":[[-80.7046,31.9659],[-80.6971,31.9636]]}},{"type":"Feature","properties":{},"geometry":{"type":"LineString","coordinates":[[-80.6971,31.9636],[-80.6895,31.9613]]}},{"type":"Feature","properties":{},"geometry":{"type":"LineString","coordinates":[[-80.6895,31.9613],[-80.6819,31.959]]}},{"type":"Feature","properties":{},"geometry":{"type":"LineString","coordinates":[[-80.6819,31.959],[-80.6743,31.9567]]}},{"type":"Feature","properties":{},"geometry":{"type":"LineString","coordinates":[[-80.6743,31.9567],[-80.6667,31.9544]]}},{"type":"Feature","properties":{},"geometry":{"type":"LineString","coordinates":[[-80.6667,31.9544],[-80.6591,31.9521]]}},{"type":"Feature","properties":{},"geometry":{"type":"LineString","coordinates":[[-80.6591,31.9521],[-80.6516,31.9498]]}},{"type":"Feature","properties":{},"geometry":{"type":"LineString","coordinates":[[-80.6516,31.9498],[-80.644,31.9475]]}},{"type":"Feature","properties":{},"geometry":{"type":"LineString","coordinates":[[-80.644,31.9475],[-80.6364,31.9452]]}},{"type":"Feature","properties":{},"geometry":{"type":"LineString","coordinates":[[-80.6364,31.9452],[-80.6288,31.9429]]}},{"type":"Feature","properties":{},"geometry":{"type":"LineString","coordinates":[[-79.9289,32.8299],[-79.9282,32.8396]]}},{"type":"Feature","properties":{},"geometry":{"type":"LineString","coordinates":[[-79.9289,32.8299],[-79.9348,32.8303]]}},{"type":"Feature","properties":{},"geometry":{"type":"LineString","coordinates":[[-80.6636,32.3469],[-80.6684,32.3535]]}},{"type":"Feature","properties":{},"geometry":{"type":"LineString","coordinates":[[-80.6636,32.3469],[-80.6597,32.3401]]}},{"type":"Feature","properties":{},"geometry":{"type":"LineString","coordinates":[[-80.6636,32.3469],[-80.662,32.3466]]}},{"type":"Feature","properties":{},"geometry":{"type":"LineString","coordinates":[[-80.6684,32.3535],[-80.6732,32.36]]}},{"type":"Feature","properties":{},"geometry":{"type":"LineString","coordinates":[[-80.6684,32.3535],[-80.6674,32.3548]]}},{"type":"Feature","properties":{},"geometry":{"type":"LineString","coordinates":[[-80.6732,32.36],[-80.6729,32.3599]]}},{"type":"Feature","properties":{},"geometry":{"type":"LineString","coordinates":[[-80.5955,32.173],[-80.6,32.1795]]}},{"type":"Feature","properties":{},"geometry":{"type":"LineString","coordinates":[[-80.5955,32.173],[-80.5921,32.1663]]}},{"type":"Feature","properties":{},"geometry":{"type":"LineString","coordinates":[[-80.6,32.1795],[-80.6046,32.1861]]}},{"type":"Feature","properties":{},"geometry":{"type":"LineString","coordinates":[[-80.6046,32.1861],[-80.6091,32.1926]]}},{"type":"Feature","properties":{},"geometry":{"type":"LineString","coordinates":[[-80.6091,32.1926],[-80.6137,32.1991]]}},{"type":"Feature","properties":{},"geometry":{"type":"LineString","coordinates":[[-80.6137,32.1991],[-80.6182,32.2056]]}},{"type":"Feature","properties":{},"geometry":{"type":"LineString","coordinates":[[-80.6182,32.2056],[-80.6227,32.2121]]}},{"type":"Feature","properties":{},"geometry":{"type":"LineString","coordinates":[[-80.6227,32.2121],[-80.6273,32.2186]]}},{"type":"Feature","properties":{},"geometry":{"type":"LineString","coordinates":[[-80.6273,32.2186],[-80.6318,32.2251]]}},{"type":"Feature","properties":{},"geometry":{"type":"LineString","coordinates":[[-80.6318,32.2251],[-80.6363,32.2317]]}},{"type":"Feature","properties":{},"geometry":{"type":"LineString","coordinates":[[-80.6363,32.2317],[-80.6409,32.2382]]}},{"type":"Feature","properties":{},"geometry":{"type":"LineString","coordinates":[[-80.6409,32.2382],[-80.6454,32.2447]]}},{"type":"Feature","properties":{},"geometry":{"type":"LineString","coordinates":[[-80.6454,32.2447],[-80.65,32.2512]]}},{"type":"Feature","properties":{},"geometry":{"type":"LineString","coordinates":[[-80.65,32.2512],[-80.6545,32.2577]]}},{"type":"Feature","properties":{},"geometry":{"type":"LineString","coordinates":[[-80.6545,32.2577],[-80.6542,32.2804]]}},{"type":"Feature","properties":{},"geometry":{"type":"LineString","coordinates":[[-79.2787,33.3423],[-79.2812,33.3346]]}},{"type":"Feature","properties":{},"geometry":{"type":"LineString","coordinates":[[-79.2787,33.3423],[-79.2793,33.3423]]}},{"type":"Feature","properties":{},"geometry":{"type":"LineString","coordinates":[[-79.2787,33.3423],[-79.2817,33.3346]]}},{"type":"Feature","properties":{},"geometry":{"type":"LineString","coordinates":[[-79.2787,33.3423],[-79.28,33.3494]]}},{"type":"Feature","properties":{},"geometry":{"type":"LineString","coordinates":[[-79.2787,33.3423],[-79.2785,33.3435]]}},{"type":"Feature","properties":{},"geometry":{"type":"LineString","coordinates":[[-79.2812,33.3346],[-79.2836,33.3269]]}},{"type":"Feature","properties":{},"geometry":{"type":"LineString","coordinates":[[-79.2812,33.3346],[-79.2793,33.3423]]}},{"type":"Feature","properties":{},"geometry":{"type":"LineString","coordinates":[[-79.2812,33.3346],[-79.2817,33.3346]]}},{"type":"Feature","properties":{},"geometry":{"type":"LineString","coordinates":[[-79.2812,33.3346],[-79.2841,33.3269]]}},{"type":"Feature","properties":{},"geometry":{"type":"LineString","coordinates":[[-79.2812,33.3346],[-79.2831,33.3347]]}},{"type":"Feature","properties":{},"geometry":{"type":"LineString","coordinates":[[-79.2836,33.3269],[-79.2861,33.3192]]}},{"type":"Feature","properties":{},"geometry":{"type":"LineString","coordinates":[[-79.2836,33.3269],[-79.2817,33.3346]]}},{"type":"Feature","properties":{},"geometry":{"type":"LineString","coordinates":[[-79.2836,33.3269],[-79.2841,33.3269]]}},{"type":"Feature","properties":{},"geometry":{"type":"LineString","coordinates":[[-79.2836,33.3269],[-79.2865,33.3191]]}},{"type":"Feature","properties":{},"geometry":{"type":"LineString","coordinates":[[-79.2836,33.3269],[-79.2861,33.3278]]}},{"type":"Feature","properties":{},"geometry":{"type":"LineString","coordinates":[[-79.2861,33.3192],[-79.2841,33.3269]]}},{"type":"Feature","properties":{},"geometry":{"type":"LineString","coordinates":[[-79.2861,33.3192],[-79.2865,33.3191]]}},{"type":"Feature","properties":{},"geometry":{"type":"LineString","coordinates":[[-79.2861,33.3192],[-79.2877,33.3205]]}},{"type":"Feature","properties":{},"geometry":{"type":"LineString","coordinates":[[-80.9256,32.0416],[-80.9314,32.0469]]}},{"type":"Feature","properties":{},"geometry":{"type":"LineString","coordinates":[[-80.9256,32.0416],[-80.9253,32.0422]]}},{"type":"Feature","properties":{},"geometry":{"type":"LineString","coordinates":[[-80.9314,32.0469],[-80.9372,32.0521]]}},{"type":"Feature","properties":{},"geometry":{"type":"LineString","coordinates":[[-80.9314,32.0469],[-80.9253,32.0422]]}},{"type":"Feature","properties":{},"geometry":{"type":"LineString","coordinates":[[-80.9314,32.0469],[-80.931,32.0475]]}},{"type":"Feature","properties":{},"geometry":{"type":"LineString","coordinates":[[-80.9314,32.0469],[-80.9368,32.0527]]}},{"type":"Feature","properties":{},"geometry":{"type":"LineString","coordinates":[[-80.9372,32.0521],[-80.943,32.0573]]}},{"type":"Feature","properties":{},"geometry":{"type":"LineString","coordinates":[[-80.9372,32.0521],[-80.931,32.0475]]}},{"type":"Feature","properties":{},"geometry":{"type":"LineString","coordinates":[[-80.9372,32.0521],[-80.9368,32.0527]]}},{"type":"Feature","properties":{},"geometry":{"type":"LineString","coordinates":[[-80.9372,32.0521],[-80.9426,32.058]]}},{"type":"Feature","properties":{},"geometry":{"type":"LineString","coordinates":[[-80.943,32.0573],[-80.9488,32.0626]]}},{"type":"Feature","properties":{},"geometry":{"type":"LineString","coordinates":[[-80.943,32.0573],[-80.9368,32.0527]]}},{"type":"Feature","properties":{},"geometry":{"type":"LineString","coordinates":[[-80.943,32.0573],[-80.9426,32.058]]}},{"type":"Feature","properties":{},"geometry":{"type":"LineString","coordinates":[[-80.943,32.0573],[-80.9483,32.0633]]}},{"type":"Feature","properties":{},"geometry":{"type":"LineString","coordinates":[[-80.9488,32.0626],[-80.9545,32.0678]]}},{"type":"Feature","properties":{},"geometry":{"type":"LineString","coordinates":[[-80.9488,32.0626],[-80.9426,32.058]]}},{"type":"Feature","properties":{},"geometry":{"type":"LineString","coordinates":[[-80.9488,32.0626],[-80.9483,32.0633]]}},{"type":"Feature","properties":{},"geometry":{"type":"LineString","coordinates":[[-80.9488,32.0626],[-80.9541,32.0686]]}},{"type":"Feature","properties":{},"geometry":{"type":"LineString","coordinates":[[-80.9545,32.0678],[-80.9483,32.0633]]}},{"type":"Feature","properties":{},"geometry":{"type":"LineString","coordinates":[[-80.9545,32.0678],[-80.9541,32.0686]]}},{"type":"Feature","properties":{},"geometry":{"type":"LineString","coordinates":[[-80.9545,32.0678],[-80.9621,32.0728]]}},{"type":"Feature","properties":{},"geometry":{"type":"LineString","coordinates":[[-79.269,33.2164],[-79.2707,33.2154]]}},{"type":"Feature","properties":{},"geometry":{"type":"LineString","coordinates":[[-79.4482,33.0814],[-79.4633,33.0822],[-79.4546,33.0766]]}},{"type":"Feature","properties":{},"geometry":{"type":"LineString","coordinates":[[-79.4482,33.0814],[-79.4546,33.0766]]}},{"type":"Feature","properties":{},"geometry":{"type":"LineString","coordinates":[[-79.4482,33.0814],[-79.4473,33.0798]]}},{"type":"Feature","properties":{},"geometry":{"type":"LineString","coordinates":[[-79.4546,33.0766],[-79.4547,33.0783]]}},{"type":"Feature","properties":{},"geometry":{"type":"LineString","coordinates":[[-79.6658,32.9174],[-79.6594,32.9222],[-79.6598,32.923]]}},{"type":"Feature","properties":{},"geometry":{"type":"LineString","coordinates":[[-79.6658,32.9174],[-79.6722,32.9126],[-79.6715,32.9106]]}},{"type":"Feature","properties":{},"geometry":{"type":"LineString","coordinates":[[-79.6658,32.9174],[-79.6658,32.9155]]}},{"type":"Feature","properties":{},"geometry":{"type":"LineString","coordinates":[[-81.1511,32.1539],[-81.1451,32.15]]}},{"type":"Feature","properties":{},"geometry":{"type":"LineString","coordinates":[[-81.1511,32.1539],[-81.1548,32.1582]]}},{"type":"Feature","properties":{},"geometry":{"type":"LineString","coordinates":[[-81.1451,32.15],[-81.1421,32.1447]]}},{"type":"Feature","properties":{},"geometry":{"type":"LineString","coordinates":[[-79.2793,33.3423],[-79.2817,33.3346]]}},{"type":"Feature","properties":{},"geometry":{"type":"LineString","coordinates":[[-79.2793,33.3423],[-79.28,33.3494]]}},{"type":"Feature","properties":{},"geometry":{"type":"LineString","coordinates":[[-79.2793,33.3423],[-79.2798,33.3414]]}},{"type":"Feature","properties":{},"geometry":{"type":"LineString","coordinates":[[-79.2817,33.3346],[-79.2841,33.3269]]}},{"type":"Feature","properties":{},"geometry":{"type":"LineString","coordinates":[[-79.2817,33.3346],[-79.2831,33.3347]]}},{"type":"Feature","properties":{},"geometry":{"type":"LineString","coordinates":[[-79.2841,33.3269],[-79.2865,33.3191]]}},{"type":"Feature","properties":{},"geometry":{"type":"LineString","coordinates":[[-79.2841,33.3269],[-79.2861,33.3278]]}},{"type":"Feature","properties":{},"geometry":{"type":"LineString","coordinates":[[-79.2865,33.3191],[-79.2877,33.3205]]}},{"type":"Feature","properties":{},"geometry":{"type":"LineString","coordinates":[[-79.8993,32.759],[-79.8994,32.7589]]}},{"type":"Feature","properties":{},"geometry":{"type":"LineString","coordinates":[[-80.5844,32.0979],[-80.5852,32.1055]]}},{"type":"Feature","properties":{},"geometry":{"type":"LineString","coordinates":[[-80.5852,32.1055],[-80.5861,32.1131]]}},{"type":"Feature","properties":{},"geometry":{"type":"LineString","coordinates":[[-80.5861,32.1131],[-80.5869,32.1207]]}},{"type":"Feature","properties":{},"geometry":{"type":"LineString","coordinates":[[-80.5869,32.1207],[-80.5878,32.1283]]}},{"type":"Feature","properties":{},"geometry":{"type":"LineString","coordinates":[[-80.5878,32.1283],[-80.5887,32.1359]]}},{"type":"Feature","properties":{},"geometry":{"type":"LineString","coordinates":[[-80.5887,32.1359],[-80.5895,32.1435]]}},{"type":"Feature","properties":{},"geometry":{"type":"LineString","coordinates":[[-80.5895,32.1435],[-80.5904,32.1511]]}},{"type":"Feature","properties":{},"geometry":{"type":"LineString","coordinates":[[-80.5904,32.1511],[-80.5912,32.1587]]}},{"type":"Feature","properties":{},"geometry":{"type":"LineString","coordinates":[[-80.5912,32.1587],[-80.5921,32.1663]]}},{"type":"Feature","properties":{},"geometry":{"type":"LineString","coordinates":[[-79.9168,32.814],[-79.9228,32.8177]]}},{"type":"Feature","properties":{},"geometry":{"type":"LineString","coordinates":[[-79.9168,32.814],[-79.9164,32.8072]]}},{"type":"Feature","properties":{},"geometry":{"type":"LineString","coordinates":[[-79.9228,32.8177],[-79.929,32.8157]]}},{"type":"Feature","properties":{},"geometry":{"type":"LineString","coordinates":[[-79.8846,32.7661],[-79.8771,32.7614]]}},{"type":"Feature","properties":{},"geometry":{"type":"LineString","coordinates":[[-79.8846,32.7661],[-79.8844,32.7588]]}},{"type":"Feature","properties":{},"geometry":{"type":"LineString","coordinates":[[-79.8771,32.7614],[-79.8778,32.7612]]}},{"type":"Feature","properties":{},"geometry":{"type":"LineString","coordinates":[[-79.9337,32.9344],[-79.9367,32.9356]]}},{"type":"Feature","properties":{},"geometry":{"type":"LineString","coordinates":[[-79.28,33.3494],[-79.2838,33.3568]]}},{"type":"Feature","properties":{},"geometry":{"type":"LineString","coordinates":[[-79.28,33.3494],[-79.279,33.3498]]}},{"type":"Feature","properties":{},"geometry":{"type":"LineString","coordinates":[[-79.2838,33.3568],[-79.2872,33.3586]]}},{"type":"Feature","properties":{},"geometry":{"type":"LineString","coordinates":[[-79.2838,33.3568],[-79.2816,33.3597]]}},{"type":"Feature","properties":{},"geometry":{"type":"LineString","coordinates":[[-79.2838,33.3568],[-79.279,33.3498]]}},{"type":"Feature","properties":{},"geometry":{"type":"LineString","coordinates":[[-79.9308,32.8086],[-79.929,32.8157]]}},{"type":"Feature","properties":{},"geometry":{"type":"LineString","coordinates":[[-80.7861,31.9962],[-80.7914,32.0016]]}},{"type":"Feature","properties":{},"geometry":{"type":"LineString","coordinates":[[-80.7861,31.9962],[-80.7903,32.0027]]}},{"type":"Feature","properties":{},"geometry":{"type":"LineString","coordinates":[[-80.7861,31.9962],[-80.785,31.9972]]}},{"type":"Feature","properties":{},"geometry":{"type":"LineString","coordinates":[[-80.7914,32.0016],[-80.7966,32.007]]}},{"type":"Feature","properties":{},"geometry":{"type":"LineString","coordinates":[[-80.7914,32.0016],[-80.7903,32.0027]]}},{"type":"Feature","properties":{},"geometry":{"type":"LineString","coordinates":[[-80.7914,32.0016],[-80.785,31.9972]]}},{"type":"Feature","properties":{},"geometry":{"type":"LineString","coordinates":[[-80.7966,32.007],[-80.8019,32.0124]]}},{"type":"Feature","properties":{},"geometry":{"type":"LineString","coordinates":[[-80.7966,32.007],[-80.7956,32.0081]]}},{"type":"Feature","properties":{},"geometry":{"type":"LineString","coordinates":[[-80.7966,32.007],[-80.7903,32.0027]]}},{"type":"Feature","properties":{},"geometry":{"type":"LineString","coordinates":[[-80.8019,32.0124],[-80.8072,32.0178]]}},{"type":"Feature","properties":{},"geometry":{"type":"LineString","coordinates":[[-80.8019,32.0124],[-80.8009,32.0135]]}},{"type":"Feature","properties":{},"geometry":{"type":"LineString","coordinates":[[-80.8019,32.0124],[-80.7956,32.0081]]}},{"type":"Feature","properties":{},"geometry":{"type":"LineString","coordinates":[[-80.8072,32.0178],[-80.8125,32.0232]]}},{"type":"Feature","properties":{},"geometry":{"type":"LineString","coordinates":[[-80.8072,32.0178],[-80.8062,32.019]]}},{"type":"Feature","properties":{},"geometry":{"type":"LineString","coordinates":[[-80.8072,32.0178],[-80.8009,32.0135]]}},{"type":"Feature","properties":{},"geometry":{"type":"LineString","coordinates":[[-80.8125,32.0232],[-80.8178,32.0286]]}},{"type":"Feature","properties":{},"geometry":{"type":"LineString","coordinates":[[-80.8125,32.0232],[-80.8167,32.0299]]}},{"type":"Feature","properties":{},"geometry":{"type":"LineString","coordinates":[[-80.8125,32.0232],[-80.8114,32.0244]]}},{"type":"Feature","properties":{},"geometry":{"type":"LineString","coordinates":[[-80.8125,32.0232],[-80.8062,32.019]]}},{"type":"Feature","properties":{},"geometry":{"type":"LineString","coordinates":[[-80.8178,32.0286],[-80.8167,32.0299]]}},{"type":"Feature","properties":{},"geometry":{"type":"LineString","coordinates":[[-80.8178,32.0286],[-80.8114,32.0244]]}},{"type":"Feature","properties":{},"geometry":{"type":"LineString","coordinates":[[-79.9248,32.7918],[-79.9293,32.8006]]}},{"type":"Feature","properties":{},"geometry":{"type":"LineString","coordinates":[[-79.9248,32.7918],[-79.9244,32.7919]]}},{"type":"Feature","properties":{},"geometry":{"type":"LineString","coordinates":[[-79.9293,32.8006],[-79.929,32.8007]]}},{"type":"Feature","properties":{},"geometry":{"type":"LineString","coordinates":[[-79.1562,33.1935],[-79.1644,33.1953]]}},{"type":"Feature","properties":{},"geometry":{"type":"LineString","coordinates":[[-81.0196,32.0937],[-81.0273,32.0881]]}},{"type":"Feature","properties":{},"geometry":{"type":"LineString","coordinates":[[-79.8639,32.7564],[-79.8586,32.7516]]}},{"type":"Feature","properties":{},"geometry":{"type":"LineString","coordinates":[[-79.8586,32.7516],[-79.8534,32.7468]]}},{"type":"Feature","properties":{},"geometry":{"type":"LineString","coordinates":[[-79.8534,32.7468],[-79.8482,32.742]]}},{"type":"Feature","properties":{},"geometry":{"type":"LineString","coordinates":[[-79.9448,32.9078],[-79.9375,32.909]]}},{"type":"Feature","properties":{},"geometry":{"type":"LineString","coordinates":[[-79.2872,33.3586],[-79.2816,33.3597]]}},{"type":"Feature","properties":{},"geometry":{"type":"LineString","coordinates":[[-80.694,32.3722],[-80.6831,32.3669]]}},{"type":"Feature","properties":{},"geometry":{"type":"LineString","coordinates":[[-80.8902,32.0352],[-80.8818,32.0358]]}},{"type":"Feature","properties":{},"geometry":{"type":"LineString","coordinates":[[-80.8818,32.0358],[-80.8735,32.0364]]}},{"type":"Feature","properties":{},"geometry":{"type":"LineString","coordinates":[[-80.8735,32.0364],[-80.8652,32.037]]}},{"type":"Feature","properties":{},"geometry":{"type":"LineString","coordinates":[[-80.8652,32.037],[-80.8568,32.0376]]}},{"type":"Feature","properties":{},"geometry":{"type":"LineString","coordinates":[[-80.8568,32.0376],[-80.8485,32.0382]]}},{"type":"Feature","properties":{},"geometry":{"type":"LineString","coordinates":[[-79.2816,33.3597],[-79.2854,33.3659]]}},{"type":"Feature","properties":{},"geometry":{"type":"LineString","coordinates":[[-79.2816,33.3597],[-79.279,33.3498]]}},{"type":"Feature","properties":{},"geometry":{"type":"LineString","coordinates":[[-81.0419,32.0823],[-81.0346,32.0852]]}},{"type":"Feature","properties":{},"geometry":{"type":"LineString","coordinates":[[-81.0346,32.0852],[-81.0273,32.0881]]}},{"type":"Feature","properties":{},"geometry":{"type":"LineString","coordinates":[[-80.9253,32.0422],[-80.931,32.0475]]}},{"type":"Feature","properties":{},"geometry":{"type":"LineString","coordinates":[[-80.931,32.0475],[-80.9368,32.0527]]}},{"type":"Feature","properties":{},"geometry":{"type":"LineString","coordinates":[[-80.9368,32.0527],[-80.9426,32.058]]}},{"type":"Feature","properties":{},"geometry":{"type":"LineString","coordinates":[[-80.9426,32.058],[-80.9483,32.0633]]}},{"type":"Feature","properties":{},"geometry":{"type":"LineString","coordinates":[[-80.9483,32.0633],[-80.9541,32.0686]]}},{"type":"Feature","properties":{},"geometry":{"type":"LineString","coordinates":[[-80.6597,32.3401],[-80.657,32.333]]}},{"type":"Feature","properties":{},"geometry":{"type":"LineString","coordinates":[[-80.6597,32.3401],[-80.6597,32.3395]]}},{"type":"Feature","properties":{},"geometry":{"type":"LineString","coordinates":[[-80.657,32.333],[-80.6543,32.3259]]}},{"type":"Feature","properties":{},"geometry":{"type":"LineString","coordinates":[[-80.657,32.333],[-80.6574,32.3323]]}},{"type":"Feature","properties":{},"geometry":{"type":"LineString","coordinates":[[-80.6543,32.3259],[-80.6516,32.3188]]}},{"type":"Feature","properties":{},"geometry":{"type":"LineString","coordinates":[[-80.6543,32.3259],[-80.6552,32.3252]]}},{"type":"Feature","properties":{},"geometry":{"type":"LineString","coordinates":[[-80.6516,32.3188],[-80.655,32.3177]]}},{"type":"Feature","properties":{},"geometry":{"type":"LineString","coordinates":[[-79.9244,32.7919],[-79.929,32.8007]]}},{"type":"Feature","properties":{},"geometry":{"type":"LineString","coordinates":[[-81.1684,31.7888],[-81.1693,31.7887]]}},{"type":"Feature","properties":{},"geometry":{"type":"LineString","coordinates":[[-79.9164,32.8072],[-79.9173,32.7984]]}},{"type":"Feature","properties":{},"geometry":{"type":"LineString","coordinates":[[-79.9173,32.7984],[-79.9182,32.7896]]}},{"type":"Feature","properties":{},"geometry":{"type":"LineString","coordinates":[[-80.8167,32.0299],[-80.8114,32.0244]]}},{"type":"Feature","properties":{},"geometry":{"type":"LineString","coordinates":[[-80.8114,32.0244],[-80.8062,32.019]]}},{"type":"Feature","properties":{},"geometry":{"type":"LineString","coordinates":[[-80.8062,32.019],[-80.8009,32.0135]]}},{"type":"Feature","properties":{},"geometry":{"type":"LineString","coordinates":[[-80.8009,32.0135],[-80.7956,32.0081]]}},{"type":"Feature","properties":{},"geometry":{"type":"LineString","coordinates":[[-80.7956,32.0081],[-80.7903,32.0027]]}},{"type":"Feature","properties":{},"geometry":{"type":"LineString","coordinates":[[-80.7903,32.0027],[-80.785,31.9972]]}},{"type":"Feature","properties":{},"geometry":{"type":"LineString","coordinates":[[-81.3236,31.4886],[-81.324,31.4911],[-81.3247,31.4935],[-81.3256,31.4958],[-81.3253,31.4982],[-81.3238,31.5002],[-81.322,31.5019],[-81.3199,31.5032],[-81.3177,31.5045],[-81.3156,31.5058],[-81.3136,31.5073],[-81.3112,31.5078],[-81.3095,31.5061],[-81.3078,31.5043],[-81.3056,31.5032],[-81.3031,31.5034],[-81.3018,31.5054],[-81.3013,31.5078],[-81.301,31.5103]]}},{"type":"Feature","properties":{},"geometry":{"type":"LineString","coordinates":[[-81.301,31.5103],[-81.3,31.5125],[-81.298,31.514],[-81.2963,31.5158],[-81.2947,31.5177],[-81.2933,31.5198],[-81.2918,31.5218],[-81.2902,31.5237]]}},{"type":"Feature","properties":{},"geometry":{"type":"LineString","coordinates":[[-81.301,31.5103],[-81.3013,31.5102],[-81.3013,31.5102],[-81.301,31.5103]]}},{"type":"Feature","properties":{},"geometry":{"type":"LineString","coordinates":[[-81.2902,31.5237],[-81.2885,31.5255],[-81.2867,31.5273],[-81.2849,31.529],[-81.2829,31.5306],[-81.281,31.5321],[-81.2791,31.5337],[-81.2771,31.5353],[-81.2752,31.5369],[-81.2729,31.5377]]}},{"type":"Feature","properties":{},"geometry":{"type":"LineString","coordinates":[[-81.2902,31.5237],[-81.2909,31.5235],[-81.2909,31.5235],[-81.2902,31.5237]]}},{"type":"Feature","properties":{},"geometry":{"type":"LineString","coordinates":[[-81.2729,31.5377],[-81.2704,31.5384],[-81.2681,31.5391],[-81.2656,31.5398],[-81.2632,31.5403],[-81.2607,31.5406],[-81.2583,31.5409],[-81.2558,31.5412],[-81.2533,31.5415],[-81.2508,31.5418],[-81.2483,31.5419],[-81.2458,31.5421],[-81.2433,31.5422],[-81.2408,31.5424],[-81.2383,31.5425],[-81.2358,31.5427],[-81.2333,31.5429],[-81.2309,31.5431],[-81.2284,31.5434],[-81.2259,31.5436],[-81.2234,31.5439],[-81.2209,31.5442],[-81.2184,31.5444],[-81.2159,31.5447],[-81.2134,31.545],[-81.211,31.5452],[-81.2085,31.5455],[-81.206,31.5457],[-81.2035,31.546],[-81.201,31.5463],[-81.1985,31.5465],[-81.196,31.5468],[-81.1936,31.547],[-81.1917,31.5478],[-81.1919,31.5503],[-81.1922,31.5528],[-81.1924,31.5553],[-81.1927,31.5577],[-81.193,31.5602],[-81.1931,31.5627],[-81.193,31.5652],[-81.1929,31.5677],[-81.1928,31.5702],[-81.1927,31.5727],[-81.1925,31.5752],[-81.1916,31.5773],[-81.1899,31.5791],[-81.1881,31.5809],[-81.1864,31.5827],[-81.1846,31.5845],[-81.1829,31.5863],[-81.1812,31.5881],[-81.1799,31.5902],[-81.1792,31.5926],[-81.1793,31.5951],[-81.1797,31.5975],[-81.1805,31.5998],[-81.1815,31.6022],[-81.1826,31.6044],[-81.1835,31.6067],[-81.1836,31.6092],[-81.1831,31.6116],[-81.1826,31.6141],[-81.1826,31.6166],[-81.183,31.619],[-81.1837,31.6214],[-81.185,31.6236],[-81.1864,31.6257],[-81.1871,31.628],[-81.1875,31.6305],[-81.1882,31.6328],[-81.189,31.6352],[-81.1895,31.6377],[-81.1903,31.64]]}},{"type":"Feature","properties":{},"geometry":{"type":"LineString","coordinates":[[-81.2729,31.5377],[-81.2723,31.5337],[-81.2723,31.5337],[-81.2729,31.5377]]}},{"type":"Feature","properties":{},"geometry":{"type":"LineString","coordinates":[[-81.1903,31.64],[-81.1907,31.6425],[-81.1903,31.6449],[-81.1895,31.6473],[-81.1891,31.6497],[-81.1897,31.652],[-81.1914,31.6538],[-81.1935,31.6552],[-81.1957,31.6564],[-81.1979,31.6576],[-81.1997,31.6592],[-81.2005,31.6616],[-81.1995,31.6639],[-81.1984,31.6661],[-81.1976,31.6684],[-81.1973,31.6709],[-81.197,31.6734]]}},{"type":"Feature","properties":{},"geometry":{"type":"LineString","coordinates":[[-81.1903,31.64],[-81.1904,31.6398],[-81.1904,31.6398],[-81.1903,31.64]]}},{"type":"Feature","properties":{},"geometry":{"type":"LineString","coordinates":[[-81.197,31.6734],[-81.1966,31.6759],[-81.1961,31.6783],[-81.1954,31.6807],[-81.1946,31.6831],[-81.1932,31.6852],[-81.1913,31.6868],[-81.1893,31.6882],[-81.1873,31.6897],[-81.1853,31.6912],[-81.1832,31.6926],[-81.181,31.6937],[-81.1787,31.6948],[-81.1765,31.6959],[-81.1742,31.697],[-81.172,31.6981],[-81.1697,31.6991],[-81.1675,31.7002],[-81.1652,31.7013],[-81.163,31.7024],[-81.1607,31.7035],[-81.1585,31.7046],[-81.1562,31.7056],[-81.1539,31.7067],[-81.1517,31.7078],[-81.1495,31.7089],[-81.1472,31.71],[-81.1449,31.7111],[-81.1435,31.7124],[-81.1445,31.7147],[-81.1455,31.717],[-81.1465,31.7193],[-81.1475,31.7216],[-81.1485,31.7239],[-81.1495,31.7262],[-81.1505,31.7284],[-81.1515,31.7307],[-81.1525,31.733],[-81.1535,31.7353],[-81.1546,31.7376],[-81.1556,31.7399],[-81.1566,31.7422],[-81.1583,31.744],[-81.1601,31.7457],[-81.1618,31.7475],[-81.1638,31.7491],[-81.1658,31.7505],[-81.1679,31.7519],[-81.17,31.7533],[-81.1718,31.755],[-81.173,31.7571]]}},{"type":"Feature","properties":{},"geometry":{"type":"LineString","coordinates":[[-81.197,31.6734],[-81.1961,31.6728],[-81.1958,31.6745]]}},{"type":"Feature","properties":{},"geometry":{"type":"LineString","coordinates":[[-81.197,31.6734],[-81.1958,31.6745]]}},{"type":"Feature","properties":{},"geometry":{"type":"LineString","coordinates":[[-81.197,31.6734],[-81.1961,31.6728]]}},{"type":"Feature","properties":{},"geometry":{"type":"LineString","coordinates":[[-81.197,31.6734],[-81.1958,31.6745],[-81.1961,31.6728]]}},{"type":"Feature","properties":{},"geometry":{"type":"LineString","coordinates":[[-81.173,31.7571],[-81.1732,31.7596],[-81.1729,31.762],[-81.1723,31.7644],[-81.1716,31.7669],[-81.17,31.7688],[-81.1684,31.7707],[-81.1668,31.7726]]}},{"type":"Feature","properties":{},"geometry":{"type":"LineString","coordinates":[[-81.173,31.7571],[-81.1737,31.7565],[-81.1737,31.7565],[-81.173,31.7571]]}},{"type":"Feature","properties":{},"geometry":{"type":"LineString","coordinates":[[-81.1668,31.7726],[-81.1652,31.7746],[-81.1637,31.7765],[-81.1621,31.7784],[-81.1611,31.7807],[-81.161,31.7832],[-81.1613,31.7856],[-81.1624,31.7879],[-81.1643,31.7888],[-81.1668,31.7887],[-81.1693,31.7887]]}},{"type":"Feature","properties":{},"geometry":{"type":"LineString","coordinates":[[-81.1668,31.7726],[-81.17,31.7738],[-81.17,31.7738],[-81.1668,31.7726]]}},{"type":"Feature","properties":{},"geometry":{"type":"LineString","coordinates":[[-81.1693,31.7887],[-81.1718,31.7887],[-81.1743,31.7891],[-81.1767,31.7898],[-81.179,31.7906],[-81.1808,31.7924],[-81.1816,31.7947],[-81.1811,31.7971],[-81.1801,31.7994],[-81.1791,31.8017]]}},{"type":"Feature","properties":{},"geometry":{"type":"LineString","coordinates":[[-81.1791,31.8017],[-81.1781,31.804],[-81.1773,31.8063],[-81.1769,31.8088],[-81.1771,31.8113],[-81.1774,31.8137],[-81.1773,31.8162]]}},{"type":"Feature","properties":{},"geometry":{"type":"LineString","coordinates":[[-81.1773,31.8162],[-81.1756,31.8177],[-81.1732,31.8184],[-81.1708,31.8189],[-81.1683,31.8192]]}},{"type":"Feature","properties":{},"geometry":{"type":"LineString","coordinates":[[-81.1773,31.8162],[-81.177,31.8166],[-81.177,31.8166],[-81.1773,31.8162]]}},{"type":"Feature","properties":{},"geometry":{"type":"LineString","coordinates":[[-81.1683,31.8192],[-81.1658,31.8195],[-81.1633,31.8199],[-81.1608,31.8202],[-81.1599,31.8222],[-81.1594,31.8247]]}},{"type":"Feature","properties":{},"geometry":{"type":"LineString","coordinates":[[-81.1594,31.8247],[-81.1589,31.8271],[-81.1584,31.8296],[-81.1579,31.832]]}},{"type":"Feature","properties":{},"geometry":{"type":"LineString","coordinates":[[-81.1579,31.832],[-81.1574,31.8345],[-81.1569,31.8369],[-81.1552,31.8388],[-81.1535,31.8405],[-81.1513,31.8417],[-81.1493,31.8432],[-81.1477,31.8451],[-81.1461,31.847],[-81.1444,31.8488],[-81.1425,31.8505],[-81.1406,31.8522],[-81.1388,31.8539],[-81.1369,31.8555],[-81.1347,31.8564],[-81.1322,31.8565],[-81.1298,31.8566],[-81.1273,31.8567],[-81.1248,31.8568],[-81.1223,31.8569],[-81.1198,31.8571],[-81.1173,31.857],[-81.1148,31.8568],[-81.1123,31.8565],[-81.1098,31.8563],[-81.1073,31.856],[-81.1049,31.8553],[-81.1025,31.8546],[-81.1001,31.8538],[-81.0978,31.8531],[-81.0953,31.8524],[-81.093,31.8517],[-81.0906,31.851],[-81.0882,31.8503],[-81.0858,31.8496],[-81.0849,31.8513],[-81.0845,31.8537]]}},{"type":"Feature","properties":{},"geometry":{"type":"LineString","coordinates":[[-81.0845,31.8537],[-81.0841,31.8562]]}},{"type":"Feature","properties":{},"geometry":{"type":"LineString","coordinates":[[-81.0841,31.8562],[-81.0837,31.8587],[-81.0833,31.8611]]}},{"type":"Feature","properties":{},"geometry":{"type":"LineString","coordinates":[[-81.0841,31.8562],[-81.0844,31.8565],[-81.0844,31.8565]]}},{"type":"Feature","properties":{},"geometry":{"type":"LineString","coordinates":[[-81.0841,31.8562],[-81.0844,31.8565]]}},{"type":"Feature","properties":{},"geometry":{"type":"LineString","coordinates":[[-81.0833,31.8611],[-81.0821,31.8632],[-81.0805,31.8652]]}},{"type":"Feature","properties":{},"geometry":{"type":"LineString","coordinates":[[-81.0833,31.8611],[-81.0836,31.8604]]}},{"type":"Feature","properties":{},"geometry":{"type":"LineString","coordinates":[[-81.0833,31.8611],[-81.0836,31.8604],[-81.0836,31.8604]]}},{"type":"Feature","properties":{},"geometry":{"type":"LineString","coordinates":[[-81.0805,31.8652],[-81.079,31.8672],[-81.0774,31.8691]]}},{"type":"Feature","properties":{},"geometry":{"type":"LineString","coordinates":[[-81.0774,31.8691],[-81.0759,31.8711]]}},{"type":"Feature","properties":{},"geometry":{"type":"LineString","coordinates":[[-81.0759,31.8711],[-81.0768,31.8732]]}},{"type":"Feature","properties":{},"geometry":{"type":"LineString","coordinates":[[-81.0759,31.8711],[-81.0626,31.8755],[-81.0635,31.8773]]}},{"type":"Feature","properties":{},"geometry":{"type":"LineString","coordinates":[[-81.0759,31.8711],[-81.0635,31.8773]]}},{"type":"Feature","properties":{},"geometry":{"type":"LineString","coordinates":[[-81.0759,31.8711],[-81.0626,31.8755]]}},{"type":"Feature","properties":{},"geometry":{"type":"LineString","coordinates":[[-81.0759,31.8711],[-81.0635,31.8773]]}},{"type":"Feature","properties":{},"geometry":{"type":"LineString","coordinates":[[-81.0768,31.8732],[-81.0781,31.8754],[-81.0793,31.8776],[-81.0805,31.8798],[-81.0818,31.8819],[-81.083,31.8841],[-81.0844,31.8862],[-81.0861,31.888],[-81.0879,31.8897],[-81.0897,31.8914],[-81.0915,31.8932],[-81.0933,31.8949],[-81.0949,31.8968],[-81.0963,31.8989],[-81.0977,31.901],[-81.099,31.9031],[-81.0999,31.9054],[-81.1007,31.9078],[-81.1014,31.9102],[-81.1023,31.9125],[-81.1034,31.9148],[-81.1049,31.9168],[-81.1065,31.9186],[-81.1049,31.9205],[-81.1033,31.9224],[-81.1012,31.9238],[-81.0988,31.9244],[-81.0964,31.9248],[-81.0939,31.925],[-81.0914,31.9251],[-81.0889,31.9248],[-81.0865,31.9243],[-81.0841,31.9236],[-81.0818,31.9227],[-81.0795,31.9217],[-81.077,31.9212],[-81.0746,31.9211],[-81.0724,31.9221],[-81.0716,31.9245],[-81.0715,31.9269],[-81.0721,31.9293],[-81.0737,31.9313]]}},{"type":"Feature","properties":{},"geometry":{"type":"LineString","coordinates":[[-81.0768,31.8732],[-81.0698,31.8756]]}},{"type":"Feature","properties":{},"geometry":{"type":"LineString","coordinates":[[-81.0768,31.8732],[-81.0698,31.8756],[-81.0698,31.8756]]}},{"type":"Feature","properties":{},"geometry":{"type":"LineString","coordinates":[[-81.0737,31.9313],[-81.0749,31.9335]]}},{"type":"Feature","properties":{},"geometry":{"type":"LineString","coordinates":[[-81.0737,31.9313],[-81.0742,31.9319],[-81.0742,31.9319]]}},{"type":"Feature","properties":{},"geometry":{"type":"LineString","coordinates":[[-81.0737,31.9313],[-81.0742,31.9319]]}},{"type":"Feature","properties":{},"geometry":{"type":"LineString","coordinates":[[-81.0749,31.9335],[-81.076,31.9357],[-81.0772,31.9379],[-81.0787,31.9399],[-81.0788,31.9422],[-81.0767,31.9434],[-81.0742,31.9439]]}},{"type":"Feature","properties":{},"geometry":{"type":"LineString","coordinates":[[-81.0749,31.9335],[-81.0747,31.9334]]}},{"type":"Feature","properties":{},"geometry":{"type":"LineString","coordinates":[[-81.0749,31.9335],[-81.0747,31.9334],[-81.0747,31.9334]]}},{"type":"Feature","properties":{},"geometry":{"type":"LineString","coordinates":[[-81.0742,31.9439],[-81.0718,31.9445],[-81.0694,31.945],[-81.0671,31.9462],[-81.0652,31.9477],[-81.0641,31.95],[-81.0637,31.9524],[-81.0625,31.9546],[-81.0608,31.9564],[-81.0591,31.9583],[-81.0576,31.9602],[-81.057,31.9626]]}},{"type":"Feature","properties":{},"geometry":{"type":"LineString","coordinates":[[-81.0742,31.9439],[-81.075,31.944],[-81.075,31.944],[-81.0742,31.9439]]}},{"type":"Feature","properties":{},"geometry":{"type":"LineString","coordinates":[[-81.057,31.9626],[-81.0566,31.9651]]}},{"type":"Feature","properties":{},"geometry":{"type":"LineString","coordinates":[[-81.057,31.9626],[-81.0571,31.9625],[-81.0575,31.9618]]}},{"type":"Feature","properties":{},"geometry":{"type":"LineString","coordinates":[[-81.057,31.9626],[-81.0575,31.9618]]}},{"type":"Feature","properties":{},"geometry":{"type":"LineString","coordinates":[[-81.057,31.9626],[-81.0571,31.9625]]}},{"type":"Feature","properties":{},"geometry":{"type":"LineString","coordinates":[[-81.057,31.9626],[-81.0575,31.9618]]}},{"type":"Feature","properties":{},"geometry":{"type":"LineString","coordinates":[[-81.0566,31.9651],[-81.0551,31.967],[-81.0533,31.9687],[-81.0524,31.971],[-81.0523,31.9734],[-81.053,31.9757],[-81.0543,31.9779],[-81.055,31.9802],[-81.0536,31.9819],[-81.0514,31.9807],[-81.0495,31.9792]]}},{"type":"Feature","properties":{},"geometry":{"type":"LineString","coordinates":[[-81.0566,31.9651],[-81.0563,31.966]]}},{"type":"Feature","properties":{},"geometry":{"type":"LineString","coordinates":[[-81.0566,31.9651],[-81.0563,31.966],[-81.0563,31.966]]}},{"type":"Feature","properties":{},"geometry":{"type":"LineString","coordinates":[[-81.0495,31.9792],[-81.0476,31.9776],[-81.0451,31.978],[-81.0427,31.9784],[-81.0405,31.9795],[-81.0386,31.9811],[-81.0373,31.9833],[-81.0363,31.9855]]}},{"type":"Feature","properties":{},"geometry":{"type":"LineString","coordinates":[[-81.0363,31.9855],[-81.035,31.9877],[-81.0331,31.9892],[-81.0308,31.9901],[-81.0284,31.9906],[-81.0259,31.991],[-81.0234,31.9915],[-81.0211,31.9922],[-81.0192,31.9938],[-81.0186,31.9962],[-81.0182,31.9987],[-81.0178,32.0011],[-81.0174,32.0036],[-81.017,32.0061],[-81.0161,32.0084],[-81.0153,32.0108]]}},{"type":"Feature","properties":{},"geometry":{"type":"LineString","coordinates":[[-81.0363,31.9855],[-81.0355,31.9856],[-81.0355,31.9856],[-81.0363,31.9855]]}},{"type":"Feature","properties":{},"geometry":{"type":"LineString","coordinates":[[-81.0153,32.0108],[-81.0152,32.0129],[-81.0172,32.0143],[-81.0192,32.0158],[-81.0208,32.0177],[-81.0224,32.0197],[-81.0239,32.0216]]}},{"type":"Feature","properties":{},"geometry":{"type":"LineString","coordinates":[[-81.0153,32.0108],[-81.0131,32.0103],[-81.0131,32.0103],[-81.0153,32.0108]]}},{"type":"Feature","properties":{},"geometry":{"type":"LineString","coordinates":[[-81.0239,32.0216],[-81.0263,32.022],[-81.0288,32.0222],[-81.0313,32.022]]}},{"type":"Feature","properties":{},"geometry":{"type":"LineString","coordinates":[[-81.0239,32.0216],[-81.0226,32.0216],[-81.0226,32.0216]]}},{"type":"Feature","properties":{},"geometry":{"type":"LineString","coordinates":[[-81.0239,32.0216],[-81.0226,32.0216]]}},{"type":"Feature","properties":{},"geometry":{"type":"LineString","coordinates":[[-81.0313,32.022],[-81.0338,32.0219]]}},{"type":"Feature","properties":{},"geometry":{"type":"LineString","coordinates":[[-81.0338,32.0219],[-81.0363,32.0219],[-81.0388,32.0219],[-81.0412,32.0227],[-81.0435,32.0237],[-81.0457,32.0247],[-81.0477,32.0262],[-81.0492,32.0281],[-81.0483,32.0303],[-81.0469,32.0324],[-81.046,32.0346],[-81.0456,32.0371],[-81.0447,32.0394],[-81.043,32.0413]]}},{"type":"Feature","properties":{},"geometry":{"type":"LineString","coordinates":[[-81.0338,32.0219],[-81.0336,32.0215]]}},{"type":"Feature","properties":{},"geometry":{"type":"LineString","coordinates":[[-81.0338,32.0219],[-81.0336,32.0215],[-81.0336,32.0215]]}},{"type":"Feature","properties":{},"geometry":{"type":"LineString","coordinates":[[-81.043,32.0413],[-81.0415,32.0432]]}},{"type":"Feature","properties":{},"geometry":{"type":"LineString","coordinates":[[-81.043,32.0413],[-81.043,32.0413],[-81.043,32.0413]]}},{"type":"Feature","properties":{},"geometry":{"type":"LineString","coordinates":[[-81.043,32.0413],[-81.043,32.0413]]}},{"type":"Feature","properties":{},"geometry":{"type":"LineString","coordinates":[[-81.0415,32.0432],[-81.0402,32.0453],[-81.0381,32.0468],[-81.0361,32.0482],[-81.0337,32.0487],[-81.0312,32.0492],[-81.0297,32.0509],[-81.0301,32.0534]]}},{"type":"Feature","properties":{},"geometry":{"type":"LineString","coordinates":[[-81.0415,32.0432],[-81.0416,32.0434]]}},{"type":"Feature","properties":{},"geometry":{"type":"LineString","coordinates":[[-81.0415,32.0432],[-81.0416,32.0434],[-81.0416,32.0434]]}},{"type":"Feature","properties":{},"geometry":{"type":"LineString","coordinates":[[-81.0301,32.0534],[-81.0307,32.0558],[-81.0307,32.0583],[-81.0303,32.0607],[-81.0292,32.063]]}},{"type":"Feature","properties":{},"geometry":{"type":"LineString","coordinates":[[-81.0301,32.0534],[-81.0301,32.0524],[-81.0301,32.0524],[-81.0301,32.0534]]}},{"type":"Feature","properties":{},"geometry":{"type":"LineString","coordinates":[[-81.0292,32.063],[-81.029,32.0628],[-81.0216,32.0655],[-81.0229,32.0663]]}},{"type":"Feature","properties":{},"geometry":{"type":"LineString","coordinates":[[-81.0292,32.063],[-81.0271,32.064],[-81.0247,32.0647],[-81.0229,32.0663]]}},{"type":"Feature","properties":{},"geometry":{"type":"LineString","coordinates":[[-81.0229,32.0663],[-81.0219,32.0686]]}},{"type":"Feature","properties":{},"geometry":{"type":"LineString","coordinates":[[-81.0219,32.0686],[-81.0202,32.0703],[-81.0178,32.071],[-81.0158,32.0725]]}},{"type":"Feature","properties":{},"geometry":{"type":"LineString","coordinates":[[-81.0219,32.0686],[-81.0219,32.0678],[-81.0219,32.0678]]}},{"type":"Feature","properties":{},"geometry":{"type":"LineString","coordinates":[[-81.0219,32.0686],[-81.0219,32.0678]]}},{"type":"Feature","properties":{},"geometry":{"type":"LineString","coordinates":[[-81.0158,32.0725],[-81.0136,32.0737],[-81.0112,32.0738],[-81.0091,32.0725]]}},{"type":"Feature","properties":{},"geometry":{"type":"LineString","coordinates":[[-81.0158,32.0725],[-81.0158,32.0723]]}},{"type":"Feature","properties":{},"geometry":{"type":"LineString","coordinates":[[-81.0158,32.0725],[-81.0158,32.0723]]}},{"type":"Feature","properties":{},"geometry":{"type":"LineString","coordinates":[[-81.0091,32.0725],[-81.0071,32.071]]}},{"type":"Feature","properties":{},"geometry":{"type":"LineString","coordinates":[[-81.0091,32.0725],[-81.0096,32.0729]]}},{"type":"Feature","properties":{},"geometry":{"type":"LineString","coordinates":[[-81.0091,32.0725],[-81.0096,32.0729]]}},{"type":"Feature","properties":{},"geometry":{"type":"LineString","coordinates":[[-81.0071,32.071],[-81.0066,32.0709],[-81.0041,32.0738],[-81.0061,32.0721]]}},{"type":"Feature","properties":{},"geometry":{"type":"LineString","coordinates":[[-81.0071,32.071],[-81.0055,32.0691],[-81.0037,32.0675],[-81.0013,32.0669],[-80.999,32.0659],[-80.997,32.0644],[-80.9946,32.0638],[-80.9922,32.0642],[-80.9898,32.0651]]}},{"type":"Feature","properties":{},"geometry":{"type":"LineString","coordinates":[[-81.0071,32.071],[-81.0061,32.0721]]}},{"type":"Feature","properties":{},"geometry":{"type":"LineString","coordinates":[[-81.0071,32.071],[-81.0071,32.0701],[-81.0061,32.0721]]}},{"type":"Feature","properties":{},"geometry":{"type":"LineString","coordinates":[[-81.0071,32.071],[-81.0061,32.0721]]}},{"type":"Feature","properties":{},"geometry":{"type":"LineString","coordinates":[[-81.0071,32.071],[-81.0071,32.0701]]}},{"type":"Feature","properties":{},"geometry":{"type":"LineString","coordinates":[[-80.9898,32.0651],[-80.9875,32.066],[-80.9852,32.0669],[-80.9828,32.0678],[-80.9805,32.0687]]}},{"type":"Feature","properties":{},"geometry":{"type":"LineString","coordinates":[[-80.9805,32.0687],[-80.9782,32.0696],[-80.9758,32.0704]]}},{"type":"Feature","properties":{},"geometry":{"type":"LineString","coordinates":[[-80.9758,32.0704],[-80.9734,32.0712],[-80.9711,32.072],[-80.9687,32.0728]]}},{"type":"Feature","properties":{},"geometry":{"type":"LineString","coordinates":[[-80.9758,32.0704],[-80.9751,32.0717]]}},{"type":"Feature","properties":{},"geometry":{"type":"LineString","coordinates":[[-80.9758,32.0704],[-80.9751,32.0717],[-80.9751,32.0717]]}},{"type":"Feature","properties":{},"geometry":{"type":"LineString","coordinates":[[-80.9687,32.0728],[-80.9663,32.0727],[-80.9638,32.0722],[-80.9618,32.0734]]}},{"type":"Feature","properties":{},"geometry":{"type":"LineString","coordinates":[[-80.9618,32.0734],[-80.9601,32.0752],[-80.9581,32.0767]]}},{"type":"Feature","properties":{},"geometry":{"type":"LineString","coordinates":[[-80.9618,32.0734],[-80.9621,32.0728]]}},{"type":"Feature","properties":{},"geometry":{"type":"LineString","coordinates":[[-80.9618,32.0734],[-80.9621,32.0728],[-80.9621,32.0728]]}},{"type":"Feature","properties":{},"geometry":{"type":"LineString","coordinates":[[-80.9581,32.0767],[-80.9557,32.0772],[-80.9532,32.0773],[-80.9507,32.0772]]}},{"type":"Feature","properties":{},"geometry":{"type":"LineString","coordinates":[[-80.9507,32.0772],[-80.9483,32.077],[-80.9458,32.077],[-80.9434,32.0777]]}},{"type":"Feature","properties":{},"geometry":{"type":"LineString","coordinates":[[-80.9434,32.0777],[-80.9413,32.079],[-80.9399,32.0811],[-80.9386,32.0831]]}},{"type":"Feature","properties":{},"geometry":{"type":"LineString","coordinates":[[-80.9386,32.0831],[-80.9366,32.0846],[-80.9345,32.0861],[-80.9325,32.0875],[-80.9302,32.0885]]}},{"type":"Feature","properties":{},"geometry":{"type":"LineString","coordinates":[[-80.9302,32.0885],[-80.9278,32.0887],[-80.9254,32.0883],[-80.9233,32.087]]}},{"type":"Feature","properties":{},"geometry":{"type":"LineString","coordinates":[[-80.9302,32.0885],[-80.9291,32.0892],[-80.9291,32.0892],[-80.9302,32.0885]]}},{"type":"Feature","properties":{},"geometry":{"type":"LineString","coordinates":[[-80.9233,32.087],[-80.9216,32.0852],[-80.92,32.0833],[-80.9179,32.0825]]}},{"type":"Feature","properties":{},"geometry":{"type":"LineString","coordinates":[[-80.9179,32.0825],[-80.9155,32.0828],[-80.913,32.0831],[-80.9118,32.0847],[-80.9108,32.0869]]}},{"type":"Feature","properties":{},"geometry":{"type":"LineString","coordinates":[[-80.9179,32.0825],[-80.9181,32.0829],[-80.9181,32.0829],[-80.9179,32.0825]]}},{"type":"Feature","properties":{},"geometry":{"type":"LineString","coordinates":[[-80.9108,32.0869],[-80.9093,32.0889],[-80.9077,32.0909],[-80.9061,32.0928],[-80.9046,32.0947],[-80.903,32.0967],[-80.9012,32.0984],[-80.8992,32.0999],[-80.8972,32.1015],[-80.8957,32.1034],[-80.8952,32.1058],[-80.8958,32.1082],[-80.8962,32.1106],[-80.8972,32.1129],[-80.8982,32.1152]]}},{"type":"Feature","properties":{},"geometry":{"type":"LineString","coordinates":[[-80.8982,32.1152],[-80.8989,32.1176],[-80.8988,32.12],[-80.8976,32.1222],[-80.8965,32.1245],[-80.895,32.1264],[-80.8931,32.128],[-80.8911,32.1295],[-80.8892,32.131],[-80.8869,32.1311],[-80.8845,32.1305],[-80.882,32.1304],[-80.8795,32.1307],[-80.8771,32.1315],[-80.875,32.1328],[-80.8731,32.1344],[-80.8713,32.1362],[-80.8696,32.1379],[-80.8678,32.1397],[-80.866,32.1415],[-80.8641,32.143],[-80.8619,32.1443],[-80.8598,32.1456],[-80.8575,32.1465],[-80.8551,32.1474],[-80.8528,32.1483],[-80.8504,32.149],[-80.848,32.1495],[-80.8455,32.15],[-80.8431,32.1504],[-80.8406,32.1504],[-80.8381,32.1504],[-80.8356,32.1501],[-80.8332,32.1493],[-80.8309,32.1485]]}},{"type":"Feature","properties":{},"geometry":{"type":"LineString","coordinates":[[-80.8982,32.1152],[-80.8977,32.1145],[-80.8977,32.1145],[-80.8982,32.1152]]}},{"type":"Feature","properties":{},"geometry":{"type":"LineString","coordinates":[[-80.8309,32.1485],[-80.8286,32.1483],[-80.8265,32.1498],[-80.8245,32.1512],[-80.8225,32.1527],[-80.8204,32.1541],[-80.8184,32.1555]]}},{"type":"Feature","properties":{},"geometry":{"type":"LineString","coordinates":[[-80.8184,32.1555],[-80.8163,32.157],[-80.8143,32.1584],[-80.8123,32.1599],[-80.8102,32.1613],[-80.8082,32.1628],[-80.8061,32.1642],[-80.8041,32.1656],[-80.802,32.1671],[-80.8,32.1685],[-80.7983,32.1703],[-80.7966,32.1722],[-80.7949,32.174],[-80.7932,32.1758],[-80.7916,32.1777],[-80.7905,32.18],[-80.7893,32.1822],[-80.7882,32.1844],[-80.7871,32.1867],[-80.7867,32.1891],[-80.7863,32.1916],[-80.7859,32.1941],[-80.7855,32.1966]]}},{"type":"Feature","properties":{},"geometry":{"type":"LineString","coordinates":[[-80.8184,32.1555],[-80.8106,32.1457],[-80.8106,32.1457],[-80.8184,32.1555]]}},{"type":"Feature","properties":{},"geometry":{"type":"LineString","coordinates":[[-80.7855,32.1966],[-80.7851,32.199],[-80.7847,32.2015],[-80.7843,32.204],[-80.7845,32.2064]]}},{"type":"Feature","properties":{},"geometry":{"type":"LineString","coordinates":[[-80.7855,32.1966],[-80.7854,32.1978],[-80.7854,32.1978]]}},{"type":"Feature","properties":{},"geometry":{"type":"LineString","coordinates":[[-80.7855,32.1966],[-80.7854,32.1978]]}},{"type":"Feature","properties":{},"geometry":{"type":"LineString","coordinates":[[-80.7845,32.2064],[-80.7847,32.2089],[-80.7851,32.2114],[-80.7859,32.2138],[-80.7866,32.2162],[-80.7867,32.2186]]}},{"type":"Feature","properties":{},"geometry":{"type":"LineString","coordinates":[[-80.7845,32.2064],[-80.7834,32.2076]]}},{"type":"Feature","properties":{},"geometry":{"type":"LineString","coordinates":[[-80.7845,32.2064],[-80.7834,32.2076],[-80.7834,32.2076]]}},{"type":"Feature","properties":{},"geometry":{"type":"LineString","coordinates":[[-80.7867,32.2186],[-80.7867,32.2211],[-80.7853,32.2229],[-80.7832,32.2242],[-80.781,32.2253],[-80.7785,32.2258],[-80.776,32.226],[-80.7736,32.2256],[-80.7711,32.2251],[-80.7686,32.2247],[-80.7663,32.2252]]}},{"type":"Feature","properties":{},"geometry":{"type":"LineString","coordinates":[[-80.7867,32.2186],[-80.7876,32.219],[-80.7876,32.219],[-80.7867,32.2186]]}},{"type":"Feature","properties":{},"geometry":{"type":"LineString","coordinates":[[-80.7663,32.2252],[-80.7642,32.2264],[-80.7624,32.2282],[-80.7609,32.2302],[-80.7595,32.2323],[-80.7582,32.2344],[-80.756,32.2356],[-80.7538,32.2366],[-80.7515,32.2377]]}},{"type":"Feature","properties":{},"geometry":{"type":"LineString","coordinates":[[-80.7663,32.2252],[-80.7672,32.2248],[-80.7672,32.2248],[-80.7663,32.2252]]}},{"type":"Feature","properties":{},"geometry":{"type":"LineString","coordinates":[[-80.7515,32.2377],[-80.7499,32.2395],[-80.7489,32.2418],[-80.7488,32.2443]]}},{"type":"Feature","properties":{},"geometry":{"type":"LineString","coordinates":[[-80.7515,32.2377],[-80.7519,32.2387],[-80.7519,32.2387]]}},{"type":"Feature","properties":{},"geometry":{"type":"LineString","coordinates":[[-80.7515,32.2377],[-80.7519,32.2387]]}},{"type":"Feature","properties":{},"geometry":{"type":"LineString","coordinates":[[-80.7488,32.2443],[-80.7491,32.2467],[-80.7505,32.2488],[-80.7517,32.2509]]}},{"type":"Feature","properties":{},"geometry":{"type":"LineString","coordinates":[[-80.7488,32.2443],[-80.7491,32.243]]}},{"type":"Feature","properties":{},"geometry":{"type":"LineString","coordinates":[[-80.7488,32.2443],[-80.7491,32.243]]}},{"type":"Feature","properties":{},"geometry":{"type":"LineString","coordinates":[[-80.7517,32.2509],[-80.752,32.2533],[-80.7512,32.2555],[-80.7492,32.2571],[-80.7471,32.2583],[-80.7449,32.2595],[-80.7427,32.2608],[-80.741,32.2625],[-80.74,32.2648],[-80.7388,32.267],[-80.7377,32.2692],[-80.7365,32.2714]]}},{"type":"Feature","properties":{},"geometry":{"type":"LineString","coordinates":[[-80.7517,32.2509],[-80.7524,32.2498]]}},{"type":"Feature","properties":{},"geometry":{"type":"LineString","coordinates":[[-80.7517,32.2509],[-80.7531,32.2508]]}},{"type":"Feature","properties":{},"geometry":{"type":"LineString","coordinates":[[-80.7517,32.2509],[-80.7524,32.2498]]}},{"type":"Feature","properties":{},"geometry":{"type":"LineString","coordinates":[[-80.7517,32.2509],[-80.7531,32.2508],[-80.7524,32.2498]]}},{"type":"Feature","properties":{},"geometry":{"type":"LineString","coordinates":[[-80.7365,32.2714],[-80.7346,32.2727],[-80.7322,32.2736]]}},{"type":"Feature","properties":{},"geometry":{"type":"LineString","coordinates":[[-80.7365,32.2714],[-80.7359,32.2704],[-80.7359,32.2704]]}},{"type":"Feature","properties":{},"geometry":{"type":"LineString","coordinates":[[-80.7365,32.2714],[-80.7359,32.2704]]}},{"type":"Feature","properties":{},"geometry":{"type":"LineString","coordinates":[[-80.7322,32.2736],[-80.7299,32.2744],[-80.7275,32.2753],[-80.7251,32.2759],[-80.7226,32.2761],[-80.7201,32.2763],[-80.7177,32.2766],[-80.7152,32.2768],[-80.7127,32.277],[-80.7102,32.2773],[-80.7077,32.2775],[-80.7052,32.2777],[-80.7027,32.278],[-80.7002,32.2782],[-80.6977,32.2784],[-80.6953,32.2787],[-80.6928,32.279],[-80.6903,32.2792],[-80.6878,32.2795],[-80.6853,32.2798],[-80.6828,32.2801],[-80.6804,32.2805],[-80.6781,32.2815],[-80.6758,32.2825],[-80.6735,32.2835],[-80.6712,32.2845],[-80.669,32.2856],[-80.6667,32.2866],[-80.6644,32.2876],[-80.6621,32.2886],[-80.6598,32.2896]]}},{"type":"Feature","properties":{},"geometry":{"type":"LineString","coordinates":[[-80.7322,32.2736],[-80.7326,32.2722]]}},{"type":"Feature","properties":{},"geometry":{"type":"LineString","coordinates":[[-80.7322,32.2736],[-80.7326,32.2722],[-80.7326,32.2722]]}},{"type":"Feature","properties":{},"geometry":{"type":"LineString","coordinates":[[-80.6598,32.2896],[-80.6579,32.291]]}},{"type":"Feature","properties":{},"geometry":{"type":"LineString","coordinates":[[-80.6598,32.2896],[-80.6542,32.2804],[-80.6542,32.2804]]}},{"type":"Feature","properties":{},"geometry":{"type":"LineString","coordinates":[[-80.6598,32.2896],[-80.6542,32.2804]]}},{"type":"Feature","properties":{},"geometry":{"type":"LineString","coordinates":[[-80.6579,32.291],[-80.6567,32.2933],[-80.6556,32.2955],[-80.6545,32.2977]]}},{"type":"Feature","properties":{},"geometry":{"type":"LineString","coordinates":[[-80.6545,32.2977],[-80.6545,32.3002],[-80.6546,32.3027]]}},{"type":"Feature","properties":{},"geometry":{"type":"LineString","coordinates":[[-80.6546,32.3027],[-80.6547,32.3052],[-80.6548,32.3077],[-80.6548,32.3102]]}},{"type":"Feature","properties":{},"geometry":{"type":"LineString","coordinates":[[-80.6548,32.3102],[-80.6549,32.3127],[-80.655,32.3152],[-80.655,32.3177]]}},{"type":"Feature","properties":{},"geometry":{"type":"LineString","coordinates":[[-80.655,32.3177],[-80.6551,32.3202],[-80.6552,32.3227],[-80.6552,32.3252]]}},{"type":"Feature","properties":{},"geometry":{"type":"LineString","coordinates":[[-80.6552,32.3252],[-80.6559,32.3276],[-80.6566,32.3299],[-80.6574,32.3323]]}},{"type":"Feature","properties":{},"geometry":{"type":"LineString","coordinates":[[-80.6574,32.3323],[-80.6582,32.3347],[-80.659,32.3371],[-80.6597,32.3395]]}},{"type":"Feature","properties":{},"geometry":{"type":"LineString","coordinates":[[-80.6597,32.3395],[-80.6605,32.3418]]}},{"type":"Feature","properties":{},"geometry":{"type":"LineString","coordinates":[[-80.6605,32.3418],[-80.6613,32.3442],[-80.662,32.3466]]}},{"type":"Feature","properties":{},"geometry":{"type":"LineString","coordinates":[[-80.6605,32.3418],[-80.6605,32.3413],[-80.6605,32.3413],[-80.6605,32.3418]]}},{"type":"Feature","properties":{},"geometry":{"type":"LineString","coordinates":[[-80.662,32.3466],[-80.6628,32.349],[-80.6641,32.351],[-80.6658,32.3529],[-80.6674,32.3548]]}},{"type":"Feature","properties":{},"geometry":{"type":"LineString","coordinates":[[-80.6674,32.3548],[-80.6691,32.3566],[-80.671,32.3583],[-80.6729,32.3599]]}},{"type":"Feature","properties":{},"geometry":{"type":"LineString","coordinates":[[-80.6729,32.3599],[-80.6747,32.3616]]}},{"type":"Feature","properties":{},"geometry":{"type":"LineString","coordinates":[[-80.6729,32.3599],[-80.6724,32.3587],[-80.6724,32.3587]]}},{"type":"Feature","properties":{},"geometry":{"type":"LineString","coordinates":[[-80.6729,32.3599],[-80.6724,32.3587]]}},{"type":"Feature","properties":{},"geometry":{"type":"LineString","coordinates":[[-80.6747,32.3616],[-80.6757,32.3639],[-80.6768,32.3661]]}},{"type":"Feature","properties":{},"geometry":{"type":"LineString","coordinates":[[-80.6747,32.3616],[-80.6746,32.3617]]}},{"type":"Feature","properties":{},"geometry":{"type":"LineString","coordinates":[[-80.6747,32.3616],[-80.6746,32.3617]]}},{"type":"Feature","properties":{},"geometry":{"type":"LineString","coordinates":[[-80.6768,32.3661],[-80.6769,32.3686],[-80.6769,32.3711],[-80.6767,32.3736],[-80.6758,32.3759],[-80.675,32.3783],[-80.6742,32.3807],[-80.6741,32.3831],[-80.6742,32.3856],[-80.6747,32.388],[-80.6753,32.3905],[-80.6758,32.3929],[-80.6758,32.3954],[-80.6747,32.3976],[-80.6736,32.3999],[-80.6726,32.4021],[-80.6726,32.4046],[-80.6725,32.4071],[-80.6737,32.4091],[-80.6755,32.4108],[-80.6777,32.4121],[-80.6798,32.4134],[-80.682,32.4146],[-80.6839,32.4161],[-80.6847,32.4184],[-80.6847,32.4209],[-80.6841,32.4233],[-80.6828,32.4254],[-80.6809,32.4269],[-80.6787,32.4281],[-80.6764,32.4286],[-80.6739,32.4283],[-80.6714,32.428],[-80.6689,32.4277],[-80.6665,32.4281],[-80.6642,32.429],[-80.6626,32.4309],[-80.6611,32.4329],[-80.6603,32.4352],[-80.6604,32.4376],[-80.6613,32.4399],[-80.6622,32.4423]]}},{"type":"Feature","properties":{},"geometry":{"type":"LineString","coordinates":[[-80.6768,32.3661],[-80.6831,32.3669]]}},{"type":"Feature","properties":{},"geometry":{"type":"LineString","coordinates":[[-80.6768,32.3661],[-80.6831,32.3669]]}},{"type":"Feature","properties":{},"geometry":{"type":"LineString","coordinates":[[-80.6622,32.4423],[-80.6632,32.4446]]}},{"type":"Feature","properties":{},"geometry":{"type":"LineString","coordinates":[[-80.6622,32.4423],[-80.6604,32.4438],[-80.6604,32.4438]]}},{"type":"Feature","properties":{},"geometry":{"type":"LineString","coordinates":[[-80.6622,32.4423],[-80.6604,32.4438]]}},{"type":"Feature","properties":{},"geometry":{"type":"LineString","coordinates":[[-80.6632,32.4446],[-80.6641,32.4469],[-80.6651,32.4492],[-80.666,32.4515]]}},{"type":"Feature","properties":{},"geometry":{"type":"LineString","coordinates":[[-80.6632,32.4446],[-80.6605,32.4455]]}},{"type":"Feature","properties":{},"geometry":{"type":"LineString","coordinates":[[-80.6632,32.4446],[-80.6605,32.4459]]}},{"type":"Feature","properties":{},"geometry":{"type":"LineString","coordinates":[[-80.6632,32.4446],[-80.6605,32.4455]]}},{"type":"Feature","properties":{},"geometry":{"type":"LineString","coordinates":[[-80.6632,32.4446],[-80.6605,32.4459]]}},{"type":"Feature","properties":{},"geometry":{"type":"LineString","coordinates":[[-80.666,32.4515],[-80.668,32.4531],[-80.6702,32.4539],[-80.6727,32.4543],[-80.6752,32.4542],[-80.6777,32.4541],[-80.6802,32.4541]]}},{"type":"Feature","properties":{},"geometry":{"type":"LineString","coordinates":[[-80.666,32.4515],[-80.6652,32.4515]]}},{"type":"Feature","properties":{},"geometry":{"type":"LineString","coordinates":[[-80.666,32.4515],[-80.6652,32.4515],[-80.6652,32.4515]]}},{"type":"Feature","properties":{},"geometry":{"type":"LineString","coordinates":[[-80.6802,32.4541],[-80.6827,32.4544]]}},{"type":"Feature","properties":{},"geometry":{"type":"LineString","coordinates":[[-80.6802,32.4541],[-80.6808,32.453],[-80.6808,32.453]]}},{"type":"Feature","properties":{},"geometry":{"type":"LineString","coordinates":[[-80.6802,32.4541],[-80.6808,32.453]]}},{"type":"Feature","properties":{},"geometry":{"type":"LineString","coordinates":[[-80.6827,32.4544],[-80.6851,32.455],[-80.6873,32.4562]]}},{"type":"Feature","properties":{},"geometry":{"type":"LineString","coordinates":[[-80.6827,32.4544],[-80.6823,32.4531]]}},{"type":"Feature","properties":{},"geometry":{"type":"LineString","coordinates":[[-80.6827,32.4544],[-80.6823,32.4531],[-80.6823,32.4531]]}},{"type":"Feature","properties":{},"geometry":{"type":"LineString","coordinates":[[-80.6873,32.4562],[-80.6883,32.4583]]}},{"type":"Feature","properties":{},"geometry":{"type":"LineString","coordinates":[[-80.6883,32.4583],[-80.6888,32.4607],[-80.6894,32.4632],[-80.6899,32.4656],[-80.6903,32.4681],[-80.6907,32.4705],[-80.6914,32.4729],[-80.6921,32.4753]]}},{"type":"Feature","properties":{},"geometry":{"type":"LineString","coordinates":[[-80.6921,32.4753],[-80.6923,32.4778]]}},{"type":"Feature","properties":{},"geometry":{"type":"LineString","coordinates":[[-80.6921,32.4753],[-80.6917,32.4759],[-80.6917,32.4759]]}},{"type":"Feature","properties":{},"geometry":{"type":"LineString","coordinates":[[-80.6921,32.4753],[-80.6917,32.4759]]}},{"type":"Feature","properties":{},"geometry":{"type":"LineString","coordinates":[[-80.6923,32.4778],[-80.692,32.4803]]}},{"type":"Feature","properties":{},"geometry":{"type":"LineString","coordinates":[[-80.6923,32.4778],[-80.6919,32.4772]]}},{"type":"Feature","properties":{},"geometry":{"type":"LineString","coordinates":[[-80.6923,32.4778],[-80.6919,32.4772]]}},{"type":"Feature","properties":{},"geometry":{"type":"LineString","coordinates":[[-80.692,32.4803],[-80.6915,32.4827],[-80.691,32.4852],[-80.6907,32.4877]]}},{"type":"Feature","properties":{},"geometry":{"type":"LineString","coordinates":[[-80.692,32.4803],[-80.6915,32.4804]]}},{"type":"Feature","properties":{},"geometry":{"type":"LineString","coordinates":[[-80.692,32.4803],[-80.6915,32.4804]]}},{"type":"Feature","properties":{},"geometry":{"type":"LineString","coordinates":[[-80.6907,32.4877],[-80.6903,32.4901],[-80.6899,32.4926],[-80.6881,32.4943],[-80.6862,32.496],[-80.6844,32.4976],[-80.6825,32.4993]]}},{"type":"Feature","properties":{},"geometry":{"type":"LineString","coordinates":[[-80.6907,32.4877],[-80.6906,32.4876]]}},{"type":"Feature","properties":{},"geometry":{"type":"LineString","coordinates":[[-80.6907,32.4877],[-80.6906,32.4876],[-80.6906,32.4876]]}},{"type":"Feature","properties":{},"geometry":{"type":"LineString","coordinates":[[-80.6825,32.4993],[-80.6806,32.5009]]}},{"type":"Feature","properties":{},"geometry":{"type":"LineString","coordinates":[[-80.6825,32.4993],[-80.6833,32.4984],[-80.6833,32.4984]]}},{"type":"Feature","properties":{},"geometry":{"type":"LineString","coordinates":[[-80.6825,32.4993],[-80.6833,32.4984]]}},{"type":"Feature","properties":{},"geometry":{"type":"LineString","coordinates":[[-80.6806,32.5009],[-80.6785,32.5022],[-80.6761,32.5029],[-80.6737,32.5037],[-80.6713,32.504],[-80.6688,32.5041],[-80.6663,32.5042],[-80.6638,32.5043],[-80.6613,32.5044],[-80.6588,32.5045],[-80.6563,32.5046],[-80.6538,32.5047],[-80.6513,32.5048],[-80.6489,32.5053],[-80.6464,32.5058],[-80.644,32.5063],[-80.6415,32.5068],[-80.6391,32.5073]]}},{"type":"Feature","properties":{},"geometry":{"type":"LineString","coordinates":[[-80.6806,32.5009],[-80.68,32.5009]]}},{"type":"Feature","properties":{},"geometry":{"type":"LineString","coordinates":[[-80.6806,32.5009],[-80.68,32.5009],[-80.68,32.5009]]}},{"type":"Feature","properties":{},"geometry":{"type":"LineString","coordinates":[[-80.6391,32.5073],[-80.6366,32.5078],[-80.6342,32.5083],[-80.6317,32.5088]]}},{"type":"Feature","properties":{},"geometry":{"type":"LineString","coordinates":[[-80.6391,32.5073],[-80.6381,32.5055],[-80.6381,32.5055]]}},{"type":"Feature","properties":{},"geometry":{"type":"LineString","coordinates":[[-80.6391,32.5073],[-80.6381,32.5055]]}},{"type":"Feature","properties":{},"geometry":{"type":"LineString","coordinates":[[-80.6317,32.5088],[-80.6293,32.5093],[-80.6268,32.5092],[-80.6243,32.5092],[-80.6218,32.5091],[-80.6193,32.5091],[-80.6168,32.5087],[-80.6144,32.5081]]}},{"type":"Feature","properties":{},"geometry":{"type":"LineString","coordinates":[[-80.6317,32.5088],[-80.6318,32.5088]]}},{"type":"Feature","properties":{},"geometry":{"type":"LineString","coordinates":[[-80.6317,32.5088],[-80.6318,32.5088],[-80.6318,32.5088]]}},{"type":"Feature","properties":{},"geometry":{"type":"LineString","coordinates":[[-80.6144,32.5081],[-80.6119,32.5075],[-80.6095,32.507],[-80.6073,32.5059],[-80.6053,32.5044],[-80.6033,32.5029]]}},{"type":"Feature","properties":{},"geometry":{"type":"LineString","coordinates":[[-80.6144,32.5081],[-80.6141,32.5064],[-80.6141,32.5064]]}},{"type":"Feature","properties":{},"geometry":{"type":"LineString","coordinates":[[-80.6144,32.5081],[-80.6141,32.5064]]}},{"type":"Feature","properties":{},"geometry":{"type":"LineString","coordinates":[[-80.6033,32.5029],[-80.6014,32.5013],[-80.5994,32.4998]]}},{"type":"Feature","properties":{},"geometry":{"type":"LineString","coordinates":[[-80.6033,32.5029],[-80.6051,32.5009]]}},{"type":"Feature","properties":{},"geometry":{"type":"LineString","coordinates":[[-80.6033,32.5029],[-80.6051,32.5009],[-80.6051,32.5009]]}},{"type":"Feature","properties":{},"geometry":{"type":"LineString","coordinates":[[-80.5994,32.4998],[-80.5984,32.5014],[-80.6056,32.4979],[-80.6051,32.5009]]}},{"type":"Feature","properties":{},"geometry":{"type":"LineString","coordinates":[[-80.5994,32.4998],[-80.5974,32.4983],[-80.5954,32.4967],[-80.5933,32.4955],[-80.591,32.4945],[-80.5887,32.4935],[-80.5862,32.4933],[-80.5837,32.4934],[-80.5812,32.4935],[-80.5788,32.494],[-80.5764,32.4947],[-80.574,32.4954],[-80.5716,32.496],[-80.5692,32.4967],[-80.5668,32.4974],[-80.5644,32.4981],[-80.562,32.4988],[-80.5596,32.4995],[-80.5572,32.5002]]}},{"type":"Feature","properties":{},"geometry":{"type":"LineString","coordinates":[[-80.5572,32.5002],[-80.5548,32.5008],[-80.5524,32.5015],[-80.55,32.5022],[-80.5476,32.5029],[-80.5452,32.5036],[-80.5427,32.5043],[-80.5403,32.5048],[-80.5379,32.5052],[-80.5354,32.5056],[-80.5329,32.506],[-80.5304,32.5061],[-80.5279,32.5063],[-80.5254,32.5064],[-80.5229,32.5063],[-80.5204,32.5062],[-80.5179,32.5061],[-80.5154,32.5059],[-80.5129,32.5058],[-80.5104,32.5057],[-80.5079,32.5056],[-80.5054,32.5055],[-80.5043,32.5076]]}},{"type":"Feature","properties":{},"geometry":{"type":"LineString","coordinates":[[-80.5572,32.5002],[-80.5543,32.4901],[-80.5543,32.4901],[-80.5572,32.5002]]}},{"type":"Feature","properties":{},"geometry":{"type":"LineString","coordinates":[[-80.5043,32.5076],[-80.5033,32.5099],[-80.5016,32.5116]]}},{"type":"Feature","properties":{},"geometry":{"type":"LineString","coordinates":[[-80.5016,32.5116],[-80.4995,32.5129],[-80.4973,32.5141],[-80.495,32.5152],[-80.4928,32.5163],[-80.4907,32.5176]]}},{"type":"Feature","properties":{},"geometry":{"type":"LineString","coordinates":[[-80.5016,32.5116],[-80.5012,32.5118],[-80.5012,32.5118],[-80.5016,32.5116]]}},{"type":"Feature","properties":{},"geometry":{"type":"LineString","coordinates":[[-80.4907,32.5176],[-80.4889,32.5194],[-80.4871,32.5211],[-80.4852,32.5227],[-80.4833,32.5243],[-80.481,32.5242]]}},{"type":"Feature","properties":{},"geometry":{"type":"LineString","coordinates":[[-80.4907,32.5176],[-80.4911,32.5171],[-80.4911,32.5171],[-80.4907,32.5176]]}},{"type":"Feature","properties":{},"geometry":{"type":"LineString","coordinates":[[-80.481,32.5242],[-80.4806,32.5226],[-80.4712,32.52],[-80.4726,32.5189]]}},{"type":"Feature","properties":{},"geometry":{"type":"LineString","coordinates":[[-80.481,32.5242],[-80.479,32.5226],[-80.477,32.5211],[-80.4749,32.5199],[-80.4726,32.5189]]}},{"type":"Feature","properties":{},"geometry":{"type":"LineString","coordinates":[[-80.4726,32.5189],[-80.4702,32.5182],[-80.4677,32.5177]]}},{"type":"Feature","properties":{},"geometry":{"type":"LineString","coordinates":[[-80.4726,32.5189],[-80.4728,32.5186],[-80.4728,32.5186]]}},{"type":"Feature","properties":{},"geometry":{"type":"LineString","coordinates":[[-80.4726,32.5189],[-80.4728,32.5186]]}},{"type":"Feature","properties":{},"geometry":{"type":"LineString","coordinates":[[-80.4677,32.5177],[-80.4655,32.518],[-80.4636,32.5197],[-80.4616,32.5211],[-80.4594,32.5223],[-80.4571,32.5233],[-80.4548,32.5243],[-80.4525,32.5254],[-80.4506,32.5269],[-80.4486,32.5284],[-80.4467,32.53],[-80.4447,32.5315],[-80.4424,32.532],[-80.44,32.5317],[-80.4375,32.5317],[-80.435,32.5323],[-80.4327,32.5331],[-80.4304,32.5341],[-80.4281,32.5352],[-80.4258,32.5359],[-80.4233,32.5362],[-80.4208,32.5359],[-80.4184,32.5354],[-80.416,32.5345],[-80.4138,32.5334],[-80.4121,32.5352]]}},{"type":"Feature","properties":{},"geometry":{"type":"LineString","coordinates":[[-80.4677,32.5177],[-80.4667,32.5178]]}},{"type":"Feature","properties":{},"geometry":{"type":"LineString","coordinates":[[-80.4677,32.5177],[-80.4667,32.5178],[-80.4667,32.5178]]}},{"type":"Feature","properties":{},"geometry":{"type":"LineString","coordinates":[[-80.4121,32.5352],[-80.4106,32.5372],[-80.409,32.5391],[-80.4111,32.54],[-80.4135,32.5408]]}},{"type":"Feature","properties":{},"geometry":{"type":"LineString","coordinates":[[-80.4135,32.5408],[-80.4156,32.5422],[-80.4174,32.5438],[-80.4185,32.5461],[-80.4191,32.5485],[-80.4192,32.5509],[-80.4183,32.5533]]}},{"type":"Feature","properties":{},"geometry":{"type":"LineString","coordinates":[[-80.4135,32.5408],[-80.4132,32.5402],[-80.4132,32.5402],[-80.4135,32.5408]]}},{"type":"Feature","properties":{},"geometry":{"type":"LineString","coordinates":[[-80.4183,32.5533],[-80.4165,32.5534],[-80.4103,32.5566],[-80.411,32.5593]]}},{"type":"Feature","properties":{},"geometry":{"type":"LineString","coordinates":[[-80.4183,32.5533],[-80.4172,32.5555],[-80.4154,32.5572],[-80.4134,32.5586],[-80.411,32.5593]]}},{"type":"Feature","properties":{},"geometry":{"type":"LineString","coordinates":[[-80.411,32.5593],[-80.4086,32.56],[-80.4061,32.5603],[-80.4036,32.5605],[-80.4011,32.5608],[-80.3986,32.561],[-80.3963,32.5617],[-80.3942,32.563],[-80.3925,32.5648],[-80.3914,32.567],[-80.3902,32.5692],[-80.3896,32.5716],[-80.3892,32.5741],[-80.3898,32.5764],[-80.3909,32.5786],[-80.3921,32.5808],[-80.3932,32.5831],[-80.3943,32.5853],[-80.3955,32.5875],[-80.3965,32.5898],[-80.3969,32.5922],[-80.397,32.5947],[-80.3962,32.5971],[-80.3954,32.5995],[-80.394,32.6015]]}},{"type":"Feature","properties":{},"geometry":{"type":"LineString","coordinates":[[-80.394,32.6015],[-80.3926,32.6036],[-80.3912,32.6056],[-80.3897,32.6077],[-80.3883,32.6097],[-80.3876,32.6121],[-80.3872,32.6146],[-80.3861,32.6161],[-80.3837,32.6165],[-80.3812,32.617],[-80.3787,32.6174],[-80.3763,32.6178],[-80.3738,32.6183],[-80.3714,32.6187],[-80.3689,32.6192],[-80.3664,32.6196],[-80.364,32.62],[-80.3615,32.6205],[-80.3591,32.6212]]}},{"type":"Feature","properties":{},"geometry":{"type":"LineString","coordinates":[[-80.3591,32.6212],[-80.3576,32.6231],[-80.3564,32.6253],[-80.3551,32.6274],[-80.3534,32.6292],[-80.3512,32.6305],[-80.3491,32.6317],[-80.3471,32.6333],[-80.3454,32.635]]}},{"type":"Feature","properties":{},"geometry":{"type":"LineString","coordinates":[[-80.3591,32.6212],[-80.3599,32.6209],[-80.3599,32.6209],[-80.3591,32.6212]]}},{"type":"Feature","properties":{},"geometry":{"type":"LineString","coordinates":[[-80.3454,32.635],[-80.3454,32.6352],[-80.343,32.636],[-80.3432,32.6361]]}},{"type":"Feature","properties":{},"geometry":{"type":"LineString","coordinates":[[-80.3454,32.635],[-80.3432,32.6361]]}},{"type":"Feature","properties":{},"geometry":{"type":"LineString","coordinates":[[-80.3454,32.635],[-80.3463,32.6344],[-80.3463,32.6344],[-80.3454,32.635]]}},{"type":"Feature","properties":{},"geometry":{"type":"LineString","coordinates":[[-80.3432,32.6361],[-80.3408,32.6369],[-80.3384,32.6377],[-80.3361,32.6385],[-80.3337,32.638],[-80.3314,32.637],[-80.3291,32.636],[-80.3268,32.635],[-80.3244,32.6341],[-80.3221,32.6333],[-80.3197,32.6324],[-80.3173,32.6319]]}},{"type":"Feature","properties":{},"geometry":{"type":"LineString","coordinates":[[-80.3173,32.6319],[-80.3148,32.6316],[-80.3123,32.6315]]}},{"type":"Feature","properties":{},"geometry":{"type":"LineString","coordinates":[[-80.3173,32.6319],[-80.3183,32.6318],[-80.3183,32.6318],[-80.3173,32.6319]]}},{"type":"Feature","properties":{},"geometry":{"type":"LineString","coordinates":[[-80.3123,32.6315],[-80.3099,32.6311],[-80.3075,32.6303],[-80.3053,32.6292]]}},{"type":"Feature","properties":{},"geometry":{"type":"LineString","coordinates":[[-80.3053,32.6292],[-80.3031,32.628],[-80.3009,32.6267],[-80.2988,32.6255],[-80.2966,32.6242]]}},{"type":"Feature","properties":{},"geometry":{"type":"LineString","coordinates":[[-80.3053,32.6292],[-80.3055,32.6298],[-80.3055,32.6298]]}},{"type":"Feature","properties":{},"geometry":{"type":"LineString","coordinates":[[-80.3053,32.6292],[-80.3055,32.6298]]}},{"type":"Feature","properties":{},"geometry":{"type":"LineString","coordinates":[[-80.2966,32.6242],[-80.2944,32.6232],[-80.2919,32.6227]]}},{"type":"Feature","properties":{},"geometry":{"type":"LineString","coordinates":[[-80.2966,32.6242],[-80.2965,32.6242]]}},{"type":"Feature","properties":{},"geometry":{"type":"LineString","coordinates":[[-80.2966,32.6242],[-80.2965,32.6242]]}},{"type":"Feature","properties":{},"geometry":{"type":"LineString","coordinates":[[-80.2919,32.6227],[-80.2895,32.6225],[-80.287,32.6232]]}},{"type":"Feature","properties":{},"geometry":{"type":"LineString","coordinates":[[-80.2919,32.6227],[-80.2922,32.6221]]}},{"type":"Feature","properties":{},"geometry":{"type":"LineString","coordinates":[[-80.2919,32.6227],[-80.2922,32.6221]]}},{"type":"Feature","properties":{},"geometry":{"type":"LineString","coordinates":[[-80.287,32.6232],[-80.2846,32.6238],[-80.2822,32.6244],[-80.2798,32.6251],[-80.2775,32.626],[-80.2758,32.6277]]}},{"type":"Feature","properties":{},"geometry":{"type":"LineString","coordinates":[[-80.287,32.6232],[-80.2867,32.6247]]}},{"type":"Feature","properties":{},"geometry":{"type":"LineString","coordinates":[[-80.287,32.6232],[-80.2867,32.6247]]}},{"type":"Feature","properties":{},"geometry":{"type":"LineString","coordinates":[[-80.2758,32.6277],[-80.274,32.6295],[-80.2722,32.6312],[-80.2706,32.6331],[-80.2695,32.6354],[-80.2685,32.6376],[-80.2673,32.6398],[-80.2658,32.6418],[-80.2643,32.6438],[-80.2628,32.6458],[-80.2612,32.6477],[-80.2591,32.6492],[-80.2571,32.6506],[-80.255,32.6519],[-80.2527,32.6529],[-80.2504,32.6539],[-80.2481,32.6549],[-80.2458,32.6559],[-80.2437,32.6571]]}},{"type":"Feature","properties":{},"geometry":{"type":"LineString","coordinates":[[-80.2758,32.6277],[-80.2779,32.6281]]}},{"type":"Feature","properties":{},"geometry":{"type":"LineString","coordinates":[[-80.2758,32.6277],[-80.2779,32.6281],[-80.2779,32.6281]]}},{"type":"Feature","properties":{},"geometry":{"type":"LineString","coordinates":[[-80.2437,32.6571],[-80.2417,32.6587],[-80.24,32.6604],[-80.2388,32.6626],[-80.2381,32.665]]}},{"type":"Feature","properties":{},"geometry":{"type":"LineString","coordinates":[[-80.2437,32.6571],[-80.2416,32.6554],[-80.2416,32.6554],[-80.2437,32.6571]]}},{"type":"Feature","properties":{},"geometry":{"type":"LineString","coordinates":[[-80.2381,32.665],[-80.2379,32.6675],[-80.239,32.6697]]}},{"type":"Feature","properties":{},"geometry":{"type":"LineString","coordinates":[[-80.2381,32.665],[-80.237,32.665],[-80.237,32.665]]}},{"type":"Feature","properties":{},"geometry":{"type":"LineString","coordinates":[[-80.2381,32.665],[-80.237,32.665]]}},{"type":"Feature","properties":{},"geometry":{"type":"LineString","coordinates":[[-80.239,32.6697],[-80.2402,32.6719],[-80.2414,32.6741]]}},{"type":"Feature","properties":{},"geometry":{"type":"LineString","coordinates":[[-80.239,32.6697],[-80.24,32.6683]]}},{"type":"Feature","properties":{},"geometry":{"type":"LineString","coordinates":[[-80.239,32.6697],[-80.24,32.6683],[-80.24,32.6683]]}},{"type":"Feature","properties":{},"geometry":{"type":"LineString","coordinates":[[-80.2414,32.6741],[-80.2415,32.6766],[-80.2404,32.6787],[-80.2383,32.6799]]}},{"type":"Feature","properties":{},"geometry":{"type":"LineString","coordinates":[[-80.2383,32.6799],[-80.2359,32.6807],[-80.2335,32.6814],[-80.2311,32.6821],[-80.2287,32.6828]]}},{"type":"Feature","properties":{},"geometry":{"type":"LineString","coordinates":[[-80.2287,32.6828],[-80.2263,32.6835],[-80.2244,32.6851],[-80.2224,32.6866],[-80.2218,32.689]]}},{"type":"Feature","properties":{},"geometry":{"type":"LineString","coordinates":[[-80.2218,32.689],[-80.2219,32.6915],[-80.222,32.694],[-80.2208,32.6962]]}},{"type":"Feature","properties":{},"geometry":{"type":"LineString","coordinates":[[-80.2208,32.6962],[-80.2189,32.6977]]}},{"type":"Feature","properties":{},"geometry":{"type":"LineString","coordinates":[[-80.2208,32.6962],[-80.2204,32.697],[-80.2203,32.6961]]}},{"type":"Feature","properties":{},"geometry":{"type":"LineString","coordinates":[[-80.2208,32.6962],[-80.2203,32.6961]]}},{"type":"Feature","properties":{},"geometry":{"type":"LineString","coordinates":[[-80.2208,32.6962],[-80.2204,32.697]]}},{"type":"Feature","properties":{},"geometry":{"type":"LineString","coordinates":[[-80.2208,32.6962],[-80.2203,32.6961]]}},{"type":"Feature","properties":{},"geometry":{"type":"LineString","coordinates":[[-80.2189,32.6977],[-80.2164,32.698]]}},{"type":"Feature","properties":{},"geometry":{"type":"LineString","coordinates":[[-80.2189,32.6977],[-80.2196,32.6975]]}},{"type":"Feature","properties":{},"geometry":{"type":"LineString","coordinates":[[-80.2189,32.6977],[-80.2196,32.6975]]}},{"type":"Feature","properties":{},"geometry":{"type":"LineString","coordinates":[[-80.2164,32.698],[-80.2139,32.6979],[-80.2114,32.6977],[-80.209,32.6981]]}},{"type":"Feature","properties":{},"geometry":{"type":"LineString","coordinates":[[-80.2164,32.698],[-80.2155,32.6965]]}},{"type":"Feature","properties":{},"geometry":{"type":"LineString","coordinates":[[-80.2164,32.698],[-80.2155,32.6965]]}},{"type":"Feature","properties":{},"geometry":{"type":"LineString","coordinates":[[-80.209,32.6981],[-80.2067,32.6992],[-80.2047,32.7006],[-80.2026,32.702]]}},{"type":"Feature","properties":{},"geometry":{"type":"LineString","coordinates":[[-80.209,32.6981],[-80.2081,32.6968]]}},{"type":"Feature","properties":{},"geometry":{"type":"LineString","coordinates":[[-80.209,32.6981],[-80.2081,32.6968]]}},{"type":"Feature","properties":{},"geometry":{"type":"LineString","coordinates":[[-80.2026,32.702],[-80.2006,32.7035],[-80.1985,32.7049],[-80.1965,32.7064]]}},{"type":"Feature","properties":{},"geometry":{"type":"LineString","coordinates":[[-80.2026,32.702],[-80.2036,32.7013]]}},{"type":"Feature","properties":{},"geometry":{"type":"LineString","coordinates":[[-80.2026,32.702],[-80.2036,32.7013],[-80.2036,32.7013]]}},{"type":"Feature","properties":{},"geometry":{"type":"LineString","coordinates":[[-80.1965,32.7064],[-80.1945,32.7079],[-80.1924,32.7092],[-80.1902,32.7104]]}},{"type":"Feature","properties":{},"geometry":{"type":"LineString","coordinates":[[-80.1902,32.7104],[-80.1881,32.7117],[-80.1859,32.7129],[-80.1838,32.7142],[-80.1816,32.7155]]}},{"type":"Feature","properties":{},"geometry":{"type":"LineString","coordinates":[[-80.1902,32.7104],[-80.191,32.7099],[-80.191,32.7099],[-80.1902,32.7104]]}},{"type":"Feature","properties":{},"geometry":{"type":"LineString","coordinates":[[-80.1816,32.7155],[-80.1797,32.7171],[-80.178,32.7189],[-80.1765,32.7209]]}},{"type":"Feature","properties":{},"geometry":{"type":"LineString","coordinates":[[-80.1765,32.7209],[-80.1754,32.7231],[-80.1747,32.7255],[-80.1739,32.7279],[-80.1732,32.7303],[-80.1724,32.7326],[-80.1717,32.735]]}},{"type":"Feature","properties":{},"geometry":{"type":"LineString","coordinates":[[-80.1717,32.735],[-80.1709,32.7374],[-80.1697,32.7396],[-80.1679,32.7413],[-80.166,32.743]]}},{"type":"Feature","properties":{},"geometry":{"type":"LineString","coordinates":[[-80.1717,32.735],[-80.1719,32.7344],[-80.1719,32.7344]]}},{"type":"Feature","properties":{},"geometry":{"type":"LineString","coordinates":[[-80.1717,32.735],[-80.1719,32.7344]]}},{"type":"Feature","properties":{},"geometry":{"type":"LineString","coordinates":[[-80.166,32.743],[-80.1644,32.7448]]}},{"type":"Feature","properties":{},"geometry":{"type":"LineString","coordinates":[[-80.166,32.743],[-80.1666,32.7426]]}},{"type":"Feature","properties":{},"geometry":{"type":"LineString","coordinates":[[-80.166,32.743],[-80.1666,32.7426]]}},{"type":"Feature","properties":{},"geometry":{"type":"LineString","coordinates":[[-80.1644,32.7448],[-80.1634,32.7472],[-80.1616,32.7488],[-80.1593,32.7497],[-80.1568,32.7501],[-80.1544,32.7494],[-80.1522,32.7482]]}},{"type":"Feature","properties":{},"geometry":{"type":"LineString","coordinates":[[-80.1644,32.7448],[-80.1644,32.7454]]}},{"type":"Feature","properties":{},"geometry":{"type":"LineString","coordinates":[[-80.1644,32.7448],[-80.1644,32.7454],[-80.1644,32.7454]]}},{"type":"Feature","properties":{},"geometry":{"type":"LineString","coordinates":[[-80.1522,32.7482],[-80.1519,32.7487],[-80.1519,32.7487]]}},{"type":"Feature","properties":{},"geometry":{"type":"LineString","coordinates":[[-80.1522,32.7482],[-80.1519,32.7487]]}},{"type":"Feature","properties":{},"geometry":{"type":"LineString","coordinates":[[-79.9933,32.7689],[-79.9909,32.7693]]}},{"type":"Feature","properties":{},"geometry":{"type":"LineString","coordinates":[[-79.9867,32.7668],[-79.9844,32.7661],[-79.9819,32.7662],[-79.9794,32.7665],[-79.9769,32.7667],[-79.9744,32.7664],[-79.9721,32.767],[-79.9698,32.768],[-79.9673,32.7681],[-79.9648,32.7682],[-79.9624,32.7686]]}},{"type":"Feature","properties":{},"geometry":{"type":"LineString","coordinates":[[-79.9624,32.7686],[-79.96,32.7694],[-79.9577,32.7703],[-79.9554,32.7713],[-79.9531,32.7722]]}},{"type":"Feature","properties":{},"geometry":{"type":"LineString","coordinates":[[-79.9531,32.7722],[-79.9507,32.7732]]}},{"type":"Feature","properties":{},"geometry":{"type":"LineString","coordinates":[[-79.9531,32.7722],[-79.9531,32.7722],[-79.9531,32.7722]]}},{"type":"Feature","properties":{},"geometry":{"type":"LineString","coordinates":[[-79.9531,32.7722],[-79.9531,32.7722]]}},{"type":"Feature","properties":{},"geometry":{"type":"LineString","coordinates":[[-79.9507,32.7732],[-79.9484,32.7741],[-79.9464,32.7726],[-79.9444,32.7712],[-79.9422,32.7698],[-79.9399,32.7689],[-79.9377,32.7679],[-79.9353,32.7669],[-79.933,32.7659],[-79.9308,32.7649],[-79.9284,32.7639]]}},{"type":"Feature","properties":{},"geometry":{"type":"LineString","coordinates":[[-79.9507,32.7732],[-79.9513,32.7725]]}},{"type":"Feature","properties":{},"geometry":{"type":"LineString","coordinates":[[-79.9507,32.7732],[-79.9512,32.7742]]}},{"type":"Feature","properties":{},"geometry":{"type":"LineString","coordinates":[[-79.9507,32.7732],[-79.9513,32.7725]]}},{"type":"Feature","properties":{},"geometry":{"type":"LineString","coordinates":[[-79.9507,32.7732],[-79.9512,32.7742],[-79.9513,32.7725]]}},{"type":"Feature","properties":{},"geometry":{"type":"LineString","coordinates":[[-79.9284,32.7639],[-79.9262,32.763],[-79.9239,32.762],[-79.9216,32.761],[-79.9193,32.76],[-79.9169,32.7591]]}},{"type":"Feature","properties":{},"geometry":{"type":"LineString","coordinates":[[-79.9169,32.7591],[-79.9144,32.7591],[-79.9119,32.7591],[-79.9094,32.7591],[-79.9069,32.759],[-79.9044,32.759],[-79.9019,32.759]]}},{"type":"Feature","properties":{},"geometry":{"type":"LineString","coordinates":[[-79.9169,32.7591],[-79.9158,32.7612],[-79.9158,32.7612],[-79.9169,32.7591]]}},{"type":"Feature","properties":{},"geometry":{"type":"LineString","coordinates":[[-79.9019,32.759],[-79.8994,32.7589]]}},{"type":"Feature","properties":{},"geometry":{"type":"LineString","coordinates":[[-79.8994,32.7589],[-79.8969,32.7589],[-79.8944,32.7589],[-79.8919,32.7589]]}},{"type":"Feature","properties":{},"geometry":{"type":"LineString","coordinates":[[-79.8919,32.7589],[-79.8894,32.7588],[-79.8869,32.7588]]}},{"type":"Feature","properties":{},"geometry":{"type":"LineString","coordinates":[[-79.8869,32.7588],[-79.8844,32.7588]]}},{"type":"Feature","properties":{},"geometry":{"type":"LineString","coordinates":[[-79.8844,32.7588],[-79.8819,32.7587],[-79.8797,32.7595],[-79.8778,32.7612]]}},{"type":"Feature","properties":{},"geometry":{"type":"LineString","coordinates":[[-79.8778,32.7612],[-79.8759,32.7628]]}},{"type":"Feature","properties":{},"geometry":{"type":"LineString","coordinates":[[-79.8759,32.7628],[-79.874,32.7644]]}},{"type":"Feature","properties":{},"geometry":{"type":"LineString","coordinates":[[-79.874,32.7644],[-79.8722,32.766]]}},{"type":"Feature","properties":{},"geometry":{"type":"LineString","coordinates":[[-79.8722,32.766],[-79.8702,32.7676]]}},{"type":"Feature","properties":{},"geometry":{"type":"LineString","coordinates":[[-79.8702,32.7676],[-79.8678,32.7681]]}},{"type":"Feature","properties":{},"geometry":{"type":"LineString","coordinates":[[-79.8702,32.7676],[-79.8718,32.7708],[-79.8721,32.7753]]}},{"type":"Feature","properties":{},"geometry":{"type":"LineString","coordinates":[[-79.8702,32.7676],[-79.8721,32.7753]]}},{"type":"Feature","properties":{},"geometry":{"type":"LineString","coordinates":[[-79.8702,32.7676],[-79.8718,32.7708]]}},{"type":"Feature","properties":{},"geometry":{"type":"LineString","coordinates":[[-79.8702,32.7676],[-79.8721,32.7753],[-79.8718,32.7708]]}},{"type":"Feature","properties":{},"geometry":{"type":"LineString","coordinates":[[-79.8678,32.7681],[-79.8654,32.7683],[-79.8631,32.7674]]}},{"type":"Feature","properties":{},"geometry":{"type":"LineString","coordinates":[[-79.8631,32.7674],[-79.861,32.766],[-79.8586,32.7657]]}},{"type":"Feature","properties":{},"geometry":{"type":"LineString","coordinates":[[-79.8631,32.7674],[-79.863,32.7669],[-79.863,32.7669]]}},{"type":"Feature","properties":{},"geometry":{"type":"LineString","coordinates":[[-79.8631,32.7674],[-79.863,32.7669]]}},{"type":"Feature","properties":{},"geometry":{"type":"LineString","coordinates":[[-79.8586,32.7657],[-79.8563,32.7666],[-79.854,32.7676],[-79.8517,32.7686]]}},{"type":"Feature","properties":{},"geometry":{"type":"LineString","coordinates":[[-79.8586,32.7657],[-79.8596,32.7654]]}},{"type":"Feature","properties":{},"geometry":{"type":"LineString","coordinates":[[-79.8586,32.7657],[-79.8596,32.7654]]}},{"type":"Feature","properties":{},"geometry":{"type":"LineString","coordinates":[[-79.8517,32.7686],[-79.8494,32.7696],[-79.8471,32.7707],[-79.8448,32.7717],[-79.8426,32.7727]]}},{"type":"Feature","properties":{},"geometry":{"type":"LineString","coordinates":[[-79.8517,32.7686],[-79.8524,32.7683]]}},{"type":"Feature","properties":{},"geometry":{"type":"LineString","coordinates":[[-79.8517,32.7686],[-79.8524,32.7683],[-79.8524,32.7683]]}},{"type":"Feature","properties":{},"geometry":{"type":"LineString","coordinates":[[-79.8426,32.7727],[-79.8402,32.7737],[-79.8379,32.7745],[-79.8356,32.7755]]}},{"type":"Feature","properties":{},"geometry":{"type":"LineString","coordinates":[[-79.8356,32.7755],[-79.8333,32.7764],[-79.831,32.7774],[-79.8287,32.7784]]}},{"type":"Feature","properties":{},"geometry":{"type":"LineString","coordinates":[[-79.8287,32.7784],[-79.8264,32.7793],[-79.824,32.7803],[-79.8217,32.7813]]}},{"type":"Feature","properties":{},"geometry":{"type":"LineString","coordinates":[[-79.8217,32.7813],[-79.8195,32.7823],[-79.8172,32.7833],[-79.8149,32.7843]]}},{"type":"Feature","properties":{},"geometry":{"type":"LineString","coordinates":[[-79.8149,32.7843],[-79.8126,32.7853],[-79.8103,32.7863],[-79.808,32.7873]]}},{"type":"Feature","properties":{},"geometry":{"type":"LineString","coordinates":[[-79.808,32.7873],[-79.8057,32.7883],[-79.8034,32.7892],[-79.8011,32.7902],[-79.7988,32.7911]]}},{"type":"Feature","properties":{},"geometry":{"type":"LineString","coordinates":[[-79.7988,32.7911],[-79.7965,32.7921],[-79.7942,32.793],[-79.7918,32.794],[-79.7895,32.7949],[-79.7872,32.7957],[-79.7849,32.7967],[-79.7826,32.7977],[-79.7803,32.7987],[-79.778,32.7997],[-79.7757,32.8007],[-79.7734,32.8017],[-79.7711,32.8026],[-79.7688,32.8035],[-79.7664,32.8045],[-79.7641,32.8054],[-79.7617,32.8061],[-79.7593,32.8069],[-79.7571,32.8079],[-79.7549,32.8092],[-79.7535,32.8112],[-79.7521,32.8133],[-79.7507,32.8154],[-79.7489,32.817],[-79.7479,32.8193],[-79.7466,32.8214],[-79.7452,32.8235],[-79.744,32.8257]]}},{"type":"Feature","properties":{},"geometry":{"type":"LineString","coordinates":[[-79.744,32.8257],[-79.7434,32.8281],[-79.7428,32.8305],[-79.7418,32.8328]]}},{"type":"Feature","properties":{},"geometry":{"type":"LineString","coordinates":[[-79.744,32.8257],[-79.7441,32.8258],[-79.7441,32.8258]]}},{"type":"Feature","properties":{},"geometry":{"type":"LineString","coordinates":[[-79.744,32.8257],[-79.7441,32.8258]]}},{"type":"Feature","properties":{},"geometry":{"type":"LineString","coordinates":[[-79.7418,32.8328],[-79.7407,32.8351],[-79.7397,32.8373],[-79.7384,32.8394]]}},{"type":"Feature","properties":{},"geometry":{"type":"LineString","coordinates":[[-79.7418,32.8328],[-79.742,32.8342]]}},{"type":"Feature","properties":{},"geometry":{"type":"LineString","coordinates":[[-79.7418,32.8328],[-79.742,32.8342]]}},{"type":"Feature","properties":{},"geometry":{"type":"LineString","coordinates":[[-79.7384,32.8394],[-79.737,32.8415],[-79.7356,32.8436],[-79.7341,32.8456],[-79.7325,32.8475],[-79.731,32.8495],[-79.7292,32.8513]]}},{"type":"Feature","properties":{},"geometry":{"type":"LineString","coordinates":[[-79.7384,32.8394],[-79.7379,32.8404]]}},{"type":"Feature","properties":{},"geometry":{"type":"LineString","coordinates":[[-79.7384,32.8394],[-79.7379,32.8404],[-79.7379,32.8404]]}},{"type":"Feature","properties":{},"geometry":{"type":"LineString","coordinates":[[-79.7292,32.8513],[-79.7274,32.853],[-79.7257,32.8548]]}},{"type":"Feature","properties":{},"geometry":{"type":"LineString","coordinates":[[-79.7292,32.8513],[-79.7287,32.8518],[-79.7287,32.8518]]}},{"type":"Feature","properties":{},"geometry":{"type":"LineString","coordinates":[[-79.7292,32.8513],[-79.7287,32.8518]]}},{"type":"Feature","properties":{},"geometry":{"type":"LineString","coordinates":[[-79.7257,32.8548],[-79.7239,32.8566],[-79.7221,32.8583],[-79.7204,32.8601]]}},{"type":"Feature","properties":{},"geometry":{"type":"LineString","coordinates":[[-79.7257,32.8548],[-79.7264,32.854]]}},{"type":"Feature","properties":{},"geometry":{"type":"LineString","coordinates":[[-79.7257,32.8548],[-79.7264,32.854]]}},{"type":"Feature","properties":{},"geometry":{"type":"LineString","coordinates":[[-79.7204,32.8601],[-79.7186,32.8619],[-79.7168,32.8637],[-79.7151,32.8654],[-79.7133,32.8672]]}},{"type":"Feature","properties":{},"geometry":{"type":"LineString","coordinates":[[-79.7204,32.8601],[-79.7209,32.8597]]}},{"type":"Feature","properties":{},"geometry":{"type":"LineString","coordinates":[[-79.7204,32.8601],[-79.7209,32.8597],[-79.7209,32.8597]]}},{"type":"Feature","properties":{},"geometry":{"type":"LineString","coordinates":[[-79.7133,32.8672],[-79.7116,32.869],[-79.7097,32.8706],[-79.7078,32.8722],[-79.7059,32.8739],[-79.704,32.8755],[-79.7022,32.8772],[-79.7004,32.879],[-79.6986,32.8807],[-79.6966,32.8822],[-79.6947,32.8839],[-79.6932,32.8858],[-79.6923,32.8882],[-79.6913,32.8905],[-79.6902,32.8927]]}},{"type":"Feature","properties":{},"geometry":{"type":"LineString","coordinates":[[-79.7133,32.8672],[-79.7132,32.8674],[-79.7132,32.8674],[-79.7133,32.8672]]}},{"type":"Feature","properties":{},"geometry":{"type":"LineString","coordinates":[[-79.6902,32.8927],[-79.6887,32.8947],[-79.6869,32.8964],[-79.6846,32.8974],[-79.6823,32.8985],[-79.6801,32.8995],[-79.6778,32.9005],[-79.6757,32.9018],[-79.674,32.9036],[-79.6732,32.906],[-79.6727,32.9084],[-79.6715,32.9106]]}},{"type":"Feature","properties":{},"geometry":{"type":"LineString","coordinates":[[-79.6902,32.8927],[-79.6903,32.892],[-79.6903,32.892],[-79.6902,32.8927]]}},{"type":"Feature","properties":{},"geometry":{"type":"LineString","coordinates":[[-79.6715,32.9106],[-79.6698,32.9124],[-79.6678,32.914],[-79.6658,32.9155]]}},{"type":"Feature","properties":{},"geometry":{"type":"LineString","coordinates":[[-79.6658,32.9155],[-79.6638,32.917],[-79.6619,32.9185],[-79.6607,32.9207],[-79.6598,32.923]]}},{"type":"Feature","properties":{},"geometry":{"type":"LineString","coordinates":[[-79.6598,32.923],[-79.6589,32.9254],[-79.658,32.9277],[-79.6571,32.93],[-79.6562,32.9324],[-79.6553,32.9347],[-79.6544,32.937],[-79.6535,32.9393],[-79.6524,32.9416],[-79.6513,32.9439],[-79.6498,32.9458],[-79.6483,32.9478],[-79.6467,32.9498],[-79.6452,32.9517],[-79.6436,32.9537]]}},{"type":"Feature","properties":{},"geometry":{"type":"LineString","coordinates":[[-79.6436,32.9537],[-79.642,32.9556],[-79.6405,32.9576],[-79.639,32.9596],[-79.6375,32.9616],[-79.6359,32.9635],[-79.6344,32.9655],[-79.6329,32.9675],[-79.6313,32.9695],[-79.6298,32.9714],[-79.6283,32.9734],[-79.6267,32.9754],[-79.6251,32.9773],[-79.6235,32.9792],[-79.6219,32.9811],[-79.6202,32.983],[-79.6184,32.9846],[-79.6165,32.9863],[-79.6146,32.9879],[-79.6127,32.9896],[-79.6109,32.9913],[-79.609,32.9929],[-79.6071,32.9946],[-79.6054,32.9963],[-79.6037,32.9982],[-79.6019,33.0],[-79.6002,33.0018],[-79.5985,33.0036],[-79.5968,33.0054],[-79.595,33.0072],[-79.5933,33.009],[-79.5915,33.0108],[-79.5898,33.0126],[-79.5881,33.0144],[-79.5863,33.0162],[-79.5846,33.018],[-79.583,33.0198],[-79.5812,33.0216],[-79.5792,33.0231],[-79.5772,33.0246],[-79.5753,33.0262],[-79.5734,33.0279],[-79.5714,33.0294],[-79.5695,33.0309],[-79.5675,33.0324],[-79.5655,33.034],[-79.5635,33.0355],[-79.5616,33.0371],[-79.5597,33.0387],[-79.5575,33.0398],[-79.5553,33.041],[-79.5529,33.0419],[-79.5505,33.0415]]}},{"type":"Feature","properties":{},"geometry":{"type":"LineString","coordinates":[[-79.6436,32.9537],[-79.6435,32.9538],[-79.6435,32.9538],[-79.6436,32.9537]]}},{"type":"Feature","properties":{},"geometry":{"type":"LineString","coordinates":[[-79.5505,33.0415],[-79.5481,33.0408],[-79.5457,33.04],[-79.5434,33.0393],[-79.5409,33.0398]]}},{"type":"Feature","properties":{},"geometry":{"type":"LineString","coordinates":[[-79.5505,33.0415],[-79.5508,33.0418],[-79.5508,33.0418]]}},{"type":"Feature","properties":{},"geometry":{"type":"LineString","coordinates":[[-79.5505,33.0415],[-79.5508,33.0418]]}},{"type":"Feature","properties":{},"geometry":{"type":"LineString","coordinates":[[-79.5409,33.0398],[-79.5385,33.0405],[-79.5361,33.0413],[-79.5338,33.0422],[-79.5317,33.0436],[-79.5295,33.0446],[-79.5271,33.0454]]}},{"type":"Feature","properties":{},"geometry":{"type":"LineString","coordinates":[[-79.5409,33.0398],[-79.5421,33.0396]]}},{"type":"Feature","properties":{},"geometry":{"type":"LineString","coordinates":[[-79.5409,33.0398],[-79.5421,33.0396],[-79.5421,33.0396]]}},{"type":"Feature","properties":{},"geometry":{"type":"LineString","coordinates":[[-79.5271,33.0454],[-79.5247,33.0463],[-79.5226,33.0475],[-79.5205,33.0488]]}},{"type":"Feature","properties":{},"geometry":{"type":"LineString","coordinates":[[-79.5271,33.0454],[-79.5261,33.0462],[-79.5261,33.0462]]}},{"type":"Feature","properties":{},"geometry":{"type":"LineString","coordinates":[[-79.5271,33.0454],[-79.5261,33.0462]]}},{"type":"Feature","properties":{},"geometry":{"type":"LineString","coordinates":[[-79.5205,33.0488],[-79.5183,33.0501],[-79.5161,33.0512],[-79.5139,33.0524],[-79.5117,33.0536],[-79.5094,33.0546],[-79.5072,33.0557],[-79.5049,33.0568],[-79.5027,33.0579],[-79.5004,33.0589],[-79.4982,33.0601]]}},{"type":"Feature","properties":{},"geometry":{"type":"LineString","coordinates":[[-79.5205,33.0488],[-79.5205,33.0489]]}},{"type":"Feature","properties":{},"geometry":{"type":"LineString","coordinates":[[-79.5205,33.0488],[-79.5205,33.0489],[-79.5205,33.0489]]}},{"type":"Feature","properties":{},"geometry":{"type":"LineString","coordinates":[[-79.4982,33.0601],[-79.4962,33.0615],[-79.494,33.0628],[-79.4916,33.0635],[-79.4892,33.0642],[-79.4868,33.0649],[-79.4844,33.0657],[-79.4822,33.0667],[-79.4799,33.0678],[-79.4777,33.0688],[-79.4754,33.0699],[-79.4731,33.071],[-79.4709,33.072],[-79.4686,33.0731],[-79.4664,33.0742]]}},{"type":"Feature","properties":{},"geometry":{"type":"LineString","coordinates":[[-79.4982,33.0601],[-79.4975,33.0607],[-79.4975,33.0607],[-79.4982,33.0601]]}},{"type":"Feature","properties":{},"geometry":{"type":"LineString","coordinates":[[-79.4664,33.0742],[-79.4641,33.0753],[-79.4619,33.0764]]}},{"type":"Feature","properties":{},"geometry":{"type":"LineString","coordinates":[[-79.4664,33.0742],[-79.4663,33.0728]]}},{"type":"Feature","properties":{},"geometry":{"type":"LineString","coordinates":[[-79.4664,33.0742],[-79.4663,33.0728]]}},{"type":"Feature","properties":{},"geometry":{"type":"LineString","coordinates":[[-79.4619,33.0764],[-79.4596,33.0775],[-79.4571,33.0779],[-79.4547,33.0783]]}},{"type":"Feature","properties":{},"geometry":{"type":"LineString","coordinates":[[-79.4619,33.0764],[-79.4625,33.0752]]}},{"type":"Feature","properties":{},"geometry":{"type":"LineString","coordinates":[[-79.4619,33.0764],[-79.4618,33.0753]]}},{"type":"Feature","properties":{},"geometry":{"type":"LineString","coordinates":[[-79.4619,33.0764],[-79.461,33.0758]]}},{"type":"Feature","properties":{},"geometry":{"type":"LineString","coordinates":[[-79.4619,33.0764],[-79.4625,33.0752]]}},{"type":"Feature","properties":{},"geometry":{"type":"LineString","coordinates":[[-79.4619,33.0764],[-79.4618,33.0753]]}},{"type":"Feature","properties":{},"geometry":{"type":"LineString","coordinates":[[-79.4619,33.0764],[-79.461,33.0758],[-79.4618,33.0753]]}},{"type":"Feature","properties":{},"geometry":{"type":"LineString","coordinates":[[-79.4547,33.0783],[-79.4522,33.0788],[-79.4498,33.0793],[-79.4473,33.0798]]}},{"type":"Feature","properties":{},"geometry":{"type":"LineString","coordinates":[[-79.4473,33.0798],[-79.4449,33.0803],[-79.4424,33.0808],[-79.44,33.0814]]}},{"type":"Feature","properties":{},"geometry":{"type":"LineString","coordinates":[[-79.44,33.0814],[-79.4376,33.0822],[-79.4354,33.0832],[-79.4331,33.0843],[-79.4309,33.0854],[-79.4286,33.0865],[-79.4264,33.0876],[-79.4241,33.0887],[-79.4219,33.0898],[-79.4196,33.0908],[-79.4173,33.0918],[-79.415,33.0928],[-79.4128,33.0939],[-79.4105,33.0949],[-79.4082,33.096],[-79.406,33.097],[-79.4037,33.0981],[-79.4017,33.0996],[-79.3998,33.1013],[-79.3979,33.1029],[-79.396,33.1045],[-79.3942,33.1062],[-79.3922,33.1076],[-79.3898,33.1084],[-79.3873,33.109],[-79.3849,33.1097],[-79.3825,33.1103],[-79.3801,33.111],[-79.3777,33.1115],[-79.3752,33.1119],[-79.3727,33.1122],[-79.3702,33.1125],[-79.3677,33.1127],[-79.3653,33.113],[-79.3628,33.1136],[-79.3604,33.1143],[-79.358,33.115],[-79.3556,33.1156],[-79.3532,33.1163],[-79.3508,33.1169],[-79.3483,33.1175],[-79.346,33.1184],[-79.3438,33.1195],[-79.3416,33.1208],[-79.3396,33.1223],[-79.3378,33.1239],[-79.3364,33.126],[-79.3354,33.1283],[-79.334,33.1304],[-79.3324,33.1323],[-79.3308,33.1342],[-79.3291,33.136],[-79.3274,33.1379],[-79.3259,33.1399],[-79.3243,33.1418],[-79.3228,33.1438],[-79.3212,33.1457],[-79.3195,33.1476],[-79.3182,33.1497],[-79.3172,33.1519],[-79.3162,33.1542],[-79.3152,33.1565],[-79.3144,33.1589],[-79.3143,33.1614],[-79.313,33.1634],[-79.3112,33.1652],[-79.3101,33.1673],[-79.3088,33.1694],[-79.3068,33.1709]]}},{"type":"Feature","properties":{},"geometry":{"type":"LineString","coordinates":[[-79.44,33.0814],[-79.4392,33.0816],[-79.4392,33.0816],[-79.44,33.0814]]}},{"type":"Feature","properties":{},"geometry":{"type":"LineString","coordinates":[[-79.3068,33.1709],[-79.3045,33.1714],[-79.3026,33.1728],[-79.3001,33.1728],[-79.2976,33.1726],[-79.2952,33.1724],[-79.2928,33.1716],[-79.2907,33.1727]]}},{"type":"Feature","properties":{},"geometry":{"type":"LineString","coordinates":[[-79.3068,33.1709],[-79.306,33.1704],[-79.306,33.1704],[-79.3068,33.1709]]}},{"type":"Feature","properties":{},"geometry":{"type":"LineString","coordinates":[[-79.2907,33.1727],[-79.2887,33.1742]]}},{"type":"Feature","properties":{},"geometry":{"type":"LineString","coordinates":[[-79.2907,33.1727],[-79.291,33.1722],[-79.291,33.1722],[-79.2907,33.1727]]}},{"type":"Feature","properties":{},"geometry":{"type":"LineString","coordinates":[[-79.2887,33.1742],[-79.2893,33.1746],[-79.2832,33.1808],[-79.2842,33.18]]}},{"type":"Feature","properties":{},"geometry":{"type":"LineString","coordinates":[[-79.2887,33.1742],[-79.2867,33.1757],[-79.2856,33.1779],[-79.2842,33.18]]}},{"type":"Feature","properties":{},"geometry":{"type":"LineString","coordinates":[[-79.2842,33.18],[-79.2827,33.182],[-79.2808,33.1837],[-79.2792,33.1855],[-79.2776,33.1875],[-79.2761,33.1895],[-79.2746,33.1915],[-79.273,33.1934]]}},{"type":"Feature","properties":{},"geometry":{"type":"LineString","coordinates":[[-79.273,33.1934],[-79.2717,33.1955],[-79.2715,33.198],[-79.2715,33.2005],[-79.2715,33.203],[-79.2715,33.2055],[-79.2715,33.208],[-79.2715,33.2105],[-79.2711,33.213],[-79.2707,33.2154]]}},{"type":"Feature","properties":{},"geometry":{"type":"LineString","coordinates":[[-79.273,33.1934],[-79.2736,33.193],[-79.2736,33.193],[-79.273,33.1934]]}},{"type":"Feature","properties":{},"geometry":{"type":"LineString","coordinates":[[-79.2707,33.2154],[-79.2708,33.2179],[-79.2709,33.2204],[-79.271,33.2229],[-79.2712,33.2254],[-79.2713,33.2279],[-79.2714,33.2304],[-79.2715,33.2329],[-79.2716,33.2354],[-79.2718,33.2379],[-79.2719,33.2404],[-79.2721,33.2429],[-79.2719,33.2454],[-79.2709,33.2476],[-79.2695,33.2497],[-79.268,33.2517],[-79.2662,33.2535],[-79.2643,33.2551],[-79.2624,33.2567],[-79.2604,33.2582],[-79.2583,33.2596],[-79.2566,33.261],[-79.2588,33.2623],[-79.261,33.2635],[-79.2631,33.2647],[-79.2653,33.2661],[-79.2674,33.2674],[-79.2695,33.2688],[-79.2715,33.2703],[-79.2734,33.2719],[-79.2753,33.2735],[-79.2769,33.2754],[-79.2784,33.2774],[-79.2797,33.2795],[-79.2807,33.2818],[-79.2818,33.2841],[-79.2826,33.2864],[-79.2834,33.2888]]}},{"type":"Feature","properties":{},"geometry":{"type":"LineString","coordinates":[[-79.2834,33.2888],[-79.2841,33.2912],[-79.2849,33.2936],[-79.2856,33.2959],[-79.2864,33.2983]]}},{"type":"Feature","properties":{},"geometry":{"type":"LineString","coordinates":[[-79.2864,33.2983],[-79.2871,33.3007]]}},{"type":"Feature","properties":{},"geometry":{"type":"LineString","coordinates":[[-79.2864,33.2983],[-79.2854,33.2983]]}},{"type":"Feature","properties":{},"geometry":{"type":"LineString","coordinates":[[-79.2864,33.2983],[-79.2854,33.2983]]}},{"type":"Feature","properties":{},"geometry":{"type":"LineString","coordinates":[[-79.2871,33.3007],[-79.2876,33.3032],[-79.2878,33.3057]]}},{"type":"Feature","properties":{},"geometry":{"type":"LineString","coordinates":[[-79.2878,33.3057],[-79.2881,33.3081]]}},{"type":"Feature","properties":{},"geometry":{"type":"LineString","coordinates":[[-79.2878,33.3057],[-79.2897,33.3063]]}},{"type":"Feature","properties":{},"geometry":{"type":"LineString","coordinates":[[-79.2878,33.3057],[-79.2897,33.3063]]}},{"type":"Feature","properties":{},"geometry":{"type":"LineString","coordinates":[[-79.2881,33.3081],[-79.2884,33.3106],[-79.2887,33.3131]]}},{"type":"Feature","properties":{},"geometry":{"type":"LineString","coordinates":[[-79.2887,33.3131],[-79.2884,33.3156],[-79.2881,33.318]]}},{"type":"Feature","properties":{},"geometry":{"type":"LineString","coordinates":[[-79.2887,33.3131],[-79.2869,33.313]]}},{"type":"Feature","properties":{},"geometry":{"type":"LineString","coordinates":[[-79.2887,33.3131],[-79.2869,33.313],[-79.2869,33.313]]}},{"type":"Feature","properties":{},"geometry":{"type":"LineString","coordinates":[[-79.2881,33.318],[-79.2877,33.3205]]}},{"type":"Feature","properties":{},"geometry":{"type":"LineString","coordinates":[[-79.2877,33.3205],[-79.2873,33.323],[-79.2869,33.3255],[-79.2861,33.3278]]}},{"type":"Feature","properties":{},"geometry":{"type":"LineString","coordinates":[[-79.2861,33.3278],[-79.2851,33.3301],[-79.2841,33.3324]]}},{"type":"Feature","properties":{},"geometry":{"type":"LineString","coordinates":[[-79.2841,33.3324],[-79.2831,33.3347]]}},{"type":"Feature","properties":{},"geometry":{"type":"LineString","coordinates":[[-79.2841,33.3324],[-79.2839,33.333],[-79.2839,33.333],[-79.2841,33.3324]]}},{"type":"Feature","properties":{},"geometry":{"type":"LineString","coordinates":[[-79.2831,33.3347],[-79.2821,33.337],[-79.2811,33.3393],[-79.2798,33.3414]]}},{"type":"Feature","properties":{},"geometry":{"type":"LineString","coordinates":[[-79.2798,33.3414],[-79.2785,33.3435]]}},{"type":"Feature","properties":{},"geometry":{"type":"LineString","coordinates":[[-79.2785,33.3435],[-79.2771,33.3456]]}},{"type":"Feature","properties":{},"geometry":{"type":"LineString","coordinates":[[-79.2771,33.3456],[-79.2756,33.3476]]}},{"type":"Feature","properties":{},"geometry":{"type":"LineString","coordinates":[[-79.2771,33.3456],[-79.2772,33.3456],[-79.2772,33.3456]]}},{"type":"Feature","properties":{},"geometry":{"type":"LineString","coordinates":[[-79.2771,33.3456],[-79.2772,33.3456]]}},{"type":"Feature","properties":{},"geometry":{"type":"LineString","coordinates":[[-79.2756,33.3476],[-79.2736,33.349],[-79.2715,33.3503],[-79.2694,33.3517],[-79.2673,33.3531]]}},{"type":"Feature","properties":{},"geometry":{"type":"LineString","coordinates":[[-79.2756,33.3476],[-79.279,33.3498]]}},{"type":"Feature","properties":{},"geometry":{"type":"LineString","coordinates":[[-79.2756,33.3476],[-79.279,33.3498]]}},{"type":"Feature","properties":{},"geometry":{"type":"LineString","coordinates":[[-79.2673,33.3531],[-79.2652,33.3544]]}},{"type":"Feature","properties":{},"geometry":{"type":"LineString","coordinates":[[-79.2673,33.3531],[-79.2702,33.3578],[-79.2702,33.3578]]}},{"type":"Feature","properties":{},"geometry":{"type":"LineString","coordinates":[[-79.2673,33.3531],[-79.2702,33.3578]]}},{"type":"Feature","properties":{},"geometry":{"type":"LineString","coordinates":[[-79.2652,33.3544],[-79.2631,33.3558],[-79.261,33.3571],[-79.259,33.3586],[-79.2573,33.3605],[-79.2557,33.3623],[-79.2542,33.3644],[-79.2529,33.3665],[-79.2516,33.3687],[-79.2501,33.3706],[-79.2493,33.373],[-79.2483,33.3752],[-79.2467,33.3771],[-79.2447,33.3786],[-79.2427,33.38],[-79.2409,33.3817],[-79.2394,33.3837],[-79.238,33.3858],[-79.2364,33.3876],[-79.2345,33.3893],[-79.2326,33.3909],[-79.231,33.3928],[-79.2296,33.3948],[-79.2279,33.3967],[-79.2265,33.3987],[-79.2252,33.4008],[-79.2236,33.4028],[-79.2218,33.4044],[-79.22,33.4061],[-79.2186,33.4082],[-79.2171,33.4102],[-79.2155,33.4121],[-79.2138,33.4139],[-79.212,33.4156],[-79.2104,33.4175],[-79.2088,33.4194]]}},{"type":"Feature","properties":{},"geometry":{"type":"LineString","coordinates":[[-79.2652,33.3544],[-79.2646,33.3541]]}},{"type":"Feature","properties":{},"geometry":{"type":"LineString","coordinates":[[-79.2652,33.3544],[-79.2646,33.3541],[-79.2646,33.3541]]}},{"type":"Feature","properties":{},"geometry":{"type":"LineString","coordinates":[[-79.2088,33.4194],[-79.2069,33.4211],[-79.2047,33.4219],[-79.2022,33.4221],[-79.1997,33.4226],[-79.1975,33.4237],[-79.1952,33.4247],[-79.1932,33.426],[-79.1922,33.4283],[-79.1916,33.4307],[-79.19,33.4326],[-79.188,33.4341],[-79.1861,33.4356],[-79.184,33.437],[-79.1824,33.4389],[-79.1808,33.4408],[-79.1789,33.4424],[-79.1769,33.444],[-79.1751,33.4456],[-79.1731,33.4472],[-79.171,33.4485],[-79.1692,33.4502],[-79.168,33.4523],[-79.1669,33.4545],[-79.165,33.4561],[-79.1631,33.4577],[-79.1617,33.4598],[-79.1604,33.4618],[-79.1588,33.4637],[-79.1572,33.4656],[-79.1564,33.4679],[-79.1566,33.4704],[-79.1567,33.4728],[-79.1556,33.4751],[-79.1546,33.4773],[-79.1542,33.4798],[-79.1536,33.4822],[-79.1521,33.4842],[-79.1503,33.4859],[-79.1485,33.4876],[-79.1466,33.489]]}},{"type":"Feature","properties":{},"geometry":{"type":"LineString","coordinates":[[-79.2088,33.4194],[-79.2085,33.4201],[-79.2085,33.4201],[-79.2088,33.4194]]}},{"type":"Feature","properties":{},"geometry":{"type":"LineString","coordinates":[[-79.1466,33.489],[-79.1463,33.4915],[-79.1461,33.494],[-79.1445,33.4958],[-79.1427,33.4974],[-79.1412,33.4994],[-79.1408,33.5019],[-79.1402,33.5042],[-79.138,33.5053],[-79.1356,33.5052],[-79.1331,33.5051],[-79.1307,33.5058],[-79.1288,33.5073],[-79.1272,33.5093],[-79.1261,33.5115],[-79.1264,33.5139],[-79.1258,33.5162],[-79.124,33.5179],[-79.1218,33.519],[-79.1194,33.5197],[-79.1174,33.5212],[-79.1157,33.5229],[-79.1136,33.5244],[-79.1116,33.5258],[-79.11,33.5277],[-79.1081,33.5294],[-79.1065,33.5313],[-79.1056,33.5336],[-79.1045,33.5358],[-79.1024,33.5368]]}},{"type":"Feature","properties":{},"geometry":{"type":"LineString","coordinates":[[-79.1466,33.489],[-79.1471,33.4903],[-79.1471,33.4903],[-79.1466,33.489]]}},{"type":"Feature","properties":{},"geometry":{"type":"LineString","coordinates":[[-81.1958,31.6745],[-81.1961,31.6728]]}},{"type":"Feature","properties":{},"geometry":{"type":"LineString","coordinates":[[-81.0844,31.8565],[-81.0836,31.8604]]}},{"type":"Feature","properties":{},"geometry":{"type":"LineString","coordinates":[[-81.0635,31.8773],[-81.0626,31.8755]]}},{"type":"Feature","properties":{},"geometry":{"type":"LineString","coordinates":[[-81.0626,31.8755],[-81.0635,31.8773]]}},{"type":"Feature","properties":{},"geometry":{"type":"LineString","coordinates":[[-81.0635,31.8773],[-81.0698,31.8756]]}},{"type":"Feature","properties":{},"geometry":{"type":"LineString","coordinates":[[-81.0742,31.9319],[-81.0747,31.9334]]}},{"type":"Feature","properties":{},"geometry":{"type":"LineString","coordinates":[[-81.0575,31.9618],[-81.0571,31.9625]]}},{"type":"Feature","properties":{},"geometry":{"type":"LineString","coordinates":[[-81.0571,31.9625],[-81.0575,31.9618]]}},{"type":"Feature","properties":{},"geometry":{"type":"LineString","coordinates":[[-81.0575,31.9618],[-81.0563,31.966]]}},{"type":"Feature","properties":{},"geometry":{"type":"LineString","coordinates":[[-81.0226,32.0216],[-81.0336,32.0215]]}},{"type":"Feature","properties":{},"geometry":{"type":"LineString","coordinates":[[-81.043,32.0413],[-81.0416,32.0434]]}},{"type":"Feature","properties":{},"geometry":{"type":"LineString","coordinates":[[-81.0219,32.0678],[-81.0158,32.0723]]}},{"type":"Feature","properties":{},"geometry":{"type":"LineString","coordinates":[[-81.0158,32.0723],[-81.0158,32.0723]]}},{"type":"Feature","properties":{},"geometry":{"type":"LineString","coordinates":[[-81.0158,32.0723],[-81.0096,32.0729]]}},{"type":"Feature","properties":{},"geometry":{"type":"LineString","coordinates":[[-81.0096,32.0729],[-81.0096,32.0729]]}},{"type":"Feature","properties":{},"geometry":{"type":"LineString","coordinates":[[-81.0096,32.0729],[-81.0061,32.0721]]}},{"type":"Feature","properties":{},"geometry":{"type":"LineString","coordinates":[[-81.0061,32.0721],[-80.9994,32.0785]]}},{"type":"Feature","properties":{},"geometry":{"type":"LineString","coordinates":[[-81.0061,32.0721],[-80.9994,32.0785]]}},{"type":"Feature","properties":{},"geometry":{"type":"LineString","coordinates":[[-80.9812,32.0769],[-80.9812,32.0769],[-80.9751,32.0717]]}},{"type":"Feature","properties":{},"geometry":{"type":"LineString","coordinates":[[-80.7945,32.1647],[-80.7945,32.1647]]}},{"type":"Feature","properties":{},"geometry":{"type":"LineString","coordinates":[[-80.7854,32.1978],[-80.7834,32.2076]]}},{"type":"Feature","properties":{},"geometry":{"type":"LineString","coordinates":[[-80.7519,32.2387],[-80.7491,32.243]]}},{"type":"Feature","properties":{},"geometry":{"type":"LineString","coordinates":[[-80.7491,32.243],[-80.7491,32.243]]}},{"type":"Feature","properties":{},"geometry":{"type":"LineString","coordinates":[[-80.7491,32.243],[-80.7524,32.2498]]}},{"type":"Feature","properties":{},"geometry":{"type":"LineString","coordinates":[[-80.7524,32.2498],[-80.7531,32.2508]]}},{"type":"Feature","properties":{},"geometry":{"type":"LineString","coordinates":[[-80.7531,32.2508],[-80.7524,32.2498]]}},{"type":"Feature","properties":{},"geometry":{"type":"LineString","coordinates":[[-80.7359,32.2704],[-80.7326,32.2722]]}},{"type":"Feature","properties":{},"geometry":{"type":"LineString","coordinates":[[-80.6724,32.3587],[-80.6746,32.3617]]}},{"type":"Feature","properties":{},"geometry":{"type":"LineString","coordinates":[[-80.6746,32.3617],[-80.6746,32.3617]]}},{"type":"Feature","properties":{},"geometry":{"type":"LineString","coordinates":[[-80.6746,32.3617],[-80.6831,32.3669]]}},{"type":"Feature","properties":{},"geometry":{"type":"LineString","coordinates":[[-80.6831,32.3669],[-80.6831,32.3669]]}},{"type":"Feature","properties":{},"geometry":{"type":"LineString","coordinates":[[-80.6604,32.4438],[-80.6605,32.4455]]}},{"type":"Feature","properties":{},"geometry":{"type":"LineString","coordinates":[[-80.6605,32.4455],[-80.6605,32.4459]]}},{"type":"Feature","properties":{},"geometry":{"type":"LineString","coordinates":[[-80.6605,32.4459],[-80.6605,32.4455]]}},{"type":"Feature","properties":{},"geometry":{"type":"LineString","coordinates":[[-80.6605,32.4455],[-80.6605,32.4459]]}},{"type":"Feature","properties":{},"geometry":{"type":"LineString","coordinates":[[-80.6605,32.4459],[-80.6652,32.4515]]}},{"type":"Feature","properties":{},"geometry":{"type":"LineString","coordinates":[[-80.6808,32.453],[-80.6823,32.4531]]}},{"type":"Feature","properties":{},"geometry":{"type":"LineString","coordinates":[[-80.6917,32.4759],[-80.6919,32.4772]]}},{"type":"Feature","properties":{},"geometry":{"type":"LineString","coordinates":[[-80.6919,32.4772],[-80.6919,32.4772]]}},{"type":"Feature","properties":{},"geometry":{"type":"LineString","coordinates":[[-80.6919,32.4772],[-80.6915,32.4804]]}},{"type":"Feature","properties":{},"geometry":{"type":"LineString","coordinates":[[-80.6915,32.4804],[-80.6915,32.4804]]}},{"type":"Feature","properties":{},"geometry":{"type":"LineString","coordinates":[[-80.6915,32.4804],[-80.6906,32.4876]]}},{"type":"Feature","properties":{},"geometry":{"type":"LineString","coordinates":[[-80.6833,32.4984],[-80.68,32.5009]]}},{"type":"Feature","properties":{},"geometry":{"type":"LineString","coordinates":[[-80.6381,32.5055],[-80.6318,32.5088]]}},{"type":"Feature","properties":{},"geometry":{"type":"LineString","coordinates":[[-80.6141,32.5064],[-80.6051,32.5009]]}},{"type":"Feature","properties":{},"geometry":{"type":"LineString","coordinates":[[-80.4728,32.5186],[-80.4667,32.5178]]}},{"type":"Feature","properties":{},"geometry":{"type":"LineString","coordinates":[[-80.3055,32.6298],[-80.2965,32.6242]]}},{"type":"Feature","properties":{},"geometry":{"type":"LineString","coordinates":[[-80.2965,32.6242],[-80.2965,32.6242]]}},{"type":"Feature","properties":{},"geometry":{"type":"LineString","coordinates":[[-80.2965,32.6242],[-80.2922,32.6221]]}},{"type":"Feature","properties":{},"geometry":{"type":"LineString","coordinates":[[-80.2922,32.6221],[-80.2922,32.6221]]}},{"type":"Feature","properties":{},"geometry":{"type":"LineString","coordinates":[[-80.2922,32.6221],[-80.2867,32.6247]]}},{"type":"Feature","properties":{},"geometry":{"type":"LineString","coordinates":[[-80.2867,32.6247],[-80.2867,32.6247]]}},{"type":"Feature","properties":{},"geometry":{"type":"LineString","coordinates":[[-80.2867,32.6247],[-80.2779,32.6281]]}},{"type":"Feature","properties":{},"geometry":{"type":"LineString","coordinates":[[-80.237,32.665],[-80.24,32.6683]]}},{"type":"Feature","properties":{},"geometry":{"type":"LineString","coordinates":[[-80.2203,32.6961],[-80.2204,32.697]]}},{"type":"Feature","properties":{},"geometry":{"type":"LineString","coordinates":[[-80.2204,32.697],[-80.2203,32.6961]]}},{"type":"Feature","properties":{},"geometry":{"type":"LineString","coordinates":[[-80.2203,32.6961],[-80.2196,32.6975]]}},{"type":"Feature","properties":{},"geometry":{"type":"LineString","coordinates":[[-80.2196,32.6975],[-80.2196,32.6975]]}},{"type":"Feature","properties":{},"geometry":{"type":"LineString","coordinates":[[-80.2196,32.6975],[-80.2155,32.6965]]}},{"type":"Feature","properties":{},"geometry":{"type":"LineString","coordinates":[[-80.2155,32.6965],[-80.2155,32.6965]]}},{"type":"Feature","properties":{},"geometry":{"type":"LineString","coordinates":[[-80.2155,32.6965],[-80.2081,32.6968]]}},{"type":"Feature","properties":{},"geometry":{"type":"LineString","coordinates":[[-80.2081,32.6968],[-80.2081,32.6968]]}},{"type":"Feature","properties":{},"geometry":{"type":"LineString","coordinates":[[-80.2081,32.6968],[-80.2036,32.7013]]}},{"type":"Feature","properties":{},"geometry":{"type":"LineString","coordinates":[[-80.1719,32.7344],[-80.1666,32.7426]]}},{"type":"Feature","properties":{},"geometry":{"type":"LineString","coordinates":[[-80.1666,32.7426],[-80.1666,32.7426]]}},{"type":"Feature","properties":{},"geometry":{"type":"LineString","coordinates":[[-80.1666,32.7426],[-80.1644,32.7454]]}},{"type":"Feature","properties":{},"geometry":{"type":"LineString","coordinates":[[-80.1519,32.7487],[-80.1501,32.7477],[-80.1501,32.7477]]}},{"type":"Feature","properties":{},"geometry":{"type":"LineString","coordinates":[[-79.9531,32.7722],[-79.9513,32.7725]]}},{"type":"Feature","properties":{},"geometry":{"type":"LineString","coordinates":[[-79.9513,32.7725],[-79.9512,32.7742]]}},{"type":"Feature","properties":{},"geometry":{"type":"LineString","coordinates":[[-79.9512,32.7742],[-79.9513,32.7725]]}},{"type":"Feature","properties":{},"geometry":{"type":"LineString","coordinates":[[-79.8721,32.7753],[-79.8718,32.7708]]}},{"type":"Feature","properties":{},"geometry":{"type":"LineString","coordinates":[[-79.863,32.7669],[-79.8596,32.7654]]}},{"type":"Feature","properties":{},"geometry":{"type":"LineString","coordinates":[[-79.8596,32.7654],[-79.8596,32.7654]]}},{"type":"Feature","properties":{},"geometry":{"type":"LineString","coordinates":[[-79.8596,32.7654],[-79.8524,32.7683]]}},{"type":"Feature","properties":{},"geometry":{"type":"LineString","coordinates":[[-79.7441,32.8258],[-79.742,32.8342]]}},{"type":"Feature","properties":{},"geometry":{"type":"LineString","coordinates":[[-79.742,32.8342],[-79.742,32.8342]]}},{"type":"Feature","properties":{},"geometry":{"type":"LineString","coordinates":[[-79.742,32.8342],[-79.7379,32.8404]]}},{"type":"Feature","properties":{},"geometry":{"type":"LineString","coordinates":[[-79.7287,32.8518],[-79.7264,32.854]]}},{"type":"Feature","properties":{},"geometry":{"type":"LineString","coordinates":[[-79.7264,32.854],[-79.7264,32.854]]}},{"type":"Feature","properties":{},"geometry":{"type":"LineString","coordinates":[[-79.7264,32.854],[-79.7209,32.8597]]}},{"type":"Feature","properties":{},"geometry":{"type":"LineString","coordinates":[[-79.5508,33.0418],[-79.5421,33.0396]]}},{"type":"Feature","properties":{},"geometry":{"type":"LineString","coordinates":[[-79.5261,33.0462],[-79.5205,33.0489]]}},{"type":"Feature","properties":{},"geometry":{"type":"LineString","coordinates":[[-79.4652,33.068],[-79.4652,33.068],[-79.4663,33.0728]]}},{"type":"Feature","properties":{},"geometry":{"type":"LineString","coordinates":[[-79.4663,33.0728],[-79.4663,33.0728]]}},{"type":"Feature","properties":{},"geometry":{"type":"LineString","coordinates":[[-79.4663,33.0728],[-79.4625,33.0752]]}},{"type":"Feature","properties":{},"geometry":{"type":"LineString","coordinates":[[-79.4625,33.0752],[-79.4618,33.0753]]}},{"type":"Feature","properties":{},"geometry":{"type":"LineString","coordinates":[[-79.4618,33.0753],[-79.461,33.0758]]}},{"type":"Feature","properties":{},"geometry":{"type":"LineString","coordinates":[[-79.461,33.0758],[-79.4625,33.0752]]}},{"type":"Feature","properties":{},"geometry":{"type":"LineString","coordinates":[[-79.4625,33.0752],[-79.4618,33.0753]]}},{"type":"Feature","properties":{},"geometry":{"type":"LineString","coordinates":[[-79.2854,33.2983],[-79.2854,33.2983]]}},{"type":"Feature","properties":{},"geometry":{"type":"LineString","coordinates":[[-79.2854,33.2983],[-79.2897,33.3063]]}},{"type":"Feature","properties":{},"geometry":{"type":"LineString","coordinates":[[-79.2897,33.3063],[-79.2897,33.3063]]}},{"type":"Feature","properties":{},"geometry":{"type":"LineString","coordinates":[[-79.2897,33.3063],[-79.2869,33.313]]}},{"type":"Feature","properties":{},"geometry":{"type":"LineString","coordinates":[[-79.2772,33.3456],[-79.279,33.3498]]}},{"type":"Feature","properties":{},"geometry":{"type":"LineString","coordinates":[[-79.279,33.3498],[-79.279,33.3498]]}},{"type":"Feature","properties":{},"geometry":{"type":"LineString","coordinates":[[-79.2702,33.3578],[-79.2646,33.3541]]}},{"type":"Feature","properties":{},"geometry":{"type":"LineString","coordinates":[[-79.264,33.3696],[-79.264,33.3696]]}},{"type":"Feature","properties":{},"geometry":{"type":"LineString","coordinates":[[-79.9441,32.8353],[-79.9449,32.8358]]}},{"type":"Feature","properties":{},"geometry":{"type":"LineString","coordinates":[[-79.9441,32.8353],[-79.9446,32.8359]]}},{"type":"Feature","properties":{},"geometry":{"type":"LineString","coordinates":[[-79.9449,32.8358],[-79.9446,32.8359]]}}]}