{"type":"FeatureCollection","features":[{"type":"Feature","properties":{},"geometry":{"type":"Polygon","coordinates":[[[-79.61498749999998,32.55000000000001],[-79.64999999999998,32.55000000000001],[-79.64999999999998,32.5742353],[-79.64999999999998,32.57473429999999],[-79.64999999999998,32.58333329999999],[-79.64999999999998,32.625],[-79.6305102,32.625],[-79.6166667,32.625],[-79.60949060000002,32.625],[-79.60886979999998,32.625],[-79.60731140000001,32.625],[-79.60575260000002,32.625],[-79.60542129999999,32.625],[-79.60471669999998,32.625],[-79.60422879999999,32.625],[-79.60422870000002,32.625],[-79.60419430000002,32.625],[-79.6026359,32.625],[-79.58083959999999,32.625],[-79.57499999999999,32.625],[-79.57499999999999,32.62210040000002],[-79.57499999999999,32.611783100000025],[-79.57499999999999,32.61103800000001],[-79.57499999999999,32.61029289999999],[-79.57499999999999,32.60954770000001],[-79.57499999999999,32.60920970000001],[-79.57499999999999,32.60880259999999],[-79.57499999999999,32.59865309999998],[-79.57499999999999,32.564006199999994],[-79.57499999999999,32.55004459999998],[-79.57499999999999,32.55000000000001],[-79.59572930000002,32.55000000000001],[-79.6078574,32.55000000000001],[-79.61232910000001,32.55000000000001],[-79.61498749999998,32.55000000000001]]]}},{"type":"Feature","properties":{},"geometry":{"type":"Polygon","coordinates":[[[-79.57326319999999,32.55000000000001],[-79.57499999999999,32.55000000000001],[-79.57499999999999,32.55004459999998],[-79.57499999999999,32.564006199999994],[-79.57499999999999,32.59865309999998],[-79.57499999999999,32.60880259999999],[-79.57499999999999,32.60920970000001],[-79.57499999999999,32.60954770000001],[-79.57499999999999,32.61029289999999],[-79.57499999999999,32.61103800000001],[-79.57499999999999,32.611783100000025],[-79.57499999999999,32.62210040000002],[-79.57499999999999,32.625],[-79.57396499999999,32.625],[-79.5,32.625],[-79.5,32.61698039999999],[-79.5,32.58674500000001],[-79.5,32.58086930000002],[-79.5,32.57362699999999],[-79.5,32.55775540000002],[-79.5,32.55000000000001],[-79.50805919999999,32.55000000000001],[-79.51083039999997,32.55000000000001],[-79.5247938,32.55000000000001],[-79.5514867,32.55000000000001],[-79.5623961,32.55000000000001],[-79.5668192,32.55000000000001],[-79.56725399999999,32.55000000000001],[-79.5720753,32.55000000000001],[-79.57271580000003,32.55000000000001],[-79.57326319999999,32.55000000000001]]]}},{"type":"Feature","properties":{},"geometry":{"type":"Polygon","coordinates":[[[-79.87067660000002,32.625],[-79.875,32.625],[-79.875,32.626468999999986],[-79.875,32.62691419999999],[-79.875,32.63345399999997],[-79.875,32.645635700000014],[-79.875,32.68168889999998],[-79.875,32.6877475],[-79.875,32.69000540000002],[-79.875,32.69999999999999],[-79.83676439999999,32.69999999999999],[-79.82124219999997,32.69999999999999],[-79.81796589999999,32.69999999999999],[-79.81725699999998,32.69999999999999],[-79.80845069999998,32.69999999999999],[-79.80555559999999,32.69999999999999],[-79.80437319999999,32.69999999999999],[-79.80000000000001,32.69999999999999],[-79.80000000000001,32.69872950000001],[-79.80000000000001,32.68201979999998],[-79.80000000000001,32.67100879999998],[-79.80000000000001,32.670959900000014],[-79.80000000000001,32.6706408],[-79.80000000000001,32.66112099999998],[-79.80000000000001,32.650309400000026],[-79.80000000000001,32.64172350000001],[-79.80000000000001,32.64084969999999],[-79.80000000000001,32.625],[-79.8369568,32.625],[-79.83913810000001,32.625],[-79.85000000000002,32.625],[-79.86180560000003,32.625],[-79.87067660000002,32.625]]]}},{"type":"Feature","properties":{},"geometry":{"type":"Polygon","coordinates":[[[-79.7897787,32.625],[-79.80000000000001,32.625],[-79.80000000000001,32.64084969999999],[-79.80000000000001,32.64172350000001],[-79.80000000000001,32.650309400000026],[-79.80000000000001,32.66112099999998],[-79.80000000000001,32.6706408],[-79.80000000000001,32.670959900000014],[-79.80000000000001,32.67100879999998],[-79.80000000000001,32.68201979999998],[-79.80000000000001,32.69872950000001],[-79.80000000000001,32.69999999999999],[-79.79908569999998,32.69999999999999],[-79.79474249999998,32.69999999999999],[-79.78386119999999,32.69999999999999],[-79.77853479999999,32.69999999999999],[-79.7671765,32.69999999999999],[-79.76611960000002,32.69999999999999],[-79.76455650000003,32.69999999999999],[-79.76313909999999,32.69999999999999],[-79.76301990000002,32.69999999999999],[-79.7614274,32.69999999999999],[-79.75986339999997,32.69999999999999],[-79.75905849999998,32.69999999999999],[-79.75857989999997,32.69999999999999],[-79.75256159999998,32.69999999999999],[-79.7445859,32.69999999999999],[-79.74352090000002,32.69999999999999],[-79.73486989999998,32.69999999999999],[-79.73304250000001,32.69999999999999],[-79.72500000000002,32.69999999999999],[-79.72500000000002,32.693597599999976],[-79.72500000000002,32.69326330000001],[-79.72500000000002,32.69288039999998],[-79.72500000000002,32.68940250000003],[-79.72500000000002,32.685733500000026],[-79.72500000000002,32.68349610000001],[-79.72500000000002,32.6833982],[-79.72500000000002,32.68265359999998],[-79.72500000000002,32.68189189999998],[-79.72500000000002,32.681863599999986],[-79.72500000000002,32.68116420000001],[-79.72500000000002,32.68042000000003],[-79.72500000000002,32.670844199999976],[-79.72500000000002,32.653492400000005],[-79.72500000000002,32.64048159999999],[-79.72500000000002,32.633489499999996],[-79.72500000000002,32.63126340000002],[-79.72500000000002,32.625],[-79.73186429999998,32.625],[-79.74179700000002,32.625],[-79.74280090000002,32.625],[-79.74462490000002,32.625],[-79.74491669999998,32.625],[-79.7489425,32.625],[-79.75491069999998,32.625],[-79.76609459999997,32.625],[-79.7688698,32.625],[-79.7710758,32.625],[-79.7878958,32.625],[-79.7894291,32.625],[-79.7897787,32.625]]]}},{"type":"Feature","properties":{},"geometry":{"type":"Polygon","coordinates":[[[-79.71710580000001,32.625],[-79.72500000000002,32.625],[-79.72500000000002,32.63126340000002],[-79.72500000000002,32.633489499999996],[-79.72500000000002,32.64048159999999],[-79.72500000000002,32.653492400000005],[-79.72500000000002,32.670844199999976],[-79.72500000000002,32.68042000000003],[-79.72500000000002,32.68116420000001],[-79.72500000000002,32.681863599999986],[-79.72500000000002,32.68189189999998],[-79.72500000000002,32.68265359999998],[-79.72500000000002,32.6833982],[-79.72500000000002,32.68349610000001],[-79.72500000000002,32.685733500000026],[-79.72500000000002,32.68940250000003],[-79.72500000000002,32.69288039999998],[-79.72500000000002,32.69326330000001],[-79.72500000000002,32.693597599999976],[-79.72500000000002,32.69999999999999],[-79.71912550000002,32.69999999999999],[-79.70773159999999,32.69999999999999],[-79.669465,32.69999999999999],[-79.64999999999998,32.69999999999999],[-79.64999999999998,32.69105719999999],[-79.64999999999998,32.68420279999998],[-79.64999999999998,32.6608602],[-79.64999999999998,32.6585556],[-79.64999999999998,32.64881559999998],[-79.64999999999998,32.647628199999986],[-79.64999999999998,32.64688339999998],[-79.64999999999998,32.64619859999999],[-79.64999999999998,32.64613859999997],[-79.64999999999998,32.64539359999998],[-79.64999999999998,32.644649000000015],[-79.64999999999998,32.63434760000001],[-79.64999999999998,32.625],[-79.65336079999997,32.625],[-79.69147770000001,32.625],[-79.71049260000001,32.625],[-79.71163030000002,32.625],[-79.71434490000001,32.625],[-79.71556729999998,32.625],[-79.71710580000001,32.625]]]}},{"type":"Feature","properties":{},"geometry":{"type":"Polygon","coordinates":[[[-79.6305102,32.625],[-79.64999999999998,32.625],[-79.64999999999998,32.63434760000001],[-79.64999999999998,32.644649000000015],[-79.64999999999998,32.64539359999998],[-79.64999999999998,32.64613859999997],[-79.64999999999998,32.64619859999999],[-79.64999999999998,32.64688339999998],[-79.64999999999998,32.647628199999986],[-79.64999999999998,32.64881559999998],[-79.64999999999998,32.6585556],[-79.64999999999998,32.6608602],[-79.64999999999998,32.68420279999998],[-79.64999999999998,32.69105719999999],[-79.64999999999998,32.69999999999999],[-79.64027370000002,32.69999999999999],[-79.63415409999999,32.69999999999999],[-79.63002840000001,32.69999999999999],[-79.6166667,32.69999999999999],[-79.57979390000003,32.69999999999999],[-79.57499999999999,32.69999999999999],[-79.57499999999999,32.69018879999999],[-79.57499999999999,32.6611168],[-79.57499999999999,32.64796419999999],[-79.57499999999999,32.64752120000003],[-79.57499999999999,32.626556300000004],[-79.57499999999999,32.625],[-79.58083959999999,32.625],[-79.6026359,32.625],[-79.60419430000002,32.625],[-79.60422879999999,32.625],[-79.60471669999998,32.625],[-79.60542129999999,32.625],[-79.60575260000002,32.625],[-79.60731140000001,32.625],[-79.60886979999998,32.625],[-79.60949060000002,32.625],[-79.6166667,32.625],[-79.6305102,32.625]]]}},{"type":"Feature","properties":{},"geometry":{"type":"Polygon","coordinates":[[[-80.0071231,32.69999999999999],[-80.02499999999998,32.69999999999999],[-80.02499999999998,32.75057450000003],[-80.02499999999998,32.75235479999998],[-80.02499999999998,32.75258630000002],[-80.02499999999998,32.754532100000006],[-80.02499999999998,32.7552819],[-80.02499999999998,32.76169349999998],[-80.02499999999998,32.765213500000016],[-80.02499999999998,32.76614810000001],[-80.02499999999998,32.76717660000003],[-80.02499999999998,32.76737050000003],[-80.02499999999998,32.76798029999998],[-80.02499999999998,32.76892830000003],[-80.02499999999998,32.770120299999974],[-80.02499999999998,32.77040690000001],[-80.02499999999998,32.77094030000001],[-80.02499999999998,32.77499999999998],[-80.0214277,32.77499999999998],[-80.01968599999998,32.77499999999998],[-80.01175590000003,32.77499999999998],[-80.00814070000001,32.77499999999998],[-80.00581299999999,32.77499999999998],[-80.00532199999998,32.77499999999998],[-80.00216879999999,32.77499999999998],[-80.0017813,32.77499999999998],[-79.99983709999998,32.77499999999998],[-79.99979139999999,32.77499999999998],[-79.99949029999999,32.77499999999998],[-79.9972644,32.77499999999998],[-79.99702480000002,32.77499999999998],[-79.99445170000001,32.77499999999998],[-79.99138690000001,32.77499999999998],[-79.98968960000002,32.77499999999998],[-79.98616909999998,32.77499999999998],[-79.98439139999999,32.77499999999998],[-79.9785157,32.77499999999998],[-79.97666700000002,32.77499999999998],[-79.96887759999998,32.77499999999998],[-79.96298059999998,32.77499999999998],[-79.95882060000002,32.77499999999998],[-79.95533160000002,32.77499999999998],[-79.9549864,32.77499999999998],[-79.954861,32.77499999999998],[-79.95460630000002,32.77499999999998],[-79.95416669999997,32.77499999999998],[-79.9539158,32.77499999999998],[-79.95349670000002,32.77499999999998],[-79.95231580000001,32.77499999999998],[-79.9520513,32.77499999999998],[-79.95047469999997,32.77499999999998],[-79.9504743,32.77499999999998],[-79.9503661,32.77499999999998],[-79.9501497,32.77499999999998],[-79.95004139999998,32.77499999999998],[-79.94999999999999,32.77499999999998],[-79.94999999999999,32.77497090000003],[-79.94999999999999,32.774895000000015],[-79.94999999999999,32.77476899999999],[-79.94999999999999,32.77466709999999],[-79.94999999999999,32.7746669],[-79.94999999999999,32.77347200000003],[-79.94999999999999,32.772616400000004],[-79.94999999999999,32.7725279],[-79.94999999999999,32.772399199999995],[-79.94999999999999,32.77212989999998],[-79.94999999999999,32.77067979999998],[-79.94999999999999,32.770233399999995],[-79.94999999999999,32.769496300000014],[-79.94999999999999,32.7643966],[-79.94999999999999,32.763161000000025],[-79.94999999999999,32.76240990000002],[-79.94999999999999,32.76174049999997],[-79.94999999999999,32.759015799999986],[-79.94999999999999,32.75218849999999],[-79.94999999999999,32.750813600000015],[-79.94999999999999,32.75068390000001],[-79.94999999999999,32.749045000000024],[-79.94999999999999,32.74552729999999],[-79.94999999999999,32.7448033],[-79.94999999999999,32.742519300000026],[-79.94999999999999,32.74230369999998],[-79.94999999999999,32.74164999999999],[-79.94999999999999,32.74056580000001],[-79.94999999999999,32.74044600000002],[-79.94999999999999,32.73952439999999],[-79.94999999999999,32.734359299999994],[-79.94999999999999,32.7338378],[-79.94999999999999,32.73370510000001],[-79.94999999999999,32.73286159999998],[-79.94999999999999,32.726856999999995],[-79.94999999999999,32.71965269999998],[-79.94999999999999,32.717115999999976],[-79.94999999999999,32.71659820000002],[-79.94999999999999,32.715574300000014],[-79.94999999999999,32.71410980000002],[-79.94999999999999,32.71048760000002],[-79.94999999999999,32.70592160000001],[-79.94999999999999,32.70547490000001],[-79.94999999999999,32.70408140000001],[-79.94999999999999,32.69999999999999],[-79.95766300000003,32.69999999999999],[-79.95778230000002,32.69999999999999],[-79.98224750000003,32.69999999999999],[-79.98476929999998,32.69999999999999],[-79.98565230000003,32.69999999999999],[-79.98640560000001,32.69999999999999],[-79.98774630000003,32.69999999999999],[-79.98864880000002,32.69999999999999],[-79.98952259999999,32.69999999999999],[-79.98985110000001,32.69999999999999],[-79.99002539999998,32.69999999999999],[-79.990569,32.69999999999999],[-79.99485249999998,32.69999999999999],[-79.99868750000002,32.69999999999999],[-79.9993776,32.69999999999999],[-80.00657560000002,32.69999999999999],[-80.0071231,32.69999999999999]]]}},{"type":"Feature","properties":{},"geometry":{"type":"Polygon","coordinates":[[[-79.94888730000002,32.69999999999999],[-79.94999999999999,32.69999999999999],[-79.94999999999999,32.70408140000001],[-79.94999999999999,32.70547490000001],[-79.94999999999999,32.70592160000001],[-79.94999999999999,32.71048760000002],[-79.94999999999999,32.71410980000002],[-79.94999999999999,32.715574300000014],[-79.94999999999999,32.71659820000002],[-79.94999999999999,32.717115999999976],[-79.94999999999999,32.71965269999998],[-79.94999999999999,32.726856999999995],[-79.94999999999999,32.73286159999998],[-79.94999999999999,32.73370510000001],[-79.94999999999999,32.7338378],[-79.94999999999999,32.734359299999994],[-79.94999999999999,32.73952439999999],[-79.94999999999999,32.74044600000002],[-79.94999999999999,32.74056580000001],[-79.94999999999999,32.74164999999999],[-79.94999999999999,32.74230369999998],[-79.94999999999999,32.742519300000026],[-79.94999999999999,32.7448033],[-79.94999999999999,32.74552729999999],[-79.94999999999999,32.749045000000024],[-79.94999999999999,32.75068390000001],[-79.94999999999999,32.750813600000015],[-79.94999999999999,32.75218849999999],[-79.94999999999999,32.759015799999986],[-79.94999999999999,32.76174049999997],[-79.94999999999999,32.76240990000002],[-79.94999999999999,32.763161000000025],[-79.94999999999999,32.7643966],[-79.94999999999999,32.769496300000014],[-79.94999999999999,32.770233399999995],[-79.94999999999999,32.77067979999998],[-79.94999999999999,32.77212989999998],[-79.94999999999999,32.772399199999995],[-79.94999999999999,32.7725279],[-79.94999999999999,32.772616400000004],[-79.94999999999999,32.77347200000003],[-79.94999999999999,32.7746669],[-79.94999999999999,32.77466709999999],[-79.94999999999999,32.77476899999999],[-79.94999999999999,32.774895000000015],[-79.94999999999999,32.77497090000003],[-79.94999999999999,32.77499999999998],[-79.94918139999999,32.77499999999998],[-79.9489486,32.77499999999998],[-79.94894699999998,32.77499999999998],[-79.94792059999997,32.77499999999998],[-79.94757040000002,32.77499999999998],[-79.94704940000003,32.77499999999998],[-79.94693430000001,32.77499999999998],[-79.94652489999999,32.77499999999998],[-79.9457332,32.77499999999998],[-79.94528509999998,32.77499999999998],[-79.94502720000003,32.77499999999998],[-79.94373919999998,32.77499999999998],[-79.9436326,32.77499999999998],[-79.9257667,32.77499999999998],[-79.92549439999999,32.77499999999998],[-79.92440269999997,32.77499999999998],[-79.92421869999998,32.77499999999998],[-79.92415390000002,32.77499999999998],[-79.92408949999998,32.77499999999998],[-79.92397469999997,32.77499999999998],[-79.91588130000002,32.77499999999998],[-79.91500500000001,32.77499999999998],[-79.91471259999997,32.77499999999998],[-79.9146548,32.77499999999998],[-79.91350139999997,32.77499999999998],[-79.91349000000002,32.77499999999998],[-79.91290049999998,32.77499999999998],[-79.9123677,32.77499999999998],[-79.91068580000001,32.77499999999998],[-79.91047900000001,32.77499999999998],[-79.91030649999999,32.77499999999998],[-79.9093183,32.77499999999998],[-79.9078045,32.77499999999998],[-79.90690510000002,32.77499999999998],[-79.90556800000002,32.77499999999998],[-79.90448270000002,32.77499999999998],[-79.90329860000003,32.77499999999998],[-79.89828619999997,32.77499999999998],[-79.8976336,32.77499999999998],[-79.8969295,32.77499999999998],[-79.8956728,32.77499999999998],[-79.89455329999998,32.77499999999998],[-79.89441549999998,32.77499999999998],[-79.89315749999997,32.77499999999998],[-79.89275429999998,32.77499999999998],[-79.89189879999998,32.77499999999998],[-79.89088729999997,32.77499999999998],[-79.89067139999997,32.77499999999998],[-79.89012919999999,32.77499999999998],[-79.88700030000001,32.77499999999998],[-79.88604020000002,32.77499999999998],[-79.88415859999998,32.77499999999998],[-79.88273020000003,32.77499999999998],[-79.87905330000001,32.77499999999998],[-79.875,32.77499999999998],[-79.875,32.77187279999998],[-79.875,32.7717523],[-79.875,32.77042160000002],[-79.875,32.7698317],[-79.875,32.769188499999984],[-79.875,32.768294200000014],[-79.875,32.76648970000002],[-79.875,32.76496370000001],[-79.875,32.76465300000001],[-79.875,32.764451699999995],[-79.875,32.7639456],[-79.875,32.763939600000015],[-79.875,32.76342690000001],[-79.875,32.76291459999999],[-79.875,32.76258050000001],[-79.875,32.76107080000003],[-79.875,32.75956780000001],[-79.875,32.759561099999985],[-79.875,32.759148900000014],[-79.875,32.759148700000026],[-79.875,32.75832589999999],[-79.875,32.75832430000003],[-79.875,32.757911999999976],[-79.875,32.757112500000005],[-79.875,32.75658750000002],[-79.875,32.75588399999998],[-79.875,32.7544881],[-79.875,32.753987600000016],[-79.875,32.75392190000002],[-79.875,32.753253900000004],[-79.875,32.753193599999975],[-79.875,32.75282470000002],[-79.875,32.75281690000003],[-79.875,32.75208279999998],[-79.875,32.75180399999999],[-79.875,32.751721299999986],[-79.875,32.75166130000002],[-79.875,32.75146990000002],[-79.875,32.7511035],[-79.875,32.7410347],[-79.875,32.74055149999998],[-79.875,32.74049710000003],[-79.875,32.73961489999999],[-79.875,32.735395900000015],[-79.875,32.73502789999998],[-79.875,32.72825],[-79.875,32.72775050000001],[-79.875,32.726856999999995],[-79.875,32.72604519999999],[-79.875,32.7241995],[-79.875,32.722975700000006],[-79.875,32.72026970000002],[-79.875,32.69999999999999],[-79.8840083,32.69999999999999],[-79.88767039999999,32.69999999999999],[-79.8888925,32.69999999999999],[-79.8896221,32.69999999999999],[-79.8933204,32.69999999999999],[-79.89621949999997,32.69999999999999],[-79.897311,32.69999999999999],[-79.89949089999999,32.69999999999999],[-79.89996830000001,32.69999999999999],[-79.90187550000002,32.69999999999999],[-79.90449310000002,32.69999999999999],[-79.91463329999999,32.69999999999999],[-79.9152853,32.69999999999999],[-79.9201731,32.69999999999999],[-79.92195779999997,32.69999999999999],[-79.92599919999998,32.69999999999999],[-79.9264564,32.69999999999999],[-79.93177100000003,32.69999999999999],[-79.93268929999999,32.69999999999999],[-79.9331477,32.69999999999999],[-79.93391689999999,32.69999999999999],[-79.93852850000002,32.69999999999999],[-79.93946490000002,32.69999999999999],[-79.93991999999997,32.69999999999999],[-79.94032879999997,32.69999999999999],[-79.94048809999998,32.69999999999999],[-79.94058319999999,32.69999999999999],[-79.94080079999998,32.69999999999999],[-79.94104770000001,32.69999999999999],[-79.9428069,32.69999999999999],[-79.9432655,32.69999999999999],[-79.94389869999998,32.69999999999999],[-79.944436,32.69999999999999],[-79.94450649999999,32.69999999999999],[-79.94596630000001,32.69999999999999],[-79.94652339999999,32.69999999999999],[-79.947067,32.69999999999999],[-79.94888730000002,32.69999999999999]]]}},{"type":"Feature","properties":{},"geometry":{"type":"Polygon","coordinates":[[[-79.83676439999999,32.69999999999999],[-79.875,32.69999999999999],[-79.875,32.72026970000002],[-79.875,32.722975700000006],[-79.875,32.7241995],[-79.875,32.72604519999999],[-79.875,32.726856999999995],[-79.875,32.72775050000001],[-79.875,32.72825],[-79.875,32.73502789999998],[-79.875,32.735395900000015],[-79.875,32.73961489999999],[-79.875,32.74049710000003],[-79.875,32.74055149999998],[-79.875,32.7410347],[-79.875,32.7511035],[-79.875,32.75146990000002],[-79.875,32.75166130000002],[-79.875,32.751721299999986],[-79.875,32.75180399999999],[-79.875,32.75208279999998],[-79.875,32.75281690000003],[-79.875,32.75282470000002],[-79.875,32.753193599999975],[-79.875,32.753253900000004],[-79.875,32.75392190000002],[-79.875,32.753987600000016],[-79.875,32.7544881],[-79.875,32.75588399999998],[-79.875,32.75658750000002],[-79.875,32.757112500000005],[-79.875,32.757911999999976],[-79.875,32.75832430000003],[-79.875,32.75832589999999],[-79.875,32.759148700000026],[-79.875,32.759148900000014],[-79.875,32.759561099999985],[-79.875,32.75956780000001],[-79.875,32.76107080000003],[-79.875,32.76258050000001],[-79.875,32.76291459999999],[-79.875,32.76342690000001],[-79.875,32.763939600000015],[-79.875,32.7639456],[-79.875,32.764451699999995],[-79.875,32.76465300000001],[-79.875,32.76496370000001],[-79.875,32.76648970000002],[-79.875,32.768294200000014],[-79.875,32.769188499999984],[-79.875,32.7698317],[-79.875,32.77042160000002],[-79.875,32.7717523],[-79.875,32.77187279999998],[-79.875,32.77499999999998],[-79.87380680000001,32.77499999999998],[-79.87317769999999,32.77499999999998],[-79.87252840000002,32.77499999999998],[-79.8724479,32.77499999999998],[-79.87172249999998,32.77499999999998],[-79.8713679,32.77499999999998],[-79.87115829999999,32.77499999999998],[-79.87107320000001,32.77499999999998],[-79.87107099999997,32.77499999999998],[-79.86614580000003,32.77499999999998],[-79.86607900000001,32.77499999999998],[-79.86571279999998,32.77499999999998],[-79.8631249,32.77499999999998],[-79.86302669999998,32.77499999999998],[-79.85393920000001,32.77499999999998],[-79.85272029999999,32.77499999999998],[-79.84812849999997,32.77499999999998],[-79.84775719999999,32.77499999999998],[-79.8473333,32.77499999999998],[-79.84704720000002,32.77499999999998],[-79.84662100000003,32.77499999999998],[-79.84477340000001,32.77499999999998],[-79.84362900000002,32.77499999999998],[-79.84316180000002,32.77499999999998],[-79.84262749999999,32.77499999999998],[-79.84135450000002,32.77499999999998],[-79.8392308,32.77499999999998],[-79.83867659999999,32.77499999999998],[-79.83803549999999,32.77499999999998],[-79.83732479999998,32.77499999999998],[-79.8368992,32.77499999999998],[-79.83571799999999,32.77499999999998],[-79.83558879999998,32.77499999999998],[-79.83482099999998,32.77499999999998],[-79.83146310000001,32.77499999999998],[-79.83021179999997,32.77499999999998],[-79.82955020000003,32.77499999999998],[-79.82796580000002,32.77499999999998],[-79.82716110000001,32.77499999999998],[-79.82571760000002,32.77499999999998],[-79.82445680000001,32.77499999999998],[-79.82328519999999,32.77499999999998],[-79.82291750000002,32.77499999999998],[-79.81862339999998,32.77499999999998],[-79.81823350000002,32.77499999999998],[-79.817748,32.77499999999998],[-79.81743979999999,32.77499999999998],[-79.81679220000001,32.77499999999998],[-79.81655760000001,32.77499999999998],[-79.81581949999998,32.77499999999998],[-79.8137762,32.77499999999998],[-79.81354010000001,32.77499999999998],[-79.8125819,32.77499999999998],[-79.8114898,32.77499999999998],[-79.81055730000003,32.77499999999998],[-79.80733800000002,32.77499999999998],[-79.80698840000002,32.77499999999998],[-79.80407300000002,32.77499999999998],[-79.80035909999998,32.77499999999998],[-79.80000000000001,32.77499999999998],[-79.80000000000001,32.759574499999985],[-79.80000000000001,32.7344324],[-79.80000000000001,32.72763149999997],[-79.80000000000001,32.72657859999998],[-79.80000000000001,32.719575099999986],[-79.80000000000001,32.71909290000002],[-79.80000000000001,32.71834869999998],[-79.80000000000001,32.71760449999999],[-79.80000000000001,32.71752859999998],[-79.80000000000001,32.716859699999986],[-79.80000000000001,32.716116],[-79.80000000000001,32.714815999999985],[-79.80000000000001,32.70796960000001],[-79.80000000000001,32.70571439999998],[-79.80000000000001,32.70416669999997],[-79.80000000000001,32.69999999999999],[-79.80437319999999,32.69999999999999],[-79.80555559999999,32.69999999999999],[-79.80845069999998,32.69999999999999],[-79.81725699999998,32.69999999999999],[-79.81796589999999,32.69999999999999],[-79.82124219999997,32.69999999999999],[-79.83676439999999,32.69999999999999]]]}},{"type":"Feature","properties":{},"geometry":{"type":"Polygon","coordinates":[[[-79.79908569999998,32.69999999999999],[-79.80000000000001,32.69999999999999],[-79.80000000000001,32.70416669999997],[-79.80000000000001,32.70571439999998],[-79.80000000000001,32.70796960000001],[-79.80000000000001,32.714815999999985],[-79.80000000000001,32.716116],[-79.80000000000001,32.716859699999986],[-79.80000000000001,32.71752859999998],[-79.80000000000001,32.71760449999999],[-79.80000000000001,32.71834869999998],[-79.80000000000001,32.71909290000002],[-79.80000000000001,32.719575099999986],[-79.80000000000001,32.72657859999998],[-79.80000000000001,32.72763149999997],[-79.80000000000001,32.7344324],[-79.80000000000001,32.759574499999985],[-79.80000000000001,32.77499999999998],[-79.78164700000002,32.77499999999998],[-79.73782899999998,32.77499999999998],[-79.7345982,32.77499999999998],[-79.72500000000002,32.77499999999998],[-79.72500000000002,32.774163199999975],[-79.72500000000002,32.76731849999999],[-79.72500000000002,32.765154499999994],[-79.72500000000002,32.76041670000001],[-79.72500000000002,32.7514458],[-79.72500000000002,32.75108549999999],[-79.72500000000002,32.73321729999998],[-79.72500000000002,32.732936300000006],[-79.72500000000002,32.7266085],[-79.72500000000002,32.71400779999999],[-79.72500000000002,32.713835399999994],[-79.72500000000002,32.71077509999998],[-79.72500000000002,32.704927699999985],[-79.72500000000002,32.702276600000005],[-79.72500000000002,32.70172059999999],[-79.72500000000002,32.69999999999999],[-79.73304250000001,32.69999999999999],[-79.73486989999998,32.69999999999999],[-79.74352090000002,32.69999999999999],[-79.7445859,32.69999999999999],[-79.75256159999998,32.69999999999999],[-79.75857989999997,32.69999999999999],[-79.75905849999998,32.69999999999999],[-79.75986339999997,32.69999999999999],[-79.7614274,32.69999999999999],[-79.76301990000002,32.69999999999999],[-79.76313909999999,32.69999999999999],[-79.76455650000003,32.69999999999999],[-79.76611960000002,32.69999999999999],[-79.7671765,32.69999999999999],[-79.77853479999999,32.69999999999999],[-79.78386119999999,32.69999999999999],[-79.79474249999998,32.69999999999999],[-79.79908569999998,32.69999999999999]]]}},{"type":"Feature","properties":{},"geometry":{"type":"Polygon","coordinates":[[[-80.10000000000002,32.78584380000001],[-80.10000000000002,32.78599989999998],[-80.10000000000002,32.78633500000001],[-80.10000000000002,32.786911499999974],[-80.10000000000002,32.787147000000004],[-80.10000000000002,32.78780590000002],[-80.10000000000002,32.78912330000003],[-80.10000000000002,32.793798100000004],[-80.10000000000002,32.79715420000002],[-80.10000000000002,32.80114830000002],[-80.10000000000002,32.85000000000002],[-80.05479450000001,32.85000000000002],[-80.05402170000002,32.85000000000002],[-80.05186889999999,32.85000000000002],[-80.05147190000002,32.85000000000002],[-80.05134229999999,32.85000000000002],[-80.0397289,32.85000000000002],[-80.03916959999998,32.85000000000002],[-80.02499999999998,32.85000000000002],[-80.02499999999998,32.847215800000015],[-80.02499999999998,32.84675870000001],[-80.02499999999998,32.845295899999996],[-80.02499999999998,32.8402117],[-80.02499999999998,32.838687300000004],[-80.02499999999998,32.83860709999999],[-80.02499999999998,32.8351811],[-80.02499999999998,32.83501810000001],[-80.02499999999998,32.83458400000001],[-80.02499999999998,32.8342844],[-80.02499999999998,32.834147099999996],[-80.02499999999998,32.83395150000001],[-80.02499999999998,32.8315733],[-80.02499999999998,32.83150660000001],[-80.02499999999998,32.82887770000002],[-80.02499999999998,32.82878670000002],[-80.02499999999998,32.82740039999999],[-80.02499999999998,32.82705679999998],[-80.02499999999998,32.82649120000002],[-80.02499999999998,32.823501799999974],[-80.02499999999998,32.79009869999999],[-80.02499999999998,32.77841539999997],[-80.02499999999998,32.77801740000001],[-80.02499999999998,32.77678309999999],[-80.02499999999998,32.77631259999998],[-80.02499999999998,32.77499999999998],[-80.0351402,32.77499999999998],[-80.03602489999997,32.77499999999998],[-80.03642760000002,32.77499999999998],[-80.03650299999998,32.77499999999998],[-80.03841940000001,32.77499999999998],[-80.0386818,32.77499999999998],[-80.03937409999997,32.77499999999998],[-80.04118340000002,32.77499999999998],[-80.0427439,32.77499999999998],[-80.04468109999999,32.77499999999998],[-80.05416530000002,32.77499999999998],[-80.05472250000003,32.77499999999998],[-80.05498510000001,32.77499999999998],[-80.05792250000002,32.77499999999998],[-80.05903360000002,32.77499999999998],[-80.0599489,32.77499999999998],[-80.06013280000002,32.77499999999998],[-80.0604735,32.77499999999998],[-80.0623855,32.77499999999998],[-80.06374949999997,32.77499999999998],[-80.0651901,32.77499999999998],[-80.06573689999999,32.77499999999998],[-80.0665788,32.77499999999998],[-80.07276389999998,32.77499999999998],[-80.0733272,32.77499999999998],[-80.07366439999998,32.77499999999998],[-80.0741334,32.77499999999998],[-80.07427719999998,32.77499999999998],[-80.07454089999999,32.77499999999998],[-80.07691069999998,32.77499999999998],[-80.0773997,32.77499999999998],[-80.07746020000002,32.77499999999998],[-80.07774699999999,32.77499999999998],[-80.10000000000002,32.77499999999998],[-80.10000000000002,32.78584380000001]]]}},{"type":"Feature","properties":{},"geometry":{"type":"Polygon","coordinates":[[[-80.0214277,32.77499999999998],[-80.02499999999998,32.77499999999998],[-80.02499999999998,32.77631259999998],[-80.02499999999998,32.77678309999999],[-80.02499999999998,32.77801740000001],[-80.02499999999998,32.77841539999997],[-80.02499999999998,32.79009869999999],[-80.02499999999998,32.823501799999974],[-80.02499999999998,32.82649120000002],[-80.02499999999998,32.82705679999998],[-80.02499999999998,32.82740039999999],[-80.02499999999998,32.82878670000002],[-80.02499999999998,32.82887770000002],[-80.02499999999998,32.83150660000001],[-80.02499999999998,32.8315733],[-80.02499999999998,32.83395150000001],[-80.02499999999998,32.834147099999996],[-80.02499999999998,32.8342844],[-80.02499999999998,32.83458400000001],[-80.02499999999998,32.83501810000001],[-80.02499999999998,32.8351811],[-80.02499999999998,32.83860709999999],[-80.02499999999998,32.838687300000004],[-80.02499999999998,32.8402117],[-80.02499999999998,32.845295899999996],[-80.02499999999998,32.84675870000001],[-80.02499999999998,32.847215800000015],[-80.02499999999998,32.85000000000002],[-80.01958309999998,32.85000000000002],[-80.0173423,32.85000000000002],[-80.0081386,32.85000000000002],[-80.00624909999999,32.85000000000002],[-80.00552579999999,32.85000000000002],[-80.00515419999999,32.85000000000002],[-79.97775990000002,32.85000000000002],[-79.97363130000002,32.85000000000002],[-79.95983819999998,32.85000000000002],[-79.9578477,32.85000000000002],[-79.95619870000002,32.85000000000002],[-79.95078539999997,32.85000000000002],[-79.94999999999999,32.85000000000002],[-79.94999999999999,32.84889420000002],[-79.94999999999999,32.84800849999999],[-79.94999999999999,32.8471859],[-79.94999999999999,32.84247850000003],[-79.94999999999999,32.8422693],[-79.94999999999999,32.84195360000001],[-79.94999999999999,32.83854769999999],[-79.94999999999999,32.83613789999998],[-79.94999999999999,32.835719600000004],[-79.94999999999999,32.785424499999976],[-79.94999999999999,32.784943],[-79.94999999999999,32.78437439999999],[-79.94999999999999,32.78372969999998],[-79.94999999999999,32.78108229999998],[-79.94999999999999,32.78023810000002],[-79.94999999999999,32.77869449999997],[-79.94999999999999,32.77863869999999],[-79.94999999999999,32.7784714],[-79.94999999999999,32.778145800000004],[-79.94999999999999,32.777598599999976],[-79.94999999999999,32.77746930000001],[-79.94999999999999,32.777216099999976],[-79.94999999999999,32.77688749999999],[-79.94999999999999,32.77679410000002],[-79.94999999999999,32.776783799999976],[-79.94999999999999,32.77628299999998],[-79.94999999999999,32.776059799999985],[-79.94999999999999,32.77595580000002],[-79.94999999999999,32.77593999999999],[-79.94999999999999,32.77586459999998],[-79.94999999999999,32.77584139999999],[-79.94999999999999,32.775737900000024],[-79.94999999999999,32.77499999999998],[-79.95004139999998,32.77499999999998],[-79.95014959999997,32.77499999999998],[-79.9503661,32.77499999999998],[-79.9504743,32.77499999999998],[-79.95047469999997,32.77499999999998],[-79.9520513,32.77499999999998],[-79.95231580000001,32.77499999999998],[-79.95349670000002,32.77499999999998],[-79.9539158,32.77499999999998],[-79.95416669999997,32.77499999999998],[-79.95460630000002,32.77499999999998],[-79.954861,32.77499999999998],[-79.9549864,32.77499999999998],[-79.95533160000002,32.77499999999998],[-79.95882060000002,32.77499999999998],[-79.96298059999998,32.77499999999998],[-79.96887759999998,32.77499999999998],[-79.97666700000002,32.77499999999998],[-79.9785157,32.77499999999998],[-79.98439139999999,32.77499999999998],[-79.98616909999998,32.77499999999998],[-79.98968960000002,32.77499999999998],[-79.99138690000001,32.77499999999998],[-79.99445170000001,32.77499999999998],[-79.99702480000002,32.77499999999998],[-79.9972644,32.77499999999998],[-79.99949029999999,32.77499999999998],[-79.99979139999999,32.77499999999998],[-79.99983709999998,32.77499999999998],[-80.0017813,32.77499999999998],[-80.00216879999999,32.77499999999998],[-80.00532199999998,32.77499999999998],[-80.00581299999999,32.77499999999998],[-80.00814070000001,32.77499999999998],[-80.01175590000003,32.77499999999998],[-80.01968599999998,32.77499999999998],[-80.0214277,32.77499999999998]]]}},{"type":"Feature","properties":{},"geometry":{"type":"Polygon","coordinates":[[[-79.94918139999999,32.77499999999998],[-79.94999999999999,32.77499999999998],[-79.94999999999999,32.775737900000024],[-79.94999999999999,32.77584139999999],[-79.94999999999999,32.77586459999998],[-79.94999999999999,32.77593999999999],[-79.94999999999999,32.77595580000002],[-79.94999999999999,32.776059799999985],[-79.94999999999999,32.77628299999998],[-79.94999999999999,32.776783799999976],[-79.94999999999999,32.77679410000002],[-79.94999999999999,32.77688749999999],[-79.94999999999999,32.777216099999976],[-79.94999999999999,32.77746930000001],[-79.94999999999999,32.777598599999976],[-79.94999999999999,32.778145800000004],[-79.94999999999999,32.7784714],[-79.94999999999999,32.77863869999999],[-79.94999999999999,32.77869449999997],[-79.94999999999999,32.78023810000002],[-79.94999999999999,32.78108229999998],[-79.94999999999999,32.78372969999998],[-79.94999999999999,32.78437439999999],[-79.94999999999999,32.784943],[-79.94999999999999,32.785424499999976],[-79.94999999999999,32.835719600000004],[-79.94999999999999,32.83613789999998],[-79.94999999999999,32.83854769999999],[-79.94999999999999,32.84195360000001],[-79.94999999999999,32.8422693],[-79.94999999999999,32.84247850000003],[-79.94999999999999,32.8471859],[-79.94999999999999,32.84800849999999],[-79.94999999999999,32.84889420000002],[-79.94999999999999,32.85000000000002],[-79.94177289999999,32.85000000000002],[-79.9412413,32.85000000000002],[-79.94110460000002,32.85000000000002],[-79.94022810000001,32.85000000000002],[-79.94003249999997,32.85000000000002],[-79.93966890000002,32.85000000000002],[-79.93908190000002,32.85000000000002],[-79.9387322,32.85000000000002],[-79.93826150000001,32.85000000000002],[-79.93730240000002,32.85000000000002],[-79.93710750000002,32.85000000000002],[-79.9362638,32.85000000000002],[-79.93556009999998,32.85000000000002],[-79.93419080000001,32.85000000000002],[-79.9335097,32.85000000000002],[-79.93281960000002,32.85000000000002],[-79.93212119999998,32.85000000000002],[-79.93141639999999,32.85000000000002],[-79.93132000000003,32.85000000000002],[-79.93095390000002,32.85000000000002],[-79.93085430000002,32.85000000000002],[-79.9286639,32.85000000000002],[-79.92825149999999,32.85000000000002],[-79.9281772,32.85000000000002],[-79.92801859999997,32.85000000000002],[-79.92701690000001,32.85000000000002],[-79.92662460000003,32.85000000000002],[-79.92595089999998,32.85000000000002],[-79.92593210000001,32.85000000000002],[-79.92175850000001,32.85000000000002],[-79.92102560000001,32.85000000000002],[-79.91953990000002,32.85000000000002],[-79.90578970000001,32.85000000000002],[-79.904515,32.85000000000002],[-79.90409340000002,32.85000000000002],[-79.90185609999997,32.85000000000002],[-79.9017581,32.85000000000002],[-79.90167120000001,32.85000000000002],[-79.90142429999997,32.85000000000002],[-79.90118749999999,32.85000000000002],[-79.90106450000002,32.85000000000002],[-79.89717789999997,32.85000000000002],[-79.8968956,32.85000000000002],[-79.89658209999999,32.85000000000002],[-79.89583900000002,32.85000000000002],[-79.89438940000002,32.85000000000002],[-79.89363129999998,32.85000000000002],[-79.89174029999998,32.85000000000002],[-79.88968890000001,32.85000000000002],[-79.88942179999998,32.85000000000002],[-79.88565,32.85000000000002],[-79.875,32.85000000000002],[-79.875,32.8043763],[-79.875,32.7982935],[-79.875,32.797710600000016],[-79.875,32.797566200000006],[-79.875,32.7959889],[-79.875,32.79412500000001],[-79.875,32.7915486],[-79.875,32.784040800000014],[-79.875,32.78330940000001],[-79.875,32.78312169999998],[-79.875,32.78285469999997],[-79.875,32.78234149999997],[-79.875,32.782260099999974],[-79.875,32.78171930000002],[-79.875,32.78158000000002],[-79.875,32.7815483],[-79.875,32.781537000000014],[-79.875,32.781325400000014],[-79.875,32.7796816],[-79.875,32.77897139999999],[-79.875,32.778268000000025],[-79.875,32.777403600000014],[-79.875,32.77643219999999],[-79.875,32.77499999999998],[-79.87905330000001,32.77499999999998],[-79.88273020000003,32.77499999999998],[-79.88415859999998,32.77499999999998],[-79.88604020000002,32.77499999999998],[-79.88700030000001,32.77499999999998],[-79.89012919999999,32.77499999999998],[-79.89067139999997,32.77499999999998],[-79.89088729999997,32.77499999999998],[-79.89189879999998,32.77499999999998],[-79.89275429999998,32.77499999999998],[-79.89315749999997,32.77499999999998],[-79.89437750000002,32.77499999999998],[-79.89441549999998,32.77499999999998],[-79.8956728,32.77499999999998],[-79.8969295,32.77499999999998],[-79.8976336,32.77499999999998],[-79.89828619999997,32.77499999999998],[-79.90329860000003,32.77499999999998],[-79.90448270000002,32.77499999999998],[-79.90556800000002,32.77499999999998],[-79.90690510000002,32.77499999999998],[-79.9078045,32.77499999999998],[-79.9093183,32.77499999999998],[-79.91030649999999,32.77499999999998],[-79.91047900000001,32.77499999999998],[-79.91068580000001,32.77499999999998],[-79.9123677,32.77499999999998],[-79.91290049999998,32.77499999999998],[-79.91349000000002,32.77499999999998],[-79.91350139999997,32.77499999999998],[-79.9146548,32.77499999999998],[-79.91471259999997,32.77499999999998],[-79.91500500000001,32.77499999999998],[-79.91588130000002,32.77499999999998],[-79.92397469999997,32.77499999999998],[-79.92408949999998,32.77499999999998],[-79.92415390000002,32.77499999999998],[-79.92421869999998,32.77499999999998],[-79.92440269999997,32.77499999999998],[-79.92549439999999,32.77499999999998],[-79.9257667,32.77499999999998],[-79.9436326,32.77499999999998],[-79.94373919999998,32.77499999999998],[-79.94502720000003,32.77499999999998],[-79.94528509999998,32.77499999999998],[-79.9457332,32.77499999999998],[-79.94652489999999,32.77499999999998],[-79.94693430000001,32.77499999999998],[-79.94704940000003,32.77499999999998],[-79.94757040000002,32.77499999999998],[-79.94792059999997,32.77499999999998],[-79.94894699999998,32.77499999999998],[-79.9489486,32.77499999999998],[-79.94918139999999,32.77499999999998]]]}},{"type":"Feature","properties":{},"geometry":{"type":"Polygon","coordinates":[[[-79.87252840000002,32.77499999999998],[-79.87317769999999,32.77499999999998],[-79.87380680000001,32.77499999999998],[-79.875,32.77499999999998],[-79.875,32.77643219999999],[-79.875,32.777403600000014],[-79.875,32.778268000000025],[-79.875,32.77897139999999],[-79.875,32.7796816],[-79.875,32.781325400000014],[-79.875,32.781537000000014],[-79.875,32.7815483],[-79.875,32.78158000000002],[-79.875,32.78171930000002],[-79.875,32.782260099999974],[-79.875,32.78234149999997],[-79.875,32.78285469999997],[-79.875,32.78312169999998],[-79.875,32.78330940000001],[-79.875,32.784040800000014],[-79.875,32.7915486],[-79.875,32.79412500000001],[-79.875,32.7959889],[-79.875,32.797566200000006],[-79.875,32.797710600000016],[-79.875,32.7982935],[-79.875,32.8043763],[-79.875,32.85000000000002],[-79.83146979999998,32.85000000000002],[-79.8121865,32.85000000000002],[-79.80000000000001,32.85000000000002],[-79.80000000000001,32.82091070000001],[-79.80000000000001,32.81088110000002],[-79.80000000000001,32.8101312],[-79.80000000000001,32.80975990000002],[-79.80000000000001,32.8090909],[-79.80000000000001,32.79407029999999],[-79.80000000000001,32.793379000000016],[-79.80000000000001,32.791952400000014],[-79.80000000000001,32.791600500000015],[-79.80000000000001,32.79098299999998],[-79.80000000000001,32.79070630000001],[-79.80000000000001,32.790533400000015],[-79.80000000000001,32.79043519999999],[-79.80000000000001,32.79042959999998],[-79.80000000000001,32.78998969999998],[-79.80000000000001,32.78967],[-79.80000000000001,32.78755239999998],[-79.80000000000001,32.786350700000014],[-79.80000000000001,32.785204299999975],[-79.80000000000001,32.783754699999974],[-79.80000000000001,32.78266180000003],[-79.80000000000001,32.782505300000025],[-79.80000000000001,32.782342700000015],[-79.80000000000001,32.77850969999997],[-79.80000000000001,32.77767890000001],[-79.80000000000001,32.77550480000002],[-79.80000000000001,32.77499999999998],[-79.80035909999998,32.77499999999998],[-79.80407300000002,32.77499999999998],[-79.80698840000002,32.77499999999998],[-79.80733800000002,32.77499999999998],[-79.81055730000003,32.77499999999998],[-79.8114898,32.77499999999998],[-79.8125819,32.77499999999998],[-79.81354010000001,32.77499999999998],[-79.8137762,32.77499999999998],[-79.81581949999998,32.77499999999998],[-79.81655760000001,32.77499999999998],[-79.81679220000001,32.77499999999998],[-79.81743979999999,32.77499999999998],[-79.817748,32.77499999999998],[-79.81823350000002,32.77499999999998],[-79.81862339999998,32.77499999999998],[-79.82291750000002,32.77499999999998],[-79.82328519999999,32.77499999999998],[-79.82445680000001,32.77499999999998],[-79.82571760000002,32.77499999999998],[-79.82716110000001,32.77499999999998],[-79.82796580000002,32.77499999999998],[-79.82955020000003,32.77499999999998],[-79.83021179999997,32.77499999999998],[-79.83146310000001,32.77499999999998],[-79.83482099999998,32.77499999999998],[-79.83558879999998,32.77499999999998],[-79.83571799999999,32.77499999999998],[-79.8368992,32.77499999999998],[-79.83732479999998,32.77499999999998],[-79.83803549999999,32.77499999999998],[-79.83867659999999,32.77499999999998],[-79.8392308,32.77499999999998],[-79.84135450000002,32.77499999999998],[-79.84262749999999,32.77499999999998],[-79.84316180000002,32.77499999999998],[-79.84362900000002,32.77499999999998],[-79.84477340000001,32.77499999999998],[-79.84662100000003,32.77499999999998],[-79.84704720000002,32.77499999999998],[-79.8473333,32.77499999999998],[-79.84775719999999,32.77499999999998],[-79.84812849999997,32.77499999999998],[-79.85272029999999,32.77499999999998],[-79.85393920000001,32.77499999999998],[-79.86302669999998,32.77499999999998],[-79.8631249,32.77499999999998],[-79.86571279999998,32.77499999999998],[-79.86607900000001,32.77499999999998],[-79.86614580000003,32.77499999999998],[-79.87107099999997,32.77499999999998],[-79.87107320000001,32.77499999999998],[-79.87115829999999,32.77499999999998],[-79.8713679,32.77499999999998],[-79.87172249999998,32.77499999999998],[-79.8724479,32.77499999999998],[-79.87252840000002,32.77499999999998]]]}},{"type":"Feature","properties":{},"geometry":{"type":"Polygon","coordinates":[[[-80.01958309999998,32.85000000000002],[-80.02499999999998,32.85000000000002],[-80.02499999999998,32.850172999999984],[-80.02499999999998,32.864777000000004],[-80.02499999999998,32.87904839999999],[-80.02499999999998,32.882810199999994],[-80.02499999999998,32.92500000000001],[-80.0081386,32.92500000000001],[-79.99293399999999,32.92500000000001],[-79.99228490000002,32.92500000000001],[-79.98959550000001,32.92500000000001],[-79.989059,32.92500000000001],[-79.98717119999998,32.92500000000001],[-79.98654320000003,32.92500000000001],[-79.96915969999998,32.92500000000001],[-79.96895460000002,32.92500000000001],[-79.96793259999998,32.92500000000001],[-79.9667465,32.92500000000001],[-79.96635040000001,32.92500000000001],[-79.9641011,32.92500000000001],[-79.96203250000002,32.92500000000001],[-79.9617457,32.92500000000001],[-79.96034020000002,32.92500000000001],[-79.94999999999999,32.92500000000001],[-79.94999999999999,32.92062709999999],[-79.94999999999999,32.915322],[-79.94999999999999,32.91524220000002],[-79.94999999999999,32.911070800000005],[-79.94999999999999,32.91056170000002],[-79.94999999999999,32.91046770000003],[-79.94999999999999,32.91041960000001],[-79.94999999999999,32.91021430000001],[-79.94999999999999,32.90999790000001],[-79.94999999999999,32.909985500000005],[-79.94999999999999,32.90983540000002],[-79.94999999999999,32.9097658],[-79.94999999999999,32.9096811],[-79.94999999999999,32.90922089999998],[-79.94999999999999,32.90893590000002],[-79.94999999999999,32.90893519999997],[-79.94999999999999,32.9084196],[-79.94999999999999,32.90802630000002],[-79.94999999999999,32.907877799999994],[-79.94999999999999,32.90733599999999],[-79.94999999999999,32.90650260000001],[-79.94999999999999,32.90567140000002],[-79.94999999999999,32.904842299999984],[-79.94999999999999,32.904015300000026],[-79.94999999999999,32.90370250000001],[-79.94999999999999,32.90348710000001],[-79.94999999999999,32.903038200000026],[-79.94999999999999,32.90268630000003],[-79.94999999999999,32.90251330000001],[-79.94999999999999,32.90163749999999],[-79.94999999999999,32.901264200000014],[-79.94999999999999,32.899919899999986],[-79.94999999999999,32.874439499999994],[-79.94999999999999,32.86523030000001],[-79.94999999999999,32.86261810000002],[-79.94999999999999,32.862097500000004],[-79.94999999999999,32.8605129],[-79.94999999999999,32.86006329999998],[-79.94999999999999,32.859277099999986],[-79.94999999999999,32.85864120000002],[-79.94999999999999,32.85859549999998],[-79.94999999999999,32.8582457],[-79.94999999999999,32.858044500000005],[-79.94999999999999,32.857930899999985],[-79.94999999999999,32.85744360000001],[-79.94999999999999,32.85695629999998],[-79.94999999999999,32.85688970000001],[-79.94999999999999,32.85646889999998],[-79.94999999999999,32.85598140000002],[-79.94999999999999,32.85497190000001],[-79.94999999999999,32.8546978],[-79.94999999999999,32.85303640000001],[-79.94999999999999,32.85301240000001],[-79.94999999999999,32.852804400000025],[-79.94999999999999,32.85278039999997],[-79.94999999999999,32.851869799999974],[-79.94999999999999,32.851829599999974],[-79.94999999999999,32.85181840000001],[-79.94999999999999,32.851813600000014],[-79.94999999999999,32.851789199999985],[-79.94999999999999,32.85000000000002],[-79.95078539999997,32.85000000000002],[-79.95619870000002,32.85000000000002],[-79.9578477,32.85000000000002],[-79.95983819999998,32.85000000000002],[-79.97363130000002,32.85000000000002],[-79.97775990000002,32.85000000000002],[-80.00515419999999,32.85000000000002],[-80.00552579999999,32.85000000000002],[-80.00624909999999,32.85000000000002],[-80.0081386,32.85000000000002],[-80.0173423,32.85000000000002],[-80.01958309999998,32.85000000000002]]]}},{"type":"Feature","properties":{},"geometry":{"type":"Polygon","coordinates":[[[-79.94177289999999,32.85000000000002],[-79.94999999999999,32.85000000000002],[-79.94999999999999,32.851789199999985],[-79.94999999999999,32.851813600000014],[-79.94999999999999,32.85181840000001],[-79.94999999999999,32.851829599999974],[-79.94999999999999,32.851869799999974],[-79.94999999999999,32.85278039999997],[-79.94999999999999,32.852804400000025],[-79.94999999999999,32.85301240000001],[-79.94999999999999,32.85303640000001],[-79.94999999999999,32.8546978],[-79.94999999999999,32.85497190000001],[-79.94999999999999,32.85598140000002],[-79.94999999999999,32.85646889999998],[-79.94999999999999,32.85688970000001],[-79.94999999999999,32.85695629999998],[-79.94999999999999,32.85744360000001],[-79.94999999999999,32.857930899999985],[-79.94999999999999,32.858044500000005],[-79.94999999999999,32.8582457],[-79.94999999999999,32.85859549999998],[-79.94999999999999,32.85864120000002],[-79.94999999999999,32.859277099999986],[-79.94999999999999,32.86006329999998],[-79.94999999999999,32.8605129],[-79.94999999999999,32.862097500000004],[-79.94999999999999,32.86261810000002],[-79.94999999999999,32.86523030000001],[-79.94999999999999,32.899919899999986],[-79.94999999999999,32.901264200000014],[-79.94999999999999,32.90163749999999],[-79.94999999999999,32.90251330000001],[-79.94999999999999,32.90268630000003],[-79.94999999999999,32.903038200000026],[-79.94999999999999,32.90348710000001],[-79.94999999999999,32.90370250000001],[-79.94999999999999,32.904015300000026],[-79.94999999999999,32.904842299999984],[-79.94999999999999,32.90567140000002],[-79.94999999999999,32.90650260000001],[-79.94999999999999,32.90733599999999],[-79.94999999999999,32.907877799999994],[-79.94999999999999,32.90802630000002],[-79.94999999999999,32.9084196],[-79.94999999999999,32.90893519999997],[-79.94999999999999,32.90893590000002],[-79.94999999999999,32.90922089999998],[-79.94999999999999,32.9096811],[-79.94999999999999,32.9097658],[-79.94999999999999,32.90983540000002],[-79.94999999999999,32.909985500000005],[-79.94999999999999,32.90999790000001],[-79.94999999999999,32.91021430000001],[-79.94999999999999,32.91041960000001],[-79.94999999999999,32.91046770000003],[-79.94999999999999,32.91056170000002],[-79.94999999999999,32.911070800000005],[-79.94999999999999,32.91524220000002],[-79.94999999999999,32.915322],[-79.94999999999999,32.92062709999999],[-79.94999999999999,32.92500000000001],[-79.94658550000003,32.92500000000001],[-79.94310460000003,32.92500000000001],[-79.93826990000002,32.92500000000001],[-79.9377265,32.92500000000001],[-79.93722550000001,32.92500000000001],[-79.93691100000001,32.92500000000001],[-79.93671549999999,32.92500000000001],[-79.9364066,32.92500000000001],[-79.9361113,32.92500000000001],[-79.93570069999998,32.92500000000001],[-79.9345467,32.92500000000001],[-79.93402200000003,32.92500000000001],[-79.9334973,32.92500000000001],[-79.93332550000002,32.92500000000001],[-79.93297260000003,32.92500000000001],[-79.9324479,32.92500000000001],[-79.93231409999999,32.92500000000001],[-79.9318381,32.92500000000001],[-79.93134479999998,32.92500000000001],[-79.93129060000001,32.92500000000001],[-79.92914810000002,32.92500000000001],[-79.92818999999997,32.92500000000001],[-79.92807900000003,32.92500000000001],[-79.9231398,32.92500000000001],[-79.92149920000003,32.92500000000001],[-79.9196981,32.92500000000001],[-79.91782419999998,32.92500000000001],[-79.9176516,32.92500000000001],[-79.91090120000001,32.92500000000001],[-79.90819529999999,32.92500000000001],[-79.875,32.92500000000001],[-79.875,32.904879600000015],[-79.875,32.904206199999976],[-79.875,32.903455399999984],[-79.875,32.903182000000015],[-79.875,32.90305430000001],[-79.875,32.90268320000001],[-79.875,32.891364399999986],[-79.875,32.89107689999997],[-79.875,32.8905992],[-79.875,32.889431100000024],[-79.875,32.88703370000002],[-79.875,32.886444900000015],[-79.875,32.88497000000001],[-79.875,32.884794],[-79.875,32.8833482],[-79.875,32.88019800000001],[-79.875,32.87825670000001],[-79.875,32.87715680000002],[-79.875,32.87689],[-79.875,32.8729055],[-79.875,32.87247339999999],[-79.875,32.871733800000015],[-79.875,32.87061799999998],[-79.875,32.869018400000016],[-79.875,32.86544570000001],[-79.875,32.8649418],[-79.875,32.864862500000015],[-79.875,32.864025200000015],[-79.875,32.863264300000026],[-79.875,32.862596499999995],[-79.875,32.860474899999986],[-79.875,32.859117500000025],[-79.875,32.85894059999998],[-79.875,32.85783300000003],[-79.875,32.8569066],[-79.875,32.85689339999999],[-79.875,32.856221800000014],[-79.875,32.85535220000003],[-79.875,32.851347299999986],[-79.875,32.85016839999997],[-79.875,32.85000000000002],[-79.88565,32.85000000000002],[-79.88942179999998,32.85000000000002],[-79.88968890000001,32.85000000000002],[-79.89174029999998,32.85000000000002],[-79.89363129999998,32.85000000000002],[-79.89438940000002,32.85000000000002],[-79.89583900000002,32.85000000000002],[-79.89658209999999,32.85000000000002],[-79.8968956,32.85000000000002],[-79.89717789999997,32.85000000000002],[-79.90106450000002,32.85000000000002],[-79.90118749999999,32.85000000000002],[-79.90142429999997,32.85000000000002],[-79.90167120000001,32.85000000000002],[-79.9017581,32.85000000000002],[-79.90185609999997,32.85000000000002],[-79.90409340000002,32.85000000000002],[-79.904515,32.85000000000002],[-79.90578970000001,32.85000000000002],[-79.91953990000002,32.85000000000002],[-79.92102560000001,32.85000000000002],[-79.92175850000001,32.85000000000002],[-79.92593210000001,32.85000000000002],[-79.92595089999998,32.85000000000002],[-79.92662460000003,32.85000000000002],[-79.92701690000001,32.85000000000002],[-79.92801859999997,32.85000000000002],[-79.9281772,32.85000000000002],[-79.92825149999999,32.85000000000002],[-79.9286639,32.85000000000002],[-79.93085430000002,32.85000000000002],[-79.93095390000002,32.85000000000002],[-79.93132000000003,32.85000000000002],[-79.93141639999999,32.85000000000002],[-79.93212119999998,32.85000000000002],[-79.93281960000002,32.85000000000002],[-79.9335097,32.85000000000002],[-79.93419080000001,32.85000000000002],[-79.93556009999998,32.85000000000002],[-79.9362638,32.85000000000002],[-79.93710750000002,32.85000000000002],[-79.93730240000002,32.85000000000002],[-79.93826150000001,32.85000000000002],[-79.9387322,32.85000000000002],[-79.93908190000002,32.85000000000002],[-79.93966890000002,32.85000000000002],[-79.94003249999997,32.85000000000002],[-79.94022810000001,32.85000000000002],[-79.94110460000002,32.85000000000002],[-79.9412413,32.85000000000002],[-79.94177289999999,32.85000000000002]]]}},{"type":"Feature","properties":{},"geometry":{"type":"Polygon","coordinates":[[[-79.875,32.85016839999997],[-79.875,32.851347299999986],[-79.875,32.85535220000003],[-79.875,32.856221800000014],[-79.875,32.85689339999999],[-79.875,32.8569066],[-79.875,32.85783300000003],[-79.875,32.85894059999998],[-79.875,32.859117500000025],[-79.875,32.860474899999986],[-79.875,32.862596499999995],[-79.875,32.863264300000026],[-79.875,32.864025200000015],[-79.875,32.864862500000015],[-79.875,32.8649418],[-79.875,32.86544570000001],[-79.875,32.869018400000016],[-79.875,32.87061799999998],[-79.875,32.871733800000015],[-79.875,32.87247339999999],[-79.875,32.8729055],[-79.875,32.87689],[-79.875,32.87715680000002],[-79.875,32.87825670000001],[-79.875,32.88019800000001],[-79.875,32.8833482],[-79.875,32.884794],[-79.875,32.88497000000001],[-79.875,32.886444900000015],[-79.875,32.88703370000002],[-79.875,32.889431100000024],[-79.875,32.8905992],[-79.875,32.89107689999997],[-79.875,32.891364399999986],[-79.875,32.90268320000001],[-79.875,32.90305430000001],[-79.875,32.903182000000015],[-79.875,32.903455399999984],[-79.875,32.904206199999976],[-79.875,32.904879600000015],[-79.875,32.92500000000001],[-79.84548910000001,32.92500000000001],[-79.8436284,32.92500000000001],[-79.8357421,32.92500000000001],[-79.83510719999998,32.92500000000001],[-79.83505659999997,32.92500000000001],[-79.83453780000002,32.92500000000001],[-79.83430140000002,32.92500000000001],[-79.83305209999997,32.92500000000001],[-79.8324154,32.92500000000001],[-79.8320645,32.92500000000001],[-79.83156279999997,32.92500000000001],[-79.83136409999997,32.92500000000001],[-79.83090470000002,32.92500000000001],[-79.83060039999998,32.92500000000001],[-79.83038520000002,32.92500000000001],[-79.82976609999997,32.92500000000001],[-79.82749669999998,32.92500000000001],[-79.8266013,32.92500000000001],[-79.82606399999997,32.92500000000001],[-79.824545,32.92500000000001],[-79.82447439999999,32.92500000000001],[-79.82441740000002,32.92500000000001],[-79.8241645,32.92500000000001],[-79.82287689999998,32.92500000000001],[-79.82271320000001,32.92500000000001],[-79.8225875,32.92500000000001],[-79.82239170000003,32.92500000000001],[-79.82186130000002,32.92500000000001],[-79.8200276,32.92500000000001],[-79.81988209999997,32.92500000000001],[-79.81962490000001,32.92500000000001],[-79.81878870000003,32.92500000000001],[-79.81823279999998,32.92500000000001],[-79.81696870000002,32.92500000000001],[-79.816596,32.92500000000001],[-79.81566070000002,32.92500000000001],[-79.8149052,32.92500000000001],[-79.8146696,32.92500000000001],[-79.81449609999999,32.92500000000001],[-79.813038,32.92500000000001],[-79.80000000000001,32.92500000000001],[-79.80000000000001,32.92249170000002],[-79.80000000000001,32.92200100000002],[-79.80000000000001,32.921155399999975],[-79.80000000000001,32.919631200000026],[-79.80000000000001,32.90712150000002],[-79.80000000000001,32.90683089999999],[-79.80000000000001,32.90637909999998],[-79.80000000000001,32.90623210000001],[-79.80000000000001,32.90568510000003],[-79.80000000000001,32.90520839999999],[-79.80000000000001,32.904398300000025],[-79.80000000000001,32.903900599999986],[-79.80000000000001,32.90346599999998],[-79.80000000000001,32.903326600000014],[-79.80000000000001,32.902334199999984],[-79.80000000000001,32.90017230000001],[-79.80000000000001,32.87158219999998],[-79.80000000000001,32.8695922],[-79.80000000000001,32.859340799999984],[-79.80000000000001,32.85000000000002],[-79.8121865,32.85000000000002],[-79.83146979999998,32.85000000000002],[-79.875,32.85000000000002],[-79.875,32.85016839999997]]]}},{"type":"Feature","properties":{},"geometry":{"type":"Polygon","coordinates":[[[-80.17500000000001,32.496114499999976],[-80.17500000000001,32.50596180000002],[-80.17500000000001,32.51385570000002],[-80.17500000000001,32.524156500000004],[-80.17500000000001,32.538088200000004],[-80.17500000000001,32.539399100000026],[-80.17500000000001,32.542440399999975],[-80.17500000000001,32.543486900000005],[-80.17500000000001,32.54349589999998],[-80.17500000000001,32.543710499999975],[-80.17500000000001,32.5437867],[-80.17500000000001,32.54551040000001],[-80.17500000000001,32.54806830000001],[-80.17500000000001,32.54854740000002],[-80.17500000000001,32.549849800000004],[-80.17500000000001,32.54998280000001],[-80.17500000000001,32.55000000000001],[-80.17466250000001,32.55000000000001],[-80.17409420000001,32.55000000000001],[-80.16975050000002,32.55000000000001],[-80.15678680000002,32.55000000000001],[-80.15620239999998,32.55000000000001],[-80.15570330000003,32.55000000000001],[-80.1540096,32.55000000000001],[-80.1539292,32.55000000000001],[-80.1500982,32.55000000000001],[-80.14971329999997,32.55000000000001],[-80.14931739999997,32.55000000000001],[-80.14733480000001,32.55000000000001],[-80.1473307,32.55000000000001],[-80.14246350000002,32.55000000000001],[-80.13561199999998,32.55000000000001],[-80.12683340000001,32.55000000000001],[-80.12218230000002,32.55000000000001],[-80.12179900000001,32.55000000000001],[-80.10000000000002,32.55000000000001],[-80.10000000000002,32.520009000000016],[-80.10000000000002,32.51666799999998],[-80.10000000000002,32.51334609999998],[-80.10000000000002,32.51278559999997],[-80.10000000000002,32.51139810000001],[-80.10000000000002,32.509143900000026],[-80.10000000000002,32.495],[-80.17500000000001,32.495],[-80.17500000000001,32.496114499999976]]]}},{"type":"Feature","properties":{},"geometry":{"type":"Polygon","coordinates":[[[-80.18733839999999,32.625],[-80.18560020000001,32.625],[-80.18075390000001,32.625],[-80.17952159999999,32.625],[-80.17767450000002,32.625],[-80.17695900000001,32.625],[-80.17680200000001,32.625],[-80.1758878,32.625],[-80.17558170000001,32.625],[-80.17520889999997,32.625],[-80.17500000000001,32.625],[-80.17500000000001,32.624948200000006],[-80.17500000000001,32.62419299999999],[-80.17500000000001,32.611480900000004],[-80.17500000000001,32.6041429],[-80.17500000000001,32.6039811],[-80.17500000000001,32.60350840000001],[-80.17500000000001,32.60272809999998],[-80.17500000000001,32.60253030000001],[-80.17500000000001,32.602231500000016],[-80.17500000000001,32.60195759999999],[-80.17500000000001,32.60042349999998],[-80.17500000000001,32.59970679999998],[-80.17500000000001,32.59955860000002],[-80.17500000000001,32.599129800000014],[-80.17500000000001,32.59878980000002],[-80.17500000000001,32.59871290000001],[-80.17500000000001,32.59769510000001],[-80.17500000000001,32.597117000000026],[-80.17500000000001,32.596692399999995],[-80.17500000000001,32.59585550000003],[-80.17500000000001,32.59050619999999],[-80.17500000000001,32.589991699999985],[-80.17500000000001,32.58797929999997],[-80.17500000000001,32.58668970000002],[-80.17500000000001,32.586072100000024],[-80.17500000000001,32.58547800000002],[-80.17500000000001,32.57951350000002],[-80.17500000000001,32.55914769999998],[-80.17500000000001,32.558778399999994],[-80.17500000000001,32.558733700000005],[-80.17500000000001,32.558733200000006],[-80.17500000000001,32.55863240000002],[-80.17500000000001,32.55734130000002],[-80.17500000000001,32.55706520000001],[-80.17500000000001,32.55675020000001],[-80.17500000000001,32.554438800000014],[-80.17500000000001,32.55038669999999],[-80.17500000000001,32.55013939999998],[-80.17500000000001,32.55000000000001],[-80.17503649999998,32.55000000000001],[-80.17530770000002,32.55000000000001],[-80.17669419999999,32.55000000000001],[-80.17870169999998,32.55000000000001],[-80.18645400000003,32.55000000000001],[-80.1874075,32.55000000000001],[-80.18807500000003,32.55000000000001],[-80.19042489999998,32.55000000000001],[-80.19147579999998,32.55000000000001],[-80.19498759999999,32.55000000000001],[-80.1961015,32.55000000000001],[-80.1971954,32.55000000000001],[-80.205,32.55000000000001],[-80.205,32.625],[-80.18733839999999,32.625]]]}},{"type":"Feature","properties":{},"geometry":{"type":"Polygon","coordinates":[[[-80.17466250000001,32.55000000000001],[-80.17500000000001,32.55000000000001],[-80.17500000000001,32.55013939999998],[-80.17500000000001,32.55038669999999],[-80.17500000000001,32.554438800000014],[-80.17500000000001,32.55675020000001],[-80.17500000000001,32.55706520000001],[-80.17500000000001,32.55734130000002],[-80.17500000000001,32.55863240000002],[-80.17500000000001,32.558733200000006],[-80.17500000000001,32.558733700000005],[-80.17500000000001,32.558778399999994],[-80.17500000000001,32.55914769999998],[-80.17500000000001,32.57951350000002],[-80.17500000000001,32.58547800000002],[-80.17500000000001,32.586072100000024],[-80.17500000000001,32.58668970000002],[-80.17500000000001,32.58797929999997],[-80.17500000000001,32.589991699999985],[-80.17500000000001,32.59050619999999],[-80.17500000000001,32.59585550000003],[-80.17500000000001,32.596692399999995],[-80.17500000000001,32.597117000000026],[-80.17500000000001,32.59769510000001],[-80.17500000000001,32.59871290000001],[-80.17500000000001,32.59878980000002],[-80.17500000000001,32.599129800000014],[-80.17500000000001,32.59955860000002],[-80.17500000000001,32.59970679999998],[-80.17500000000001,32.60042349999998],[-80.17500000000001,32.60195759999999],[-80.17500000000001,32.602231500000016],[-80.17500000000001,32.60253030000001],[-80.17500000000001,32.60272809999998],[-80.17500000000001,32.60350840000001],[-80.17500000000001,32.6039811],[-80.17500000000001,32.6041429],[-80.17500000000001,32.611480900000004],[-80.17500000000001,32.62419299999999],[-80.17500000000001,32.624948200000006],[-80.17500000000001,32.625],[-80.17472020000002,32.625],[-80.1734965,32.625],[-80.17203599999999,32.625],[-80.16994240000002,32.625],[-80.16895820000002,32.625],[-80.16874739999997,32.625],[-80.16774190000001,32.625],[-80.16739690000003,32.625],[-80.16739569999999,32.625],[-80.16595339999998,32.625],[-80.1654044,32.625],[-80.16353670000001,32.625],[-80.16331079999998,32.625],[-80.16095630000001,32.625],[-80.12179830000002,32.625],[-80.12132009999999,32.625],[-80.12078029999998,32.625],[-80.12047369999999,32.625],[-80.12002030000002,32.625],[-80.1191048,32.625],[-80.11899749999998,32.625],[-80.11339989999999,32.625],[-80.11228030000001,32.625],[-80.11184659999998,32.625],[-80.10996189999997,32.625],[-80.1092607,32.625],[-80.10842109999999,32.625],[-80.1082116,32.625],[-80.10794720000001,32.625],[-80.10782390000003,32.625],[-80.10773569999998,32.625],[-80.10736630000002,32.625],[-80.10652140000002,32.625],[-80.10536710000002,32.625],[-80.10519240000002,32.625],[-80.10393290000002,32.625],[-80.103928,32.625],[-80.10000000000002,32.625],[-80.10000000000002,32.61976229999999],[-80.10000000000002,32.6195616],[-80.10000000000002,32.61908620000003],[-80.10000000000002,32.61841820000001],[-80.10000000000002,32.618307200000004],[-80.10000000000002,32.618293600000015],[-80.10000000000002,32.61780679999998],[-80.10000000000002,32.616761],[-80.10000000000002,32.6167284],[-80.10000000000002,32.61633119999999],[-80.10000000000002,32.6153195],[-80.10000000000002,32.61488800000001],[-80.10000000000002,32.61257840000002],[-80.10000000000002,32.59755030000002],[-80.10000000000002,32.59661199999999],[-80.10000000000002,32.59649089999999],[-80.10000000000002,32.5964644],[-80.10000000000002,32.59478339999998],[-80.10000000000002,32.59106179999998],[-80.10000000000002,32.570832800000005],[-80.10000000000002,32.55000000000001],[-80.12179900000001,32.55000000000001],[-80.12218230000002,32.55000000000001],[-80.12683340000001,32.55000000000001],[-80.13561199999998,32.55000000000001],[-80.14246350000002,32.55000000000001],[-80.1473307,32.55000000000001],[-80.14733480000001,32.55000000000001],[-80.14931739999997,32.55000000000001],[-80.14971329999997,32.55000000000001],[-80.1500982,32.55000000000001],[-80.1539292,32.55000000000001],[-80.1540096,32.55000000000001],[-80.15570330000003,32.55000000000001],[-80.15620239999998,32.55000000000001],[-80.15678680000002,32.55000000000001],[-80.16975050000002,32.55000000000001],[-80.17409420000001,32.55000000000001],[-80.17466250000001,32.55000000000001]]]}},{"type":"Feature","properties":{},"geometry":{"type":"Polygon","coordinates":[[[-80.2048676,32.69999999999999],[-80.20446399999997,32.69999999999999],[-80.20424450000002,32.69999999999999],[-80.20359919999999,32.69999999999999],[-80.20335499999999,32.69999999999999],[-80.20186439999998,32.69999999999999],[-80.2015452,32.69999999999999],[-80.20066639999999,32.69999999999999],[-80.19965730000001,32.69999999999999],[-80.19860840000001,32.69999999999999],[-80.1977508,32.69999999999999],[-80.1906146,32.69999999999999],[-80.17500000000001,32.69999999999999],[-80.17500000000001,32.655789500000026],[-80.17500000000001,32.654446500000006],[-80.17500000000001,32.630460400000004],[-80.17500000000001,32.630194500000016],[-80.17500000000001,32.62698180000001],[-80.17500000000001,32.62510259999999],[-80.17500000000001,32.625],[-80.17520889999997,32.625],[-80.17558170000001,32.625],[-80.1758878,32.625],[-80.17680200000001,32.625],[-80.17695900000001,32.625],[-80.17767450000002,32.625],[-80.17952159999999,32.625],[-80.18075390000001,32.625],[-80.18560020000001,32.625],[-80.18733839999999,32.625],[-80.205,32.625],[-80.205,32.69999999999999],[-80.2048676,32.69999999999999]]]}},{"type":"Feature","properties":{},"geometry":{"type":"Polygon","coordinates":[[[-80.17500000000001,32.77499999999998],[-80.17500000000001,32.76356049999998],[-80.17500000000001,32.7626841],[-80.17500000000001,32.74493100000001],[-80.17500000000001,32.74426119999998],[-80.17500000000001,32.73795009999998],[-80.17500000000001,32.7323614],[-80.17500000000001,32.72773480000001],[-80.17500000000001,32.72706340000002],[-80.17500000000001,32.72592040000001],[-80.17500000000001,32.72576909999998],[-80.17500000000001,32.72571579999999],[-80.17500000000001,32.725167699999986],[-80.17500000000001,32.7246389],[-80.17500000000001,32.72424640000003],[-80.17500000000001,32.72423550000002],[-80.17500000000001,32.72370749999999],[-80.17500000000001,32.723551999999984],[-80.17500000000001,32.72325310000002],[-80.17500000000001,32.72313539999999],[-80.17500000000001,32.72299600000002],[-80.17500000000001,32.72280000000001],[-80.17500000000001,32.72250580000002],[-80.17500000000001,32.719766900000025],[-80.17500000000001,32.715172199999984],[-80.17500000000001,32.71024169999998],[-80.17500000000001,32.709697500000004],[-80.17500000000001,32.7075112],[-80.17500000000001,32.70705570000001],[-80.17500000000001,32.7068074],[-80.17500000000001,32.70663109999998],[-80.17500000000001,32.70658689999999],[-80.17500000000001,32.70598669999998],[-80.17500000000001,32.705896499999994],[-80.17500000000001,32.7057241],[-80.17500000000001,32.7046522],[-80.17500000000001,32.69999999999999],[-80.1906146,32.69999999999999],[-80.1977508,32.69999999999999],[-80.19860840000001,32.69999999999999],[-80.19965730000001,32.69999999999999],[-80.20066639999999,32.69999999999999],[-80.2015452,32.69999999999999],[-80.20335499999999,32.69999999999999],[-80.20354329999998,32.69999999999999],[-80.20359919999999,32.69999999999999],[-80.20418699999999,32.69999999999999],[-80.20446399999997,32.69999999999999],[-80.2048676,32.69999999999999],[-80.205,32.69999999999999],[-80.205,32.77499999999998],[-80.17500000000001,32.77499999999998]]]}},{"type":"Feature","properties":{},"geometry":{"type":"Polygon","coordinates":[[[-80.1669928,32.69999999999999],[-80.17500000000001,32.69999999999999],[-80.17500000000001,32.7046522],[-80.17500000000001,32.7057241],[-80.17500000000001,32.705896499999994],[-80.17500000000001,32.70598669999998],[-80.17500000000001,32.70658689999999],[-80.17500000000001,32.70663109999998],[-80.17500000000001,32.7068074],[-80.17500000000001,32.70705570000001],[-80.17500000000001,32.7075112],[-80.17500000000001,32.709697500000004],[-80.17500000000001,32.71024169999998],[-80.17500000000001,32.715172199999984],[-80.17500000000001,32.719766900000025],[-80.17500000000001,32.72250580000002],[-80.17500000000001,32.72280000000001],[-80.17500000000001,32.72299600000002],[-80.17500000000001,32.72313539999999],[-80.17500000000001,32.72325310000002],[-80.17500000000001,32.723551999999984],[-80.17500000000001,32.72370749999999],[-80.17500000000001,32.72423550000002],[-80.17500000000001,32.72424640000003],[-80.17500000000001,32.7246389],[-80.17500000000001,32.725167699999986],[-80.17500000000001,32.72571579999999],[-80.17500000000001,32.72576909999998],[-80.17500000000001,32.72592040000001],[-80.17500000000001,32.72706340000002],[-80.17500000000001,32.72773480000001],[-80.17500000000001,32.7323614],[-80.17500000000001,32.73795009999998],[-80.17500000000001,32.74426119999998],[-80.17500000000001,32.74493100000001],[-80.17500000000001,32.7626841],[-80.17500000000001,32.76356049999998],[-80.17500000000001,32.77499999999998],[-80.13284700000003,32.77499999999998],[-80.13006419999999,32.77499999999998],[-80.1296307,32.77499999999998],[-80.12955240000002,32.77499999999998],[-80.129438,32.77499999999998],[-80.12913129999998,32.77499999999998],[-80.1289577,32.77499999999998],[-80.1288078,32.77499999999998],[-80.12879800000002,32.77499999999998],[-80.12861520000001,32.77499999999998],[-80.12847199999999,32.77499999999998],[-80.12808810000001,32.77499999999998],[-80.12600500000002,32.77499999999998],[-80.11455419999999,32.77499999999998],[-80.11328020000002,32.77499999999998],[-80.1131504,32.77499999999998],[-80.1126729,32.77499999999998],[-80.11246569999997,32.77499999999998],[-80.1122239,32.77499999999998],[-80.1015529,32.77499999999998],[-80.10015340000001,32.77499999999998],[-80.10000000000002,32.77499999999998],[-80.10000000000002,32.7552819],[-80.10000000000002,32.71894470000001],[-80.10000000000002,32.717548599999986],[-80.10000000000002,32.717054700000006],[-80.10000000000002,32.71623210000001],[-80.10000000000002,32.69999999999999],[-80.16671480000002,32.69999999999999],[-80.1669928,32.69999999999999]]]}},{"type":"Feature","properties":{},"geometry":{"type":"Polygon","coordinates":[[[-80.07725060000001,32.69999999999999],[-80.10000000000002,32.69999999999999],[-80.10000000000002,32.71623210000001],[-80.10000000000002,32.717054700000006],[-80.10000000000002,32.717548599999986],[-80.10000000000002,32.71894470000001],[-80.10000000000002,32.7552819],[-80.10000000000002,32.77499999999998],[-80.07774699999999,32.77499999999998],[-80.07746020000002,32.77499999999998],[-80.0773997,32.77499999999998],[-80.07691069999998,32.77499999999998],[-80.07454089999999,32.77499999999998],[-80.07427719999998,32.77499999999998],[-80.0741334,32.77499999999998],[-80.07366439999998,32.77499999999998],[-80.0733272,32.77499999999998],[-80.07276389999998,32.77499999999998],[-80.0665788,32.77499999999998],[-80.06573689999999,32.77499999999998],[-80.0651901,32.77499999999998],[-80.06374949999997,32.77499999999998],[-80.0623855,32.77499999999998],[-80.0604735,32.77499999999998],[-80.06013280000002,32.77499999999998],[-80.0599489,32.77499999999998],[-80.05903360000002,32.77499999999998],[-80.05792250000002,32.77499999999998],[-80.05498510000001,32.77499999999998],[-80.05472250000003,32.77499999999998],[-80.05416530000002,32.77499999999998],[-80.04468109999999,32.77499999999998],[-80.0427439,32.77499999999998],[-80.04118340000002,32.77499999999998],[-80.03937409999997,32.77499999999998],[-80.0386818,32.77499999999998],[-80.03841940000001,32.77499999999998],[-80.03650299999998,32.77499999999998],[-80.03642760000002,32.77499999999998],[-80.03602489999997,32.77499999999998],[-80.0351402,32.77499999999998],[-80.02499999999998,32.77499999999998],[-80.02499999999998,32.77094030000001],[-80.02499999999998,32.77040690000001],[-80.02499999999998,32.770120299999974],[-80.02499999999998,32.76892830000003],[-80.02499999999998,32.76798029999998],[-80.02499999999998,32.76737050000003],[-80.02499999999998,32.76717660000003],[-80.02499999999998,32.76614810000001],[-80.02499999999998,32.765213500000016],[-80.02499999999998,32.76169349999998],[-80.02499999999998,32.7552819],[-80.02499999999998,32.754532100000006],[-80.02499999999998,32.75258630000002],[-80.02499999999998,32.75235479999998],[-80.02499999999998,32.75057450000003],[-80.02499999999998,32.69999999999999],[-80.0737014,32.69999999999999],[-80.0751343,32.69999999999999],[-80.07588800000002,32.69999999999999],[-80.07725060000001,32.69999999999999]]]}},{"type":"Feature","properties":{},"geometry":{"type":"Polygon","coordinates":[[[-80.13284700000003,32.77499999999998],[-80.17500000000001,32.77499999999998],[-80.17500000000001,32.77684499999998],[-80.17500000000001,32.78265060000001],[-80.17500000000001,32.78415669999998],[-80.17500000000001,32.85000000000002],[-80.10000000000002,32.85000000000002],[-80.10000000000002,32.80114830000002],[-80.10000000000002,32.79715420000002],[-80.10000000000002,32.78912330000003],[-80.10000000000002,32.78780590000002],[-80.10000000000002,32.78743930000002],[-80.10000000000002,32.787350300000014],[-80.10000000000002,32.7873348],[-80.10000000000002,32.78721410000003],[-80.10000000000002,32.787147000000004],[-80.10000000000002,32.786911499999974],[-80.10000000000002,32.78633500000001],[-80.10000000000002,32.78633289999999],[-80.10000000000002,32.786119600000006],[-80.10000000000002,32.7860996],[-80.10000000000002,32.78599989999998],[-80.10000000000002,32.78584380000001],[-80.10000000000002,32.77499999999998],[-80.10015340000001,32.77499999999998],[-80.1015529,32.77499999999998],[-80.1122239,32.77499999999998],[-80.11246569999997,32.77499999999998],[-80.1126729,32.77499999999998],[-80.1131504,32.77499999999998],[-80.11328020000002,32.77499999999998],[-80.11455419999999,32.77499999999998],[-80.12600500000002,32.77499999999998],[-80.12808810000001,32.77499999999998],[-80.12847199999999,32.77499999999998],[-80.12861520000001,32.77499999999998],[-80.12879800000002,32.77499999999998],[-80.1288078,32.77499999999998],[-80.1289577,32.77499999999998],[-80.12913129999998,32.77499999999998],[-80.129438,32.77499999999998],[-80.12946160000001,32.77499999999998],[-80.12955240000002,32.77499999999998],[-80.13006419999999,32.77499999999998],[-80.13284700000003,32.77499999999998]]]}},{"type":"Feature","properties":{},"geometry":{"type":"Polygon","coordinates":[[[-79.78164700000002,32.77499999999998],[-79.80000000000001,32.77499999999998],[-79.80000000000001,32.77550480000002],[-79.80000000000001,32.77767890000001],[-79.80000000000001,32.77850969999997],[-79.80000000000001,32.782342700000015],[-79.80000000000001,32.782505300000025],[-79.80000000000001,32.78266180000003],[-79.80000000000001,32.783754699999974],[-79.80000000000001,32.785204299999975],[-79.80000000000001,32.786350700000014],[-79.80000000000001,32.78755239999998],[-79.80000000000001,32.78967],[-79.80000000000001,32.78998969999998],[-79.80000000000001,32.79042959999998],[-79.80000000000001,32.79043519999999],[-79.80000000000001,32.790533400000015],[-79.80000000000001,32.79070630000001],[-79.80000000000001,32.79098299999998],[-79.80000000000001,32.791600500000015],[-79.80000000000001,32.791952400000014],[-79.80000000000001,32.793379000000016],[-79.80000000000001,32.79407029999999],[-79.80000000000001,32.8090909],[-79.80000000000001,32.80975990000002],[-79.80000000000001,32.8101312],[-79.80000000000001,32.81088110000002],[-79.80000000000001,32.82091070000001],[-79.80000000000001,32.85000000000002],[-79.76925440000002,32.85000000000002],[-79.76555439999998,32.85000000000002],[-79.7640422,32.85000000000002],[-79.7637345,32.85000000000002],[-79.76325789999999,32.85000000000002],[-79.7587021,32.85000000000002],[-79.75744120000002,32.85000000000002],[-79.75660060000001,32.85000000000002],[-79.75439779999999,32.85000000000002],[-79.7506454,32.85000000000002],[-79.7500293,32.85000000000002],[-79.74948069999999,32.85000000000002],[-79.74885160000002,32.85000000000002],[-79.74544739999999,32.85000000000002],[-79.74435720000002,32.85000000000002],[-79.74213220000001,32.85000000000002],[-79.73831580000001,32.85000000000002],[-79.73780119999998,32.85000000000002],[-79.73678719999998,32.85000000000002],[-79.73630409999998,32.85000000000002],[-79.73605040000001,32.85000000000002],[-79.73565550000001,32.85000000000002],[-79.73528370000002,32.85000000000002],[-79.731086,32.85000000000002],[-79.73058359999999,32.85000000000002],[-79.7303827,32.85000000000002],[-79.72990859999999,32.85000000000002],[-79.7296498,32.85000000000002],[-79.72879440000003,32.85000000000002],[-79.7282667,32.85000000000002],[-79.72640280000002,32.85000000000002],[-79.7254575,32.85000000000002],[-79.72500000000002,32.85000000000002],[-79.72500000000002,32.8497691],[-79.72500000000002,32.84961190000001],[-79.72500000000002,32.8486613],[-79.72500000000002,32.8461691],[-79.72500000000002,32.84112929999998],[-79.72500000000002,32.84088159999999],[-79.72500000000002,32.83598319999999],[-79.72500000000002,32.82933780000002],[-79.72500000000002,32.827061800000024],[-79.72500000000002,32.8268099],[-79.72500000000002,32.82669659999999],[-79.72500000000002,32.82669019999997],[-79.72500000000002,32.82276580000001],[-79.72500000000002,32.82220910000001],[-79.72500000000002,32.82177660000002],[-79.72500000000002,32.821124999999995],[-79.72500000000002,32.81736050000001],[-79.72500000000002,32.80591449999997],[-79.72500000000002,32.804689800000006],[-79.72500000000002,32.80333330000002],[-79.72500000000002,32.79486429999997],[-79.72500000000002,32.7909525],[-79.72500000000002,32.7823578],[-79.72500000000002,32.78126580000003],[-79.72500000000002,32.78063550000002],[-79.72500000000002,32.77740210000002],[-79.72500000000002,32.77499999999998],[-79.7345982,32.77499999999998],[-79.73782899999998,32.77499999999998],[-79.78164700000002,32.77499999999998]]]}},{"type":"Feature","properties":{},"geometry":{"type":"Polygon","coordinates":[[[-79.76925440000002,32.85000000000002],[-79.80000000000001,32.85000000000002],[-79.80000000000001,32.859340799999984],[-79.80000000000001,32.8695922],[-79.80000000000001,32.87158219999998],[-79.80000000000001,32.90017230000001],[-79.80000000000001,32.902334199999984],[-79.80000000000001,32.903326600000014],[-79.80000000000001,32.90346599999998],[-79.80000000000001,32.903900599999986],[-79.80000000000001,32.904398300000025],[-79.80000000000001,32.90520839999999],[-79.80000000000001,32.90568510000003],[-79.80000000000001,32.90623210000001],[-79.80000000000001,32.90637909999998],[-79.80000000000001,32.90683089999999],[-79.80000000000001,32.90712150000002],[-79.80000000000001,32.919631200000026],[-79.80000000000001,32.921155399999975],[-79.80000000000001,32.92200100000002],[-79.80000000000001,32.92249170000002],[-79.80000000000001,32.92500000000001],[-79.79861820000002,32.92500000000001],[-79.7981509,32.92500000000001],[-79.79633059999998,32.92500000000001],[-79.796085,32.92500000000001],[-79.79500239999999,32.92500000000001],[-79.79489569999998,32.92500000000001],[-79.79434270000002,32.92500000000001],[-79.79426110000003,32.92500000000001],[-79.7938254,32.92500000000001],[-79.79199410000001,32.92500000000001],[-79.7839712,32.92500000000001],[-79.78340700000001,32.92500000000001],[-79.78307740000002,32.92500000000001],[-79.78283920000001,32.92500000000001],[-79.78223100000002,32.92500000000001],[-79.77765679999999,32.92500000000001],[-79.7775494,32.92500000000001],[-79.77737150000002,32.92500000000001],[-79.7772099,32.92500000000001],[-79.77695790000001,32.92500000000001],[-79.77675449999998,32.92500000000001],[-79.77615259999999,32.92500000000001],[-79.77384310000002,32.92500000000001],[-79.77346549999999,32.92500000000001],[-79.773213,32.92500000000001],[-79.76934210000002,32.92500000000001],[-79.76904660000002,32.92500000000001],[-79.76860540000001,32.92500000000001],[-79.76839790000002,32.92500000000001],[-79.76330660000002,32.92500000000001],[-79.76165209999999,32.92500000000001],[-79.7583343,32.92500000000001],[-79.75068299999998,32.92500000000001],[-79.74982499999999,32.92500000000001],[-79.74944799999997,32.92500000000001],[-79.72786969999999,32.92500000000001],[-79.727124,32.92500000000001],[-79.7266047,32.92500000000001],[-79.72617200000002,32.92500000000001],[-79.72506379999999,32.92500000000001],[-79.72500000000002,32.92500000000001],[-79.72500000000002,32.92303930000003],[-79.72500000000002,32.92251110000001],[-79.72500000000002,32.92204670000001],[-79.72500000000002,32.92175739999999],[-79.72500000000002,32.92126409999997],[-79.72500000000002,32.9198586],[-79.72500000000002,32.919610999999975],[-79.72500000000002,32.91947019999998],[-79.72500000000002,32.91925329999998],[-79.72500000000002,32.918482100000006],[-79.72500000000002,32.90017230000001],[-79.72500000000002,32.88752249999999],[-79.72500000000002,32.88354370000002],[-79.72500000000002,32.88310139999999],[-79.72500000000002,32.882897300000025],[-79.72500000000002,32.88257229999999],[-79.72500000000002,32.88037630000002],[-79.72500000000002,32.87234280000001],[-79.72500000000002,32.870451100000025],[-79.72500000000002,32.86970839999998],[-79.72500000000002,32.8685845],[-79.72500000000002,32.8678314],[-79.72500000000002,32.85695879999997],[-79.72500000000002,32.85667360000002],[-79.72500000000002,32.85640080000002],[-79.72500000000002,32.856133399999976],[-79.72500000000002,32.855722000000014],[-79.72500000000002,32.85536730000001],[-79.72500000000002,32.85503019999999],[-79.72500000000002,32.851920699999994],[-79.72500000000002,32.85138389999997],[-79.72500000000002,32.85107319999997],[-79.72500000000002,32.8510397],[-79.72500000000002,32.850730899999974],[-79.72500000000002,32.85000000000002],[-79.7254575,32.85000000000002],[-79.72640280000002,32.85000000000002],[-79.7282667,32.85000000000002],[-79.72879440000003,32.85000000000002],[-79.7296498,32.85000000000002],[-79.72990859999999,32.85000000000002],[-79.7303827,32.85000000000002],[-79.73058359999999,32.85000000000002],[-79.731086,32.85000000000002],[-79.73528370000002,32.85000000000002],[-79.73565550000001,32.85000000000002],[-79.73605040000001,32.85000000000002],[-79.73630409999998,32.85000000000002],[-79.73678719999998,32.85000000000002],[-79.73780119999998,32.85000000000002],[-79.73831580000001,32.85000000000002],[-79.74213220000001,32.85000000000002],[-79.74435720000002,32.85000000000002],[-79.74544739999999,32.85000000000002],[-79.74885160000002,32.85000000000002],[-79.74948069999999,32.85000000000002],[-79.7500293,32.85000000000002],[-79.7506454,32.85000000000002],[-79.75439779999999,32.85000000000002],[-79.75660060000001,32.85000000000002],[-79.75744120000002,32.85000000000002],[-79.7587021,32.85000000000002],[-79.76325789999999,32.85000000000002],[-79.7637345,32.85000000000002],[-79.7640422,32.85000000000002],[-79.76555439999998,32.85000000000002],[-79.76925440000002,32.85000000000002]]]}},{"type":"Feature","properties":{},"geometry":{"type":"Polygon","coordinates":[[[-79.72500000000002,32.850730899999974],[-79.72500000000002,32.8510397],[-79.72500000000002,32.851068],[-79.72500000000002,32.85107319999997],[-79.72500000000002,32.85138389999997],[-79.72500000000002,32.851920699999994],[-79.72500000000002,32.85503019999999],[-79.72500000000002,32.85503799999998],[-79.72500000000002,32.85536730000001],[-79.72500000000002,32.855722000000014],[-79.72500000000002,32.856133399999976],[-79.72500000000002,32.85640080000002],[-79.72500000000002,32.85667360000002],[-79.72500000000002,32.85695879999997],[-79.72500000000002,32.85701549999999],[-79.72500000000002,32.8678314],[-79.72500000000002,32.867952100000025],[-79.72500000000002,32.8685845],[-79.72500000000002,32.86970839999998],[-79.72500000000002,32.87037140000001],[-79.72500000000002,32.870451100000025],[-79.72500000000002,32.87234280000001],[-79.72500000000002,32.88037630000002],[-79.72500000000002,32.88257229999999],[-79.72500000000002,32.88258669999999],[-79.72500000000002,32.882897300000025],[-79.72500000000002,32.88310139999999],[-79.72500000000002,32.88348730000001],[-79.72500000000002,32.88354370000002],[-79.72500000000002,32.887520600000016],[-79.72500000000002,32.88752249999999],[-79.72500000000002,32.90017230000001],[-79.72500000000002,32.918482100000006],[-79.72500000000002,32.91925329999998],[-79.72500000000002,32.91947019999998],[-79.72500000000002,32.919610999999975],[-79.72500000000002,32.9198586],[-79.72500000000002,32.92126409999997],[-79.72500000000002,32.92175739999999],[-79.72500000000002,32.92204670000001],[-79.72500000000002,32.92251110000001],[-79.72500000000002,32.92303930000003],[-79.72500000000002,32.92500000000001],[-79.72242590000002,32.92500000000001],[-79.7217885,32.92500000000001],[-79.7214447,32.92500000000001],[-79.71796289999997,32.92500000000001],[-79.67221219999999,32.92500000000001],[-79.66051060000001,32.92500000000001],[-79.66021189999998,32.92500000000001],[-79.65927970000001,32.92500000000001],[-79.6588724,32.92500000000001],[-79.6587308,32.92500000000001],[-79.6586633,32.92500000000001],[-79.65836339999998,32.92500000000001],[-79.65818200000001,32.92500000000001],[-79.65585929999997,32.92500000000001],[-79.65243099999998,32.92500000000001],[-79.65210860000002,32.92500000000001],[-79.64999999999998,32.92500000000001],[-79.64999999999998,32.92439869999998],[-79.64999999999998,32.92411040000002],[-79.64999999999998,32.92311059999997],[-79.64999999999998,32.92283179999998],[-79.64999999999998,32.920214199999975],[-79.64999999999998,32.92020100000002],[-79.64999999999998,32.9197532],[-79.64999999999998,32.916374399999995],[-79.64999999999998,32.916194399999995],[-79.64999999999998,32.91553649999997],[-79.64999999999998,32.91459750000001],[-79.64999999999998,32.914336400000025],[-79.64999999999998,32.914330699999994],[-79.64999999999998,32.9143292],[-79.64999999999998,32.91431990000001],[-79.64999999999998,32.912789299999986],[-79.64999999999998,32.91263930000002],[-79.64999999999998,32.91169819999999],[-79.64999999999998,32.91152290000002],[-79.64999999999998,32.90868519999998],[-79.64999999999998,32.90755039999999],[-79.64999999999998,32.900681899999995],[-79.64999999999998,32.90030350000001],[-79.64999999999998,32.89739739999999],[-79.64999999999998,32.8971219],[-79.64999999999998,32.89425060000002],[-79.64999999999998,32.89419559999999],[-79.64999999999998,32.89385490000001],[-79.64999999999998,32.88823780000001],[-79.64999999999998,32.8872978],[-79.64999999999998,32.887096499999984],[-79.64999999999998,32.886744599999986],[-79.64999999999998,32.88566509999998],[-79.64999999999998,32.8822394],[-79.64999999999998,32.877821299999994],[-79.64999999999998,32.87596830000001],[-79.64999999999998,32.8727705],[-79.64999999999998,32.869765599999994],[-79.64999999999998,32.86810609999998],[-79.64999999999998,32.867582700000014],[-79.64999999999998,32.867121499999996],[-79.64999999999998,32.8659773],[-79.64999999999998,32.8615226],[-79.64999999999998,32.85143820000002],[-79.64999999999998,32.85000000000002],[-79.65211399999998,32.85000000000002],[-79.67953970000002,32.85000000000002],[-79.69018299999999,32.85000000000002],[-79.69301460000003,32.85000000000002],[-79.69628410000001,32.85000000000002],[-79.69800550000002,32.85000000000002],[-79.69930470000003,32.85000000000002],[-79.6997546,32.85000000000002],[-79.70022210000002,32.85000000000002],[-79.7008922,32.85000000000002],[-79.70234199999999,32.85000000000002],[-79.7025013,32.85000000000002],[-79.70392770000001,32.85000000000002],[-79.7039312,32.85000000000002],[-79.70511879999998,32.85000000000002],[-79.70534129999999,32.85000000000002],[-79.71878249999997,32.85000000000002],[-79.71891829999998,32.85000000000002],[-79.71974169999999,32.85000000000002],[-79.7229848,32.85000000000002],[-79.72500000000002,32.85000000000002],[-79.72500000000002,32.850730899999974]]]}},{"type":"Feature","properties":{},"geometry":{"type":"Polygon","coordinates":[[[-79.94999999999999,32.98196919999998],[-79.94999999999999,32.980050800000015],[-79.94999999999999,32.97939789999998],[-79.94999999999999,32.976854600000024],[-79.94999999999999,32.97546399999999],[-79.94999999999999,32.974879499999986],[-79.94999999999999,32.97242670000003],[-79.94999999999999,32.96984370000001],[-79.94999999999999,32.96905889999999],[-79.94999999999999,32.96791009999998],[-79.94999999999999,32.9557504],[-79.94999999999999,32.94047999999998],[-79.94999999999999,32.92500000000001],[-79.96034020000002,32.92500000000001],[-79.9617457,32.92500000000001],[-79.96203250000002,32.92500000000001],[-79.9641011,32.92500000000001],[-79.96635040000001,32.92500000000001],[-79.9667465,32.92500000000001],[-79.96793259999998,32.92500000000001],[-79.96895460000002,32.92500000000001],[-79.96915969999998,32.92500000000001],[-79.98654320000003,32.92500000000001],[-79.98717119999998,32.92500000000001],[-79.989059,32.92500000000001],[-79.98959550000001,32.92500000000001],[-79.99228490000002,32.92500000000001],[-79.99293399999999,32.92500000000001],[-80.0081386,32.92500000000001],[-80.02499999999998,32.92500000000001],[-80.02499999999998,33.0],[-79.94999999999999,33.0],[-79.94999999999999,32.988326099999995],[-79.94999999999999,32.98702730000002],[-79.94999999999999,32.98196919999998]]]}},{"type":"Feature","properties":{},"geometry":{"type":"Polygon","coordinates":[[[-79.94658550000003,32.92500000000001],[-79.94999999999999,32.92500000000001],[-79.94999999999999,32.94047999999998],[-79.94999999999999,32.9557504],[-79.94999999999999,32.96791009999998],[-79.94999999999999,32.96905889999999],[-79.94999999999999,32.96984370000001],[-79.94999999999999,32.97242670000003],[-79.94999999999999,32.974879499999986],[-79.94999999999999,32.97546399999999],[-79.94999999999999,32.976854600000024],[-79.94999999999999,32.97939789999998],[-79.94999999999999,32.980050800000015],[-79.94999999999999,32.98196919999998],[-79.94999999999999,32.98702730000002],[-79.94999999999999,32.988326099999995],[-79.94999999999999,33.0],[-79.9426929,33.0],[-79.93900919999999,33.0],[-79.9356257,33.0],[-79.93500870000003,33.0],[-79.93462749999998,33.0],[-79.93401340000003,33.0],[-79.9329184,33.0],[-79.931377,33.0],[-79.92003140000003,33.0],[-79.9062017,33.0],[-79.90601220000002,33.0],[-79.90584130000002,33.0],[-79.90429280000001,33.0],[-79.90400799999998,33.0],[-79.90373620000003,33.0],[-79.90348920000002,33.0],[-79.89769569999999,33.0],[-79.8968663,33.0],[-79.89574829999998,33.0],[-79.875,33.0],[-79.875,32.990376200000014],[-79.875,32.98898609999998],[-79.875,32.96559189999999],[-79.875,32.965337999999974],[-79.875,32.9650034],[-79.875,32.96397860000002],[-79.875,32.92500000000001],[-79.90819529999999,32.92500000000001],[-79.91090120000001,32.92500000000001],[-79.9176516,32.92500000000001],[-79.91782419999998,32.92500000000001],[-79.9196981,32.92500000000001],[-79.92149920000003,32.92500000000001],[-79.9231398,32.92500000000001],[-79.92807900000003,32.92500000000001],[-79.92818999999997,32.92500000000001],[-79.92914810000002,32.92500000000001],[-79.93129060000001,32.92500000000001],[-79.93134479999998,32.92500000000001],[-79.9318381,32.92500000000001],[-79.93231409999999,32.92500000000001],[-79.9324479,32.92500000000001],[-79.93297260000003,32.92500000000001],[-79.93332550000002,32.92500000000001],[-79.9334973,32.92500000000001],[-79.93402200000003,32.92500000000001],[-79.9345467,32.92500000000001],[-79.93570069999998,32.92500000000001],[-79.9361113,32.92500000000001],[-79.9364066,32.92500000000001],[-79.93671549999999,32.92500000000001],[-79.93691100000001,32.92500000000001],[-79.93722550000001,32.92500000000001],[-79.9377265,32.92500000000001],[-79.93826990000002,32.92500000000001],[-79.94310460000003,32.92500000000001],[-79.94658550000003,32.92500000000001]]]}},{"type":"Feature","properties":{},"geometry":{"type":"Polygon","coordinates":[[[-79.84548910000001,32.92500000000001],[-79.875,32.92500000000001],[-79.875,32.96397860000002],[-79.875,32.9650034],[-79.875,32.965337999999974],[-79.875,32.96559189999999],[-79.875,32.98898609999998],[-79.875,32.990376200000014],[-79.875,33.0],[-79.80000000000001,33.0],[-79.80000000000001,32.9835056],[-79.80000000000001,32.93773490000001],[-79.80000000000001,32.93484599999999],[-79.80000000000001,32.934396400000026],[-79.80000000000001,32.93356349999999],[-79.80000000000001,32.933508500000016],[-79.80000000000001,32.9331186],[-79.80000000000001,32.93160760000001],[-79.80000000000001,32.93132300000002],[-79.80000000000001,32.9310213],[-79.80000000000001,32.93000410000002],[-79.80000000000001,32.9297067],[-79.80000000000001,32.92859499999997],[-79.80000000000001,32.92816140000002],[-79.80000000000001,32.92781129999997],[-79.80000000000001,32.9268515],[-79.80000000000001,32.92646430000002],[-79.80000000000001,32.92500000000001],[-79.813038,32.92500000000001],[-79.81449609999999,32.92500000000001],[-79.8146696,32.92500000000001],[-79.8149052,32.92500000000001],[-79.81566070000002,32.92500000000001],[-79.816596,32.92500000000001],[-79.81696870000002,32.92500000000001],[-79.81823279999998,32.92500000000001],[-79.81878870000003,32.92500000000001],[-79.81962490000001,32.92500000000001],[-79.81988209999997,32.92500000000001],[-79.8200276,32.92500000000001],[-79.82186130000002,32.92500000000001],[-79.82239170000003,32.92500000000001],[-79.8225875,32.92500000000001],[-79.82271320000001,32.92500000000001],[-79.82287689999998,32.92500000000001],[-79.8241645,32.92500000000001],[-79.82441740000002,32.92500000000001],[-79.82447439999999,32.92500000000001],[-79.824545,32.92500000000001],[-79.82606399999997,32.92500000000001],[-79.8266013,32.92500000000001],[-79.82749669999998,32.92500000000001],[-79.82976609999997,32.92500000000001],[-79.83038520000002,32.92500000000001],[-79.83060039999998,32.92500000000001],[-79.83090470000002,32.92500000000001],[-79.83136409999997,32.92500000000001],[-79.83156279999997,32.92500000000001],[-79.8320645,32.92500000000001],[-79.8324154,32.92500000000001],[-79.83305209999997,32.92500000000001],[-79.83430140000002,32.92500000000001],[-79.83453780000002,32.92500000000001],[-79.83505659999997,32.92500000000001],[-79.83510719999998,32.92500000000001],[-79.8357421,32.92500000000001],[-79.8436284,32.92500000000001],[-79.84548910000001,32.92500000000001]]]}},{"type":"Feature","properties":{},"geometry":{"type":"Polygon","coordinates":[[[-79.79861820000002,32.92500000000001],[-79.80000000000001,32.92500000000001],[-79.80000000000001,32.92646430000002],[-79.80000000000001,32.9268515],[-79.80000000000001,32.92781129999997],[-79.80000000000001,32.92816140000002],[-79.80000000000001,32.92859499999997],[-79.80000000000001,32.9297067],[-79.80000000000001,32.93000410000002],[-79.80000000000001,32.9310213],[-79.80000000000001,32.93132300000002],[-79.80000000000001,32.93160760000001],[-79.80000000000001,32.9331186],[-79.80000000000001,32.933508500000016],[-79.80000000000001,32.93356349999999],[-79.80000000000001,32.934396400000026],[-79.80000000000001,32.93484599999999],[-79.80000000000001,32.93773490000001],[-79.80000000000001,32.9835056],[-79.80000000000001,33.0],[-79.72500000000002,33.0],[-79.72500000000002,32.9835056],[-79.72500000000002,32.95939240000001],[-79.72500000000002,32.954211999999984],[-79.72500000000002,32.9541011],[-79.72500000000002,32.953528500000004],[-79.72500000000002,32.9533237],[-79.72500000000002,32.95319549999999],[-79.72500000000002,32.94823659999997],[-79.72500000000002,32.94441410000002],[-79.72500000000002,32.94388620000001],[-79.72500000000002,32.94297979999999],[-79.72500000000002,32.94204509999997],[-79.72500000000002,32.94058389999998],[-79.72500000000002,32.929563900000005],[-79.72500000000002,32.92500000000001],[-79.72506379999999,32.92500000000001],[-79.72617200000002,32.92500000000001],[-79.7266047,32.92500000000001],[-79.727124,32.92500000000001],[-79.72786969999999,32.92500000000001],[-79.74944799999997,32.92500000000001],[-79.74982499999999,32.92500000000001],[-79.75068299999998,32.92500000000001],[-79.7583343,32.92500000000001],[-79.76165209999999,32.92500000000001],[-79.76330660000002,32.92500000000001],[-79.76839790000002,32.92500000000001],[-79.76860540000001,32.92500000000001],[-79.76904660000002,32.92500000000001],[-79.76934210000002,32.92500000000001],[-79.773213,32.92500000000001],[-79.77346549999999,32.92500000000001],[-79.77384310000002,32.92500000000001],[-79.77615259999999,32.92500000000001],[-79.77675449999998,32.92500000000001],[-79.77695790000001,32.92500000000001],[-79.7772099,32.92500000000001],[-79.77737150000002,32.92500000000001],[-79.7775494,32.92500000000001],[-79.77765679999999,32.92500000000001],[-79.78223100000002,32.92500000000001],[-79.78283920000001,32.92500000000001],[-79.78307740000002,32.92500000000001],[-79.78340700000001,32.92500000000001],[-79.7839712,32.92500000000001],[-79.79199410000001,32.92500000000001],[-79.7938254,32.92500000000001],[-79.79426110000003,32.92500000000001],[-79.79434270000002,32.92500000000001],[-79.79489569999998,32.92500000000001],[-79.79500239999999,32.92500000000001],[-79.796085,32.92500000000001],[-79.79633059999998,32.92500000000001],[-79.7981509,32.92500000000001],[-79.79861820000002,32.92500000000001]]]}},{"type":"Feature","properties":{},"geometry":{"type":"Polygon","coordinates":[[[-79.72500000000002,32.929563900000005],[-79.72500000000002,32.94058389999998],[-79.72500000000002,32.94204509999997],[-79.72500000000002,32.94297979999999],[-79.72500000000002,32.94388620000001],[-79.72500000000002,32.94441410000002],[-79.72500000000002,32.94823659999997],[-79.72500000000002,32.95319549999999],[-79.72500000000002,32.9533237],[-79.72500000000002,32.953528500000004],[-79.72500000000002,32.9541011],[-79.72500000000002,32.954211999999984],[-79.72500000000002,32.95939240000001],[-79.72500000000002,32.9835056],[-79.72500000000002,33.0],[-79.65015699999998,33.0],[-79.64999999999998,33.0],[-79.64999999999998,32.99984740000002],[-79.64999999999998,32.94924900000001],[-79.64999999999998,32.94711610000002],[-79.64999999999998,32.947090600000024],[-79.64999999999998,32.94677539999998],[-79.64999999999998,32.94612590000003],[-79.64999999999998,32.94567699999999],[-79.64999999999998,32.945333800000014],[-79.64999999999998,32.943865200000005],[-79.64999999999998,32.94209519999998],[-79.64999999999998,32.941817000000015],[-79.64999999999998,32.94074669999998],[-79.64999999999998,32.94057670000001],[-79.64999999999998,32.94015999999999],[-79.64999999999998,32.93925309999997],[-79.64999999999998,32.9387294],[-79.64999999999998,32.93632689999998],[-79.64999999999998,32.93603139999999],[-79.64999999999998,32.933701499999984],[-79.64999999999998,32.93036080000002],[-79.64999999999998,32.9298101],[-79.64999999999998,32.92910599999999],[-79.64999999999998,32.928695600000026],[-79.64999999999998,32.92846830000002],[-79.64999999999998,32.928254700000025],[-79.64999999999998,32.927295000000015],[-79.64999999999998,32.926469399999974],[-79.64999999999998,32.9264134],[-79.64999999999998,32.92618340000001],[-79.64999999999998,32.92500000000001],[-79.65210860000002,32.92500000000001],[-79.65243099999998,32.92500000000001],[-79.65585929999997,32.92500000000001],[-79.65818200000001,32.92500000000001],[-79.65836339999998,32.92500000000001],[-79.6586633,32.92500000000001],[-79.6587308,32.92500000000001],[-79.6588724,32.92500000000001],[-79.65927970000001,32.92500000000001],[-79.66021189999998,32.92500000000001],[-79.66051060000001,32.92500000000001],[-79.67221219999999,32.92500000000001],[-79.71796289999997,32.92500000000001],[-79.7214447,32.92500000000001],[-79.7217885,32.92500000000001],[-79.72242590000002,32.92500000000001],[-79.72500000000002,32.92500000000001],[-79.72500000000002,32.929563900000005]]]}},{"type":"Feature","properties":{},"geometry":{"type":"Polygon","coordinates":[[[-79.64999999999998,32.92618340000001],[-79.64999999999998,32.9264134],[-79.64999999999998,32.926469399999974],[-79.64999999999998,32.927295000000015],[-79.64999999999998,32.928254700000025],[-79.64999999999998,32.92846830000002],[-79.64999999999998,32.928695600000026],[-79.64999999999998,32.92910599999999],[-79.64999999999998,32.9298101],[-79.64999999999998,32.93036080000002],[-79.64999999999998,32.933701499999984],[-79.64999999999998,32.93603139999999],[-79.64999999999998,32.93632689999998],[-79.64999999999998,32.9387294],[-79.64999999999998,32.93925309999997],[-79.64999999999998,32.94015999999999],[-79.64999999999998,32.94057670000001],[-79.64999999999998,32.94074669999998],[-79.64999999999998,32.941817000000015],[-79.64999999999998,32.94209519999998],[-79.64999999999998,32.943865200000005],[-79.64999999999998,32.945333800000014],[-79.64999999999998,32.94567699999999],[-79.64999999999998,32.94612590000003],[-79.64999999999998,32.94677539999998],[-79.64999999999998,32.947090600000024],[-79.64999999999998,32.94711610000002],[-79.64999999999998,32.94924900000001],[-79.64999999999998,32.99984740000002],[-79.64999999999998,33.0],[-79.60332360000001,33.0],[-79.6030419,33.0],[-79.6027421,33.0],[-79.60201590000003,33.0],[-79.6018345,33.0],[-79.60163949999998,33.0],[-79.600976,33.0],[-79.60089649999998,33.0],[-79.5988845,33.0],[-79.59001719999998,33.0],[-79.5887419,33.0],[-79.58765419999997,33.0],[-79.58384519999998,33.0],[-79.5835538,33.0],[-79.582852,33.0],[-79.57499999999999,33.0],[-79.57499999999999,32.991086300000006],[-79.57499999999999,32.99079139999998],[-79.57499999999999,32.98297910000002],[-79.57499999999999,32.97821690000001],[-79.57499999999999,32.978150400000004],[-79.57499999999999,32.97723789999998],[-79.57499999999999,32.97652290000002],[-79.57499999999999,32.97374079999997],[-79.57499999999999,32.97370169999999],[-79.57499999999999,32.967355999999995],[-79.57499999999999,32.95906869999999],[-79.57499999999999,32.958335499999976],[-79.57499999999999,32.95734479999999],[-79.57499999999999,32.95659619999998],[-79.57499999999999,32.94741800000003],[-79.57499999999999,32.94637710000001],[-79.57499999999999,32.94563470000003],[-79.57499999999999,32.94460429999998],[-79.57499999999999,32.94415140000001],[-79.57499999999999,32.94187790000001],[-79.57499999999999,32.93900880000001],[-79.57499999999999,32.93533530000002],[-79.57499999999999,32.935285299999975],[-79.57499999999999,32.934903899999995],[-79.57499999999999,32.93458959999998],[-79.57499999999999,32.934211000000005],[-79.57499999999999,32.933334],[-79.57499999999999,32.93284299999999],[-79.57499999999999,32.929707699999994],[-79.57499999999999,32.92740459999999],[-79.57499999999999,32.92716580000001],[-79.57499999999999,32.9251926],[-79.57499999999999,32.92500000000001],[-79.57513210000002,32.92500000000001],[-79.57599190000002,32.92500000000001],[-79.57659569999998,32.92500000000001],[-79.5768774,32.92500000000001],[-79.58719939999997,32.92500000000001],[-79.59599150000003,32.92500000000001],[-79.59650699999997,32.92500000000001],[-79.6000206,32.92500000000001],[-79.6021503,32.92500000000001],[-79.60237810000001,32.92500000000001],[-79.60355620000001,32.92500000000001],[-79.60503019999999,32.92500000000001],[-79.60532139999998,32.92500000000001],[-79.60607420000002,32.92500000000001],[-79.60647460000001,32.92500000000001],[-79.62702380000002,32.92500000000001],[-79.62720309999997,32.92500000000001],[-79.62829040000003,32.92500000000001],[-79.62852650000002,32.92500000000001],[-79.63641530000001,32.92500000000001],[-79.63859259999998,32.92500000000001],[-79.63875689999998,32.92500000000001],[-79.63878940000001,32.92500000000001],[-79.63946809999999,32.92500000000001],[-79.6395526,32.92500000000001],[-79.6396196,32.92500000000001],[-79.64010130000003,32.92500000000001],[-79.64044860000001,32.92500000000001],[-79.64367199999998,32.92500000000001],[-79.64462429999998,32.92500000000001],[-79.64587719999997,32.92500000000001],[-79.6493628,32.92500000000001],[-79.64966479999998,32.92500000000001],[-79.64999999999998,32.92500000000001],[-79.64999999999998,32.92618340000001]]]}},{"type":"Feature","properties":{},"geometry":{"type":"Polygon","coordinates":[[[-80.02499999999998,33.0],[-80.02499999999998,33.07499999999999],[-79.95345279999998,33.07499999999999],[-79.9529293,33.07499999999999],[-79.94999999999999,33.07499999999999],[-79.94999999999999,33.07473599999997],[-79.94999999999999,33.03807260000002],[-79.94999999999999,33.0360096],[-79.94999999999999,33.0341578],[-79.94999999999999,33.02868339999998],[-79.94999999999999,33.02846360000001],[-79.94999999999999,33.0282388],[-79.94999999999999,33.02805710000001],[-79.94999999999999,33.0276839],[-79.94999999999999,33.02635959999998],[-79.94999999999999,33.0261696],[-79.94999999999999,33.022452699999974],[-79.94999999999999,33.01948440000001],[-79.94999999999999,33.01880779999999],[-79.94999999999999,33.0],[-80.02499999999998,33.0]]]}},{"type":"Feature","properties":{},"geometry":{"type":"Polygon","coordinates":[[[-79.9426929,33.0],[-79.94999999999999,33.0],[-79.94999999999999,33.01880779999999],[-79.94999999999999,33.01948440000001],[-79.94999999999999,33.022452699999974],[-79.94999999999999,33.0261696],[-79.94999999999999,33.02635959999998],[-79.94999999999999,33.0276839],[-79.94999999999999,33.02805710000001],[-79.94999999999999,33.0282388],[-79.94999999999999,33.02846360000001],[-79.94999999999999,33.02868339999998],[-79.94999999999999,33.0341578],[-79.94999999999999,33.0360096],[-79.94999999999999,33.03807260000002],[-79.94999999999999,33.07473599999997],[-79.94999999999999,33.07499999999999],[-79.94947020000001,33.07499999999999],[-79.94793829999998,33.07499999999999],[-79.94458939999998,33.07499999999999],[-79.9445025,33.07499999999999],[-79.9417891,33.07499999999999],[-79.94133470000003,33.07499999999999],[-79.9377457,33.07499999999999],[-79.9370788,33.07499999999999],[-79.93685199999999,33.07499999999999],[-79.9363765,33.07499999999999],[-79.93616800000001,33.07499999999999],[-79.93506350000001,33.07499999999999],[-79.93499969999999,33.07499999999999],[-79.93050210000001,33.07499999999999],[-79.93033780000002,33.07499999999999],[-79.9300546,33.07499999999999],[-79.9295141,33.07499999999999],[-79.9291465,33.07499999999999],[-79.92878439999998,33.07499999999999],[-79.92858810000001,33.07499999999999],[-79.92853819999999,33.07499999999999],[-79.92788719999999,33.07499999999999],[-79.92704409999999,33.07499999999999],[-79.92479600000001,33.07499999999999],[-79.91612070000002,33.07499999999999],[-79.9158051,33.07499999999999],[-79.91526670000002,33.07499999999999],[-79.91509509999997,33.07499999999999],[-79.91492090000003,33.07499999999999],[-79.91414479999997,33.07499999999999],[-79.9011547,33.07499999999999],[-79.88329479999999,33.07499999999999],[-79.88150530000001,33.07499999999999],[-79.88117979999998,33.07499999999999],[-79.875,33.07499999999999],[-79.875,33.0737977],[-79.875,33.07369619999997],[-79.875,33.073661500000014],[-79.875,33.07251280000003],[-79.875,33.07239340000001],[-79.875,33.07182289999997],[-79.875,33.07075659999998],[-79.875,33.07032450000003],[-79.875,33.07014479999998],[-79.875,33.0657109],[-79.875,33.065612499999986],[-79.875,33.064751899999976],[-79.875,33.0533916],[-79.875,33.05063200000001],[-79.875,33.04936270000002],[-79.875,33.04659809999998],[-79.875,33.0],[-79.89574829999998,33.0],[-79.8968663,33.0],[-79.89769569999999,33.0],[-79.90348920000002,33.0],[-79.90373620000003,33.0],[-79.90400799999998,33.0],[-79.90429280000001,33.0],[-79.90584130000002,33.0],[-79.90601220000002,33.0],[-79.9062017,33.0],[-79.92003140000003,33.0],[-79.931377,33.0],[-79.9329184,33.0],[-79.93401340000003,33.0],[-79.93462749999998,33.0],[-79.93500870000003,33.0],[-79.9356257,33.0],[-79.93900919999999,33.0],[-79.9426929,33.0]]]}},{"type":"Feature","properties":{},"geometry":{"type":"Polygon","coordinates":[[[-79.875,33.0],[-79.875,33.04659809999998],[-79.875,33.04936270000002],[-79.875,33.05063200000001],[-79.875,33.0533916],[-79.875,33.064751899999976],[-79.875,33.065612499999986],[-79.875,33.0657109],[-79.875,33.07014479999998],[-79.875,33.07032450000003],[-79.875,33.07075659999998],[-79.875,33.07182289999997],[-79.875,33.07239340000001],[-79.875,33.07251280000003],[-79.875,33.073661500000014],[-79.875,33.07369619999997],[-79.875,33.07373100000001],[-79.875,33.0737977],[-79.875,33.07499999999999],[-79.87359759999998,33.07499999999999],[-79.87344919999998,33.07499999999999],[-79.873399,33.07499999999999],[-79.87315619999998,33.07499999999999],[-79.87055020000003,33.07499999999999],[-79.87031189999999,33.07499999999999],[-79.87025899999998,33.07499999999999],[-79.87008370000001,33.07499999999999],[-79.86966610000002,33.07499999999999],[-79.86010540000001,33.07499999999999],[-79.8592691,33.07499999999999],[-79.85916709999998,33.07499999999999],[-79.85913169999998,33.07499999999999],[-79.85897929999999,33.07499999999999],[-79.85841479999999,33.07499999999999],[-79.8583448,33.07499999999999],[-79.8583079,33.07499999999999],[-79.85804760000002,33.07499999999999],[-79.85713520000002,33.07499999999999],[-79.85633339999998,33.07499999999999],[-79.85610759999997,33.07499999999999],[-79.85538939999998,33.07499999999999],[-79.8552795,33.07499999999999],[-79.85503069999999,33.07499999999999],[-79.85443859999998,33.07499999999999],[-79.85413820000002,33.07499999999999],[-79.85082549999998,33.07499999999999],[-79.85019190000003,33.07499999999999],[-79.80000000000001,33.07499999999999],[-79.80000000000001,33.0],[-79.875,33.0]]]}},{"type":"Feature","properties":{},"geometry":{"type":"Polygon","coordinates":[[[-79.60332360000001,33.0],[-79.64999999999998,33.0],[-79.64999999999998,33.07499999999999],[-79.62458329999998,33.07499999999999],[-79.57499999999999,33.07499999999999],[-79.57499999999999,33.03128379999998],[-79.57499999999999,33.03069429999999],[-79.57499999999999,33.03028339999997],[-79.57499999999999,33.028604299999984],[-79.57499999999999,33.02858199999997],[-79.57499999999999,33.027689399999986],[-79.57499999999999,33.027173300000015],[-79.57499999999999,33.0268954],[-79.57499999999999,33.02669559999998],[-79.57499999999999,33.02655979999997],[-79.57499999999999,33.026356799999974],[-79.57499999999999,33.025965499999984],[-79.57499999999999,33.02565929999997],[-79.57499999999999,33.02562469999998],[-79.57499999999999,33.0254736],[-79.57499999999999,33.02136780000001],[-79.57499999999999,33.00998959999998],[-79.57499999999999,33.0091185],[-79.57499999999999,33.00796860000003],[-79.57499999999999,33.00012809999998],[-79.57499999999999,33.0000733],[-79.57499999999999,33.0],[-79.582852,33.0],[-79.5835538,33.0],[-79.58384519999998,33.0],[-79.58765419999997,33.0],[-79.5887419,33.0],[-79.59001719999998,33.0],[-79.5988845,33.0],[-79.60089649999998,33.0],[-79.600976,33.0],[-79.60163949999998,33.0],[-79.6018345,33.0],[-79.60201590000003,33.0],[-79.6027421,33.0],[-79.6030419,33.0],[-79.60332360000001,33.0]]]}},{"type":"Feature","properties":{},"geometry":{"type":"Polygon","coordinates":[[[-79.57499999999999,33.0000733],[-79.57499999999999,33.00012809999998],[-79.57499999999999,33.00796860000003],[-79.57499999999999,33.0091185],[-79.57499999999999,33.00998959999998],[-79.57499999999999,33.02136780000001],[-79.57499999999999,33.0254736],[-79.57499999999999,33.02562469999998],[-79.57499999999999,33.02565929999997],[-79.57499999999999,33.025965499999984],[-79.57499999999999,33.026356799999974],[-79.57499999999999,33.02655979999997],[-79.57499999999999,33.02669559999998],[-79.57499999999999,33.0268954],[-79.57499999999999,33.027173300000015],[-79.57499999999999,33.027689399999986],[-79.57499999999999,33.02858199999997],[-79.57499999999999,33.028604299999984],[-79.57499999999999,33.03028339999997],[-79.57499999999999,33.03069429999999],[-79.57499999999999,33.03128379999998],[-79.57499999999999,33.07499999999999],[-79.5186377,33.07499999999999],[-79.5,33.07499999999999],[-79.5,33.06227419999999],[-79.5,33.06023620000002],[-79.5,33.05976190000001],[-79.5,33.0591556],[-79.5,33.05914000000001],[-79.5,33.05887580000001],[-79.5,33.058697600000016],[-79.5,33.058408499999985],[-79.5,33.05840260000002],[-79.5,33.0555329],[-79.5,33.05090680000001],[-79.5,33.050730699999974],[-79.5,33.048267399999986],[-79.5,33.04733859999999],[-79.5,33.039482599999985],[-79.5,33.039332],[-79.5,33.039095299999985],[-79.5,33.03863719999998],[-79.5,33.03596570000002],[-79.5,33.0348606],[-79.5,33.03467439999997],[-79.5,33.02458309999997],[-79.5,33.02304049999998],[-79.5,33.02115659999998],[-79.5,33.0206225],[-79.5,33.02057789999998],[-79.5,33.02036700000002],[-79.5,33.01996860000003],[-79.5,33.01995449999998],[-79.5,33.01931209999998],[-79.5,33.0188498],[-79.5,33.016859899999986],[-79.5,33.01644970000001],[-79.5,33.003721799999994],[-79.5,33.00155810000001],[-79.5,33.0],[-79.5020356,33.0],[-79.5105547,33.0],[-79.51681430000002,33.0],[-79.51841940000003,33.0],[-79.54640549999999,33.0],[-79.55128409999998,33.0],[-79.5531838,33.0],[-79.5541498,33.0],[-79.55707410000002,33.0],[-79.55728870000002,33.0],[-79.56179309999999,33.0],[-79.5681687,33.0],[-79.5749755,33.0],[-79.57499999999999,33.0],[-79.57499999999999,33.0000733]]]}},{"type":"Feature","properties":{},"geometry":{"type":"Polygon","coordinates":[[[-79.5,33.00155810000001],[-79.5,33.003721799999994],[-79.5,33.01644970000001],[-79.5,33.016859899999986],[-79.5,33.0188498],[-79.5,33.01931209999998],[-79.5,33.01995449999998],[-79.5,33.01996860000003],[-79.5,33.02036700000002],[-79.5,33.02057789999998],[-79.5,33.0206225],[-79.5,33.02115659999998],[-79.5,33.02304049999998],[-79.5,33.02458309999997],[-79.5,33.03467439999997],[-79.5,33.0348606],[-79.5,33.03596570000002],[-79.5,33.03863719999998],[-79.5,33.039095299999985],[-79.5,33.039332],[-79.5,33.039482599999985],[-79.5,33.04733859999999],[-79.5,33.048267399999986],[-79.5,33.050730699999974],[-79.5,33.05090680000001],[-79.5,33.0555329],[-79.5,33.05840260000002],[-79.5,33.058408499999985],[-79.5,33.058697600000016],[-79.5,33.05887580000001],[-79.5,33.05914000000001],[-79.5,33.0591556],[-79.5,33.05976190000001],[-79.5,33.06023620000002],[-79.5,33.06227419999999],[-79.5,33.07499999999999],[-79.47941329999998,33.07499999999999],[-79.4791588,33.07499999999999],[-79.47315579999997,33.07499999999999],[-79.47252689999999,33.07499999999999],[-79.4677929,33.07499999999999],[-79.4671204,33.07499999999999],[-79.46646070000003,33.07499999999999],[-79.46573080000002,33.07499999999999],[-79.465575,33.07499999999999],[-79.46515249999999,33.07499999999999],[-79.46349880000002,33.07499999999999],[-79.46303619999998,33.07499999999999],[-79.4616001,33.07499999999999],[-79.46062849999998,33.07499999999999],[-79.4593681,33.07499999999999],[-79.45444650000002,33.07499999999999],[-79.45356989999999,33.07499999999999],[-79.44791470000001,33.07499999999999],[-79.44705520000002,33.07499999999999],[-79.44679919999999,33.07499999999999],[-79.43752169999999,33.07499999999999],[-79.43718009999998,33.07499999999999],[-79.4364435,33.07499999999999],[-79.43179170000002,33.07499999999999],[-79.43024120000001,33.07499999999999],[-79.43002840000003,33.07499999999999],[-79.4295184,33.07499999999999],[-79.4291389,33.07499999999999],[-79.42833580000001,33.07499999999999],[-79.42643249999998,33.07499999999999],[-79.4259376,33.07499999999999],[-79.42514840000001,33.07499999999999],[-79.42500000000001,33.07499999999999],[-79.42500000000001,33.07496040000001],[-79.42500000000001,33.074295199999995],[-79.42500000000001,33.07400910000001],[-79.42500000000001,33.07400799999999],[-79.42500000000001,33.07373080000002],[-79.42500000000001,33.06660310000001],[-79.42500000000001,33.06654020000002],[-79.42500000000001,33.06552970000001],[-79.42500000000001,33.06502949999998],[-79.42500000000001,33.064304600000014],[-79.42500000000001,33.06389669999999],[-79.42500000000001,33.063894800000014],[-79.42500000000001,33.060241700000006],[-79.42500000000001,33.06018089999998],[-79.42500000000001,33.06002380000001],[-79.42500000000001,33.05896480000001],[-79.42500000000001,33.056545400000005],[-79.42500000000001,33.05581840000002],[-79.42500000000001,33.049736499999995],[-79.42500000000001,33.04419159999998],[-79.42500000000001,33.04058839999999],[-79.42500000000001,33.03267729999999],[-79.42500000000001,33.0325282],[-79.42500000000001,33.03094870000001],[-79.42500000000001,33.027177800000004],[-79.42500000000001,33.026039000000026],[-79.42500000000001,33.024704199999974],[-79.42500000000001,33.02099149999998],[-79.42500000000001,33.01905160000001],[-79.42500000000001,33.01555960000002],[-79.42500000000001,33.015299700000014],[-79.42500000000001,33.01503760000003],[-79.42500000000001,33.01442429999997],[-79.42500000000001,33.013448100000005],[-79.42500000000001,33.01269509999997],[-79.42500000000001,33.01243720000002],[-79.42500000000001,33.009966299999974],[-79.42500000000001,33.00971449999997],[-79.42500000000001,33.00958889999998],[-79.42500000000001,33.009576200000026],[-79.42500000000001,33.00829169999997],[-79.42500000000001,33.00801489999998],[-79.42500000000001,33.004279],[-79.42500000000001,33.0],[-79.47576350000003,33.0],[-79.47637980000002,33.0],[-79.48057610000001,33.0],[-79.48186299999998,33.0],[-79.49209109999998,33.0],[-79.49241899999998,33.0],[-79.49516069999999,33.0],[-79.4999019,33.0],[-79.5,33.0],[-79.5,33.00155810000001]]]}},{"type":"Feature","properties":{},"geometry":{"type":"Polygon","coordinates":[[[-79.94999999999999,33.102601400000026],[-79.94999999999999,33.10234009999999],[-79.94999999999999,33.102232800000024],[-79.94999999999999,33.094359699999984],[-79.94999999999999,33.09432850000002],[-79.94999999999999,33.09409529999999],[-79.94999999999999,33.09375749999998],[-79.94999999999999,33.09351720000001],[-79.94999999999999,33.09349020000002],[-79.94999999999999,33.09328160000001],[-79.94999999999999,33.086768199999995],[-79.94999999999999,33.085937100000024],[-79.94999999999999,33.08583620000002],[-79.94999999999999,33.085580100000016],[-79.94999999999999,33.08544890000002],[-79.94999999999999,33.08041730000002],[-79.94999999999999,33.07962650000002],[-79.94999999999999,33.07895619999999],[-79.94999999999999,33.07879459999998],[-79.94999999999999,33.07868610000003],[-79.94999999999999,33.07499999999999],[-79.9529293,33.07499999999999],[-79.95345279999998,33.07499999999999],[-80.02499999999998,33.07499999999999],[-80.02499999999998,33.14999999999998],[-79.94999999999999,33.14999999999998],[-79.94999999999999,33.102977099999976],[-79.94999999999999,33.10295000000002],[-79.94999999999999,33.10280030000001],[-79.94999999999999,33.102601400000026]]]}},{"type":"Feature","properties":{},"geometry":{"type":"Polygon","coordinates":[[[-79.94947020000001,33.07499999999999],[-79.94999999999999,33.07499999999999],[-79.94999999999999,33.07868610000003],[-79.94999999999999,33.07879459999998],[-79.94999999999999,33.07895619999999],[-79.94999999999999,33.07962650000002],[-79.94999999999999,33.08041730000002],[-79.94999999999999,33.08544890000002],[-79.94999999999999,33.085580100000016],[-79.94999999999999,33.08583620000002],[-79.94999999999999,33.085937100000024],[-79.94999999999999,33.086768199999995],[-79.94999999999999,33.09328160000001],[-79.94999999999999,33.09349020000002],[-79.94999999999999,33.09351720000001],[-79.94999999999999,33.09375749999998],[-79.94999999999999,33.09409529999999],[-79.94999999999999,33.09432850000002],[-79.94999999999999,33.094359699999984],[-79.94999999999999,33.102232800000024],[-79.94999999999999,33.10234009999999],[-79.94999999999999,33.102601400000026],[-79.94999999999999,33.10280030000001],[-79.94999999999999,33.10295000000002],[-79.94999999999999,33.102977099999976],[-79.94999999999999,33.14999999999998],[-79.875,33.14999999999998],[-79.875,33.07499999999999],[-79.88117979999998,33.07499999999999],[-79.88150530000001,33.07499999999999],[-79.88329479999999,33.07499999999999],[-79.9011547,33.07499999999999],[-79.91414479999997,33.07499999999999],[-79.91492090000003,33.07499999999999],[-79.91509509999997,33.07499999999999],[-79.91526670000002,33.07499999999999],[-79.9158051,33.07499999999999],[-79.91612070000002,33.07499999999999],[-79.92479600000001,33.07499999999999],[-79.92704409999999,33.07499999999999],[-79.92788719999999,33.07499999999999],[-79.92853819999999,33.07499999999999],[-79.92858810000001,33.07499999999999],[-79.92878439999998,33.07499999999999],[-79.9291465,33.07499999999999],[-79.9295141,33.07499999999999],[-79.9300546,33.07499999999999],[-79.93033780000002,33.07499999999999],[-79.93050210000001,33.07499999999999],[-79.93499969999999,33.07499999999999],[-79.93506350000001,33.07499999999999],[-79.93616800000001,33.07499999999999],[-79.9363765,33.07499999999999],[-79.93685199999999,33.07499999999999],[-79.9370788,33.07499999999999],[-79.9377457,33.07499999999999],[-79.94133470000003,33.07499999999999],[-79.9417891,33.07499999999999],[-79.9445025,33.07499999999999],[-79.94458939999998,33.07499999999999],[-79.94793829999998,33.07499999999999],[-79.94947020000001,33.07499999999999]]]}},{"type":"Feature","properties":{},"geometry":{"type":"Polygon","coordinates":[[[-79.80000000000001,33.14999999999998],[-79.80000000000001,33.1451222],[-79.80000000000001,33.07499999999999],[-79.85019190000003,33.07499999999999],[-79.85082549999998,33.07499999999999],[-79.85413820000002,33.07499999999999],[-79.85443859999998,33.07499999999999],[-79.85503069999999,33.07499999999999],[-79.8552795,33.07499999999999],[-79.85538939999998,33.07499999999999],[-79.85610759999997,33.07499999999999],[-79.85633339999998,33.07499999999999],[-79.85713520000002,33.07499999999999],[-79.85804760000002,33.07499999999999],[-79.8583079,33.07499999999999],[-79.8583448,33.07499999999999],[-79.85841479999999,33.07499999999999],[-79.85897929999999,33.07499999999999],[-79.85913169999998,33.07499999999999],[-79.85916709999998,33.07499999999999],[-79.8592691,33.07499999999999],[-79.86010540000001,33.07499999999999],[-79.86966610000002,33.07499999999999],[-79.87008370000001,33.07499999999999],[-79.87025899999998,33.07499999999999],[-79.87031189999999,33.07499999999999],[-79.87055020000003,33.07499999999999],[-79.87315619999998,33.07499999999999],[-79.873399,33.07499999999999],[-79.87344919999998,33.07499999999999],[-79.87359759999998,33.07499999999999],[-79.875,33.07499999999999],[-79.875,33.14999999999998],[-79.80503909999999,33.14999999999998],[-79.80000000000001,33.14999999999998]]]}},{"type":"Feature","properties":{},"geometry":{"type":"Polygon","coordinates":[[[-79.4677929,33.07499999999999],[-79.47252689999999,33.07499999999999],[-79.47315579999997,33.07499999999999],[-79.4791588,33.07499999999999],[-79.47941329999998,33.07499999999999],[-79.5,33.07499999999999],[-79.5,33.08928550000002],[-79.5,33.14999999999998],[-79.42500000000001,33.14999999999998],[-79.42500000000001,33.14677160000002],[-79.42500000000001,33.089234499999975],[-79.42500000000001,33.089131899999984],[-79.42500000000001,33.08892020000002],[-79.42500000000001,33.08869320000002],[-79.42500000000001,33.08838450000002],[-79.42500000000001,33.08825589999998],[-79.42500000000001,33.08810080000001],[-79.42500000000001,33.0880176],[-79.42500000000001,33.0875939],[-79.42500000000001,33.087589200000025],[-79.42500000000001,33.087342999999976],[-79.42500000000001,33.08688719999998],[-79.42500000000001,33.086651200000006],[-79.42500000000001,33.08351399999998],[-79.42500000000001,33.08338279999998],[-79.42500000000001,33.07893949999999],[-79.42500000000001,33.07886289999999],[-79.42500000000001,33.0782974],[-79.42500000000001,33.07827950000001],[-79.42500000000001,33.07510789999998],[-79.42500000000001,33.075093200000026],[-79.42500000000001,33.07499999999999],[-79.42514840000001,33.07499999999999],[-79.4259376,33.07499999999999],[-79.42643249999998,33.07499999999999],[-79.42833580000001,33.07499999999999],[-79.4291389,33.07499999999999],[-79.4295184,33.07499999999999],[-79.43002840000003,33.07499999999999],[-79.43024120000001,33.07499999999999],[-79.43179170000002,33.07499999999999],[-79.4364435,33.07499999999999],[-79.43718009999998,33.07499999999999],[-79.43752169999999,33.07499999999999],[-79.44679919999999,33.07499999999999],[-79.44705520000002,33.07499999999999],[-79.44791470000001,33.07499999999999],[-79.45356989999999,33.07499999999999],[-79.45444650000002,33.07499999999999],[-79.4593681,33.07499999999999],[-79.46062849999998,33.07499999999999],[-79.4616001,33.07499999999999],[-79.46303619999998,33.07499999999999],[-79.46349880000002,33.07499999999999],[-79.46515249999999,33.07499999999999],[-79.465575,33.07499999999999],[-79.46573080000002,33.07499999999999],[-79.46646070000003,33.07499999999999],[-79.4671204,33.07499999999999],[-79.4677929,33.07499999999999]]]}},{"type":"Feature","properties":{},"geometry":{"type":"Polygon","coordinates":[[[-79.39553469999998,33.07499999999999],[-79.39678980000002,33.07499999999999],[-79.4040506,33.07499999999999],[-79.4065817,33.07499999999999],[-79.40667769999999,33.07499999999999],[-79.4069672,33.07499999999999],[-79.40745449999997,33.07499999999999],[-79.41477850000001,33.07499999999999],[-79.41496389999998,33.07499999999999],[-79.41581969999999,33.07499999999999],[-79.41598620000002,33.07499999999999],[-79.41628480000003,33.07499999999999],[-79.41835889999999,33.07499999999999],[-79.42468309999998,33.07499999999999],[-79.42500000000001,33.07499999999999],[-79.42500000000001,33.07510789999998],[-79.42500000000001,33.07827950000001],[-79.42500000000001,33.07886289999999],[-79.42500000000001,33.07893949999999],[-79.42500000000001,33.08338279999998],[-79.42500000000001,33.08351399999998],[-79.42500000000001,33.086651200000006],[-79.42500000000001,33.087342999999976],[-79.42500000000001,33.087589200000025],[-79.42500000000001,33.0880176],[-79.42500000000001,33.08810080000001],[-79.42500000000001,33.08825589999998],[-79.42500000000001,33.08838450000002],[-79.42500000000001,33.08869320000002],[-79.42500000000001,33.08892020000002],[-79.42500000000001,33.089234499999975],[-79.42500000000001,33.14677160000002],[-79.42500000000001,33.14999999999998],[-79.39500000000001,33.14999999999998],[-79.39500000000001,33.07499999999999],[-79.39553469999998,33.07499999999999]]]}},{"type":"Feature","properties":{},"geometry":{"type":"Polygon","coordinates":[[[-79.42500000000001,33.14999999999998],[-79.42500000000001,33.22500000000002],[-79.39500000000001,33.22500000000002],[-79.39500000000001,33.14999999999998],[-79.42500000000001,33.14999999999998]]]}}]}