{"type":"FeatureCollection","features":[{"type":"Feature","geometry":{"type":"LineString","coordinates":[[-81.58109200000035,30.4122669999997],[-81.58104710000043,30.412028999999166],[-81.58410530000037,30.41204319999997],[-81.58399420000023,30.41228620000038],[-81.58109200000035,30.4122669999997]]},"properties":{"k":"b","n":"Dunn Creek SR 105","c":"fixed bridge","v":7.3,"cc":null,"co":null}},{"type":"Feature","geometry":{"type":"LineString","coordinates":[[-81.58374080000067,30.436393800000587],[-81.58490239999992,30.437280100000862],[-81.58484959999987,30.437405900000158],[-81.58365459999914,30.436489100000472],[-81.58374080000067,30.436393800000587]]},"properties":{"k":"b","n":null,"c":"fixed bridge","v":7.1,"cc":null,"co":null}},{"type":"Feature","geometry":{"type":"LineString","coordinates":[[-81.58383449999928,30.436123999999836],[-81.58448010000029,30.436615399999937],[-81.5850790000004,30.437077299999146],[-81.58499049999955,30.437179200000173],[-81.58470110000053,30.436958800000866],[-81.583799,30.4362641000007],[-81.58383449999928,30.436123999999836]]},"properties":{"k":"b","n":null,"c":"fixed bridge","v":7.1,"cc":null,"co":null}},{"type":"Feature","geometry":{"type":"LineString","coordinates":[[-81.53881639999963,30.412450899999385],[-81.5415023000005,30.41554299999916],[-81.54143130000011,30.41560820000086],[-81.53871009999966,30.412491099999897],[-81.53881639999963,30.412450899999385]]},"properties":{"k":"b","n":null,"c":"fixed bridge","v":2.4,"cc":null,"co":null}},{"type":"Feature","geometry":{"type":"LineString","coordinates":[[-81.5402226999995,30.410909700000047],[-81.54391170000054,30.4135167000004],[-81.54385209999964,30.413809100000435],[-81.54001869999956,30.41111389999969],[-81.5402226999995,30.410909700000047]]},"properties":{"k":"b","n":null,"c":"fixed bridge","v":3.0,"cc":null,"co":null}},{"type":"Feature","geometry":{"type":"LineString","coordinates":[[-81.53178569999909,30.41763010000068],[-81.53175499999998,30.4177380000001],[-81.53165339999941,30.4177166999998],[-81.53168759999971,30.417610300000888],[-81.53178569999909,30.41763010000068]]},"properties":{"k":"b","n":null,"c":"fixed bridge","v":2.7,"cc":null,"co":null}},{"type":"Feature","geometry":{"type":"LineString","coordinates":[[-81.53906529999949,30.412319999999454],[-81.53951170000073,30.412834999999177],[-81.54183179999927,30.415509200000088],[-81.54175399999986,30.415552500000558],[-81.53897739999957,30.41236629999912],[-81.53906529999949,30.412319999999454]]},"properties":{"k":"b","n":null,"c":"fixed bridge","v":2.4,"cc":null,"co":null}},{"type":"Feature","geometry":{"type":"LineString","coordinates":[[-81.5831646000006,30.43758270000035],[-81.5843406999993,30.43781560000025],[-81.58465230000002,30.437877399999707],[-81.58314050000081,30.437618699999803],[-81.5831646000006,30.43758270000035]]},"properties":{"k":"b","n":"RR Bridge","c":"fixed bridge","v":2.1,"cc":null,"co":null}},{"type":"Feature","geometry":{"type":"LineString","coordinates":[[-81.50845839999965,30.40520219999962],[-81.50855629999933,30.40526839999984],[-81.50847470000008,30.405355599999893],[-81.50838239999939,30.405290599999717],[-81.50845839999965,30.40520219999962]]},"properties":{"k":"b","n":null,"c":"fixed bridge","v":3.6,"cc":null,"co":null}},{"type":"Feature","geometry":{"type":"LineString","coordinates":[[-81.41910690000077,30.419278699999268],[-81.41914890000044,30.419355399999404],[-81.41599230000065,30.421232700000473],[-81.41590130000077,30.421141299999363],[-81.41910690000077,30.419278699999268]]},"properties":{"k":"b","n":null,"c":"fixed bridge","v":4.5,"cc":null,"co":null}},{"type":"Feature","geometry":{"type":"LineString","coordinates":[[-80.7465030000003,28.401089999999385],[-80.74650640000073,28.40121419999923],[-80.74552559999938,28.401356500000475],[-80.74552399999993,28.401237000000037],[-80.7465030000003,28.401089999999385]]},"properties":{"k":"b","n":null,"c":"fixed bridge","v":3.6,"cc":null,"co":null}},{"type":"Feature","geometry":{"type":"LineString","coordinates":[[-80.70624689999931,28.4075542999999],[-80.70625110000037,28.40775989999929],[-80.70602859999963,28.407783500000733],[-80.70601100000022,28.407577500000116],[-80.70624689999931,28.4075542999999]]},"properties":{"k":"b","n":null,"c":"bascule bridge","v":null,"cc":6.4,"co":null}},{"type":"Feature","geometry":{"type":"LineString","coordinates":[[-80.73820410000008,28.402338199999576],[-80.73821990000033,28.40243240000018],[-80.73149259999991,28.403409900000042],[-80.73147450000033,28.403290800000832],[-80.73820410000008,28.402338199999576]]},"properties":{"k":"b","n":null,"c":"fixed bridge","v":19.8,"cc":null,"co":null}},{"type":"Feature","geometry":{"type":"LineString","coordinates":[[-80.73816799999986,28.402112300000226],[-80.7381860000005,28.402229100000113],[-80.73146140000063,28.40320470000006],[-80.73145169999952,28.40314109999963],[-80.73816799999986,28.402112300000226]]},"properties":{"k":"b","n":null,"c":"fixed bridge","v":19.8,"cc":null,"co":null}},{"type":"Feature","geometry":{"type":"LineString","coordinates":[[-80.74650950000068,28.40132369999992],[-80.74651199999971,28.40141500000027],[-80.74552799999947,28.40154199999961],[-80.74552679999942,28.401451699999598],[-80.74650950000068,28.40132369999992]]},"properties":{"k":"b","n":null,"c":"fixed bridge","v":3.6,"cc":null,"co":null}},{"type":"Feature","geometry":{"type":"LineString","coordinates":[[-80.76582640000015,28.527124399999593],[-80.76588260000062,28.527520800000275],[-80.76523749999978,28.52745259999938],[-80.76516740000079,28.52714299999934],[-80.76582640000015,28.527124399999593]]},"properties":{"k":"b","n":"Nasa Parkway","c":"bascule bridge","v":null,"cc":8.2,"co":null}},{"type":"Feature","geometry":{"type":"LineString","coordinates":[[-80.7998635999993,28.61945410000044],[-80.80002000000059,28.61963900000046],[-80.79582180000034,28.62252240000089],[-80.79568450000079,28.62239430000045],[-80.7998635999993,28.61945410000044]]},"properties":{"k":"b","n":"A. Max Brewer","c":"fixed bridge","v":19.8,"cc":null,"co":null}},{"type":"Feature","geometry":{"type":"LineString","coordinates":[[-80.80655549999938,28.650568099999873],[-80.80713300000025,28.65057540000089],[-80.80712669999957,28.650730499999554],[-80.80654929999946,28.65072289999989],[-80.80655549999938,28.650568099999873]]},"properties":{"k":"b","n":null,"c":"bascule bridge","v":null,"cc":2.1,"co":null}},{"type":"Feature","geometry":{"type":"LineString","coordinates":[[-80.75467589999971,28.7361908999992],[-80.75486319999982,28.7364120000002],[-80.75466170000072,28.73658660000001],[-80.7544799999996,28.736368399999265],[-80.75467589999971,28.7361908999992]]},"properties":{"k":"b","n":null,"c":"bascule bridge","v":null,"cc":8.2,"co":null}},{"type":"Feature","geometry":{"type":"LineString","coordinates":[[-80.91920960000061,29.022999799999525],[-80.91883899999993,29.02314370000022],[-80.91887359999964,29.02337240000088],[-80.91594570000052,29.02449440000055],[-80.9158322000003,29.02429640000082],[-80.91920960000061,29.022999799999525]]},"properties":{"k":"b","n":null,"c":"fixed bridge","v":19.8,"cc":null,"co":null}},{"type":"Feature","geometry":{"type":"LineString","coordinates":[[-80.90538740000011,29.03864849999991],[-80.90538679999918,29.038812400000097],[-80.90506119999918,29.038812299999336],[-80.90506020000066,29.038651000000755],[-80.90538740000011,29.03864849999991]]},"properties":{"k":"b","n":null,"c":"bascule bridge","v":null,"cc":7.3,"co":null}},{"type":"Feature","geometry":{"type":"LineString","coordinates":[[-80.90422460000082,29.028736899999785],[-80.90435450000041,29.029000900000028],[-80.90389270000014,29.029176100000768],[-80.90353320000031,29.02898920000007],[-80.90422460000082,29.028736899999785]]},"properties":{"k":"b","n":null,"c":"fixed bridge","v":19.8,"cc":null,"co":null}},{"type":"Feature","geometry":{"type":"LineString","coordinates":[[-80.97652720000042,29.147616399999606],[-80.97633759999917,29.14781310000035],[-80.97643199999948,29.147941600000195],[-80.97470160000012,29.148734300000797],[-80.97457500000019,29.1485358000009],[-80.97407879999992,29.148736900000586],[-80.97652720000042,29.147616399999606]]},"properties":{"k":"b","n":null,"c":"fixed bridge","v":19.8,"cc":null,"co":null}},{"type":"Feature","geometry":{"type":"LineString","coordinates":[[-81.01532000000043,29.21625219999987],[-81.01551169999948,29.216489500000534],[-81.0153064999995,29.216828599999644],[-81.01511369999935,29.21659340000042],[-81.01532000000043,29.21625219999987]]},"properties":{"k":"b","n":null,"c":"fixed bridge","v":19.8,"cc":null,"co":null}},{"type":"Feature","geometry":{"type":"LineString","coordinates":[[-81.01120629999969,29.211012499999924],[-81.01130039999953,29.211167800000112],[-81.01094469999953,29.211327600000004],[-81.01084909999918,29.21117349999986],[-81.01120629999969,29.211012499999924]]},"properties":{"k":"b","n":"Veterans Memorial Bridge","c":"fixed bridge","v":19.8,"cc":null,"co":null}},{"type":"Feature","geometry":{"type":"LineString","coordinates":[[-81.01915510000072,29.22247570000036],[-81.0191978999992,29.222558100000242],[-81.01876819999961,29.22273850000056],[-81.01871500000016,29.2226498],[-81.01915510000072,29.22247570000036]]},"properties":{"k":"b","n":null,"c":"bascule bridge","v":null,"cc":6.7,"co":null}},{"type":"Feature","geometry":{"type":"LineString","coordinates":[[-81.02374969999983,29.229775199999494],[-81.02376630000072,29.229912599999807],[-81.02294090000032,29.23015359999954],[-81.0200330000007,29.230834300000424],[-81.01872220000041,29.231248599999162],[-81.01864200000091,29.231131200000164],[-81.01981180000075,29.230753800000457],[-81.02374969999983,29.229775199999494]]},"properties":{"k":"b","n":"Twin Fixed Bridges","c":"fixed bridge","v":19.8,"cc":null,"co":null}},{"type":"Feature","geometry":{"type":"LineString","coordinates":[[-81.02359969999998,29.23050350000085],[-81.02374349999991,29.230516499999794],[-81.02476840000054,29.229880999999295],[-81.0216079999991,29.232023099999424],[-81.0216834999992,29.23193010000068],[-81.02163529999962,29.231837699999232],[-81.02359969999998,29.23050350000085]]},"properties":{"k":"b","n":"Twin Fixed Bridges","c":"fixed bridge","v":19.8,"cc":null,"co":null}},{"type":"Feature","geometry":{"type":"LineString","coordinates":[[-81.05415159999939,29.286170800000036],[-81.05425749999995,29.286399299999175],[-81.04913459999989,29.288427900000897],[-81.04901210000025,29.288209899999856],[-81.05415159999939,29.286170800000036]]},"properties":{"k":"b","n":null,"c":"fixed bridge","v":19.8,"cc":null,"co":null}},{"type":"Feature","geometry":{"type":"LineString","coordinates":[[-81.10108310000032,29.40852140000061],[-81.10114070000054,29.408598599999095],[-81.10086629999932,29.40870460000042],[-81.1008094000008,29.40862720000041],[-81.10108310000032,29.40852140000061]]},"properties":{"k":"b","n":null,"c":"bascule bridge","v":null,"cc":4.5,"co":null}},{"type":"Feature","geometry":{"type":"LineString","coordinates":[[-81.13703030000033,29.477352600000813],[-81.13710480000009,29.477585599999657],[-81.13649719999921,29.47780849999981],[-81.13639630000034,29.477584399999614],[-81.13703030000033,29.477352600000813]]},"properties":{"k":"b","n":null,"c":"fixed bridge","v":19.8,"cc":null,"co":null}},{"type":"Feature","geometry":{"type":"LineString","coordinates":[[-81.1891897000005,29.57351329999983],[-81.18927140000051,29.5736952999996],[-81.18901840000035,29.573829499999192],[-81.1889310000006,29.573648800000228],[-81.1891897000005,29.57351329999983]]},"properties":{"k":"b","n":null,"c":"fixed bridge","v":19.8,"cc":null,"co":null}},{"type":"Feature","geometry":{"type":"LineString","coordinates":[[-81.25826419999976,29.7683990000005],[-81.25834489999943,29.76849679999941],[-81.25814519999949,29.768686199999138],[-81.25806379999995,29.768591100000776],[-81.25826419999976,29.7683990000005]]},"properties":{"k":"b","n":null,"c":"bascule bridge","v":null,"cc":7.6,"co":null}},{"type":"Feature","geometry":{"type":"LineString","coordinates":[[-81.30752390000089,29.892839000000095],[-81.30752700000085,29.892948099999558],[-81.30720250000013,29.89296370000011],[-81.30719560000034,29.892853600000308],[-81.30752390000089,29.892839000000095]]},"properties":{"k":"b","n":"Bridge of Lions","c":"bascule bridge","v":null,"cc":5.4,"co":null}},{"type":"Feature","geometry":{"type":"LineString","coordinates":[[-81.30887330000041,29.867133800000374],[-81.30878099999973,29.867250699999204],[-81.30460250000033,29.867322899999635],[-81.30469079999966,29.867210200000045],[-81.30887330000041,29.867133800000374]]},"properties":{"k":"b","n":null,"c":"fixed bridge","v":19.8,"cc":null,"co":null}},{"type":"Feature","geometry":{"type":"LineString","coordinates":[[-81.30894699999953,29.86694669999997],[-81.30890929999987,29.86706360000062],[-81.30474630000026,29.86713950000012],[-81.30479039999955,29.86702039999909],[-81.30894699999953,29.86694669999997]]},"properties":{"k":"b","n":null,"c":"fixed bridge","v":19.8,"cc":null,"co":null}},{"type":"Feature","geometry":{"type":"LineString","coordinates":[[-81.30583560000014,29.91600710000057],[-81.30595829999947,29.91609729999982],[-81.30526830000053,29.91663619999963],[-81.30445220000001,29.9170981999996],[-81.30356270000084,29.917441899999176],[-81.30208019999918,29.917726600000606],[-81.29999999999927,29.917798099999345],[-81.29999999999927,29.917654400000174],[-81.30212109999957,29.91757630000029],[-81.30349700000079,29.917307199999414],[-81.30440529999942,29.916963699999542],[-81.30490859999918,29.916687799999636],[-81.30583560000014,29.91600710000057]]},"properties":{"k":"b","n":null,"c":"fixed bridge","v":19.8,"cc":null,"co":null}},{"type":"Feature","geometry":{"type":"LineString","coordinates":[[-81.29999999999927,29.917654400000174],[-81.29999999999927,29.917798099999345],[-81.29869289999988,29.917836399999942],[-81.29868539999916,29.917698299999756],[-81.29999999999927,29.917654400000174]]},"properties":{"k":"b","n":null,"c":"fixed bridge","v":19.8,"cc":null,"co":null}},{"type":"Feature","geometry":{"type":"LineString","coordinates":[[-81.3858020000007,30.13246910000089],[-81.38601600000038,30.132625800000824],[-81.38530729999911,30.1330753000002],[-81.38514450000002,30.13288780000039],[-81.3858020000007,30.13246910000089]]},"properties":{"k":"b","n":"Palm Valley Bridge","c":"fixed bridge","v":19.8,"cc":null,"co":null}},{"type":"Feature","geometry":{"type":"LineString","coordinates":[[-81.42149710000012,30.287955600000714],[-81.4214979999997,30.288396199999625],[-81.4210923999999,30.288399299999583],[-81.4210832000008,30.287958900000376],[-81.42149710000012,30.287955600000714]]},"properties":{"k":"b","n":"B B McCormick Bridge","c":"fixed bridge","v":19.8,"cc":null,"co":null}},{"type":"Feature","geometry":{"type":"LineString","coordinates":[[-81.42855589999999,30.257181599999967],[-81.42845400000078,30.257487000000765],[-81.42813960000058,30.257491599999412],[-81.42824710000059,30.25718609999967],[-81.42855589999999,30.257181599999967]]},"properties":{"k":"b","n":"Twin Fixed Bridges","c":"fixed bridge","v":19.8,"cc":null,"co":null}},{"type":"Feature","geometry":{"type":"LineString","coordinates":[[-81.59862009999961,30.32121139999981],[-81.59920500000044,30.321687499999825],[-81.60000000000036,30.322156000000177],[-81.60000000000036,30.32232760000079],[-81.59878380000009,30.32155849999981],[-81.5984812000006,30.321285199999693],[-81.59862009999961,30.32121139999981]]},"properties":{"k":"b","n":null,"c":"fixed bridge","v":5.4,"cc":null,"co":null}},{"type":"Feature","geometry":{"type":"LineString","coordinates":[[-81.58760509999956,30.31280169999991],[-81.58757270000024,30.31302979999964],[-81.58722309999939,30.313041400000657],[-81.58733340000072,30.312815400000545],[-81.58760509999956,30.31280169999991]]},"properties":{"k":"b","n":null,"c":"fixed bridge","v":2.4,"cc":null,"co":null}},{"type":"Feature","geometry":{"type":"LineString","coordinates":[[-81.59819070000049,30.32148579999921],[-81.59793890000037,30.32211070000085],[-81.59770879999996,30.322026199999527],[-81.59804330000043,30.32130529999995],[-81.59825160000037,30.3213508000008],[-81.59819070000049,30.32148579999921]]},"properties":{"k":"b","n":null,"c":"fixed bridge","v":5.7,"cc":null,"co":null}},{"type":"Feature","geometry":{"type":"LineString","coordinates":[[-81.55224210000051,30.36573540000063],[-81.55198969999947,30.366831100000127],[-81.55181059999995,30.368170499999906],[-81.55176220000067,30.369300199999998],[-81.55182099999911,30.370553599999766],[-81.55198659999951,30.371762599999784],[-81.55223540000043,30.37286850000055],[-81.55300130000069,30.375],[-81.55267470000035,30.375],[-81.55218699999932,30.373747999999978],[-81.55169700000079,30.371865799999796],[-81.55148799999915,30.370183000000907],[-81.55150510000021,30.368228799999997],[-81.55167620000066,30.366889599999922],[-81.55192200000056,30.365800400000808],[-81.55224210000051,30.36573540000063]]},"properties":{"k":"b","n":null,"c":"fixed bridge","v":6.0,"cc":null,"co":null}},{"type":"Feature","geometry":{"type":"LineString","coordinates":[[-81.59515479999936,30.312814799999614],[-81.59581339999932,30.312983199999508],[-81.59575600000062,30.313182699999743],[-81.59496729999955,30.312988400000904],[-81.59515479999936,30.312814799999614]]},"properties":{"k":"b","n":null,"c":"fixed bridge","v":2.7,"cc":null,"co":null}},{"type":"Feature","geometry":{"type":"LineString","coordinates":[[-81.59763399999974,30.322590199999468],[-81.59714189999977,30.32372740000028],[-81.59694189999936,30.323667200000273],[-81.59748720000061,30.32247190000089],[-81.59763399999974,30.322590199999468]]},"properties":{"k":"b","n":null,"c":"fixed bridge","v":5.7,"cc":null,"co":null}},{"type":"Feature","geometry":{"type":"LineString","coordinates":[[-81.43875939999998,30.323217099999965],[-81.43902589999925,30.32352709999941],[-81.43851530000029,30.3236280000001],[-81.43846499999927,30.323274599999422],[-81.43875939999998,30.323217099999965]]},"properties":{"k":"b","n":"Over Atlantic Intracoastal Waterway","c":"fixed bridge","v":19.8,"cc":null,"co":null}},{"type":"Feature","geometry":{"type":"LineString","coordinates":[[-81.44303509999918,30.36074010000084],[-81.44314599999962,30.360968799999682],[-81.44277689999944,30.361104999999952],[-81.44266720000087,30.360874899999544],[-81.44303509999918,30.36074010000084]]},"properties":{"k":"b","n":null,"c":"fixed bridge","v":19.8,"cc":null,"co":null}},{"type":"Feature","geometry":{"type":"LineString","coordinates":[[-81.44125229999918,30.361397299999226],[-81.44059360000028,30.361742700000832],[-81.44049769999947,30.36194660000001],[-81.43932080000013,30.362381700000697],[-81.43951729999935,30.362038699999175],[-81.44125229999918,30.361397299999226]]},"properties":{"k":"b","n":null,"c":"fixed bridge","v":11.8,"cc":null,"co":null}},{"type":"Feature","geometry":{"type":"LineString","coordinates":[[-81.55777859999944,30.386059500000556],[-81.55747110000084,30.386171500000273],[-81.5560817000005,30.382943700000396],[-81.55639610000071,30.382847099999708],[-81.55777859999944,30.386059500000556]]},"properties":{"k":"b","n":null,"c":"fixed bridge","v":51.5,"cc":null,"co":null}},{"type":"Feature","geometry":{"type":"LineString","coordinates":[[-81.55267470000035,30.375],[-81.55300130000069,30.375],[-81.55417119999947,30.377731599999606],[-81.55384799999956,30.37772550000045],[-81.55267470000035,30.375]]},"properties":{"k":"b","n":null,"c":"fixed bridge","v":6.0,"cc":null,"co":null}},{"type":"Feature","geometry":{"type":"LineString","coordinates":[[-81.45959910000056,30.394012900000234],[-81.45985839999958,30.39430220000031],[-81.45970130000023,30.39442600000075],[-81.45945799999936,30.39415089999966],[-81.45959910000056,30.394012900000234]]},"properties":{"k":"b","n":null,"c":"fixed bridge","v":19.8,"cc":null,"co":null}},{"type":"Feature","geometry":{"type":"LineString","coordinates":[[-80.64463389999946,28.405044200000702],[-80.64771859999928,28.40505750000011],[-80.64771859999928,28.4051455000008],[-80.64463330000035,28.4051273999994],[-80.64463389999946,28.405044200000702]]},"properties":{"k":"b","n":"Bennett Memorial Causeway","c":"fixed bridge","v":10.9,"cc":null,"co":null}},{"type":"Feature","geometry":{"type":"LineString","coordinates":[[-80.63229219999994,28.40913130000081],[-80.63229080000019,28.409374999999272],[-80.63218000000052,28.409377300000415],[-80.63218000000052,28.40913179999916],[-80.63229219999994,28.40913130000081]]},"properties":{"k":"b","n":null,"c":"bascule bridge","v":null,"cc":7.6,"co":null}},{"type":"Feature","geometry":{"type":"LineString","coordinates":[[-80.65828870000041,28.405296900000394],[-80.6588124000009,28.405296900000394],[-80.65882600000077,28.4053741000007],[-80.65827650000028,28.4053741000007],[-80.65828870000041,28.405296900000394]]},"properties":{"k":"b","n":"Bennett Memorial Causeway","c":"fixed bridge","v":4.2,"cc":null,"co":null}},{"type":"Feature","geometry":{"type":"LineString","coordinates":[[-80.65878100000009,28.405131999999867],[-80.6587942999995,28.405200799999875],[-80.65829870000016,28.405200799999875],[-80.65828529999999,28.40511730000071],[-80.65878100000009,28.405131999999867]]},"properties":{"k":"b","n":"Bennett Memorial Causeway","c":"fixed bridge","v":4.2,"cc":null,"co":null}},{"type":"Feature","geometry":{"type":"LineString","coordinates":[[-80.63209570000072,28.409132299999328],[-80.63209570000072,28.40937909999957],[-80.63195040000028,28.409382600000754],[-80.63195110000015,28.40913290000026],[-80.63209570000072,28.409132299999328]]},"properties":{"k":"b","n":null,"c":"bascule bridge","v":null,"cc":7.6,"co":null}},{"type":"Feature","geometry":{"type":"LineString","coordinates":[[-80.63249299999916,28.40913030000047],[-80.63249370000085,28.409376400000838],[-80.63238470000033,28.409372899999653],[-80.63238400000046,28.40913080000064],[-80.63249299999916,28.40913030000047]]},"properties":{"k":"b","n":null,"c":"bascule bridge","v":null,"cc":7.6,"co":null}},{"type":"Feature","geometry":{"type":"LineString","coordinates":[[-80.64606500000082,28.405300700000225],[-80.64463199999955,28.405299500000183],[-80.64463260000048,28.405215200000384],[-80.64771859999928,28.40522609999971],[-80.6477145000008,28.405303199999253],[-80.64606500000082,28.405300700000225]]},"properties":{"k":"b","n":"Bennett Memorial Causeway","c":"fixed bridge","v":10.9,"cc":null,"co":null}},{"type":"Feature","geometry":{"type":"LineString","coordinates":[[-80.58872279999923,28.499211500000456],[-80.58821910000006,28.498864200000753],[-80.58840749999945,28.4986327000006],[-80.58892340000057,28.498972699999285],[-80.58872279999923,28.499211500000456]]},"properties":{"k":"b","n":null,"c":"bascule bridge","v":null,"cc":7.3,"co":null}},{"type":"Feature","geometry":{"type":"LineString","coordinates":[[-80.61211560000083,28.51308980000067],[-80.61189449999983,28.51345509999919],[-80.61095679999926,28.51304639999944],[-80.61124759999984,28.51268119999986],[-80.61211560000083,28.51308980000067]]},"properties":{"k":"b","n":null,"c":"bascule bridge","v":null,"cc":7.3,"co":null}},{"type":"Feature","geometry":{"type":"LineString","coordinates":[[-80.06414910000058,26.461604300000545],[-80.06414269999914,26.461749599999166],[-80.0637368000007,26.46174500000052],[-80.0637356999996,26.461604899999656],[-80.06414910000058,26.461604300000545]]},"properties":{"k":"b","n":null,"c":"bascule bridge","v":null,"cc":3.6,"co":null}},{"type":"Feature","geometry":{"type":"LineString","coordinates":[[-80.06227670000044,26.474028000000544],[-80.06227690000014,26.474115499999243],[-80.06201119999969,26.474116199999116],[-80.06201230000079,26.47402879999936],[-80.06227670000044,26.474028000000544]]},"properties":{"k":"b","n":null,"c":"bascule bridge","v":null,"cc":2.7,"co":null}},{"type":"Feature","geometry":{"type":"LineString","coordinates":[[-80.06507720000081,26.43990920000033],[-80.06507670000065,26.439626400000634],[-80.06536249999954,26.439625999999407],[-80.06536469999992,26.439908799999102],[-80.06507720000081,26.43990920000033]]},"properties":{"k":"b","n":null,"c":"bascule bridge","v":null,"cc":9.1,"co":null}},{"type":"Feature","geometry":{"type":"LineString","coordinates":[[-80.05339380000078,26.527009100000214],[-80.05394569999953,26.52701049999996],[-80.05394530000012,26.527162500000486],[-80.05339330000061,26.52716110000074],[-80.05339380000078,26.527009100000214]]},"properties":{"k":"b","n":null,"c":"bascule bridge","v":null,"cc":6.4,"co":null}},{"type":"Feature","geometry":{"type":"LineString","coordinates":[[-80.05582540000069,26.51446609999948],[-80.05582399999912,26.51456689999941],[-80.05547830000069,26.51456750000034],[-80.05547900000056,26.5144681999991],[-80.05582540000069,26.51446609999948]]},"properties":{"k":"b","n":null,"c":"bascule bridge","v":null,"cc":7.6,"co":null}},{"type":"Feature","geometry":{"type":"LineString","coordinates":[[-80.04331970000021,26.54530589999922],[-80.04343420000077,26.545323300000746],[-80.04337060000034,26.5456465999996],[-80.04325659999995,26.54562900000019],[-80.04331970000021,26.54530589999922]]},"properties":{"k":"b","n":null,"c":"fixed bridge","v":5.4,"cc":null,"co":null}},{"type":"Feature","geometry":{"type":"LineString","coordinates":[[-80.0453636000002,26.584143300000505],[-80.04574599999978,26.58415430000059],[-80.04574270000012,26.584300900000017],[-80.04536120000012,26.584284299999126],[-80.0453636000002,26.584143300000505]]},"properties":{"k":"b","n":null,"c":"bascule bridge","v":null,"cc":6.4,"co":null}},{"type":"Feature","geometry":{"type":"LineString","coordinates":[[-80.04355989999931,26.615329300000667],[-80.04388280000057,26.615346200000204],[-80.04386770000019,26.61556290000044],[-80.04354439999952,26.615541799999846],[-80.04355989999931,26.615329300000667]]},"properties":{"k":"b","n":null,"c":"bascule bridge","v":null,"cc":10.6,"co":26.8}},{"type":"Feature","geometry":{"type":"LineString","coordinates":[[-80.05219410000063,26.644394799999645],[-80.05243390000032,26.644399500000873],[-80.05241729999943,26.64479989999927],[-80.05217889999949,26.644809100000202],[-80.05219410000063,26.644394799999645]]},"properties":{"k":"b","n":null,"c":"fixed bridge","v":3.6,"cc":null,"co":null}},{"type":"Feature","geometry":{"type":"LineString","coordinates":[[-80.0465664000003,26.675318100000368],[-80.0471849000005,26.675349299999652],[-80.04717370000071,26.67552330000035],[-80.04655579999962,26.67549230000077],[-80.0465664000003,26.675318100000368]]},"properties":{"k":"b","n":"Southern Boulevard Bridge","c":"bascule bridge","v":null,"cc":6.4,"co":null}},{"type":"Feature","geometry":{"type":"LineString","coordinates":[[-80.06947919999948,26.88175190000038],[-80.06958309999936,26.882100400000127],[-80.06928700000026,26.882098699999915],[-80.06917919999978,26.88175709999996],[-80.06947919999948,26.88175190000038]]},"properties":{"k":"b","n":"Donald Ross Bridge","c":"bascule bridge","v":null,"cc":10.6,"co":19.8}},{"type":"Feature","geometry":{"type":"LineString","coordinates":[[-80.13680589999967,26.974608599999556],[-80.13685280000027,26.974672000000282],[-80.1367463000006,26.974760900000547],[-80.13668209999923,26.97470500000054],[-80.13680589999967,26.974608599999556]]},"properties":{"k":"b","n":null,"c":"fixed bridge","v":1.8,"cc":null,"co":null}},{"type":"Feature","geometry":{"type":"LineString","coordinates":[[-80.11809560000074,26.941445500000555],[-80.11835690000044,26.94144939999933],[-80.11832420000064,26.941621300000406],[-80.11810669999977,26.941618599999856],[-80.11809560000074,26.941445500000555]]},"properties":{"k":"b","n":null,"c":"fixed bridge","v":1.2,"cc":null,"co":null}},{"type":"Feature","geometry":{"type":"LineString","coordinates":[[-80.12024700000075,26.940641600000163],[-80.12013180000031,26.9407470999995],[-80.1199703000002,26.940667200000462],[-80.12010120000014,26.94055339999977],[-80.12024700000075,26.940641600000163]]},"properties":{"k":"b","n":null,"c":"fixed bridge","v":2.1,"cc":null,"co":null}},{"type":"Feature","geometry":{"type":"LineString","coordinates":[[-80.13191299999926,26.971936600000845],[-80.13195059999998,26.971997900000133],[-80.13170200000059,26.97215049999977],[-80.13172019999911,26.972117999999682],[-80.13191299999926,26.971936600000845]]},"properties":{"k":"b","n":null,"c":"fixed bridge","v":1.8,"cc":null,"co":null}},{"type":"Feature","geometry":{"type":"LineString","coordinates":[[-80.13234089999969,26.976502299999993],[-80.13237060000029,26.97661960000005],[-80.1317154999997,26.97662280000077],[-80.13169969999944,26.976505200000247],[-80.13234089999969,26.976502299999993]]},"properties":{"k":"b","n":null,"c":"fixed bridge","v":3.9,"cc":null,"co":null}},{"type":"Feature","geometry":{"type":"LineString","coordinates":[[-80.12188670000069,26.94313449999936],[-80.12189299999955,26.94364019999921],[-80.12174919999961,26.943650200000775],[-80.12174509999932,26.943165900000167],[-80.12188670000069,26.94313449999936]]},"properties":{"k":"b","n":null,"c":"fixed bridge","v":1.8,"cc":null,"co":null}},{"type":"Feature","geometry":{"type":"LineString","coordinates":[[-80.09044060000087,26.94753259999925],[-80.09024730000056,26.94776599999932],[-80.09019099999932,26.947726200000034],[-80.09038390000023,26.947493499999837],[-80.09044060000087,26.94753259999925]]},"properties":{"k":"b","n":"Florida East Coast Railroad Bridge","c":"bascule bridge","v":null,"cc":1.2,"co":null}},{"type":"Feature","geometry":{"type":"LineString","coordinates":[[-80.07905489999939,26.952511999999842],[-80.07905759999994,26.952617799999643],[-80.07862530000057,26.952621599999475],[-80.07862290000048,26.952514700000393],[-80.07905489999939,26.952511999999842]]},"properties":{"k":"b","n":null,"c":"bascule bridge","v":null,"cc":7.6,"co":null}},{"type":"Feature","geometry":{"type":"LineString","coordinates":[[-80.0909128000003,26.946227099999305],[-80.09112090000053,26.946389900000213],[-80.08992860000035,26.94782210000085],[-80.08969529999922,26.94766829999935],[-80.0909128000003,26.946227099999305]]},"properties":{"k":"b","n":null,"c":"fixed bridge","v":7.6,"cc":null,"co":null}},{"type":"Feature","geometry":{"type":"LineString","coordinates":[[-80.08391420000044,26.93407859999934],[-80.08378420000008,26.93372780000027],[-80.08407260000058,26.933728699999847],[-80.0841934,26.93408450000061],[-80.08391420000044,26.93407859999934]]},"properties":{"k":"b","n":null,"c":"bascule bridge","v":null,"cc":10.6,"co":null}},{"type":"Feature","geometry":{"type":"LineString","coordinates":[[-80.08476879999944,26.94727629999943],[-80.08507119999922,26.94728910000049],[-80.08513470000071,26.947848399999202],[-80.08483220000016,26.947835700000724],[-80.08476879999944,26.94727629999943]]},"properties":{"k":"b","n":null,"c":"bascule bridge","v":null,"cc":11.5,"co":null}},{"type":"Feature","geometry":{"type":"LineString","coordinates":[[-80.12242200000037,27.06453370000054],[-80.12247070000012,27.06464760000017],[-80.12215230000038,27.064756800000396],[-80.12210159999995,27.06464439999945],[-80.12242200000037,27.06453370000054]]},"properties":{"k":"b","n":null,"c":"bascule bridge","v":null,"cc":6.4,"co":null}},{"type":"Feature","geometry":{"type":"LineString","coordinates":[[-80.2575825999993,27.16063910000048],[-80.25788439999997,27.160742800000662],[-80.25779180000063,27.1610481000007],[-80.25305509999998,27.159401900000375],[-80.2532441000003,27.15914840000005],[-80.2575825999993,27.16063910000048]]},"properties":{"k":"b","n":"Indian Street/Veteran's Memorial Bridge","c":"fixed bridge","v":7.6,"cc":null,"co":null}},{"type":"Feature","geometry":{"type":"LineString","coordinates":[[-80.26304420000088,27.17299020000064],[-80.26350749999983,27.17306649999955],[-80.25857240000005,27.17540360000021],[-80.25851739999962,27.17511849999937],[-80.26304420000088,27.17299020000064]]},"properties":{"k":"b","n":"Route 714","c":"fixed bridge","v":16.4,"cc":null,"co":null}},{"type":"Feature","geometry":{"type":"LineString","coordinates":[[-80.27371839999978,27.222738700000264],[-80.27360059999955,27.22238819999984],[-80.27379479999945,27.222364799999923],[-80.27393680000023,27.222705300000598],[-80.27371839999978,27.222738700000264]]},"properties":{"k":"b","n":null,"c":"fixed bridge","v":2.7,"cc":null,"co":null}},{"type":"Feature","geometry":{"type":"LineString","coordinates":[[-80.25126269999964,27.158467600000222],[-80.25261189999947,27.158931199999643],[-80.25246789999983,27.159197900000436],[-80.25115100000039,27.158740200000466],[-80.25126269999964,27.158467600000222]]},"properties":{"k":"b","n":"Indian Street/Veteran's Memorial Bridge","c":"fixed bridge","v":16.7,"cc":null,"co":null}},{"type":"Feature","geometry":{"type":"LineString","coordinates":[[-80.26074999999946,27.20308660000046],[-80.26067610000064,27.203180799999245],[-80.26046569999926,27.203049600000668],[-80.26054250000016,27.202953899999557],[-80.26074999999946,27.20308660000046]]},"properties":{"k":"b","n":"Dixie Highway Bridge","c":"bascule bridge","v":null,"cc":4.2,"co":null}},{"type":"Feature","geometry":{"type":"LineString","coordinates":[[-80.2587196000004,27.204976299999544],[-80.2587812999991,27.205302099999244],[-80.25845789999948,27.205666600000768],[-80.25839789999918,27.205311199999414],[-80.2587196000004,27.204976299999544]]},"properties":{"k":"b","n":"Roosevelt Bridge","c":"fixed bridge","v":19.8,"cc":null,"co":null}},{"type":"Feature","geometry":{"type":"LineString","coordinates":[[-80.1940709999999,27.205630000000383],[-80.1939280000006,27.205861000000368],[-80.19408800000019,27.206027000000176],[-80.18954599999961,27.20810999999958],[-80.18963599999915,27.207893999999214],[-80.18935160000001,27.207833700000265],[-80.1940709999999,27.205630000000383]]},"properties":{"k":"b","n":"Ernest F. Lyons Bridge","c":"fixed bridge","v":19.8,"cc":null,"co":null}},{"type":"Feature","geometry":{"type":"LineString","coordinates":[[-80.18792600000052,27.179448000000775],[-80.18792600000052,27.179525999999896],[-80.18754799999988,27.179525999999896],[-80.18752400000085,27.17935700000089],[-80.18791000000056,27.179349000000002],[-80.18792600000052,27.179448000000775]]},"properties":{"k":"b","n":null,"c":"fixed bridge","v":1.5,"cc":null,"co":null}},{"type":"Feature","geometry":{"type":"LineString","coordinates":[[-80.2203083000004,27.252921299999798],[-80.22048820000055,27.253055299999687],[-80.2176068000008,27.25385169999936],[-80.21769569999924,27.253643699999884],[-80.2203083000004,27.252921299999798]]},"properties":{"k":"b","n":"NE Causeway Blvd Bridge","c":"fixed bridge","v":20.1,"cc":null,"co":null}},{"type":"Feature","geometry":{"type":"LineString","coordinates":[[-80.21320100000048,27.25480290000087],[-80.2132846000004,27.254999599999792],[-80.21149119999973,27.255483200000526],[-80.21141370000078,27.255284799999572],[-80.21320100000048,27.25480290000087]]},"properties":{"k":"b","n":"NE Causeway Blvd Bridge, Esst Relief","c":"fixed bridge","v":1.8,"cc":null,"co":null}},{"type":"Feature","geometry":{"type":"LineString","coordinates":[[-80.22737000000052,27.25097900000037],[-80.22742570000082,27.251061999999365],[-80.22686799999974,27.251236000000063],[-80.22680860000037,27.251064000000042],[-80.227304,27.25086100000044],[-80.22737000000052,27.25097900000037]]},"properties":{"k":"b","n":"NE Causeway Blvd Bridge, West Relief","c":"fixed bridge","v":1.5,"cc":null,"co":null}},{"type":"Feature","geometry":{"type":"LineString","coordinates":[[-80.32462920000035,27.4718742999994],[-80.32466989999921,27.4719769000003],[-80.32440409999981,27.472071100000903],[-80.32436029999917,27.471964799999114],[-80.32462920000035,27.4718742999994]]},"properties":{"k":"b","n":null,"c":"bascule bridge","v":null,"cc":7.9,"co":null}},{"type":"Feature","geometry":{"type":"LineString","coordinates":[[-80.31834139999955,27.45800120000058],[-80.31839799999943,27.458145200000217],[-80.31814370000029,27.458261899999343],[-80.31808439999986,27.458119499999157],[-80.31834139999955,27.45800120000058]]},"properties":{"k":"b","n":null,"c":"fixed bridge","v":19.8,"cc":null,"co":null}},{"type":"Feature","geometry":{"type":"LineString","coordinates":[[-80.3777953000008,27.652267699999356],[-80.37801450000006,27.6524986000004],[-80.37743609999961,27.652564699999857],[-80.37745050000012,27.652301199999783],[-80.3777953000008,27.652267699999356]]},"properties":{"k":"b","n":"Merril P Barber Bridge","c":"fixed bridge","v":20.1,"cc":null,"co":null}},{"type":"Feature","geometry":{"type":"LineString","coordinates":[[-80.37916840000071,27.65211509999972],[-80.3790239000009,27.6523832999992],[-80.37842180000007,27.65245209999921],[-80.37821099999928,27.652206599999772],[-80.37916840000071,27.65211509999972]]},"properties":{"k":"b","n":"Merril P Barber Bridge","c":"fixed bridge","v":20.1,"cc":null,"co":null}},{"type":"Feature","geometry":{"type":"LineString","coordinates":[[-80.36885699999948,27.632159000000684],[-80.3749200000002,27.632104000000254],[-80.37492799999927,27.63238199999978],[-80.36291399999936,27.63245900000038],[-80.36300800000026,27.632213999999294],[-80.36885699999948,27.632159000000684]]},"properties":{"k":"b","n":null,"c":"fixed bridge","v":19.8,"cc":null,"co":null}},{"type":"Feature","geometry":{"type":"LineString","coordinates":[[-80.37644929999988,27.65241640000022],[-80.37658530000044,27.652661800000715],[-80.37089679999917,27.653311599999142],[-80.37094500000057,27.653038200000083],[-80.37644929999988,27.65241640000022]]},"properties":{"k":"b","n":"Merril P Barber Bridge","c":"fixed bridge","v":20.1,"cc":null,"co":null}},{"type":"Feature","geometry":{"type":"LineString","coordinates":[[-80.39110299999993,27.71317199999976],[-80.39174400000047,27.71341399999983],[-80.39159599999948,27.713628999999855],[-80.39104100000077,27.713410000000295],[-80.39110299999993,27.71317199999976]]},"properties":{"k":"b","n":null,"c":"fixed bridge","v":1.8,"cc":null,"co":null}},{"type":"Feature","geometry":{"type":"LineString","coordinates":[[-80.41757510000025,27.75999469999988],[-80.41761330000008,27.7601025999993],[-80.41411700000026,27.76251079999929],[-80.41405619999932,27.76241850000042],[-80.41757510000025,27.75999469999988]]},"properties":{"k":"b","n":null,"c":"fixed bridge","v":19.8,"cc":null,"co":null}},{"type":"Feature","geometry":{"type":"LineString","coordinates":[[-80.4265630000009,27.754790000000867],[-80.4234919999999,27.756658000000243],[-80.42329900000004,27.756482999999207],[-80.42646000000059,27.75466199999937],[-80.4265630000009,27.754790000000867]]},"properties":{"k":"b","n":null,"c":"fixed bridge","v":2.7,"cc":null,"co":null}},{"type":"Feature","geometry":{"type":"LineString","coordinates":[[-80.49131289999968,27.855662800000573],[-80.49073850000059,27.853664899999785],[-80.49089900000035,27.85365400000046],[-80.49098100000083,27.85330299999987],[-80.49157620000005,27.85537049999948],[-80.49131289999968,27.855662800000573]]},"properties":{"k":"b","n":null,"c":"fixed bridge","v":5.1,"cc":null,"co":null}},{"type":"Feature","geometry":{"type":"LineString","coordinates":[[-80.44868099999985,27.86093400000027],[-80.44862699999976,27.8609890000007],[-80.44795700000032,27.859864000000016],[-80.44817499999954,27.859691999999995],[-80.44882499999949,27.860802999999578],[-80.44868099999985,27.86093400000027]]},"properties":{"k":"b","n":null,"c":"fixed bridge","v":11.2,"cc":null,"co":null}},{"type":"Feature","geometry":{"type":"LineString","coordinates":[[-80.57992899999954,28.033461000000898],[-80.57982300000003,28.033573999999135],[-80.57927600000039,28.03304500000013],[-80.57931699999972,28.032837000000654],[-80.57992899999954,28.033461000000898]]},"properties":{"k":"b","n":null,"c":"fixed bridge","v":4.5,"cc":null,"co":null}},{"type":"Feature","geometry":{"type":"LineString","coordinates":[[-80.58181909999985,28.031046800000695],[-80.58253879999938,28.032405899999503],[-80.58243550000043,28.032471099999384],[-80.58173460000035,28.031113999999434],[-80.58181909999985,28.031046800000695]]},"properties":{"k":"b","n":"FEC Railroad Bridge","c":"fixed bridge","v":3.2,"cc":null,"co":null}},{"type":"Feature","geometry":{"type":"LineString","coordinates":[[-80.59979200000089,28.080956499999957],[-80.59998690000066,28.081122999999934],[-80.59964460000083,28.08137849999912],[-80.59950410000056,28.08105280000018],[-80.59979200000089,28.080956499999957]]},"properties":{"k":"b","n":null,"c":"fixed bridge","v":0.6,"cc":null,"co":null}},{"type":"Feature","geometry":{"type":"LineString","coordinates":[[-80.58284280000044,28.08714669999972],[-80.58288949999951,28.08728340000016],[-80.58219090000057,28.08748369999921],[-80.58214079999925,28.08734799999911],[-80.58284280000044,28.08714669999972]]},"properties":{"k":"b","n":null,"c":"fixed bridge","v":1.8,"cc":null,"co":null}},{"type":"Feature","geometry":{"type":"LineString","coordinates":[[-80.59520049999992,28.082892599999468],[-80.59524939999937,28.082999099999142],[-80.59196580000025,28.084168999999747],[-80.5880304000002,28.085569200000464],[-80.58798190000016,28.085462499999267],[-80.59520049999992,28.082892599999468]]},"properties":{"k":"b","n":null,"c":"fixed bridge","v":19.8,"cc":null,"co":null}},{"type":"Feature","geometry":{"type":"LineString","coordinates":[[-80.5827819999995,28.086968899999192],[-80.58282329999929,28.08708950000073],[-80.5821178999995,28.087285800000245],[-80.58207380000022,28.087166100000104],[-80.5827819999995,28.086968899999192]]},"properties":{"k":"b","n":null,"c":"fixed bridge","v":1.8,"cc":null,"co":null}},{"type":"Feature","geometry":{"type":"LineString","coordinates":[[-80.5950756000002,28.082620999999563],[-80.5951000999994,28.082757199999833],[-80.58791930000007,28.085324800000308],[-80.58786669999972,28.0852090999997],[-80.5950756000002,28.082620999999563]]},"properties":{"k":"b","n":null,"c":"fixed bridge","v":19.8,"cc":null,"co":null}},{"type":"Feature","geometry":{"type":"LineString","coordinates":[[-80.61978799999997,28.132048999999824],[-80.6198289999993,28.13220299999921],[-80.61439900000005,28.13390099999924],[-80.61436599999979,28.133739999999307],[-80.61978799999997,28.132048999999824]]},"properties":{"k":"b","n":null,"c":"fixed bridge","v":19.8,"cc":null,"co":null}},{"type":"Feature","geometry":{"type":"LineString","coordinates":[[-80.60774400000082,28.16525399999955],[-80.60814700000083,28.165264999999636],[-80.60824599999978,28.165633000000525],[-80.6078180000004,28.165633000000525],[-80.60774400000082,28.16525399999955]]},"properties":{"k":"b","n":null,"c":"bascule bridge","v":null,"cc":4.8,"co":null}},{"type":"Feature","geometry":{"type":"LineString","coordinates":[[-80.60304200000064,28.137212999999974],[-80.60313300000053,28.137369000000035],[-80.60150900000008,28.137849999999162],[-80.60137700000087,28.137708000000202],[-80.60304200000064,28.137212999999974]]},"properties":{"k":"b","n":null,"c":"fixed bridge","v":1.5,"cc":null,"co":null}},{"type":"Feature","geometry":{"type":"LineString","coordinates":[[-80.60626869999942,28.149121399999785],[-80.60630259999925,28.149203700000726],[-80.6057325999991,28.14938930000062],[-80.60569960000066,28.149308699999892],[-80.60626869999942,28.149121399999785]]},"properties":{"k":"b","n":null,"c":"swing bridge","v":null,"cc":2.1,"co":null}},{"type":"Feature","geometry":{"type":"LineString","coordinates":[[-80.60626869999942,28.149121399999785],[-80.60630259999925,28.149203700000726],[-80.6057325999991,28.14938930000062],[-80.60569960000066,28.149308699999892],[-80.60626869999942,28.149121399999785]]},"properties":{"k":"b","n":null,"c":"swing bridge","v":null,"cc":2.1,"co":null}},{"type":"Feature","geometry":{"type":"LineString","coordinates":[[-80.65021530000013,28.20622100000037],[-80.65032550000069,28.20647839999947],[-80.65003939999951,28.20651859999998],[-80.64992750000056,28.206261400000585],[-80.65021530000013,28.20622100000037]]},"properties":{"k":"b","n":null,"c":"fixed bridge","v":19.8,"cc":null,"co":null}},{"type":"Feature","geometry":{"type":"LineString","coordinates":[[-80.6282355000003,28.21019569999953],[-80.62823469999967,28.210475399999268],[-80.62803279999935,28.21052029999919],[-80.62803200000053,28.210241500000848],[-80.6282355000003,28.21019569999953]]},"properties":{"k":"b","n":null,"c":"fixed bridge","v":13.1,"cc":null,"co":null}},{"type":"Feature","geometry":{"type":"LineString","coordinates":[[-80.70992450000085,28.356633199999123],[-80.7099550999992,28.356840000000375],[-80.70913479999945,28.35689640000055],[-80.70911680000063,28.356729600000108],[-80.70992450000085,28.356633199999123]]},"properties":{"k":"b","n":null,"c":"fixed bridge","v":19.8,"cc":null,"co":null}},{"type":"Feature","geometry":{"type":"LineString","coordinates":[[-80.72132939999938,28.356409399999393],[-80.72163550000005,28.35680710000088],[-80.7162470000003,28.356982999999673],[-80.71623809999983,28.356559100000595],[-80.72132939999938,28.356409399999393]]},"properties":{"k":"b","n":null,"c":"fixed bridge","v":19.8,"cc":null,"co":null}},{"type":"Feature","geometry":{"type":"LineString","coordinates":[[-80.04624999999942,26.705812899999728],[-80.04664149999917,26.70583599999918],[-80.0466164999998,26.706108599999425],[-80.04622799999925,26.706083700000818],[-80.04624999999942,26.705812899999728]]},"properties":{"k":"b","n":"Royal Park Bridge","c":"bascule bridge","v":null,"cc":6.4,"co":null}},{"type":"Feature","geometry":{"type":"LineString","coordinates":[[-80.04673639999965,26.717919400000028],[-80.04739789999985,26.717940200000157],[-80.04738429999998,26.718217300000106],[-80.04672849999952,26.718190499999764],[-80.04673639999965,26.717919400000028]]},"properties":{"k":"b","n":"Flagler Memorial Bridge","c":"bascule bridge","v":null,"cc":7.3,"co":null}},{"type":"Feature","geometry":{"type":"LineString","coordinates":[[-80.06828850000056,26.81742160000067],[-80.06845330000033,26.817425999999614],[-80.06845109999995,26.817522299999837],[-80.06828719999976,26.817516299999625],[-80.06828850000056,26.81742160000067]]},"properties":{"k":"b","n":null,"c":"fixed bridge","v":4.5,"cc":null,"co":null}},{"type":"Feature","geometry":{"type":"LineString","coordinates":[[-80.06030529999953,26.83140160000039],[-80.06037499999911,26.831414199999926],[-80.06028739999965,26.831769899999927],[-80.06007510000018,26.831718499999624],[-80.0601588999998,26.831375199999457],[-80.06030529999953,26.83140160000039]]},"properties":{"k":"b","n":null,"c":"bascule bridge","v":null,"cc":7.6,"co":null}},{"type":"Feature","geometry":{"type":"LineString","coordinates":[[-80.06630439999935,26.84445980000055],[-80.06657570000061,26.8444657],[-80.06657070000074,26.84473529999923],[-80.06628760000058,26.844728699999905],[-80.06630439999935,26.84445980000055]]},"properties":{"k":"b","n":null,"c":"bascule bridge","v":null,"cc":7.3,"co":null}},{"type":"Feature","geometry":{"type":"LineString","coordinates":[[-80.07345689999966,26.81415030000062],[-80.07368949999909,26.814219899999443],[-80.07367779999913,26.814548899999863],[-80.07344360000025,26.814510899999732],[-80.07345689999966,26.81415030000062]]},"properties":{"k":"b","n":null,"c":"fixed bridge","v":2.1,"cc":null,"co":null}},{"type":"Feature","geometry":{"type":"LineString","coordinates":[[-80.04386560000057,26.783052200000384],[-80.04236160000073,26.783227899999474],[-80.04386300000078,26.783025000000634],[-80.04785430000084,26.782926300000327],[-80.04784049999944,26.783190699999977],[-80.04404670000076,26.783275899999353],[-80.04402130000017,26.783157399999254],[-80.04386560000057,26.783052200000384]]},"properties":{"k":"b","n":null,"c":"fixed bridge","v":19.8,"cc":null,"co":null}},{"type":"Feature","geometry":{"type":"LineString","coordinates":[[-80.05624809999972,26.808406699999978],[-80.05629170000066,26.808650999999372],[-80.05601109999952,26.80870540000069],[-80.0559487999999,26.80841750000036],[-80.05624809999972,26.808406699999978]]},"properties":{"k":"b","n":null,"c":"fixed bridge","v":2.4,"cc":null,"co":null}},{"type":"Feature","geometry":{"type":"LineString","coordinates":[[-80.0573261999998,26.8436228999999],[-80.05756099999962,26.843680699999823],[-80.0575174000005,26.84383549999984],[-80.05728760000056,26.843779200000426],[-80.0573261999998,26.8436228999999]]},"properties":{"k":"b","n":null,"c":"fixed bridge","v":2.4,"cc":null,"co":null}},{"type":"Feature","geometry":{"type":"LineString","coordinates":[[-80.6805089999998,28.357513999999355],[-80.67963100000088,28.35761690000072],[-80.67960999999923,28.357390600000144],[-80.6805089999998,28.357371000000057],[-80.6805089999998,28.357513999999355]]},"properties":{"k":"b","n":null,"c":"fixed bridge","v":2.1,"cc":null,"co":null}},{"type":"Feature","geometry":{"type":"LineString","coordinates":[[-80.64925199999925,28.357616999999664],[-80.64926500000001,28.357803000000786],[-80.64719100000002,28.35780700000032],[-80.64727400000083,28.357624000000214],[-80.64925199999925,28.357616999999664]]},"properties":{"k":"b","n":"Willard Peebles Bridge","c":"fixed bridge","v":10.9,"cc":null,"co":null}},{"type":"Feature","geometry":{"type":"LineString","coordinates":[[-80.64934320000066,28.357419399999344],[-80.6492689000006,28.357580300000336],[-80.64726619999965,28.35758519999945],[-80.64721800000007,28.3574181999993],[-80.64934320000066,28.357419399999344]]},"properties":{"k":"b","n":"Willard Peebles Bridge","c":"fixed bridge","v":10.9,"cc":null,"co":null}},{"type":"Feature","geometry":{"type":"LineString","coordinates":[[-80.66066599999976,28.35743999999977],[-80.66091699999924,28.35765800000081],[-80.66001999999935,28.357656000000134],[-80.66002599999956,28.357437999999092],[-80.66066599999976,28.35743999999977]]},"properties":{"k":"b","n":null,"c":"fixed bridge","v":0.9,"cc":null,"co":null}},{"type":"Feature","geometry":{"type":"LineString","coordinates":[[-80.68254100000013,28.368194000000585],[-80.68267930000002,28.368370800000775],[-80.68218499999966,28.368786299999556],[-80.68204829999922,28.368571099999826],[-80.68254100000013,28.368194000000585]]},"properties":{"k":"b","n":null,"c":"fixed bridge","v":4.5,"cc":null,"co":null}},{"type":"Feature","geometry":{"type":"LineString","coordinates":[[-80.61479399999916,28.35806600000069],[-80.61478700000043,28.35792600000059],[-80.61536200000046,28.35792399999991],[-80.6153489999997,28.35806600000069],[-80.61479399999916,28.35806600000069]]},"properties":{"k":"b","n":null,"c":"fixed bridge","v":0.9,"cc":null,"co":null}},{"type":"Feature","geometry":{"type":"LineString","coordinates":[[-81.59859139999935,24.625649199999316],[-81.59862950000024,24.625752100000682],[-81.59721619999982,24.62662839999939],[-81.59717529999944,24.626519100000223],[-81.59859139999935,24.625649199999316]]},"properties":{"k":"b","n":null,"c":"fixed bridge","v":2.4,"cc":null,"co":null}},{"type":"Feature","geometry":{"type":"LineString","coordinates":[[-81.55620500000077,24.650096600000325],[-81.55618859999959,24.650229200000467],[-81.55525309999939,24.650500199999442],[-81.55521240000053,24.650382800000443],[-81.55620500000077,24.650096600000325]]},"properties":{"k":"b","n":null,"c":"fixed bridge","v":2.4,"cc":null,"co":null}},{"type":"Feature","geometry":{"type":"LineString","coordinates":[[-81.5593417,24.649189699999624],[-81.55938900000001,24.649300900000526],[-81.55917450000015,24.649363500000618],[-81.55914180000036,24.64924439999959],[-81.5593417,24.649189699999624]]},"properties":{"k":"b","n":null,"c":"fixed bridge","v":2.4,"cc":null,"co":null}},{"type":"Feature","geometry":{"type":"LineString","coordinates":[[-81.58849369999916,24.631879599999593],[-81.58856799999921,24.631936899999346],[-81.58545930000037,24.6338496999997],[-81.58541870000045,24.633750700000746],[-81.58849369999916,24.631879599999593]]},"properties":{"k":"b","n":null,"c":"fixed bridge","v":1.5,"cc":null,"co":null}},{"type":"Feature","geometry":{"type":"LineString","coordinates":[[-81.54220250000071,24.654250199999296],[-81.54224989999966,24.654367499999353],[-81.53993909999917,24.65504250000049],[-81.53989489999913,24.654923800000688],[-81.54220250000071,24.654250199999296]]},"properties":{"k":"b","n":null,"c":"fixed bridge","v":1.5,"cc":null,"co":null}},{"type":"Feature","geometry":{"type":"LineString","coordinates":[[-81.57377579999957,24.64080830000057],[-81.57386030000089,24.640905599999314],[-81.57289200000014,24.641499100000146],[-81.57282230000055,24.64139570000043],[-81.57377579999957,24.64080830000057]]},"properties":{"k":"b","n":null,"c":"fixed bridge","v":2.4,"cc":null,"co":null}},{"type":"Feature","geometry":{"type":"LineString","coordinates":[[-81.5185089000006,24.661163200000374],[-81.51872179999918,24.6612083],[-81.51468700000078,24.662384200000815],[-81.51470469999913,24.662270900000294],[-81.5185089000006,24.661163200000374]]},"properties":{"k":"b","n":null,"c":"fixed bridge","v":2.4,"cc":null,"co":null}},{"type":"Feature","geometry":{"type":"LineString","coordinates":[[-81.46708580000086,24.662740800000392],[-81.46715150000091,24.662862099999984],[-81.46395780000057,24.662674600000173],[-81.46405939999931,24.66255260000071],[-81.46708580000086,24.662740800000392]]},"properties":{"k":"b","n":null,"c":"fixed bridge","v":4.5,"cc":null,"co":null}},{"type":"Feature","geometry":{"type":"LineString","coordinates":[[-81.38616299999921,24.666456999999355],[-81.38627500000075,24.666740000000573],[-81.38370799999939,24.667261000000508],[-81.38362400000005,24.66698600000018],[-81.38616299999921,24.666456999999355]]},"properties":{"k":"b","n":null,"c":"fixed bridge","v":4.5,"cc":null,"co":null}},{"type":"Feature","geometry":{"type":"LineString","coordinates":[[-81.42209299999922,24.659730999999738],[-81.4294090000003,24.6602299999995],[-81.42940099999942,24.660461999999825],[-81.42993899999965,24.660475999999107],[-81.42995899999914,24.660275000000183],[-81.43652400000065,24.66063799999938],[-81.43653599999925,24.66101300000082],[-81.42200400000002,24.660205000000133],[-81.42209299999922,24.659730999999738]]},"properties":{"k":"b","n":null,"c":"fixed bridge","v":12.1,"cc":null,"co":null}},{"type":"Feature","geometry":{"type":"LineString","coordinates":[[-81.40366800000083,24.66289599999982],[-81.40365999999995,24.662976999999955],[-81.40184000000045,24.663348000000042],[-81.40175500000078,24.663157000000865],[-81.4036159999996,24.66277099999934],[-81.40366800000083,24.66289599999982]]},"properties":{"k":"b","n":null,"c":"fixed bridge","v":2.4,"cc":null,"co":null}},{"type":"Feature","geometry":{"type":"LineString","coordinates":[[-81.39758500000062,24.6641810000001],[-81.39760100000058,24.664264999999432],[-81.39527500000077,24.664753999999448],[-81.39525099999992,24.664644000000408],[-81.39758500000062,24.6641810000001]]},"properties":{"k":"b","n":null,"c":"fixed bridge","v":2.7,"cc":null,"co":null}},{"type":"Feature","geometry":{"type":"LineString","coordinates":[[-81.3288909999992,24.647925999999643],[-81.32953799999996,24.64793699999973],[-81.32954199999949,24.647988999999143],[-81.32950600000004,24.648080999999365],[-81.32863399999951,24.648032999999486],[-81.31948190000003,24.649038999999902],[-81.31942510000044,24.648940200000652],[-81.32848100000047,24.647918999999092],[-81.3288909999992,24.647925999999643]]},"properties":{"k":"b","n":null,"c":"fixed bridge","v":3.3,"cc":null,"co":null}},{"type":"Feature","geometry":{"type":"LineString","coordinates":[[-81.3295020000005,24.648135999999795],[-81.32955799999945,24.648300999999265],[-81.31943800000045,24.649317999999766],[-81.3194898999991,24.64917509999941],[-81.3295020000005,24.648135999999795]]},"properties":{"k":"b","n":null,"c":"fixed bridge","v":3.3,"cc":null,"co":null}},{"type":"Feature","geometry":{"type":"LineString","coordinates":[[-81.37248480000017,24.669565399999556],[-81.37214499999936,24.669637000000876],[-81.37210899999991,24.66948600000069],[-81.37394900000072,24.669089999999414],[-81.37400499999967,24.669255000000703],[-81.37248480000017,24.669565399999556]]},"properties":{"k":"b","n":null,"c":"fixed bridge","v":2.7,"cc":null,"co":null}},{"type":"Feature","geometry":{"type":"LineString","coordinates":[[-81.25104900000042,24.670161000000007],[-81.25108200000068,24.670219999999972],[-81.24831400000039,24.671422999999777],[-81.24809300000015,24.67112199999974],[-81.25084500000048,24.669904000000315],[-81.25104900000042,24.670161000000007]]},"properties":{"k":"b","n":null,"c":"fixed bridge","v":2.1,"cc":null,"co":null}},{"type":"Feature","geometry":{"type":"LineString","coordinates":[[-81.29732399999921,24.656103999999686],[-81.29744500000015,24.65643799999998],[-81.2957779999997,24.656958999999915],[-81.29453199999989,24.657248999999865],[-81.2777700000006,24.65990000000056],[-81.27769799999987,24.659591999999975],[-81.29419899999994,24.65700300000026],[-81.29543600000034,24.65673500000048],[-81.29732399999921,24.656103999999686]]},"properties":{"k":"b","n":null,"c":"fixed bridge","v":6.0,"cc":null,"co":null}},{"type":"Feature","geometry":{"type":"LineString","coordinates":[[-81.24349000000075,24.673580999999103],[-81.24375900000086,24.67388199999914],[-81.24197239999921,24.674999999999272],[-81.24119749999954,24.674999999999272],[-81.24349000000075,24.673580999999103]]},"properties":{"k":"b","n":null,"c":"fixed bridge","v":2.1,"cc":null,"co":null}},{"type":"Feature","geometry":{"type":"LineString","coordinates":[[-81.34780200000023,24.69796099999985],[-81.34143799999947,24.697997999999643],[-81.34129799999937,24.697813999999198],[-81.34118099999978,24.69778100000076],[-81.34789099999944,24.697822000000087],[-81.34780200000023,24.69796099999985]]},"properties":{"k":"b","n":null,"c":"fixed bridge","v":4.5,"cc":null,"co":null}},{"type":"Feature","geometry":{"type":"LineString","coordinates":[[-81.22839999999997,24.682213000000047],[-81.22841530000005,24.68241549999948],[-81.22500000000036,24.683392799999638],[-81.22500000000036,24.683172499999273],[-81.22839999999997,24.682213000000047]]},"properties":{"k":"b","n":"Seven Mile Bridge","c":"fixed bridge","v":19.8,"cc":null,"co":null}},{"type":"Feature","geometry":{"type":"LineString","coordinates":[[-81.24119749999954,24.674999999999272],[-81.24197239999921,24.674999999999272],[-81.23983899999985,24.67633399999977],[-81.23994400000083,24.67610699999932],[-81.2399719999994,24.675757999999405],[-81.24119749999954,24.674999999999272]]},"properties":{"k":"b","n":null,"c":"fixed bridge","v":2.1,"cc":null,"co":null}},{"type":"Feature","geometry":{"type":"LineString","coordinates":[[-81.23640499999965,24.67838599999959],[-81.23439300000064,24.679691999999704],[-81.23413599999913,24.679388000000472],[-81.23618800000077,24.678103000000192],[-81.23640499999965,24.67838599999959]]},"properties":{"k":"b","n":null,"c":"fixed bridge","v":2.1,"cc":null,"co":null}},{"type":"Feature","geometry":{"type":"LineString","coordinates":[[-81.22841530000005,24.68241549999948],[-81.22850400000061,24.682569000000512],[-81.22500000000036,24.6836215000003],[-81.22500000000036,24.683392799999638],[-81.22841530000005,24.68241549999948]]},"properties":{"k":"b","n":"Seven Mile Bridge (old)","c":"fixed bridge","v":19.8,"cc":null,"co":null}},{"type":"Feature","geometry":{"type":"LineString","coordinates":[[-81.15486400000009,24.702311999999438],[-81.1549159999995,24.70251400000052],[-81.14999999999964,24.7032722999993],[-81.14999999999964,24.703046200000244],[-81.15486400000009,24.702311999999438]]},"properties":{"k":"b","n":"Seven Mile Bridge","c":"fixed bridge","v":5.7,"cc":null,"co":null}},{"type":"Feature","geometry":{"type":"LineString","coordinates":[[-81.22500000000036,24.683172499999273],[-81.22500000000036,24.683392799999638],[-81.16200600000047,24.70114199999989],[-81.15757099999973,24.702102999999624],[-81.1549159999995,24.70251400000052],[-81.15486400000009,24.702311999999438],[-81.15802500000063,24.701779999999417],[-81.16208600000027,24.700881000000663],[-81.22500000000036,24.683172499999273]]},"properties":{"k":"b","n":"Seven Mile Bridge","c":"fixed bridge","v":19.8,"cc":null,"co":null}},{"type":"Feature","geometry":{"type":"LineString","coordinates":[[-81.1545470000001,24.704392999999982],[-81.1545870000009,24.70465300000069],[-81.14999999999964,24.70503319999989],[-81.14999999999964,24.70481540000037],[-81.1545470000001,24.704392999999982]]},"properties":{"k":"b","n":"Seven Mile Bridge (old)","c":"fixed bridge","v":5.7,"cc":null,"co":null}},{"type":"Feature","geometry":{"type":"LineString","coordinates":[[-81.22500000000036,24.683392799999638],[-81.22500000000036,24.6836215000003],[-81.15604899999926,24.704389000000447],[-81.15605700000015,24.704147000000376],[-81.22500000000036,24.683392799999638]]},"properties":{"k":"b","n":"Seven Mile Bridge (old)","c":"fixed bridge","v":19.8,"cc":null,"co":null}},{"type":"Feature","geometry":{"type":"LineString","coordinates":[[-81.14999999999964,24.70481540000037],[-81.14999999999964,24.70503319999989],[-81.12475199999972,24.707202999999936],[-81.12474389999988,24.707011899999998],[-81.12541899999997,24.706912999999986],[-81.14999999999964,24.70481540000037]]},"properties":{"k":"b","n":"Seven Mile Bridge(old)","c":"fixed bridge","v":5.7,"cc":null,"co":null}},{"type":"Feature","geometry":{"type":"LineString","coordinates":[[-81.14999999999964,24.703046200000244],[-81.14999999999964,24.7032722999993],[-81.12474389999988,24.707011899999998],[-81.12463899999966,24.706833000000188],[-81.14999999999964,24.703046200000244]]},"properties":{"k":"b","n":"Seven Mile Bridge","c":"fixed bridge","v":5.7,"cc":null,"co":null}},{"type":"Feature","geometry":{"type":"LineString","coordinates":[[-81.02992000000086,24.730301999999938],[-81.02998800000023,24.73038699999961],[-81.02944199999911,24.730492999999115],[-81.02939800000058,24.7302839999993],[-81.0298440000006,24.730188999999882],[-81.02992000000086,24.730301999999938]]},"properties":{"k":"b","n":null,"c":"fixed bridge","v":3.9,"cc":null,"co":null}},{"type":"Feature","geometry":{"type":"LineString","coordinates":[[-81.0200576999996,24.729536500000904],[-81.02045299999918,24.731116999999358],[-81.02016000000003,24.731042999999772],[-81.01954900000055,24.728445999999167],[-81.01977400000033,24.728402000000642],[-81.0200576999996,24.729536500000904]]},"properties":{"k":"b","n":null,"c":"fixed bridge","v":1.2,"cc":null,"co":null}},{"type":"Feature","geometry":{"type":"LineString","coordinates":[[-80.92357000000084,24.777115000000776],[-80.92360200000076,24.777188000000024],[-80.91961400000037,24.778623000000152],[-80.91956600000049,24.77849099999912],[-80.91945300000043,24.77844399999958],[-80.92356599999948,24.776960999999574],[-80.92357000000084,24.777115000000776]]},"properties":{"k":"b","n":null,"c":"fixed bridge","v":2.1,"cc":null,"co":null}},{"type":"Feature","geometry":{"type":"LineString","coordinates":[[-80.91524290000052,24.77957559999959],[-80.91530000000057,24.77970599999935],[-80.91503899999952,24.779794000000038],[-80.91489000000001,24.77939399999923],[-80.91512300000068,24.779302000000826],[-80.91524290000052,24.77957559999959]]},"properties":{"k":"b","n":null,"c":"fixed bridge","v":1.8,"cc":null,"co":null}},{"type":"Feature","geometry":{"type":"LineString","coordinates":[[-80.90972399999919,24.782037000000855],[-80.90979200000038,24.782132000000274],[-80.9064670000007,24.783258999999816],[-80.90639100000044,24.783142000000225],[-80.90623400000004,24.78309799999988],[-80.90969600000062,24.781912000000375],[-80.90972399999919,24.782037000000855]]},"properties":{"k":"b","n":null,"c":"fixed bridge","v":2.4,"cc":null,"co":null}},{"type":"Feature","geometry":{"type":"LineString","coordinates":[[-80.88403800000015,24.790908000000854],[-80.88405000000057,24.790984999999637],[-80.8842509999995,24.79107699999986],[-80.85057199999937,24.803131999999096],[-80.85051200000089,24.802942000000257],[-80.85085400000025,24.802816999999777],[-80.88403800000015,24.790908000000854]]},"properties":{"k":"b","n":"Long Key Viaduct","c":"viaduct","v":7.0,"cc":null,"co":null}},{"type":"Feature","geometry":{"type":"LineString","coordinates":[[-80.77314859999933,24.83794680000028],[-80.77294900000015,24.837902600000234],[-80.77298599999995,24.837704600000507],[-80.77367779999986,24.83785969999917],[-80.77363429999969,24.838054199999533],[-80.77314859999933,24.83794680000028]]},"properties":{"k":"b","n":null,"c":"fixed bridge","v":19.8,"cc":null,"co":null}},{"type":"Feature","geometry":{"type":"LineString","coordinates":[[-80.75298300000031,24.841457000000446],[-80.7525280000009,24.8418529999999],[-80.75245600000017,24.842022000000725],[-80.74767199999951,24.844858000000386],[-80.74725000000035,24.844897999999375],[-80.75298300000031,24.841457000000446]]},"properties":{"k":"b","n":null,"c":"fixed bridge","v":3.0,"cc":null,"co":null}},{"type":"Feature","geometry":{"type":"LineString","coordinates":[[-80.75257299999976,24.842139000000316],[-80.75262900000052,24.842153999999937],[-80.7478570000003,24.845000999999684],[-80.74780800000008,24.84489500000018],[-80.74768170000061,24.84485920000043],[-80.75247920000038,24.842063199999757],[-80.75257299999976,24.842139000000316]]},"properties":{"k":"b","n":null,"c":"fixed bridge","v":3.0,"cc":null,"co":null}},{"type":"Feature","geometry":{"type":"LineString","coordinates":[[-80.66696349999984,24.894416600000113],[-80.66697100000056,24.89441699999952],[-80.66611100000046,24.89484900000025],[-80.66610299999957,24.89463699999942],[-80.66676999999981,24.894318000000567],[-80.66696349999984,24.894416600000113]]},"properties":{"k":"b","n":null,"c":"fixed bridge","v":3.0,"cc":null,"co":null}},{"type":"Feature","geometry":{"type":"LineString","coordinates":[[-80.6842830000005,24.885612000000037],[-80.6844000000001,24.885612000000037],[-80.67920500000037,24.88821900000039],[-80.67915700000049,24.888003000000026],[-80.68404600000031,24.885560000000623],[-80.6842830000005,24.885612000000037]]},"properties":{"k":"b","n":null,"c":"fixed bridge","v":8.2,"cc":null,"co":null}},{"type":"Feature","geometry":{"type":"LineString","coordinates":[[-80.69029699999919,24.882487000000765],[-80.69041800000014,24.882583000000523],[-80.68809399999918,24.883796000000075],[-80.68798600000082,24.883568999999625],[-80.6902370000007,24.882432000000335],[-80.69029699999919,24.882487000000765]]},"properties":{"k":"b","n":null,"c":"fixed bridge","v":3.0,"cc":null,"co":null}},{"type":"Feature","geometry":{"type":"LineString","coordinates":[[-80.6598670000003,24.89771699999983],[-80.66002800000024,24.897911000000022],[-80.65953000000081,24.8981019999992],[-80.65932500000054,24.89795199999935],[-80.6598670000003,24.89771699999983]]},"properties":{"k":"b","n":null,"c":"fixed bridge","v":2.1,"cc":null,"co":null}},{"type":"Feature","geometry":{"type":"LineString","coordinates":[[-80.61121260000073,24.93874060000053],[-80.61134660000062,24.93892760000017],[-80.61012420000043,24.939963900000294],[-80.60992839999926,24.939837899999475],[-80.61121260000073,24.93874060000053]]},"properties":{"k":"b","n":null,"c":"fixed bridge","v":3.6,"cc":null,"co":null}},{"type":"Feature","geometry":{"type":"LineString","coordinates":[[-80.58770960000038,24.952084299999115],[-80.58782910000082,24.952363000000332],[-80.58764920000067,24.95243169999958],[-80.5875302000004,24.952162800000224],[-80.58770960000038,24.952084299999115]]},"properties":{"k":"b","n":null,"c":"bascule bridge","v":null,"cc":8.2,"co":null}},{"type":"Feature","geometry":{"type":"LineString","coordinates":[[-80.40245739999955,25.137599100000443],[-80.40258080000058,25.137628000000404],[-80.40241950000018,25.1378210999992],[-80.40228530000059,25.13780129999941],[-80.40245739999955,25.137599100000443]]},"properties":{"k":"b","n":null,"c":"fixed bridge","v":4.2,"cc":null,"co":null}},{"type":"Feature","geometry":{"type":"LineString","coordinates":[[-80.4022144999999,25.13756359999934],[-80.40235659999962,25.137584100000822],[-80.4021843999999,25.137788100000762],[-80.4020359999995,25.137775499999407],[-80.4022144999999,25.13756359999934]]},"properties":{"k":"b","n":null,"c":"fixed bridge","v":4.2,"cc":null,"co":null}},{"type":"Feature","geometry":{"type":"LineString","coordinates":[[-80.38366479999968,25.1815076999992],[-80.38753309999993,25.184209299999566],[-80.38745480000034,25.184306099999958],[-80.38751410000077,25.1843458000003],[-80.38767050000024,25.184259600000587],[-80.38851020000038,25.184846899999684],[-80.38864570000078,25.184984400000758],[-80.3885805000009,25.18506300000081],[-80.38877820000016,25.185053699999116],[-80.39065309999933,25.186340599999312],[-80.3906965999995,25.18657119999989],[-80.38346490000004,25.181658499999685],[-80.38366479999968,25.1815076999992]]},"properties":{"k":"b","n":null,"c":"fixed bridge","v":20.4,"cc":null,"co":null}},{"type":"Feature","geometry":{"type":"LineString","coordinates":[[-80.3850223999998,25.182136400000672],[-80.38520369999969,25.18226499999946],[-80.38513120000061,25.182345699999132],[-80.38373900000079,25.181368899999143],[-80.38377109999965,25.18126200000006],[-80.3850223999998,25.182136400000672]]},"properties":{"k":"b","n":null,"c":"fixed bridge","v":20.4,"cc":null,"co":null}},{"type":"Feature","geometry":{"type":"LineString","coordinates":[[-80.37857099999928,25.178069600000526],[-80.3784298999999,25.177892600000632],[-80.37826920000043,25.177895500000886],[-80.37689990000035,25.176928299999418],[-80.37690619999921,25.176865800000087],[-80.3769742000004,25.176780699999654],[-80.37916869999935,25.17832300000009],[-80.38236970000071,25.180401999999958],[-80.3832624000006,25.181039900000542],[-80.38319690000026,25.181174499999543],[-80.38304179999977,25.18135959999927],[-80.38268000000062,25.18111830000089],[-80.37857099999928,25.178069600000526]]},"properties":{"k":"b","n":null,"c":"fixed bridge","v":20.4,"cc":null,"co":null}},{"type":"Feature","geometry":{"type":"LineString","coordinates":[[-80.32968500000061,25.28345099999933],[-80.33049700000083,25.283472999999503],[-80.33045599999969,25.283699999999953],[-80.32947500000046,25.283642000000327],[-80.32968500000061,25.28345099999933]]},"properties":{"k":"b","n":null,"c":"fixed bridge","v":3.0,"cc":null,"co":null}},{"type":"Feature","geometry":{"type":"LineString","coordinates":[[-80.26958700000068,25.325004000000263],[-80.26951399999962,25.325122000000192],[-80.26912300000004,25.32517999999982],[-80.26915499999996,25.325048000000606],[-80.26958700000068,25.325004000000263]]},"properties":{"k":"b","n":null,"c":"fixed bridge","v":3.9,"cc":null,"co":null}},{"type":"Feature","geometry":{"type":"LineString","coordinates":[[-80.28340399999979,25.325253999999404],[-80.28333999999995,25.32532700000047],[-80.28327899999931,25.325199000000794],[-80.28335599999991,25.32515500000045],[-80.28340399999979,25.325253999999404]]},"properties":{"k":"b","n":null,"c":"fixed bridge","v":1.8,"cc":null,"co":null}},{"type":"Feature","geometry":{"type":"LineString","coordinates":[[-80.2662479999999,25.325848000000406],[-80.26621200000045,25.326105000000098],[-80.26589699999931,25.326145000000906],[-80.26591700000063,25.32590700000037],[-80.2662479999999,25.325848000000406]]},"properties":{"k":"b","n":null,"c":"fixed bridge","v":2.4,"cc":null,"co":null}},{"type":"Feature","geometry":{"type":"LineString","coordinates":[[-80.2836669999997,25.326171000000613],[-80.28365099999974,25.326027999999496],[-80.28387300000031,25.326049999999668],[-80.28384799999913,25.326193000000785],[-80.2836669999997,25.326171000000613]]},"properties":{"k":"b","n":null,"c":"fixed bridge","v":1.8,"cc":null,"co":null}},{"type":"Feature","geometry":{"type":"LineString","coordinates":[[-80.12191100000018,25.986254600000393],[-80.12193619999925,25.98659090000001],[-80.12139009999919,25.986610899999505],[-80.12138889999915,25.986277500000142],[-80.12191100000018,25.986254600000393]]},"properties":{"k":"b","n":null,"c":"bascule bridge","v":null,"cc":7.9,"co":null}},{"type":"Feature","geometry":{"type":"LineString","coordinates":[[-80.11836729999959,26.012111599999116],[-80.1183774000001,26.012293600000703],[-80.11804830000074,26.012302799999816],[-80.11804069999926,26.0121182999992],[-80.11836729999959,26.012111599999116]]},"properties":{"k":"b","n":null,"c":"bascule bridge","v":null,"cc":7.6,"co":null}},{"type":"Feature","geometry":{"type":"LineString","coordinates":[[-80.12531359999957,25.953819199999998],[-80.1262286000001,25.954057799999646],[-80.12615329999971,25.95435759999964],[-80.12524800000028,25.954118600000584],[-80.12531359999957,25.953819199999998]]},"properties":{"k":"b","n":null,"c":"fixed bridge","v":19.8,"cc":null,"co":null}},{"type":"Feature","geometry":{"type":"LineString","coordinates":[[-80.18246840000029,26.067661200000657],[-80.18274259999998,26.067669800000658],[-80.18275060000087,26.068074400000114],[-80.18247660000088,26.068074599999818],[-80.18246840000029,26.067661200000657]]},"properties":{"k":"b","n":"SW 30th Ave","c":"fixed bridge","v":4.5,"cc":null,"co":null}},{"type":"Feature","geometry":{"type":"LineString","coordinates":[[-80.18398750000051,26.08529559999988],[-80.18396790000043,26.085113700000875],[-80.1841516000004,26.08509260000028],[-80.18417109999973,26.085274400000344],[-80.18398750000051,26.08529559999988]]},"properties":{"k":"b","n":null,"c":"bascule bridge","v":null,"cc":6.4,"co":null}},{"type":"Feature","geometry":{"type":"LineString","coordinates":[[-80.2018805000007,26.067428799999107],[-80.20188149999922,26.067770100000416],[-80.20176399999946,26.067775499999698],[-80.20176299999912,26.06743599999936],[-80.2018805000007,26.067428799999107]]},"properties":{"k":"b","n":"SW 42nd Ave","c":"fixed bridge","v":5.4,"cc":null,"co":null}},{"type":"Feature","geometry":{"type":"LineString","coordinates":[[-80.1839689999997,26.083683499999097],[-80.18564279999919,26.083723100000498],[-80.18565590000071,26.083917899999506],[-80.18385300000045,26.083857999999964],[-80.1839689999997,26.083683499999097]]},"properties":{"k":"b","n":"INTERSTATE ROUTE 595 BRIDGE (PORT EVERGLADES EXPRESSWAY)","c":"fixed bridge","v":12.1,"cc":null,"co":null}},{"type":"Feature","geometry":{"type":"LineString","coordinates":[[-80.18318870000076,26.083932899999127],[-80.18566400000054,26.084038700000747],[-80.18567729999995,26.084236799999417],[-80.18312829999923,26.084124000000884],[-80.18318870000076,26.083932899999127]]},"properties":{"k":"b","n":"INTERSTATE ROUTE 595 BRIDGE (PORT EVERGLADES EXPRESSWAY)","c":"fixed bridge","v":12.1,"cc":null,"co":null}},{"type":"Feature","geometry":{"type":"LineString","coordinates":[[-80.1029823000008,26.189793199999258],[-80.10298680000051,26.189949699999488],[-80.10266319999937,26.18995410000025],[-80.1026554,26.189799399999174],[-80.1029823000008,26.189793199999258]]},"properties":{"k":"b","n":null,"c":"bascule bridge","v":null,"cc":4.5,"co":null}},{"type":"Feature","geometry":{"type":"LineString","coordinates":[[-80.09393909999926,26.231781799999226],[-80.09396209999977,26.23193700000047],[-80.0936397000005,26.231940800000302],[-80.09363529999973,26.231784300000072],[-80.09393909999926,26.231781799999226]]},"properties":{"k":"b","n":null,"c":"bascule bridge","v":null,"cc":4.5,"co":null}},{"type":"Feature","geometry":{"type":"LineString","coordinates":[[-80.08110879999913,26.314321899999413],[-80.08111260000078,26.314475699999093],[-80.08068140000069,26.31448679999994],[-80.08067839999967,26.314331499999753],[-80.08110879999913,26.314321899999413]]},"properties":{"k":"b","n":null,"c":"bascule bridge","v":null,"cc":6.4,"co":null}},{"type":"Feature","geometry":{"type":"LineString","coordinates":[[-80.08325449999938,26.26130809999995],[-80.08331329999965,26.261399200000596],[-80.08312470000055,26.26150840000082],[-80.08306599999923,26.261420599999838],[-80.08325449999938,26.26130809999995]]},"properties":{"k":"b","n":null,"c":"bascule bridge","v":null,"cc":3.9,"co":null}},{"type":"Feature","geometry":{"type":"LineString","coordinates":[[-80.09027260000039,26.25015440000061],[-80.09027760000026,26.2503557],[-80.0897987999997,26.250363600000128],[-80.08980189999966,26.250159299999723],[-80.09027260000039,26.25015440000061]]},"properties":{"k":"b","n":null,"c":"bascule bridge","v":null,"cc":4.5,"co":null}},{"type":"Feature","geometry":{"type":"LineString","coordinates":[[-80.07056709999961,26.38625309999952],[-80.07099729999936,26.386253299999225],[-80.07100069999979,26.386465199999293],[-80.07057089999944,26.38646719999997],[-80.07056709999961,26.38625309999952]]},"properties":{"k":"b","n":null,"c":"bascule bridge","v":null,"cc":7.6,"co":null}},{"type":"Feature","geometry":{"type":"LineString","coordinates":[[-80.07260090000091,26.338999199999307],[-80.07259650000015,26.3391474],[-80.07244519999949,26.339270899999974],[-80.07244610000089,26.339131000000634],[-80.07260090000091,26.338999199999307]]},"properties":{"k":"b","n":null,"c":"bascule bridge","v":null,"cc":7.0,"co":null}},{"type":"Feature","geometry":{"type":"LineString","coordinates":[[-80.07702260000042,26.33931870000015],[-80.0773633000008,26.339400200000455],[-80.07733030000054,26.339508600000045],[-80.07699339999999,26.339429699999528],[-80.07702260000042,26.33931870000015]]},"properties":{"k":"b","n":null,"c":"bascule bridge","v":null,"cc":2.7,"co":null}},{"type":"Feature","geometry":{"type":"LineString","coordinates":[[-80.07584909999969,26.350563100000727],[-80.07585189999918,26.350763099999313],[-80.07537029999912,26.350766999999905],[-80.07537000000048,26.350566099999924],[-80.07584909999969,26.350563100000727]]},"properties":{"k":"b","n":null,"c":"bascule bridge","v":null,"cc":5.7,"co":null}},{"type":"Feature","geometry":{"type":"LineString","coordinates":[[-80.26214400000026,25.679011000000173],[-80.26207600000089,25.678930000000037],[-80.2621650000001,25.678868999999395],[-80.26223299999947,25.678948999999193],[-80.26214400000026,25.679011000000173]]},"properties":{"k":"b","n":null,"c":"fixed bridge","v":4.2,"cc":null,"co":null}},{"type":"Feature","geometry":{"type":"LineString","coordinates":[[-80.19366230000014,25.769346700000824],[-80.1936767999996,25.769677199999933],[-80.19337169999926,25.76992480000081],[-80.19336069999918,25.769600999999966],[-80.19366230000014,25.769346700000824]]},"properties":{"k":"b","n":null,"c":"bascule bridge","v":null,"cc":6.4,"co":null}},{"type":"Feature","geometry":{"type":"LineString","coordinates":[[-80.18144190000021,25.789792899999156],[-80.18145159999949,25.78991429999951],[-80.18113219999941,25.78992990000006],[-80.18112629999996,25.789813800000047],[-80.18144190000021,25.789792899999156]]},"properties":{"k":"b","n":"Venetian Causeway","c":"bascule bridge","v":null,"cc":3.6,"co":null}},{"type":"Feature","geometry":{"type":"LineString","coordinates":[[-80.20682959999976,25.77819129999989],[-80.20701650000046,25.778345999999146],[-80.20692249999956,25.77841140000055],[-80.2067490999998,25.77825920000032],[-80.20682959999976,25.77819129999989]]},"properties":{"k":"b","n":null,"c":"bascule bridge","v":null,"cc":3.6,"co":null}},{"type":"Feature","geometry":{"type":"LineString","coordinates":[[-80.21475420000024,25.782473999999638],[-80.2149759999993,25.782555899999352],[-80.21494080000048,25.782742999999755],[-80.21470840000075,25.78265939999983],[-80.21475420000024,25.782473999999638]]},"properties":{"k":"b","n":"North West 12th Avenue Bridge","c":"bascule bridge","v":null,"cc":6.7,"co":null}},{"type":"Feature","geometry":{"type":"LineString","coordinates":[[-80.18209449999995,25.77910460000021],[-80.18234420000044,25.779215299999123],[-80.18227079999997,25.779356499999267],[-80.18201790000057,25.77924770000027],[-80.18209449999995,25.77910460000021]]},"properties":{"k":"b","n":null,"c":"bascule bridge","v":null,"cc":6.7,"co":null}},{"type":"Feature","geometry":{"type":"LineString","coordinates":[[-80.18986450000011,25.769771900000706],[-80.19017130000066,25.769781499999226],[-80.19017949999943,25.77003060000061],[-80.1898741999994,25.77002729999913],[-80.18986450000011,25.769771900000706]]},"properties":{"k":"b","n":null,"c":"bascule bridge","v":null,"cc":7.0,"co":null}},{"type":"Feature","geometry":{"type":"LineString","coordinates":[[-80.2312681000003,25.788620100000117],[-80.23145850000037,25.78862300000037],[-80.23147210000025,25.788851900000736],[-80.23127209999984,25.78885470000023],[-80.2312681000003,25.788620100000117]]},"properties":{"k":"b","n":null,"c":"bascule bridge","v":null,"cc":7.6,"co":null}},{"type":"Feature","geometry":{"type":"LineString","coordinates":[[-80.18129760000011,25.787353100000473],[-80.18130530000053,25.787561999999525],[-80.18103089999931,25.78757770000084],[-80.18102320000071,25.787368699999206],[-80.18129760000011,25.787353100000473]]},"properties":{"k":"b","n":null,"c":"fixed bridge","v":19.8,"cc":null,"co":null}},{"type":"Feature","geometry":{"type":"LineString","coordinates":[[-80.18198239999947,25.77931510000053],[-80.18223539999963,25.779424300000755],[-80.1821001999997,25.779683900000236],[-80.18184830000064,25.779575900000054],[-80.18198239999947,25.77931510000053]]},"properties":{"k":"b","n":null,"c":"fixed bridge","v":19.8,"cc":null,"co":null}},{"type":"Feature","geometry":{"type":"LineString","coordinates":[[-80.1957012999992,25.76842629999919],[-80.19572829999925,25.768974599999638],[-80.19550560000062,25.769035999999687],[-80.19549019999977,25.76846309999928],[-80.1957012999992,25.76842629999919]]},"properties":{"k":"b","n":null,"c":"fixed bridge","v":22.8,"cc":null,"co":null}},{"type":"Feature","geometry":{"type":"LineString","coordinates":[[-80.18398359999992,25.74632179999935],[-80.1839889999992,25.746574099999634],[-80.18361709999954,25.74657880000086],[-80.18361340000047,25.746326500000578],[-80.18398359999992,25.74632179999935]]},"properties":{"k":"b","n":"Rickenbacker Causeway Bridge","c":"fixed bridge","v":23.1,"cc":null,"co":null}},{"type":"Feature","geometry":{"type":"LineString","coordinates":[[-80.18129319999935,25.78710830000091],[-80.18129640000006,25.787317399999665],[-80.18102179999914,25.78733199999988],[-80.18101580000075,25.787124599999515],[-80.18129319999935,25.78710830000091]]},"properties":{"k":"b","n":null,"c":"fixed bridge","v":19.8,"cc":null,"co":null}},{"type":"Feature","geometry":{"type":"LineString","coordinates":[[-80.21880930000043,25.78369919999932],[-80.21943189999911,25.783757400000468],[-80.2181440000004,25.784293900000193],[-80.21778970000014,25.784114500000214],[-80.21880930000043,25.78369919999932]]},"properties":{"k":"b","n":null,"c":"fixed bridge","v":22.8,"cc":null,"co":null}},{"type":"Feature","geometry":{"type":"LineString","coordinates":[[-80.1924068999997,25.770039900000484],[-80.19254179999916,25.770465100000365],[-80.19255870000052,25.770539299999655],[-80.19247809999979,25.770551199999318],[-80.19232899999952,25.77006099999926],[-80.1924068999997,25.770039900000484]]},"properties":{"k":"b","n":null,"c":"fixed bridge","v":22.8,"cc":null,"co":null}},{"type":"Feature","geometry":{"type":"LineString","coordinates":[[-80.18828190000022,25.76555820000067],[-80.18827039999996,25.765744899999845],[-80.18769600000087,25.765632700000424],[-80.18706559999919,25.765621700000338],[-80.18599670000003,25.76590279999982],[-80.18591580000066,25.765737399999125],[-80.18641080000089,25.7655577000005],[-80.18716950000089,25.76543689999926],[-80.18828190000022,25.76555820000067]]},"properties":{"k":"b","n":null,"c":"fixed bridge","v":2.4,"cc":null,"co":null}},{"type":"Feature","geometry":{"type":"LineString","coordinates":[[-80.1993722999996,25.770145099999354],[-80.1997508000004,25.770469799999773],[-80.1994737999994,25.77108120000048],[-80.19903449999947,25.77052569999978],[-80.19926160000068,25.77005420000023],[-80.1993722999996,25.770145099999354]]},"properties":{"k":"b","n":null,"c":"fixed bridge","v":22.8,"cc":null,"co":null}},{"type":"Feature","geometry":{"type":"LineString","coordinates":[[-80.16582600000038,25.79053770000064],[-80.16583499999979,25.790653800000655],[-80.1653552000007,25.79067009999926],[-80.16534689999935,25.790562000000136],[-80.16582600000038,25.79053770000064]]},"properties":{"k":"b","n":"Venetian Causeway","c":"fixed bridge","v":1.8,"cc":null,"co":null}},{"type":"Feature","geometry":{"type":"LineString","coordinates":[[-80.16275339999993,25.77900899999986],[-80.1634795000009,25.777545499999178],[-80.1636522000008,25.777617399999144],[-80.16287059999922,25.779059500000585],[-80.16275339999993,25.77900899999986]]},"properties":{"k":"b","n":null,"c":"fixed bridge","v":1.5,"cc":null,"co":null}},{"type":"Feature","geometry":{"type":"LineString","coordinates":[[-80.1436489000007,25.79833580000013],[-80.14380639999945,25.79846550000002],[-80.14395680000052,25.79859690000012],[-80.1437962,25.79859690000012],[-80.14348570000038,25.79833940000026],[-80.1436489000007,25.79833580000013]]},"properties":{"k":"b","n":null,"c":"fixed bridge","v":2.1,"cc":null,"co":null}},{"type":"Feature","geometry":{"type":"LineString","coordinates":[[-80.14443279999978,25.773438800000804],[-80.1445461000003,25.77367840000079],[-80.14432959999976,25.77376120000008],[-80.14421880000009,25.77352090000022],[-80.14443279999978,25.773438800000804]]},"properties":{"k":"b","n":null,"c":"fixed bridge","v":10.6,"cc":null,"co":null}},{"type":"Feature","geometry":{"type":"LineString","coordinates":[[-80.15793389999999,25.790910100000474],[-80.15791189999982,25.79102950000015],[-80.1574471999993,25.791042099999686],[-80.15743629999997,25.79092750000018],[-80.15793389999999,25.790910100000474]]},"properties":{"k":"b","n":"Venetian Causeway","c":"fixed bridge","v":1.8,"cc":null,"co":null}},{"type":"Feature","geometry":{"type":"LineString","coordinates":[[-80.15939339999932,25.731111099999907],[-80.15685850000045,25.728859500000908],[-80.15645100000074,25.72851029999947],[-80.15662879999945,25.728346199999578],[-80.15707520000069,25.728706500000044],[-80.16096180000022,25.73216979999961],[-80.1607413999991,25.73231289999967],[-80.15939339999932,25.731111099999907]]},"properties":{"k":"b","n":"Bear Cut Bridge","c":"fixed bridge","v":4.8,"cc":null,"co":null}},{"type":"Feature","geometry":{"type":"LineString","coordinates":[[-80.14503499999955,25.79154539999945],[-80.14643590000014,25.791459800000666],[-80.14645179999934,25.791571399999157],[-80.14503370000057,25.79166570000052],[-80.14503499999955,25.79154539999945]]},"properties":{"k":"b","n":"Venetian Causeway","c":"fixed bridge","v":1.8,"cc":null,"co":null}},{"type":"Feature","geometry":{"type":"LineString","coordinates":[[-80.14323709999917,25.792029099999127],[-80.1433474000005,25.792024599999422],[-80.1435517000009,25.791983999999502],[-80.14316730000064,25.79219550000016],[-80.14297029999943,25.79217620000054],[-80.14323709999917,25.792029099999127]]},"properties":{"k":"b","n":null,"c":"fixed bridge","v":1.5,"cc":null,"co":null}},{"type":"Feature","geometry":{"type":"LineString","coordinates":[[-80.16450989999976,25.790603600000395],[-80.1645208000009,25.79071499999918],[-80.16403610000089,25.790737100000115],[-80.16402910000033,25.790624999999636],[-80.16450989999976,25.790603600000395]]},"properties":{"k":"b","n":"Venetian Causeway","c":"fixed bridge","v":1.8,"cc":null,"co":null}},{"type":"Feature","geometry":{"type":"LineString","coordinates":[[-80.14172680000047,25.796324000000823],[-80.14187219999985,25.79663419999997],[-80.1417724999992,25.796676100000695],[-80.14162729999953,25.796371500000532],[-80.14172680000047,25.796324000000823]]},"properties":{"k":"b","n":null,"c":"fixed bridge","v":2.1,"cc":null,"co":null}},{"type":"Feature","geometry":{"type":"LineString","coordinates":[[-80.16187519999949,25.790728399999352],[-80.16188049999982,25.79084049999983],[-80.16138560000036,25.790863599999284],[-80.16138049999972,25.79074969999965],[-80.16187519999949,25.790728399999352]]},"properties":{"k":"b","n":"Venetian Causeway","c":"fixed bridge","v":1.8,"cc":null,"co":null}},{"type":"Feature","geometry":{"type":"LineString","coordinates":[[-80.16056340000068,25.790789000000586],[-80.1605725999998,25.790903299999627],[-80.16009809999923,25.79090779999933],[-80.16009219999978,25.790809100000843],[-80.16056340000068,25.790789000000586]]},"properties":{"k":"b","n":"Venetian Causeway","c":"fixed bridge","v":1.8,"cc":null,"co":null}},{"type":"Feature","geometry":{"type":"LineString","coordinates":[[-80.15227550000054,25.791182700000718],[-80.15227950000008,25.791292600000816],[-80.15210339999976,25.79130140000052],[-80.15209320000031,25.79118919999928],[-80.15227550000054,25.791182700000718]]},"properties":{"k":"b","n":"Venetian Causeway","c":"bascule bridge","v":null,"cc":1.5,"co":null}},{"type":"Feature","geometry":{"type":"LineString","coordinates":[[-80.17161300000043,25.790262399999847],[-80.17162070000086,25.79037790000075],[-80.17101030000049,25.790409699999145],[-80.17100749999918,25.790293800000654],[-80.17161300000043,25.790262399999847]]},"properties":{"k":"b","n":"Venetian Causeway","c":"fixed bridge","v":1.8,"cc":null,"co":null}},{"type":"Feature","geometry":{"type":"LineString","coordinates":[[-80.16182079999999,25.780783500000325],[-80.1619398999992,25.780835400000797],[-80.16115759999957,25.782316700000592],[-80.1610395000007,25.782266700000037],[-80.16182079999999,25.780783500000325]]},"properties":{"k":"b","n":null,"c":"fixed bridge","v":2.1,"cc":null,"co":null}},{"type":"Feature","geometry":{"type":"LineString","coordinates":[[-80.15085329999965,25.77408099999957],[-80.15163620000021,25.772491199999422],[-80.1518003000001,25.77256210000087],[-80.15097109999988,25.77413759999945],[-80.15085329999965,25.77408099999957]]},"properties":{"k":"b","n":null,"c":"fixed bridge","v":1.8,"cc":null,"co":null}},{"type":"Feature","geometry":{"type":"LineString","coordinates":[[-80.1566315,25.790976500000397],[-80.1566385999995,25.791087499999776],[-80.15614769999956,25.791110300000582],[-80.1561397000005,25.790998099999342],[-80.1566315,25.790976500000397]]},"properties":{"k":"b","n":"Venetian Causeway","c":"fixed bridge","v":1.8,"cc":null,"co":null}},{"type":"Feature","geometry":{"type":"LineString","coordinates":[[-80.17656039999929,25.81055379999998],[-80.17670800000087,25.810564400000658],[-80.17663549999997,25.810869700000694],[-80.17633639999985,25.810862099999213],[-80.17641689999982,25.81056239999998],[-80.17656039999929,25.81055379999998]]},"properties":{"k":"b","n":null,"c":"fixed bridge","v":17.0,"cc":null,"co":null}},{"type":"Feature","geometry":{"type":"LineString","coordinates":[[-80.18538059999992,25.810714699999153],[-80.18538020000051,25.81082989999959],[-80.18507639999916,25.810839300000225],[-80.18505619999996,25.810723299999154],[-80.18538059999992,25.810714699999153]]},"properties":{"k":"b","n":null,"c":"fixed bridge","v":0.9,"cc":null,"co":null}},{"type":"Feature","geometry":{"type":"LineString","coordinates":[[-80.12238509999952,25.844247099999848],[-80.12242309999965,25.844462799999746],[-80.12226679999912,25.844485600000553],[-80.12223059999997,25.8442701999993],[-80.12238509999952,25.844247099999848]]},"properties":{"k":"b","n":null,"c":"bascule bridge","v":null,"cc":3.3,"co":null}},{"type":"Feature","geometry":{"type":"LineString","coordinates":[[-80.12431939999988,25.844165099999373],[-80.1242772000005,25.84394930000053],[-80.1250125000006,25.843842700000096],[-80.12506419999954,25.84405770000012],[-80.12431939999988,25.844165099999373]]},"properties":{"k":"b","n":null,"c":"fixed bridge","v":1.8,"cc":null,"co":null}},{"type":"Feature","geometry":{"type":"LineString","coordinates":[[-80.15700389999984,25.848401200000808],[-80.15700260000085,25.848677600000883],[-80.15547709999919,25.84871740000017],[-80.15546449999965,25.848441699999967],[-80.15700389999984,25.848401200000808]]},"properties":{"k":"b","n":null,"c":"fixed bridge","v":1.2,"cc":null,"co":null}},{"type":"Feature","geometry":{"type":"LineString","coordinates":[[-80.12905519999913,25.85731660000056],[-80.12930100000085,25.85765270000047],[-80.1291927000002,25.85771569999997],[-80.12894629999937,25.857380400000693],[-80.12905519999913,25.85731660000056]]},"properties":{"k":"b","n":null,"c":"fixed bridge","v":2.7,"cc":null,"co":null}},{"type":"Feature","geometry":{"type":"LineString","coordinates":[[-80.17146150000008,25.847810799999934],[-80.17147029999978,25.848078499999247],[-80.17110839999987,25.848087899999882],[-80.17110030000003,25.847823300000528],[-80.17146150000008,25.847810799999934]]},"properties":{"k":"b","n":null,"c":"bascule bridge","v":null,"cc":7.6,"co":null}},{"type":"Feature","geometry":{"type":"LineString","coordinates":[[-80.12707729999966,25.85584729999937],[-80.1272570000001,25.85608890000003],[-80.1267198000005,25.85610799999995],[-80.12654479999946,25.855865800000174],[-80.12707729999966,25.85584729999937]]},"properties":{"k":"b","n":null,"c":"fixed bridge","v":1.5,"cc":null,"co":null}},{"type":"Feature","geometry":{"type":"LineString","coordinates":[[-80.1446446000009,25.84948450000047],[-80.14486539999962,25.849653900000703],[-80.14471869999943,25.849813000000722],[-80.14449790000072,25.849642099999983],[-80.1446446000009,25.84948450000047]]},"properties":{"k":"b","n":null,"c":"bascule bridge","v":null,"cc":7.6,"co":null}},{"type":"Feature","geometry":{"type":"LineString","coordinates":[[-80.14140880000014,25.805247500000405],[-80.14141030000064,25.80534760000046],[-80.14100940000026,25.805359100000715],[-80.14100209999924,25.80525850000049],[-80.14140880000014,25.805247500000405]]},"properties":{"k":"b","n":null,"c":"fixed bridge","v":2.1,"cc":null,"co":null}},{"type":"Feature","geometry":{"type":"LineString","coordinates":[[-80.13618970000061,25.809152600000743],[-80.13642749999963,25.809178199999224],[-80.13635670000076,25.809558400000242],[-80.13611689999925,25.80953849999969],[-80.13618970000061,25.809152600000743]]},"properties":{"k":"b","n":null,"c":"fixed bridge","v":2.7,"cc":null,"co":null}},{"type":"Feature","geometry":{"type":"LineString","coordinates":[[-80.14508089999981,25.803103099999134],[-80.1451305999999,25.803107600000658],[-80.14515329999995,25.803793200000655],[-80.14504339999985,25.803794400000697],[-80.14502119999997,25.80312419999973],[-80.14508089999981,25.803103099999134]]},"properties":{"k":"b","n":null,"c":"fixed bridge","v":2.1,"cc":null,"co":null}},{"type":"Feature","geometry":{"type":"LineString","coordinates":[[-80.1439874000007,25.85360849999961],[-80.14410970000063,25.853999200000544],[-80.14398509999955,25.85403419999966],[-80.14386240000022,25.853639700000713],[-80.1439874000007,25.85360849999961]]},"properties":{"k":"b","n":null,"c":"fixed bridge","v":2.7,"cc":null,"co":null}},{"type":"Feature","geometry":{"type":"LineString","coordinates":[[-80.16174069999943,25.848266599999988],[-80.16173920000074,25.848543000000063],[-80.16021790000013,25.848586500000238],[-80.16020489999937,25.84830890000012],[-80.16174069999943,25.848266599999988]]},"properties":{"k":"b","n":null,"c":"fixed bridge","v":1.2,"cc":null,"co":null}},{"type":"Feature","geometry":{"type":"LineString","coordinates":[[-80.14861229999951,25.81028839999999],[-80.14885040000081,25.810297599999103],[-80.14885099999992,25.810605000000578],[-80.14861050000036,25.81060249999973],[-80.14861229999951,25.81028839999999]]},"properties":{"k":"b","n":null,"c":"fixed bridge","v":10.6,"cc":null,"co":null}},{"type":"Feature","geometry":{"type":"LineString","coordinates":[[-80.1516673999995,25.889982599999712],[-80.15175989999989,25.88999209999929],[-80.15173329999925,25.890104899999642],[-80.1516432999997,25.89008029999968],[-80.1516673999995,25.889982599999712]]},"properties":{"k":"b","n":null,"c":"fixed bridge","v":4.2,"cc":null,"co":null}},{"type":"Feature","geometry":{"type":"LineString","coordinates":[[-80.13484079999944,25.942258799999763],[-80.13493519999975,25.94232870000087],[-80.13440640000044,25.942596999999296],[-80.13434260000031,25.942516999999498],[-80.13484079999944,25.942258799999763]]},"properties":{"k":"b","n":null,"c":"fixed bridge","v":2.1,"cc":null,"co":null}},{"type":"Feature","geometry":{"type":"LineString","coordinates":[[-80.134231,25.886534299999767],[-80.13423839999996,25.886667599999782],[-80.13379560000067,25.88668289999987],[-80.13379200000054,25.886550900000657],[-80.134231,25.886534299999767]]},"properties":{"k":"b","n":null,"c":"fixed bridge","v":0.3,"cc":null,"co":null}},{"type":"Feature","geometry":{"type":"LineString","coordinates":[[-80.13202020000062,25.944461400000364],[-80.1321509999998,25.94446280000011],[-80.13146020000022,25.945462899999256],[-80.13136040000063,25.9454151000009],[-80.13202020000062,25.944461400000364]]},"properties":{"k":"b","n":null,"c":"fixed bridge","v":2.1,"cc":null,"co":null}},{"type":"Feature","geometry":{"type":"LineString","coordinates":[[-80.12863239999933,25.88676900000064],[-80.12867770000048,25.886912300000404],[-80.12769200000002,25.88695419999931],[-80.12767669999994,25.886810800000603],[-80.12863239999933,25.88676900000064]]},"properties":{"k":"b","n":null,"c":"fixed bridge","v":3.6,"cc":null,"co":null}},{"type":"Feature","geometry":{"type":"LineString","coordinates":[[-80.14223610000045,25.887217800000144],[-80.14256550000027,25.88729179999973],[-80.14253119999921,25.887411800000336],[-80.14220209999985,25.887329999999565],[-80.14223610000045,25.887217800000144]]},"properties":{"k":"b","n":null,"c":"bascule bridge","v":null,"cc":4.8,"co":null}},{"type":"Feature","geometry":{"type":"LineString","coordinates":[[-80.1246826000006,25.899343499999304],[-80.12476959999913,25.90070620000006],[-80.12455779999982,25.90071650000027],[-80.12447129999964,25.899349299999813],[-80.1246826000006,25.899343499999304]]},"properties":{"k":"b","n":null,"c":"fixed bridge","v":9.7,"cc":null,"co":null}},{"type":"Feature","geometry":{"type":"LineString","coordinates":[[-80.15021460000025,25.88902059999964],[-80.15079870000045,25.889154399999825],[-80.15075230000002,25.889357300000484],[-80.15014750000046,25.889219000000594],[-80.15021460000025,25.88902059999964]]},"properties":{"k":"b","n":null,"c":"fixed bridge","v":0.6,"cc":null,"co":null}},{"type":"Feature","geometry":{"type":"LineString","coordinates":[[-80.13021619999927,25.929677000000083],[-80.13055200000053,25.92969660000017],[-80.1305396000007,25.92987560000074],[-80.13020099999994,25.92985469999985],[-80.13021619999927,25.929677000000083]]},"properties":{"k":"b","n":null,"c":"bascule bridge","v":null,"cc":9.1,"co":null}},{"type":"Feature","geometry":{"type":"LineString","coordinates":[[-80.13056340000003,25.93015220000052],[-80.13058339999952,25.93034230000012],[-80.13024760000008,25.930371500000547],[-80.13022789999923,25.930183300000863],[-80.13056340000003,25.93015220000052]]},"properties":{"k":"b","n":null,"c":"bascule bridge","v":null,"cc":9.1,"co":null}},{"type":"Feature","geometry":{"type":"LineString","coordinates":[[-80.12374350000027,26.0339898000002],[-80.12375020000036,26.034171299999798],[-80.12352020000071,26.034176400000433],[-80.12351320000016,26.033994800000073],[-80.12374350000027,26.0339898000002]]},"properties":{"k":"b","n":null,"c":"fixed bridge","v":3.9,"cc":null,"co":null}},{"type":"Feature","geometry":{"type":"LineString","coordinates":[[-80.11135009999998,26.08133690000068],[-80.11144310000054,26.081390100000135],[-80.11138299999948,26.08148269999947],[-80.11128930000086,26.08143150000069],[-80.11135009999998,26.08133690000068]]},"properties":{"k":"b","n":null,"c":"fixed bridge","v":4.2,"cc":null,"co":null}},{"type":"Feature","geometry":{"type":"LineString","coordinates":[[-80.11758890000056,26.034159500000897],[-80.1175930999998,26.03431509999973],[-80.11716379999962,26.03432470000007],[-80.11715899999945,26.034170099999756],[-80.11758890000056,26.034159500000897]]},"properties":{"k":"b","n":null,"c":"bascule bridge","v":null,"cc":6.7,"co":null}},{"type":"Feature","geometry":{"type":"LineString","coordinates":[[-80.16836990000047,26.095932099999118],[-80.1693677000003,26.096045899999808],[-80.16938110000046,26.09669170000052],[-80.16924429999926,26.09706870000082],[-80.16872150000017,26.09777539999959],[-80.16841790000035,26.097939499999484],[-80.16836990000047,26.095932099999118]]},"properties":{"k":"b","n":"Interstate I-95 Bridge","c":"fixed bridge","v":16.7,"cc":null,"co":null}},{"type":"Feature","geometry":{"type":"LineString","coordinates":[[-80.16579310000088,26.06801169999926],[-80.16588240000056,26.068294999999125],[-80.16534610000053,26.068328200000906],[-80.1651970999992,26.068012100000487],[-80.16579310000088,26.06801169999926]]},"properties":{"k":"b","n":null,"c":"fixed bridge","v":3.3,"cc":null,"co":null}},{"type":"Feature","geometry":{"type":"LineString","coordinates":[[-80.16874719999942,26.067974499999764],[-80.16874869999992,26.06823649999933],[-80.16858730000058,26.06823970000005],[-80.16858440000033,26.0679796000004],[-80.16874719999942,26.067974499999764]]},"properties":{"k":"b","n":"Ravenswood Road Bridge","c":"fixed bridge","v":4.8,"cc":null,"co":null}},{"type":"Feature","geometry":{"type":"LineString","coordinates":[[-80.11394719999953,26.055440800000724],[-80.11405820000073,26.055448900000556],[-80.11404140000013,26.05568470000071],[-80.11393239999961,26.055663600000116],[-80.11394719999953,26.055440800000724]]},"properties":{"k":"b","n":null,"c":"fixed bridge","v":5.4,"cc":null,"co":null}},{"type":"Feature","geometry":{"type":"LineString","coordinates":[[-80.1151632000001,26.053034799999296],[-80.11516689999917,26.05319480000071],[-80.11484949999976,26.053203600000415],[-80.11484720000044,26.053045299999212],[-80.1151632000001,26.053034799999296]]},"properties":{"k":"b","n":null,"c":"bascule bridge","v":null,"cc":6.7,"co":null}},{"type":"Feature","geometry":{"type":"LineString","coordinates":[[-80.16598329999943,26.068011499999557],[-80.16606440000032,26.068283700000393],[-80.16592359999959,26.068292399999336],[-80.16583929999979,26.068011600000318],[-80.16598329999943,26.068011499999557]]},"properties":{"k":"b","n":null,"c":"fixed bridge","v":3.3,"cc":null,"co":null}},{"type":"Feature","geometry":{"type":"LineString","coordinates":[[-80.10858960000041,26.13785629999984],[-80.10858799999914,26.138188299999456],[-80.10818339999969,26.1381992000006],[-80.10817580000003,26.137864700000137],[-80.10858960000041,26.13785629999984]]},"properties":{"k":"b","n":null,"c":"bascule bridge","v":null,"cc":7.6,"co":null}},{"type":"Feature","geometry":{"type":"LineString","coordinates":[[-80.10882590000074,26.119649199999913],[-80.10926199999994,26.119730399999753],[-80.10922460000074,26.119895600000746],[-80.10878899999989,26.11981299999934],[-80.10882590000074,26.119649199999913]]},"properties":{"k":"b","n":null,"c":"bascule bridge","v":null,"cc":7.3,"co":null}},{"type":"Feature","geometry":{"type":"LineString","coordinates":[[-80.14042599999993,26.11700430000019],[-80.14043259999926,26.11716929999966],[-80.1402493000005,26.11716990000059],[-80.14024319999953,26.117010300000402],[-80.14042599999993,26.11700430000019]]},"properties":{"k":"b","n":null,"c":"bascule bridge","v":null,"cc":4.8,"co":null}},{"type":"Feature","geometry":{"type":"LineString","coordinates":[[-80.15920010000082,26.107277900000554],[-80.15919120000035,26.107116499999393],[-80.15941770000063,26.107111799999984],[-80.1594213999997,26.10727340000085],[-80.15920010000082,26.107277900000554]]},"properties":{"k":"b","n":null,"c":"bascule bridge","v":null,"cc":6.4,"co":null}},{"type":"Feature","geometry":{"type":"LineString","coordinates":[[-80.10434549999991,26.167418900000484],[-80.10434979999991,26.167580699999235],[-80.10390310000003,26.167584099999658],[-80.10390030000053,26.167427899999893],[-80.10434549999991,26.167418900000484]]},"properties":{"k":"b","n":null,"c":"bascule bridge","v":null,"cc":6.7,"co":null}},{"type":"Feature","geometry":{"type":"LineString","coordinates":[[-80.12694039999951,26.11335820000022],[-80.12719959999959,26.11341589999938],[-80.12718719999975,26.113518000000113],[-80.12691839999934,26.11345699999947],[-80.12694039999951,26.11335820000022]]},"properties":{"k":"b","n":null,"c":"fixed bridge","v":2.4,"cc":null,"co":null}},{"type":"Feature","geometry":{"type":"LineString","coordinates":[[-80.14537559999917,26.118630700000722],[-80.14536290000069,26.118420299999343],[-80.14543530000083,26.11841800000002],[-80.14544430000024,26.118630200000553],[-80.14537559999917,26.118630700000722]]},"properties":{"k":"b","n":null,"c":"bascule bridge","v":null,"cc":1.2,"co":null}},{"type":"Feature","geometry":{"type":"LineString","coordinates":[[-80.11892599999919,26.10048370000004],[-80.11893699999928,26.10062900000048],[-80.11824940000042,26.100644100000864],[-80.11824759999945,26.10051299999941],[-80.11892599999919,26.10048370000004]]},"properties":{"k":"b","n":null,"c":"bascule bridge","v":null,"cc":16.7,"co":null}},{"type":"Feature","geometry":{"type":"LineString","coordinates":[[-80.11893229999987,26.10066740000002],[-80.11893690000034,26.100807999999233],[-80.11826040000051,26.100829000000886],[-80.1182516000008,26.100686499999938],[-80.11893229999987,26.10066740000002]]},"properties":{"k":"b","n":null,"c":"bascule bridge","v":null,"cc":16.7,"co":null}},{"type":"Feature","geometry":{"type":"LineString","coordinates":[[-80.14870390000033,26.117286599999716],[-80.1488606999992,26.117384699999093],[-80.14875349999966,26.117524299999786],[-80.14859819999947,26.11743270000079],[-80.14870390000033,26.117286599999716]]},"properties":{"k":"b","n":"William H Marshall Memorial Bridge","c":"bascule bridge","v":null,"cc":6.0,"co":null}},{"type":"Feature","geometry":{"type":"LineString","coordinates":[[-80.11318019999999,26.102811400000064],[-80.11320540000088,26.103154200000063],[-80.11311519999981,26.103157999999894],[-80.11308850000023,26.10281319999922],[-80.11318019999999,26.102811400000064]]},"properties":{"k":"b","n":null,"c":"fixed bridge","v":2.1,"cc":null,"co":null}},{"type":"Feature","geometry":{"type":"LineString","coordinates":[[-80.12986470000033,26.111474100000123],[-80.12982569999986,26.111567600000853],[-80.12952220000079,26.1115764999995],[-80.1295695000008,26.11147990000063],[-80.12986470000033,26.111474100000123]]},"properties":{"k":"b","n":null,"c":"fixed bridge","v":2.4,"cc":null,"co":null}},{"type":"Feature","geometry":{"type":"LineString","coordinates":[[-80.12680349999937,26.114574499999435],[-80.12692779999998,26.11459979999927],[-80.12689649999993,26.114698600000338],[-80.12664330000007,26.114644600000247],[-80.12668769999982,26.114550899999813],[-80.12680349999937,26.114574499999435]]},"properties":{"k":"b","n":null,"c":"fixed bridge","v":1.5,"cc":null,"co":null}},{"type":"Feature","geometry":{"type":"LineString","coordinates":[[-80.10899959999915,26.10041310000088],[-80.10911970000052,26.100438400000712],[-80.10904909999954,26.100644599999214],[-80.10892910000075,26.100616399999126],[-80.10899959999915,26.10041310000088]]},"properties":{"k":"b","n":null,"c":"fixed bridge","v":2.1,"cc":null,"co":null}},{"type":"Feature","geometry":{"type":"LineString","coordinates":[[-80.11843989999943,26.13761970000087],[-80.1183861999998,26.137623599999642],[-80.11839660000078,26.137895699999717],[-80.11783769999965,26.13790709999921],[-80.11783470000046,26.137633500000447],[-80.11843989999943,26.13761970000087]]},"properties":{"k":"b","n":null,"c":"fixed bridge","v":3.0,"cc":null,"co":null}},{"type":"Feature","geometry":{"type":"LineString","coordinates":[[-80.14344510000046,26.117885199999364],[-80.14345069999945,26.11811200000011],[-80.14326489999985,26.118113399999856],[-80.14325699999972,26.117894900000465],[-80.14344510000046,26.117885199999364]]},"properties":{"k":"b","n":null,"c":"bascule bridge","v":null,"cc":6.4,"co":null}},{"type":"Feature","geometry":{"type":"LineString","coordinates":[[-80.1173230000004,26.157219500000792],[-80.11765200000082,26.157304899999872],[-80.1175733,26.157625399999233],[-80.11725210000077,26.157489200000782],[-80.1173230000004,26.157219500000792]]},"properties":{"k":"b","n":null,"c":"fixed bridge","v":2.4,"cc":null,"co":null}},{"type":"Feature","geometry":{"type":"LineString","coordinates":[[-80.11247969999931,26.10070640000049],[-80.11264119999942,26.100899400000344],[-80.11224840000068,26.100921900000685],[-80.11205870000049,26.100751100000707],[-80.11247969999931,26.10070640000049]]},"properties":{"k":"b","n":null,"c":"fixed bridge","v":2.4,"cc":null,"co":null}},{"type":"Feature","geometry":{"type":"LineString","coordinates":[[-80.12768890000007,26.111515299999155],[-80.12765220000074,26.11162239999976],[-80.1273727000007,26.111555299999964],[-80.12741760000063,26.111463900000672],[-80.12768890000007,26.111515299999155]]},"properties":{"k":"b","n":null,"c":"fixed bridge","v":2.1,"cc":null,"co":null}},{"type":"Feature","geometry":{"type":"LineString","coordinates":[[-80.2601649,27.2037335],[-80.26004799999998,27.20363309999999]]},"properties":{"k":"b","n":null,"c":"bascule bridge","v":null,"cc":2.0,"co":null}},{"type":"Feature","geometry":{"type":"LineString","coordinates":[[-80.21145000000001,27.197385999999995],[-80.20355799999999,27.201351999999986]]},"properties":{"k":"b","n":null,"c":"fixed bridge","v":19.8,"cc":null,"co":null}},{"type":"Feature","geometry":{"type":"LineString","coordinates":[[-80.218051,27.286070999999993],[-80.21766100000002,27.28618499999999]]},"properties":{"k":"b","n":null,"c":"fixed bridge","v":1.5,"cc":null,"co":null}},{"type":"Feature","geometry":{"type":"LineString","coordinates":[[-80.5828378,28.086853700000006],[-80.58197439999998,28.08708710000002]]},"properties":{"k":"b","n":null,"c":"footbridge","v":1.8,"cc":null,"co":null}},{"type":"Feature","geometry":{"type":"LineString","coordinates":[[-80.6118083,28.194582799999978],[-80.61208900000003,28.194566399999985]]},"properties":{"k":"b","n":null,"c":"bascule bridge","v":null,"cc":3.0,"co":null}},{"type":"Feature","geometry":{"type":"LineString","coordinates":[[-80.6137622,28.194322],[-80.61338799999999,28.194322]]},"properties":{"k":"b","n":null,"c":"bascule bridge","v":null,"cc":3.0,"co":null}},{"type":"Feature","geometry":{"type":"LineString","coordinates":[[-81.38180290000003,25.839554099999987],[-81.3813892,25.839251699999977]]},"properties":{"k":"b","n":null,"c":"fixed bridge","v":1.5,"cc":null,"co":null}},{"type":"Feature","geometry":{"type":"LineString","coordinates":[[-81.38259779999998,25.871431599999994],[-81.3825789,25.87180810000001]]},"properties":{"k":"b","n":null,"c":"fixed bridge","v":3.6,"cc":null,"co":null}},{"type":"Feature","geometry":{"type":"LineString","coordinates":[[-80.4026495,25.13764409999999],[-80.40249089999998,25.137833699999987]]},"properties":{"k":"b","n":null,"c":"footbridge","v":4.2,"cc":null,"co":null}},{"type":"Feature","geometry":{"type":"LineString","coordinates":[[-80.37268,25.288914999999974],[-80.364393,25.285446999999976],[-80.36280199999999,25.28502900000001]]},"properties":{"k":"b","n":null,"c":"fixed bridge","v":19.8,"cc":null,"co":null}},{"type":"Feature","geometry":{"type":"LineString","coordinates":[[-80.20146640000002,25.774160900000027],[-80.20118120000001,25.77419329999998]]},"properties":{"k":"b","n":"West Flagler Street Bridge","c":"bascule bridge","v":null,"cc":10.6,"co":null}},{"type":"Feature","geometry":{"type":"LineString","coordinates":[[-80.2229264,25.785351300000002],[-80.22294729999999,25.785603200000025]]},"properties":{"k":"b","n":"North West 17th Avenue Bridge","c":"bascule bridge","v":null,"cc":5.1,"co":null}},{"type":"Feature","geometry":{"type":"LineString","coordinates":[[-80.24546959999998,25.795105700000022],[-80.24538089999999,25.794922699999972]]},"properties":{"k":"b","n":"NW South River Drive (Delaware Prkw) Bridge","c":"bascule bridge","v":null,"cc":1.8,"co":23.7}},{"type":"Feature","geometry":{"type":"LineString","coordinates":[[-80.19757570000002,25.76895109999998],[-80.1975746,25.768746399999998]]},"properties":{"k":"b","n":"South West 2nd Avenue Bridge","c":"bascule bridge","v":null,"cc":3.3,"co":null}},{"type":"Feature","geometry":{"type":"LineString","coordinates":[[-80.23966969999998,25.79255760000001],[-80.23967800000003,25.792782699999975]]},"properties":{"k":"b","n":"North West 27th Avenue Bridge","c":"bascule bridge","v":null,"cc":6.4,"co":null}},{"type":"Feature","geometry":{"type":"LineString","coordinates":[[-80.23970630000002,25.791338999999994],[-80.23968480000002,25.79149769999998]]},"properties":{"k":"b","n":"North West 27th Avenue Bridge","c":"fixed bridge","v":2.4,"cc":null,"co":null}},{"type":"Feature","geometry":{"type":"LineString","coordinates":[[-80.16947499999998,26.096464400000002],[-80.16946530000001,26.096190700000022]]},"properties":{"k":"b","n":"CSX Railroad Bridge","c":"bascule bridge","v":null,"cc":2.0,"co":null}},{"type":"Feature","geometry":{"type":"LineString","coordinates":[[-80.16821349999998,26.0980194],[-80.16815930000001,26.097426199999973]]},"properties":{"k":"b","n":null,"c":"fixed bridge","v":16.7,"cc":null,"co":null}},{"type":"Feature","geometry":{"type":"LineString","coordinates":[[-80.16610969999999,26.068002499999977],[-80.16619459999998,26.068289400000026]]},"properties":{"k":"b","n":null,"c":"fixed bridge","v":3.3,"cc":null,"co":null}},{"type":"Feature","geometry":{"type":"LineString","coordinates":[[-80.16629339999997,26.068298000000027],[-80.16620849999998,26.067993899999976]]},"properties":{"k":"b","n":null,"c":"fixed bridge","v":3.3,"cc":null,"co":null}},{"type":"Feature","geometry":{"type":"LineString","coordinates":[[-81.58480420000001,30.43808439999998],[-81.58247219999998,30.437616699999978]]},"properties":{"k":"c","n":null,"c":"power line","v":5.1,"cc":null,"co":null}},{"type":"Feature","geometry":{"type":"LineString","coordinates":[[-81.58536470000001,30.412344800000028],[-81.58415780000001,30.41245329999998],[-81.58043129999999,30.412339700000018]]},"properties":{"k":"c","n":null,"c":"power line","v":12.1,"cc":null,"co":null}},{"type":"Feature","geometry":{"type":"LineString","coordinates":[[-81.58480420000001,30.43808439999998],[-81.58247219999998,30.437616699999978]]},"properties":{"k":"c","n":null,"c":"telephone","v":5.1,"cc":null,"co":null}},{"type":"Feature","geometry":{"type":"LineString","coordinates":[[-81.53238920000001,30.417631200000017],[-81.5299541,30.416982599999983]]},"properties":{"k":"c","n":null,"c":"power line","v":11.2,"cc":null,"co":null}},{"type":"Feature","geometry":{"type":"LineString","coordinates":[[-81.54778449999998,30.412674299999992],[-81.54933979999998,30.412277500000016]]},"properties":{"k":"c","n":null,"c":"power line","v":12.1,"cc":null,"co":null}},{"type":"Feature","geometry":{"type":"LineString","coordinates":[[-81.5840503,30.438274200000023],[-81.58252220000003,30.43767220000001]]},"properties":{"k":"c","n":null,"c":"power line","v":5.1,"cc":null,"co":null}},{"type":"Feature","geometry":{"type":"LineString","coordinates":[[-81.5482475,30.419039999999995],[-81.544082,30.41505410000002],[-81.5390787,30.411428600000022],[-81.53647649999999,30.409639200000015],[-81.53387320000002,30.401604099999986],[-81.53220909999999,30.396114399999988],[-81.5292877,30.386940900000013]]},"properties":{"k":"c","n":null,"c":"power line","v":53.3,"cc":null,"co":null}},{"type":"Feature","geometry":{"type":"LineString","coordinates":[[-81.548202,30.417629999999974],[-81.54714410000003,30.41648620000001],[-81.53704809999999,30.409322599999996],[-81.533998,30.399628800000016],[-81.53269719999997,30.395841700000005],[-81.532441,30.394824200000016],[-81.5299215,30.386808299999984]]},"properties":{"k":"c","n":null,"c":"power line","v":53.3,"cc":null,"co":null}},{"type":"Feature","geometry":{"type":"LineString","coordinates":[[-81.5840503,30.438274200000023],[-81.58252220000003,30.43767220000001]]},"properties":{"k":"c","n":null,"c":"telephone","v":5.1,"cc":null,"co":null}},{"type":"Feature","geometry":{"type":"LineString","coordinates":[[-81.50715489999999,30.404658299999994],[-81.50941920000002,30.40624969999999]]},"properties":{"k":"c","n":null,"c":"power line","v":12.1,"cc":null,"co":null}},{"type":"Feature","geometry":{"type":"LineString","coordinates":[[-81.41570300000001,30.421187999999972],[-81.4198151,30.418756499999972]]},"properties":{"k":"c","n":null,"c":"power line","v":12.1,"cc":null,"co":null}},{"type":"Feature","geometry":{"type":"LineString","coordinates":[[-80.720842,28.416412200000025],[-80.73604999999998,28.40911010000002]]},"properties":{"k":"c","n":null,"c":"power line","v":13.7,"cc":null,"co":null}},{"type":"Feature","geometry":{"type":"LineString","coordinates":[[-80.73693409999998,28.40869409999999],[-80.74477000000002,28.404920000000004],[-80.7467196,28.404087100000027]]},"properties":{"k":"c","n":null,"c":"power line","v":13.7,"cc":null,"co":null}},{"type":"Feature","geometry":{"type":"LineString","coordinates":[[-80.73604999999998,28.40911010000002],[-80.73693409999998,28.40869409999999]]},"properties":{"k":"c","n":null,"c":"power line","v":25.9,"cc":null,"co":null}},{"type":"Feature","geometry":{"type":"LineString","coordinates":[[-80.76383709999999,28.470709899999974],[-80.75024400000001,28.480451000000016],[-80.73577799999998,28.492819999999995],[-80.73284339999998,28.492822999999987]]},"properties":{"k":"c","n":null,"c":"power line","v":13.7,"cc":null,"co":null}},{"type":"Feature","geometry":{"type":"LineString","coordinates":[[-80.74724020000002,28.742190600000015],[-80.7059701,28.748898999999994]]},"properties":{"k":"c","n":null,"c":"power line","v":25.9,"cc":null,"co":null}},{"type":"Feature","geometry":{"type":"LineString","coordinates":[[-80.75464570000003,28.736922600000014],[-80.75413529999997,28.73633890000002]]},"properties":{"k":"c","n":null,"c":"power line","v":25.9,"cc":null,"co":null}},{"type":"Feature","geometry":{"type":"LineString","coordinates":[[-80.91539180000001,29.024922600000025],[-80.91918600000002,29.023466999999982]]},"properties":{"k":"c","n":null,"c":"power line","v":25.9,"cc":null,"co":null}},{"type":"Feature","geometry":{"type":"LineString","coordinates":[[-81.01928500000002,29.214136999999994],[-81.01366680000001,29.21903980000002]]},"properties":{"k":"c","n":null,"c":"power line","v":29.8,"cc":null,"co":null}},{"type":"Feature","geometry":{"type":"LineString","coordinates":[[-81.10155759999998,29.409021100000018],[-81.10084319999999,29.40927590000001]]},"properties":{"k":"c","n":null,"c":"power line","v":25.9,"cc":null,"co":null}},{"type":"Feature","geometry":{"type":"LineString","coordinates":[[-81.13749109999998,29.4775353],[-81.13612239999998,29.47803449999998]]},"properties":{"k":"c","n":null,"c":"power line","v":25.9,"cc":null,"co":null}},{"type":"Feature","geometry":{"type":"LineString","coordinates":[[-81.32014299999997,29.888766999999973],[-81.32082550000001,29.888301300000023],[-81.32252599999998,29.886905599999977]]},"properties":{"k":"c","n":null,"c":"power line","v":20.1,"cc":null,"co":null}},{"type":"Feature","geometry":{"type":"LineString","coordinates":[[-81.3059662,29.91519740000001],[-81.30000000000001,29.916199699999993]]},"properties":{"k":"c","n":null,"c":"power line","v":30.4,"cc":null,"co":null}},{"type":"Feature","geometry":{"type":"LineString","coordinates":[[-81.30000000000001,29.916199699999993],[-81.29820860000001,29.916500600000006]]},"properties":{"k":"c","n":null,"c":"power line","v":30.4,"cc":null,"co":null}},{"type":"Feature","geometry":{"type":"LineString","coordinates":[[-81.40710230000002,30.193715399999974],[-81.40590550000002,30.19376679999999]]},"properties":{"k":"c","n":null,"c":"power line","v":28.3,"cc":null,"co":null}},{"type":"Feature","geometry":{"type":"LineString","coordinates":[[-81.40711540000001,30.19375819999999],[-81.4059191,30.193809799999997]]},"properties":{"k":"c","n":null,"c":"power line","v":28.3,"cc":null,"co":null}},{"type":"Feature","geometry":{"type":"LineString","coordinates":[[-81.4221612,30.288054199999976],[-81.42031580000003,30.28808909999998]]},"properties":{"k":"c","n":null,"c":"power line","v":24.3,"cc":null,"co":null}},{"type":"Feature","geometry":{"type":"LineString","coordinates":[[-81.52613430000002,30.375],[-81.52499999999998,30.371408499999973]]},"properties":{"k":"c","n":null,"c":"power line","v":13.7,"cc":null,"co":null}},{"type":"Feature","geometry":{"type":"LineString","coordinates":[[-81.52499999999998,30.373464599999977],[-81.52548589999998,30.375]]},"properties":{"k":"c","n":null,"c":"power line","v":13.7,"cc":null,"co":null}},{"type":"Feature","geometry":{"type":"LineString","coordinates":[[-81.51075509999998,30.368400899999983],[-81.52332869999998,30.368185400000016],[-81.52499999999998,30.373464599999977]]},"properties":{"k":"c","n":null,"c":"power line","v":13.7,"cc":null,"co":null}},{"type":"Feature","geometry":{"type":"LineString","coordinates":[[-81.52499999999998,30.371408499999973],[-81.5238491,30.36771329999999],[-81.52033519999998,30.36780540000001],[-81.51512150000002,30.368081500000017],[-81.51258250000001,30.368119700000022]]},"properties":{"k":"c","n":null,"c":"power line","v":13.7,"cc":null,"co":null}},{"type":"Feature","geometry":{"type":"LineString","coordinates":[[-81.42036869999998,30.31645659999998],[-81.42230519999998,30.316407400000003],[-81.42222750000002,30.314284299999997],[-81.43239399999999,30.311011800000017],[-81.43793649999998,30.310922100000028],[-81.43770619999998,30.30391800000001]]},"properties":{"k":"c","n":null,"c":"power line","v":27.4,"cc":null,"co":null}},{"type":"Feature","geometry":{"type":"LineString","coordinates":[[-81.44574360000001,30.36027389999998],[-81.43581740000002,30.363965099999973]]},"properties":{"k":"c","n":null,"c":"power line","v":27.1,"cc":null,"co":null}},{"type":"Feature","geometry":{"type":"LineString","coordinates":[[-81.44000410000001,30.3235143],[-81.43808030000002,30.32395029999998]]},"properties":{"k":"c","n":null,"c":"power line","v":25.9,"cc":null,"co":null}},{"type":"Feature","geometry":{"type":"LineString","coordinates":[[-81.5299215,30.386808299999984],[-81.52613430000002,30.375]]},"properties":{"k":"c","n":null,"c":"power line","v":13.7,"cc":null,"co":null}},{"type":"Feature","geometry":{"type":"LineString","coordinates":[[-81.52548589999998,30.375],[-81.5292877,30.386940900000013]]},"properties":{"k":"c","n":null,"c":"power line","v":13.7,"cc":null,"co":null}},{"type":"Feature","geometry":{"type":"LineString","coordinates":[[-81.46058540000001,30.394480499999986],[-81.45924280000003,30.39298359999998]]},"properties":{"k":"c","n":null,"c":"power line","v":24.3,"cc":null,"co":null}},{"type":"Feature","geometry":{"type":"LineString","coordinates":[[-80.6327786,28.41004190000001],[-80.63274369999999,28.40869379999998]]},"properties":{"k":"c","n":null,"c":"power line","v":25.9,"cc":null,"co":null}},{"type":"Feature","geometry":{"type":"LineString","coordinates":[[-80.6444836,28.418958599999996],[-80.64409790000002,28.419009899999992]]},"properties":{"k":"c","n":null,"c":"power line","v":19.8,"cc":null,"co":null}},{"type":"Feature","geometry":{"type":"LineString","coordinates":[[-80.6079957,28.562911299999996],[-80.59210089999999,28.557248200000004]]},"properties":{"k":"c","n":null,"c":"power line","v":25.9,"cc":null,"co":null}},{"type":"Feature","geometry":{"type":"LineString","coordinates":[[-80.05928239999997,26.47042479999999],[-80.05965120000002,26.470425499999976]]},"properties":{"k":"c","n":null,"c":"power line","v":7.6,"cc":null,"co":null}},{"type":"Feature","geometry":{"type":"LineString","coordinates":[[-80.04347619999999,26.54528240000002],[-80.04334549999999,26.546166400000004]]},"properties":{"k":"c","n":null,"c":"power line","v":11.5,"cc":null,"co":null}},{"type":"Feature","geometry":{"type":"LineString","coordinates":[[-80.07877200000001,26.911889299999984],[-80.08152180000002,26.91195859999999]]},"properties":{"k":"c","n":null,"c":"power line","v":25.2,"cc":null,"co":null}},{"type":"Feature","geometry":{"type":"LineString","coordinates":[[-80.1398489,26.982406700000013],[-80.14105,26.9822226]]},"properties":{"k":"c","n":null,"c":"power line","v":4.5,"cc":null,"co":null}},{"type":"Feature","geometry":{"type":"LineString","coordinates":[[-80.13249400000001,26.976483099999996],[-80.1315586,26.976474999999994]]},"properties":{"k":"c","n":null,"c":"power line","v":12.4,"cc":null,"co":null}},{"type":"Feature","geometry":{"type":"LineString","coordinates":[[-80.1039998,26.958274200000005],[-80.10279789999998,26.958170399999972]]},"properties":{"k":"c","n":null,"c":"power line","v":11.5,"cc":null,"co":null}},{"type":"Feature","geometry":{"type":"LineString","coordinates":[[-80.13664820000002,26.974854800000003],[-80.13718260000002,26.97444150000001]]},"properties":{"k":"c","n":null,"c":"power line","v":10.3,"cc":null,"co":null}},{"type":"Feature","geometry":{"type":"LineString","coordinates":[[-80.08155399999998,26.939480000000003],[-80.07977399999999,26.938706000000025]]},"properties":{"k":"c","n":null,"c":"power line","v":13.1,"cc":null,"co":null}},{"type":"Feature","geometry":{"type":"LineString","coordinates":[[-80.25807950000001,27.201574400000027],[-80.26108529999999,27.203677700000014]]},"properties":{"k":"c","n":null,"c":"power line","v":22.8,"cc":null,"co":null}},{"type":"Feature","geometry":{"type":"LineString","coordinates":[[-80.25777499999998,27.17570280000001],[-80.2642917,27.172463900000025]]},"properties":{"k":"c","n":null,"c":"power line","v":16.7,"cc":null,"co":null}},{"type":"Feature","geometry":{"type":"LineString","coordinates":[[-80.27033749999998,27.347448799999995],[-80.26985439999999,27.3473975]]},"properties":{"k":"c","n":null,"c":"power line","v":27.4,"cc":null,"co":null}},{"type":"Feature","geometry":{"type":"LineString","coordinates":[[-80.278482,27.347953000000018],[-80.27016780000002,27.34713629999999]]},"properties":{"k":"c","n":null,"c":"power line","v":18.2,"cc":null,"co":null}},{"type":"Feature","geometry":{"type":"LineString","coordinates":[[-80.25802499999998,27.347159999999974],[-80.2703654,27.348339199999998]]},"properties":{"k":"c","n":null,"c":"power line","v":18.2,"cc":null,"co":null}},{"type":"Feature","geometry":{"type":"LineString","coordinates":[[-80.27932479999998,27.348386800000014],[-80.27033749999998,27.347448799999995]]},"properties":{"k":"c","n":null,"c":"power line","v":18.2,"cc":null,"co":null}},{"type":"Feature","geometry":{"type":"LineString","coordinates":[[-80.26985439999999,27.3473975],[-80.25635599999998,27.34595999999999]]},"properties":{"k":"c","n":null,"c":"power line","v":18.2,"cc":null,"co":null}},{"type":"Feature","geometry":{"type":"LineString","coordinates":[[-80.27016780000002,27.34713629999999],[-80.26968720000002,27.347089400000016]]},"properties":{"k":"c","n":null,"c":"power line","v":27.4,"cc":null,"co":null}},{"type":"Feature","geometry":{"type":"LineString","coordinates":[[-80.26968720000002,27.347089400000016],[-80.256549,27.34580999999997]]},"properties":{"k":"c","n":null,"c":"power line","v":18.2,"cc":null,"co":null}},{"type":"Feature","geometry":{"type":"LineString","coordinates":[[-80.2703654,27.348339199999998],[-80.2708457,27.348385000000007]]},"properties":{"k":"c","n":null,"c":"power line","v":27.4,"cc":null,"co":null}},{"type":"Feature","geometry":{"type":"LineString","coordinates":[[-80.2708457,27.348385000000007],[-80.2793537,27.349194099999977]]},"properties":{"k":"c","n":null,"c":"power line","v":18.2,"cc":null,"co":null}},{"type":"Feature","geometry":{"type":"LineString","coordinates":[[-80.31608879999999,27.457729299999983],[-80.32348810000002,27.455360499999983]]},"properties":{"k":"c","n":null,"c":"power line","v":25.9,"cc":null,"co":null}},{"type":"Feature","geometry":{"type":"LineString","coordinates":[[-80.31344899999999,27.508901999999978],[-80.31348200000002,27.507858]]},"properties":{"k":"c","n":null,"c":"power line","v":8.5,"cc":null,"co":null}},{"type":"Feature","geometry":{"type":"LineString","coordinates":[[-80.37458299999997,27.630840999999975],[-80.36304100000001,27.632130000000018]]},"properties":{"k":"c","n":null,"c":"power line","v":25.9,"cc":null,"co":null}},{"type":"Feature","geometry":{"type":"LineString","coordinates":[[-80.36231220000002,27.60884950000002],[-80.36190620000002,27.60889420000001]]},"properties":{"k":"c","n":null,"c":"power line","v":25.9,"cc":null,"co":null}},{"type":"Feature","geometry":{"type":"LineString","coordinates":[[-80.578663,28.03196200000002],[-80.58092399999998,28.034256000000028]]},"properties":{"k":"c","n":null,"c":" ","v":6.4,"cc":null,"co":null}},{"type":"Feature","geometry":{"type":"LineString","coordinates":[[-80.58106400000003,28.03103900000002],[-80.582198,28.033297000000005]]},"properties":{"k":"c","n":null,"c":" ","v":6.4,"cc":null,"co":null}},{"type":"Feature","geometry":{"type":"LineString","coordinates":[[-80.58517080000001,28.044948599999998],[-80.58421759999999,28.04530970000002],[-80.55280900000002,28.046177999999998]]},"properties":{"k":"c","n":null,"c":"power line","v":28.9,"cc":null,"co":null}},{"type":"Feature","geometry":{"type":"LineString","coordinates":[[-80.61996900000003,28.131835000000024],[-80.61901899999998,28.130788999999993],[-80.61438199999998,28.13211080000002],[-80.61393880000003,28.133605199999977]]},"properties":{"k":"c","n":null,"c":"power line","v":27.4,"cc":null,"co":null}},{"type":"Feature","geometry":{"type":"LineString","coordinates":[[-80.60129899999998,28.137628000000007],[-80.60305,28.137111000000004]]},"properties":{"k":"c","n":null,"c":"power line","v":10.6,"cc":null,"co":null}},{"type":"Feature","geometry":{"type":"LineString","coordinates":[[-80.6032055,28.137440400000003],[-80.60154540000002,28.137905199999977]]},"properties":{"k":"c","n":null,"c":"power line","v":15.2,"cc":null,"co":null}},{"type":"Feature","geometry":{"type":"LineString","coordinates":[[-80.60903610000003,28.25974819999999],[-80.60919660000002,28.271732499999985],[-80.60807310000001,28.27183819999999]]},"properties":{"k":"c","n":null,"c":"power line","v":9.1,"cc":null,"co":null}},{"type":"Feature","geometry":{"type":"LineString","coordinates":[[-80.61962999999997,28.24640499999998],[-80.6122072,28.25250319999998]]},"properties":{"k":"c","n":null,"c":"power line","v":9.1,"cc":null,"co":null}},{"type":"Feature","geometry":{"type":"LineString","coordinates":[[-80.62081799999999,28.216995999999995],[-80.62050149999999,28.239397999999994]]},"properties":{"k":"c","n":null,"c":"power line","v":9.1,"cc":null,"co":null}},{"type":"Feature","geometry":{"type":"LineString","coordinates":[[-80.70828799999998,28.357084999999984],[-80.71114799999998,28.356859999999983]]},"properties":{"k":"c","n":null,"c":"power line","v":11.5,"cc":null,"co":null}},{"type":"Feature","geometry":{"type":"LineString","coordinates":[[-80.71031690000001,28.356401300000016],[-80.71022090000002,28.355414900000028],[-80.72341490000002,28.353532799999982],[-80.72370180000001,28.353558899999996]]},"properties":{"k":"c","n":null,"c":"power line","v":26.8,"cc":null,"co":null}},{"type":"Feature","geometry":{"type":"LineString","coordinates":[[-80.06018340000003,26.83085299999999],[-80.0599125,26.83197869999998]]},"properties":{"k":"c","n":null,"c":"power line","v":26.5,"cc":null,"co":null}},{"type":"Feature","geometry":{"type":"LineString","coordinates":[[-80.03590480000003,26.79442660000001],[-80.03419919999999,26.79474060000001]]},"properties":{"k":"c","n":null,"c":"power line","v":8.8,"cc":null,"co":null}},{"type":"Feature","geometry":{"type":"LineString","coordinates":[[-80.68481400000002,28.367737999999974],[-80.680811,28.37027999999998]]},"properties":{"k":"c","n":null,"c":"power line","v":7.0,"cc":null,"co":null}},{"type":"Feature","geometry":{"type":"LineString","coordinates":[[-80.682681,28.358002],[-80.67065150000002,28.35801889999999]]},"properties":{"k":"c","n":null,"c":"power line","v":13.1,"cc":null,"co":null}},{"type":"Feature","geometry":{"type":"LineString","coordinates":[[-80.64954979999999,28.357229700000005],[-80.64694609999998,28.357228099999986]]},"properties":{"k":"c","n":null,"c":"power line","v":17.6,"cc":null,"co":null}},{"type":"Feature","geometry":{"type":"LineString","coordinates":[[-81.38962529999998,25.85693889999999],[-81.38828510000002,25.85693889999999]]},"properties":{"k":"c","n":null,"c":"power line","v":19.8,"cc":null,"co":null}},{"type":"Feature","geometry":{"type":"LineString","coordinates":[[-81.3855529,25.859445199999982],[-81.38698920000002,25.859965199999976]]},"properties":{"k":"c","n":null,"c":"power line","v":14.9,"cc":null,"co":null}},{"type":"Feature","geometry":{"type":"LineString","coordinates":[[-81.399944,24.624595999999997],[-81.38991299999998,24.627722000000006],[-81.38716799999997,24.62873400000001],[-81.375,24.6328259]]},"properties":{"k":"c","n":null,"c":"power line","v":5.4,"cc":null,"co":null}},{"type":"Feature","geometry":{"type":"LineString","coordinates":[[-81.375,24.6328259],[-81.36186800000002,24.637243000000012],[-81.36059899999998,24.63485800000001]]},"properties":{"k":"c","n":null,"c":"power line","v":5.4,"cc":null,"co":null}},{"type":"Feature","geometry":{"type":"LineString","coordinates":[[-80.58836259999998,24.952275600000007],[-80.5871745,24.952745300000004]]},"properties":{"k":"c","n":null,"c":"power line","v":23.1,"cc":null,"co":null}},{"type":"Feature","geometry":{"type":"LineString","coordinates":[[-80.52843569999999,25.001956500000006],[-80.53309580000001,25.002383199999997]]},"properties":{"k":"c","n":null,"c":"power line","v":15.5,"cc":null,"co":null}},{"type":"Feature","geometry":{"type":"LineString","coordinates":[[-80.37631520000002,25.175954900000022],[-80.37721269999997,25.17668629999997],[-80.3800943,25.178707099999997],[-80.38316650000002,25.180708400000015],[-80.3876545,25.183954700000015],[-80.39155099999999,25.186584200000027]]},"properties":{"k":"c","n":null,"c":"power line","v":25.9,"cc":null,"co":null}},{"type":"Feature","geometry":{"type":"LineString","coordinates":[[-80.359396,25.28438299999999],[-80.35363100000001,25.282820000000015]]},"properties":{"k":"c","n":null,"c":"power line","v":8.8,"cc":null,"co":null}},{"type":"Feature","geometry":{"type":"LineString","coordinates":[[-80.34550899999999,25.28066899999999],[-80.341884,25.279405999999994]]},"properties":{"k":"c","n":null,"c":"power line","v":8.8,"cc":null,"co":null}},{"type":"Feature","geometry":{"type":"LineString","coordinates":[[-80.33138500000001,25.283391999999992],[-80.32951600000001,25.283285999999976]]},"properties":{"k":"c","n":null,"c":"power line","v":10.6,"cc":null,"co":null}},{"type":"Feature","geometry":{"type":"LineString","coordinates":[[-80.37242420000001,25.28929210000001],[-80.372071,25.28969699999999],[-80.36451799999998,25.28651500000001],[-80.364236,25.28618499999999],[-80.36401799999999,25.285718999999972]]},"properties":{"k":"c","n":null,"c":"power line","v":26.8,"cc":null,"co":null}},{"type":"Feature","geometry":{"type":"LineString","coordinates":[[-80.27831400000002,25.316715999999985],[-80.27785399999999,25.317204000000004]]},"properties":{"k":"c","n":null,"c":"power line","v":10.6,"cc":null,"co":null}},{"type":"Feature","geometry":{"type":"LineString","coordinates":[[-80.28357799999998,25.324735999999973],[-80.28287999999998,25.32508899999999]]},"properties":{"k":"c","n":null,"c":"power line","v":10.6,"cc":null,"co":null}},{"type":"Feature","geometry":{"type":"LineString","coordinates":[[-80.18539270000002,26.088482999999997],[-80.18531289999999,26.08734579999998]]},"properties":{"k":"c","n":null,"c":"power line","v":18.8,"cc":null,"co":null}},{"type":"Feature","geometry":{"type":"LineString","coordinates":[[-80.18501989999999,26.08455029999999],[-80.18488839999998,26.08291170000001]]},"properties":{"k":"c","n":null,"c":"power line","v":15.2,"cc":null,"co":null}},{"type":"Feature","geometry":{"type":"LineString","coordinates":[[-80.18448740000002,26.084893599999987],[-80.18354199999999,26.084998199999973]]},"properties":{"k":"c","n":null,"c":"power line","v":19.8,"cc":null,"co":null}},{"type":"Feature","geometry":{"type":"LineString","coordinates":[[-80.0826614,26.261829999999975],[-80.0836084,26.261236699999984]]},"properties":{"k":"c","n":null,"c":"power line","v":19.5,"cc":null,"co":null}},{"type":"Feature","geometry":{"type":"LineString","coordinates":[[-80.14200799999998,25.798776799999985],[-80.14200039999997,25.798260500000026]]},"properties":{"k":"c","n":null,"c":" ","v":7.9,"cc":null,"co":null}},{"type":"Feature","geometry":{"type":"LineString","coordinates":[[-80.13095850000002,25.929997300000025],[-80.12950469999998,25.930061500000022]]},"properties":{"k":"c","n":null,"c":"power line","v":21.6,"cc":null,"co":null}},{"type":"Feature","geometry":{"type":"LineString","coordinates":[[-80.12398400000001,25.900884700000006],[-80.12421849999998,25.899212499999976]]},"properties":{"k":"c","n":null,"c":"power line","v":16.1,"cc":null,"co":null}},{"type":"Feature","geometry":{"type":"LineString","coordinates":[[-80.1288442,25.887015200000008],[-80.1274062,25.887079299999982]]},"properties":{"k":"c","n":null,"c":"power line","v":15.5,"cc":null,"co":null}},{"type":"Feature","geometry":{"type":"LineString","coordinates":[[-80.11384179999999,26.055394200000023],[-80.11378539999998,26.056013199999995]]},"properties":{"k":"c","n":null,"c":"power line","v":9.1,"cc":null,"co":null}},{"type":"Feature","geometry":{"type":"LineString","coordinates":[[-80.11132900000001,26.081114000000014],[-80.11110500000001,26.081478000000004]]},"properties":{"k":"c","n":null,"c":"power line","v":9.7,"cc":null,"co":null}},{"type":"Feature","geometry":{"type":"LineString","coordinates":[[-80.11384179999999,26.055394200000023],[-80.11378539999998,26.056013199999995]]},"properties":{"k":"c","n":null,"c":"telephone","v":9.1,"cc":null,"co":null}},{"type":"Feature","geometry":{"type":"LineString","coordinates":[[-80.12545640000002,26.06078739999998],[-80.12546839999999,26.061566200000016]]},"properties":{"k":"c","n":null,"c":"power line","v":39.6,"cc":null,"co":null}},{"type":"Feature","geometry":{"type":"LineString","coordinates":[[-80.16995780000002,26.097618399999988],[-80.16942820000003,26.09604810000002]]},"properties":{"k":"c","n":null,"c":"power line","v":21.6,"cc":null,"co":null}},{"type":"Feature","geometry":{"type":"LineString","coordinates":[[-80.14684290000002,26.118032000000028],[-80.14690300000001,26.119230800000025]]},"properties":{"k":"c","n":null,"c":"power line","v":26.5,"cc":null,"co":null}},{"type":"Feature","geometry":{"type":"LineString","coordinates":[[-80.15045700000002,26.116467999999998],[-80.15043259999999,26.115159199999994]]},"properties":{"k":"c","n":null,"c":"power line","v":24.3,"cc":null,"co":null}},{"type":"Feature","geometry":{"type":"LineString","coordinates":[[-80.12994900000001,26.11145049999999],[-80.1294499,26.111461200000008]]},"properties":{"k":"c","n":null,"c":"power line","v":10.6,"cc":null,"co":null}},{"type":"Feature","geometry":{"type":"LineString","coordinates":[[-80.12994900000001,26.11145049999999],[-80.1294499,26.111461200000008]]},"properties":{"k":"c","n":null,"c":"telephone","v":10.6,"cc":null,"co":null}},{"type":"Feature","geometry":{"type":"LineString","coordinates":[[-80.1144036,26.152355100000023],[-80.11528120000003,26.152341200000023]]},"properties":{"k":"c","n":null,"c":"power line","v":11.5,"cc":null,"co":null}},{"type":"Feature","geometry":{"type":"LineString","coordinates":[[-80.117122,26.15779500000002],[-80.11736789999998,26.15694769999999]]},"properties":{"k":"c","n":null,"c":"power line","v":14.0,"cc":null,"co":null}},{"type":"Feature","geometry":{"type":"LineString","coordinates":[[-81.30555190000001,29.916427399999975],[-81.304302,29.917164200000002],[-81.30282,29.917627700000025],[-81.3018614,29.917740100000003],[-81.29872890000001,29.917836899999998]]},"properties":{"k":"b","n":null,"c":"fixed bridge","v":19.8,"cc":null,"co":null}},{"type":"Feature","geometry":{"type":"LineString","coordinates":[[-81.30511890000002,29.892937700000004],[-81.31019950000001,29.892725600000006]]},"properties":{"k":"b","n":"Bridge of Lions","c":"opening bridge","v":null,"cc":5.4,"co":null}},{"type":"Feature","geometry":{"type":"LineString","coordinates":[[-81.30890119999998,29.867100400000027],[-81.30474120000002,29.86717040000002]]},"properties":{"k":"b","n":null,"c":"fixed bridge","v":19.8,"cc":null,"co":null}},{"type":"Feature","geometry":{"type":"LineString","coordinates":[[-81.30555190000001,29.916427399999975],[-81.304302,29.917164200000002],[-81.30282,29.917627700000025],[-81.3018614,29.917740100000003],[-81.29872890000001,29.917836899999998]]},"properties":{"k":"b","n":null,"c":"fixed bridge","v":19.8,"cc":null,"co":null}},{"type":"Feature","geometry":{"type":"LineString","coordinates":[[-81.30890119999998,29.867100400000027],[-81.30474120000002,29.86717040000002]]},"properties":{"k":"b","n":null,"c":"fixed bridge","v":19.8,"cc":null,"co":null}},{"type":"Feature","geometry":{"type":"LineString","coordinates":[[-81.30511890000002,29.892937700000004],[-81.31019950000001,29.892725600000006]]},"properties":{"k":"b","n":"Bridge of Lions","c":"opening bridge","v":null,"cc":5.4,"co":null}},{"type":"Feature","geometry":{"type":"LineString","coordinates":[[-80.0471791,26.675438799999995],[-80.04656110000002,26.67540580000002]]},"properties":{"k":"b","n":null,"c":"bascule bridge","v":null,"cc":6.4,"co":null}},{"type":"Feature","geometry":{"type":"LineString","coordinates":[[-81.42472090000047,30.461287599999196],[-81.42472149999958,30.461287699999957],[-81.42493869999998,30.461344699999245],[-81.42488410000078,30.46140369999921],[-81.42466860000059,30.46134290000009],[-81.42472090000047,30.461287599999196]]},"properties":{"k":"b","n":null,"c":"fixed bridge","v":null,"cc":null,"co":null}},{"type":"Feature","geometry":{"type":"LineString","coordinates":[[-81.43144220000067,30.463197999999466],[-81.43160069999976,30.46323990000019],[-81.4315889999998,30.463319700000284],[-81.43141429999923,30.463269500000024],[-81.43144220000067,30.463197999999466]]},"properties":{"k":"b","n":null,"c":"fixed bridge","v":null,"cc":null,"co":null}},{"type":"Feature","geometry":{"type":"LineString","coordinates":[[-81.58014809999986,30.42859429999953],[-81.58023160000084,30.428617899999153],[-81.58022899999924,30.428806699999768],[-81.58013969999956,30.42875079999976],[-81.58014809999986,30.42859429999953]]},"properties":{"k":"b","n":null,"c":"fixed bridge","v":null,"cc":null,"co":null}},{"type":"Feature","geometry":{"type":"LineString","coordinates":[[-81.54966009999953,30.414720299999317],[-81.5494194999992,30.414603100000022],[-81.54946899999959,30.41455649999989],[-81.54933100000017,30.414442499999495],[-81.54927390000012,30.414485200000854],[-81.54922430000079,30.41443910000089],[-81.54927789999965,30.4143894000008],[-81.54905250000047,30.414193700000396],[-81.54899490000025,30.414239899999302],[-81.54899870000008,30.414150799999334],[-81.54876100000001,30.413961800000834],[-81.54871970000022,30.41400160000012],[-81.54871160000039,30.413912300000447],[-81.54836430000069,30.413699099999576],[-81.54840169999989,30.413652100000036],[-81.54755040000055,30.41297449999911],[-81.54773589999968,30.41292489999978],[-81.54786280000008,30.4130284999992],[-81.54977040000085,30.414639399999942],[-81.54966009999953,30.414720299999317]]},"properties":{"k":"b","n":null,"c":"fixed bridge","v":null,"cc":null,"co":null}},{"type":"Feature","geometry":{"type":"LineString","coordinates":[[-81.54933170000004,30.412138499999855],[-81.54933979999987,30.412277499999618],[-81.54778450000049,30.412674299999708],[-81.54775250000057,30.412545400000454],[-81.54790420000063,30.41249070000049],[-81.54933170000004,30.412138499999855]]},"properties":{"k":"b","n":null,"c":"fixed bridge","v":null,"cc":null,"co":null}},{"type":"Feature","geometry":{"type":"LineString","coordinates":[[-81.5774390000006,30.409276200000022],[-81.5774435000003,30.409534899999926],[-81.57728660000066,30.40952920000018],[-81.57728580000003,30.409276399999726],[-81.5774390000006,30.409276200000022]]},"properties":{"k":"b","n":null,"c":"fixed bridge","v":null,"cc":null,"co":null}},{"type":"Feature","geometry":{"type":"LineString","coordinates":[[-81.54940709999937,30.411906799999997],[-81.54934680000042,30.4120254999998],[-81.54771099999925,30.412374899999122],[-81.54771810000057,30.41224399999919],[-81.54813450000074,30.41212319999977],[-81.54940709999937,30.411906799999997]]},"properties":{"k":"b","n":null,"c":"fixed bridge","v":null,"cc":null,"co":null}},{"type":"Feature","geometry":{"type":"LineString","coordinates":[[-81.55633359999956,30.414881599999717],[-81.55643819999932,30.414948199999344],[-81.55628149999939,30.41514819999975],[-81.55618610000056,30.415101700000378],[-81.55633359999956,30.414881599999717]]},"properties":{"k":"b","n":null,"c":"fixed bridge","v":null,"cc":null,"co":null}},{"type":"Feature","geometry":{"type":"LineString","coordinates":[[-81.52199260000089,30.417007699999886],[-81.52198019999923,30.416844800000035],[-81.52210899999955,30.416819699999905],[-81.5220989999998,30.416918900000383],[-81.52199260000089,30.417007699999886]]},"properties":{"k":"b","n":null,"c":"fixed bridge","v":null,"cc":null,"co":null}},{"type":"Feature","geometry":{"type":"LineString","coordinates":[[-81.51894589999938,30.430702899999233],[-81.51918660000047,30.43077269999958],[-81.51917119999962,30.4308388999998],[-81.51891609999984,30.430763500000467],[-81.51894589999938,30.430702899999233]]},"properties":{"k":"b","n":null,"c":"fixed bridge","v":null,"cc":null,"co":null}},{"type":"Feature","geometry":{"type":"LineString","coordinates":[[-81.42524539999977,30.40825229999973],[-81.42534290000003,30.40830939999978],[-81.42496480000045,30.4085529999993],[-81.42483650000031,30.40851239999938],[-81.42524539999977,30.40825229999973]]},"properties":{"k":"b","n":null,"c":"fixed bridge","v":null,"cc":null,"co":null}},{"type":"Feature","geometry":{"type":"LineString","coordinates":[[-80.72380300000077,28.474517200000264],[-80.72370799999953,28.474770000000717],[-80.72278799999913,28.474672000000282],[-80.72278089999963,28.474420500000633],[-80.72380300000077,28.474517200000264]]},"properties":{"k":"b","n":null,"c":"fixed bridge","v":null,"cc":null,"co":null}},{"type":"Feature","geometry":{"type":"LineString","coordinates":[[-80.75919489999978,28.526964700000462],[-80.76516740000079,28.52714299999934],[-80.76523749999978,28.52745259999938],[-80.75911719999931,28.527309299999615],[-80.75919489999978,28.526964700000462]]},"properties":{"k":"b","n":"Nasa Parkway","c":"fixed bridge","v":null,"cc":null,"co":null}},{"type":"Feature","geometry":{"type":"LineString","coordinates":[[-80.80259579999984,28.617553599999155],[-80.80267269999968,28.617742099999305],[-80.80238509999981,28.617899299999408],[-80.8022189000003,28.617766699999265],[-80.80259579999984,28.617553599999155]]},"properties":{"k":"b","n":null,"c":"fixed bridge","v":null,"cc":null,"co":null}},{"type":"Feature","geometry":{"type":"LineString","coordinates":[[-80.80372659999921,28.650732300000527],[-80.80368570000064,28.650537400000758],[-80.80655549999938,28.650568099999873],[-80.80654929999946,28.65072289999989],[-80.80372659999921,28.650732300000527]]},"properties":{"k":"b","n":null,"c":"fixed bridge","v":null,"cc":null,"co":null}},{"type":"Feature","geometry":{"type":"LineString","coordinates":[[-80.91514319999987,29.01326429999972],[-80.91512770000008,29.01321690000077],[-80.91520499999933,29.01319220000005],[-80.91522579999946,29.01323600000069],[-80.91514319999987,29.01326429999972]]},"properties":{"k":"b","n":null,"c":"fixed bridge","v":null,"cc":null,"co":null}},{"type":"Feature","geometry":{"type":"LineString","coordinates":[[-80.96016659999987,29.05109210000046],[-80.96017240000037,29.05116690000068],[-80.95955839999988,29.051198099999965],[-80.95955350000077,29.05112530000042],[-80.96016659999987,29.05109210000046]]},"properties":{"k":"b","n":null,"c":"fixed bridge","v":null,"cc":null,"co":null}},{"type":"Feature","geometry":{"type":"LineString","coordinates":[[-80.96856939999998,29.085981500000344],[-80.96895949999998,29.086673800000426],[-80.96865380000054,29.086817999999766],[-80.96820570000091,29.086030300000857],[-80.96856939999998,29.085981500000344]]},"properties":{"k":"b","n":null,"c":"fixed bridge","v":null,"cc":null,"co":null}},{"type":"Feature","geometry":{"type":"LineString","coordinates":[[-80.95571519999976,29.079236699999456],[-80.95587349999914,29.079295600000478],[-80.95591810000042,29.07965829999921],[-80.95576980000078,29.07960970000022],[-80.95571519999976,29.079236699999456]]},"properties":{"k":"b","n":null,"c":"fixed bridge","v":null,"cc":null,"co":null}},{"type":"Feature","geometry":{"type":"LineString","coordinates":[[-80.96993300000031,29.088401400000294],[-80.97015289999945,29.0888460999995],[-80.96982790000038,29.08895389999998],[-80.9696144999998,29.088526999999885],[-80.96993300000031,29.088401400000294]]},"properties":{"k":"b","n":null,"c":"fixed bridge","v":null,"cc":null,"co":null}},{"type":"Feature","geometry":{"type":"LineString","coordinates":[[-80.96691719999944,29.083623200000147],[-80.96739589999925,29.084115999999995],[-80.96711870000036,29.084299199999805],[-80.96665079999912,29.08381770000051],[-80.96691719999944,29.083623200000147]]},"properties":{"k":"b","n":null,"c":"fixed bridge","v":null,"cc":null,"co":null}},{"type":"Feature","geometry":{"type":"LineString","coordinates":[[-80.91661159999967,29.032465399999637],[-80.91675469999973,29.032603199999357],[-80.91652930000055,29.032757299999503],[-80.91639329999998,29.03261179999936],[-80.91661159999967,29.032465399999637]]},"properties":{"k":"b","n":null,"c":"fixed bridge","v":null,"cc":null,"co":null}},{"type":"Feature","geometry":{"type":"LineString","coordinates":[[-80.91648170000008,29.035009799999898],[-80.91662290000022,29.035161899999366],[-80.91644509999969,29.03527969999959],[-80.9163052999993,29.035129899999447],[-80.91648170000008,29.035009799999898]]},"properties":{"k":"b","n":null,"c":"fixed bridge","v":null,"cc":null,"co":null}},{"type":"Feature","geometry":{"type":"LineString","coordinates":[[-80.90538740000011,29.03864849999991],[-80.90690539999923,29.0385337000007],[-80.90807730000051,29.03818440000032],[-80.90810199999942,29.038337600000887],[-80.90742490000048,29.038575799999307],[-80.90647800000079,29.038763200000176],[-80.90538679999918,29.038812400000097],[-80.90538740000011,29.03864849999991]]},"properties":{"k":"b","n":null,"c":"fixed bridge","v":null,"cc":null,"co":null}},{"type":"Feature","geometry":{"type":"LineString","coordinates":[[-80.92184710000038,29.027968500000497],[-80.9220234000004,29.028096899999582],[-80.92174300000079,29.028411200000846],[-80.9215789000009,29.028263800000786],[-80.92184710000038,29.027968500000497]]},"properties":{"k":"b","n":null,"c":"fixed bridge","v":null,"cc":null,"co":null}},{"type":"Feature","geometry":{"type":"LineString","coordinates":[[-80.98493509999935,29.143754799999442],[-80.98508000000038,29.143990299999132],[-80.98306579999917,29.144910799999707],[-80.98293759999979,29.14466639999955],[-80.98493509999935,29.143754799999442]]},"properties":{"k":"b","n":null,"c":"fixed bridge","v":null,"cc":null,"co":null}},{"type":"Feature","geometry":{"type":"LineString","coordinates":[[-80.97144110000045,29.109135500000775],[-80.97149200000058,29.1092277000007],[-80.9713413999998,29.10924309999973],[-80.97129599999971,29.109153499999593],[-80.97144110000045,29.109135500000775]]},"properties":{"k":"b","n":null,"c":"fixed bridge","v":null,"cc":null,"co":null}},{"type":"Feature","geometry":{"type":"LineString","coordinates":[[-80.97166979999929,29.102643800000806],[-80.97201280000081,29.103459899999507],[-80.97243479999997,29.104472499999247],[-80.97210599999926,29.104573000000528],[-80.9714755999994,29.103068500000518],[-80.97134729999925,29.102759999999762],[-80.97166979999929,29.102643800000806]]},"properties":{"k":"b","n":null,"c":"fixed bridge","v":null,"cc":null,"co":null}},{"type":"Feature","geometry":{"type":"LineString","coordinates":[[-81.01871500000016,29.2226498],[-81.01876819999961,29.22273850000056],[-81.01491969999915,29.22427400000015],[-81.01482179999948,29.224207999999635],[-81.01871500000016,29.2226498]]},"properties":{"k":"b","n":null,"c":"fixed bridge","v":null,"cc":null,"co":null}},{"type":"Feature","geometry":{"type":"LineString","coordinates":[[-81.02331629999935,29.225249999999505],[-81.0233619999999,29.225363300000026],[-81.02321420000044,29.225428499999907],[-81.0231576999995,29.22529460000078],[-81.02331629999935,29.225249999999505]]},"properties":{"k":"b","n":null,"c":"fixed bridge","v":null,"cc":null,"co":null}},{"type":"Feature","geometry":{"type":"LineString","coordinates":[[-81.01683629999934,29.208503399999245],[-81.01693949999935,29.20871570000054],[-81.01650460000019,29.20889360000001],[-81.0163923,29.208684900000662],[-81.01683629999934,29.208503399999245]]},"properties":{"k":"b","n":null,"c":"fixed bridge","v":null,"cc":null,"co":null}},{"type":"Feature","geometry":{"type":"LineString","coordinates":[[-81.01787569999942,29.210472200000368],[-81.01793419999922,29.210583800000677],[-81.0171406999998,29.210908499999277],[-81.01708279999912,29.210799899999984],[-81.01787569999942,29.210472200000368]]},"properties":{"k":"b","n":null,"c":"fixed bridge","v":null,"cc":null,"co":null}},{"type":"Feature","geometry":{"type":"LineString","coordinates":[[-81.01885670000047,29.21231980000084],[-81.01899380000032,29.212565199999517],[-81.01783780000005,29.213279100000364],[-81.0170479999997,29.214053699999567],[-81.01551169999948,29.216489500000534],[-81.01532000000043,29.21625219999987],[-81.01678580000043,29.213934600000357],[-81.01784609999959,29.212932700000238],[-81.01885670000047,29.21231980000084]]},"properties":{"k":"b","n":null,"c":"fixed bridge","v":null,"cc":null,"co":null}},{"type":"Feature","geometry":{"type":"LineString","coordinates":[[-81.08624419999978,29.3421371000004],[-81.08659869999974,29.342144099999132],[-81.08660029999919,29.342232999999396],[-81.08596340000076,29.342222900000706],[-81.08594230000017,29.342156200000318],[-81.08624419999978,29.3421371000004]]},"properties":{"k":"b","n":null,"c":"fixed bridge","v":null,"cc":null,"co":null}},{"type":"Feature","geometry":{"type":"LineString","coordinates":[[-81.12190600000031,29.40752000000066],[-81.12197190000006,29.40759959999923],[-81.12177829999928,29.407718500000556],[-81.12171900000067,29.407637399999658],[-81.12190600000031,29.40752000000066]]},"properties":{"k":"b","n":null,"c":"fixed bridge","v":null,"cc":null,"co":null}},{"type":"Feature","geometry":{"type":"LineString","coordinates":[[-81.19461009999941,29.57677960000001],[-81.1947455999998,29.57709860000068],[-81.19454620000033,29.577169399999548],[-81.19440159999976,29.576844400000482],[-81.19461009999941,29.57677960000001]]},"properties":{"k":"b","n":null,"c":"fixed bridge","v":null,"cc":null,"co":null}},{"type":"Feature","geometry":{"type":"LineString","coordinates":[[-81.21821190000082,29.593457200000557],[-81.21825530000024,29.593552700000146],[-81.21795969999948,29.593645499999184],[-81.21791689999918,29.59355610000057],[-81.21821190000082,29.593457200000557]]},"properties":{"k":"b","n":null,"c":"fixed bridge","v":null,"cc":null,"co":null}},{"type":"Feature","geometry":{"type":"LineString","coordinates":[[-81.21316920000027,29.582622100000663],[-81.2132058999996,29.58270369999991],[-81.21285539999917,29.58281790000001],[-81.21282070000052,29.582741800000804],[-81.21316920000027,29.582622100000663]]},"properties":{"k":"b","n":null,"c":"fixed bridge","v":null,"cc":null,"co":null}},{"type":"Feature","geometry":{"type":"LineString","coordinates":[[-81.20058749999953,29.574249900000723],[-81.20063219999975,29.574340700000903],[-81.20054680000067,29.574369100000695],[-81.20050489999994,29.574278300000515],[-81.20058749999953,29.574249900000723]]},"properties":{"k":"b","n":null,"c":"fixed bridge","v":null,"cc":null,"co":null}},{"type":"Feature","geometry":{"type":"LineString","coordinates":[[-81.22059839999929,29.679194199999984],[-81.22118969999974,29.680109200000516],[-81.2210783999999,29.68028029999914],[-81.22048429999995,29.679336799999874],[-81.22059839999929,29.679194199999984]]},"properties":{"k":"b","n":null,"c":"fixed bridge","v":null,"cc":null,"co":null}},{"type":"Feature","geometry":{"type":"LineString","coordinates":[[-81.22790159999931,29.704420899999604],[-81.2281765000007,29.70544030000019],[-81.22848899999917,29.70656190000045],[-81.22833419999915,29.706590899999355],[-81.2277324000006,29.704442800000834],[-81.22790159999931,29.704420899999604]]},"properties":{"k":"b","n":null,"c":"fixed bridge","v":null,"cc":null,"co":null}},{"type":"Feature","geometry":{"type":"LineString","coordinates":[[-81.26259039999968,29.764482900000075],[-81.26017449999927,29.76676950000001],[-81.25834489999943,29.76849679999941],[-81.25827759999993,29.76838619999944],[-81.26233309999952,29.764557200000127],[-81.26259039999968,29.764482900000075]]},"properties":{"k":"b","n":null,"c":"fixed bridge","v":null,"cc":null,"co":null}},{"type":"Feature","geometry":{"type":"LineString","coordinates":[[-81.31358720000026,29.910656800000652],[-81.31350949999978,29.910546999999497],[-81.31379600000037,29.910449200000585],[-81.31401399999959,29.910384200000408],[-81.31413799999973,29.910485000000335],[-81.31358720000026,29.910656800000652]]},"properties":{"k":"b","n":null,"c":"fixed bridge","v":null,"cc":null,"co":null}},{"type":"Feature","geometry":{"type":"LineString","coordinates":[[-81.32322290000047,29.89237510000021],[-81.32329860000027,29.892611400000533],[-81.32262919999994,29.8929590000007],[-81.32250740000018,29.89274839999962],[-81.32322290000047,29.89237510000021]]},"properties":{"k":"b","n":null,"c":"fixed bridge","v":null,"cc":null,"co":null}},{"type":"Feature","geometry":{"type":"LineString","coordinates":[[-81.32866959999956,29.91586620000089],[-81.32874020000054,29.91613110000071],[-81.32790299999942,29.91629439999997],[-81.32781719999912,29.916030300000784],[-81.32866959999956,29.91586620000089]]},"properties":{"k":"b","n":null,"c":"fixed bridge","v":null,"cc":null,"co":null}},{"type":"Feature","geometry":{"type":"LineString","coordinates":[[-81.31152520000069,29.91276690000086],[-81.31162419999964,29.912886100000833],[-81.31152660000043,29.9129281000005],[-81.31142120000004,29.912807599999724],[-81.31152520000069,29.91276690000086]]},"properties":{"k":"b","n":null,"c":"fixed bridge","v":null,"cc":null,"co":null}},{"type":"Feature","geometry":{"type":"LineString","coordinates":[[-81.32291470000018,29.891067299999122],[-81.3229553000001,29.891192999999475],[-81.32224060000044,29.89126329999999],[-81.32224610000048,29.891123699999298],[-81.32291470000018,29.891067299999122]]},"properties":{"k":"b","n":null,"c":"fixed bridge","v":null,"cc":null,"co":null}},{"type":"Feature","geometry":{"type":"LineString","coordinates":[[-81.38788820000082,30.133166800000254],[-81.38796130000082,30.13316769999983],[-81.38795849999951,30.13336960000015],[-81.38788410000052,30.133349600000656],[-81.38788820000082,30.133166800000254]]},"properties":{"k":"b","n":null,"c":"fixed bridge","v":null,"cc":null,"co":null}},{"type":"Feature","geometry":{"type":"LineString","coordinates":[[-81.43003089999911,30.23970720000034],[-81.43045990000064,30.239907699999094],[-81.4304573999998,30.239997399999993],[-81.42996010000024,30.239743300000555],[-81.43003089999911,30.23970720000034]]},"properties":{"k":"b","n":null,"c":"fixed bridge","v":null,"cc":null,"co":null}},{"type":"Feature","geometry":{"type":"LineString","coordinates":[[-81.41957600000023,30.25770890000058],[-81.41975900000034,30.257993200000783],[-81.4191011999992,30.258079299999736],[-81.41905939999924,30.25777930000004],[-81.41957600000023,30.25770890000058]]},"properties":{"k":"b","n":null,"c":"fixed bridge","v":null,"cc":null,"co":null}},{"type":"Feature","geometry":{"type":"LineString","coordinates":[[-81.42751289999978,30.280940500000725],[-81.42752540000038,30.281205499999487],[-81.4273372000007,30.281205499999487],[-81.42731559999993,30.28094670000064],[-81.42751289999978,30.280940500000725]]},"properties":{"k":"b","n":null,"c":"fixed bridge","v":null,"cc":null,"co":null}},{"type":"Feature","geometry":{"type":"LineString","coordinates":[[-81.42729990000043,30.278485299999375],[-81.42736829999922,30.278769299999112],[-81.42716909999945,30.27879690000009],[-81.42710629999965,30.278521599999294],[-81.42729990000043,30.278485299999375]]},"properties":{"k":"b","n":null,"c":"fixed bridge","v":null,"cc":null,"co":null}},{"type":"Feature","geometry":{"type":"LineString","coordinates":[[-81.46543159999965,30.35825499999919],[-81.4669212000008,30.358322500000213],[-81.46689589999914,30.358419399999548],[-81.46560900000077,30.358356799999456],[-81.46543159999965,30.35825499999919]]},"properties":{"k":"b","n":null,"c":"fixed bridge","v":null,"cc":null,"co":null}},{"type":"Feature","geometry":{"type":"LineString","coordinates":[[-81.4608473999997,30.35806170000069],[-81.46056769999996,30.35813009999947],[-81.46060500000021,30.358332199999495],[-81.46019789999991,30.358377599999585],[-81.45977099999982,30.358192699999563],[-81.45954730000085,30.35820690000037],[-81.4608473999997,30.35806170000069]]},"properties":{"k":"b","n":null,"c":"fixed bridge","v":null,"cc":null,"co":null}},{"type":"Feature","geometry":{"type":"LineString","coordinates":[[-81.46645050000006,30.35846660000061],[-81.46691509999982,30.35848850000002],[-81.46703010000056,30.358606600000712],[-81.46653239999978,30.358581700000286],[-81.46645050000006,30.35846660000061]]},"properties":{"k":"b","n":null,"c":"fixed bridge","v":null,"cc":null,"co":null}},{"type":"Feature","geometry":{"type":"LineString","coordinates":[[-81.43239209999956,30.371390300000712],[-81.43241019999914,30.37140460000046],[-81.4327616999999,30.371683199999097],[-81.43269959999998,30.371745200000078],[-81.4323344000004,30.37145629999941],[-81.43239209999956,30.371390300000712]]},"properties":{"k":"b","n":null,"c":"fixed bridge","v":null,"cc":null,"co":null}},{"type":"Feature","geometry":{"type":"LineString","coordinates":[[-81.43846499999927,30.323274599999422],[-81.43851530000029,30.3236280000001],[-81.4384439000005,30.323642100000143],[-81.43835410000065,30.32348490000004],[-81.43703020000066,30.32374399999935],[-81.43702950000079,30.32399819999955],[-81.43642179999915,30.32411630000024],[-81.43628229999922,30.323884299999918],[-81.43441560000065,30.32418929999949],[-81.43431079999937,30.324028499999258],[-81.43846499999927,30.323274599999422]]},"properties":{"k":"b","n":"Over Atlantic Intracoastal Waterway","c":"fixed bridge","v":null,"cc":null,"co":null}},{"type":"Feature","geometry":{"type":"LineString","coordinates":[[-81.55778330000066,30.386070500000642],[-81.55833859999984,30.387360799999442],[-81.55802559999938,30.387459899999158],[-81.55747110000084,30.386171500000273],[-81.55778330000066,30.386070500000642]]},"properties":{"k":"b","n":null,"c":"fixed bridge","v":null,"cc":null,"co":null}},{"type":"Feature","geometry":{"type":"LineString","coordinates":[[-81.5563803999994,30.38281079999979],[-81.5560817000005,30.382943700000396],[-81.55597800000032,30.382702700000664],[-81.5562544000004,30.382518000000346],[-81.5563803999994,30.38281079999979]]},"properties":{"k":"b","n":null,"c":"fixed bridge","v":null,"cc":null,"co":null}},{"type":"Feature","geometry":{"type":"LineString","coordinates":[[-81.48464849999982,30.384870699999738],[-81.48469309999928,30.384906799999953],[-81.48462119999931,30.384981100000005],[-81.48457550000057,30.384957599999325],[-81.48464849999982,30.384870699999738]]},"properties":{"k":"b","n":null,"c":"fixed bridge","v":null,"cc":null,"co":null}},{"type":"Feature","geometry":{"type":"LineString","coordinates":[[-81.43611910000072,30.397000000000844],[-81.43616590000056,30.397078600000896],[-81.43599440000071,30.397320500000205],[-81.43594219999977,30.397240500000407],[-81.43611910000072,30.397000000000844]]},"properties":{"k":"b","n":null,"c":"fixed bridge","v":null,"cc":null,"co":null}},{"type":"Feature","geometry":{"type":"LineString","coordinates":[[-80.69453550000071,28.405776499999774],[-80.69452350000029,28.40596799999912],[-80.69393839999975,28.40594659999988],[-80.69408230000045,28.405778700000155],[-80.69453550000071,28.405776499999774]]},"properties":{"k":"b","n":null,"c":"fixed bridge","v":null,"cc":null,"co":null}},{"type":"Feature","geometry":{"type":"LineString","coordinates":[[-80.69457759999932,28.40534839999964],[-80.69455580000067,28.405507800000123],[-80.69413700000041,28.405507800000123],[-80.69415730000037,28.40532870000061],[-80.69457759999932,28.40534839999964]]},"properties":{"k":"b","n":null,"c":"fixed bridge","v":null,"cc":null,"co":null}},{"type":"Feature","geometry":{"type":"LineString","coordinates":[[-80.65908350000063,28.590094900000622],[-80.65846679999959,28.58912760000021],[-80.65919700000086,28.5890703999994],[-80.65964650000024,28.58987750000051],[-80.65938970000025,28.589887800000724],[-80.65908350000063,28.590094900000622]]},"properties":{"k":"b","n":null,"c":"fixed bridge","v":null,"cc":null,"co":null}},{"type":"Feature","geometry":{"type":"LineString","coordinates":[[-80.07374990000062,26.400920100000803],[-80.07375209999918,26.401050000000396],[-80.07351630000085,26.401050599999508],[-80.07351430000017,26.400920199999746],[-80.07374990000062,26.400920100000803]]},"properties":{"k":"b","n":null,"c":"fixed bridge","v":null,"cc":null,"co":null}},{"type":"Feature","geometry":{"type":"LineString","coordinates":[[-80.06959149999966,26.411695700000564],[-80.06989989999965,26.41170090000014],[-80.06989740000063,26.4118311000002],[-80.06959040000038,26.411831999999777],[-80.06959149999966,26.411695700000564]]},"properties":{"k":"b","n":null,"c":"fixed bridge","v":null,"cc":null,"co":null}},{"type":"Feature","geometry":{"type":"LineString","coordinates":[[-80.05954810000003,26.470420699999522],[-80.05955410000024,26.47050710000076],[-80.05937149999954,26.470515499999237],[-80.05939340000077,26.470423099999607],[-80.05954810000003,26.470420699999522]]},"properties":{"k":"b","n":null,"c":"fixed bridge","v":null,"cc":null,"co":null}},{"type":"Feature","geometry":{"type":"LineString","coordinates":[[-80.07357070000035,26.415592800000013],[-80.07353850000072,26.415773799999442],[-80.07338039999922,26.415779200000543],[-80.0734193999997,26.41559319999942],[-80.07357070000035,26.415592800000013]]},"properties":{"k":"b","n":null,"c":"fixed bridge","v":null,"cc":null,"co":null}},{"type":"Feature","geometry":{"type":"LineString","coordinates":[[-80.04910419999942,26.533020700000634],[-80.04912759999934,26.533116900000095],[-80.04859899999974,26.53315140000086],[-80.04853080000066,26.53305259999979],[-80.04910419999942,26.533020700000634]]},"properties":{"k":"b","n":null,"c":"fixed bridge","v":null,"cc":null,"co":null}},{"type":"Feature","geometry":{"type":"LineString","coordinates":[[-80.04205739999998,26.584017900000617],[-80.04221990000042,26.58402279999973],[-80.04219790000025,26.584202500000174],[-80.04204159999972,26.5841975000003],[-80.04205739999998,26.584017900000617]]},"properties":{"k":"b","n":null,"c":"fixed bridge","v":null,"cc":null,"co":null}},{"type":"Feature","geometry":{"type":"LineString","coordinates":[[-80.04086190000089,26.67560020000019],[-80.04087849999996,26.67578230000072],[-80.0398337000006,26.675915699999678],[-80.0398153999995,26.67573380000067],[-80.04086190000089,26.67560020000019]]},"properties":{"k":"b","n":"Southern Boulevard Bridge","c":"fixed bridge","v":null,"cc":null,"co":null}},{"type":"Feature","geometry":{"type":"LineString","coordinates":[[-80.0407097999996,26.639077399999223],[-80.04072369999994,26.63916430000063],[-80.04063289999976,26.639177400000335],[-80.04062159999921,26.63909000000058],[-80.0407097999996,26.639077399999223]]},"properties":{"k":"b","n":null,"c":"fixed bridge","v":null,"cc":null,"co":null}},{"type":"Feature","geometry":{"type":"LineString","coordinates":[[-80.04215040000054,26.69520190000003],[-80.0429411999994,26.69522599999982],[-80.04294239999945,26.6952880000008],[-80.04216070000075,26.695265099999233],[-80.04215040000054,26.69520190000003]]},"properties":{"k":"b","n":null,"c":"fixed bridge","v":null,"cc":null,"co":null}},{"type":"Feature","geometry":{"type":"LineString","coordinates":[[-80.07272179999927,26.895536199999697],[-80.07284529999924,26.895568100000673],[-80.07279209999979,26.89573609999934],[-80.07267139999931,26.89570830000048],[-80.07272179999927,26.895536199999697]]},"properties":{"k":"b","n":null,"c":"fixed bridge","v":null,"cc":null,"co":null}},{"type":"Feature","geometry":{"type":"LineString","coordinates":[[-80.0817021999992,26.919126999999207],[-80.08175689999916,26.91916730000048],[-80.08151829999952,26.919397300000128],[-80.0814676000009,26.91934349999974],[-80.0817021999992,26.919126999999207]]},"properties":{"k":"b","n":null,"c":"fixed bridge","v":null,"cc":null,"co":null}},{"type":"Feature","geometry":{"type":"LineString","coordinates":[[-80.06338399999913,26.864684000000125],[-80.06337340000027,26.86484399999972],[-80.06329829999959,26.864842700000736],[-80.06331049999972,26.864695700000084],[-80.06338399999913,26.864684000000125]]},"properties":{"k":"b","n":null,"c":"fixed bridge","v":null,"cc":null,"co":null}},{"type":"Feature","geometry":{"type":"LineString","coordinates":[[-80.07543710000027,26.88006680000035],[-80.07551319999948,26.88015180000002],[-80.0754309999993,26.88022699999965],[-80.07534859999942,26.880142500000147],[-80.07543710000027,26.88006680000035]]},"properties":{"k":"b","n":null,"c":"fixed bridge","v":null,"cc":null,"co":null}},{"type":"Feature","geometry":{"type":"LineString","coordinates":[[-80.07131699999991,26.879628099999536],[-80.07139690000076,26.879816999999093],[-80.07156009999926,26.87983399999939],[-80.07160780000049,26.88010519999989],[-80.07139180000013,26.880085799999506],[-80.07131699999991,26.879628099999536]]},"properties":{"k":"b","n":null,"c":"fixed bridge","v":null,"cc":null,"co":null}},{"type":"Feature","geometry":{"type":"LineString","coordinates":[[-80.07926530000077,26.90354809999917],[-80.07954109999991,26.90389959999993],[-80.07938210000066,26.904011299999183],[-80.07906860000003,26.90361750000011],[-80.07926530000077,26.90354809999917]]},"properties":{"k":"b","n":null,"c":"fixed bridge","v":null,"cc":null,"co":null}},{"type":"Feature","geometry":{"type":"LineString","coordinates":[[-80.1148475000009,26.985171099999206],[-80.11497919999965,26.98519309999938],[-80.11511389999941,26.985214800000904],[-80.11507490000076,26.985295099999348],[-80.11472850000064,26.985239800000272],[-80.1148475000009,26.985171099999206]]},"properties":{"k":"b","n":null,"c":"fixed bridge","v":null,"cc":null,"co":null}},{"type":"Feature","geometry":{"type":"LineString","coordinates":[[-80.10384589999921,26.95794410000053],[-80.10385019999921,26.958094400000846],[-80.10332569999991,26.958074699999997],[-80.10332320000089,26.957934199999727],[-80.10384589999921,26.95794410000053]]},"properties":{"k":"b","n":null,"c":"fixed bridge","v":null,"cc":null,"co":null}},{"type":"Feature","geometry":{"type":"LineString","coordinates":[[-80.11310480000066,26.933852899999692],[-80.11319670000012,26.933853599999566],[-80.11323919999995,26.934180000000197],[-80.11310830000002,26.934175099999266],[-80.11310480000066,26.933852899999692]]},"properties":{"k":"b","n":null,"c":"fixed bridge","v":null,"cc":null,"co":null}},{"type":"Feature","geometry":{"type":"LineString","coordinates":[[-80.08286269999917,26.9372714000001],[-80.08308109999962,26.937669599999936],[-80.08281870000064,26.93783160000021],[-80.08258039999964,26.93738999999914],[-80.08286269999917,26.9372714000001]]},"properties":{"k":"b","n":null,"c":"fixed bridge","v":null,"cc":null,"co":null}},{"type":"Feature","geometry":{"type":"LineString","coordinates":[[-80.08436810000057,26.94171710000046],[-80.08443909999914,26.94220680000035],[-80.0841677999997,26.94236490000003],[-80.08408790000067,26.9418196000006],[-80.08436810000057,26.94171710000046]]},"properties":{"k":"b","n":null,"c":"fixed bridge","v":null,"cc":null,"co":null}},{"type":"Feature","geometry":{"type":"LineString","coordinates":[[-80.28910609999912,27.199528299999656],[-80.28920870000002,27.1997795999996],[-80.28898739999931,27.19982019999952],[-80.28889829999935,27.199577199999112],[-80.28910609999912,27.199528299999656]]},"properties":{"k":"b","n":null,"c":"fixed bridge","v":null,"cc":null,"co":null}},{"type":"Feature","geometry":{"type":"LineString","coordinates":[[-80.25871259999985,27.204938999999285],[-80.25839789999918,27.205311199999414],[-80.2577495000005,27.20243710000068],[-80.25813030000063,27.20240290000038],[-80.25871259999985,27.204938999999285]]},"properties":{"k":"b","n":null,"c":"fixed bridge","v":null,"cc":null,"co":null}},{"type":"Feature","geometry":{"type":"LineString","coordinates":[[-80.2587812999991,27.205302099999244],[-80.25930540000081,27.209171700000297],[-80.25969299999997,27.211017800000263],[-80.25948079999944,27.2117386000009],[-80.25893840000026,27.209203200000047],[-80.25845789999948,27.205666600000768],[-80.2587812999991,27.205302099999244]]},"properties":{"k":"b","n":"Roosevelt Bridge","c":"fixed bridge","v":null,"cc":null,"co":null}},{"type":"Feature","geometry":{"type":"LineString","coordinates":[[-80.25689280000006,27.197079100000337],[-80.25689050000074,27.197438900000634],[-80.25668790000054,27.19735639999999],[-80.25670119999995,27.19708940000055],[-80.25689280000006,27.197079100000337]]},"properties":{"k":"b","n":null,"c":"fixed bridge","v":null,"cc":null,"co":null}},{"type":"Feature","geometry":{"type":"LineString","coordinates":[[-80.25683159999971,27.189440000000104],[-80.25681850000001,27.189201999999568],[-80.25702230000024,27.18917010000041],[-80.25701499999923,27.189447400000063],[-80.25683159999971,27.189440000000104]]},"properties":{"k":"b","n":null,"c":"fixed bridge","v":null,"cc":null,"co":null}},{"type":"Feature","geometry":{"type":"LineString","coordinates":[[-80.28949549999925,27.20049629999994],[-80.28954920000069,27.201222699999562],[-80.28933479999978,27.201314100000673],[-80.28928610000003,27.20057629999974],[-80.28949549999925,27.20049629999994]]},"properties":{"k":"b","n":null,"c":"fixed bridge","v":null,"cc":null,"co":null}},{"type":"Feature","geometry":{"type":"LineString","coordinates":[[-80.18591200000083,27.209763999999268],[-80.1859913999997,27.209789000000455],[-80.18521399999918,27.210143000000244],[-80.18506999999954,27.209885000000213],[-80.18617289999929,27.209345499999472],[-80.18586700000014,27.209632000000056],[-80.18591200000083,27.209763999999268]]},"properties":{"k":"b","n":null,"c":"fixed bridge","v":null,"cc":null,"co":null}},{"type":"Feature","geometry":{"type":"LineString","coordinates":[[-80.20527199999924,27.155982000000222],[-80.20531300000039,27.15620999999919],[-80.2050220000001,27.15626499999962],[-80.20493899999929,27.156066999999894],[-80.20527199999924,27.155982000000222]]},"properties":{"k":"b","n":null,"c":"fixed bridge","v":null,"cc":null,"co":null}},{"type":"Feature","geometry":{"type":"LineString","coordinates":[[-80.18782370000008,27.18079039999975],[-80.18786499999987,27.180849000000308],[-80.18819799999983,27.180793999999878],[-80.18821799999932,27.180945000000065],[-80.1871659999997,27.181139000000258],[-80.18713299999945,27.180985000000874],[-80.18768359999922,27.18088270000044],[-80.1876941999999,27.18079989999933],[-80.18782370000008,27.18079039999975]]},"properties":{"k":"b","n":null,"c":"fixed bridge","v":null,"cc":null,"co":null}},{"type":"Feature","geometry":{"type":"LineString","coordinates":[[-80.1984369999991,27.204004999999597],[-80.1979109999993,27.204218000000765],[-80.1979480000009,27.204093000000285],[-80.19784099999924,27.203851000000213],[-80.19839999999931,27.20359400000052],[-80.1984369999991,27.204004999999597]]},"properties":{"k":"b","n":null,"c":"fixed bridge","v":null,"cc":null,"co":null}},{"type":"Feature","geometry":{"type":"LineString","coordinates":[[-80.23241310000049,27.197233799999594],[-80.23266890000014,27.19724160000078],[-80.23263770000085,27.197427299999617],[-80.23230979999971,27.19741740000063],[-80.23241310000049,27.197233799999594]]},"properties":{"k":"b","n":null,"c":"fixed bridge","v":null,"cc":null,"co":null}},{"type":"Feature","geometry":{"type":"LineString","coordinates":[[-80.21027879999929,27.17230109999946],[-80.21033379999972,27.172361200000523],[-80.2101046000007,27.172464400000536],[-80.20995319999929,27.172309600000517],[-80.21021440000004,27.1721921999997],[-80.21027879999929,27.17230109999946]]},"properties":{"k":"b","n":null,"c":"fixed bridge","v":null,"cc":null,"co":null}},{"type":"Feature","geometry":{"type":"LineString","coordinates":[[-80.16290200000003,27.17548899999929],[-80.1628980000005,27.17564400000083],[-80.162327,27.17574699999932],[-80.16230600000017,27.175600000000486],[-80.16290200000003,27.17548899999929]]},"properties":{"k":"b","n":null,"c":"fixed bridge","v":null,"cc":null,"co":null}},{"type":"Feature","geometry":{"type":"LineString","coordinates":[[-80.16244999999981,27.1734749999996],[-80.16220000000067,27.173611000000164],[-80.1621009999999,27.1734749999996],[-80.16240499999913,27.173345999999583],[-80.16244999999981,27.1734749999996]]},"properties":{"k":"b","n":null,"c":"fixed bridge","v":null,"cc":null,"co":null}},{"type":"Feature","geometry":{"type":"LineString","coordinates":[[-80.24021499999981,27.344146999999793],[-80.2398119999998,27.344366999999693],[-80.23948299999938,27.34380500000043],[-80.23988199999985,27.343607000000702],[-80.24021499999981,27.344146999999793]]},"properties":{"k":"b","n":null,"c":"fixed bridge","v":null,"cc":null,"co":null}},{"type":"Feature","geometry":{"type":"LineString","coordinates":[[-80.26712269999916,27.40089959999932],[-80.26847230000021,27.402954299999692],[-80.26794540000083,27.40335799999957],[-80.26656759999969,27.40125799999987],[-80.2669236999991,27.400481299999228],[-80.26712269999916,27.40089959999932]]},"properties":{"k":"b","n":null,"c":"fixed bridge","v":null,"cc":null,"co":null}},{"type":"Feature","geometry":{"type":"LineString","coordinates":[[-80.32534180000039,27.450557500000286],[-80.3253879999993,27.450623599999744],[-80.32524460000059,27.45071049999933],[-80.32518469999923,27.450628799999322],[-80.32534180000039,27.450557500000286]]},"properties":{"k":"b","n":null,"c":"fixed bridge","v":null,"cc":null,"co":null}},{"type":"Feature","geometry":{"type":"LineString","coordinates":[[-80.33145650000006,27.465678900000057],[-80.33170360000076,27.46611760000087],[-80.3315075999999,27.466196900000796],[-80.33125660000042,27.465763199999856],[-80.33145650000006,27.465678900000057]]},"properties":{"k":"b","n":null,"c":"fixed bridge","v":null,"cc":null,"co":null}},{"type":"Feature","geometry":{"type":"LineString","coordinates":[[-80.32588209999994,27.450000000000728],[-80.3259135999997,27.450000000000728],[-80.32593310000084,27.450053599999592],[-80.32587799999965,27.450073600000906],[-80.32588209999994,27.450000000000728]]},"properties":{"k":"b","n":null,"c":"fixed bridge","v":null,"cc":null,"co":null}},{"type":"Feature","geometry":{"type":"LineString","coordinates":[[-80.32834680000087,27.47059310000077],[-80.32839280000007,27.47069360000023],[-80.32500000000073,27.471864600000117],[-80.32500000000073,27.47174769999947],[-80.32834680000087,27.47059310000077]]},"properties":{"k":"b","n":null,"c":"fixed bridge","v":null,"cc":null,"co":null}},{"type":"Feature","geometry":{"type":"LineString","coordinates":[[-80.33009499999935,27.46586380000008],[-80.33029580000039,27.466348899999502],[-80.33019980000063,27.466386899999634],[-80.32999279999967,27.46588730000076],[-80.33009499999935,27.46586380000008]]},"properties":{"k":"b","n":null,"c":"fixed bridge","v":null,"cc":null,"co":null}},{"type":"Feature","geometry":{"type":"LineString","coordinates":[[-80.33862240000053,27.472948799999358],[-80.33864969999922,27.472994199999448],[-80.33837850000054,27.473001899999872],[-80.33834829999978,27.47294399999919],[-80.33862240000053,27.472948799999358]]},"properties":{"k":"b","n":null,"c":"fixed bridge","v":null,"cc":null,"co":null}},{"type":"Feature","geometry":{"type":"LineString","coordinates":[[-80.3300235000006,27.466434100000697],[-80.3298276000005,27.4659587999995],[-80.32990319999953,27.465924599999198],[-80.33010570000079,27.466417899999215],[-80.3300235000006,27.466434100000697]]},"properties":{"k":"b","n":null,"c":"fixed bridge","v":null,"cc":null,"co":null}},{"type":"Feature","geometry":{"type":"LineString","coordinates":[[-80.31307829999969,27.47895509999944],[-80.31318880000072,27.479065999999875],[-80.3126873000001,27.47982310000043],[-80.31258709999929,27.47973710000042],[-80.31307829999969,27.47895509999944]]},"properties":{"k":"b","n":null,"c":"fixed bridge","v":null,"cc":null,"co":null}},{"type":"Feature","geometry":{"type":"LineString","coordinates":[[-80.32367069999964,27.45124980000037],[-80.32370869999977,27.451352800000677],[-80.32357570000022,27.45141870000043],[-80.32353359999979,27.451324199999362],[-80.32367069999964,27.45124980000037]]},"properties":{"k":"b","n":null,"c":"fixed bridge","v":null,"cc":null,"co":null}},{"type":"Feature","geometry":{"type":"LineString","coordinates":[[-80.32318560000022,27.45577819999926],[-80.32325300000048,27.455923999999868],[-80.32310110000071,27.456000899999708],[-80.31839799999943,27.458145200000217],[-80.31837369999994,27.458098499999323],[-80.31834139999955,27.45800120000058],[-80.32318560000022,27.45577819999926]]},"properties":{"k":"b","n":null,"c":"fixed bridge","v":null,"cc":null,"co":null}},{"type":"Feature","geometry":{"type":"LineString","coordinates":[[-80.42904099999942,27.75308600000062],[-80.42915200000061,27.75322799999958],[-80.4290089999995,27.753341999999975],[-80.42884400000003,27.753231999999116],[-80.42904099999942,27.75308600000062]]},"properties":{"k":"b","n":null,"c":"fixed bridge","v":null,"cc":null,"co":null}},{"type":"Feature","geometry":{"type":"LineString","coordinates":[[-80.41567899999973,27.757879000000685],[-80.4164550000005,27.758343999999852],[-80.41658300000017,27.758606999999756],[-80.41550599999937,27.75797799999964],[-80.41567899999973,27.757879000000685]]},"properties":{"k":"b","n":null,"c":"fixed bridge","v":null,"cc":null,"co":null}},{"type":"Feature","geometry":{"type":"LineString","coordinates":[[-80.41194600000017,27.75586800000019],[-80.41249699999935,27.75614300000052],[-80.41243500000019,27.756289000000834],[-80.41190500000084,27.756036000000677],[-80.41194600000017,27.75586800000019]]},"properties":{"k":"b","n":null,"c":"fixed bridge","v":null,"cc":null,"co":null}},{"type":"Feature","geometry":{"type":"LineString","coordinates":[[-80.42093999999997,27.75816499999928],[-80.42030300000079,27.75861099999929],[-80.42025300000023,27.75832900000023],[-80.42078799999945,27.758021999999983],[-80.42093999999997,27.75816499999928]]},"properties":{"k":"b","n":null,"c":"fixed bridge","v":null,"cc":null,"co":null}},{"type":"Feature","geometry":{"type":"LineString","coordinates":[[-80.49568589999944,27.836881999999605],[-80.49931199999992,27.839855700000044],[-80.4991370000007,27.840206599999874],[-80.49540510000043,27.8370845999998],[-80.49568589999944,27.836881999999605]]},"properties":{"k":"b","n":null,"c":"fixed bridge","v":null,"cc":null,"co":null}},{"type":"Feature","geometry":{"type":"LineString","coordinates":[[-80.46864900000037,27.874971999999616],[-80.46816799999942,27.87539199999992],[-80.46803200000068,27.8752829999994],[-80.46848900000077,27.8747970000004],[-80.46864900000037,27.874971999999616]]},"properties":{"k":"b","n":null,"c":"fixed bridge","v":null,"cc":null,"co":null}},{"type":"Feature","geometry":{"type":"LineString","coordinates":[[-80.60408599999937,28.07673699999941],[-80.60411100000056,28.076780999999755],[-80.60371999999916,28.076857000000018],[-80.60315300000002,28.075709000000643],[-80.6034780000009,28.075552000000243],[-80.60408599999937,28.07673699999941]]},"properties":{"k":"b","n":null,"c":"fixed bridge","v":null,"cc":null,"co":null}},{"type":"Feature","geometry":{"type":"LineString","coordinates":[[-80.57646000000022,28.088690000000497],[-80.57681799999955,28.088599000000613],[-80.57681799999955,28.088942000000316],[-80.57645600000069,28.08904000000075],[-80.57646000000022,28.088690000000497]]},"properties":{"k":"b","n":null,"c":"fixed bridge","v":null,"cc":null,"co":null}},{"type":"Feature","geometry":{"type":"LineString","coordinates":[[-80.60243000000082,28.077386000000843],[-80.60221380000075,28.077508399999715],[-80.60217100000045,28.07702099999915],[-80.6024010000001,28.076967000000877],[-80.60243000000082,28.077386000000843]]},"properties":{"k":"b","n":null,"c":"fixed bridge","v":null,"cc":null,"co":null}},{"type":"Feature","geometry":{"type":"LineString","coordinates":[[-80.65344250000089,28.205769100000907],[-80.6534900000006,28.20603520000077],[-80.65032550000069,28.20647839999947],[-80.65021530000013,28.20622100000037],[-80.65344250000089,28.205769100000907]]},"properties":{"k":"b","n":null,"c":"fixed bridge","v":null,"cc":null,"co":null}},{"type":"Feature","geometry":{"type":"LineString","coordinates":[[-80.64396449999913,28.20691799999986],[-80.6441266999991,28.20731159999923],[-80.64371899999969,28.207392700000128],[-80.64329940000061,28.207127100000434],[-80.64396449999913,28.20691799999986]]},"properties":{"k":"b","n":null,"c":"fixed bridge","v":null,"cc":null,"co":null}},{"type":"Feature","geometry":{"type":"LineString","coordinates":[[-80.65683849999914,28.205164000000877],[-80.6569013999997,28.205516699999862],[-80.6566000999992,28.205579499999658],[-80.65646639999977,28.205232199999955],[-80.65683849999914,28.205164000000877]]},"properties":{"k":"b","n":null,"c":"fixed bridge","v":null,"cc":null,"co":null}},{"type":"Feature","geometry":{"type":"LineString","coordinates":[[-80.64992750000056,28.206261400000585],[-80.65003939999951,28.20651859999998],[-80.6469304000002,28.206954100000075],[-80.64687050000066,28.20668950000072],[-80.64992750000056,28.206261400000585]]},"properties":{"k":"b","n":null,"c":"fixed bridge","v":null,"cc":null,"co":null}},{"type":"Feature","geometry":{"type":"LineString","coordinates":[[-80.63467800000035,28.20852659999946],[-80.63492840000072,28.208979200000613],[-80.63319029999911,28.209359500000573],[-80.63314879999962,28.208876700000474],[-80.63467800000035,28.20852659999946]]},"properties":{"k":"b","n":null,"c":"fixed bridge","v":null,"cc":null,"co":null}},{"type":"Feature","geometry":{"type":"LineString","coordinates":[[-80.62111969999933,28.211116799999218],[-80.62111969999933,28.211354799999754],[-80.62123769999926,28.21151699999973],[-80.62037489999966,28.21163229999911],[-80.62043599999924,28.211293500000465],[-80.62111969999933,28.211116799999218]]},"properties":{"k":"b","n":null,"c":"fixed bridge","v":null,"cc":null,"co":null}},{"type":"Feature","geometry":{"type":"LineString","coordinates":[[-80.04374570000073,26.717877700000827],[-80.04673639999965,26.717919400000028],[-80.04672849999952,26.718190499999764],[-80.04374439999992,26.718154100000902],[-80.04374570000073,26.717877700000827]]},"properties":{"k":"b","n":null,"c":"fixed bridge","v":null,"cc":null,"co":null}},{"type":"Feature","geometry":{"type":"LineString","coordinates":[[-80.03989309999997,26.818932599999243],[-80.04010129999915,26.819096799999897],[-80.03998219999994,26.81922239999949],[-80.03977180000038,26.819053999999596],[-80.03989309999997,26.818932599999243]]},"properties":{"k":"b","n":null,"c":"fixed bridge","v":null,"cc":null,"co":null}},{"type":"Feature","geometry":{"type":"LineString","coordinates":[[-80.06695369999943,26.807651799999803],[-80.0671655999995,26.807657699999254],[-80.06713019999916,26.80793369999992],[-80.06694880000032,26.80792929999916],[-80.06695369999943,26.807651799999803]]},"properties":{"k":"b","n":null,"c":"fixed bridge","v":null,"cc":null,"co":null}},{"type":"Feature","geometry":{"type":"LineString","coordinates":[[-80.03502920000028,26.79420729999947],[-80.03506860000016,26.794208200000867],[-80.03506720000041,26.79426129999956],[-80.03502710000066,26.794260299999223],[-80.03502920000028,26.79420729999947]]},"properties":{"k":"b","n":null,"c":"fixed bridge","v":null,"cc":null,"co":null}},{"type":"Feature","geometry":{"type":"LineString","coordinates":[[-80.03527570000006,26.79440219999924],[-80.03531610000027,26.794403600000805],[-80.03531420000036,26.79445449999912],[-80.03527450000001,26.794453200000135],[-80.03527570000006,26.79440219999924]]},"properties":{"k":"b","n":null,"c":"fixed bridge","v":null,"cc":null,"co":null}},{"type":"Feature","geometry":{"type":"LineString","coordinates":[[-80.03528150000056,26.79421320000074],[-80.0353228999993,26.79421419999926],[-80.03532099999939,26.794267499999478],[-80.03528010000082,26.79426649999914],[-80.03528150000056,26.79421320000074]]},"properties":{"k":"b","n":null,"c":"fixed bridge","v":null,"cc":null,"co":null}},{"type":"Feature","geometry":{"type":"LineString","coordinates":[[-80.03502180000032,26.794393500000297],[-80.03506259999995,26.794394900000043],[-80.03506209999978,26.79444650000005],[-80.0350197000007,26.794445199999245],[-80.03502180000032,26.794393500000297]]},"properties":{"k":"b","n":null,"c":"fixed bridge","v":null,"cc":null,"co":null}},{"type":"Feature","geometry":{"type":"LineString","coordinates":[[-80.0407606000008,26.78341399999954],[-80.04077040000084,26.78367529999923],[-80.03988500000014,26.783708599999954],[-80.03987299999972,26.783445999999458],[-80.0407606000008,26.78341399999954]]},"properties":{"k":"b","n":null,"c":"fixed bridge","v":null,"cc":null,"co":null}},{"type":"Feature","geometry":{"type":"LineString","coordinates":[[-80.66060599999946,28.333552000000054],[-80.66060599999946,28.333779000000504],[-80.66048199999932,28.33381299999928],[-80.66047900000012,28.333559000000605],[-80.66060599999946,28.333552000000054]]},"properties":{"k":"b","n":null,"c":"fixed bridge","v":null,"cc":null,"co":null}},{"type":"Feature","geometry":{"type":"LineString","coordinates":[[-80.67388500000015,28.371559600000182],[-80.67446899999959,28.371556000000055],[-80.67455899999914,28.371729000000414],[-80.67388500000015,28.37174469999991],[-80.67388500000015,28.371559600000182]]},"properties":{"k":"b","n":null,"c":"fixed bridge","v":null,"cc":null,"co":null}},{"type":"Feature","geometry":{"type":"LineString","coordinates":[[-81.3661546000003,24.66567439999926],[-81.36616460000005,24.665815599999405],[-81.3660732999997,24.66581749999932],[-81.3660658000008,24.665672400000403],[-81.3661546000003,24.66567439999926]]},"properties":{"k":"b","n":null,"c":"fixed bridge","v":null,"cc":null,"co":null}},{"type":"Feature","geometry":{"type":"LineString","coordinates":[[-81.36693530000048,24.665886999999202],[-81.36693580000065,24.66599490000044],[-81.36668690000079,24.66599490000044],[-81.36668680000002,24.665886999999202],[-81.36693530000048,24.665886999999202]]},"properties":{"k":"b","n":null,"c":"fixed bridge","v":null,"cc":null,"co":null}},{"type":"Feature","geometry":{"type":"LineString","coordinates":[[-81.28251090000049,24.654800099999193],[-81.28283700000065,24.65481499999987],[-81.29696689999946,24.655410199999096],[-81.29692289999912,24.655528200000845],[-81.29685489999974,24.65552580000076],[-81.2825069999999,24.65490999999929],[-81.28251090000049,24.654800099999193]]},"properties":{"k":"b","n":null,"c":"fixed bridge","v":null,"cc":null,"co":null}},{"type":"Feature","geometry":{"type":"LineString","coordinates":[[-81.10471040000084,24.70427000000018],[-81.10494199999994,24.704282000000603],[-81.1049380000004,24.704744999999093],[-81.10466500000075,24.704804000000877],[-81.10471040000084,24.70427000000018]]},"properties":{"k":"b","n":null,"c":"fixed bridge","v":null,"cc":null,"co":null}},{"type":"Feature","geometry":{"type":"LineString","coordinates":[[-81.10494649999964,24.70410559999982],[-81.10467699999936,24.704149999999572],[-81.10470899999927,24.702337999999145],[-81.10496600000079,24.702327000000878],[-81.10494649999964,24.70410559999982]]},"properties":{"k":"b","n":null,"c":"fixed bridge","v":null,"cc":null,"co":null}},{"type":"Feature","geometry":{"type":"LineString","coordinates":[[-81.0134679999992,24.730416000000332],[-81.01347999999962,24.73060699999951],[-81.01324700000077,24.730595999999423],[-81.01324700000077,24.730383000000074],[-81.0134679999992,24.730416000000332]]},"properties":{"k":"b","n":null,"c":"fixed bridge","v":null,"cc":null,"co":null}},{"type":"Feature","geometry":{"type":"LineString","coordinates":[[-80.9826809999995,24.745922000000064],[-80.98266499999954,24.74626300000091],[-80.9824320000007,24.746203999999125],[-80.98243600000023,24.745852000000014],[-80.9826809999995,24.745922000000064]]},"properties":{"k":"b","n":null,"c":"fixed bridge","v":null,"cc":null,"co":null}},{"type":"Feature","geometry":{"type":"LineString","coordinates":[[-80.98621420000018,24.75634440000067],[-80.98629599999913,24.75668299999961],[-80.98596299999917,24.756231999999727],[-80.98591400000078,24.755967999999484],[-80.98611100000016,24.75591700000041],[-80.98621420000018,24.75634440000067]]},"properties":{"k":"b","n":null,"c":"fixed bridge","v":null,"cc":null,"co":null}},{"type":"Feature","geometry":{"type":"LineString","coordinates":[[-80.91222000000016,24.76691799999935],[-80.91232099999979,24.76719299999968],[-80.91212799999994,24.767218999999386],[-80.91201100000035,24.766947000000073],[-80.91222000000016,24.76691799999935]]},"properties":{"k":"b","n":null,"c":"fixed bridge","v":null,"cc":null,"co":null}},{"type":"Feature","geometry":{"type":"LineString","coordinates":[[-80.9196009999996,24.76885840000068],[-80.91938499999924,24.768965999999637],[-80.9192920000005,24.76873499999965],[-80.9195290000007,24.768647000000783],[-80.9196009999996,24.76885840000068]]},"properties":{"k":"b","n":null,"c":"fixed bridge","v":null,"cc":null,"co":null}},{"type":"Feature","geometry":{"type":"LineString","coordinates":[[-80.91423100000065,24.772845999999845],[-80.91435099999944,24.772879000000103],[-80.91445999999996,24.77290499999981],[-80.91432700000041,24.77305499999966],[-80.91408199999933,24.77299999999923],[-80.91423100000065,24.772845999999845]]},"properties":{"k":"b","n":null,"c":"fixed bridge","v":null,"cc":null,"co":null}},{"type":"Feature","geometry":{"type":"LineString","coordinates":[[-80.52969359999952,25.00242040000012],[-80.53046370000084,25.002461199999743],[-80.53034060000027,25.00246800000059],[-80.53028409999934,25.00257059999967],[-80.5297587999994,25.002543099999457],[-80.52969359999952,25.00242040000012]]},"properties":{"k":"b","n":null,"c":"fixed bridge","v":null,"cc":null,"co":null}},{"type":"Feature","geometry":{"type":"LineString","coordinates":[[-80.52975669999978,25.002698899999814],[-80.5297673999994,25.002590100000816],[-80.53027909999946,25.00261859999955],[-80.53027010000005,25.002725599999394],[-80.52975669999978,25.002698899999814]]},"properties":{"k":"b","n":null,"c":"fixed bridge","v":null,"cc":null,"co":null}},{"type":"Feature","geometry":{"type":"LineString","coordinates":[[-80.47538870000062,25.06268479999926],[-80.47544150000067,25.062747899999522],[-80.47538109999914,25.062787000000753],[-80.47532540000066,25.062724999999773],[-80.47538870000062,25.06268479999926]]},"properties":{"k":"b","n":null,"c":"fixed bridge","v":null,"cc":null,"co":null}},{"type":"Feature","geometry":{"type":"LineString","coordinates":[[-80.45368280000002,25.0813806999995],[-80.45371669999986,25.08140909999929],[-80.45367319999968,25.081453000000693],[-80.45363960000032,25.081421599999885],[-80.45368280000002,25.0813806999995]]},"properties":{"k":"b","n":null,"c":"fixed bridge","v":null,"cc":null,"co":null}},{"type":"Feature","geometry":{"type":"LineString","coordinates":[[-80.41145560000041,25.113460000000487],[-80.41192670000055,25.11439419999988],[-80.41174309999951,25.11447550000048],[-80.4112757999992,25.113514799999393],[-80.41145560000041,25.113460000000487]]},"properties":{"k":"b","n":null,"c":"fixed bridge","v":null,"cc":null,"co":null}},{"type":"Feature","geometry":{"type":"LineString","coordinates":[[-80.40532239999993,25.124561900000117],[-80.40548649999982,25.124601199999233],[-80.40546390000054,25.124683599999116],[-80.40526060000047,25.124641300000803],[-80.40532239999993,25.124561900000117]]},"properties":{"k":"b","n":null,"c":"fixed bridge","v":null,"cc":null,"co":null}},{"type":"Feature","geometry":{"type":"LineString","coordinates":[[-80.44180310000047,25.08390970000073],[-80.4418024000006,25.08395709999968],[-80.44173629999932,25.083957999999257],[-80.44173740000042,25.08390970000073],[-80.44180310000047,25.08390970000073]]},"properties":{"k":"b","n":null,"c":"fixed bridge","v":null,"cc":null,"co":null}},{"type":"Feature","geometry":{"type":"LineString","coordinates":[[-80.39067590000013,25.18616590000056],[-80.39073300000018,25.186207400000058],[-80.39066099999945,25.186297000000195],[-80.39059660000021,25.186252499999682],[-80.39067590000013,25.18616590000056]]},"properties":{"k":"b","n":null,"c":"fixed bridge","v":null,"cc":null,"co":null}},{"type":"Feature","geometry":{"type":"LineString","coordinates":[[-80.35362700000042,25.282412000000477],[-80.35420800000065,25.282610000000204],[-80.3540950000006,25.282783000000563],[-80.35381699999925,25.28267600000072],[-80.35362700000042,25.282412000000477]]},"properties":{"k":"b","n":null,"c":"fixed bridge","v":null,"cc":null,"co":null}},{"type":"Feature","geometry":{"type":"LineString","coordinates":[[-80.34414499999912,25.27971500000058],[-80.34479500000089,25.27987199999916],[-80.344787,25.279985999999553],[-80.34443900000042,25.27992699999959],[-80.34414499999912,25.27971500000058]]},"properties":{"k":"b","n":null,"c":"fixed bridge","v":null,"cc":null,"co":null}},{"type":"Feature","geometry":{"type":"LineString","coordinates":[[-80.34236500000043,25.279207999999926],[-80.34294199999931,25.279311000000234],[-80.34286099999917,25.27949400000034],[-80.34238499999992,25.27940999999919],[-80.34236500000043,25.279207999999926]]},"properties":{"k":"b","n":null,"c":"fixed bridge","v":null,"cc":null,"co":null}},{"type":"Feature","geometry":{"type":"LineString","coordinates":[[-80.27859299999909,25.317141999999876],[-80.27839499999936,25.317402000000584],[-80.27823299999909,25.317258999999467],[-80.2784470000006,25.317027999999482],[-80.27859299999909,25.317141999999876]]},"properties":{"k":"b","n":null,"c":"fixed bridge","v":null,"cc":null,"co":null}},{"type":"Feature","geometry":{"type":"LineString","coordinates":[[-80.27922600000056,25.313937999999325],[-80.27954099999988,25.314180999999735],[-80.27925900000082,25.314441000000443],[-80.27901200000088,25.314236000000164],[-80.27922600000056,25.313937999999325]]},"properties":{"k":"b","n":null,"c":"fixed bridge","v":null,"cc":null,"co":null}},{"type":"Feature","geometry":{"type":"LineString","coordinates":[[-80.27824599999985,25.315010000000257],[-80.27854800000023,25.31515700000091],[-80.2782900000002,25.31540599999971],[-80.27803999999924,25.3151969999999],[-80.27824599999985,25.315010000000257]]},"properties":{"k":"b","n":null,"c":"fixed bridge","v":null,"cc":null,"co":null}},{"type":"Feature","geometry":{"type":"LineString","coordinates":[[-80.29506699999911,25.630071999999927],[-80.29528600000049,25.630074000000604],[-80.29531599999973,25.630160999999134],[-80.29508499999974,25.63016400000015],[-80.29506699999911,25.630071999999927]]},"properties":{"k":"b","n":null,"c":"fixed bridge","v":null,"cc":null,"co":null}},{"type":"Feature","geometry":{"type":"LineString","coordinates":[[-80.12602080000033,25.9893162999997],[-80.12605179999991,25.98939900000005],[-80.12579709999955,25.989540799999304],[-80.12568920000012,25.989181299999473],[-80.12596719999965,25.98904699999912],[-80.12602080000033,25.9893162999997]]},"properties":{"k":"b","n":null,"c":"fixed bridge","v":null,"cc":null,"co":null}},{"type":"Feature","geometry":{"type":"LineString","coordinates":[[-80.12852129999919,25.955896100000245],[-80.1287267000007,25.95591290000084],[-80.12867560000086,25.95612009999968],[-80.12847409999995,25.956106600000567],[-80.12852129999919,25.955896100000245]]},"properties":{"k":"b","n":null,"c":"fixed bridge","v":null,"cc":null,"co":null}},{"type":"Feature","geometry":{"type":"LineString","coordinates":[[-80.15053400000033,25.9633161999991],[-80.15054400000008,25.963621499999135],[-80.15038579999964,25.963634899999306],[-80.15038979999918,25.963323899999523],[-80.15053400000033,25.9633161999991]]},"properties":{"k":"b","n":null,"c":"fixed bridge","v":null,"cc":null,"co":null}},{"type":"Feature","geometry":{"type":"LineString","coordinates":[[-80.1241202000001,25.99363219999941],[-80.12446570000066,25.993680899999163],[-80.12443170000006,25.99386869999944],[-80.12407610000082,25.99381750000066],[-80.1241202000001,25.99363219999941]]},"properties":{"k":"b","n":null,"c":"fixed bridge","v":null,"cc":null,"co":null}},{"type":"Feature","geometry":{"type":"LineString","coordinates":[[-80.12976580000031,25.995213199999853],[-80.12977309999951,25.995404499999495],[-80.1291784999994,25.995427399999244],[-80.1291696999997,25.99523389999922],[-80.12976580000031,25.995213199999853]]},"properties":{"k":"b","n":null,"c":"fixed bridge","v":null,"cc":null,"co":null}},{"type":"Feature","geometry":{"type":"LineString","coordinates":[[-80.12693580000087,26.00070769999911],[-80.12694489999922,26.001029999999446],[-80.12674069999957,26.001003100000162],[-80.12672980000025,26.000714300000254],[-80.12693580000087,26.00070769999911]]},"properties":{"k":"b","n":null,"c":"fixed bridge","v":null,"cc":null,"co":null}},{"type":"Feature","geometry":{"type":"LineString","coordinates":[[-80.12868870000057,25.9552120999997],[-80.1287384999996,25.95491050000055],[-80.1289113999992,25.954949000000852],[-80.12879199999952,25.955234900000505],[-80.12868870000057,25.9552120999997]]},"properties":{"k":"b","n":null,"c":"fixed bridge","v":null,"cc":null,"co":null}},{"type":"Feature","geometry":{"type":"LineString","coordinates":[[-80.12145369999962,25.972220699999525],[-80.12144989999979,25.972323800000595],[-80.12115850000009,25.97230959999979],[-80.12115850000009,25.9722055000002],[-80.12145369999962,25.972220699999525]]},"properties":{"k":"b","n":null,"c":"fixed bridge","v":null,"cc":null,"co":null}},{"type":"Feature","geometry":{"type":"LineString","coordinates":[[-80.12176919999911,25.96012630000041],[-80.12205890000041,25.960137300000497],[-80.12205019999965,25.96027529999992],[-80.12175519999982,25.960261800000808],[-80.12176919999911,25.96012630000041]]},"properties":{"k":"b","n":null,"c":"fixed bridge","v":null,"cc":null,"co":null}},{"type":"Feature","geometry":{"type":"LineString","coordinates":[[-80.12147390000064,25.966302099999666],[-80.12174819999927,25.9663156000006],[-80.12174279999999,25.966409299999214],[-80.1214686000003,25.966396399999212],[-80.12147390000064,25.966302099999666]]},"properties":{"k":"b","n":null,"c":"fixed bridge","v":null,"cc":null,"co":null}},{"type":"Feature","geometry":{"type":"LineString","coordinates":[[-80.12423640000088,25.99908139999934],[-80.12427030000072,25.999270599999363],[-80.12394959999983,25.999284100000295],[-80.12388250000004,25.999091699999553],[-80.12423640000088,25.99908139999934]]},"properties":{"k":"b","n":null,"c":"fixed bridge","v":null,"cc":null,"co":null}},{"type":"Feature","geometry":{"type":"LineString","coordinates":[[-80.13139650000085,26.20353470000009],[-80.13139880000017,26.20373389999986],[-80.13114300000052,26.2037337999991],[-80.1311382999993,26.20353780000005],[-80.13139650000085,26.20353470000009]]},"properties":{"k":"b","n":null,"c":"fixed bridge","v":null,"cc":null,"co":null}},{"type":"Feature","geometry":{"type":"LineString","coordinates":[[-80.1324382999992,26.205914599999232],[-80.13245309999911,26.206314299999576],[-80.13236429999961,26.206314400000338],[-80.1323553000002,26.20592620000025],[-80.1324382999992,26.205914599999232]]},"properties":{"k":"b","n":null,"c":"fixed bridge","v":null,"cc":null,"co":null}},{"type":"Feature","geometry":{"type":"LineString","coordinates":[[-80.10623339999984,26.201332799999363],[-80.106538,26.201337200000125],[-80.1065423,26.201435499999207],[-80.10624020000068,26.201440200000434],[-80.10623339999984,26.201332799999363]]},"properties":{"k":"b","n":null,"c":"fixed bridge","v":null,"cc":null,"co":null}},{"type":"Feature","geometry":{"type":"LineString","coordinates":[[-80.1057122000002,26.196745799999917],[-80.10571829999935,26.196961899999224],[-80.1056050999996,26.19697459999952],[-80.10560240000086,26.19674970000051],[-80.1057122000002,26.196745799999917]]},"properties":{"k":"b","n":null,"c":"fixed bridge","v":null,"cc":null,"co":null}},{"type":"Feature","geometry":{"type":"LineString","coordinates":[[-80.12318249999953,26.208159499999965],[-80.12319260000004,26.20866510000087],[-80.12297919999946,26.208672099999603],[-80.12297170000056,26.20816449999984],[-80.12318249999953,26.208159499999965]]},"properties":{"k":"b","n":null,"c":"fixed bridge","v":null,"cc":null,"co":null}},{"type":"Feature","geometry":{"type":"LineString","coordinates":[[-80.13283690000026,26.20585899999969],[-80.13285449999967,26.206294999999955],[-80.13261930000044,26.206313200000295],[-80.13260169999921,26.205891800000245],[-80.13283690000026,26.20585899999969]]},"properties":{"k":"b","n":null,"c":"fixed bridge","v":null,"cc":null,"co":null}},{"type":"Feature","geometry":{"type":"LineString","coordinates":[[-80.12600039999961,26.177982600000178],[-80.12608229999933,26.17801359999976],[-80.12603970000055,26.178109399999812],[-80.12596049999956,26.17807840000023],[-80.12600039999961,26.177982600000178]]},"properties":{"k":"b","n":null,"c":"fixed bridge","v":null,"cc":null,"co":null}},{"type":"Feature","geometry":{"type":"LineString","coordinates":[[-80.10695710000073,26.191230399999768],[-80.10696950000056,26.191422600000806],[-80.10685329999978,26.1913796000008],[-80.10684860000038,26.19123589999981],[-80.10695710000073,26.191230399999768]]},"properties":{"k":"b","n":null,"c":"fixed bridge","v":null,"cc":null,"co":null}},{"type":"Feature","geometry":{"type":"LineString","coordinates":[[-80.10390750000079,26.22119179999936],[-80.10421520000091,26.22136110000065],[-80.10403960000076,26.221867199999906],[-80.10369870000068,26.221791300000405],[-80.10390750000079,26.22119179999936]]},"properties":{"k":"b","n":null,"c":"fixed bridge","v":null,"cc":null,"co":null}},{"type":"Feature","geometry":{"type":"LineString","coordinates":[[-80.13116550000086,26.196260799999436],[-80.13116620000073,26.196345199999996],[-80.13104580000072,26.196348900000885],[-80.13103659999979,26.196262900000875],[-80.13116550000086,26.196260799999436]]},"properties":{"k":"b","n":null,"c":"fixed bridge","v":null,"cc":null,"co":null}},{"type":"Feature","geometry":{"type":"LineString","coordinates":[[-80.1022395,26.21999010000036],[-80.10251190000054,26.219991899999513],[-80.10247209999943,26.220079999999143],[-80.10219209999923,26.220078899999862],[-80.1022395,26.21999010000036]]},"properties":{"k":"b","n":null,"c":"fixed bridge","v":null,"cc":null,"co":null}},{"type":"Feature","geometry":{"type":"LineString","coordinates":[[-80.10246899999947,26.220620699999927],[-80.10252349999973,26.220670900000187],[-80.10234060000039,26.220803800000795],[-80.10228149999966,26.220740799999476],[-80.10246899999947,26.220620699999927]]},"properties":{"k":"b","n":null,"c":"fixed bridge","v":null,"cc":null,"co":null}},{"type":"Feature","geometry":{"type":"LineString","coordinates":[[-80.10986709999997,26.194433799999388],[-80.11006380000072,26.194434200000615],[-80.11006049999924,26.194540599999527],[-80.10986430000048,26.19453430000067],[-80.10986709999997,26.194433799999388]]},"properties":{"k":"b","n":null,"c":"fixed bridge","v":null,"cc":null,"co":null}},{"type":"Feature","geometry":{"type":"LineString","coordinates":[[-80.09372660000008,26.216103299999304],[-80.0937042000005,26.216268000000127],[-80.09338220000063,26.2162888999992],[-80.09339279999949,26.216113399999813],[-80.09372660000008,26.216103299999304]]},"properties":{"k":"b","n":null,"c":"fixed bridge","v":null,"cc":null,"co":null}},{"type":"Feature","geometry":{"type":"LineString","coordinates":[[-80.09550080000008,26.242754499999137],[-80.09549960000004,26.243012799999633],[-80.09538269999939,26.24301860000014],[-80.09538369999973,26.242758099999264],[-80.09550080000008,26.242754499999137]]},"properties":{"k":"b","n":null,"c":"fixed bridge","v":null,"cc":null,"co":null}},{"type":"Feature","geometry":{"type":"LineString","coordinates":[[-80.09846939999989,26.322459099999833],[-80.09874689999924,26.32256360000065],[-80.09856410000066,26.32294980000006],[-80.0981026999998,26.32282219999979],[-80.09846939999989,26.322459099999833]]},"properties":{"k":"b","n":null,"c":"fixed bridge","v":null,"cc":null,"co":null}},{"type":"Feature","geometry":{"type":"LineString","coordinates":[[-80.08728970000084,26.303083999999217],[-80.08739389999937,26.3031088000007],[-80.08740369999941,26.30326419999983],[-80.08729669999957,26.303268600000592],[-80.08728970000084,26.303083999999217]]},"properties":{"k":"b","n":null,"c":"fixed bridge","v":null,"cc":null,"co":null}},{"type":"Feature","geometry":{"type":"LineString","coordinates":[[-80.08848129999933,26.275472999999693],[-80.08866569999918,26.275477299999693],[-80.08866200000011,26.275574600000255],[-80.0884446,26.27557279999928],[-80.08848129999933,26.275472999999693]]},"properties":{"k":"b","n":null,"c":"fixed bridge","v":null,"cc":null,"co":null}},{"type":"Feature","geometry":{"type":"LineString","coordinates":[[-80.09226950000084,26.26771369999915],[-80.09235679999983,26.26772019999953],[-80.09236319999945,26.267971999999645],[-80.09227339999961,26.267980000000534],[-80.09226950000084,26.26771369999915]]},"properties":{"k":"b","n":null,"c":"fixed bridge","v":null,"cc":null,"co":null}},{"type":"Feature","geometry":{"type":"LineString","coordinates":[[-80.09127640000042,26.270059200000105],[-80.09151259999999,26.270097599999644],[-80.09149660000003,26.27015770000071],[-80.09126699999979,26.27012140000079],[-80.09127640000042,26.270059200000105]]},"properties":{"k":"b","n":null,"c":"fixed bridge","v":null,"cc":null,"co":null}},{"type":"Feature","geometry":{"type":"LineString","coordinates":[[-80.0983152000008,26.32240119999915],[-80.09807720000026,26.322814499999367],[-80.09803500000089,26.32280180000089],[-80.09810339999967,26.322702800000116],[-80.0983152000008,26.32240119999915]]},"properties":{"k":"b","n":null,"c":"fixed bridge","v":null,"cc":null,"co":null}},{"type":"Feature","geometry":{"type":"LineString","coordinates":[[-80.0834603000003,26.322115299999496],[-80.08352150000064,26.32238150000012],[-80.08339990000059,26.322389299999486],[-80.08334529999956,26.322122300000046],[-80.0834603000003,26.322115299999496]]},"properties":{"k":"b","n":null,"c":"fixed bridge","v":null,"cc":null,"co":null}},{"type":"Feature","geometry":{"type":"LineString","coordinates":[[-80.09026810000069,26.291790400000536],[-80.09026780000022,26.29190209999979],[-80.0900488999996,26.29190159999962],[-80.0900459000004,26.291797800000495],[-80.09026810000069,26.291790400000536]]},"properties":{"k":"b","n":null,"c":"fixed bridge","v":null,"cc":null,"co":null}},{"type":"Feature","geometry":{"type":"LineString","coordinates":[[-80.08351659999971,26.3091929000002],[-80.08360209999955,26.30919619999986],[-80.08368220000011,26.309349799999836],[-80.08360290000019,26.309351899999456],[-80.08351659999971,26.3091929000002]]},"properties":{"k":"b","n":null,"c":"fixed bridge","v":null,"cc":null,"co":null}},{"type":"Feature","geometry":{"type":"LineString","coordinates":[[-80.08481050000046,26.32491520000076],[-80.0848631000008,26.325000000000728],[-80.08469420000074,26.32495999999992],[-80.08481050000046,26.32491520000076]]},"properties":{"k":"b","n":null,"c":"fixed bridge","v":null,"cc":null,"co":null}},{"type":"Feature","geometry":{"type":"LineString","coordinates":[[-80.09124499999962,26.289836199999627],[-80.0912442000008,26.28993350000019],[-80.09102600000006,26.28993420000006],[-80.09102429999984,26.289842599999247],[-80.09124499999962,26.289836199999627]]},"properties":{"k":"b","n":null,"c":"fixed bridge","v":null,"cc":null,"co":null}},{"type":"Feature","geometry":{"type":"LineString","coordinates":[[-80.09179659999973,26.26569709999967],[-80.09180259999994,26.265761900000143],[-80.09150709999994,26.26576170000044],[-80.09150349999982,26.265697900000305],[-80.09179659999973,26.26569709999967]]},"properties":{"k":"b","n":null,"c":"fixed bridge","v":null,"cc":null,"co":null}},{"type":"Feature","geometry":{"type":"LineString","coordinates":[[-80.09180820000074,26.270963000000847],[-80.09182259999943,26.270774500000698],[-80.09182250000049,26.270753299999342],[-80.09193640000012,26.27080390000083],[-80.09191629999987,26.27099830000043],[-80.09180820000074,26.270963000000847]]},"properties":{"k":"b","n":null,"c":"fixed bridge","v":null,"cc":null,"co":null}},{"type":"Feature","geometry":{"type":"LineString","coordinates":[[-80.08581790000062,26.309048700000858],[-80.08590139999978,26.309246700000585],[-80.08576259999973,26.309250800000882],[-80.08567410000069,26.309054800000013],[-80.08581790000062,26.309048700000858]]},"properties":{"k":"b","n":null,"c":"fixed bridge","v":null,"cc":null,"co":null}},{"type":"Feature","geometry":{"type":"LineString","coordinates":[[-80.0926756000008,26.2856326000001],[-80.09267809999983,26.285907800000132],[-80.09252759999981,26.285915500000556],[-80.09252229999947,26.285648999999466],[-80.0926756000008,26.2856326000001]]},"properties":{"k":"b","n":null,"c":"fixed bridge","v":null,"cc":null,"co":null}},{"type":"Feature","geometry":{"type":"LineString","coordinates":[[-80.09167639999941,26.267441800000597],[-80.0917214000001,26.26749220000056],[-80.09155040000041,26.267612600000575],[-80.09149310000066,26.267577500000698],[-80.09167639999941,26.267441800000597]]},"properties":{"k":"b","n":null,"c":"fixed bridge","v":null,"cc":null,"co":null}},{"type":"Feature","geometry":{"type":"LineString","coordinates":[[-80.0906675999995,26.288332599999194],[-80.09067839999989,26.288551499999812],[-80.09057550000034,26.288553799999136],[-80.09056430000055,26.28833780000059],[-80.0906675999995,26.288332599999194]]},"properties":{"k":"b","n":null,"c":"fixed bridge","v":null,"cc":null,"co":null}},{"type":"Feature","geometry":{"type":"LineString","coordinates":[[-80.08381379999992,26.323368800000026],[-80.08392350000031,26.323603299999377],[-80.08381729999928,26.32363439999972],[-80.08371079999961,26.3234068999991],[-80.08381379999992,26.323368800000026]]},"properties":{"k":"b","n":null,"c":"fixed bridge","v":null,"cc":null,"co":null}},{"type":"Feature","geometry":{"type":"LineString","coordinates":[[-80.09099559999959,26.325607599999785],[-80.09099980000065,26.32588720000058],[-80.09080490000088,26.325742799999716],[-80.09063459999925,26.32575530000031],[-80.09062819999963,26.325297800000044],[-80.09099550000064,26.32545559999926],[-80.09099559999959,26.325607599999785]]},"properties":{"k":"b","n":null,"c":"fixed bridge","v":null,"cc":null,"co":null}},{"type":"Feature","geometry":{"type":"LineString","coordinates":[[-80.08472190000066,26.325000000000728],[-80.0848631000008,26.325000000000728],[-80.0849515000009,26.32514269999956],[-80.0848403,26.325170599999183],[-80.08472190000066,26.325000000000728]]},"properties":{"k":"b","n":null,"c":"fixed bridge","v":null,"cc":null,"co":null}},{"type":"Feature","geometry":{"type":"LineString","coordinates":[[-80.06865389999984,26.389845399999103],[-80.06861639999988,26.389972000000853],[-80.06839059999947,26.38998039999933],[-80.06842750000033,26.389853900000162],[-80.06865389999984,26.389845399999103]]},"properties":{"k":"b","n":null,"c":"fixed bridge","v":null,"cc":null,"co":null}},{"type":"Feature","geometry":{"type":"LineString","coordinates":[[-80.06654189999972,26.39935829999922],[-80.06682399999954,26.3993933999991],[-80.06680899999992,26.399466000000757],[-80.06657669999913,26.39944099999957],[-80.06654189999972,26.39935829999922]]},"properties":{"k":"b","n":null,"c":"fixed bridge","v":null,"cc":null,"co":null}},{"type":"Feature","geometry":{"type":"LineString","coordinates":[[-80.25908600000002,25.68945100000019],[-80.25912400000016,25.689617],[-80.25879499999974,25.6895999999997],[-80.25873900000079,25.689430000000357],[-80.25908600000002,25.68945100000019]]},"properties":{"k":"b","n":null,"c":"fixed bridge","v":null,"cc":null,"co":null}},{"type":"Feature","geometry":{"type":"LineString","coordinates":[[-80.26581699999952,25.690216000000873],[-80.26578599999993,25.690457000000606],[-80.26561899999979,25.690473000000566],[-80.26564800000051,25.690222999999605],[-80.26581699999952,25.690216000000873]]},"properties":{"k":"b","n":null,"c":"fixed bridge","v":null,"cc":null,"co":null}},{"type":"Feature","geometry":{"type":"LineString","coordinates":[[-80.27972899999986,25.666117999999187],[-80.27967800000079,25.666341000000102],[-80.27959100000044,25.666267000000516],[-80.27963799999998,25.66605300000083],[-80.27972899999986,25.666117999999187]]},"properties":{"k":"b","n":null,"c":"fixed bridge","v":null,"cc":null,"co":null}},{"type":"Feature","geometry":{"type":"LineString","coordinates":[[-80.27830399999948,25.65265299999919],[-80.27833199999986,25.652694000000338],[-80.27808499999992,25.652694000000338],[-80.27810700000009,25.652608000000328],[-80.27830399999948,25.65265299999919]]},"properties":{"k":"b","n":null,"c":"fixed bridge","v":null,"cc":null,"co":null}},{"type":"Feature","geometry":{"type":"LineString","coordinates":[[-80.25550300000032,25.689096000000063],[-80.25571499999933,25.689280000000508],[-80.25557200000003,25.689399999999296],[-80.255357,25.68920900000012],[-80.25550300000032,25.689096000000063]]},"properties":{"k":"b","n":null,"c":"fixed bridge","v":null,"cc":null,"co":null}},{"type":"Feature","geometry":{"type":"LineString","coordinates":[[-80.2629250000009,25.693859000000884],[-80.26253879999967,25.69420419999915],[-80.26206099999945,25.694187999999485],[-80.2620850000003,25.693897999999535],[-80.2629250000009,25.693859000000884]]},"properties":{"k":"b","n":null,"c":"fixed bridge","v":null,"cc":null,"co":null}},{"type":"Feature","geometry":{"type":"LineString","coordinates":[[-80.2572080000009,25.70222300000023],[-80.25733299999956,25.70231699999931],[-80.25720999999976,25.702471000000514],[-80.2570799999994,25.702384000000166],[-80.2572080000009,25.70222300000023]]},"properties":{"k":"b","n":null,"c":"fixed bridge","v":null,"cc":null,"co":null}},{"type":"Feature","geometry":{"type":"LineString","coordinates":[[-80.2609279999997,25.705927000000884],[-80.26093199999923,25.70619699999952],[-80.2608110000001,25.70619699999952],[-80.2608110000001,25.705926000000545],[-80.2609279999997,25.705927000000884]]},"properties":{"k":"b","n":null,"c":"fixed bridge","v":null,"cc":null,"co":null}},{"type":"Feature","geometry":{"type":"LineString","coordinates":[[-80.25832199999968,25.704318000000058],[-80.25832099999934,25.7044249999999],[-80.25813700000072,25.704391999999643],[-80.25814299999911,25.704319000000396],[-80.25832199999968,25.704318000000058]]},"properties":{"k":"b","n":null,"c":"fixed bridge","v":null,"cc":null,"co":null}},{"type":"Feature","geometry":{"type":"LineString","coordinates":[[-80.24951560000045,25.700914700000794],[-80.24930300000051,25.700737799999843],[-80.24936159999925,25.700650400000086],[-80.24958279999919,25.700825500000064],[-80.24951560000045,25.700914700000794]]},"properties":{"k":"b","n":null,"c":"fixed bridge","v":null,"cc":null,"co":null}},{"type":"Feature","geometry":{"type":"LineString","coordinates":[[-80.17096800000036,25.68448510000053],[-80.1711090000008,25.684535000000324],[-80.1709809999993,25.684744000000137],[-80.17084699999941,25.68468700000085],[-80.17096800000036,25.68448510000053]]},"properties":{"k":"b","n":null,"c":"fixed bridge","v":null,"cc":null,"co":null}},{"type":"Feature","geometry":{"type":"LineString","coordinates":[[-80.20095299999957,25.74697500000002],[-80.20176100000026,25.747487000000547],[-80.20258769999964,25.74823169999945],[-80.20198800000071,25.748148999999103],[-80.20149400000082,25.747670999999173],[-80.20076800000061,25.74714700000004],[-80.20095299999957,25.74697500000002]]},"properties":{"k":"b","n":null,"c":"fixed bridge","v":null,"cc":null,"co":null}},{"type":"Feature","geometry":{"type":"LineString","coordinates":[[-80.18565099999978,25.787105800000063],[-80.18566950000059,25.787318299999242],[-80.18130530000053,25.787561999999525],[-80.18129760000011,25.787353100000473],[-80.18565099999978,25.787105800000063]]},"properties":{"k":"b","n":null,"c":"fixed bridge","v":null,"cc":null,"co":null}},{"type":"Feature","geometry":{"type":"LineString","coordinates":[[-80.20187699999951,25.7482416999992],[-80.20178300000043,25.748316999999588],[-80.20049599999948,25.747269999999844],[-80.20060999999987,25.74717899999996],[-80.20079599999917,25.74728900000082],[-80.20156999999926,25.747902999999496],[-80.20187699999951,25.7482416999992]]},"properties":{"k":"b","n":null,"c":"fixed bridge","v":null,"cc":null,"co":null}},{"type":"Feature","geometry":{"type":"LineString","coordinates":[[-80.18361340000047,25.746326500000578],[-80.18361709999954,25.74657880000086],[-80.1790148,25.74664920000032],[-80.17900960000043,25.74638960000084],[-80.18361340000047,25.746326500000578]]},"properties":{"k":"b","n":"Rickenbacker Causeway Bridge","c":"fixed bridge","v":null,"cc":null,"co":null}},{"type":"Feature","geometry":{"type":"LineString","coordinates":[[-80.18549329999951,25.786869899999147],[-80.1855102999998,25.787080899999637],[-80.18129640000006,25.787317399999665],[-80.18129319999935,25.78710830000091],[-80.18549329999951,25.786869899999147]]},"properties":{"k":"b","n":null,"c":"fixed bridge","v":null,"cc":null,"co":null}},{"type":"Feature","geometry":{"type":"LineString","coordinates":[[-80.18234420000044,25.779215299999123],[-80.1837689999993,25.77975350000088],[-80.18519439999909,25.779951300000903],[-80.18520050000006,25.78011350000088],[-80.18434270000034,25.780037500000617],[-80.18349219999982,25.77984380000089],[-80.18227079999997,25.779356499999267],[-80.18234420000044,25.779215299999123]]},"properties":{"k":"b","n":null,"c":"fixed bridge","v":null,"cc":null,"co":null}},{"type":"Feature","geometry":{"type":"LineString","coordinates":[[-80.22158200000013,25.73631899999964],[-80.2217899999996,25.73665400000027],[-80.22169399999984,25.736695999999938],[-80.22098000000005,25.73569800000041],[-80.22037500000079,25.73529100000087],[-80.22044500000084,25.735224000000017],[-80.22056800000064,25.735281999999643],[-80.2210670000004,25.73563699999977],[-80.22158200000013,25.73631899999964]]},"properties":{"k":"b","n":null,"c":"fixed bridge","v":null,"cc":null,"co":null}},{"type":"Feature","geometry":{"type":"LineString","coordinates":[[-80.18539190000047,25.789609600000404],[-80.18538269999954,25.789725500000714],[-80.1818762999992,25.789905699999508],[-80.18145159999949,25.78991429999951],[-80.18144190000021,25.789792899999156],[-80.18150459999924,25.789735799999107],[-80.18150620000051,25.78979480000089],[-80.18539190000047,25.789609600000404]]},"properties":{"k":"b","n":"Venetian Causeway","c":"fixed bridge","v":null,"cc":null,"co":null}},{"type":"Feature","geometry":{"type":"LineString","coordinates":[[-80.18935769999916,25.746243699999468],[-80.1893598000006,25.74649959999988],[-80.1839889999992,25.746574099999634],[-80.18398359999992,25.74632179999935],[-80.18935769999916,25.746243699999468]]},"properties":{"k":"b","n":"Rickenbacker Causeway Bridge","c":"fixed bridge","v":null,"cc":null,"co":null}},{"type":"Feature","geometry":{"type":"LineString","coordinates":[[-80.1301211000009,25.799059700000726],[-80.13019809999969,25.799167400000442],[-80.13000930000089,25.799268299999312],[-80.1299411,25.799169199999596],[-80.1301211000009,25.799059700000726]]},"properties":{"k":"b","n":null,"c":"fixed bridge","v":null,"cc":null,"co":null}},{"type":"Feature","geometry":{"type":"LineString","coordinates":[[-80.14662449999923,25.772201399999176],[-80.14659550000033,25.772147300000142],[-80.14747010000065,25.771879699999772],[-80.14749660000052,25.771933800000625],[-80.14662449999923,25.772201399999176]]},"properties":{"k":"b","n":null,"c":"fixed bridge","v":null,"cc":null,"co":null}},{"type":"Feature","geometry":{"type":"LineString","coordinates":[[-80.1478107999992,25.772149200000058],[-80.1479120999993,25.772390500000256],[-80.1445461000003,25.77367840000079],[-80.14443460000075,25.773443800000678],[-80.1478107999992,25.772149200000058]]},"properties":{"k":"b","n":null,"c":"fixed bridge","v":null,"cc":null,"co":null}},{"type":"Feature","geometry":{"type":"LineString","coordinates":[[-80.14144459999989,25.793009999999413],[-80.14156969999931,25.79309269999976],[-80.14111299999968,25.793340700000044],[-80.14114970000082,25.793179000000237],[-80.14144459999989,25.793009999999413]]},"properties":{"k":"b","n":null,"c":"fixed bridge","v":null,"cc":null,"co":null}},{"type":"Feature","geometry":{"type":"LineString","coordinates":[[-80.13513210000019,25.796445399999357],[-80.13518590000058,25.796559700000216],[-80.13486510000075,25.796731200000067],[-80.13488580000012,25.796584300000177],[-80.13513210000019,25.796445399999357]]},"properties":{"k":"b","n":null,"c":"fixed bridge","v":null,"cc":null,"co":null}},{"type":"Feature","geometry":{"type":"LineString","coordinates":[[-80.15037950000078,25.79137980000087],[-80.15037309999934,25.791269600000305],[-80.1508303999999,25.791244599999118],[-80.15086929999961,25.791377999999895],[-80.15037950000078,25.79137980000087]]},"properties":{"k":"b","n":"Venetian Causeway","c":"fixed bridge","v":null,"cc":null,"co":null}},{"type":"Feature","geometry":{"type":"LineString","coordinates":[[-80.13223540000035,25.7980220999998],[-80.13227329999972,25.798141600000235],[-80.13203869999961,25.79825990000063],[-80.13200219999999,25.798139299999093],[-80.13223540000035,25.7980220999998]]},"properties":{"k":"b","n":null,"c":"fixed bridge","v":null,"cc":null,"co":null}},{"type":"Feature","geometry":{"type":"LineString","coordinates":[[-80.13691669999935,25.795612100000653],[-80.1369266999991,25.795612199999596],[-80.13653130000057,25.795824200000425],[-80.13657190000049,25.79567700000007],[-80.13680659999955,25.795550599999842],[-80.13691669999935,25.795612100000653]]},"properties":{"k":"b","n":null,"c":"fixed bridge","v":null,"cc":null,"co":null}},{"type":"Feature","geometry":{"type":"LineString","coordinates":[[-80.1539830999991,25.791100899999947],[-80.15398959999948,25.791214499999114],[-80.15354819999993,25.7912340999992],[-80.15354259999913,25.791120699999738],[-80.1539830999991,25.791100899999947]]},"properties":{"k":"b","n":"Venetian Causeway","c":"fixed bridge","v":null,"cc":null,"co":null}},{"type":"Feature","geometry":{"type":"LineString","coordinates":[[-80.18459149999944,25.846397600000273],[-80.18467319999945,25.846401299999343],[-80.18468159999975,25.846623100000215],[-80.18447100000049,25.84663130000081],[-80.18446199999926,25.846408999999767],[-80.18459149999944,25.846397600000273]]},"properties":{"k":"b","n":null,"c":"fixed bridge","v":null,"cc":null,"co":null}},{"type":"Feature","geometry":{"type":"LineString","coordinates":[[-80.17866859999958,25.81057359999977],[-80.1796701000003,25.810582000000068],[-80.17966610000076,25.810901299999387],[-80.17663549999997,25.810869700000694],[-80.17670800000087,25.810564400000658],[-80.17866859999958,25.81057359999977]]},"properties":{"k":"b","n":null,"c":"fixed bridge","v":null,"cc":null,"co":null}},{"type":"Feature","geometry":{"type":"LineString","coordinates":[[-80.17783369999961,25.844716499999777],[-80.17794280000089,25.84476050000012],[-80.17779569999948,25.845057599999564],[-80.1776890000001,25.84501420000015],[-80.17783369999961,25.844716499999777]]},"properties":{"k":"b","n":null,"c":"fixed bridge","v":null,"cc":null,"co":null}},{"type":"Feature","geometry":{"type":"LineString","coordinates":[[-80.12492659999953,25.82624890000079],[-80.12497260000055,25.82664769999974],[-80.12477539999963,25.82667709999987],[-80.12472809999963,25.82625890000054],[-80.12492659999953,25.82624890000079]]},"properties":{"k":"b","n":null,"c":"fixed bridge","v":null,"cc":null,"co":null}},{"type":"Feature","geometry":{"type":"LineString","coordinates":[[-80.12482269999964,25.86979219999921],[-80.12483190000057,25.869913599999563],[-80.12422929999957,25.869943699999567],[-80.1242213000005,25.869821899999806],[-80.12482269999964,25.86979219999921]]},"properties":{"k":"b","n":null,"c":"fixed bridge","v":null,"cc":null,"co":null}},{"type":"Feature","geometry":{"type":"LineString","coordinates":[[-80.13245029999962,25.81373639999947],[-80.13289299999997,25.81374219999998],[-80.13289919999988,25.81398889999946],[-80.13244619999932,25.813984899999923],[-80.13245029999962,25.81373639999947]]},"properties":{"k":"b","n":null,"c":"fixed bridge","v":null,"cc":null,"co":null}},{"type":"Feature","geometry":{"type":"LineString","coordinates":[[-80.13020730000062,25.82180100000005],[-80.1304371999995,25.821821999999884],[-80.13042529999984,25.821947200000068],[-80.13019560000066,25.8219265000007],[-80.13020730000062,25.82180100000005]]},"properties":{"k":"b","n":null,"c":"fixed bridge","v":null,"cc":null,"co":null}},{"type":"Feature","geometry":{"type":"LineString","coordinates":[[-80.13308990000041,25.824982100000852],[-80.13322920000064,25.82514430000083],[-80.13302300000032,25.82530410000072],[-80.1327954999997,25.825209900000118],[-80.13308990000041,25.824982100000852]]},"properties":{"k":"b","n":null,"c":"fixed bridge","v":null,"cc":null,"co":null}},{"type":"Feature","geometry":{"type":"LineString","coordinates":[[-80.1242201999994,25.81321039999966],[-80.12502470000072,25.813396499999726],[-80.12497939999957,25.81362749999971],[-80.1241343999991,25.813483600000836],[-80.1242201999994,25.81321039999966]]},"properties":{"k":"b","n":null,"c":"fixed bridge","v":null,"cc":null,"co":null}},{"type":"Feature","geometry":{"type":"LineString","coordinates":[[-80.17335339999954,25.87127379999947],[-80.17315980000058,25.87151310000081],[-80.17284199999995,25.871520599999712],[-80.17303619999984,25.87128549999943],[-80.17335339999954,25.87127379999947]]},"properties":{"k":"b","n":null,"c":"fixed bridge","v":null,"cc":null,"co":null}},{"type":"Feature","geometry":{"type":"LineString","coordinates":[[-80.1736191,25.810525799999596],[-80.17499999999927,25.810539800000697],[-80.17499999999927,25.810854900000777],[-80.1735291999994,25.810843400000522],[-80.1736191,25.810525799999596]]},"properties":{"k":"b","n":null,"c":"fixed bridge","v":null,"cc":null,"co":null}},{"type":"Feature","geometry":{"type":"LineString","coordinates":[[-80.13722939999934,25.94101310000042],[-80.1372878000002,25.94105579999996],[-80.13681820000056,25.94121620000078],[-80.13677330000064,25.94116960000065],[-80.13722939999934,25.94101310000042]]},"properties":{"k":"b","n":null,"c":"footbridge","v":null,"cc":null,"co":null}},{"type":"Feature","geometry":{"type":"LineString","coordinates":[[-80.13920900000085,25.886513999999806],[-80.14003459999913,25.886715099999492],[-80.14223610000045,25.887217800000144],[-80.14220209999985,25.887329999999565],[-80.13925720000043,25.886653699999442],[-80.13920900000085,25.886513999999806]]},"properties":{"k":"b","n":null,"c":"fixed bridge","v":null,"cc":null,"co":null}},{"type":"Feature","geometry":{"type":"LineString","coordinates":[[-80.15153230000033,25.928899500000625],[-80.15154749999965,25.92927100000088],[-80.15141349999976,25.929281200000332],[-80.15139219999946,25.9289076999994],[-80.15153230000033,25.928899500000625]]},"properties":{"k":"b","n":null,"c":"fixed bridge","v":null,"cc":null,"co":null}},{"type":"Feature","geometry":{"type":"LineString","coordinates":[[-80.15321460000087,25.928781900000104],[-80.1530989999992,25.929147799999555],[-80.15287920000083,25.929218299999775],[-80.15300949999983,25.92881010000019],[-80.15321460000087,25.928781900000104]]},"properties":{"k":"b","n":null,"c":"fixed bridge","v":null,"cc":null,"co":null}},{"type":"Feature","geometry":{"type":"LineString","coordinates":[[-80.12273660000028,25.92830370000047],[-80.12274699999944,25.92849489999935],[-80.12248639999962,25.928504299999986],[-80.12248820000059,25.928309200000513],[-80.12273660000028,25.92830370000047]]},"properties":{"k":"b","n":null,"c":"fixed bridge","v":null,"cc":null,"co":null}},{"type":"Feature","geometry":{"type":"LineString","coordinates":[[-80.15386860000035,25.892844300000434],[-80.15394639999977,25.8930048000002],[-80.15371570000025,25.893132400000468],[-80.15361359999952,25.892959700000574],[-80.15386860000035,25.892844300000434]]},"properties":{"k":"b","n":null,"c":"fixed bridge","v":null,"cc":null,"co":null}},{"type":"Feature","geometry":{"type":"LineString","coordinates":[[-80.1654221000008,25.894446599999355],[-80.1656383999998,25.89460440000039],[-80.1656196999993,25.894630900000266],[-80.16539740000007,25.89446870000029],[-80.1654221000008,25.894446599999355]]},"properties":{"k":"b","n":null,"c":"footbridge","v":null,"cc":null,"co":null}},{"type":"Feature","geometry":{"type":"LineString","coordinates":[[-80.14962659999946,25.938218200000847],[-80.15001569999913,25.93835709999985],[-80.14994210000077,25.938556200000676],[-80.14954969999962,25.938451100000748],[-80.14962659999946,25.938218200000847]]},"properties":{"k":"b","n":null,"c":"fixed bridge","v":null,"cc":null,"co":null}},{"type":"Feature","geometry":{"type":"LineString","coordinates":[[-80.15293270000075,25.92882060000011],[-80.15281080000022,25.92921480000041],[-80.15261780000037,25.929205000000366],[-80.15273329999945,25.928829500000575],[-80.15293270000075,25.92882060000011]]},"properties":{"k":"b","n":null,"c":"fixed bridge","v":null,"cc":null,"co":null}},{"type":"Feature","geometry":{"type":"LineString","coordinates":[[-80.15310549999958,25.89365960000032],[-80.15311230000043,25.89378399999987],[-80.15301440000076,25.89378570000008],[-80.15300729999944,25.893660899999304],[-80.15310549999958,25.89365960000032]]},"properties":{"k":"b","n":null,"c":"fixed bridge","v":null,"cc":null,"co":null}},{"type":"Feature","geometry":{"type":"LineString","coordinates":[[-80.16081630000008,25.89856250000048],[-80.1610940999999,25.898670099999435],[-80.16102219999993,25.89889620000031],[-80.1607469999999,25.898781800000506],[-80.16081630000008,25.89856250000048]]},"properties":{"k":"b","n":null,"c":"fixed bridge","v":null,"cc":null,"co":null}},{"type":"Feature","geometry":{"type":"LineString","coordinates":[[-80.13509750000048,25.925946499999554],[-80.13529469999958,25.92625600000065],[-80.13512009999977,25.926342400000067],[-80.13492720000067,25.92603980000058],[-80.13509750000048,25.925946499999554]]},"properties":{"k":"b","n":null,"c":"fixed bridge","v":null,"cc":null,"co":null}},{"type":"Feature","geometry":{"type":"LineString","coordinates":[[-80.15048019999995,25.938635300000897],[-80.15058560000034,25.938723900000696],[-80.15051610000046,25.938943400000426],[-80.15043909999986,25.93876529999943],[-80.15048019999995,25.938635300000897]]},"properties":{"k":"b","n":null,"c":"fixed bridge","v":null,"cc":null,"co":null}},{"type":"Feature","geometry":{"type":"LineString","coordinates":[[-80.12999850000051,25.8777685999994],[-80.13106920000064,25.87795019999976],[-80.13104589999966,25.878065799999604],[-80.12997130000076,25.8778968000006],[-80.12999850000051,25.8777685999994]]},"properties":{"k":"b","n":null,"c":"fixed bridge","v":null,"cc":null,"co":null}},{"type":"Feature","geometry":{"type":"LineString","coordinates":[[-80.15516530000059,25.94712190000064],[-80.15517569999975,25.947355599999355],[-80.15501059999951,25.947362599999906],[-80.15493470000001,25.947135099999286],[-80.15516530000059,25.94712190000064]]},"properties":{"k":"b","n":null,"c":"fixed bridge","v":null,"cc":null,"co":null}},{"type":"Feature","geometry":{"type":"LineString","coordinates":[[-80.15609170000062,25.92829879999954],[-80.15611229999922,25.9286833999995],[-80.15596779999942,25.9287046999998],[-80.15595030000077,25.928322699999626],[-80.15609170000062,25.92829879999954]]},"properties":{"k":"b","n":null,"c":"fixed bridge","v":null,"cc":null,"co":null}},{"type":"Feature","geometry":{"type":"LineString","coordinates":[[-80.14968000000044,25.925788599999578],[-80.14963270000044,25.92615570000089],[-80.14915010000004,25.92617710000013],[-80.14906060000067,25.925810200000342],[-80.14968000000044,25.925788599999578]]},"properties":{"k":"b","n":null,"c":"fixed bridge","v":null,"cc":null,"co":null}},{"type":"Feature","geometry":{"type":"LineString","coordinates":[[-80.15349160000005,25.92873789999976],[-80.15336510000088,25.9291417000004],[-80.15328100000079,25.929133999999976],[-80.15340189999915,25.928753000000142],[-80.15349160000005,25.92873789999976]]},"properties":{"k":"b","n":null,"c":"fixed bridge","v":null,"cc":null,"co":null}},{"type":"Feature","geometry":{"type":"LineString","coordinates":[[-80.12020940000002,26.08201519999966],[-80.12031100000058,26.082262199999604],[-80.11999130000004,26.082264399999985],[-80.11990429999969,26.082022799999322],[-80.12020940000002,26.08201519999966]]},"properties":{"k":"b","n":null,"c":"fixed bridge","v":null,"cc":null,"co":null}},{"type":"Feature","geometry":{"type":"LineString","coordinates":[[-80.14437309999994,26.05943180000031],[-80.14446700000008,26.059451600000102],[-80.14442029999918,26.05964049999966],[-80.14432809999926,26.059621000000334],[-80.14437309999994,26.05943180000031]]},"properties":{"k":"b","n":null,"c":"fixed bridge","v":null,"cc":null,"co":null}},{"type":"Feature","geometry":{"type":"LineString","coordinates":[[-80.12034359999961,26.08233990000008],[-80.12037579999924,26.08241430000089],[-80.12013230000048,26.08251999999993],[-80.12008989999958,26.08245589999933],[-80.12034359999961,26.08233990000008]]},"properties":{"k":"b","n":null,"c":"fixed bridge","v":null,"cc":null,"co":null}},{"type":"Feature","geometry":{"type":"LineString","coordinates":[[-80.12010829999963,26.07876969999961],[-80.1201130999998,26.07886680000047],[-80.11965969999983,26.078909199999543],[-80.1195874999994,26.07877390000067],[-80.12010829999963,26.07876969999961]]},"properties":{"k":"b","n":null,"c":"fixed bridge","v":null,"cc":null,"co":null}},{"type":"Feature","geometry":{"type":"LineString","coordinates":[[-80.15925790000074,26.062911000000895],[-80.15944200000013,26.063159999999698],[-80.15903000000071,26.063205399999788],[-80.15882240000064,26.062955400000646],[-80.15925790000074,26.062911000000895]]},"properties":{"k":"b","n":null,"c":"fixed bridge","v":null,"cc":null,"co":null}},{"type":"Feature","geometry":{"type":"LineString","coordinates":[[-80.14398900000015,26.059438800000862],[-80.14398660000006,26.059643900000083],[-80.14376040000025,26.059646199999406],[-80.14376040000025,26.05945629999951],[-80.14398900000015,26.059438800000862]]},"properties":{"k":"b","n":null,"c":"fixed bridge","v":null,"cc":null,"co":null}},{"type":"Feature","geometry":{"type":"LineString","coordinates":[[-80.11564659999931,26.125037499999962],[-80.11565139999948,26.125312699999995],[-80.11554310000065,26.12531300000046],[-80.11553920000006,26.125038599999243],[-80.11564659999931,26.125037499999962]]},"properties":{"k":"b","n":null,"c":"fixed bridge","v":null,"cc":null,"co":null}},{"type":"Feature","geometry":{"type":"LineString","coordinates":[[-80.12393139999949,26.119729500000176],[-80.12398199999916,26.11996729999919],[-80.1238744000002,26.11998080000012],[-80.12381070000083,26.119735500000388],[-80.12393139999949,26.119729500000176]]},"properties":{"k":"b","n":null,"c":"fixed bridge","v":null,"cc":null,"co":null}},{"type":"Feature","geometry":{"type":"LineString","coordinates":[[-80.1279498999993,26.109193199999936],[-80.12794799999938,26.109092799999416],[-80.12823899999967,26.109085699999923],[-80.1282468999998,26.10919020000074],[-80.1279498999993,26.109193199999936]]},"properties":{"k":"b","n":null,"c":"fixed bridge","v":null,"cc":null,"co":null}},{"type":"Feature","geometry":{"type":"LineString","coordinates":[[-80.13552359999994,26.120933899999727],[-80.13552920000075,26.121074399999998],[-80.13537879999967,26.12105270000029],[-80.13537859999997,26.12093620000087],[-80.13552359999994,26.120933899999727]]},"properties":{"k":"b","n":null,"c":"fixed bridge","v":null,"cc":null,"co":null}},{"type":"Feature","geometry":{"type":"LineString","coordinates":[[-80.1536130000004,26.10936799999945],[-80.15349849999984,26.10938890000034],[-80.1534933999992,26.109331400000883],[-80.1536130000004,26.109326800000417],[-80.1536130000004,26.10936799999945]]},"properties":{"k":"b","n":null,"c":"fixed bridge","v":null,"cc":null,"co":null}},{"type":"Feature","geometry":{"type":"LineString","coordinates":[[-80.12931539999954,26.1530659],[-80.12932940000064,26.15339049999966],[-80.12912340000003,26.153442000000723],[-80.12910949999969,26.153157299999293],[-80.12931539999954,26.1530659]]},"properties":{"k":"b","n":null,"c":"fixed bridge","v":null,"cc":null,"co":null}},{"type":"Feature","geometry":{"type":"LineString","coordinates":[[-80.14071750000039,26.15116400000079],[-80.14095070000076,26.15117839999948],[-80.14093929999945,26.151291300000594],[-80.1407018000009,26.1513075999992],[-80.14071750000039,26.15116400000079]]},"properties":{"k":"b","n":null,"c":"fixed bridge","v":null,"cc":null,"co":null}},{"type":"Feature","geometry":{"type":"LineString","coordinates":[[-80.13167470000008,26.119362499999625],[-80.13154120000036,26.1193815000006],[-80.13153129999955,26.119216299999607],[-80.13166880000063,26.11921640000037],[-80.13167470000008,26.119362499999625]]},"properties":{"k":"b","n":null,"c":"fixed bridge","v":null,"cc":null,"co":null}},{"type":"Feature","geometry":{"type":"LineString","coordinates":[[-80.13687940000091,26.110385699999824],[-80.13717680000082,26.110403500000757],[-80.13718399999925,26.110523999999714],[-80.13688120000006,26.11047850000068],[-80.13687940000091,26.110385699999824]]},"properties":{"k":"b","n":null,"c":"fixed bridge","v":null,"cc":null,"co":null}},{"type":"Feature","geometry":{"type":"LineString","coordinates":[[-80.14318420000018,26.108228099999906],[-80.1431917000009,26.108369600000515],[-80.14288870000019,26.10843129999921],[-80.14288660000057,26.10830469999928],[-80.14318420000018,26.108228099999906]]},"properties":{"k":"b","n":null,"c":"fixed bridge","v":null,"cc":null,"co":null}},{"type":"Feature","geometry":{"type":"LineString","coordinates":[[-80.14729330000046,26.107855300000665],[-80.14729690000058,26.107985500000723],[-80.14701649999915,26.107987299999877],[-80.14701500000047,26.10785829999986],[-80.14729330000046,26.107855300000665]]},"properties":{"k":"b","n":null,"c":"fixed bridge","v":null,"cc":null,"co":null}},{"type":"Feature","geometry":{"type":"LineString","coordinates":[[-80.16325900000083,26.12175869999919],[-80.16329770000084,26.12205139999969],[-80.16306049999912,26.122052099999564],[-80.16297619999932,26.121759400000883],[-80.16325900000083,26.12175869999919]]},"properties":{"k":"b","n":"West Broward Blvd","c":"fixed bridge","v":null,"cc":null,"co":null}},{"type":"Feature","geometry":{"type":"LineString","coordinates":[[-80.11680100000012,26.120258700000704],[-80.11680259999957,26.120501299999887],[-80.11668959999952,26.120496499999717],[-80.11667900000066,26.12026119999973],[-80.11680100000012,26.120258700000704]]},"properties":{"k":"b","n":null,"c":"fixed bridge","v":null,"cc":null,"co":null}},{"type":"Feature","geometry":{"type":"LineString","coordinates":[[-80.1180459999996,26.120232999999644],[-80.11805169999934,26.12047999999959],[-80.11793860000034,26.120480800000223],[-80.11793100000068,26.12023539999973],[-80.1180459999996,26.120232999999644]]},"properties":{"k":"b","n":null,"c":"fixed bridge","v":null,"cc":null,"co":null}},{"type":"Feature","geometry":{"type":"LineString","coordinates":[[-80.12055220000002,26.12019110000074],[-80.12055519999922,26.120447900000727],[-80.12043839999933,26.120442400000684],[-80.12042420000034,26.120193200000358],[-80.12055220000002,26.12019110000074]]},"properties":{"k":"b","n":null,"c":"fixed bridge","v":null,"cc":null,"co":null}},{"type":"Feature","geometry":{"type":"LineString","coordinates":[[-80.12909729999956,26.10558569999921],[-80.12906250000015,26.105655900000784],[-80.12855099999979,26.10566800000015],[-80.12861049999992,26.10559739999917],[-80.12909729999956,26.10558569999921]]},"properties":{"k":"b","n":null,"c":"fixed bridge","v":null,"cc":null,"co":null}},{"type":"Feature","geometry":{"type":"LineString","coordinates":[[-80.1145830000005,26.116365300000325],[-80.11457789999986,26.116459900000336],[-80.11441179999929,26.11652359999971],[-80.11439489999975,26.116432099999656],[-80.1145830000005,26.116365300000325]]},"properties":{"k":"b","n":null,"c":"fixed bridge","v":null,"cc":null,"co":null}},{"type":"Feature","geometry":{"type":"LineString","coordinates":[[-80.1209930999994,26.130128599999807],[-80.12113189999945,26.130298800000674],[-80.12100920000012,26.130313699999533],[-80.12087389999942,26.130148300000656],[-80.1209930999994,26.130128599999807]]},"properties":{"k":"b","n":null,"c":"fixed bridge","v":null,"cc":null,"co":null}},{"type":"Feature","geometry":{"type":"LineString","coordinates":[[-80.1278411000003,26.104880599999888],[-80.1278499,26.105259699999806],[-80.12780050000038,26.10526580000078],[-80.12774969999919,26.104882699999507],[-80.1278411000003,26.104880599999888]]},"properties":{"k":"b","n":null,"c":"fixed bridge","v":null,"cc":null,"co":null}},{"type":"Feature","geometry":{"type":"LineString","coordinates":[[-80.13177929999983,26.12007789999916],[-80.13163890000033,26.120118299999376],[-80.13157429999956,26.120016799999576],[-80.13172339999983,26.12001500000042],[-80.13177929999983,26.12007789999916]]},"properties":{"k":"b","n":null,"c":"fixed bridge","v":null,"cc":null,"co":null}},{"type":"Feature","geometry":{"type":"LineString","coordinates":[[-80.11341100000027,26.11712350000016],[-80.11341519999951,26.11721849999958],[-80.1132835999997,26.1172516000006],[-80.11328139999932,26.117162099999405],[-80.11341100000027,26.11712350000016]]},"properties":{"k":"b","n":null,"c":"fixed bridge","v":null,"cc":null,"co":null}},{"type":"Feature","geometry":{"type":"LineString","coordinates":[[-80.1143161,26.108779199999844],[-80.11439600000085,26.108823599999596],[-80.1142691999994,26.109067600000344],[-80.11418369999956,26.10903789999975],[-80.1143161,26.108779199999844]]},"properties":{"k":"b","n":null,"c":"fixed bridge","v":null,"cc":null,"co":null}},{"type":"Feature","geometry":{"type":"LineString","coordinates":[[-80.11533939999936,26.105539399999543],[-80.11533100000088,26.105247900000904],[-80.11542069999996,26.105246799999804],[-80.1154232000008,26.105527800000345],[-80.11533939999936,26.105539399999543]]},"properties":{"k":"b","n":null,"c":"fixed bridge","v":null,"cc":null,"co":null}},{"type":"Feature","geometry":{"type":"LineString","coordinates":[[-80.11562240000057,26.123900500000673],[-80.11562980000053,26.12417699999969],[-80.11551999999938,26.124178399999437],[-80.11551630000031,26.123902100000123],[-80.11562240000057,26.123900500000673]]},"properties":{"k":"b","n":null,"c":"fixed bridge","v":null,"cc":null,"co":null}},{"type":"Feature","geometry":{"type":"LineString","coordinates":[[-80.1192960999997,26.120233199999348],[-80.1193015000008,26.120468099999925],[-80.11918879999939,26.120464899999206],[-80.11917940000058,26.120214399999895],[-80.1192960999997,26.120233199999348]]},"properties":{"k":"b","n":null,"c":"fixed bridge","v":null,"cc":null,"co":null}},{"type":"Feature","geometry":{"type":"LineString","coordinates":[[-80.13101190000089,26.15268079999987],[-80.13102219999928,26.153131799999755],[-80.13092230000075,26.153122100000473],[-80.13091480000003,26.15270530000089],[-80.13101190000089,26.15268079999987]]},"properties":{"k":"b","n":null,"c":"fixed bridge","v":null,"cc":null,"co":null}},{"type":"Feature","geometry":{"type":"LineString","coordinates":[[-80.13266450000083,26.153571999999258],[-80.13274160000037,26.153759900000296],[-80.13263589999951,26.153787799999918],[-80.1325639000006,26.15361699999994],[-80.13266450000083,26.153571999999258]]},"properties":{"k":"b","n":null,"c":"fixed bridge","v":null,"cc":null,"co":null}},{"type":"Feature","geometry":{"type":"LineString","coordinates":[[-80.12188419999984,26.12006250000013],[-80.12193259999913,26.120331199999782],[-80.12183069999992,26.120349000000715],[-80.12177180000072,26.120080999999118],[-80.12188419999984,26.12006250000013]]},"properties":{"k":"b","n":null,"c":"fixed bridge","v":null,"cc":null,"co":null}},{"type":"Feature","geometry":{"type":"LineString","coordinates":[[-80.12436549999984,26.123591999999917],[-80.12422270000025,26.123597800000425],[-80.1242113999997,26.123510800000076],[-80.12435039999946,26.123509099999865],[-80.12436549999984,26.123591999999917]]},"properties":{"k":"b","n":null,"c":"fixed bridge","v":null,"cc":null,"co":null}},{"type":"Feature","geometry":{"type":"LineString","coordinates":[[-80.1520758000006,26.112753999999768],[-80.15206240000043,26.112815300000875],[-80.15196450000076,26.112816900000325],[-80.15197819999958,26.11275740000019],[-80.1520758000006,26.112753999999768]]},"properties":{"k":"b","n":null,"c":"fixed bridge","v":null,"cc":null,"co":null}},{"type":"Feature","geometry":{"type":"LineString","coordinates":[[-80.11798079999971,26.159712799999397],[-80.11798119999912,26.159899199999927],[-80.11773240000002,26.159906200000478],[-80.11769900000036,26.159717900000032],[-80.11798079999971,26.159712799999397]]},"properties":{"k":"b","n":null,"c":"fixed bridge","v":null,"cc":null,"co":null}},{"type":"Feature","geometry":{"type":"LineString","coordinates":[[-80.10985400000027,26.12598959999923],[-80.10995879999973,26.12601039999936],[-80.10989820000032,26.12627109999994],[-80.1097903000009,26.126249900000403],[-80.10985400000027,26.12598959999923]]},"properties":{"k":"b","n":null,"c":"fixed bridge","v":null,"cc":null,"co":null}},{"type":"Feature","geometry":{"type":"LineString","coordinates":[[-80.11556510000082,26.120600599999307],[-80.11556759999985,26.12090790000002],[-80.11546149999958,26.120900800000527],[-80.1154561000003,26.120607900000323],[-80.11556510000082,26.120600599999307]]},"properties":{"k":"b","n":null,"c":"fixed bridge","v":null,"cc":null,"co":null}},{"type":"Feature","geometry":{"type":"LineString","coordinates":[[-80.13118249999934,26.162688200000048],[-80.13128399999914,26.162792600000103],[-80.13129420000041,26.163161099999343],[-80.13119349999943,26.163119999999253],[-80.13118249999934,26.162688200000048]]},"properties":{"k":"b","n":null,"c":"fixed bridge","v":null,"cc":null,"co":null}},{"type":"Feature","geometry":{"type":"LineString","coordinates":[[-80.12494809999953,26.11944890000086],[-80.12495680000029,26.119505000000572],[-80.1247213000006,26.11950760000036],[-80.12472619999971,26.119346100000257],[-80.1249630000002,26.119339700000637],[-80.12494809999953,26.11944890000086]]},"properties":{"k":"b","n":null,"c":"fixed bridge","v":null,"cc":null,"co":null}},{"type":"Feature","geometry":{"type":"LineString","coordinates":[[-80.12786659999983,26.10604710000007],[-80.12788630000068,26.106409500000154],[-80.12779319999936,26.10642580000058],[-80.12778040000012,26.10603160000028],[-80.12786659999983,26.10604710000007]]},"properties":{"k":"b","n":null,"c":"fixed bridge","v":null,"cc":null,"co":null}},{"type":"Feature","geometry":{"type":"LineString","coordinates":[[-80.13387449999937,26.109460600000602],[-80.13387610000063,26.109594899999138],[-80.1337696999999,26.109628399999565],[-80.13376699999935,26.109476600000562],[-80.13387449999937,26.109460600000602]]},"properties":{"k":"b","n":null,"c":"fixed bridge","v":null,"cc":null,"co":null}},{"type":"Feature","geometry":{"type":"LineString","coordinates":[[-80.11271669999951,26.117028599999685],[-80.11271940000006,26.11710309999944],[-80.11264239999946,26.117104599999948],[-80.11264130000018,26.11700960000053],[-80.11271669999951,26.117028599999685]]},"properties":{"k":"b","n":null,"c":"fixed bridge","v":null,"cc":null,"co":null}},{"type":"Feature","geometry":{"type":"LineString","coordinates":[[-80.11327859999983,26.105277200000273],[-80.11336710000069,26.1052796999993],[-80.11330269999962,26.105600999999297],[-80.11320499999965,26.105570399999124],[-80.11327859999983,26.105277200000273]]},"properties":{"k":"b","n":null,"c":"fixed bridge","v":null,"cc":null,"co":null}},{"type":"Feature","geometry":{"type":"LineString","coordinates":[[-80.11549360000026,26.122775300000285],[-80.11560049999935,26.122778900000412],[-80.11560629999985,26.12303670000074],[-80.11549750000086,26.123038199999428],[-80.11549360000026,26.122775300000285]]},"properties":{"k":"b","n":null,"c":"fixed bridge","v":null,"cc":null,"co":null}},{"type":"Feature","geometry":{"type":"LineString","coordinates":[[-80.13165819999995,26.16295480000008],[-80.1318181000006,26.162971199999447],[-80.13178920000064,26.16321439999956],[-80.13162569999986,26.16319680000015],[-80.13165819999995,26.16295480000008]]},"properties":{"k":"b","n":null,"c":"fixed bridge","v":null,"cc":null,"co":null}},{"type":"Feature","geometry":{"type":"LineString","coordinates":[[-80.13524049999978,26.15365109999948],[-80.13530510000055,26.153691899999103],[-80.13527839999915,26.15372969999953],[-80.1352136000005,26.153689000000668],[-80.13524049999978,26.15365109999948]]},"properties":{"k":"b","n":null,"c":"fixed bridge","v":null,"cc":null,"co":null}},{"type":"Feature","geometry":{"type":"LineString","coordinates":[[-80.13836210000045,26.163626999999906],[-80.13836599999922,26.163904499999262],[-80.13823330000014,26.1639897999994],[-80.1382205000009,26.163743900000554],[-80.13836210000045,26.163626999999906]]},"properties":{"k":"b","n":null,"c":"fixed bridge","v":null,"cc":null,"co":null}},{"type":"Feature","geometry":{"type":"LineString","coordinates":[[-80.12173930000063,26.1193547999992],[-80.12174149999919,26.119466800000737],[-80.12167079999927,26.119479000000865],[-80.12166930000058,26.119348099999115],[-80.12173930000063,26.1193547999992]]},"properties":{"k":"b","n":null,"c":"fixed bridge","v":null,"cc":null,"co":null}},{"type":"Feature","geometry":{"type":"LineString","coordinates":[[-80.1402679999992,26.11023550000027],[-80.14027200000055,26.110336600000664],[-80.14005569999972,26.110408099999404],[-80.14005370000086,26.110290000000532],[-80.1402679999992,26.11023550000027]]},"properties":{"k":"b","n":null,"c":"fixed bridge","v":null,"cc":null,"co":null}},{"type":"Feature","geometry":{"type":"LineString","coordinates":[[-80.15594740000051,26.11554140000044],[-80.15603050000027,26.115998999999647],[-80.15594729999975,26.11603490000016],[-80.15586710000025,26.11559540000053],[-80.15594740000051,26.11554140000044]]},"properties":{"k":"b","n":"South West 11 th Avenue","c":"swing bridge","v":null,"cc":null,"co":null}},{"type":"Feature","geometry":{"type":"LineString","coordinates":[[-80.1127875000002,26.106541299999662],[-80.11285569999927,26.106580300000132],[-80.11268120000022,26.106833399999232],[-80.11258970000017,26.106811699999525],[-80.1127875000002,26.106541299999662]]},"properties":{"k":"b","n":null,"c":"fixed bridge","v":null,"cc":null,"co":null}},{"type":"Feature","geometry":{"type":"LineString","coordinates":[[-80.1155834000001,26.12167579999914],[-80.11558669999977,26.121977799999513],[-80.1154807999992,26.121978900000613],[-80.11547620000056,26.121696000000156],[-80.1155834000001,26.12167579999914]]},"properties":{"k":"b","n":null,"c":"fixed bridge","v":null,"cc":null,"co":null}},{"type":"Feature","geometry":{"type":"LineString","coordinates":[[-80.12628679999943,26.16372330000013],[-80.12639230000059,26.163786799999798],[-80.12629519999973,26.164001999999527],[-80.12613509999937,26.164026500000546],[-80.12628679999943,26.16372330000013]]},"properties":{"k":"b","n":null,"c":"fixed bridge","v":null,"cc":null,"co":null}},{"type":"Feature","geometry":{"type":"LineString","coordinates":[[-80.14509290000024,26.107914599999276],[-80.14509709999948,26.108020300000135],[-80.14498979999917,26.108028700000432],[-80.14498640000056,26.10791690000042],[-80.14509290000024,26.107914599999276]]},"properties":{"k":"b","n":null,"c":"fixed bridge","v":null,"cc":null,"co":null}},{"type":"Feature","geometry":{"type":"LineString","coordinates":[[-80.76246689999999,28.467918999999995],[-80.76249059999998,28.468256999999994]]},"properties":{"k":"b","n":null,"c":"fixed bridge","v":null,"cc":null,"co":null}},{"type":"Feature","geometry":{"type":"LineString","coordinates":[[-81.0211817,29.219059300000026],[-81.02168280000001,29.21896620000001]]},"properties":{"k":"b","n":null,"c":"fixed bridge","v":null,"cc":null,"co":null}},{"type":"Feature","geometry":{"type":"LineString","coordinates":[[-81.01875949999999,29.212146700000005],[-81.01768570000002,29.212264300000015]]},"properties":{"k":"b","n":null,"c":"footbridge","v":null,"cc":null,"co":null}},{"type":"Feature","geometry":{"type":"LineString","coordinates":[[-81.00818900000002,29.189031699999987],[-81.00808080000002,29.188993299999993]]},"properties":{"k":"b","n":null,"c":"footbridge","v":null,"cc":null,"co":null}},{"type":"Feature","geometry":{"type":"LineString","coordinates":[[-81.13749810000002,29.43916619999999],[-81.13741770000001,29.439019299999984]]},"properties":{"k":"b","n":null,"c":"footbridge","v":null,"cc":null,"co":null}},{"type":"Feature","geometry":{"type":"LineString","coordinates":[[-81.1029633,29.407012099999974],[-81.1031534,29.40709190000001]]},"properties":{"k":"b","n":null,"c":"fixed bridge","v":null,"cc":null,"co":null}},{"type":"Feature","geometry":{"type":"LineString","coordinates":[[-81.22252800000001,29.613138300000003],[-81.22257309999998,29.612971300000027]]},"properties":{"k":"b","n":null,"c":"footbridge","v":null,"cc":null,"co":null}},{"type":"Feature","geometry":{"type":"LineString","coordinates":[[-81.32281490000003,29.893175299999996],[-81.32337310000003,29.892809100000022]]},"properties":{"k":"b","n":null,"c":"fixed bridge","v":null,"cc":null,"co":null}},{"type":"Feature","geometry":{"type":"LineString","coordinates":[[-81.41857870000001,30.290335200000015],[-81.41840359999998,30.290337799999975]]},"properties":{"k":"b","n":null,"c":"fixed bridge","v":null,"cc":null,"co":null}},{"type":"Feature","geometry":{"type":"LineString","coordinates":[[-81.41686909999999,30.309384000000023],[-81.41683410000002,30.30914200000001]]},"properties":{"k":"b","n":null,"c":"fixed bridge","v":null,"cc":null,"co":null}},{"type":"Feature","geometry":{"type":"LineString","coordinates":[[-81.43073700000002,30.338242100000002],[-81.43092089999999,30.338263700000027]]},"properties":{"k":"b","n":null,"c":"fixed bridge","v":null,"cc":null,"co":null}},{"type":"Feature","geometry":{"type":"LineString","coordinates":[[-80.5914785,28.59114249999999],[-80.59152340000003,28.59029559999999]]},"properties":{"k":"b","n":null,"c":"fixed bridge","v":null,"cc":null,"co":null}},{"type":"Feature","geometry":{"type":"LineString","coordinates":[[-80.0691387,26.420314599999983],[-80.069142,26.420866199999978]]},"properties":{"k":"b","n":null,"c":"fixed bridge","v":null,"cc":null,"co":null}},{"type":"Feature","geometry":{"type":"LineString","coordinates":[[-80.04705050000001,26.539308699999992],[-80.0472057,26.539287300000012]]},"properties":{"k":"b","n":null,"c":"fixed bridge","v":null,"cc":null,"co":null}},{"type":"Feature","geometry":{"type":"LineString","coordinates":[[-80.0416487,26.694378599999993],[-80.0416616,26.69410690000001]]},"properties":{"k":"b","n":null,"c":"fixed bridge","v":null,"cc":null,"co":null}},{"type":"Feature","geometry":{"type":"LineString","coordinates":[[-80.0874116,26.910305400000027],[-80.08730780000002,26.910718499999973]]},"properties":{"k":"b","n":null,"c":"footbridge","v":null,"cc":null,"co":null}},{"type":"Feature","geometry":{"type":"LineString","coordinates":[[-80.08405269999997,26.92213240000001],[-80.08387370000003,26.92205469999999]]},"properties":{"k":"b","n":null,"c":"footbridge","v":null,"cc":null,"co":null}},{"type":"Feature","geometry":{"type":"LineString","coordinates":[[-80.0872185,26.907746599999996],[-80.08688160000003,26.90798189999998]]},"properties":{"k":"b","n":null,"c":"footbridge","v":null,"cc":null,"co":null}},{"type":"Feature","geometry":{"type":"LineString","coordinates":[[-80.0841858,26.921907900000008],[-80.08400849999998,26.921832100000017]]},"properties":{"k":"b","n":null,"c":"fixed bridge","v":null,"cc":null,"co":null}},{"type":"Feature","geometry":{"type":"LineString","coordinates":[[-80.08177369999999,26.919179799999995],[-80.08153040000002,26.91941029999998]]},"properties":{"k":"b","n":null,"c":"footbridge","v":null,"cc":null,"co":null}},{"type":"Feature","geometry":{"type":"LineString","coordinates":[[-80.08049879999999,26.905580900000018],[-80.08073480000002,26.905877799999985]]},"properties":{"k":"b","n":null,"c":"fixed bridge","v":null,"cc":null,"co":null}},{"type":"Feature","geometry":{"type":"LineString","coordinates":[[-80.08251610000002,26.92322469999999],[-80.08230789999999,26.92349250000001]]},"properties":{"k":"b","n":null,"c":"footbridge","v":null,"cc":null,"co":null}},{"type":"Feature","geometry":{"type":"LineString","coordinates":[[-80.1150399,26.985324900000023],[-80.11470539999999,26.985259799999994]]},"properties":{"k":"b","n":null,"c":"footbridge","v":null,"cc":null,"co":null}},{"type":"Feature","geometry":{"type":"LineString","coordinates":[[-80.07425690000002,26.943556899999976],[-80.07446220000003,26.943553399999985]]},"properties":{"k":"b","n":null,"c":"footbridge","v":null,"cc":null,"co":null}},{"type":"Feature","geometry":{"type":"LineString","coordinates":[[-80.08381429999997,26.9269726],[-80.08381350000002,26.92708879999998]]},"properties":{"k":"b","n":null,"c":"fixed bridge","v":null,"cc":null,"co":null}},{"type":"Feature","geometry":{"type":"LineString","coordinates":[[-80.20826599999998,27.171446000000003],[-80.208306,27.171153100000026]]},"properties":{"k":"b","n":null,"c":"fixed bridge","v":null,"cc":null,"co":null}},{"type":"Feature","geometry":{"type":"LineString","coordinates":[[-80.18933600000003,27.188049999999976],[-80.188288,27.187461999999982],[-80.18846100000002,27.188071999999977]]},"properties":{"k":"b","n":null,"c":"fixed bridge","v":null,"cc":null,"co":null}},{"type":"Feature","geometry":{"type":"LineString","coordinates":[[-80.20347600000002,27.169714],[-80.203328,27.16961500000002]]},"properties":{"k":"b","n":null,"c":"fixed bridge","v":null,"cc":null,"co":null}},{"type":"Feature","geometry":{"type":"LineString","coordinates":[[-80.200196,27.154319999999984],[-80.2002,27.15386799999999]]},"properties":{"k":"b","n":null,"c":"fixed bridge","v":null,"cc":null,"co":null}},{"type":"Feature","geometry":{"type":"LineString","coordinates":[[-80.162939,27.17136099999999],[-80.16263099999998,27.171088999999995]]},"properties":{"k":"b","n":null,"c":"fixed bridge","v":null,"cc":null,"co":null}},{"type":"Feature","geometry":{"type":"LineString","coordinates":[[-80.225142,27.28429699999998],[-80.22493200000002,27.284363999999982]]},"properties":{"k":"b","n":null,"c":"fixed bridge","v":null,"cc":null,"co":null}},{"type":"Feature","geometry":{"type":"LineString","coordinates":[[-80.22593499999999,27.286516000000006],[-80.22568899999999,27.286585000000002]]},"properties":{"k":"b","n":null,"c":"fixed bridge","v":null,"cc":null,"co":null}},{"type":"Feature","geometry":{"type":"LineString","coordinates":[[-80.24853000000002,27.347252000000026],[-80.24758500000002,27.34763700000002]]},"properties":{"k":"b","n":null,"c":"fixed bridge","v":null,"cc":null,"co":null}},{"type":"Feature","geometry":{"type":"LineString","coordinates":[[-80.24592000000001,27.354644000000008],[-80.24588699999998,27.35449]]},"properties":{"k":"b","n":null,"c":"fixed bridge","v":null,"cc":null,"co":null}},{"type":"Feature","geometry":{"type":"LineString","coordinates":[[-80.24909300000002,27.348338000000012],[-80.24925300000001,27.347857999999974]]},"properties":{"k":"b","n":null,"c":"fixed bridge","v":null,"cc":null,"co":null}},{"type":"Feature","geometry":{"type":"LineString","coordinates":[[-80.32505980000002,27.450693699999988],[-80.32510150000002,27.45077170000002]]},"properties":{"k":"b","n":null,"c":"footbridge","v":null,"cc":null,"co":null}},{"type":"Feature","geometry":{"type":"LineString","coordinates":[[-80.32458179999998,27.450878699999976],[-80.32462609999999,27.450958300000025]]},"properties":{"k":"b","n":null,"c":"footbridge","v":null,"cc":null,"co":null}},{"type":"Feature","geometry":{"type":"LineString","coordinates":[[-80.30940659999999,27.501582499999984],[-80.30854849999997,27.501586099999997]]},"properties":{"k":"b","n":null,"c":"fixed bridge","v":null,"cc":null,"co":null}},{"type":"Feature","geometry":{"type":"LineString","coordinates":[[-80.3241739,27.451019900000006],[-80.32422580000002,27.451092200000005]]},"properties":{"k":"b","n":null,"c":"footbridge","v":null,"cc":null,"co":null}},{"type":"Feature","geometry":{"type":"LineString","coordinates":[[-80.3235004,27.45133629999998],[-80.32354529999998,27.451433800000018]]},"properties":{"k":"b","n":null,"c":"footbridge","v":null,"cc":null,"co":null}},{"type":"Feature","geometry":{"type":"LineString","coordinates":[[-80.36296700000003,27.665536999999972],[-80.36319700000001,27.665401999999972]]},"properties":{"k":"b","n":null,"c":"fixed bridge","v":null,"cc":null,"co":null}},{"type":"Feature","geometry":{"type":"LineString","coordinates":[[-80.363136,27.66522200000003],[-80.36289699999998,27.665314000000023]]},"properties":{"k":"b","n":null,"c":"fixed bridge","v":null,"cc":null,"co":null}},{"type":"Feature","geometry":{"type":"LineString","coordinates":[[-80.37589000000003,27.686405999999977],[-80.37626,27.6866]]},"properties":{"k":"b","n":null,"c":"fixed bridge","v":null,"cc":null,"co":null}},{"type":"Feature","geometry":{"type":"LineString","coordinates":[[-80.44285200000002,27.806844000000012],[-80.44190300000002,27.806464000000005]]},"properties":{"k":"b","n":null,"c":"fixed bridge","v":null,"cc":null,"co":null}},{"type":"Feature","geometry":{"type":"LineString","coordinates":[[-80.43744700000002,27.810838999999987],[-80.437772,27.810554000000025]]},"properties":{"k":"b","n":null,"c":"fixed bridge","v":null,"cc":null,"co":null}},{"type":"Feature","geometry":{"type":"LineString","coordinates":[[-80.437768,27.81550299999998],[-80.43778400000002,27.815107899999987]]},"properties":{"k":"b","n":null,"c":"fixed bridge","v":null,"cc":null,"co":null}},{"type":"Feature","geometry":{"type":"LineString","coordinates":[[-80.443646,27.807203000000015],[-80.44338299999998,27.807097]]},"properties":{"k":"b","n":null,"c":"fixed bridge","v":null,"cc":null,"co":null}},{"type":"Feature","geometry":{"type":"LineString","coordinates":[[-80.47165000000001,27.87325900000002],[-80.47119300000003,27.87327399999998]]},"properties":{"k":"b","n":null,"c":"fixed bridge","v":null,"cc":null,"co":null}},{"type":"Feature","geometry":{"type":"LineString","coordinates":[[-80.61460929999998,28.200593000000026],[-80.61486400000001,28.200713000000007]]},"properties":{"k":"b","n":null,"c":"fixed bridge","v":null,"cc":null,"co":null}},{"type":"Feature","geometry":{"type":"LineString","coordinates":[[-80.044509,26.77194800000001],[-80.04432400000002,26.772005799999988]]},"properties":{"k":"b","n":null,"c":"footbridge","v":null,"cc":null,"co":null}},{"type":"Feature","geometry":{"type":"LineString","coordinates":[[-80.04513650000001,26.771720300000027],[-80.04526120000003,26.771662300000003]]},"properties":{"k":"b","n":null,"c":"footbridge","v":null,"cc":null,"co":null}},{"type":"Feature","geometry":{"type":"LineString","coordinates":[[-80.04430380000002,26.77152480000001],[-80.0446518,26.771462900000017],[-80.04490600000003,26.771143100000018],[-80.04518050000001,26.771131200000013]]},"properties":{"k":"b","n":null,"c":"footbridge","v":null,"cc":null,"co":null}},{"type":"Feature","geometry":{"type":"LineString","coordinates":[[-80.0427234,26.8251894],[-80.04156619999998,26.82446870000001],[-80.04144230000003,26.82423460000001],[-80.04027400000001,26.823533499999996],[-80.04012870000003,26.82329040000002],[-80.03908860000001,26.822638700000027]]},"properties":{"k":"b","n":null,"c":"fixed bridge","v":null,"cc":null,"co":null}},{"type":"Feature","geometry":{"type":"LineString","coordinates":[[-80.04687940000002,26.775329499999998],[-80.0470067,26.775411200000008],[-80.04700639999999,26.775592800000027],[-80.0471389,26.775715100000014]]},"properties":{"k":"b","n":null,"c":"footbridge","v":null,"cc":null,"co":null}},{"type":"Feature","geometry":{"type":"LineString","coordinates":[[-80.69356820000002,28.368847800000026],[-80.69313690000001,28.368842400000005]]},"properties":{"k":"b","n":null,"c":"fixed bridge","v":null,"cc":null,"co":null}},{"type":"Feature","geometry":{"type":"LineString","coordinates":[[-81.3838829,25.85183380000001],[-81.38363989999999,25.851821599999994]]},"properties":{"k":"b","n":null,"c":"fixed bridge","v":null,"cc":null,"co":null}},{"type":"Feature","geometry":{"type":"LineString","coordinates":[[-81.56635299999999,24.646517200000005],[-81.56610289999998,24.646594100000016]]},"properties":{"k":"b","n":null,"c":"footbridge","v":null,"cc":null,"co":null}},{"type":"Feature","geometry":{"type":"LineString","coordinates":[[-81.54820940000002,24.635138799999993],[-81.54826500000001,24.6351947]]},"properties":{"k":"b","n":null,"c":"footbridge","v":null,"cc":null,"co":null}},{"type":"Feature","geometry":{"type":"LineString","coordinates":[[-81.55545649999999,24.63832739999998],[-81.5553026,24.638172300000008]]},"properties":{"k":"b","n":null,"c":"fixed bridge","v":null,"cc":null,"co":null}},{"type":"Feature","geometry":{"type":"LineString","coordinates":[[-81.57069130000002,24.603581399999996],[-81.5711455,24.603383599999972]]},"properties":{"k":"b","n":null,"c":"fixed bridge","v":null,"cc":null,"co":null}},{"type":"Feature","geometry":{"type":"LineString","coordinates":[[-81.56761799999998,24.645953099999986],[-81.5674793,24.645985300000007]]},"properties":{"k":"b","n":null,"c":"footbridge","v":null,"cc":null,"co":null}},{"type":"Feature","geometry":{"type":"LineString","coordinates":[[-81.5641589,24.643672200000026],[-81.56419399999999,24.643476899999996]]},"properties":{"k":"b","n":null,"c":"fixed bridge","v":null,"cc":null,"co":null}},{"type":"Feature","geometry":{"type":"LineString","coordinates":[[-81.45116100000001,24.661361],[-81.45115700000002,24.661152000000016]]},"properties":{"k":"b","n":null,"c":"fixed bridge","v":null,"cc":null,"co":null}},{"type":"Feature","geometry":{"type":"LineString","coordinates":[[-81.44549599999999,24.653081999999984],[-81.44527099999999,24.653147999999987]]},"properties":{"k":"b","n":null,"c":"fixed bridge","v":null,"cc":null,"co":null}},{"type":"Feature","geometry":{"type":"LineString","coordinates":[[-81.44361099999998,24.659177],[-81.44361500000002,24.659044999999992]]},"properties":{"k":"b","n":null,"c":"fixed bridge","v":null,"cc":null,"co":null}},{"type":"Feature","geometry":{"type":"LineString","coordinates":[[-81.44298099999997,24.653838000000007],[-81.44276400000001,24.65390400000001]]},"properties":{"k":"b","n":null,"c":"fixed bridge","v":null,"cc":null,"co":null}},{"type":"Feature","geometry":{"type":"LineString","coordinates":[[-81.44377600000001,24.653598999999986],[-81.443623,24.653643999999986]]},"properties":{"k":"b","n":null,"c":"fixed bridge","v":null,"cc":null,"co":null}},{"type":"Feature","geometry":{"type":"LineString","coordinates":[[-81.44460400000003,24.65334999999999],[-81.44446299999998,24.65339]]},"properties":{"k":"b","n":null,"c":"fixed bridge","v":null,"cc":null,"co":null}},{"type":"Feature","geometry":{"type":"LineString","coordinates":[[-81.27847300000002,24.657692999999995],[-81.278393,24.657872999999995]]},"properties":{"k":"b","n":null,"c":"fixed bridge","v":null,"cc":null,"co":null}},{"type":"Feature","geometry":{"type":"LineString","coordinates":[[-81.26850999999999,24.661519],[-81.26835920000002,24.661437499999977]]},"properties":{"k":"b","n":null,"c":"fixed bridge","v":null,"cc":null,"co":null}},{"type":"Feature","geometry":{"type":"LineString","coordinates":[[-81.418429,24.690322999999978],[-81.415436,24.69034499999998]]},"properties":{"k":"b","n":null,"c":"fixed bridge","v":null,"cc":null,"co":null}},{"type":"Feature","geometry":{"type":"LineString","coordinates":[[-81.09619800000002,24.70815700000003],[-81.09615400000001,24.708079999999995]]},"properties":{"k":"b","n":null,"c":"fixed bridge","v":null,"cc":null,"co":null}},{"type":"Feature","geometry":{"type":"LineString","coordinates":[[-81.10670499999998,24.71096],[-81.106717,24.711658]]},"properties":{"k":"b","n":null,"c":"fixed bridge","v":null,"cc":null,"co":null}},{"type":"Feature","geometry":{"type":"LineString","coordinates":[[-81.082517,24.704751999999985],[-81.08243299999998,24.70504599999998]]},"properties":{"k":"b","n":null,"c":"fixed bridge","v":null,"cc":null,"co":null}},{"type":"Feature","geometry":{"type":"LineString","coordinates":[[-80.82195999999999,24.813425999999993],[-80.82198799999998,24.813756000000012]]},"properties":{"k":"b","n":null,"c":"footbridge","v":null,"cc":null,"co":null}},{"type":"Feature","geometry":{"type":"LineString","coordinates":[[-80.82108299999999,24.812985000000026],[-80.820878,24.813003999999978]]},"properties":{"k":"b","n":null,"c":"footbridge","v":null,"cc":null,"co":null}},{"type":"Feature","geometry":{"type":"LineString","coordinates":[[-80.54435160000003,24.994458800000018],[-80.5443419,24.994595500000003]]},"properties":{"k":"b","n":null,"c":"fixed bridge","v":null,"cc":null,"co":null}},{"type":"Feature","geometry":{"type":"LineString","coordinates":[[-80.4421903,25.08386680000001],[-80.4421898,25.083997099999976]]},"properties":{"k":"b","n":null,"c":"footbridge","v":null,"cc":null,"co":null}},{"type":"Feature","geometry":{"type":"LineString","coordinates":[[-80.44171879999999,25.08397500000001],[-80.44171970000002,25.08389010000002]]},"properties":{"k":"b","n":null,"c":"footbridge","v":null,"cc":null,"co":null}},{"type":"Feature","geometry":{"type":"LineString","coordinates":[[-80.4004526,25.141845400000022],[-80.40038620000001,25.14189429999999]]},"properties":{"k":"b","n":null,"c":"footbridge","v":null,"cc":null,"co":null}},{"type":"Feature","geometry":{"type":"LineString","coordinates":[[-80.38557400000002,25.296929999999975],[-80.38104800000002,25.292471999999975],[-80.380112,25.292067999999972]]},"properties":{"k":"b","n":null,"c":"fixed bridge","v":null,"cc":null,"co":null}},{"type":"Feature","geometry":{"type":"LineString","coordinates":[[-80.38595299999997,25.298302999999976],[-80.38648599999999,25.300217999999973],[-80.38829399999997,25.303169000000025]]},"properties":{"k":"b","n":null,"c":"fixed bridge","v":null,"cc":null,"co":null}},{"type":"Feature","geometry":{"type":"LineString","coordinates":[[-80.35891099999998,25.28403800000001],[-80.35618599999998,25.283319000000006]]},"properties":{"k":"b","n":null,"c":"fixed bridge","v":null,"cc":null,"co":null}},{"type":"Feature","geometry":{"type":"LineString","coordinates":[[-80.26199129999998,25.346660600000007],[-80.2616764,25.346593999999982]]},"properties":{"k":"b","n":null,"c":"fixed bridge","v":null,"cc":null,"co":null}},{"type":"Feature","geometry":{"type":"LineString","coordinates":[[-80.262518,25.327410999999984],[-80.262115,25.327510000000018]]},"properties":{"k":"b","n":null,"c":"fixed bridge","v":null,"cc":null,"co":null}},{"type":"Feature","geometry":{"type":"LineString","coordinates":[[-80.13180360000001,25.976210200000025],[-80.13174700000002,25.97621049999998]]},"properties":{"k":"b","n":null,"c":"fixed bridge","v":null,"cc":null,"co":null}},{"type":"Feature","geometry":{"type":"LineString","coordinates":[[-80.13181739999999,25.978854599999977],[-80.13175860000001,25.978855099999976]]},"properties":{"k":"b","n":null,"c":"fixed bridge","v":null,"cc":null,"co":null}},{"type":"Feature","geometry":{"type":"LineString","coordinates":[[-80.1258264,25.978811099999973],[-80.12576960000001,25.978802900000005]]},"properties":{"k":"b","n":null,"c":"fixed bridge","v":null,"cc":null,"co":null}},{"type":"Feature","geometry":{"type":"LineString","coordinates":[[-80.12715309999999,25.97895649999998],[-80.12709469999999,25.978951300000006]]},"properties":{"k":"b","n":null,"c":"fixed bridge","v":null,"cc":null,"co":null}},{"type":"Feature","geometry":{"type":"LineString","coordinates":[[-80.12449249999997,25.978665499999977],[-80.12443919999998,25.97865619999999]]},"properties":{"k":"b","n":null,"c":"fixed bridge","v":null,"cc":null,"co":null}},{"type":"Feature","geometry":{"type":"LineString","coordinates":[[-80.13177719999999,25.977528399999983],[-80.13172329999998,25.97752969999999]]},"properties":{"k":"b","n":null,"c":"fixed bridge","v":null,"cc":null,"co":null}},{"type":"Feature","geometry":{"type":"LineString","coordinates":[[-80.13185879999997,25.98017390000001],[-80.13180160000002,25.98017440000001]]},"properties":{"k":"b","n":null,"c":"fixed bridge","v":null,"cc":null,"co":null}},{"type":"Feature","geometry":{"type":"LineString","coordinates":[[-80.13140179999999,25.98141240000001],[-80.13136270000001,25.98137589999999]]},"properties":{"k":"b","n":null,"c":"fixed bridge","v":null,"cc":null,"co":null}},{"type":"Feature","geometry":{"type":"LineString","coordinates":[[-80.17930940000002,26.093417199999976],[-80.17915850000003,26.093446900000004]]},"properties":{"k":"b","n":null,"c":"fixed bridge","v":null,"cc":null,"co":null}},{"type":"Feature","geometry":{"type":"LineString","coordinates":[[-80.09989789999997,26.17911700000002],[-80.09954770000002,26.179114200000015]]},"properties":{"k":"b","n":null,"c":"fixed bridge","v":null,"cc":null,"co":null}},{"type":"Feature","geometry":{"type":"LineString","coordinates":[[-80.09926910000001,26.18081239999998],[-80.09893090000003,26.180819199999974]]},"properties":{"k":"b","n":null,"c":"fixed bridge","v":null,"cc":null,"co":null}},{"type":"Feature","geometry":{"type":"LineString","coordinates":[[-80.09890100000001,26.322709499999974],[-80.09863960000001,26.32299280000001]]},"properties":{"k":"b","n":null,"c":"fixed bridge","v":null,"cc":null,"co":null}},{"type":"Feature","geometry":{"type":"LineString","coordinates":[[-80.08554609999999,26.31876010000002],[-80.0857537,26.318913399999985]]},"properties":{"k":"b","n":null,"c":"footbridge","v":null,"cc":null,"co":null}},{"type":"Feature","geometry":{"type":"LineString","coordinates":[[-80.24816870000001,25.714467500000012],[-80.24816249999998,25.714401899999984],[-80.2482463,25.71439350000003]]},"properties":{"k":"b","n":null,"c":"footbridge","v":null,"cc":null,"co":null}},{"type":"Feature","geometry":{"type":"LineString","coordinates":[[-80.21319140000003,25.786125099999992],[-80.21309300000001,25.786184600000013]]},"properties":{"k":"b","n":null,"c":"fixed bridge","v":null,"cc":null,"co":null}},{"type":"Feature","geometry":{"type":"LineString","coordinates":[[-80.2103045,25.784097799999984],[-80.21015840000001,25.784104599999978]]},"properties":{"k":"b","n":null,"c":"fixed bridge","v":null,"cc":null,"co":null}},{"type":"Feature","geometry":{"type":"LineString","coordinates":[[-80.2073332,25.780490199999974],[-80.20714070000002,25.780499399999997]]},"properties":{"k":"b","n":null,"c":"fixed bridge","v":null,"cc":null,"co":null}},{"type":"Feature","geometry":{"type":"LineString","coordinates":[[-80.22441939999999,25.782218999999998],[-80.22430000000003,25.782228499999974]]},"properties":{"k":"b","n":null,"c":"fixed bridge","v":null,"cc":null,"co":null}},{"type":"Feature","geometry":{"type":"LineString","coordinates":[[-80.23128079999998,25.784639400000003],[-80.23129390000003,25.784928700000023]]},"properties":{"k":"b","n":null,"c":"fixed bridge","v":null,"cc":null,"co":null}},{"type":"Feature","geometry":{"type":"LineString","coordinates":[[-80.21337519999997,25.786313000000007],[-80.21326929999998,25.78635270000001]]},"properties":{"k":"b","n":null,"c":"fixed bridge","v":null,"cc":null,"co":null}},{"type":"Feature","geometry":{"type":"LineString","coordinates":[[-80.22360659999998,25.783646799999985],[-80.22350080000001,25.78364049999999]]},"properties":{"k":"b","n":null,"c":"fixed bridge","v":null,"cc":null,"co":null}},{"type":"Feature","geometry":{"type":"LineString","coordinates":[[-80.2372004,25.784738199999993],[-80.23712619999998,25.784720300000004]]},"properties":{"k":"b","n":null,"c":"fixed bridge","v":null,"cc":null,"co":null}},{"type":"Feature","geometry":{"type":"LineString","coordinates":[[-80.24009799999999,25.783368199999984],[-80.24010700000002,25.783540500000015]]},"properties":{"k":"b","n":null,"c":"fixed bridge","v":null,"cc":null,"co":null}},{"type":"Feature","geometry":{"type":"LineString","coordinates":[[-80.22429740000001,25.78283379999999],[-80.22418470000002,25.78283190000002]]},"properties":{"k":"b","n":null,"c":"fixed bridge","v":null,"cc":null,"co":null}},{"type":"Feature","geometry":{"type":"LineString","coordinates":[[-80.2357821,25.79097839999997],[-80.23563109999998,25.79098859999999]]},"properties":{"k":"b","n":null,"c":"fixed bridge","v":null,"cc":null,"co":null}},{"type":"Feature","geometry":{"type":"LineString","coordinates":[[-80.21058799999997,25.784314100000017],[-80.2103406,25.784276299999988]]},"properties":{"k":"b","n":null,"c":"fixed bridge","v":null,"cc":null,"co":null}},{"type":"Feature","geometry":{"type":"LineString","coordinates":[[-80.12859830000002,25.799953800000026],[-80.12863240000001,25.799803399999973]]},"properties":{"k":"b","n":null,"c":"footbridge","v":null,"cc":null,"co":null}},{"type":"Feature","geometry":{"type":"LineString","coordinates":[[-80.14029010000002,25.7561058],[-80.14035639999997,25.756154600000002]]},"properties":{"k":"b","n":null,"c":"footbridge","v":null,"cc":null,"co":null}},{"type":"Feature","geometry":{"type":"LineString","coordinates":[[-80.12745719999998,25.80025949999998],[-80.12774100000001,25.80035670000001]]},"properties":{"k":"b","n":null,"c":"footbridge","v":null,"cc":null,"co":null}},{"type":"Feature","geometry":{"type":"LineString","coordinates":[[-80.12467830000003,25.866055200000005],[-80.1251681,25.86638240000002]]},"properties":{"k":"b","n":null,"c":"footbridge","v":null,"cc":null,"co":null}},{"type":"Feature","geometry":{"type":"LineString","coordinates":[[-80.12738680000001,25.8464295],[-80.12743719999997,25.846686499999976]]},"properties":{"k":"b","n":null,"c":"fixed bridge","v":null,"cc":null,"co":null}},{"type":"Feature","geometry":{"type":"LineString","coordinates":[[-80.12650960000002,25.80515120000001],[-80.126893,25.805262900000002]]},"properties":{"k":"b","n":null,"c":"footbridge","v":null,"cc":null,"co":null}},{"type":"Feature","geometry":{"type":"LineString","coordinates":[[-80.15124479999997,25.939625200000023],[-80.15120389999998,25.939541899999995]]},"properties":{"k":"b","n":null,"c":"fixed bridge","v":null,"cc":null,"co":null}},{"type":"Feature","geometry":{"type":"LineString","coordinates":[[-80.14452449999999,25.94047660000001],[-80.14457700000003,25.940658999999982]]},"properties":{"k":"b","n":null,"c":"footbridge","v":null,"cc":null,"co":null}},{"type":"Feature","geometry":{"type":"LineString","coordinates":[[-80.15031169999997,25.9386614],[-80.1503333,25.938587600000005]]},"properties":{"k":"b","n":null,"c":"fixed bridge","v":null,"cc":null,"co":null}},{"type":"Feature","geometry":{"type":"LineString","coordinates":[[-80.1550679,25.94989129999999],[-80.15492760000001,25.949777200000028]]},"properties":{"k":"b","n":null,"c":"footbridge","v":null,"cc":null,"co":null}},{"type":"Feature","geometry":{"type":"LineString","coordinates":[[-80.16262139999998,25.898560400000008],[-80.16250209999998,25.898678399999994]]},"properties":{"k":"b","n":null,"c":"footbridge","v":null,"cc":null,"co":null}},{"type":"Feature","geometry":{"type":"LineString","coordinates":[[-80.11205369999999,26.066553199999987],[-80.11238859999997,26.066618500000004]]},"properties":{"k":"b","n":null,"c":"footbridge","v":null,"cc":null,"co":null}},{"type":"Feature","geometry":{"type":"LineString","coordinates":[[-80.1264473,26.084320600000012],[-80.12644499999999,26.084128299999975]]},"properties":{"k":"b","n":null,"c":"footbridge","v":null,"cc":null,"co":null}},{"type":"Feature","geometry":{"type":"LineString","coordinates":[[-80.15518639999999,26.059233800000015],[-80.15495240000001,26.05921760000001]]},"properties":{"k":"b","n":null,"c":"fixed bridge","v":null,"cc":null,"co":null}},{"type":"Feature","geometry":{"type":"LineString","coordinates":[[-80.11188149999998,26.06884819999999],[-80.11207460000003,26.068849699999987]]},"properties":{"k":"b","n":null,"c":"footbridge","v":null,"cc":null,"co":null}},{"type":"Feature","geometry":{"type":"LineString","coordinates":[[-80.11510729999998,26.044046400000013],[-80.11520109999998,26.044147500000008],[-80.1151683,26.044838700000014],[-80.1151102,26.044892000000004]]},"properties":{"k":"b","n":null,"c":"footbridge","v":null,"cc":null,"co":null}},{"type":"Feature","geometry":{"type":"LineString","coordinates":[[-80.1151858,26.042144399999984],[-80.11530160000001,26.04226799999998],[-80.11525039999998,26.043252900000027],[-80.11519329999999,26.043310899999994]]},"properties":{"k":"b","n":null,"c":"fixed bridge","v":null,"cc":null,"co":null}},{"type":"Feature","geometry":{"type":"LineString","coordinates":[[-80.1442025,26.059548600000028],[-80.14422139999999,26.059465699999976]]},"properties":{"k":"b","n":null,"c":"fixed bridge","v":null,"cc":null,"co":null}},{"type":"Feature","geometry":{"type":"LineString","coordinates":[[-80.11505890000001,26.04567750000001],[-80.11511050000001,26.045732699999974],[-80.11502109999998,26.047470299999986],[-80.11487620000003,26.04759230000002]]},"properties":{"k":"b","n":null,"c":"fixed bridge","v":null,"cc":null,"co":null}},{"type":"Feature","geometry":{"type":"LineString","coordinates":[[-80.1073978,26.104358699999977],[-80.10673889999998,26.1043775]]},"properties":{"k":"b","n":null,"c":"footbridge","v":null,"cc":null,"co":null}},{"type":"Feature","geometry":{"type":"LineString","coordinates":[[-80.10562809999999,26.135130600000025],[-80.10577610000001,26.135127399999988]]},"properties":{"k":"b","n":null,"c":"footbridge","v":null,"cc":null,"co":null}},{"type":"Feature","geometry":{"type":"LineString","coordinates":[[-81.5478139,30.415691700000025],[-81.54719720000003,30.415033300000005]]},"properties":{"k":"c","n":null,"c":"telephone","v":null,"cc":null,"co":null}},{"type":"Feature","geometry":{"type":"LineString","coordinates":[[-81.5478139,30.415691700000025],[-81.54719720000003,30.415033300000005]]},"properties":{"k":"c","n":null,"c":"power line","v":null,"cc":null,"co":null}},{"type":"Feature","geometry":{"type":"LineString","coordinates":[[-81.4254613,30.408005000000003],[-81.42454509999999,30.40863969999998]]},"properties":{"k":"c","n":null,"c":"telephone","v":null,"cc":null,"co":null}},{"type":"Feature","geometry":{"type":"LineString","coordinates":[[-80.80326400000001,28.617691999999977],[-80.80221599999999,28.618290000000002]]},"properties":{"k":"c","n":null,"c":"power line","v":null,"cc":null,"co":null}},{"type":"Feature","geometry":{"type":"LineString","coordinates":[[-80.9564848,29.07824770000002],[-80.95488289999997,29.078336400000012]]},"properties":{"k":"c","n":null,"c":" ","v":null,"cc":null,"co":null}},{"type":"Feature","geometry":{"type":"LineString","coordinates":[[-80.903708,29.029264399999988],[-80.90447749999998,29.028975600000024]]},"properties":{"k":"c","n":null,"c":"power line","v":null,"cc":null,"co":null}},{"type":"Feature","geometry":{"type":"LineString","coordinates":[[-80.92180880000001,29.028586500000017],[-80.9223619,29.028103299999998]]},"properties":{"k":"c","n":null,"c":"power line","v":null,"cc":null,"co":null}},{"type":"Feature","geometry":{"type":"LineString","coordinates":[[-80.91710970000003,29.032554000000005],[-80.9165413,29.032940600000018]]},"properties":{"k":"c","n":null,"c":"power line","v":null,"cc":null,"co":null}},{"type":"Feature","geometry":{"type":"LineString","coordinates":[[-80.9953438,29.161651300000017],[-80.99592860000001,29.161589900000024]]},"properties":{"k":"c","n":null,"c":"power line","v":null,"cc":null,"co":null}},{"type":"Feature","geometry":{"type":"LineString","coordinates":[[-81.016999,29.208779400000026],[-81.01647939999998,29.20900949999998]]},"properties":{"k":"c","n":null,"c":"power line","v":null,"cc":null,"co":null}},{"type":"Feature","geometry":{"type":"LineString","coordinates":[[-81.12277169999999,29.410757199999978],[-81.12561249999999,29.410020999999972]]},"properties":{"k":"c","n":null,"c":"power line","v":null,"cc":null,"co":null}},{"type":"Feature","geometry":{"type":"LineString","coordinates":[[-81.12271179999999,29.410587399999997],[-81.12546090000001,29.40987180000002]]},"properties":{"k":"c","n":null,"c":"power line","v":null,"cc":null,"co":null}},{"type":"Feature","geometry":{"type":"LineString","coordinates":[[-81.22908740000003,29.70758460000002],[-81.22796920000002,29.70345259999999]]},"properties":{"k":"c","n":null,"c":"power line","v":null,"cc":null,"co":null}},{"type":"Feature","geometry":{"type":"LineString","coordinates":[[-81.32040439999997,29.889140999999995],[-81.320698,29.890810499999986]]},"properties":{"k":"c","n":null,"c":"power line","v":null,"cc":null,"co":null}},{"type":"Feature","geometry":{"type":"LineString","coordinates":[[-81.322563,29.893811000000028],[-81.32435379999998,29.89252140000002]]},"properties":{"k":"c","n":null,"c":" ","v":null,"cc":null,"co":null}},{"type":"Feature","geometry":{"type":"LineString","coordinates":[[-81.32277570000002,29.893638399999986],[-81.32601030000001,29.89480309999999],[-81.32706380000002,29.8946727]]},"properties":{"k":"c","n":null,"c":"power line","v":null,"cc":null,"co":null}},{"type":"Feature","geometry":{"type":"LineString","coordinates":[[-81.42988589999999,30.2395674],[-81.43071950000001,30.239942199999973]]},"properties":{"k":"c","n":null,"c":"power line","v":null,"cc":null,"co":null}},{"type":"Feature","geometry":{"type":"LineString","coordinates":[[-81.43617799999998,30.236681999999973],[-81.43649390000002,30.238515800000016]]},"properties":{"k":"c","n":null,"c":"power line","v":null,"cc":null,"co":null}},{"type":"Feature","geometry":{"type":"LineString","coordinates":[[-81.46775050000002,30.358471399999985],[-81.465263,30.358334300000024]]},"properties":{"k":"c","n":null,"c":"power line","v":null,"cc":null,"co":null}},{"type":"Feature","geometry":{"type":"LineString","coordinates":[[-81.4619596,30.358350299999984],[-81.45762860000002,30.358790899999974]]},"properties":{"k":"c","n":null,"c":"power line","v":null,"cc":null,"co":null}},{"type":"Feature","geometry":{"type":"LineString","coordinates":[[-81.44263999999998,30.303409499999987],[-81.44106060000001,30.303538600000024]]},"properties":{"k":"c","n":null,"c":"power line","v":null,"cc":null,"co":null}},{"type":"Feature","geometry":{"type":"LineString","coordinates":[[-81.4166591,30.308445300000017],[-81.41707650000001,30.311596699999996]]},"properties":{"k":"c","n":null,"c":" ","v":null,"cc":null,"co":null}},{"type":"Feature","geometry":{"type":"LineString","coordinates":[[-81.4417919,30.303662499999973],[-81.44376840000001,30.303508899999997]]},"properties":{"k":"c","n":null,"c":"power line","v":null,"cc":null,"co":null}},{"type":"Feature","geometry":{"type":"LineString","coordinates":[[-81.43282369999997,30.371951500000023],[-81.43217670000001,30.371430900000007]]},"properties":{"k":"c","n":null,"c":"power line","v":null,"cc":null,"co":null}},{"type":"Feature","geometry":{"type":"LineString","coordinates":[[-81.43618409999999,30.396766200000002],[-81.43577520000002,30.397336199999984]]},"properties":{"k":"c","n":null,"c":"telephone","v":null,"cc":null,"co":null}},{"type":"Feature","geometry":{"type":"LineString","coordinates":[[-80.64409790000002,28.419009899999992],[-80.6315275,28.420842800000003],[-80.625,28.420866199999978]]},"properties":{"k":"c","n":null,"c":"power line","v":null,"cc":null,"co":null}},{"type":"Feature","geometry":{"type":"LineString","coordinates":[[-80.66213800000003,28.41625099999999],[-80.6444836,28.418958599999996]]},"properties":{"k":"c","n":null,"c":"power line","v":null,"cc":null,"co":null}},{"type":"Feature","geometry":{"type":"LineString","coordinates":[[-80.625,28.420866199999978],[-80.60354030000002,28.420927600000027]]},"properties":{"k":"c","n":null,"c":"power line","v":null,"cc":null,"co":null}},{"type":"Feature","geometry":{"type":"LineString","coordinates":[[-80.04050690000003,26.6392338],[-80.04095760000001,26.63916519999998]]},"properties":{"k":"c","n":null,"c":" ","v":null,"cc":null,"co":null}},{"type":"Feature","geometry":{"type":"LineString","coordinates":[[-80.06319730000001,26.865237999999977],[-80.0632546,26.86438450000003]]},"properties":{"k":"c","n":null,"c":"power line","v":null,"cc":null,"co":null}},{"type":"Feature","geometry":{"type":"LineString","coordinates":[[-80.09000479999997,26.912187899999992],[-80.0910475,26.912213199999997]]},"properties":{"k":"c","n":null,"c":"power line","v":null,"cc":null,"co":null}},{"type":"Feature","geometry":{"type":"LineString","coordinates":[[-80.11853430000002,26.941659800000025],[-80.11782069999998,26.94165909999998],[-80.11773399999998,26.94039520000001]]},"properties":{"k":"c","n":null,"c":"power line","v":null,"cc":null,"co":null}},{"type":"Feature","geometry":{"type":"LineString","coordinates":[[-80.1216743,26.942995999999994],[-80.12173439999998,26.944386800000018]]},"properties":{"k":"c","n":null,"c":"power line","v":null,"cc":null,"co":null}},{"type":"Feature","geometry":{"type":"LineString","coordinates":[[-80.11270180000002,26.934220100000005],[-80.11358919999998,26.93421410000002]]},"properties":{"k":"c","n":null,"c":"power line","v":null,"cc":null,"co":null}},{"type":"Feature","geometry":{"type":"LineString","coordinates":[[-80.141798,26.97862359999999],[-80.14124679999998,26.978515700000003]]},"properties":{"k":"c","n":null,"c":"power line","v":null,"cc":null,"co":null}},{"type":"Feature","geometry":{"type":"LineString","coordinates":[[-80.1150543,26.98540270000001],[-80.1143568,26.98496]]},"properties":{"k":"c","n":null,"c":"power line","v":null,"cc":null,"co":null}},{"type":"Feature","geometry":{"type":"LineString","coordinates":[[-80.12000719999998,26.940882699999975],[-80.12048670000001,26.940470199999993]]},"properties":{"k":"c","n":null,"c":"power line","v":null,"cc":null,"co":null}},{"type":"Feature","geometry":{"type":"LineString","coordinates":[[-80.08396440000001,26.941831499999978],[-80.08404230000002,26.942542800000012]]},"properties":{"k":"c","n":null,"c":"power line","v":null,"cc":null,"co":null}},{"type":"Feature","geometry":{"type":"LineString","coordinates":[[-80.08282220000001,26.93791490000001],[-80.08239889999999,26.9371491]]},"properties":{"k":"c","n":null,"c":"power line","v":null,"cc":null,"co":null}},{"type":"Feature","geometry":{"type":"LineString","coordinates":[[-80.294558,27.202053999999976],[-80.29484009999999,27.200219500000003]]},"properties":{"k":"c","n":null,"c":"power line","v":null,"cc":null,"co":null}},{"type":"Feature","geometry":{"type":"LineString","coordinates":[[-80.2335223,27.19689410000001],[-80.23163110000002,27.19688389999999]]},"properties":{"k":"c","n":null,"c":"power line","v":null,"cc":null,"co":null}},{"type":"Feature","geometry":{"type":"LineString","coordinates":[[-80.19878340000002,27.203909599999974],[-80.19705820000001,27.204791899999975]]},"properties":{"k":"c","n":null,"c":" ","v":null,"cc":null,"co":null}},{"type":"Feature","geometry":{"type":"LineString","coordinates":[[-80.18705970000002,27.209368400000017],[-80.18432580000001,27.210611200000017]]},"properties":{"k":"c","n":null,"c":" ","v":null,"cc":null,"co":null}},{"type":"Feature","geometry":{"type":"LineString","coordinates":[[-80.22063700000001,27.252749999999992],[-80.21735699999999,27.253686000000016]]},"properties":{"k":"c","n":null,"c":"power line","v":null,"cc":null,"co":null}},{"type":"Feature","geometry":{"type":"LineString","coordinates":[[-80.22766280000002,27.250563399999976],[-80.22606389999999,27.25103710000002]]},"properties":{"k":"c","n":null,"c":"power line","v":null,"cc":null,"co":null}},{"type":"Feature","geometry":{"type":"LineString","coordinates":[[-80.21379300000001,27.25448399999999],[-80.21012030000003,27.255482200000017]]},"properties":{"k":"c","n":null,"c":"power line","v":null,"cc":null,"co":null}},{"type":"Feature","geometry":{"type":"LineString","coordinates":[[-80.33200099999999,27.46618000000001],[-80.33156600000001,27.465463]]},"properties":{"k":"c","n":null,"c":"power line","v":null,"cc":null,"co":null}},{"type":"Feature","geometry":{"type":"LineString","coordinates":[[-80.32856700000002,27.471033999999975],[-80.32540180000001,27.472330199999988],[-80.32499999999999,27.472041400000023]]},"properties":{"k":"c","n":null,"c":"power line","v":null,"cc":null,"co":null}},{"type":"Feature","geometry":{"type":"LineString","coordinates":[[-80.3228191,27.47314560000001],[-80.32409890000002,27.472832100000005]]},"properties":{"k":"c","n":null,"c":" ","v":null,"cc":null,"co":null}},{"type":"Feature","geometry":{"type":"LineString","coordinates":[[-80.32499999999999,27.472041400000023],[-80.32489349999997,27.47196489999999]]},"properties":{"k":"c","n":null,"c":"power line","v":null,"cc":null,"co":null}},{"type":"Feature","geometry":{"type":"LineString","coordinates":[[-80.369059,27.608137999999997],[-80.36231220000002,27.60884950000002]]},"properties":{"k":"c","n":null,"c":"power line","v":null,"cc":null,"co":null}},{"type":"Feature","geometry":{"type":"LineString","coordinates":[[-80.36190620000002,27.60889420000001],[-80.34923800000001,27.610239999999976]]},"properties":{"k":"c","n":null,"c":"power line","v":null,"cc":null,"co":null}},{"type":"Feature","geometry":{"type":"LineString","coordinates":[[-80.42909100000003,27.753524000000027],[-80.420184,27.758837000000028]]},"properties":{"k":"c","n":null,"c":"power line","v":null,"cc":null,"co":null}},{"type":"Feature","geometry":{"type":"LineString","coordinates":[[-80.41365400000001,27.7628507],[-80.4178569,27.75984820000002]]},"properties":{"k":"c","n":null,"c":"power line","v":null,"cc":null,"co":null}},{"type":"Feature","geometry":{"type":"LineString","coordinates":[[-80.49757019999998,27.834038399999997],[-80.50296259999999,27.838998300000014]]},"properties":{"k":"c","n":null,"c":"power line","v":null,"cc":null,"co":null}},{"type":"Feature","geometry":{"type":"LineString","coordinates":[[-80.60418099999998,28.076776999999993],[-80.603564,28.075512000000003]]},"properties":{"k":"c","n":null,"c":"power line","v":null,"cc":null,"co":null}},{"type":"Feature","geometry":{"type":"LineString","coordinates":[[-80.63464210000001,28.125159199999985],[-80.63464499999998,28.125]]},"properties":{"k":"c","n":null,"c":"power line","v":null,"cc":null,"co":null}},{"type":"Feature","geometry":{"type":"LineString","coordinates":[[-80.6333146,28.12538189999998],[-80.63331920000002,28.125]]},"properties":{"k":"c","n":null,"c":"power line","v":null,"cc":null,"co":null}},{"type":"Feature","geometry":{"type":"LineString","coordinates":[[-80.63915589999999,28.125],[-80.6392219,28.127391699999976]]},"properties":{"k":"c","n":null,"c":"power line","v":null,"cc":null,"co":null}},{"type":"Feature","geometry":{"type":"LineString","coordinates":[[-80.05047589999998,26.763737100000014],[-80.05047150000001,26.764116]]},"properties":{"k":"c","n":null,"c":"power line","v":null,"cc":null,"co":null}},{"type":"Feature","geometry":{"type":"LineString","coordinates":[[-80.06731189999999,26.807656899999984],[-80.06678140000002,26.807640600000013]]},"properties":{"k":"c","n":null,"c":"power line","v":null,"cc":null,"co":null}},{"type":"Feature","geometry":{"type":"LineString","coordinates":[[-80.06871919999998,26.81741040000003],[-80.0680539,26.817380300000025]]},"properties":{"k":"c","n":null,"c":"power line","v":null,"cc":null,"co":null}},{"type":"Feature","geometry":{"type":"LineString","coordinates":[[-80.07346139999999,26.813887599999987],[-80.07343200000003,26.81459050000001]]},"properties":{"k":"c","n":null,"c":"power line","v":null,"cc":null,"co":null}},{"type":"Feature","geometry":{"type":"LineString","coordinates":[[-80.056401,26.808886599999994],[-80.05621480000002,26.808175199999994]]},"properties":{"k":"c","n":null,"c":"power line","v":null,"cc":null,"co":null}},{"type":"Feature","geometry":{"type":"LineString","coordinates":[[-80.0570174,26.84348879999999],[-80.05812370000001,26.843784599999992]]},"properties":{"k":"c","n":null,"c":"power line","v":null,"cc":null,"co":null}},{"type":"Feature","geometry":{"type":"LineString","coordinates":[[-80.66088769999999,28.334950300000003],[-80.66081350000002,28.33228650000001]]},"properties":{"k":"c","n":null,"c":" ","v":null,"cc":null,"co":null}},{"type":"Feature","geometry":{"type":"LineString","coordinates":[[-81.38417479999998,25.851529700000015],[-81.38332919999999,25.851536899999985]]},"properties":{"k":"c","n":null,"c":" ","v":null,"cc":null,"co":null}},{"type":"Feature","geometry":{"type":"LineString","coordinates":[[-81.38275720000001,25.87205419999998],[-81.38284759999999,25.871007200000008]]},"properties":{"k":"c","n":null,"c":" ","v":null,"cc":null,"co":null}},{"type":"Feature","geometry":{"type":"LineString","coordinates":[[-81.3823438,25.872136599999976],[-81.3824002,25.871073799999976]]},"properties":{"k":"c","n":null,"c":" ","v":null,"cc":null,"co":null}},{"type":"Feature","geometry":{"type":"LineString","coordinates":[[-81.3818736,25.839455799999996],[-81.38146119999999,25.839159400000028]]},"properties":{"k":"c","n":null,"c":" ","v":null,"cc":null,"co":null}},{"type":"Feature","geometry":{"type":"LineString","coordinates":[[-81.55576400000001,24.638375999999994],[-81.55528299999997,24.637921000000006]]},"properties":{"k":"c","n":null,"c":" ","v":null,"cc":null,"co":null}},{"type":"Feature","geometry":{"type":"LineString","coordinates":[[-81.5813296,24.636011399999973],[-81.57788099999999,24.637980000000027]]},"properties":{"k":"c","n":null,"c":"power line","v":null,"cc":null,"co":null}},{"type":"Feature","geometry":{"type":"LineString","coordinates":[[-81.5562726,24.649944600000026],[-81.55484000000001,24.650366899999995]]},"properties":{"k":"c","n":null,"c":"power line","v":null,"cc":null,"co":null}},{"type":"Feature","geometry":{"type":"LineString","coordinates":[[-81.5726108,24.64139610000001],[-81.5738536,24.640620000000013]]},"properties":{"k":"c","n":null,"c":"power line","v":null,"cc":null,"co":null}},{"type":"Feature","geometry":{"type":"LineString","coordinates":[[-81.55853919999998,24.6492892],[-81.55967190000001,24.648963700000024]]},"properties":{"k":"c","n":null,"c":"power line","v":null,"cc":null,"co":null}},{"type":"Feature","geometry":{"type":"LineString","coordinates":[[-81.5991515,24.62506000000002],[-81.5961489,24.626906099999985]]},"properties":{"k":"c","n":null,"c":"power line","v":null,"cc":null,"co":null}},{"type":"Feature","geometry":{"type":"LineString","coordinates":[[-81.5886337,24.631531800000005],[-81.5846219,24.633989799999995]]},"properties":{"k":"c","n":null,"c":"power line","v":null,"cc":null,"co":null}},{"type":"Feature","geometry":{"type":"LineString","coordinates":[[-81.5713053,24.603356399999996],[-81.57051510000002,24.603706999999986]]},"properties":{"k":"c","n":null,"c":"power line","v":null,"cc":null,"co":null}},{"type":"Feature","geometry":{"type":"LineString","coordinates":[[-81.55552349999999,24.638528800000017],[-81.55498979999999,24.63799449999999]]},"properties":{"k":"c","n":null,"c":"power line","v":null,"cc":null,"co":null}},{"type":"Feature","geometry":{"type":"LineString","coordinates":[[-81.5425214,24.653959999999984],[-81.5390964,24.654960200000005]]},"properties":{"k":"c","n":null,"c":"power line","v":null,"cc":null,"co":null}},{"type":"Feature","geometry":{"type":"LineString","coordinates":[[-81.46749340000002,24.66256229999999],[-81.4627946,24.662291100000004]]},"properties":{"k":"c","n":null,"c":"power line","v":null,"cc":null,"co":null}},{"type":"Feature","geometry":{"type":"LineString","coordinates":[[-81.51926220000001,24.660725000000014],[-81.51378219999998,24.662327500000004]]},"properties":{"k":"c","n":null,"c":"power line","v":null,"cc":null,"co":null}},{"type":"Feature","geometry":{"type":"LineString","coordinates":[[-81.39428700000002,24.66442699999999],[-81.39639199999999,24.66394200000002]]},"properties":{"k":"c","n":null,"c":"power line","v":null,"cc":null,"co":null}},{"type":"Feature","geometry":{"type":"LineString","coordinates":[[-81.40372000000002,24.663082999999972],[-81.40177499999999,24.66346900000002]]},"properties":{"k":"c","n":null,"c":"power line","v":null,"cc":null,"co":null}},{"type":"Feature","geometry":{"type":"LineString","coordinates":[[-81.43757210000001,24.660517099999993],[-81.42137000000002,24.659623099999976]]},"properties":{"k":"c","n":null,"c":"power line","v":null,"cc":null,"co":null}},{"type":"Feature","geometry":{"type":"LineString","coordinates":[[-81.40341899999999,24.662485000000004],[-81.39857490000003,24.663457300000005]]},"properties":{"k":"c","n":null,"c":"power line","v":null,"cc":null,"co":null}},{"type":"Feature","geometry":{"type":"LineString","coordinates":[[-81.39750900000001,24.663684999999987],[-81.39709920000001,24.663774499999988]]},"properties":{"k":"c","n":null,"c":"power line","v":null,"cc":null,"co":null}},{"type":"Feature","geometry":{"type":"LineString","coordinates":[[-81.39762130000003,24.664346799999976],[-81.39527299999997,24.664825399999984]]},"properties":{"k":"c","n":null,"c":"power line","v":null,"cc":null,"co":null}},{"type":"Feature","geometry":{"type":"LineString","coordinates":[[-81.375,24.668411900000024],[-81.38583749999998,24.66608020000001],[-81.38638400000002,24.666074999999978]]},"properties":{"k":"c","n":null,"c":"power line","v":null,"cc":null,"co":null}},{"type":"Feature","geometry":{"type":"LineString","coordinates":[[-81.33016520000001,24.647864200000015],[-81.32941299999999,24.647644000000014],[-81.318015,24.648730999999998],[-81.316846,24.64907199999999]]},"properties":{"k":"c","n":null,"c":"power line","v":null,"cc":null,"co":null}},{"type":"Feature","geometry":{"type":"LineString","coordinates":[[-81.37184000000002,24.669272999999976],[-81.37224200000003,24.668997999999988],[-81.375,24.668411900000024]]},"properties":{"k":"c","n":null,"c":"power line","v":null,"cc":null,"co":null}},{"type":"Feature","geometry":{"type":"LineString","coordinates":[[-81.24337759999997,24.67347890000002],[-81.24098029999999,24.67500000000001]]},"properties":{"k":"c","n":null,"c":"power line","v":null,"cc":null,"co":null}},{"type":"Feature","geometry":{"type":"LineString","coordinates":[[-81.25061199999999,24.66967299999999],[-81.24805300000003,24.670884]]},"properties":{"k":"c","n":null,"c":"power line","v":null,"cc":null,"co":null}},{"type":"Feature","geometry":{"type":"LineString","coordinates":[[-81.2993343,24.655787499999974],[-81.29789499999998,24.656607000000008],[-81.29535600000003,24.657241999999997],[-81.27776999999998,24.659965999999997]]},"properties":{"k":"c","n":null,"c":"power line","v":null,"cc":null,"co":null}},{"type":"Feature","geometry":{"type":"LineString","coordinates":[[-81.23613599999999,24.677997000000005],[-81.23400700000002,24.679328999999996]]},"properties":{"k":"c","n":null,"c":"power line","v":null,"cc":null,"co":null}},{"type":"Feature","geometry":{"type":"LineString","coordinates":[[-81.2284823,24.681921999999986],[-81.22500000000002,24.68289199999998]]},"properties":{"k":"c","n":null,"c":"power line","v":null,"cc":null,"co":null}},{"type":"Feature","geometry":{"type":"LineString","coordinates":[[-81.24098029999999,24.67500000000001],[-81.23985099999999,24.67570699999999]]},"properties":{"k":"c","n":null,"c":"power line","v":null,"cc":null,"co":null}},{"type":"Feature","geometry":{"type":"LineString","coordinates":[[-81.22500000000002,24.68289199999998],[-81.20579900000001,24.688312999999994],[-81.20531299999999,24.689296000000013],[-81.16133500000001,24.701571],[-81.15661499999999,24.70255400000002],[-81.14999999999998,24.703551199999993]]},"properties":{"k":"c","n":null,"c":"power line","v":null,"cc":null,"co":null}},{"type":"Feature","geometry":{"type":"LineString","coordinates":[[-81.14999999999998,24.703551199999993],[-81.131644,24.706268000000023],[-81.13062000000002,24.705556],[-81.12565999999998,24.70633700000002],[-81.12441000000001,24.706641999999988]]},"properties":{"k":"c","n":null,"c":"power line","v":null,"cc":null,"co":null}},{"type":"Feature","geometry":{"type":"LineString","coordinates":[[-81.07861869999999,24.690227400000026],[-81.07880499999999,24.691418499999997]]},"properties":{"k":"c","n":null,"c":"power line","v":null,"cc":null,"co":null}},{"type":"Feature","geometry":{"type":"LineString","coordinates":[[-81.10650399999997,24.711874000000023],[-81.10646400000002,24.710901999999976]]},"properties":{"k":"c","n":null,"c":"power line","v":null,"cc":null,"co":null}},{"type":"Feature","geometry":{"type":"LineString","coordinates":[[-81.0308824,24.72770589999999],[-81.0308824,24.728260799999987],[-81.03122200000001,24.729708000000016]]},"properties":{"k":"c","n":null,"c":"power line","v":null,"cc":null,"co":null}},{"type":"Feature","geometry":{"type":"LineString","coordinates":[[-81.01360069999998,24.72959739999999],[-81.01362569999998,24.731058599999983]]},"properties":{"k":"c","n":null,"c":"power line","v":null,"cc":null,"co":null}},{"type":"Feature","geometry":{"type":"LineString","coordinates":[[-81.01305400000001,24.729953000000023],[-81.01308340000003,24.730912699999976]]},"properties":{"k":"c","n":null,"c":"power line","v":null,"cc":null,"co":null}},{"type":"Feature","geometry":{"type":"LineString","coordinates":[[-81.03240749999998,24.72840530000002],[-81.0327532,24.729646899999977]]},"properties":{"k":"c","n":null,"c":"power line","v":null,"cc":null,"co":null}},{"type":"Feature","geometry":{"type":"LineString","coordinates":[[-81.0313079,24.73026390000001],[-81.0282757,24.730882599999973]]},"properties":{"k":"c","n":null,"c":"power line","v":null,"cc":null,"co":null}},{"type":"Feature","geometry":{"type":"LineString","coordinates":[[-80.9045054,24.783621700000026],[-80.9050145,24.783066500000018],[-80.9053108,24.78291569999999],[-80.91089520000003,24.780917999999986],[-80.91168590000001,24.781004800000005]]},"properties":{"k":"c","n":null,"c":"power line","v":null,"cc":null,"co":null}},{"type":"Feature","geometry":{"type":"LineString","coordinates":[[-80.92016100000001,24.76884100000001],[-80.91851200000002,24.769447000000014]]},"properties":{"k":"c","n":null,"c":"power line","v":null,"cc":null,"co":null}},{"type":"Feature","geometry":{"type":"LineString","coordinates":[[-80.91774559999999,24.778912699999978],[-80.91820150000001,24.778382099999988],[-80.9185377,24.778194799999994],[-80.92104499999999,24.77724790000002],[-80.9230394,24.776556000000028],[-80.9235352,24.776457100000016],[-80.924397,24.776564399999984]]},"properties":{"k":"c","n":null,"c":"power line","v":null,"cc":null,"co":null}},{"type":"Feature","geometry":{"type":"LineString","coordinates":[[-80.88626970000001,24.789912000000015],[-80.88603069999999,24.789876100000015],[-80.88533319999999,24.790050899999983],[-80.88280309999999,24.790918599999998],[-80.85373449999997,24.801286800000014],[-80.85076670000001,24.802360399999998],[-80.85052739999998,24.80246649999998],[-80.85000000000002,24.8029095]]},"properties":{"k":"c","n":null,"c":"power line","v":null,"cc":null,"co":null}},{"type":"Feature","geometry":{"type":"LineString","coordinates":[[-80.91252200000002,24.766535999999974],[-80.91123499999998,24.767061000000012]]},"properties":{"k":"c","n":null,"c":"power line","v":null,"cc":null,"co":null}},{"type":"Feature","geometry":{"type":"LineString","coordinates":[[-80.91413,24.77356500000002],[-80.915212,24.772452999999985]]},"properties":{"k":"c","n":null,"c":"power line","v":null,"cc":null,"co":null}},{"type":"Feature","geometry":{"type":"LineString","coordinates":[[-80.85000000000002,24.8029095],[-80.84971159999998,24.8031517]]},"properties":{"k":"c","n":null,"c":"power line","v":null,"cc":null,"co":null}},{"type":"Feature","geometry":{"type":"LineString","coordinates":[[-80.7868105,24.841310599999986],[-80.78621859999998,24.841430300000013],[-80.78352940000002,24.84098799999998],[-80.77499999999998,24.839141600000005]]},"properties":{"k":"c","n":null,"c":"power line","v":null,"cc":null,"co":null}},{"type":"Feature","geometry":{"type":"LineString","coordinates":[[-80.75642399999998,24.839984700000002],[-80.75567310000002,24.84085090000002],[-80.7538644,24.842018800000005],[-80.74122690000002,24.84959859999998],[-80.74058939999998,24.849904600000002],[-80.74007569999998,24.84994230000001]]},"properties":{"k":"c","n":null,"c":"power line","v":null,"cc":null,"co":null}},{"type":"Feature","geometry":{"type":"LineString","coordinates":[[-80.77499999999998,24.839141600000005],[-80.76311859999998,24.836506600000007],[-80.76225599999998,24.836582099999987]]},"properties":{"k":"c","n":null,"c":"power line","v":null,"cc":null,"co":null}},{"type":"Feature","geometry":{"type":"LineString","coordinates":[[-80.69030559999999,24.882640900000013],[-80.69013059999997,24.88366430000002],[-80.68510830000002,24.886216400000023],[-80.68023490000002,24.888597800000014],[-80.66195119999998,24.897884900000008],[-80.65959779999997,24.8981938]]},"properties":{"k":"c","n":null,"c":"power line","v":null,"cc":null,"co":null}},{"type":"Feature","geometry":{"type":"LineString","coordinates":[[-80.61156720000002,24.93887669999998],[-80.61017930000003,24.940051200000028]]},"properties":{"k":"c","n":null,"c":"power line","v":null,"cc":null,"co":null}},{"type":"Feature","geometry":{"type":"LineString","coordinates":[[-80.40288329999998,25.137410799999998],[-80.40228619999999,25.13814530000002]]},"properties":{"k":"c","n":null,"c":"power line","v":null,"cc":null,"co":null}},{"type":"Feature","geometry":{"type":"LineString","coordinates":[[-80.40232600000002,25.137367900000015],[-80.40150160000002,25.138322700000003]]},"properties":{"k":"c","n":null,"c":"power line","v":null,"cc":null,"co":null}},{"type":"Feature","geometry":{"type":"LineString","coordinates":[[-80.34721300000001,25.470850999999982],[-80.347265,25.469712000000015]]},"properties":{"k":"c","n":null,"c":"power line","v":null,"cc":null,"co":null}},{"type":"Feature","geometry":{"type":"LineString","coordinates":[[-80.34716450000002,25.46316489999998],[-80.34717069999999,25.462429299999997]]},"properties":{"k":"c","n":null,"c":"power line","v":null,"cc":null,"co":null}},{"type":"Feature","geometry":{"type":"LineString","coordinates":[[-80.33911899999998,25.449112000000014],[-80.33855399999999,25.447423000000015]]},"properties":{"k":"c","n":null,"c":"power line","v":null,"cc":null,"co":null}},{"type":"Feature","geometry":{"type":"LineString","coordinates":[[-80.34293639999999,25.463318700000002],[-80.34314440000003,25.46281140000002]]},"properties":{"k":"c","n":null,"c":"power line","v":null,"cc":null,"co":null}},{"type":"Feature","geometry":{"type":"LineString","coordinates":[[-80.3078557,25.609913199999994],[-80.30772380000002,25.61118670000002]]},"properties":{"k":"c","n":null,"c":" ","v":null,"cc":null,"co":null}},{"type":"Feature","geometry":{"type":"LineString","coordinates":[[-80.30453999999997,25.615755999999976],[-80.30453999999997,25.61535600000002]]},"properties":{"k":"c","n":null,"c":" ","v":null,"cc":null,"co":null}},{"type":"Feature","geometry":{"type":"LineString","coordinates":[[-80.13201859999998,25.977650600000004],[-80.13144249999999,25.977677700000015]]},"properties":{"k":"c","n":null,"c":"power line","v":null,"cc":null,"co":null}},{"type":"Feature","geometry":{"type":"LineString","coordinates":[[-80.13205119999998,25.978976499999987],[-80.131486,25.978998199999978]]},"properties":{"k":"c","n":null,"c":"power line","v":null,"cc":null,"co":null}},{"type":"Feature","geometry":{"type":"LineString","coordinates":[[-80.12470739999998,25.978758500000026],[-80.12426160000001,25.978713400000004]]},"properties":{"k":"c","n":null,"c":"power line","v":null,"cc":null,"co":null}},{"type":"Feature","geometry":{"type":"LineString","coordinates":[[-80.13208379999998,25.980275199999994],[-80.13161639999998,25.98028069999998]]},"properties":{"k":"c","n":null,"c":"power line","v":null,"cc":null,"co":null}},{"type":"Feature","geometry":{"type":"LineString","coordinates":[[-80.12731389999999,25.97903409999998],[-80.1269289,25.979007500000023]]},"properties":{"k":"c","n":null,"c":"power line","v":null,"cc":null,"co":null}},{"type":"Feature","geometry":{"type":"LineString","coordinates":[[-80.1511486,25.95960960000002],[-80.15184040000003,25.95976780000001]]},"properties":{"k":"c","n":null,"c":"power line","v":null,"cc":null,"co":null}},{"type":"Feature","geometry":{"type":"LineString","coordinates":[[-80.13199120000002,25.976117699999975],[-80.13161739999998,25.976128099999983]]},"properties":{"k":"c","n":null,"c":"power line","v":null,"cc":null,"co":null}},{"type":"Feature","geometry":{"type":"LineString","coordinates":[[-80.12611820000001,25.9789078],[-80.12559700000003,25.978848900000003]]},"properties":{"k":"c","n":null,"c":"power line","v":null,"cc":null,"co":null}},{"type":"Feature","geometry":{"type":"LineString","coordinates":[[-80.1506685,25.96332239999998],[-80.14985159999998,25.96333199999998]]},"properties":{"k":"c","n":null,"c":"power line","v":null,"cc":null,"co":null}},{"type":"Feature","geometry":{"type":"LineString","coordinates":[[-80.12979209999997,25.994872499999985],[-80.12901779999999,25.99478670000002]]},"properties":{"k":"c","n":null,"c":"power line","v":null,"cc":null,"co":null}},{"type":"Feature","geometry":{"type":"LineString","coordinates":[[-80.20061720000001,26.072396400000002],[-80.20003709999997,26.07235350000002]]},"properties":{"k":"c","n":null,"c":"power line","v":null,"cc":null,"co":null}},{"type":"Feature","geometry":{"type":"LineString","coordinates":[[-80.18245100000001,26.068289600000014],[-80.18243139999998,26.06746290000001]]},"properties":{"k":"c","n":null,"c":"power line","v":null,"cc":null,"co":null}},{"type":"Feature","geometry":{"type":"LineString","coordinates":[[-80.20140120000002,26.068300899999997],[-80.20141699999999,26.066897499999982]]},"properties":{"k":"c","n":null,"c":"power line","v":null,"cc":null,"co":null}},{"type":"Feature","geometry":{"type":"LineString","coordinates":[[-80.19995820000003,26.07263119999999],[-80.20052270000002,26.072663200000022]]},"properties":{"k":"c","n":null,"c":"power line","v":null,"cc":null,"co":null}},{"type":"Feature","geometry":{"type":"LineString","coordinates":[[-80.2016969,26.067915900000003],[-80.20172280000003,26.067009400000018]]},"properties":{"k":"c","n":null,"c":"power line","v":null,"cc":null,"co":null}},{"type":"Feature","geometry":{"type":"LineString","coordinates":[[-80.19509950000003,26.06828949999999],[-80.19509449999998,26.067701399999976]]},"properties":{"k":"c","n":null,"c":"power line","v":null,"cc":null,"co":null}},{"type":"Feature","geometry":{"type":"LineString","coordinates":[[-80.19392499999998,26.0684569],[-80.19390750000002,26.067322999999988]]},"properties":{"k":"c","n":null,"c":"power line","v":null,"cc":null,"co":null}},{"type":"Feature","geometry":{"type":"LineString","coordinates":[[-80.20156320000001,26.070602800000017],[-80.20077199999997,26.07057040000001]]},"properties":{"k":"c","n":null,"c":"power line","v":null,"cc":null,"co":null}},{"type":"Feature","geometry":{"type":"LineString","coordinates":[[-80.19788870000002,26.068445300000008],[-80.19792519999999,26.0674707]]},"properties":{"k":"c","n":null,"c":"power line","v":null,"cc":null,"co":null}},{"type":"Feature","geometry":{"type":"LineString","coordinates":[[-80.19783289999998,26.0658866],[-80.19781979999999,26.065187200000025]]},"properties":{"k":"c","n":null,"c":"power line","v":null,"cc":null,"co":null}},{"type":"Feature","geometry":{"type":"LineString","coordinates":[[-80.20064939999997,26.072285000000022],[-80.20008849999999,26.072246899999982]]},"properties":{"k":"c","n":null,"c":"power line","v":null,"cc":null,"co":null}},{"type":"Feature","geometry":{"type":"LineString","coordinates":[[-80.20195999999999,26.068316299999992],[-80.2019732,26.06739970000001]]},"properties":{"k":"c","n":null,"c":"power line","v":null,"cc":null,"co":null}},{"type":"Feature","geometry":{"type":"LineString","coordinates":[[-80.2005744,26.07250529999999],[-80.1999826,26.072469599999977]]},"properties":{"k":"c","n":null,"c":"power line","v":null,"cc":null,"co":null}},{"type":"Feature","geometry":{"type":"LineString","coordinates":[[-80.19961810000001,26.073313100000007],[-80.2001285,26.073658799999976]]},"properties":{"k":"c","n":null,"c":"power line","v":null,"cc":null,"co":null}},{"type":"Feature","geometry":{"type":"LineString","coordinates":[[-80.10426849999999,26.22125749999998],[-80.10400279999999,26.222039499999994]]},"properties":{"k":"c","n":null,"c":"power line","v":null,"cc":null,"co":null}},{"type":"Feature","geometry":{"type":"LineString","coordinates":[[-80.1068244,26.191510600000015],[-80.10679620000002,26.19094769999998]]},"properties":{"k":"c","n":null,"c":"power line","v":null,"cc":null,"co":null}},{"type":"Feature","geometry":{"type":"LineString","coordinates":[[-80.13098500000001,26.20376570000002],[-80.13157790000002,26.203749800000026]]},"properties":{"k":"c","n":null,"c":"power line","v":null,"cc":null,"co":null}},{"type":"Feature","geometry":{"type":"LineString","coordinates":[[-80.1328641,26.20653420000002],[-80.13283569999999,26.20582810000002]]},"properties":{"k":"c","n":null,"c":"power line","v":null,"cc":null,"co":null}},{"type":"Feature","geometry":{"type":"LineString","coordinates":[[-80.13074740000002,26.1964069],[-80.13141539999998,26.19639410000002]]},"properties":{"k":"c","n":null,"c":"power line","v":null,"cc":null,"co":null}},{"type":"Feature","geometry":{"type":"LineString","coordinates":[[-80.10255419999999,26.22069449999998],[-80.10213649999997,26.22103149999998]]},"properties":{"k":"c","n":null,"c":"power line","v":null,"cc":null,"co":null}},{"type":"Feature","geometry":{"type":"LineString","coordinates":[[-80.1258891,26.17811710000001],[-80.1260469,26.177732300000002]]},"properties":{"k":"c","n":null,"c":"power line","v":null,"cc":null,"co":null}},{"type":"Feature","geometry":{"type":"LineString","coordinates":[[-80.10365519999999,26.221071800000004],[-80.10318999999998,26.222185200000013]]},"properties":{"k":"c","n":null,"c":"power line","v":null,"cc":null,"co":null}},{"type":"Feature","geometry":{"type":"LineString","coordinates":[[-80.122952,26.20875189999998],[-80.12293929999998,26.20809730000002]]},"properties":{"k":"c","n":null,"c":"power line","v":null,"cc":null,"co":null}},{"type":"Feature","geometry":{"type":"LineString","coordinates":[[-80.09182440000001,26.265779199999997],[-80.09119020000003,26.265781199999992]]},"properties":{"k":"c","n":null,"c":"power line","v":null,"cc":null,"co":null}},{"type":"Feature","geometry":{"type":"LineString","coordinates":[[-80.08900039999997,26.27559359999998],[-80.08802309999999,26.275602900000024]]},"properties":{"k":"c","n":null,"c":"power line","v":null,"cc":null,"co":null}},{"type":"Feature","geometry":{"type":"LineString","coordinates":[[-80.08724849999999,26.3030301],[-80.08726719999999,26.303536699999995]]},"properties":{"k":"c","n":null,"c":"power line","v":null,"cc":null,"co":null}},{"type":"Feature","geometry":{"type":"LineString","coordinates":[[-80.09174910000002,26.26749799999999],[-80.09141310000001,26.267691500000012]]},"properties":{"k":"c","n":null,"c":"power line","v":null,"cc":null,"co":null}},{"type":"Feature","geometry":{"type":"LineString","coordinates":[[-80.09268129999998,26.285472900000002],[-80.0926945,26.28608059999999]]},"properties":{"k":"c","n":null,"c":"power line","v":null,"cc":null,"co":null}},{"type":"Feature","geometry":{"type":"LineString","coordinates":[[-80.08343020000001,26.309154700000022],[-80.08359680000001,26.309456899999986]]},"properties":{"k":"c","n":null,"c":"power line","v":null,"cc":null,"co":null}},{"type":"Feature","geometry":{"type":"LineString","coordinates":[[-80.09239359999998,26.267402000000004],[-80.0924,26.267990399999974]]},"properties":{"k":"c","n":null,"c":"power line","v":null,"cc":null,"co":null}},{"type":"Feature","geometry":{"type":"LineString","coordinates":[[-80.06650130000003,26.39934149999999],[-80.06708090000001,26.39940389999998]]},"properties":{"k":"c","n":null,"c":"power line","v":null,"cc":null,"co":null}},{"type":"Feature","geometry":{"type":"LineString","coordinates":[[-80.15407240000002,25.791219099999978],[-80.15347400000002,25.79124409999997]]},"properties":{"k":"c","n":null,"c":"telephone","v":null,"cc":null,"co":null}},{"type":"Feature","geometry":{"type":"LineString","coordinates":[[-80.15025880000002,25.791412700000024],[-80.15087799999998,25.79138979999999]]},"properties":{"k":"c","n":null,"c":"power line","v":null,"cc":null,"co":null}},{"type":"Feature","geometry":{"type":"LineString","coordinates":[[-80.14067089999998,25.793283700000018],[-80.14112779999999,25.79344420000001]]},"properties":{"k":"c","n":null,"c":" ","v":null,"cc":null,"co":null}},{"type":"Feature","geometry":{"type":"LineString","coordinates":[[-80.15671839999999,25.791092600000013],[-80.15601279999998,25.79112650000002]]},"properties":{"k":"c","n":null,"c":"telephone","v":null,"cc":null,"co":null}},{"type":"Feature","geometry":{"type":"LineString","coordinates":[[-80.1284698,25.80000000000001],[-80.12851289999998,25.79984860000002]]},"properties":{"k":"c","n":null,"c":"power line","v":null,"cc":null,"co":null}},{"type":"Feature","geometry":{"type":"LineString","coordinates":[[-80.15671839999999,25.791092600000013],[-80.15601279999998,25.79112650000002]]},"properties":{"k":"c","n":null,"c":"power line","v":null,"cc":null,"co":null}},{"type":"Feature","geometry":{"type":"LineString","coordinates":[[-80.17099730000001,25.79043250000001],[-80.1716318,25.790385300000025]]},"properties":{"k":"c","n":null,"c":"telephone","v":null,"cc":null,"co":null}},{"type":"Feature","geometry":{"type":"LineString","coordinates":[[-80.1658855,25.790657099999976],[-80.1652239,25.790692700000022]]},"properties":{"k":"c","n":null,"c":"telephone","v":null,"cc":null,"co":null}},{"type":"Feature","geometry":{"type":"LineString","coordinates":[[-80.1419201,25.7966816],[-80.1417126,25.796195599999976]]},"properties":{"k":"c","n":null,"c":"power line","v":null,"cc":null,"co":null}},{"type":"Feature","geometry":{"type":"LineString","coordinates":[[-80.14372580000003,25.791612499999985],[-80.1437383,25.791899]]},"properties":{"k":"c","n":null,"c":"power line","v":null,"cc":null,"co":null}},{"type":"Feature","geometry":{"type":"LineString","coordinates":[[-80.16003389999997,25.790934900000025],[-80.1606683,25.790906199999995]]},"properties":{"k":"c","n":null,"c":"power line","v":null,"cc":null,"co":null}},{"type":"Feature","geometry":{"type":"LineString","coordinates":[[-80.13541350000003,25.796248600000013],[-80.13525879999997,25.79656970000002]]},"properties":{"k":"c","n":null,"c":"power line","v":null,"cc":null,"co":null}},{"type":"Feature","geometry":{"type":"LineString","coordinates":[[-80.16457220000001,25.790722200000005],[-80.16397080000002,25.790746300000023]]},"properties":{"k":"c","n":null,"c":"power line","v":null,"cc":null,"co":null}},{"type":"Feature","geometry":{"type":"LineString","coordinates":[[-80.16457220000001,25.790722200000005],[-80.16397080000002,25.790746300000023]]},"properties":{"k":"c","n":null,"c":"telephone","v":null,"cc":null,"co":null}},{"type":"Feature","geometry":{"type":"LineString","coordinates":[[-80.17099730000001,25.79043250000001],[-80.1716318,25.790385300000025]]},"properties":{"k":"c","n":null,"c":"power line","v":null,"cc":null,"co":null}},{"type":"Feature","geometry":{"type":"LineString","coordinates":[[-80.14501869999998,25.791689200000008],[-80.14653420000002,25.791586199999983]]},"properties":{"k":"c","n":null,"c":"power line","v":null,"cc":null,"co":null}},{"type":"Feature","geometry":{"type":"LineString","coordinates":[[-80.16131949999999,25.79088200000001],[-80.1619531,25.790844600000014]]},"properties":{"k":"c","n":null,"c":"power line","v":null,"cc":null,"co":null}},{"type":"Feature","geometry":{"type":"LineString","coordinates":[[-80.13481539999998,25.796853],[-80.13440559999998,25.79661759999999]]},"properties":{"k":"c","n":null,"c":" ","v":null,"cc":null,"co":null}},{"type":"Feature","geometry":{"type":"LineString","coordinates":[[-80.15738169999997,25.79106489999998],[-80.1579999,25.791022499999997]]},"properties":{"k":"c","n":null,"c":"power line","v":null,"cc":null,"co":null}},{"type":"Feature","geometry":{"type":"LineString","coordinates":[[-80.14501869999998,25.791689200000008],[-80.14653420000002,25.791586199999983]]},"properties":{"k":"c","n":null,"c":"telephone","v":null,"cc":null,"co":null}},{"type":"Feature","geometry":{"type":"LineString","coordinates":[[-80.16003389999997,25.790934900000025],[-80.1606683,25.790906199999995]]},"properties":{"k":"c","n":null,"c":"telephone","v":null,"cc":null,"co":null}},{"type":"Feature","geometry":{"type":"LineString","coordinates":[[-80.15025880000002,25.791412700000024],[-80.15087799999998,25.79138979999999]]},"properties":{"k":"c","n":null,"c":"telephone","v":null,"cc":null,"co":null}},{"type":"Feature","geometry":{"type":"LineString","coordinates":[[-80.15407240000002,25.791219099999978],[-80.15347400000002,25.79124409999997]]},"properties":{"k":"c","n":null,"c":"power line","v":null,"cc":null,"co":null}},{"type":"Feature","geometry":{"type":"LineString","coordinates":[[-80.15738169999997,25.79106489999998],[-80.1579999,25.791022499999997]]},"properties":{"k":"c","n":null,"c":"telephone","v":null,"cc":null,"co":null}},{"type":"Feature","geometry":{"type":"LineString","coordinates":[[-80.1658855,25.790657099999976],[-80.1652239,25.790692700000022]]},"properties":{"k":"c","n":null,"c":"power line","v":null,"cc":null,"co":null}},{"type":"Feature","geometry":{"type":"LineString","coordinates":[[-80.13580050000002,25.79629460000001],[-80.1358558,25.795859099999973]]},"properties":{"k":"c","n":null,"c":" ","v":null,"cc":null,"co":null}},{"type":"Feature","geometry":{"type":"LineString","coordinates":[[-80.12883620000002,25.79996219999998],[-80.1288715,25.799511800000005]]},"properties":{"k":"c","n":null,"c":"power line","v":null,"cc":null,"co":null}},{"type":"Feature","geometry":{"type":"LineString","coordinates":[[-80.16131949999999,25.79088200000001],[-80.1619531,25.790844600000014]]},"properties":{"k":"c","n":null,"c":"telephone","v":null,"cc":null,"co":null}},{"type":"Feature","geometry":{"type":"LineString","coordinates":[[-80.1440619,25.798639100000003],[-80.14355979999999,25.798208499999987]]},"properties":{"k":"c","n":null,"c":" ","v":null,"cc":null,"co":null}},{"type":"Feature","geometry":{"type":"LineString","coordinates":[[-80.188831,25.850466799999992],[-80.18814880000002,25.850479199999995]]},"properties":{"k":"c","n":null,"c":"power line","v":null,"cc":null,"co":null}},{"type":"Feature","geometry":{"type":"LineString","coordinates":[[-80.18868559999999,25.850946599999986],[-80.18767279999997,25.850778900000023]]},"properties":{"k":"c","n":null,"c":"power line","v":null,"cc":null,"co":null}},{"type":"Feature","geometry":{"type":"LineString","coordinates":[[-80.17778879999997,25.845101699999987],[-80.17797230000002,25.844740399999978]]},"properties":{"k":"c","n":null,"c":"power line","v":null,"cc":null,"co":null}},{"type":"Feature","geometry":{"type":"LineString","coordinates":[[-80.1353651,25.809747500000014],[-80.1355567,25.808868800000027]]},"properties":{"k":"c","n":null,"c":"power line","v":null,"cc":null,"co":null}},{"type":"Feature","geometry":{"type":"LineString","coordinates":[[-80.13604479999998,25.809673099999998],[-80.13616660000002,25.809088400000007]]},"properties":{"k":"c","n":null,"c":"power line","v":null,"cc":null,"co":null}},{"type":"Feature","geometry":{"type":"LineString","coordinates":[[-80.12419190000003,25.843981799999995],[-80.12508659999997,25.843840399999976]]},"properties":{"k":"c","n":null,"c":"power line","v":null,"cc":null,"co":null}},{"type":"Feature","geometry":{"type":"LineString","coordinates":[[-80.1284559,25.800049],[-80.1284698,25.80000000000001]]},"properties":{"k":"c","n":null,"c":"power line","v":null,"cc":null,"co":null}},{"type":"Feature","geometry":{"type":"LineString","coordinates":[[-80.12919929999998,25.857773800000018],[-80.1288917,25.857341299999973]]},"properties":{"k":"c","n":null,"c":"power line","v":null,"cc":null,"co":null}},{"type":"Feature","geometry":{"type":"LineString","coordinates":[[-80.14381079999998,25.853597700000023],[-80.14397810000003,25.854104300000017]]},"properties":{"k":"c","n":null,"c":"power line","v":null,"cc":null,"co":null}},{"type":"Feature","geometry":{"type":"LineString","coordinates":[[-80.13270599999998,25.825242899999978],[-80.13315069999999,25.8248964]]},"properties":{"k":"c","n":null,"c":"power line","v":null,"cc":null,"co":null}},{"type":"Feature","geometry":{"type":"LineString","coordinates":[[-80.1306308,25.82197789999998],[-80.12999359999998,25.821931600000028]]},"properties":{"k":"c","n":null,"c":"power line","v":null,"cc":null,"co":null}},{"type":"Feature","geometry":{"type":"LineString","coordinates":[[-80.12410899999998,25.869945400000006],[-80.12500399999999,25.869905300000028]]},"properties":{"k":"c","n":null,"c":"power line","v":null,"cc":null,"co":null}},{"type":"Feature","geometry":{"type":"LineString","coordinates":[[-80.12476429999998,25.826725699999997],[-80.1247022,25.8262163]]},"properties":{"k":"c","n":null,"c":"power line","v":null,"cc":null,"co":null}},{"type":"Feature","geometry":{"type":"LineString","coordinates":[[-80.1498062,25.926240399999983],[-80.14891970000002,25.926272400000016]]},"properties":{"k":"c","n":null,"c":"power line","v":null,"cc":null,"co":null}},{"type":"Feature","geometry":{"type":"LineString","coordinates":[[-80.15329400000002,25.928626699999995],[-80.15285369999998,25.929842099999973]]},"properties":{"k":"c","n":null,"c":"power line","v":null,"cc":null,"co":null}},{"type":"Feature","geometry":{"type":"LineString","coordinates":[[-80.15167550000001,25.890356399999973],[-80.15180579999998,25.889826099999993]]},"properties":{"k":"c","n":null,"c":"power line","v":null,"cc":null,"co":null}},{"type":"Feature","geometry":{"type":"LineString","coordinates":[[-80.15079259999999,25.92730180000001],[-80.14895530000001,25.927288599999997]]},"properties":{"k":"c","n":null,"c":"power line","v":null,"cc":null,"co":null}},{"type":"Feature","geometry":{"type":"LineString","coordinates":[[-80.16080249999999,25.898416800000007],[-80.16063179999998,25.89907770000002]]},"properties":{"k":"c","n":null,"c":"power line","v":null,"cc":null,"co":null}},{"type":"Feature","geometry":{"type":"LineString","coordinates":[[-80.15309559999997,25.893495900000005],[-80.15313459999999,25.893962799999997]]},"properties":{"k":"c","n":null,"c":"power line","v":null,"cc":null,"co":null}},{"type":"Feature","geometry":{"type":"LineString","coordinates":[[-80.16590029999998,25.894464599999992],[-80.16555190000003,25.894197899999995]]},"properties":{"k":"c","n":null,"c":"power line","v":null,"cc":null,"co":null}},{"type":"Feature","geometry":{"type":"LineString","coordinates":[[-80.14773780000002,25.92623789999999],[-80.14788490000001,25.926567200000022],[-80.14789760000002,25.929831999999976],[-80.1472038,25.939873299999988]]},"properties":{"k":"c","n":null,"c":"power line","v":null,"cc":null,"co":null}},{"type":"Feature","geometry":{"type":"LineString","coordinates":[[-80.13460980000002,25.886490700000024],[-80.13348050000002,25.886528199999987]]},"properties":{"k":"c","n":null,"c":"power line","v":null,"cc":null,"co":null}},{"type":"Feature","geometry":{"type":"LineString","coordinates":[[-80.13469040000001,25.92599180000002],[-80.13504990000001,25.92657939999998]]},"properties":{"k":"c","n":null,"c":"power line","v":null,"cc":null,"co":null}},{"type":"Feature","geometry":{"type":"LineString","coordinates":[[-80.15007500000002,25.938206999999977],[-80.1497281,25.9393465]]},"properties":{"k":"c","n":null,"c":"power line","v":null,"cc":null,"co":null}},{"type":"Feature","geometry":{"type":"LineString","coordinates":[[-80.15342959999998,25.929270499999973],[-80.15362499999998,25.92864780000002]]},"properties":{"k":"c","n":null,"c":"power line","v":null,"cc":null,"co":null}},{"type":"Feature","geometry":{"type":"LineString","coordinates":[[-80.14754799999997,26.058650999999998],[-80.14632599999999,26.060167999999976],[-80.14463899999998,26.060182999999995]]},"properties":{"k":"c","n":null,"c":"power line","v":null,"cc":null,"co":null}},{"type":"Feature","geometry":{"type":"LineString","coordinates":[[-80.16851409999998,26.06840870000002],[-80.1685038,26.06779499999999]]},"properties":{"k":"c","n":null,"c":"power line","v":null,"cc":null,"co":null}},{"type":"Feature","geometry":{"type":"LineString","coordinates":[[-80.12494779999997,26.084766300000013],[-80.124979,26.0835965]]},"properties":{"k":"c","n":null,"c":"power line","v":null,"cc":null,"co":null}},{"type":"Feature","geometry":{"type":"LineString","coordinates":[[-80.1254371,26.08465050000001],[-80.12544450000001,26.08359630000001]]},"properties":{"k":"c","n":null,"c":"power line","v":null,"cc":null,"co":null}},{"type":"Feature","geometry":{"type":"LineString","coordinates":[[-80.14746100000002,26.058344999999974],[-80.14613700000001,26.059908000000007],[-80.144586,26.05998199999999]]},"properties":{"k":"c","n":null,"c":"power line","v":null,"cc":null,"co":null}},{"type":"Feature","geometry":{"type":"LineString","coordinates":[[-80.14756469999998,26.058442800000023],[-80.14621829999999,26.060048999999992],[-80.14465569999999,26.060088399999984]]},"properties":{"k":"c","n":null,"c":"power line","v":null,"cc":null,"co":null}},{"type":"Feature","geometry":{"type":"LineString","coordinates":[[-80.14766800000001,26.058695999999998],[-80.14641799999998,26.06029000000001],[-80.14465799999999,26.06029000000001]]},"properties":{"k":"c","n":null,"c":"power line","v":null,"cc":null,"co":null}},{"type":"Feature","geometry":{"type":"LineString","coordinates":[[-80.15563659999998,26.058217300000024],[-80.15377369999999,26.0583029]]},"properties":{"k":"c","n":null,"c":"power line","v":null,"cc":null,"co":null}},{"type":"Feature","geometry":{"type":"LineString","coordinates":[[-80.15572409999999,26.058444500000007],[-80.15386489999997,26.05852349999998]]},"properties":{"k":"c","n":null,"c":"power line","v":null,"cc":null,"co":null}},{"type":"Feature","geometry":{"type":"LineString","coordinates":[[-80.12591959999997,26.084705799999995],[-80.12616300000002,26.08358240000001]]},"properties":{"k":"c","n":null,"c":"power line","v":null,"cc":null,"co":null}},{"type":"Feature","geometry":{"type":"LineString","coordinates":[[-80.14466349999998,26.059105199999976],[-80.14446470000001,26.05976240000001]]},"properties":{"k":"c","n":null,"c":"power line","v":null,"cc":null,"co":null}},{"type":"Feature","geometry":{"type":"LineString","coordinates":[[-80.15571310000001,26.057891299999994],[-80.15384660000001,26.05797690000003]]},"properties":{"k":"c","n":null,"c":"power line","v":null,"cc":null,"co":null}},{"type":"Feature","geometry":{"type":"LineString","coordinates":[[-80.14458200000001,26.059803199999976],[-80.14464850000002,26.059417900000028]]},"properties":{"k":"c","n":null,"c":"power line","v":null,"cc":null,"co":null}},{"type":"Feature","geometry":{"type":"LineString","coordinates":[[-80.15207650000002,26.05996479999999],[-80.15214580000003,26.058996700000023]]},"properties":{"k":"c","n":null,"c":" ","v":null,"cc":null,"co":null}},{"type":"Feature","geometry":{"type":"LineString","coordinates":[[-80.12647600000003,26.084660699999972],[-80.12656240000001,26.083574699999986]]},"properties":{"k":"c","n":null,"c":"power line","v":null,"cc":null,"co":null}},{"type":"Feature","geometry":{"type":"LineString","coordinates":[[-80.12017989999998,26.082718100000022],[-80.12080709999998,26.08269200000001]]},"properties":{"k":"c","n":null,"c":"power line","v":null,"cc":null,"co":null}},{"type":"Feature","geometry":{"type":"LineString","coordinates":[[-80.149023,26.059164199999998],[-80.14907499999998,26.06006960000002]]},"properties":{"k":"c","n":null,"c":" ","v":null,"cc":null,"co":null}},{"type":"Feature","geometry":{"type":"LineString","coordinates":[[-80.12339150000003,26.0339649],[-80.12389089999999,26.03394259999999]]},"properties":{"k":"c","n":null,"c":"power line","v":null,"cc":null,"co":null}},{"type":"Feature","geometry":{"type":"LineString","coordinates":[[-80.15530330000001,26.060161800000003],[-80.1553083,26.059199200000023]]},"properties":{"k":"c","n":null,"c":"power line","v":null,"cc":null,"co":null}},{"type":"Feature","geometry":{"type":"LineString","coordinates":[[-80.10887029999998,26.100783499999977],[-80.10905600000001,26.100261400000022]]},"properties":{"k":"c","n":null,"c":"power line","v":null,"cc":null,"co":null}},{"type":"Feature","geometry":{"type":"LineString","coordinates":[[-80.11305970000001,26.10274179999999],[-80.11309490000002,26.103164100000015]]},"properties":{"k":"c","n":null,"c":"power line","v":null,"cc":null,"co":null}},{"type":"Feature","geometry":{"type":"LineString","coordinates":[[-80.11567509999998,26.125353700000005],[-80.1156833,26.12498199999999]]},"properties":{"k":"c","n":null,"c":" ","v":null,"cc":null,"co":null}},{"type":"Feature","geometry":{"type":"LineString","coordinates":[[-80.1365371,26.16395879999999],[-80.13653959999999,26.163262599999996]]},"properties":{"k":"c","n":null,"c":"power line","v":null,"cc":null,"co":null}},{"type":"Feature","geometry":{"type":"LineString","coordinates":[[-80.12776400000001,26.1059659],[-80.12777649999998,26.106446699999992]]},"properties":{"k":"c","n":null,"c":"power line","v":null,"cc":null,"co":null}},{"type":"Feature","geometry":{"type":"LineString","coordinates":[[-80.1337532,26.109867099999974],[-80.13374169999997,26.109458700000005]]},"properties":{"k":"c","n":null,"c":"power line","v":null,"cc":null,"co":null}},{"type":"Feature","geometry":{"type":"LineString","coordinates":[[-80.11290539999999,26.106546999999978],[-80.1126913,26.106867599999987]]},"properties":{"k":"c","n":null,"c":"power line","v":null,"cc":null,"co":null}},{"type":"Feature","geometry":{"type":"LineString","coordinates":[[-80.1131689,26.1056284],[-80.11326359999998,26.105255100000022]]},"properties":{"k":"c","n":null,"c":"power line","v":null,"cc":null,"co":null}},{"type":"Feature","geometry":{"type":"LineString","coordinates":[[-80.11532540000002,26.1055748],[-80.11532140000003,26.1052277]]},"properties":{"k":"c","n":null,"c":"power line","v":null,"cc":null,"co":null}},{"type":"Feature","geometry":{"type":"LineString","coordinates":[[-80.1156631,26.123892899999987],[-80.1156694,26.12424520000002]]},"properties":{"k":"c","n":null,"c":"power line","v":null,"cc":null,"co":null}},{"type":"Feature","geometry":{"type":"LineString","coordinates":[[-80.12774789999997,26.105331999999976],[-80.12773929999997,26.104783499999996]]},"properties":{"k":"c","n":null,"c":"power line","v":null,"cc":null,"co":null}},{"type":"Feature","geometry":{"type":"LineString","coordinates":[[-80.11840819999998,26.1593474],[-80.11717019999998,26.159381699999983]]},"properties":{"k":"c","n":null,"c":"power line","v":null,"cc":null,"co":null}},{"type":"Feature","geometry":{"type":"LineString","coordinates":[[-80.11355099999997,26.117144499999995],[-80.11320239999998,26.11726040000002]]},"properties":{"k":"c","n":null,"c":"power line","v":null,"cc":null,"co":null}},{"type":"Feature","geometry":{"type":"LineString","coordinates":[[-80.11330850000002,26.104476999999974],[-80.11320840000002,26.10395010000002]]},"properties":{"k":"c","n":null,"c":"power line","v":null,"cc":null,"co":null}},{"type":"Feature","geometry":{"type":"LineString","coordinates":[[-80.11703799999998,26.100593000000003],[-80.11942390000002,26.10053149999999]]},"properties":{"k":"c","n":null,"c":" ","v":null,"cc":null,"co":null}},{"type":"Feature","geometry":{"type":"LineString","coordinates":[[-80.13037700000001,26.153374999999983],[-80.13036679999999,26.152333699999986]]},"properties":{"k":"c","n":null,"c":" ","v":null,"cc":null,"co":null}},{"type":"Feature","geometry":{"type":"LineString","coordinates":[[-80.12827629999998,26.109199199999978],[-80.12763360000002,26.109196800000007]]},"properties":{"k":"c","n":null,"c":"power line","v":null,"cc":null,"co":null}},{"type":"Feature","geometry":{"type":"LineString","coordinates":[[-80.12912569999997,26.105673799999977],[-80.12842469999998,26.105702000000008]]},"properties":{"k":"c","n":null,"c":"power line","v":null,"cc":null,"co":null}},{"type":"Feature","geometry":{"type":"LineString","coordinates":[[-80.11432489999999,26.108754999999974],[-80.1139068,26.10947010000001]]},"properties":{"k":"c","n":null,"c":"power line","v":null,"cc":null,"co":null}},{"type":"Feature","geometry":{"type":"LineString","coordinates":[[-80.11563999999998,26.123070199999972],[-80.11563860000001,26.122734100000002]]},"properties":{"k":"c","n":null,"c":"power line","v":null,"cc":null,"co":null}},{"type":"Feature","geometry":{"type":"LineString","coordinates":[[-80.13279640000002,26.153863300000012],[-80.13252169999998,26.153210399999978]]},"properties":{"k":"c","n":null,"c":" ","v":null,"cc":null,"co":null}},{"type":"Feature","geometry":{"type":"LineString","coordinates":[[-80.12171690000002,26.11960240000002],[-80.12169180000001,26.119148900000027]]},"properties":{"k":"c","n":null,"c":"power line","v":null,"cc":null,"co":null}},{"type":"Feature","geometry":{"type":"LineString","coordinates":[[-80.12659989999997,26.114515700000027],[-80.12705620000003,26.1145985]]},"properties":{"k":"c","n":null,"c":"power line","v":null,"cc":null,"co":null}},{"type":"Feature","geometry":{"type":"LineString","coordinates":[[-80.12832150000003,26.11039340000002],[-80.12791529999998,26.110364199999992]]},"properties":{"k":"c","n":null,"c":"power line","v":null,"cc":null,"co":null}},{"type":"Feature","geometry":{"type":"LineString","coordinates":[[-80.1448757,26.108347200000026],[-80.14484529999999,26.107379999999978]]},"properties":{"k":"c","n":null,"c":"power line","v":null,"cc":null,"co":null}},{"type":"Feature","geometry":{"type":"LineString","coordinates":[[-80.11268260000003,26.11661429999998],[-80.11250260000003,26.117333700000017]]},"properties":{"k":"c","n":null,"c":"power line","v":null,"cc":null,"co":null}},{"type":"Feature","geometry":{"type":"LineString","coordinates":[[-80.1218149,26.120419200000015],[-80.1217292,26.120067399999982]]},"properties":{"k":"c","n":null,"c":"power line","v":null,"cc":null,"co":null}},{"type":"Feature","geometry":{"type":"LineString","coordinates":[[-80.12454889999998,26.123496999999986],[-80.12416230000002,26.12351130000002]]},"properties":{"k":"c","n":null,"c":" ","v":null,"cc":null,"co":null}},{"type":"Feature","geometry":{"type":"LineString","coordinates":[[-80.11436780000002,26.11655189999999],[-80.11462210000002,26.116451199999972]]},"properties":{"k":"c","n":null,"c":"power line","v":null,"cc":null,"co":null}},{"type":"Feature","geometry":{"type":"LineString","coordinates":[[-80.12910099999999,26.154022999999995],[-80.12931129999998,26.15296699999999]]},"properties":{"k":"c","n":null,"c":"power line","v":null,"cc":null,"co":null}},{"type":"Feature","geometry":{"type":"LineString","coordinates":[[-80.13513690000002,26.153751],[-80.1352483,26.153546000000006]]},"properties":{"k":"c","n":null,"c":" ","v":null,"cc":null,"co":null}},{"type":"Feature","geometry":{"type":"LineString","coordinates":[[-80.14092720000002,26.15150010000002],[-80.1409711,26.15109940000002]]},"properties":{"k":"c","n":null,"c":" ","v":null,"cc":null,"co":null}},{"type":"Feature","geometry":{"type":"LineString","coordinates":[[-80.12731230000003,26.1115585],[-80.12766920000001,26.1116983]]},"properties":{"k":"c","n":null,"c":"power line","v":null,"cc":null,"co":null}},{"type":"Feature","geometry":{"type":"LineString","coordinates":[[-80.11562220000002,26.122074999999995],[-80.11560600000001,26.12041449999998]]},"properties":{"k":"c","n":null,"c":"power line","v":null,"cc":null,"co":null}},{"type":"Feature","geometry":{"type":"LineString","coordinates":[[-80.11048069999998,26.11991280000001],[-80.10818169999999,26.119498799999974]]},"properties":{"k":"c","n":null,"c":" ","v":null,"cc":null,"co":null}},{"type":"Feature","geometry":{"type":"LineString","coordinates":[[-80.16333400000002,26.121675400000015],[-80.16276549999998,26.121695199999976]]},"properties":{"k":"c","n":null,"c":"power line","v":null,"cc":null,"co":null}},{"type":"Feature","geometry":{"type":"LineString","coordinates":[[-80.12721779999998,26.113564600000018],[-80.12686179999997,26.113441799999976]]},"properties":{"k":"c","n":null,"c":"power line","v":null,"cc":null,"co":null}},{"type":"Feature","geometry":{"type":"LineString","coordinates":[[-80.78711329999999,28.62864689999998],[-80.80009159999997,28.620656499999996],[-80.80500710000001,28.617461300000002]]},"properties":{"k":"b","n":null,"c":"fixed bridge","v":null,"cc":null,"co":null}},{"type":"Feature","geometry":{"type":"LineString","coordinates":[[-80.66087199999998,28.40544],[-80.64045099999998,28.405785999999978]]},"properties":{"k":"b","n":null,"c":"fixed bridge","v":null,"cc":null,"co":null}},{"type":"Feature","geometry":{"type":"LineString","coordinates":[[-80.78318189999999,28.65017019999999],[-80.81917270000002,28.650759900000025]]},"properties":{"k":"b","n":null,"c":"fixed bridge","v":null,"cc":null,"co":null}},{"type":"Feature","geometry":{"type":"LineString","coordinates":[[-80.78318189999999,28.65017019999999],[-80.81917270000002,28.650759900000025]]},"properties":{"k":"b","n":null,"c":"fixed bridge","v":null,"cc":null,"co":null}},{"type":"Feature","geometry":{"type":"LineString","coordinates":[[-80.78711329999999,28.62864689999998],[-80.80009159999997,28.620656499999996],[-80.80500710000001,28.617461300000002]]},"properties":{"k":"b","n":null,"c":"fixed bridge","v":null,"cc":null,"co":null}},{"type":"Feature","geometry":{"type":"LineString","coordinates":[[-80.26103,27.204528600000003],[-80.25625830000001,27.19964299999998]]},"properties":{"k":"b","n":null,"c":"fixed bridge","v":null,"cc":null,"co":null}},{"type":"Feature","geometry":{"type":"LineString","coordinates":[[-80.04084820000003,26.675694599999986],[-80.03985030000001,26.675819999999987]]},"properties":{"k":"b","n":null,"c":"fixed bridge","v":null,"cc":null,"co":null}},{"type":"Feature","geometry":{"type":"LineString","coordinates":[[-80.30705139999998,27.461502900000028],[-80.30461359999998,27.462452199999973]]},"properties":{"k":"b","n":null,"c":"fixed bridge","v":null,"cc":null,"co":null}},{"type":"Feature","geometry":{"type":"LineString","coordinates":[[-80.32769350000001,27.457354599999974],[-80.31823400000002,27.458469999999977]]},"properties":{"k":"b","n":null,"c":"fixed bridge","v":null,"cc":null,"co":null}},{"type":"Feature","geometry":{"type":"LineString","coordinates":[[-80.66224729999999,28.357648400000016],[-80.61442,28.35861799999998]]},"properties":{"k":"b","n":null,"c":"fixed bridge","v":null,"cc":null,"co":null}},{"type":"Feature","geometry":{"type":"LineString","coordinates":[[-80.41072930000001,27.720407000000023],[-80.4078058,27.72140999999999]]},"properties":{"k":"b","n":null,"c":"fixed bridge","v":null,"cc":null,"co":null}},{"type":"Feature","geometry":{"type":"LineString","coordinates":[[-80.62428699999998,28.129677000000015],[-80.6010842,28.136334499999975]]},"properties":{"k":"b","n":null,"c":"fixed bridge","v":null,"cc":null,"co":null}},{"type":"Feature","geometry":{"type":"LineString","coordinates":[[-80.59975889999998,28.081084999999973],[-80.59163410000002,28.08408689999999],[-80.57663200000002,28.08910850000001]]},"properties":{"k":"b","n":null,"c":"fixed bridge","v":null,"cc":null,"co":null}},{"type":"Feature","geometry":{"type":"LineString","coordinates":[[-80.4032805,27.722962800000005],[-80.39999999999998,27.724088300000005]]},"properties":{"k":"b","n":null,"c":"fixed bridge","v":null,"cc":null,"co":null}},{"type":"Feature","geometry":{"type":"LineString","coordinates":[[-80.6871016,28.355776300000002],[-80.67446899999999,28.35556200000002]]},"properties":{"k":"b","n":null,"c":"fixed bridge","v":null,"cc":null,"co":null}},{"type":"Feature","geometry":{"type":"LineString","coordinates":[[-80.49545849999998,27.837848500000007],[-80.4995025,27.840869499999997]]},"properties":{"k":"b","n":null,"c":"fixed bridge","v":null,"cc":null,"co":null}},{"type":"Feature","geometry":{"type":"LineString","coordinates":[[-80.66029889999999,28.325961600000028],[-80.63091889999998,28.318693999999994]]},"properties":{"k":"b","n":null,"c":"fixed bridge","v":null,"cc":null,"co":null}},{"type":"Feature","geometry":{"type":"LineString","coordinates":[[-80.39999999999998,27.724088300000005],[-80.3996707,27.724201300000004]]},"properties":{"k":"b","n":null,"c":"fixed bridge","v":null,"cc":null,"co":null}},{"type":"Feature","geometry":{"type":"LineString","coordinates":[[-80.3795015,27.64807830000001],[-80.3727581,27.653384800000026]]},"properties":{"k":"b","n":null,"c":"fixed bridge","v":null,"cc":null,"co":null}},{"type":"Feature","geometry":{"type":"LineString","coordinates":[[-80.398528,27.724593000000027],[-80.39561300000003,27.725593000000003]]},"properties":{"k":"b","n":null,"c":"fixed bridge","v":null,"cc":null,"co":null}},{"type":"Feature","geometry":{"type":"LineString","coordinates":[[-81.47260979999999,24.663059299999986],[-81.46414479999999,24.662628600000005]]},"properties":{"k":"b","n":null,"c":"fixed bridge","v":null,"cc":null,"co":null}},{"type":"Feature","geometry":{"type":"LineString","coordinates":[[-81.2281812,24.682195999999976],[-81.20842729999998,24.687789199999997],[-81.20425979999999,24.68905749999999],[-81.1615152,24.70107569999999],[-81.15676180000003,24.702134600000022],[-81.13457599999998,24.70550989999998],[-81.12454509999998,24.706743000000017]]},"properties":{"k":"b","n":"Seven Mile Bridge","c":"fixed bridge","v":null,"cc":null,"co":null}},{"type":"Feature","geometry":{"type":"LineString","coordinates":[[-81.28171149999997,24.65480150000002],[-81.29687890000002,24.655491900000015]]},"properties":{"k":"b","n":null,"c":"fixed bridge","v":null,"cc":null,"co":null}},{"type":"Feature","geometry":{"type":"LineString","coordinates":[[-81.1560139,24.704266399999995],[-81.16898730000003,24.700363200000027]]},"properties":{"k":"b","n":"Seven Mile Bridge","c":"fixed bridge","v":null,"cc":null,"co":null}},{"type":"Feature","geometry":{"type":"LineString","coordinates":[[-81.38623389999998,24.666428199999984],[-81.37212950000003,24.669565499999976]]},"properties":{"k":"b","n":null,"c":"fixed bridge","v":null,"cc":null,"co":null}},{"type":"Feature","geometry":{"type":"LineString","coordinates":[[-81.12473349999999,24.707169899999997],[-81.14273400000002,24.70551599999999],[-81.15440030000002,24.704563800000017]]},"properties":{"k":"b","n":"Seven Mile Bridge","c":"fixed bridge","v":null,"cc":null,"co":null}},{"type":"Feature","geometry":{"type":"LineString","coordinates":[[-81.1700141,24.700054299999977],[-81.2283481,24.68260939999999]]},"properties":{"k":"b","n":"Seven Mile Bridge","c":"fixed bridge","v":null,"cc":null,"co":null}},{"type":"Feature","geometry":{"type":"LineString","coordinates":[[-81.16898730000003,24.700363200000027],[-81.1700141,24.700054299999977]]},"properties":{"k":"b","n":"Seven Mile Bridge","c":"opening bridge","v":null,"cc":null,"co":null}},{"type":"Feature","geometry":{"type":"LineString","coordinates":[[-80.20418130000002,25.748564199999976],[-80.20228220000001,25.746526700000004],[-80.19951409999999,25.74547819999998],[-80.19060209999998,25.746382100000005],[-80.1790001,25.746494700000028]]},"properties":{"k":"b","n":null,"c":"fixed bridge","v":null,"cc":null,"co":null}}]}