{"type":"FeatureCollection","features":[{"type":"Feature","properties":{},"geometry":{"type":"Polygon","coordinates":[[[-76.57499999999999,34.43260950000001],[-76.57499999999999,34.433854800000006],[-76.57499999999999,34.490918599999986],[-76.57499999999999,34.5],[-76.52206860000001,34.5],[-76.51611109999999,34.5],[-76.50393350000002,34.5],[-76.50140579999999,34.5],[-76.5,34.5],[-76.5,34.49880109999998],[-76.5,34.49644890000002],[-76.5,34.48425520000001],[-76.5,34.47917039999999],[-76.5,34.43791379999999],[-76.5,34.42500000000001],[-76.51611109999999,34.42500000000001],[-76.55812959999997,34.42500000000001],[-76.56656290000001,34.42500000000001],[-76.57499999999999,34.42500000000001],[-76.57499999999999,34.43260950000001]]]}},{"type":"Feature","properties":{},"geometry":{"type":"Polygon","coordinates":[[[-76.44923920000002,34.42500000000001],[-76.5,34.42500000000001],[-76.5,34.43791379999999],[-76.5,34.47917039999999],[-76.5,34.48425520000001],[-76.5,34.49644890000002],[-76.5,34.49880109999998],[-76.5,34.5],[-76.4994658,34.5],[-76.49791859999999,34.5],[-76.49566470000002,34.5],[-76.491649,34.5],[-76.48980340000003,34.5],[-76.47631439999998,34.5],[-76.47178350000002,34.5],[-76.46797700000002,34.5],[-76.42500000000001,34.5],[-76.42500000000001,34.483368600000006],[-76.42500000000001,34.46012380000002],[-76.42500000000001,34.42641120000002],[-76.42500000000001,34.42500000000001],[-76.42728249999999,34.42500000000001],[-76.44923920000002,34.42500000000001]]]}},{"type":"Feature","properties":{},"geometry":{"type":"Polygon","coordinates":[[[-76.64942810000002,34.5],[-76.64999999999998,34.5],[-76.64999999999998,34.506618300000014],[-76.64999999999998,34.54055199999999],[-76.64999999999998,34.5700827],[-76.64999999999998,34.57499999999999],[-76.64415589999999,34.57499999999999],[-76.58073660000002,34.57499999999999],[-76.57499999999999,34.57499999999999],[-76.57499999999999,34.55305270000002],[-76.57499999999999,34.5],[-76.5780277,34.5],[-76.63136300000002,34.5],[-76.63715450000001,34.5],[-76.64942810000002,34.5]]]}},{"type":"Feature","properties":{},"geometry":{"type":"Polygon","coordinates":[[[-76.52206860000001,34.5],[-76.57499999999999,34.5],[-76.57499999999999,34.55305270000002],[-76.57499999999999,34.57499999999999],[-76.54958370000003,34.57499999999999],[-76.54669660000002,34.57499999999999],[-76.54197699999997,34.57499999999999],[-76.54107210000001,34.57499999999999],[-76.53985189999997,34.57499999999999],[-76.52274599999998,34.57499999999999],[-76.52208389999998,34.57499999999999],[-76.51919529999998,34.57499999999999],[-76.51611109999999,34.57499999999999],[-76.5155416,34.57499999999999],[-76.51387979999998,34.57499999999999],[-76.5,34.57499999999999],[-76.5,34.55030149999999],[-76.5,34.5464824],[-76.5,34.52989719999999],[-76.5,34.52656539999998],[-76.5,34.519696599999975],[-76.5,34.51002749999998],[-76.5,34.504998899999975],[-76.5,34.50344030000002],[-76.5,34.5031965],[-76.5,34.50157660000002],[-76.5,34.500442899999996],[-76.5,34.5],[-76.50140579999999,34.5],[-76.50393350000002,34.5],[-76.51611109999999,34.5],[-76.52206860000001,34.5]]]}},{"type":"Feature","properties":{},"geometry":{"type":"Polygon","coordinates":[[[-76.5,34.500442899999996],[-76.5,34.50157660000002],[-76.5,34.5031965],[-76.5,34.50344030000002],[-76.5,34.504998899999975],[-76.5,34.51002749999998],[-76.5,34.519696599999975],[-76.5,34.52656539999998],[-76.5,34.52989719999999],[-76.5,34.5464824],[-76.5,34.55030149999999],[-76.5,34.57499999999999],[-76.49266460000001,34.57499999999999],[-76.45814969999998,34.57499999999999],[-76.4369127,34.57499999999999],[-76.42500000000001,34.57499999999999],[-76.42500000000001,34.56672200000003],[-76.42500000000001,34.56247400000001],[-76.42500000000001,34.55397829999998],[-76.42500000000001,34.5],[-76.46797700000002,34.5],[-76.47178350000002,34.5],[-76.47631439999998,34.5],[-76.48980340000003,34.5],[-76.491649,34.5],[-76.49566470000002,34.5],[-76.49791859999999,34.5],[-76.4994658,34.5],[-76.5,34.5],[-76.5,34.500442899999996]]]}},{"type":"Feature","properties":{},"geometry":{"type":"Polygon","coordinates":[[[-76.80000000000001,34.644625399999995],[-76.80000000000001,34.64498709999998],[-76.80000000000001,34.64999999999998],[-76.7898303,34.64999999999998],[-76.78626680000002,34.64999999999998],[-76.746667,34.64999999999998],[-76.72500000000002,34.64999999999998],[-76.72500000000002,34.64662420000002],[-76.72500000000002,34.64626279999999],[-76.72500000000002,34.641909699999985],[-76.72500000000002,34.64182840000001],[-76.72500000000002,34.6355719],[-76.72500000000002,34.619249000000025],[-76.72500000000002,34.600165000000004],[-76.72500000000002,34.60009910000002],[-76.72500000000002,34.57499999999999],[-76.73280390000002,34.57499999999999],[-76.78928400000001,34.57499999999999],[-76.79754070000001,34.57499999999999],[-76.80000000000001,34.57499999999999],[-76.80000000000001,34.644625399999995]]]}},{"type":"Feature","properties":{},"geometry":{"type":"Polygon","coordinates":[[[-76.72500000000002,34.57499999999999],[-76.72500000000002,34.60009910000002],[-76.72500000000002,34.619249000000025],[-76.72500000000002,34.6355719],[-76.72500000000002,34.641909699999985],[-76.72500000000002,34.64626279999999],[-76.72500000000002,34.64662420000002],[-76.72500000000002,34.64999999999998],[-76.70650840000002,34.64999999999998],[-76.6990194,34.64999999999998],[-76.69612059999997,34.64999999999998],[-76.69448599999998,34.64999999999998],[-76.68579039999997,34.64999999999998],[-76.67773790000001,34.64999999999998],[-76.67663700000003,34.64999999999998],[-76.67625550000002,34.64999999999998],[-76.67588699999999,34.64999999999998],[-76.67587409999999,34.64999999999998],[-76.67549279999997,34.64999999999998],[-76.67511150000001,34.64999999999998],[-76.67419569999998,34.64999999999998],[-76.66553160000001,34.64999999999998],[-76.64999999999998,34.64999999999998],[-76.64999999999998,34.627915099999996],[-76.64999999999998,34.6275488],[-76.64999999999998,34.60182639999999],[-76.64999999999998,34.58279420000002],[-76.64999999999998,34.57499999999999],[-76.72500000000002,34.57499999999999]]]}},{"type":"Feature","properties":{},"geometry":{"type":"Polygon","coordinates":[[[-76.64999999999998,34.57499999999999],[-76.64999999999998,34.58279420000002],[-76.64999999999998,34.60182639999999],[-76.64999999999998,34.64999999999998],[-76.6442548,34.64999999999998],[-76.61666600000001,34.64999999999998],[-76.58766050000003,34.64999999999998],[-76.5776136,34.64999999999998],[-76.57499999999999,34.64999999999998],[-76.57499999999999,34.64833340000001],[-76.57499999999999,34.64214870000001],[-76.57499999999999,34.583494400000006],[-76.57499999999999,34.577993400000025],[-76.57499999999999,34.57499999999999],[-76.57885470000002,34.57499999999999],[-76.58073660000002,34.57499999999999],[-76.61666600000001,34.57499999999999],[-76.64999999999998,34.57499999999999]]]}},{"type":"Feature","properties":{},"geometry":{"type":"Polygon","coordinates":[[[-76.54958370000003,34.57499999999999],[-76.57499999999999,34.57499999999999],[-76.57499999999999,34.577993400000025],[-76.57499999999999,34.583494400000006],[-76.57499999999999,34.64214870000001],[-76.57499999999999,34.64833340000001],[-76.57499999999999,34.64999999999998],[-76.56300779999998,34.64999999999998],[-76.55987929999998,34.64999999999998],[-76.55927500000001,34.64999999999998],[-76.55880990000003,34.64999999999998],[-76.55497300000002,34.64999999999998],[-76.5541184,34.64999999999998],[-76.54912539999998,34.64999999999998],[-76.54381489999997,34.64999999999998],[-76.54144969999999,34.64999999999998],[-76.524428,34.64999999999998],[-76.52418210000002,34.64999999999998],[-76.5221795,34.64999999999998],[-76.52193899999997,34.64999999999998],[-76.52094449999998,34.64999999999998],[-76.52085979999998,34.64999999999998],[-76.52053369999999,34.64999999999998],[-76.5201778,34.64999999999998],[-76.51814250000001,34.64999999999998],[-76.51797850000003,34.64999999999998],[-76.51775079999999,34.64999999999998],[-76.51731790000002,34.64999999999998],[-76.51280459999998,34.64999999999998],[-76.5120872,34.64999999999998],[-76.51124859999999,34.64999999999998],[-76.51068400000003,34.64999999999998],[-76.51025399999997,34.64999999999998],[-76.50802779999998,34.64999999999998],[-76.50602120000002,34.64999999999998],[-76.50313949999997,34.64999999999998],[-76.5,34.64999999999998],[-76.5,34.64572700000002],[-76.5,34.64076080000001],[-76.5,34.62037090000001],[-76.5,34.61978349999998],[-76.5,34.61702630000002],[-76.5,34.612899500000026],[-76.5,34.60916980000002],[-76.5,34.60489910000001],[-76.5,34.60141220000003],[-76.5,34.59999340000002],[-76.5,34.596502699999974],[-76.5,34.59297720000001],[-76.5,34.58943850000003],[-76.5,34.58784020000002],[-76.5,34.586411699999985],[-76.5,34.58564130000002],[-76.5,34.58384380000001],[-76.5,34.581595400000026],[-76.5,34.57569560000002],[-76.5,34.57499999999999],[-76.51387979999998,34.57499999999999],[-76.5155416,34.57499999999999],[-76.51611109999999,34.57499999999999],[-76.51919529999998,34.57499999999999],[-76.52208389999998,34.57499999999999],[-76.52274599999998,34.57499999999999],[-76.52868940000002,34.57499999999999],[-76.53985189999997,34.57499999999999],[-76.54107210000001,34.57499999999999],[-76.54197699999997,34.57499999999999],[-76.54669660000002,34.57499999999999],[-76.54958370000003,34.57499999999999]]]}},{"type":"Feature","properties":{},"geometry":{"type":"Polygon","coordinates":[[[-76.7898303,34.64999999999998],[-76.80000000000001,34.64999999999998],[-76.80000000000001,34.66883230000002],[-76.80000000000001,34.684119099999975],[-76.80000000000001,34.687601700000016],[-76.80000000000001,34.69033940000003],[-76.80000000000001,34.692205100000024],[-76.80000000000001,34.69386420000001],[-76.80000000000001,34.694949699999995],[-76.80000000000001,34.69518629999999],[-76.80000000000001,34.696918900000014],[-76.80000000000001,34.70240230000002],[-76.80000000000001,34.7033644],[-76.80000000000001,34.720552699999985],[-76.80000000000001,34.721142999999984],[-76.80000000000001,34.72197169999998],[-76.80000000000001,34.72203409999997],[-76.80000000000001,34.72204049999999],[-76.80000000000001,34.72205339999999],[-76.80000000000001,34.72212639999998],[-76.80000000000001,34.7222476],[-76.80000000000001,34.72233110000002],[-76.80000000000001,34.72250500000001],[-76.80000000000001,34.72261309999999],[-76.80000000000001,34.72268220000001],[-76.80000000000001,34.722857799999986],[-76.80000000000001,34.72427759999999],[-76.80000000000001,34.72500000000002],[-76.79844059999999,34.72500000000002],[-76.7950629,34.72500000000002],[-76.7903349,34.72500000000002],[-76.78953430000001,34.72500000000002],[-76.7862753,34.72500000000002],[-76.78553190000002,34.72500000000002],[-76.78515149999998,34.72500000000002],[-76.78322100000003,34.72500000000002],[-76.78056420000001,34.72500000000002],[-76.7803376,34.72500000000002],[-76.78020190000001,34.72500000000002],[-76.7799316,34.72500000000002],[-76.73823149999998,34.72500000000002],[-76.72500000000002,34.72500000000002],[-76.72500000000002,34.7190526],[-76.72500000000002,34.71715260000002],[-76.72500000000002,34.71678459999998],[-76.72500000000002,34.71565880000003],[-76.72500000000002,34.7156334],[-76.72500000000002,34.71542149999999],[-76.72500000000002,34.714879199999984],[-76.72500000000002,34.71460430000002],[-76.72500000000002,34.7144988],[-76.72500000000002,34.713950599999976],[-76.72500000000002,34.713806799999986],[-76.72500000000002,34.713370699999984],[-76.72500000000002,34.712854600000014],[-76.72500000000002,34.71281049999999],[-76.72500000000002,34.71257989999998],[-76.72500000000002,34.71214470000001],[-76.72500000000002,34.712137799999994],[-76.72500000000002,34.71202570000003],[-76.72500000000002,34.71201289999999],[-76.72500000000002,34.711697500000014],[-76.72500000000002,34.7115397],[-76.72500000000002,34.71149129999998],[-76.72500000000002,34.708601499999986],[-76.72500000000002,34.706875500000024],[-76.72500000000002,34.7067988],[-76.72500000000002,34.70673049999999],[-76.72500000000002,34.706570399999976],[-76.72500000000002,34.70656509999998],[-76.72500000000002,34.70641440000003],[-76.72500000000002,34.706121199999984],[-76.72500000000002,34.70591300000001],[-76.72500000000002,34.70483630000001],[-76.72500000000002,34.704567499999996],[-76.72500000000002,34.70444980000002],[-76.72500000000002,34.7023284],[-76.72500000000002,34.702311699999996],[-76.72500000000002,34.70222419999999],[-76.72500000000002,34.70180540000001],[-76.72500000000002,34.70168239999998],[-76.72500000000002,34.7012216],[-76.72500000000002,34.701025000000016],[-76.72500000000002,34.70092829999999],[-76.72500000000002,34.7007797],[-76.72500000000002,34.70058180000001],[-76.72500000000002,34.70043099999998],[-76.72500000000002,34.70041800000001],[-76.72500000000002,34.70026280000002],[-76.72500000000002,34.700155800000005],[-76.72500000000002,34.696436500000004],[-76.72500000000002,34.69616910000002],[-76.72500000000002,34.69544209999998],[-76.72500000000002,34.693716600000016],[-76.72500000000002,34.693553699999995],[-76.72500000000002,34.691648499999985],[-76.72500000000002,34.68867590000002],[-76.72500000000002,34.68663090000001],[-76.72500000000002,34.68626069999999],[-76.72500000000002,34.682892400000014],[-76.72500000000002,34.64999999999998],[-76.746667,34.64999999999998],[-76.78626680000002,34.64999999999998],[-76.7898303,34.64999999999998]]]}},{"type":"Feature","properties":{},"geometry":{"type":"Polygon","coordinates":[[[-76.70650840000002,34.64999999999998],[-76.72500000000002,34.64999999999998],[-76.72500000000002,34.682892400000014],[-76.72500000000002,34.68626069999999],[-76.72500000000002,34.68663090000001],[-76.72500000000002,34.68867590000002],[-76.72500000000002,34.691648499999985],[-76.72500000000002,34.693553699999995],[-76.72500000000002,34.693716600000016],[-76.72500000000002,34.69544209999998],[-76.72500000000002,34.69616910000002],[-76.72500000000002,34.696436500000004],[-76.72500000000002,34.700155800000005],[-76.72500000000002,34.70026280000002],[-76.72500000000002,34.70041800000001],[-76.72500000000002,34.70043099999998],[-76.72500000000002,34.70058180000001],[-76.72500000000002,34.7007797],[-76.72500000000002,34.70092829999999],[-76.72500000000002,34.701025000000016],[-76.72500000000002,34.7012216],[-76.72500000000002,34.70168239999998],[-76.72500000000002,34.70180540000001],[-76.72500000000002,34.70222419999999],[-76.72500000000002,34.702311699999996],[-76.72500000000002,34.7023284],[-76.72500000000002,34.70444980000002],[-76.72500000000002,34.704567499999996],[-76.72500000000002,34.70483630000001],[-76.72500000000002,34.70591300000001],[-76.72500000000002,34.706121199999984],[-76.72500000000002,34.70641440000003],[-76.72500000000002,34.70656509999998],[-76.72500000000002,34.706570399999976],[-76.72500000000002,34.70673049999999],[-76.72500000000002,34.7067988],[-76.72500000000002,34.706875500000024],[-76.72500000000002,34.708601499999986],[-76.72500000000002,34.71149129999998],[-76.72500000000002,34.7115397],[-76.72500000000002,34.711697500000014],[-76.72500000000002,34.71201289999999],[-76.72500000000002,34.71202570000003],[-76.72500000000002,34.712137799999994],[-76.72500000000002,34.71214470000001],[-76.72500000000002,34.71257989999998],[-76.72500000000002,34.71281049999999],[-76.72500000000002,34.712854600000014],[-76.72500000000002,34.713370699999984],[-76.72500000000002,34.713806799999986],[-76.72500000000002,34.713950599999976],[-76.72500000000002,34.7144988],[-76.72500000000002,34.71460430000002],[-76.72500000000002,34.714879199999984],[-76.72500000000002,34.71542149999999],[-76.72500000000002,34.7156334],[-76.72500000000002,34.71565880000003],[-76.72500000000002,34.71678459999998],[-76.72500000000002,34.71715260000002],[-76.72500000000002,34.7190526],[-76.72500000000002,34.72500000000002],[-76.71452649999998,34.72500000000002],[-76.71417919999999,34.72500000000002],[-76.71386569999999,34.72500000000002],[-76.7133394,34.72500000000002],[-76.71331070000002,34.72500000000002],[-76.70939659999999,34.72500000000002],[-76.70666549999999,34.72500000000002],[-76.70588659999999,34.72500000000002],[-76.70535539999997,34.72500000000002],[-76.7053343,34.72500000000002],[-76.70483730000001,34.72500000000002],[-76.70339489999998,34.72500000000002],[-76.70218249999999,34.72500000000002],[-76.69751230000003,34.72500000000002],[-76.6964782,34.72500000000002],[-76.69607789999998,34.72500000000002],[-76.6959314,34.72500000000002],[-76.69571560000003,34.72500000000002],[-76.69535439999999,34.72500000000002],[-76.69535300000001,34.72500000000002],[-76.69477699999999,34.72500000000002],[-76.69457879999999,34.72500000000002],[-76.69436889999997,34.72500000000002],[-76.69433709999998,34.72500000000002],[-76.69393589999999,34.72500000000002],[-76.69392190000002,34.72500000000002],[-76.69384639999998,34.72500000000002],[-76.69353360000002,34.72500000000002],[-76.6928196,34.72500000000002],[-76.6927796,34.72500000000002],[-76.6925496,34.72500000000002],[-76.69188550000001,34.72500000000002],[-76.69076189999998,34.72500000000002],[-76.69006730000001,34.72500000000002],[-76.68957319999998,34.72500000000002],[-76.68704150000002,34.72500000000002],[-76.68678619999997,34.72500000000002],[-76.68665879999998,34.72500000000002],[-76.6865211,34.72500000000002],[-76.68629429999999,34.72500000000002],[-76.68623960000002,34.72500000000002],[-76.68391830000002,34.72500000000002],[-76.6833992,34.72500000000002],[-76.68186709999998,34.72500000000002],[-76.68083580000001,34.72500000000002],[-76.67789049999999,34.72500000000002],[-76.6775644,34.72500000000002],[-76.67741960000001,34.72500000000002],[-76.67680080000002,34.72500000000002],[-76.67535140000001,34.72500000000002],[-76.67334260000001,34.72500000000002],[-76.67311640000003,34.72500000000002],[-76.67283370000001,34.72500000000002],[-76.67151139999999,34.72500000000002],[-76.6712751,34.72500000000002],[-76.67054230000002,34.72500000000002],[-76.67023749999998,34.72500000000002],[-76.66974629999999,34.72500000000002],[-76.66967849999997,34.72500000000002],[-76.66958090000003,34.72500000000002],[-76.6694761,34.72500000000002],[-76.66928109999998,34.72500000000002],[-76.66897290000003,34.72500000000002],[-76.66894780000001,34.72500000000002],[-76.66842860000003,34.72500000000002],[-76.66833309999998,34.72500000000002],[-76.66830599999997,34.72500000000002],[-76.66828720000001,34.72500000000002],[-76.66816469999998,34.72500000000002],[-76.66707170000001,34.72500000000002],[-76.66701440000003,34.72500000000002],[-76.66431239999997,34.72500000000002],[-76.66419810000002,34.72500000000002],[-76.6641644,34.72500000000002],[-76.66415790000002,34.72500000000002],[-76.66396070000002,34.72500000000002],[-76.66211559999999,34.72500000000002],[-76.66119650000002,34.72500000000002],[-76.66110930000002,34.72500000000002],[-76.66074700000001,34.72500000000002],[-76.65920899999998,34.72500000000002],[-76.64999999999998,34.72500000000002],[-76.64999999999998,34.71700759999999],[-76.64999999999998,34.71274119999998],[-76.64999999999998,34.71236449999998],[-76.64999999999998,34.71223309999999],[-76.64999999999998,34.71216079999999],[-76.64999999999998,34.71201639999998],[-76.64999999999998,34.711944200000005],[-76.64999999999998,34.71176320000001],[-76.64999999999998,34.71169420000001],[-76.64999999999998,34.711516700000004],[-76.64999999999998,34.71090620000001],[-76.64999999999998,34.7093524],[-76.64999999999998,34.709104500000024],[-76.64999999999998,34.7088109],[-76.64999999999998,34.70835490000002],[-76.64999999999998,34.70797390000001],[-76.64999999999998,34.70680920000001],[-76.64999999999998,34.70371019999999],[-76.64999999999998,34.703619600000025],[-76.64999999999998,34.70339039999999],[-76.64999999999998,34.702572499999974],[-76.64999999999998,34.70231960000001],[-76.64999999999998,34.701501500000006],[-76.64999999999998,34.701032999999995],[-76.64999999999998,34.700741300000004],[-76.64999999999998,34.7005312],[-76.64999999999998,34.70044969999998],[-76.64999999999998,34.70042169999999],[-76.64999999999998,34.70040419999998],[-76.64999999999998,34.70031590000002],[-76.64999999999998,34.69956789999998],[-76.64999999999998,34.698653200000024],[-76.64999999999998,34.69852589999999],[-76.64999999999998,34.69822549999998],[-76.64999999999998,34.69815360000001],[-76.64999999999998,34.69805250000002],[-76.64999999999998,34.69697780000001],[-76.64999999999998,34.696196199999974],[-76.64999999999998,34.69611120000002],[-76.64999999999998,34.695829],[-76.64999999999998,34.69487600000002],[-76.64999999999998,34.694725000000005],[-76.64999999999998,34.694666900000016],[-76.64999999999998,34.69151649999998],[-76.64999999999998,34.69151069999998],[-76.64999999999998,34.69078489999998],[-76.64999999999998,34.69073909999997],[-76.64999999999998,34.689644999999985],[-76.64999999999998,34.689452700000004],[-76.64999999999998,34.689316599999984],[-76.64999999999998,34.68929300000002],[-76.64999999999998,34.68915099999998],[-76.64999999999998,34.68903369999998],[-76.64999999999998,34.68850570000001],[-76.64999999999998,34.68823250000003],[-76.64999999999998,34.685942899999986],[-76.64999999999998,34.68055179999999],[-76.64999999999998,34.68040070000001],[-76.64999999999998,34.679979600000024],[-76.64999999999998,34.67712210000002],[-76.64999999999998,34.676696400000026],[-76.64999999999998,34.676655100000005],[-76.64999999999998,34.67658069999999],[-76.64999999999998,34.67649669999997],[-76.64999999999998,34.67635969999998],[-76.64999999999998,34.67615999999998],[-76.64999999999998,34.674414300000024],[-76.64999999999998,34.67435310000002],[-76.64999999999998,34.67424519999997],[-76.64999999999998,34.67417019999999],[-76.64999999999998,34.673522100000014],[-76.64999999999998,34.67105650000002],[-76.64999999999998,34.67007189999998],[-76.64999999999998,34.66734120000001],[-76.64999999999998,34.66675939999999],[-76.64999999999998,34.66628509999998],[-76.64999999999998,34.665151200000025],[-76.64999999999998,34.66509660000003],[-76.64999999999998,34.66098579999999],[-76.64999999999998,34.64999999999998],[-76.66553160000001,34.64999999999998],[-76.67419569999998,34.64999999999998],[-76.67511150000001,34.64999999999998],[-76.67549279999997,34.64999999999998],[-76.67587409999999,34.64999999999998],[-76.67588699999999,34.64999999999998],[-76.67625550000002,34.64999999999998],[-76.67663700000003,34.64999999999998],[-76.67773790000001,34.64999999999998],[-76.68579039999997,34.64999999999998],[-76.69448599999998,34.64999999999998],[-76.69612059999997,34.64999999999998],[-76.6990194,34.64999999999998],[-76.70650840000002,34.64999999999998]]]}},{"type":"Feature","properties":{},"geometry":{"type":"Polygon","coordinates":[[[-76.61666600000001,34.64999999999998],[-76.64999999999998,34.64999999999998],[-76.64999999999998,34.66098579999999],[-76.64999999999998,34.66509660000003],[-76.64999999999998,34.665151200000025],[-76.64999999999998,34.66628509999998],[-76.64999999999998,34.66675939999999],[-76.64999999999998,34.667337599999996],[-76.64999999999998,34.67003820000002],[-76.64999999999998,34.67105650000002],[-76.64999999999998,34.673522100000014],[-76.64999999999998,34.67424620000003],[-76.64999999999998,34.674414300000024],[-76.64999999999998,34.67635969999998],[-76.64999999999998,34.676655100000005],[-76.64999999999998,34.67712210000002],[-76.64999999999998,34.679979600000024],[-76.64999999999998,34.68040070000001],[-76.64999999999998,34.68055179999999],[-76.64999999999998,34.685942899999986],[-76.64999999999998,34.68823250000003],[-76.64999999999998,34.68850570000001],[-76.64999999999998,34.68903369999998],[-76.64999999999998,34.68915099999998],[-76.64999999999998,34.689316599999984],[-76.64999999999998,34.689452700000004],[-76.64999999999998,34.69078489999998],[-76.64999999999998,34.69151069999998],[-76.64999999999998,34.69151649999998],[-76.64999999999998,34.69215200000002],[-76.64999999999998,34.69414089999998],[-76.64999999999998,34.694666900000016],[-76.64999999999998,34.694725000000005],[-76.64999999999998,34.69472510000003],[-76.64999999999998,34.69487600000002],[-76.64999999999998,34.695829],[-76.64999999999998,34.69611120000002],[-76.64999999999998,34.696196199999974],[-76.64999999999998,34.69697780000001],[-76.64999999999998,34.69805250000002],[-76.64999999999998,34.69815360000001],[-76.64999999999998,34.69822549999998],[-76.64999999999998,34.69852589999999],[-76.64999999999998,34.698653200000024],[-76.64999999999998,34.69956789999998],[-76.64999999999998,34.70031590000002],[-76.64999999999998,34.70044969999998],[-76.64999999999998,34.701032999999995],[-76.64999999999998,34.701501500000006],[-76.64999999999998,34.70231960000001],[-76.64999999999998,34.702572499999974],[-76.64999999999998,34.70339039999999],[-76.64999999999998,34.703619600000025],[-76.64999999999998,34.70371019999999],[-76.64999999999998,34.70680920000001],[-76.64999999999998,34.70797390000001],[-76.64999999999998,34.70835490000002],[-76.64999999999998,34.7088109],[-76.64999999999998,34.709104500000024],[-76.64999999999998,34.7093524],[-76.64999999999998,34.71090620000001],[-76.64999999999998,34.711516700000004],[-76.64999999999998,34.71169420000001],[-76.64999999999998,34.71176320000001],[-76.64999999999998,34.711944200000005],[-76.64999999999998,34.71201639999998],[-76.64999999999998,34.71216079999999],[-76.64999999999998,34.71223309999999],[-76.64999999999998,34.71236449999998],[-76.64999999999998,34.71274119999998],[-76.64999999999998,34.71700759999999],[-76.64999999999998,34.72500000000002],[-76.64102680000002,34.72500000000002],[-76.63259499999998,34.72500000000002],[-76.62979339999998,34.72500000000002],[-76.62944169999997,34.72500000000002],[-76.62882960000002,34.72500000000002],[-76.62765739999998,34.72500000000002],[-76.62728129999999,34.72500000000002],[-76.62640349999998,34.72500000000002],[-76.62167720000002,34.72500000000002],[-76.6214488,34.72500000000002],[-76.61990159999999,34.72500000000002],[-76.6193202,34.72500000000002],[-76.61901879999999,34.72500000000002],[-76.61618199999998,34.72500000000002],[-76.6158102,34.72500000000002],[-76.61258830000003,34.72500000000002],[-76.60910810000001,34.72500000000002],[-76.608202,34.72500000000002],[-76.60745759999998,34.72500000000002],[-76.60219699999999,34.72500000000002],[-76.59774679999998,34.72500000000002],[-76.59688319999998,34.72500000000002],[-76.59588350000001,34.72500000000002],[-76.59572459999998,34.72500000000002],[-76.59534359999998,34.72500000000002],[-76.59529609999998,34.72500000000002],[-76.59521030000002,34.72500000000002],[-76.5949187,34.72500000000002],[-76.59401350000002,34.72500000000002],[-76.5937078,34.72500000000002],[-76.59334189999998,34.72500000000002],[-76.5932353,34.72500000000002],[-76.59208280000001,34.72500000000002],[-76.5831604,34.72500000000002],[-76.58245210000001,34.72500000000002],[-76.580554,34.72500000000002],[-76.58031840000001,34.72500000000002],[-76.57751789999998,34.72500000000002],[-76.57499999999999,34.72500000000002],[-76.57499999999999,34.72106500000001],[-76.57499999999999,34.72079359999998],[-76.57499999999999,34.720721200000014],[-76.57499999999999,34.71993220000002],[-76.57499999999999,34.719538899999975],[-76.57499999999999,34.719526599999995],[-76.57499999999999,34.71784439999999],[-76.57499999999999,34.717386799999986],[-76.57499999999999,34.716852200000005],[-76.57499999999999,34.716665499999976],[-76.57499999999999,34.71508319999998],[-76.57499999999999,34.71423540000001],[-76.57499999999999,34.7131316],[-76.57499999999999,34.71113220000001],[-76.57499999999999,34.709931400000016],[-76.57499999999999,34.70951020000001],[-76.57499999999999,34.69718799999998],[-76.57499999999999,34.69644629999999],[-76.57499999999999,34.69185169999997],[-76.57499999999999,34.689954899999975],[-76.57499999999999,34.6868202],[-76.57499999999999,34.683882600000004],[-76.57499999999999,34.6723576],[-76.57499999999999,34.672083799999996],[-76.57499999999999,34.6698993],[-76.57499999999999,34.66958260000001],[-76.57499999999999,34.6645322],[-76.57499999999999,34.66415810000001],[-76.57499999999999,34.66325069999999],[-76.57499999999999,34.65987660000002],[-76.57499999999999,34.65959459999999],[-76.57499999999999,34.65760469999998],[-76.57499999999999,34.6566224],[-76.57499999999999,34.656505400000015],[-76.57499999999999,34.655103499999996],[-76.57499999999999,34.64999999999998],[-76.5776136,34.64999999999998],[-76.58766050000003,34.64999999999998],[-76.61666600000001,34.64999999999998]]]}},{"type":"Feature","properties":{},"geometry":{"type":"Polygon","coordinates":[[[-76.56300779999998,34.64999999999998],[-76.57499999999999,34.64999999999998],[-76.57499999999999,34.655103499999996],[-76.57499999999999,34.656505400000015],[-76.57499999999999,34.6566224],[-76.57499999999999,34.65760469999998],[-76.57499999999999,34.65959459999999],[-76.57499999999999,34.65987660000002],[-76.57499999999999,34.66325069999999],[-76.57499999999999,34.66415810000001],[-76.57499999999999,34.6645322],[-76.57499999999999,34.66958260000001],[-76.57499999999999,34.6698993],[-76.57499999999999,34.672083799999996],[-76.57499999999999,34.6723576],[-76.57499999999999,34.683882600000004],[-76.57499999999999,34.6868202],[-76.57499999999999,34.689954899999975],[-76.57499999999999,34.69185169999997],[-76.57499999999999,34.69644629999999],[-76.57499999999999,34.69718799999998],[-76.57499999999999,34.70951020000001],[-76.57499999999999,34.709931400000016],[-76.57499999999999,34.71113220000001],[-76.57499999999999,34.7131316],[-76.57499999999999,34.71423540000001],[-76.57499999999999,34.71508319999998],[-76.57499999999999,34.716665499999976],[-76.57499999999999,34.716852200000005],[-76.57499999999999,34.717386799999986],[-76.57499999999999,34.71784439999999],[-76.57499999999999,34.719526599999995],[-76.57499999999999,34.719538899999975],[-76.57499999999999,34.71993220000002],[-76.57499999999999,34.720721200000014],[-76.57499999999999,34.72079359999998],[-76.57499999999999,34.72106500000001],[-76.57499999999999,34.72500000000002],[-76.57012329999998,34.72500000000002],[-76.56957720000003,34.72500000000002],[-76.56760980000001,34.72500000000002],[-76.56723729999999,34.72500000000002],[-76.564393,34.72500000000002],[-76.56423009999997,34.72500000000002],[-76.5639764,34.72500000000002],[-76.56385449999999,34.72500000000002],[-76.56042689999998,34.72500000000002],[-76.56015389999999,34.72500000000002],[-76.55853380000002,34.72500000000002],[-76.55813360000002,34.72500000000002],[-76.55586410000001,34.72500000000002],[-76.55571470000001,34.72500000000002],[-76.5553251,34.72500000000002],[-76.55461650000001,34.72500000000002],[-76.55357930000002,34.72500000000002],[-76.55185399999999,34.72500000000002],[-76.55141040000001,34.72500000000002],[-76.55045109999998,34.72500000000002],[-76.55014,34.72500000000002],[-76.54362359999999,34.72500000000002],[-76.54274049999998,34.72500000000002],[-76.53039410000002,34.72500000000002],[-76.53009960000003,34.72500000000002],[-76.52749799999998,34.72500000000002],[-76.52459750000003,34.72500000000002],[-76.5221656,34.72500000000002],[-76.51724439999998,34.72500000000002],[-76.51153979999998,34.72500000000002],[-76.50785109999998,34.72500000000002],[-76.5,34.72500000000002],[-76.5,34.71834460000002],[-76.5,34.7167417],[-76.5,34.71549709999999],[-76.5,34.71378820000001],[-76.5,34.68790919999998],[-76.5,34.68718310000003],[-76.5,34.68065769999998],[-76.5,34.67839140000001],[-76.5,34.67504259999998],[-76.5,34.67448999999999],[-76.5,34.673564],[-76.5,34.671736899999985],[-76.5,34.66939769999999],[-76.5,34.668723],[-76.5,34.668672000000015],[-76.5,34.666099299999985],[-76.5,34.66435719999998],[-76.5,34.66358009999999],[-76.5,34.662239399999976],[-76.5,34.66156590000003],[-76.5,34.65979809999999],[-76.5,34.65496519999999],[-76.5,34.64999999999998],[-76.50313949999997,34.64999999999998],[-76.50602120000002,34.64999999999998],[-76.50802779999998,34.64999999999998],[-76.51025399999997,34.64999999999998],[-76.51068400000003,34.64999999999998],[-76.51124859999999,34.64999999999998],[-76.5120872,34.64999999999998],[-76.51280459999998,34.64999999999998],[-76.51731790000002,34.64999999999998],[-76.51775079999999,34.64999999999998],[-76.51797850000003,34.64999999999998],[-76.51814250000001,34.64999999999998],[-76.5201778,34.64999999999998],[-76.52053369999999,34.64999999999998],[-76.52085979999998,34.64999999999998],[-76.52094449999998,34.64999999999998],[-76.52193899999997,34.64999999999998],[-76.5221795,34.64999999999998],[-76.52418210000002,34.64999999999998],[-76.524428,34.64999999999998],[-76.54144969999999,34.64999999999998],[-76.54381489999997,34.64999999999998],[-76.54912539999998,34.64999999999998],[-76.5541184,34.64999999999998],[-76.55497300000002,34.64999999999998],[-76.55880990000003,34.64999999999998],[-76.55927500000001,34.64999999999998],[-76.55987929999998,34.64999999999998],[-76.56300779999998,34.64999999999998]]]}},{"type":"Feature","properties":{},"geometry":{"type":"Polygon","coordinates":[[[-76.71452649999998,34.72500000000002],[-76.72500000000002,34.72500000000002],[-76.72500000000002,34.72580540000001],[-76.72500000000002,34.726159199999984],[-76.72500000000002,34.72666959999998],[-76.72500000000002,34.72747099999998],[-76.72500000000002,34.73772079999998],[-76.72500000000002,34.738663900000006],[-76.72500000000002,34.741831400000024],[-76.72500000000002,34.7425265],[-76.72500000000002,34.761641499999996],[-76.72500000000002,34.76187199999998],[-76.72500000000002,34.76340210000001],[-76.72500000000002,34.77370250000001],[-76.72500000000002,34.775314700000024],[-76.72500000000002,34.776455899999974],[-76.72500000000002,34.776649599999985],[-76.72500000000002,34.77773209999998],[-76.72500000000002,34.777988300000004],[-76.72500000000002,34.78032009999998],[-76.72500000000002,34.78308709999999],[-76.72500000000002,34.7856185],[-76.72500000000002,34.78652169999998],[-76.72500000000002,34.78998710000002],[-76.72500000000002,34.794466399999976],[-76.72500000000002,34.79655309999998],[-76.72500000000002,34.79677800000002],[-76.72500000000002,34.79763809999997],[-76.72500000000002,34.7983213],[-76.72500000000002,34.799238600000024],[-76.72500000000002,34.80000000000001],[-76.72089399999999,34.80000000000001],[-76.72049950000002,34.80000000000001],[-76.71954790000001,34.80000000000001],[-76.7175676,34.80000000000001],[-76.69617010000002,34.80000000000001],[-76.69555350000002,34.80000000000001],[-76.693851,34.80000000000001],[-76.69257959999999,34.80000000000001],[-76.69102720000001,34.80000000000001],[-76.68801380000002,34.80000000000001],[-76.68728759999999,34.80000000000001],[-76.68704250000002,34.80000000000001],[-76.68680699999999,34.80000000000001],[-76.68662569999998,34.80000000000001],[-76.68630309999998,34.80000000000001],[-76.68507169999998,34.80000000000001],[-76.6844001,34.80000000000001],[-76.6841976,34.80000000000001],[-76.68315039999999,34.80000000000001],[-76.682748,34.80000000000001],[-76.68104620000003,34.80000000000001],[-76.68063160000003,34.80000000000001],[-76.67799159999998,34.80000000000001],[-76.64999999999998,34.80000000000001],[-76.64999999999998,34.74919299999999],[-76.64999999999998,34.748948299999995],[-76.64999999999998,34.72500000000002],[-76.65920899999998,34.72500000000002],[-76.66074700000001,34.72500000000002],[-76.66110930000002,34.72500000000002],[-76.66119650000002,34.72500000000002],[-76.66211559999999,34.72500000000002],[-76.66396070000002,34.72500000000002],[-76.66415790000002,34.72500000000002],[-76.6641644,34.72500000000002],[-76.66419810000002,34.72500000000002],[-76.66431239999997,34.72500000000002],[-76.66449010000002,34.72500000000002],[-76.66701440000003,34.72500000000002],[-76.66707170000001,34.72500000000002],[-76.66816469999998,34.72500000000002],[-76.66828720000001,34.72500000000002],[-76.668293,34.72500000000002],[-76.66830599999997,34.72500000000002],[-76.66833309999998,34.72500000000002],[-76.66842860000003,34.72500000000002],[-76.66894780000001,34.72500000000002],[-76.66897290000003,34.72500000000002],[-76.66928109999998,34.72500000000002],[-76.6694761,34.72500000000002],[-76.66958090000003,34.72500000000002],[-76.66967849999997,34.72500000000002],[-76.66974629999999,34.72500000000002],[-76.66978319999998,34.72500000000002],[-76.67023749999998,34.72500000000002],[-76.67054230000002,34.72500000000002],[-76.6712751,34.72500000000002],[-76.67151139999999,34.72500000000002],[-76.67283370000001,34.72500000000002],[-76.67311640000003,34.72500000000002],[-76.67334260000001,34.72500000000002],[-76.67535140000001,34.72500000000002],[-76.67680080000002,34.72500000000002],[-76.67741960000001,34.72500000000002],[-76.6775644,34.72500000000002],[-76.67789049999999,34.72500000000002],[-76.68083580000001,34.72500000000002],[-76.68186709999998,34.72500000000002],[-76.6833992,34.72500000000002],[-76.68377779999997,34.72500000000002],[-76.68391830000002,34.72500000000002],[-76.68623960000002,34.72500000000002],[-76.68629429999999,34.72500000000002],[-76.6865211,34.72500000000002],[-76.68665879999998,34.72500000000002],[-76.68678619999997,34.72500000000002],[-76.68704150000002,34.72500000000002],[-76.68957319999998,34.72500000000002],[-76.69006730000001,34.72500000000002],[-76.69076189999998,34.72500000000002],[-76.69188550000001,34.72500000000002],[-76.6925496,34.72500000000002],[-76.6927796,34.72500000000002],[-76.6928196,34.72500000000002],[-76.6930304,34.72500000000002],[-76.69353360000002,34.72500000000002],[-76.69384639999998,34.72500000000002],[-76.69392190000002,34.72500000000002],[-76.69393589999999,34.72500000000002],[-76.69433709999998,34.72500000000002],[-76.69436889999997,34.72500000000002],[-76.69457879999999,34.72500000000002],[-76.69477699999999,34.72500000000002],[-76.69535300000001,34.72500000000002],[-76.69535439999999,34.72500000000002],[-76.69571560000003,34.72500000000002],[-76.6959314,34.72500000000002],[-76.69607789999998,34.72500000000002],[-76.6964782,34.72500000000002],[-76.69751230000003,34.72500000000002],[-76.70218249999999,34.72500000000002],[-76.70339489999998,34.72500000000002],[-76.70472960000001,34.72500000000002],[-76.70483730000001,34.72500000000002],[-76.7053343,34.72500000000002],[-76.70535539999997,34.72500000000002],[-76.70588659999999,34.72500000000002],[-76.70666549999999,34.72500000000002],[-76.70939659999999,34.72500000000002],[-76.70965489999998,34.72500000000002],[-76.70968499999998,34.72500000000002],[-76.71002470000002,34.72500000000002],[-76.71329809999997,34.72500000000002],[-76.71331070000002,34.72500000000002],[-76.7133394,34.72500000000002],[-76.71386569999999,34.72500000000002],[-76.71417919999999,34.72500000000002],[-76.71452649999998,34.72500000000002]]]}},{"type":"Feature","properties":{},"geometry":{"type":"Polygon","coordinates":[[[-76.63259499999998,34.72500000000002],[-76.64102680000002,34.72500000000002],[-76.64999999999998,34.72500000000002],[-76.64999999999998,34.748948299999995],[-76.64999999999998,34.74919299999999],[-76.64999999999998,34.80000000000001],[-76.63002740000002,34.80000000000001],[-76.6213641,34.80000000000001],[-76.62056610000002,34.80000000000001],[-76.6075085,34.80000000000001],[-76.6051688,34.80000000000001],[-76.60479329999998,34.80000000000001],[-76.57499999999999,34.80000000000001],[-76.57499999999999,34.78297739999999],[-76.57499999999999,34.78278030000001],[-76.57499999999999,34.78175390000001],[-76.57499999999999,34.7814793],[-76.57499999999999,34.78122000000002],[-76.57499999999999,34.780611799999974],[-76.57499999999999,34.7804266],[-76.57499999999999,34.77890020000001],[-76.57499999999999,34.776155800000026],[-76.57499999999999,34.77553640000002],[-76.57499999999999,34.7719103],[-76.57499999999999,34.76812769999998],[-76.57499999999999,34.76667739999999],[-76.57499999999999,34.76353210000002],[-76.57499999999999,34.76207160000001],[-76.57499999999999,34.76146779999999],[-76.57499999999999,34.76111659999998],[-76.57499999999999,34.760769100000005],[-76.57499999999999,34.75636320000001],[-76.57499999999999,34.75391139999999],[-76.57499999999999,34.74098559999999],[-76.57499999999999,34.73928710000001],[-76.57499999999999,34.73283670000001],[-76.57499999999999,34.73247839999999],[-76.57499999999999,34.72500000000002],[-76.57751789999998,34.72500000000002],[-76.58031840000001,34.72500000000002],[-76.580554,34.72500000000002],[-76.58245210000001,34.72500000000002],[-76.5831604,34.72500000000002],[-76.59208280000001,34.72500000000002],[-76.5932353,34.72500000000002],[-76.59334189999998,34.72500000000002],[-76.5937078,34.72500000000002],[-76.59529609999998,34.72500000000002],[-76.59572459999998,34.72500000000002],[-76.59588350000001,34.72500000000002],[-76.59688319999998,34.72500000000002],[-76.59774679999998,34.72500000000002],[-76.60219699999999,34.72500000000002],[-76.60745759999998,34.72500000000002],[-76.608202,34.72500000000002],[-76.60910810000001,34.72500000000002],[-76.61258830000003,34.72500000000002],[-76.6158102,34.72500000000002],[-76.61618199999998,34.72500000000002],[-76.61901879999999,34.72500000000002],[-76.6193202,34.72500000000002],[-76.61990159999999,34.72500000000002],[-76.6214488,34.72500000000002],[-76.62167720000002,34.72500000000002],[-76.62640349999998,34.72500000000002],[-76.62728129999999,34.72500000000002],[-76.62765739999998,34.72500000000002],[-76.62882960000002,34.72500000000002],[-76.62944169999997,34.72500000000002],[-76.62979339999998,34.72500000000002],[-76.63259499999998,34.72500000000002]]]}},{"type":"Feature","properties":{},"geometry":{"type":"Polygon","coordinates":[[[-76.57012329999998,34.72500000000002],[-76.57499999999999,34.72500000000002],[-76.57499999999999,34.73247839999999],[-76.57499999999999,34.73283670000001],[-76.57499999999999,34.73928710000001],[-76.57499999999999,34.74098559999999],[-76.57499999999999,34.75391139999999],[-76.57499999999999,34.75636320000001],[-76.57499999999999,34.760769100000005],[-76.57499999999999,34.76111659999998],[-76.57499999999999,34.76146779999999],[-76.57499999999999,34.76207160000001],[-76.57499999999999,34.76353210000002],[-76.57499999999999,34.76667739999999],[-76.57499999999999,34.76812769999998],[-76.57499999999999,34.7719103],[-76.57499999999999,34.77553640000002],[-76.57499999999999,34.776155800000026],[-76.57499999999999,34.77890020000001],[-76.57499999999999,34.7804266],[-76.57499999999999,34.780611799999974],[-76.57499999999999,34.78122000000002],[-76.57499999999999,34.7814793],[-76.57499999999999,34.78175390000001],[-76.57499999999999,34.78278030000001],[-76.57499999999999,34.78297739999999],[-76.57499999999999,34.80000000000001],[-76.56914130000001,34.80000000000001],[-76.56506109999998,34.80000000000001],[-76.56461560000002,34.80000000000001],[-76.56276380000003,34.80000000000001],[-76.5191911,34.80000000000001],[-76.51798910000002,34.80000000000001],[-76.5,34.80000000000001],[-76.5,34.798809800000015],[-76.5,34.79811489999997],[-76.5,34.79739139999998],[-76.5,34.79216969999999],[-76.5,34.791533300000026],[-76.5,34.78826290000001],[-76.5,34.78599830000002],[-76.5,34.773191699999984],[-76.5,34.772105599999975],[-76.5,34.76710379999997],[-76.5,34.76593120000001],[-76.5,34.76217860000003],[-76.5,34.7605188],[-76.5,34.759886300000005],[-76.5,34.75893189999999],[-76.5,34.7555605],[-76.5,34.74564170000002],[-76.5,34.742706999999996],[-76.5,34.74099719999998],[-76.5,34.73472529999998],[-76.5,34.73013129999998],[-76.5,34.72970620000001],[-76.5,34.728496199999995],[-76.5,34.72500000000002],[-76.50785109999998,34.72500000000002],[-76.51153979999998,34.72500000000002],[-76.51724439999998,34.72500000000002],[-76.5221656,34.72500000000002],[-76.52459750000003,34.72500000000002],[-76.52749799999998,34.72500000000002],[-76.53009960000003,34.72500000000002],[-76.53039410000002,34.72500000000002],[-76.54274049999998,34.72500000000002],[-76.54362359999999,34.72500000000002],[-76.55014,34.72500000000002],[-76.55045109999998,34.72500000000002],[-76.55141040000001,34.72500000000002],[-76.55185399999999,34.72500000000002],[-76.55357930000002,34.72500000000002],[-76.55461650000001,34.72500000000002],[-76.5553251,34.72500000000002],[-76.55571470000001,34.72500000000002],[-76.55586410000001,34.72500000000002],[-76.55813360000002,34.72500000000002],[-76.55853380000002,34.72500000000002],[-76.56015389999999,34.72500000000002],[-76.56042689999998,34.72500000000002],[-76.56385449999999,34.72500000000002],[-76.5639764,34.72500000000002],[-76.56423009999997,34.72500000000002],[-76.564393,34.72500000000002],[-76.56723729999999,34.72500000000002],[-76.56760980000001,34.72500000000002],[-76.56957720000003,34.72500000000002],[-76.57012329999998,34.72500000000002]]]}},{"type":"Feature","properties":{},"geometry":{"type":"Polygon","coordinates":[[[-76.5,34.64999999999998],[-76.5,34.65496519999999],[-76.5,34.65979809999999],[-76.5,34.66156590000003],[-76.5,34.662239399999976],[-76.5,34.66358009999999],[-76.5,34.66435719999998],[-76.5,34.666099299999985],[-76.5,34.668672000000015],[-76.5,34.668723],[-76.5,34.66939769999999],[-76.5,34.671736899999985],[-76.5,34.673564],[-76.5,34.67448999999999],[-76.5,34.67504259999998],[-76.5,34.67839140000001],[-76.5,34.68065769999998],[-76.5,34.68718310000003],[-76.5,34.68790919999998],[-76.5,34.71378820000001],[-76.5,34.71549709999999],[-76.5,34.7167417],[-76.5,34.71834460000002],[-76.5,34.72500000000002],[-76.5,34.728496199999995],[-76.5,34.72970620000001],[-76.5,34.73013129999998],[-76.5,34.73472529999998],[-76.5,34.74099719999998],[-76.5,34.742706999999996],[-76.5,34.74564170000002],[-76.5,34.7555605],[-76.5,34.75893189999999],[-76.5,34.759886300000005],[-76.5,34.7605188],[-76.5,34.76217860000003],[-76.5,34.76593120000001],[-76.5,34.76710379999997],[-76.5,34.772105599999975],[-76.5,34.773191699999984],[-76.5,34.78599830000002],[-76.5,34.78826290000001],[-76.5,34.791533300000026],[-76.5,34.79216969999999],[-76.5,34.79739139999998],[-76.5,34.79811489999997],[-76.5,34.798809800000015],[-76.5,34.80000000000001],[-76.4965459,34.80000000000001],[-76.49584670000002,34.80000000000001],[-76.49507390000002,34.80000000000001],[-76.48974879999997,34.80000000000001],[-76.48332950000002,34.80000000000001],[-76.4823778,34.80000000000001],[-76.48215629999999,34.80000000000001],[-76.48161540000001,34.80000000000001],[-76.47280890000002,34.80000000000001],[-76.47214539999999,34.80000000000001],[-76.47169100000002,34.80000000000001],[-76.46762159999997,34.80000000000001],[-76.45499080000002,34.80000000000001],[-76.44377500000002,34.80000000000001],[-76.42565339999999,34.80000000000001],[-76.37991419999997,34.80000000000001],[-76.37601180000001,34.80000000000001],[-76.37308949999999,34.80000000000001],[-76.35436149999998,34.80000000000001],[-76.30384989999999,34.80000000000001],[-76.30384029999999,34.79222520000002],[-76.30383560000001,34.78842479999997],[-76.30383490000003,34.787867300000016],[-76.30380280000003,34.761988900000006],[-76.33149100000003,34.761988900000006],[-76.33208769999999,34.761988900000006],[-76.33240519999998,34.761988900000006],[-76.39290899999997,34.761988900000006],[-76.4064778,34.761988900000006],[-76.45384039999999,34.70059520000001],[-76.5,34.64076080000001],[-76.5,34.64999999999998]]]}},{"type":"Feature","properties":{},"geometry":{"type":"Polygon","coordinates":[[[-75.95031260000002,34.85861110000002],[-76.19999999999999,34.85861110000002],[-76.19999999999999,34.86703920000002],[-76.19999999999999,34.8712094],[-76.19999999999999,34.871691],[-76.19999999999999,34.87668239999999],[-76.19999999999999,34.92921819999998],[-76.19999999999999,34.9313765],[-76.19999999999999,34.93602950000002],[-76.19999999999999,34.93800670000002],[-76.19999999999999,34.94019850000001],[-76.19999999999999,34.94283819999998],[-76.19999999999999,34.9433186],[-76.19999999999999,34.945138799999995],[-76.19999999999999,34.94999999999999],[-76.19999999999999,34.950755000000015],[-76.19999999999999,34.95177849999999],[-76.19999999999999,34.95343070000001],[-76.19999999999999,34.95936019999999],[-76.19999999999999,34.9740645],[-76.19999999999999,34.98383460000002],[-76.19999999999999,34.98414700000001],[-76.19999999999999,34.997327900000016],[-76.19999999999999,34.99817159999998],[-76.19999999999999,35.000860699999976],[-76.19999999999999,35.00640470000002],[-76.19999999999999,35.0081864],[-76.19999999999999,35.010159199999975],[-76.19999999999999,35.0149002],[-76.19999999999999,35.01791859999997],[-76.19999999999999,35.02499999999998],[-76.19999999999999,35.04196569999999],[-76.19999999999999,35.04767709999999],[-76.19999999999999,35.070076400000005],[-76.19999999999999,35.0972807],[-76.19999999999999,35.10000000000002],[-76.1970885,35.10000000000002],[-76.1687339,35.10000000000002],[-76.14554320000002,35.10000000000002],[-76.13831959999999,35.10000000000002],[-76.13377709999997,35.10000000000002],[-76.125,35.10000000000002],[-76.10932120000001,35.10000000000002],[-76.08914800000002,35.10000000000002],[-76.08654200000001,35.10000000000002],[-76.08029390000002,35.10000000000002],[-76.0777971,35.10000000000002],[-76.07663259999998,35.10000000000002],[-76.07426609999999,35.10000000000002],[-76.07326920000003,35.10000000000002],[-76.07137269999998,35.10000000000002],[-76.06383879999998,35.10000000000002],[-76.06309349999998,35.10000000000002],[-76.05256939999998,35.10000000000002],[-76.05213300000003,35.10000000000002],[-76.05000000000001,35.10000000000002],[-76.05000000000001,35.08901530000003],[-76.05000000000001,35.08890969999999],[-76.05000000000001,35.08794110000002],[-76.05000000000001,35.083898999999974],[-76.05000000000001,35.080212700000004],[-76.05000000000001,35.07889610000001],[-76.05000000000001,35.07720840000002],[-76.05000000000001,35.0769851],[-76.05000000000001,35.07378940000001],[-76.05000000000001,35.07351569999997],[-76.05000000000001,35.07310899999999],[-76.05000000000001,35.071458199999995],[-76.05000000000001,35.069945700000005],[-76.05000000000001,35.06965580000002],[-76.05000000000001,35.069063400000005],[-76.05000000000001,35.06850400000002],[-76.05000000000001,35.067860800000005],[-76.05000000000001,35.06672689999999],[-76.05000000000001,35.06246249999998],[-76.05000000000001,35.05368770000001],[-76.05000000000001,35.049641199999996],[-76.05000000000001,35.04912949999999],[-76.05000000000001,35.04818690000002],[-76.05000000000001,35.046423600000026],[-76.05000000000001,35.04421180000003],[-76.05000000000001,35.03254980000003],[-76.05000000000001,35.02891319999998],[-76.05000000000001,35.02499999999998],[-75.97716329999997,35.02499999999998],[-75.97659529999999,35.02499999999998],[-75.97500000000002,35.02499999999998],[-75.97500000000002,35.0265637],[-75.97500000000002,35.027147300000024],[-75.97500000000002,35.067475],[-75.97500000000002,35.06895509999998],[-75.97500000000002,35.07774970000003],[-75.97500000000002,35.088313200000016],[-75.97500000000002,35.08880479999999],[-75.97500000000002,35.09119449999997],[-75.97500000000002,35.09204089999997],[-75.97500000000002,35.09240699999998],[-75.97500000000002,35.10000000000002],[-75.97500000000002,35.10964180000002],[-75.97500000000002,35.115104599999995],[-75.97500000000002,35.11618120000003],[-75.97500000000002,35.11641900000001],[-75.97500000000002,35.11720380000003],[-75.97500000000002,35.11749229999998],[-75.97500000000002,35.118662900000004],[-75.97500000000002,35.11915399999998],[-75.97500000000002,35.120058900000004],[-75.97500000000002,35.120968500000004],[-75.97500000000002,35.12404120000002],[-75.97500000000002,35.125398099999984],[-75.97500000000002,35.1302445],[-75.97500000000002,35.130522600000006],[-75.97500000000002,35.132599200000016],[-75.97500000000002,35.14461920000002],[-75.97500000000002,35.14632230000001],[-75.97500000000002,35.15805560000001],[-75.96490460000001,35.15805560000001],[-75.95364619999998,35.15805560000001],[-75.9329224,35.15805560000001],[-75.9329166,35.15805560000001],[-75.9329166,35.15162839999999],[-75.9329166,35.150645],[-75.9329166,35.149694899999986],[-75.9329166,35.14950520000002],[-75.9329166,35.143157099999996],[-75.9329166,35.136965299999986],[-75.9329166,35.1292426],[-75.9329166,35.127788099999975],[-75.9329166,35.11732599999999],[-75.9329166,35.11718050000002],[-75.9329166,35.110949500000004],[-75.9329166,35.10619539999999],[-75.9329166,35.055438700000025],[-75.9329166,35.05496249999999],[-75.9329166,35.05266019999999],[-75.9329166,35.045422099999996],[-75.9329166,35.04532310000002],[-75.9329166,35.04340930000001],[-75.9329166,35.03710389999998],[-75.9329166,34.87133540000002],[-75.9329166,34.87076619999999],[-75.9329166,34.87037939999999],[-75.9329166,34.870373400000005],[-75.9329166,34.85861110000002],[-75.94964670000002,34.85861110000002],[-75.94967830000002,34.85861110000002],[-75.95031260000002,34.85861110000002]]]}},{"type":"Feature","properties":{},"geometry":{"type":"Polygon","coordinates":[[[-77.05405680000001,34.64999999999998],[-77.05152090000001,34.64999999999998],[-77.04695959999998,34.64999999999998],[-77.02499999999998,34.64999999999998],[-77.02499999999998,34.6101759],[-77.02499999999998,34.60979550000002],[-77.02499999999998,34.590011600000025],[-77.02499999999998,34.57499999999999],[-77.0481062,34.57499999999999],[-77.05499999999999,34.57499999999999],[-77.05499999999999,34.64999999999998],[-77.05405680000001,34.64999999999998]]]}},{"type":"Feature","properties":{},"geometry":{"type":"Polygon","coordinates":[[[-77.02997219999997,34.72500000000002],[-77.02499999999998,34.72500000000002],[-77.02499999999998,34.7183139],[-77.02499999999998,34.68875589999999],[-77.02499999999998,34.68212199999999],[-77.02499999999998,34.68198610000002],[-77.02499999999998,34.68184209999998],[-77.02499999999998,34.6812185],[-77.02499999999998,34.67924110000001],[-77.02499999999998,34.673539500000004],[-77.02499999999998,34.67288020000001],[-77.02499999999998,34.6647342],[-77.02499999999998,34.66222349999998],[-77.02499999999998,34.65943090000002],[-77.02499999999998,34.65768459999998],[-77.02499999999998,34.65579700000001],[-77.02499999999998,34.64999999999998],[-77.04695959999998,34.64999999999998],[-77.05152090000001,34.64999999999998],[-77.05405680000001,34.64999999999998],[-77.05499999999999,34.64999999999998],[-77.05499999999999,34.72500000000002],[-77.02997219999997,34.72500000000002]]]}},{"type":"Feature","properties":{},"geometry":{"type":"Polygon","coordinates":[[[-77.02499999999998,34.64999999999998],[-77.02499999999998,34.65579700000001],[-77.02499999999998,34.65768459999998],[-77.02499999999998,34.65943090000002],[-77.02499999999998,34.66222349999998],[-77.02499999999998,34.6647342],[-77.02499999999998,34.67288020000001],[-77.02499999999998,34.673539500000004],[-77.02499999999998,34.67924110000001],[-77.02499999999998,34.6812185],[-77.02499999999998,34.68184209999998],[-77.02499999999998,34.68198610000002],[-77.02499999999998,34.68212199999999],[-77.02499999999998,34.68875589999999],[-77.02499999999998,34.7183139],[-77.02499999999998,34.72500000000002],[-77.02453830000002,34.72500000000002],[-76.94999999999999,34.72500000000002],[-76.94999999999999,34.71130790000001],[-76.94999999999999,34.70921199999998],[-76.94999999999999,34.709096699999975],[-76.94999999999999,34.70909360000002],[-76.94999999999999,34.70899700000001],[-76.94999999999999,34.708872299999996],[-76.94999999999999,34.70873690000002],[-76.94999999999999,34.708586000000025],[-76.94999999999999,34.708574899999974],[-76.94999999999999,34.7085199],[-76.94999999999999,34.708184800000026],[-76.94999999999999,34.707819700000016],[-76.94999999999999,34.696661000000006],[-76.94999999999999,34.6860097],[-76.94999999999999,34.685205199999984],[-76.94999999999999,34.67868379999999],[-76.94999999999999,34.676149899999984],[-76.94999999999999,34.67569950000001],[-76.94999999999999,34.674988299999995],[-76.94999999999999,34.673796400000015],[-76.94999999999999,34.672396400000025],[-76.94999999999999,34.67064240000002],[-76.94999999999999,34.667726800000025],[-76.94999999999999,34.664732500000014],[-76.94999999999999,34.64999999999998],[-77.02499999999998,34.64999999999998]]]}},{"type":"Feature","properties":{},"geometry":{"type":"Polygon","coordinates":[[[-76.94999999999999,34.64999999999998],[-76.94999999999999,34.664732500000014],[-76.94999999999999,34.667726800000025],[-76.94999999999999,34.67064240000002],[-76.94999999999999,34.672396400000025],[-76.94999999999999,34.673796400000015],[-76.94999999999999,34.674988299999995],[-76.94999999999999,34.67569950000001],[-76.94999999999999,34.676149899999984],[-76.94999999999999,34.67868379999999],[-76.94999999999999,34.685205199999984],[-76.94999999999999,34.6860097],[-76.94999999999999,34.696661000000006],[-76.94999999999999,34.707819700000016],[-76.94999999999999,34.708184800000026],[-76.94999999999999,34.7085199],[-76.94999999999999,34.70854700000001],[-76.94999999999999,34.708574899999974],[-76.94999999999999,34.70873690000002],[-76.94999999999999,34.708872299999996],[-76.94999999999999,34.70899700000001],[-76.94999999999999,34.709096699999975],[-76.94999999999999,34.7090996],[-76.94999999999999,34.70921199999998],[-76.94999999999999,34.71130790000001],[-76.94999999999999,34.72500000000002],[-76.94869740000001,34.72500000000002],[-76.94536929999998,34.72500000000002],[-76.90413210000003,34.72500000000002],[-76.9016479,34.72500000000002],[-76.8982924,34.72500000000002],[-76.89464240000001,34.72500000000002],[-76.89017910000001,34.72500000000002],[-76.8885017,34.72500000000002],[-76.88564639999998,34.72500000000002],[-76.87738280000002,34.72500000000002],[-76.875,34.72500000000002],[-76.875,34.724888299999975],[-76.875,34.72330260000001],[-76.875,34.72322129999998],[-76.875,34.72303119999998],[-76.875,34.72290509999999],[-76.875,34.72277939999998],[-76.875,34.722605999999985],[-76.875,34.722512300000005],[-76.875,34.72158460000003],[-76.875,34.69193799999999],[-76.875,34.68732019999999],[-76.875,34.686988499999984],[-76.875,34.685392200000024],[-76.875,34.684687800000006],[-76.875,34.68380719999999],[-76.875,34.682738099999995],[-76.875,34.67997029999998],[-76.875,34.66678239999999],[-76.875,34.64999999999998],[-76.94999999999999,34.64999999999998]]]}},{"type":"Feature","properties":{},"geometry":{"type":"Polygon","coordinates":[[[-76.82123769999998,34.64999999999998],[-76.875,34.64999999999998],[-76.875,34.66678239999999],[-76.875,34.67997029999998],[-76.875,34.682738099999995],[-76.875,34.68380719999999],[-76.875,34.684687800000006],[-76.875,34.685392200000024],[-76.875,34.686988499999984],[-76.875,34.68732019999999],[-76.875,34.69193799999999],[-76.875,34.72158460000003],[-76.875,34.722512300000005],[-76.875,34.722605999999985],[-76.875,34.72277939999998],[-76.875,34.72290509999999],[-76.875,34.72303119999998],[-76.875,34.72322129999998],[-76.875,34.72330260000001],[-76.875,34.724888299999975],[-76.875,34.72500000000002],[-76.8736753,34.72500000000002],[-76.87021440000001,34.72500000000002],[-76.86989219999998,34.72500000000002],[-76.8637526,34.72500000000002],[-76.86229830000002,34.72500000000002],[-76.86097089999998,34.72500000000002],[-76.85795680000001,34.72500000000002],[-76.8359739,34.72500000000002],[-76.83565679999998,34.72500000000002],[-76.8215907,34.72500000000002],[-76.81700009999997,34.72500000000002],[-76.81168430000002,34.72500000000002],[-76.80987399999998,34.72500000000002],[-76.80821479999997,34.72500000000002],[-76.80494879999998,34.72500000000002],[-76.80461209999999,34.72500000000002],[-76.80335409999998,34.72500000000002],[-76.80305170000003,34.72500000000002],[-76.80265989999998,34.72500000000002],[-76.80222520000001,34.72500000000002],[-76.80119430000002,34.72500000000002],[-76.80000000000001,34.72500000000002],[-76.80000000000001,34.72427759999999],[-76.80000000000001,34.722857799999986],[-76.80000000000001,34.72261309999999],[-76.80000000000001,34.72250500000001],[-76.80000000000001,34.72233110000002],[-76.80000000000001,34.7222476],[-76.80000000000001,34.72212639999998],[-76.80000000000001,34.72205339999999],[-76.80000000000001,34.72197169999998],[-76.80000000000001,34.721142999999984],[-76.80000000000001,34.720552699999985],[-76.80000000000001,34.7033644],[-76.80000000000001,34.70240230000002],[-76.80000000000001,34.696918900000014],[-76.80000000000001,34.69518629999999],[-76.80000000000001,34.694949699999995],[-76.80000000000001,34.69386420000001],[-76.80000000000001,34.692205100000024],[-76.80000000000001,34.69033940000003],[-76.80000000000001,34.687601700000016],[-76.80000000000001,34.684119099999975],[-76.80000000000001,34.66883230000002],[-76.80000000000001,34.64999999999998],[-76.81106569999997,34.64999999999998],[-76.82123769999998,34.64999999999998]]]}},{"type":"Feature","properties":{},"geometry":{"type":"Polygon","coordinates":[[[-76.94536929999998,34.72500000000002],[-76.94869740000001,34.72500000000002],[-76.94999999999999,34.72500000000002],[-76.94999999999999,34.72587629999998],[-76.94999999999999,34.72661249999999],[-76.94999999999999,34.7300257],[-76.94999999999999,34.80000000000001],[-76.875,34.80000000000001],[-76.875,34.7266664],[-76.875,34.72500000000002],[-76.87738280000002,34.72500000000002],[-76.88564639999998,34.72500000000002],[-76.8885017,34.72500000000002],[-76.89017910000001,34.72500000000002],[-76.89464240000001,34.72500000000002],[-76.8982924,34.72500000000002],[-76.9016479,34.72500000000002],[-76.90413210000003,34.72500000000002],[-76.94536929999998,34.72500000000002]]]}},{"type":"Feature","properties":{},"geometry":{"type":"Polygon","coordinates":[[[-76.875,34.7266664],[-76.875,34.80000000000001],[-76.80000000000001,34.80000000000001],[-76.80000000000001,34.7636248],[-76.80000000000001,34.761141099999975],[-76.80000000000001,34.734106999999995],[-76.80000000000001,34.729833799999994],[-76.80000000000001,34.7296346],[-76.80000000000001,34.72828879999997],[-76.80000000000001,34.72808650000002],[-76.80000000000001,34.7252646],[-76.80000000000001,34.72500000000002],[-76.80119430000002,34.72500000000002],[-76.80222520000001,34.72500000000002],[-76.80265989999998,34.72500000000002],[-76.80305170000003,34.72500000000002],[-76.80335409999998,34.72500000000002],[-76.80461209999999,34.72500000000002],[-76.80494879999998,34.72500000000002],[-76.80821479999997,34.72500000000002],[-76.80987399999998,34.72500000000002],[-76.81168430000002,34.72500000000002],[-76.81700009999997,34.72500000000002],[-76.8215907,34.72500000000002],[-76.83565679999998,34.72500000000002],[-76.8359739,34.72500000000002],[-76.86989219999998,34.72500000000002],[-76.87021440000001,34.72500000000002],[-76.8736753,34.72500000000002],[-76.875,34.72500000000002],[-76.875,34.7266664]]]}},{"type":"Feature","properties":{},"geometry":{"type":"Polygon","coordinates":[[[-76.79844059999999,34.72500000000002],[-76.80000000000001,34.72500000000002],[-76.80000000000001,34.7252646],[-76.80000000000001,34.72808650000002],[-76.80000000000001,34.72828879999997],[-76.80000000000001,34.7296346],[-76.80000000000001,34.729833799999994],[-76.80000000000001,34.734106999999995],[-76.80000000000001,34.761141099999975],[-76.80000000000001,34.7636248],[-76.80000000000001,34.80000000000001],[-76.78628400000002,34.80000000000001],[-76.72520739999999,34.80000000000001],[-76.72500000000002,34.80000000000001],[-76.72500000000002,34.799238600000024],[-76.72500000000002,34.7983213],[-76.72500000000002,34.79763809999997],[-76.72500000000002,34.79677800000002],[-76.72500000000002,34.79655309999998],[-76.72500000000002,34.794466399999976],[-76.72500000000002,34.78998710000002],[-76.72500000000002,34.78652169999998],[-76.72500000000002,34.7856185],[-76.72500000000002,34.78308709999999],[-76.72500000000002,34.78032009999998],[-76.72500000000002,34.777988300000004],[-76.72500000000002,34.77773209999998],[-76.72500000000002,34.776649599999985],[-76.72500000000002,34.776455899999974],[-76.72500000000002,34.775314700000024],[-76.72500000000002,34.77370250000001],[-76.72500000000002,34.76340210000001],[-76.72500000000002,34.76187199999998],[-76.72500000000002,34.761641499999996],[-76.72500000000002,34.7425265],[-76.72500000000002,34.741831400000024],[-76.72500000000002,34.738663900000006],[-76.72500000000002,34.73772079999998],[-76.72500000000002,34.72747099999998],[-76.72500000000002,34.72666959999998],[-76.72500000000002,34.726159199999984],[-76.72500000000002,34.72580540000001],[-76.72500000000002,34.72500000000002],[-76.7799316,34.72500000000002],[-76.78020190000001,34.72500000000002],[-76.7803376,34.72500000000002],[-76.78056420000001,34.72500000000002],[-76.78322100000003,34.72500000000002],[-76.78515149999998,34.72500000000002],[-76.78553190000002,34.72500000000002],[-76.7862753,34.72500000000002],[-76.78953430000001,34.72500000000002],[-76.7903349,34.72500000000002],[-76.7950629,34.72500000000002],[-76.79844059999999,34.72500000000002]]]}},{"type":"Feature","properties":{},"geometry":{"type":"Polygon","coordinates":[[[-76.64614449999999,34.94999999999999],[-76.61633060000003,34.94999999999999],[-76.61633060000003,34.888812599999994],[-76.61633060000003,34.88760930000001],[-76.61633060000003,34.86682780000001],[-76.64999999999998,34.86682780000001],[-76.64999999999998,34.875],[-76.64999999999998,34.88255889999999],[-76.64999999999998,34.8873365],[-76.64999999999998,34.89187770000001],[-76.64999999999998,34.90040729999998],[-76.64999999999998,34.90256240000002],[-76.64999999999998,34.90831050000003],[-76.64999999999998,34.91003380000001],[-76.64999999999998,34.91468889999999],[-76.64999999999998,34.922511199999974],[-76.64999999999998,34.9292782],[-76.64999999999998,34.931543999999974],[-76.64999999999998,34.93466269999999],[-76.64999999999998,34.93654099999998],[-76.64999999999998,34.946741599999996],[-76.64999999999998,34.948961999999995],[-76.64999999999998,34.94915400000002],[-76.64999999999998,34.949339699999996],[-76.64999999999998,34.94999999999999],[-76.6473206,34.94999999999999],[-76.64614449999999,34.94999999999999]]]}},{"type":"Feature","properties":{},"geometry":{"type":"Polygon","coordinates":[[[-76.72520739999999,34.80000000000001],[-76.78628400000002,34.80000000000001],[-76.80000000000001,34.80000000000001],[-76.80000000000001,34.86682780000001],[-76.80000000000001,34.875],[-76.766726,34.875],[-76.76258480000001,34.875],[-76.72500000000002,34.875],[-76.72500000000002,34.81029699999999],[-76.72500000000002,34.80678449999999],[-76.72500000000002,34.80641609999998],[-76.72500000000002,34.8060011],[-76.72500000000002,34.80000000000001],[-76.72520739999999,34.80000000000001]]]}},{"type":"Feature","properties":{},"geometry":{"type":"Polygon","coordinates":[[[-76.72089399999999,34.80000000000001],[-76.72500000000002,34.80000000000001],[-76.72500000000002,34.8060011],[-76.72500000000002,34.80641609999998],[-76.72500000000002,34.80678449999999],[-76.72500000000002,34.81029699999999],[-76.72500000000002,34.875],[-76.7034008,34.875],[-76.6969699,34.875],[-76.69256719999998,34.875],[-76.69182089999998,34.875],[-76.69157460000002,34.875],[-76.69152009999999,34.875],[-76.69087769999999,34.875],[-76.64999999999998,34.875],[-76.64999999999998,34.86682780000001],[-76.64999999999998,34.80000000000001],[-76.67799159999998,34.80000000000001],[-76.68063160000003,34.80000000000001],[-76.68104620000003,34.80000000000001],[-76.682748,34.80000000000001],[-76.68315039999999,34.80000000000001],[-76.6841976,34.80000000000001],[-76.6844001,34.80000000000001],[-76.68507169999998,34.80000000000001],[-76.68662569999998,34.80000000000001],[-76.68680699999999,34.80000000000001],[-76.68704250000002,34.80000000000001],[-76.68801380000002,34.80000000000001],[-76.69102720000001,34.80000000000001],[-76.69257959999999,34.80000000000001],[-76.693851,34.80000000000001],[-76.69555350000002,34.80000000000001],[-76.69617010000002,34.80000000000001],[-76.7175676,34.80000000000001],[-76.71954790000001,34.80000000000001],[-76.72049950000002,34.80000000000001],[-76.72089399999999,34.80000000000001]]]}},{"type":"Feature","properties":{},"geometry":{"type":"Polygon","coordinates":[[[-76.60479329999998,34.80000000000001],[-76.6051688,34.80000000000001],[-76.6075085,34.80000000000001],[-76.62056610000002,34.80000000000001],[-76.6213641,34.80000000000001],[-76.63002740000002,34.80000000000001],[-76.64999999999998,34.80000000000001],[-76.64999999999998,34.86682780000001],[-76.64999999999998,34.875],[-76.61633060000003,34.875],[-76.57499999999999,34.875],[-76.57499999999999,34.80000000000001],[-76.60479329999998,34.80000000000001]]]}},{"type":"Feature","properties":{},"geometry":{"type":"Polygon","coordinates":[[[-76.51798910000002,34.80000000000001],[-76.5191911,34.80000000000001],[-76.56276380000003,34.80000000000001],[-76.56461560000002,34.80000000000001],[-76.56506109999998,34.80000000000001],[-76.56914130000001,34.80000000000001],[-76.57499999999999,34.80000000000001],[-76.57499999999999,34.875],[-76.5,34.875],[-76.5,34.80000000000001],[-76.51798910000002,34.80000000000001]]]}},{"type":"Feature","properties":{},"geometry":{"type":"Polygon","coordinates":[[[-76.94999999999999,34.875],[-76.94999999999999,34.94999999999999],[-76.907351,34.94999999999999],[-76.9060867,34.94999999999999],[-76.90582760000001,34.94999999999999],[-76.90424030000003,34.94999999999999],[-76.90361730000001,34.94999999999999],[-76.90146290000001,34.94999999999999],[-76.90031149999999,34.94999999999999],[-76.89950920000001,34.94999999999999],[-76.89773500000001,34.94999999999999],[-76.89690619999999,34.94999999999999],[-76.89360349999998,34.94999999999999],[-76.89088459999999,34.94999999999999],[-76.88987329999998,34.94999999999999],[-76.88045319999998,34.94999999999999],[-76.875,34.94999999999999],[-76.875,34.949074499999995],[-76.875,34.94760389999999],[-76.875,34.875],[-76.94999999999999,34.875]]]}},{"type":"Feature","properties":{},"geometry":{"type":"Polygon","coordinates":[[[-76.85712949999999,34.875],[-76.875,34.875],[-76.875,34.94760389999999],[-76.875,34.949074499999995],[-76.875,34.94999999999999],[-76.86168730000003,34.94999999999999],[-76.83658409999998,34.94999999999999],[-76.80000000000001,34.94999999999999],[-76.80000000000001,34.94564300000002],[-76.80000000000001,34.939695400000005],[-76.80000000000001,34.937185899999974],[-76.80000000000001,34.93265070000001],[-76.80000000000001,34.875],[-76.85173150000003,34.875],[-76.85712949999999,34.875]]]}},{"type":"Feature","properties":{},"geometry":{"type":"Polygon","coordinates":[[[-76.766726,34.875],[-76.80000000000001,34.875],[-76.80000000000001,34.93265070000001],[-76.80000000000001,34.937185899999974],[-76.80000000000001,34.939695400000005],[-76.80000000000001,34.94564300000002],[-76.80000000000001,34.94999999999999],[-76.7967931,34.94999999999999],[-76.72914659999998,34.94999999999999],[-76.72500000000002,34.94999999999999],[-76.72500000000002,34.93240109999999],[-76.72500000000002,34.929580499999986],[-76.72500000000002,34.91796149999999],[-76.72500000000002,34.91725680000002],[-76.72500000000002,34.91695490000001],[-76.72500000000002,34.91602870000003],[-76.72500000000002,34.91556270000001],[-76.72500000000002,34.91534899999999],[-76.72500000000002,34.915092200000004],[-76.72500000000002,34.90316739999997],[-76.72500000000002,34.900831900000014],[-76.72500000000002,34.89950859999999],[-76.72500000000002,34.89597809999998],[-76.72500000000002,34.875],[-76.76258480000001,34.875],[-76.766726,34.875]]]}},{"type":"Feature","properties":{},"geometry":{"type":"Polygon","coordinates":[[[-76.7034008,34.875],[-76.72500000000002,34.875],[-76.72500000000002,34.89597809999998],[-76.72500000000002,34.89950859999999],[-76.72500000000002,34.900831900000014],[-76.72500000000002,34.90316739999997],[-76.72500000000002,34.915092200000004],[-76.72500000000002,34.91534899999999],[-76.72500000000002,34.91556270000001],[-76.72500000000002,34.91602870000003],[-76.72500000000002,34.91695490000001],[-76.72500000000002,34.91725680000002],[-76.72500000000002,34.91796149999999],[-76.72500000000002,34.929580499999986],[-76.72500000000002,34.93240109999999],[-76.72500000000002,34.94999999999999],[-76.7125426,34.94999999999999],[-76.70968219999997,34.94999999999999],[-76.689864,34.94999999999999],[-76.68757060000002,34.94999999999999],[-76.6798839,34.94999999999999],[-76.67852090000002,34.94999999999999],[-76.67739849999998,34.94999999999999],[-76.6745636,34.94999999999999],[-76.67106899999999,34.94999999999999],[-76.670523,34.94999999999999],[-76.66975680000002,34.94999999999999],[-76.66497800000002,34.94999999999999],[-76.66187020000001,34.94999999999999],[-76.65799349999998,34.94999999999999],[-76.65758360000001,34.94999999999999],[-76.65185830000001,34.94999999999999],[-76.65159139999997,34.94999999999999],[-76.65101340000001,34.94999999999999],[-76.64999999999998,34.94999999999999],[-76.64999999999998,34.949339699999996],[-76.64999999999998,34.94915400000002],[-76.64999999999998,34.948961999999995],[-76.64999999999998,34.946741599999996],[-76.64999999999998,34.93654099999998],[-76.64999999999998,34.93466269999999],[-76.64999999999998,34.931543999999974],[-76.64999999999998,34.9292782],[-76.64999999999998,34.922511199999974],[-76.64999999999998,34.91468889999999],[-76.64999999999998,34.91003380000001],[-76.64999999999998,34.90831050000003],[-76.64999999999998,34.90256240000002],[-76.64999999999998,34.90040729999998],[-76.64999999999998,34.89187770000001],[-76.64999999999998,34.8873365],[-76.64999999999998,34.88255889999999],[-76.64999999999998,34.875],[-76.69087769999999,34.875],[-76.69152009999999,34.875],[-76.69157460000002,34.875],[-76.69182089999998,34.875],[-76.69256719999998,34.875],[-76.6969699,34.875],[-76.7034008,34.875]]]}},{"type":"Feature","properties":{},"geometry":{"type":"Polygon","coordinates":[[[-76.61633060000003,34.875],[-76.64999999999998,34.875],[-76.64999999999998,34.88255889999999],[-76.64999999999998,34.8873365],[-76.64999999999998,34.89187770000001],[-76.64999999999998,34.90040729999998],[-76.64999999999998,34.90256240000002],[-76.64999999999998,34.90831050000003],[-76.64999999999998,34.91003380000001],[-76.64999999999998,34.91468889999999],[-76.64999999999998,34.922511199999974],[-76.64999999999998,34.9292782],[-76.64999999999998,34.931543999999974],[-76.64999999999998,34.93466269999999],[-76.64999999999998,34.93654099999998],[-76.64999999999998,34.946741599999996],[-76.64999999999998,34.948961999999995],[-76.64999999999998,34.94915400000002],[-76.64999999999998,34.949339699999996],[-76.64999999999998,34.94999999999999],[-76.6473206,34.94999999999999],[-76.64614449999999,34.94999999999999],[-76.61633060000003,34.94999999999999],[-76.5956008,34.94999999999999],[-76.59468600000002,34.94999999999999],[-76.59345610000003,34.94999999999999],[-76.59179970000002,34.94999999999999],[-76.5904246,34.94999999999999],[-76.58789200000001,34.94999999999999],[-76.58619199999998,34.94999999999999],[-76.58342090000002,34.94999999999999],[-76.58147480000002,34.94999999999999],[-76.58017000000001,34.94999999999999],[-76.57958480000002,34.94999999999999],[-76.57570709999999,34.94999999999999],[-76.57499999999999,34.94999999999999],[-76.57499999999999,34.949064799999974],[-76.57499999999999,34.94707149999999],[-76.57499999999999,34.94666719999998],[-76.57499999999999,34.9113428],[-76.57499999999999,34.9108286],[-76.57499999999999,34.91046110000002],[-76.57499999999999,34.909994900000015],[-76.57499999999999,34.891910499999994],[-76.57499999999999,34.875],[-76.61633060000003,34.875]]]}},{"type":"Feature","properties":{},"geometry":{"type":"Polygon","coordinates":[[[-76.57499999999999,34.875],[-76.57499999999999,34.891910499999994],[-76.57499999999999,34.909994900000015],[-76.57499999999999,34.91046110000002],[-76.57499999999999,34.9108286],[-76.57499999999999,34.9113428],[-76.57499999999999,34.94666719999998],[-76.57499999999999,34.94707149999999],[-76.57499999999999,34.949064799999974],[-76.57499999999999,34.94999999999999],[-76.56286779999999,34.94999999999999],[-76.55751700000002,34.94999999999999],[-76.5045624,34.94999999999999],[-76.50400230000002,34.94999999999999],[-76.5037337,34.94999999999999],[-76.50143229999998,34.94999999999999],[-76.5,34.94999999999999],[-76.5,34.89191920000002],[-76.5,34.875],[-76.57499999999999,34.875]]]}},{"type":"Feature","properties":{},"geometry":{"type":"Polygon","coordinates":[[[-76.41177390000001,34.875],[-76.42500000000001,34.875],[-76.42500000000001,34.891927899999985],[-76.42500000000001,34.9043034],[-76.42500000000001,34.916767600000014],[-76.42500000000001,34.91908990000002],[-76.42500000000001,34.91959300000002],[-76.42500000000001,34.919855299999995],[-76.42500000000001,34.92030890000001],[-76.42500000000001,34.94422450000002],[-76.42500000000001,34.94791270000002],[-76.42500000000001,34.94999999999999],[-76.42363089999998,34.94999999999999],[-76.42301700000002,34.94999999999999],[-76.41869559999998,34.94999999999999],[-76.4131322,34.94999999999999],[-76.4009883,34.94999999999999],[-76.3966972,34.94999999999999],[-76.3921052,34.94999999999999],[-76.39129439999999,34.94999999999999],[-76.38759670000002,34.94999999999999],[-76.35000000000002,34.94999999999999],[-76.35000000000002,34.93736150000001],[-76.35000000000002,34.93717950000001],[-76.35000000000002,34.92929459999999],[-76.35000000000002,34.92797940000003],[-76.35000000000002,34.9271852],[-76.35000000000002,34.92697770000001],[-76.35000000000002,34.9253008],[-76.35000000000002,34.923821299999986],[-76.35000000000002,34.917116899999996],[-76.35000000000002,34.910665900000026],[-76.35000000000002,34.9059565],[-76.35000000000002,34.891960100000006],[-76.35000000000002,34.875],[-76.36259130000002,34.875],[-76.3632768,34.875],[-76.36456249999998,34.875],[-76.3648571,34.875],[-76.36596309999999,34.875],[-76.3670707,34.875],[-76.36862559999997,34.875],[-76.37511360000002,34.875],[-76.37767209999998,34.875],[-76.39016500000002,34.875],[-76.39116059999998,34.875],[-76.40687659999998,34.875],[-76.41177390000001,34.875]]]}},{"type":"Feature","properties":{},"geometry":{"type":"Polygon","coordinates":[[[-76.97841390000002,34.94999999999999],[-77.02499999999998,34.94999999999999],[-77.02499999999998,34.99029999999999],[-77.02499999999998,35.02499999999998],[-76.98482539999998,35.02499999999998],[-76.98221560000002,35.02499999999998],[-76.97120380000001,35.02499999999998],[-76.96997829999998,35.02499999999998],[-76.96985330000001,35.02499999999998],[-76.96952119999997,35.02499999999998],[-76.96918899999997,35.02499999999998],[-76.94999999999999,35.02499999999998],[-76.94999999999999,35.008744200000024],[-76.94999999999999,35.008369800000025],[-76.94999999999999,35.006855099999996],[-76.94999999999999,35.00652630000002],[-76.94999999999999,35.005868299999975],[-76.94999999999999,35.00553980000001],[-76.94999999999999,34.99136390000001],[-76.94999999999999,34.9862119],[-76.94999999999999,34.94999999999999],[-76.97841390000002,34.94999999999999]]]}},{"type":"Feature","properties":{},"geometry":{"type":"Polygon","coordinates":[[[-76.907351,34.94999999999999],[-76.94999999999999,34.94999999999999],[-76.94999999999999,34.9862119],[-76.94999999999999,34.99136390000001],[-76.94999999999999,35.00553980000001],[-76.94999999999999,35.005868299999975],[-76.94999999999999,35.00652630000002],[-76.94999999999999,35.006855099999996],[-76.94999999999999,35.008369800000025],[-76.94999999999999,35.008744200000024],[-76.94999999999999,35.02499999999998],[-76.93370579999998,35.02499999999998],[-76.91014280000002,35.02499999999998],[-76.90814540000002,35.02499999999998],[-76.90168469999998,35.02499999999998],[-76.90160229999998,35.02499999999998],[-76.90072600000002,35.02499999999998],[-76.875,35.02499999999998],[-76.875,35.00321100000002],[-76.875,34.9985719],[-76.875,34.99275290000003],[-76.875,34.963651700000014],[-76.875,34.95108920000001],[-76.875,34.94999999999999],[-76.88045319999998,34.94999999999999],[-76.88987329999998,34.94999999999999],[-76.89088459999999,34.94999999999999],[-76.89360349999998,34.94999999999999],[-76.89690619999999,34.94999999999999],[-76.89773500000001,34.94999999999999],[-76.89950920000001,34.94999999999999],[-76.90031149999999,34.94999999999999],[-76.90146290000001,34.94999999999999],[-76.90361730000001,34.94999999999999],[-76.90424030000003,34.94999999999999],[-76.90582760000001,34.94999999999999],[-76.9060867,34.94999999999999],[-76.907351,34.94999999999999]]]}},{"type":"Feature","properties":{},"geometry":{"type":"Polygon","coordinates":[[[-76.86168730000003,34.94999999999999],[-76.875,34.94999999999999],[-76.875,34.95108920000001],[-76.875,34.963651700000014],[-76.875,34.99275290000003],[-76.875,34.9985719],[-76.875,35.00321100000002],[-76.875,35.02499999999998],[-76.86867960000001,35.02499999999998],[-76.8680233,35.02499999999998],[-76.86457760000002,35.02499999999998],[-76.86421710000002,35.02499999999998],[-76.8592299,35.02499999999998],[-76.80000000000001,35.02499999999998],[-76.80000000000001,34.969504099999995],[-76.80000000000001,34.96808679999998],[-76.80000000000001,34.96094879999998],[-76.80000000000001,34.960695199999975],[-76.80000000000001,34.94999999999999],[-76.83658409999998,34.94999999999999],[-76.86168730000003,34.94999999999999]]]}},{"type":"Feature","properties":{},"geometry":{"type":"Polygon","coordinates":[[[-76.72914659999998,34.94999999999999],[-76.7967931,34.94999999999999],[-76.80000000000001,34.94999999999999],[-76.80000000000001,34.960695199999975],[-76.80000000000001,34.96094879999998],[-76.80000000000001,34.96808679999998],[-76.80000000000001,34.969504099999995],[-76.80000000000001,35.02499999999998],[-76.790841,35.02499999999998],[-76.79059660000001,35.02499999999998],[-76.7897653,35.02499999999998],[-76.78691709999998,35.02499999999998],[-76.7859618,35.02499999999998],[-76.78412370000001,35.02499999999998],[-76.78266839999998,35.02499999999998],[-76.73799330000003,35.02499999999998],[-76.7368922,35.02499999999998],[-76.73204379999999,35.02499999999998],[-76.73130909999998,35.02499999999998],[-76.72613180000002,35.02499999999998],[-76.72584799999998,35.02499999999998],[-76.7255169,35.02499999999998],[-76.72500000000002,35.02499999999998],[-76.72500000000002,35.024669700000004],[-76.72500000000002,35.02189379999999],[-76.72500000000002,35.02113539999999],[-76.72500000000002,35.02097880000002],[-76.72500000000002,35.02063390000001],[-76.72500000000002,35.00631490000001],[-76.72500000000002,35.00619840000002],[-76.72500000000002,35.00525829999998],[-76.72500000000002,35.0050579],[-76.72500000000002,35.00239800000003],[-76.72500000000002,35.00128649999999],[-76.72500000000002,34.99654909999998],[-76.72500000000002,34.956018400000005],[-76.72500000000002,34.94999999999999],[-76.72914659999998,34.94999999999999]]]}},{"type":"Feature","properties":{},"geometry":{"type":"Polygon","coordinates":[[[-76.7125426,34.94999999999999],[-76.72500000000002,34.94999999999999],[-76.72500000000002,34.956018400000005],[-76.72500000000002,34.99654909999998],[-76.72500000000002,35.00128649999999],[-76.72500000000002,35.00239800000003],[-76.72500000000002,35.0050579],[-76.72500000000002,35.00525829999998],[-76.72500000000002,35.00619840000002],[-76.72500000000002,35.00631490000001],[-76.72500000000002,35.02063390000001],[-76.72500000000002,35.02097880000002],[-76.72500000000002,35.02113539999999],[-76.72500000000002,35.02189379999999],[-76.72500000000002,35.024669700000004],[-76.72500000000002,35.02499999999998],[-76.72447069999998,35.02499999999998],[-76.720416,35.02499999999998],[-76.71542870000002,35.02499999999998],[-76.71498380000003,35.02499999999998],[-76.71436920000002,35.02499999999998],[-76.71418599999998,35.02499999999998],[-76.70337849999999,35.02499999999998],[-76.70320570000001,35.02499999999998],[-76.70211760000001,35.02499999999998],[-76.7019434,35.02499999999998],[-76.70141660000002,35.02499999999998],[-76.70078940000002,35.02499999999998],[-76.69970799999999,35.02499999999998],[-76.69056160000002,35.02499999999998],[-76.6681269,35.02499999999998],[-76.6666472,35.02499999999998],[-76.66509070000001,35.02499999999998],[-76.66260829999999,35.02499999999998],[-76.66180759999997,35.02499999999998],[-76.64999999999998,35.02499999999998],[-76.64999999999998,35.02040599999998],[-76.64999999999998,35.018002000000024],[-76.64999999999998,35.01682210000001],[-76.64999999999998,35.01020599999998],[-76.64999999999998,34.99645559999999],[-76.64999999999998,34.99624160000002],[-76.64999999999998,34.98541030000001],[-76.64999999999998,34.982326],[-76.64999999999998,34.952519300000006],[-76.64999999999998,34.952351599999986],[-76.64999999999998,34.94999999999999],[-76.65101340000001,34.94999999999999],[-76.65159139999997,34.94999999999999],[-76.65185830000001,34.94999999999999],[-76.65758360000001,34.94999999999999],[-76.65799349999998,34.94999999999999],[-76.66187020000001,34.94999999999999],[-76.66497800000002,34.94999999999999],[-76.66975680000002,34.94999999999999],[-76.670523,34.94999999999999],[-76.67106899999999,34.94999999999999],[-76.6745636,34.94999999999999],[-76.67739849999998,34.94999999999999],[-76.67852090000002,34.94999999999999],[-76.6798839,34.94999999999999],[-76.68757060000002,34.94999999999999],[-76.689864,34.94999999999999],[-76.70968219999997,34.94999999999999],[-76.7125426,34.94999999999999]]]}},{"type":"Feature","properties":{},"geometry":{"type":"Polygon","coordinates":[[[-76.6473206,34.94999999999999],[-76.64999999999998,34.94999999999999],[-76.64999999999998,34.952351599999986],[-76.64999999999998,34.952519300000006],[-76.64999999999998,34.982326],[-76.64999999999998,34.98541030000001],[-76.64999999999998,34.99624160000002],[-76.64999999999998,34.99645559999999],[-76.64999999999998,35.01020599999998],[-76.64999999999998,35.01682210000001],[-76.64999999999998,35.018002000000024],[-76.64999999999998,35.02040599999998],[-76.64999999999998,35.02499999999998],[-76.64093659999997,35.02499999999998],[-76.63421069999998,35.02499999999998],[-76.61633060000003,35.02499999999998],[-76.57576870000003,35.02499999999998],[-76.57499999999999,35.02499999999998],[-76.57499999999999,35.02486720000002],[-76.57499999999999,35.02102100000002],[-76.57499999999999,35.01013899999998],[-76.57499999999999,35.00939770000002],[-76.57499999999999,34.99242889999999],[-76.57499999999999,34.9917178],[-76.57499999999999,34.989905599999986],[-76.57499999999999,34.98859160000001],[-76.57499999999999,34.98256789999999],[-76.57499999999999,34.98227400000002],[-76.57499999999999,34.97862029999999],[-76.57499999999999,34.97814290000002],[-76.57499999999999,34.975440100000014],[-76.57499999999999,34.973652800000025],[-76.57499999999999,34.969183999999984],[-76.57499999999999,34.968322],[-76.57499999999999,34.96751979999999],[-76.57499999999999,34.965130999999985],[-76.57499999999999,34.9557016],[-76.57499999999999,34.94999999999999],[-76.57570709999999,34.94999999999999],[-76.57958480000002,34.94999999999999],[-76.58017000000001,34.94999999999999],[-76.58147480000002,34.94999999999999],[-76.58342090000002,34.94999999999999],[-76.58619199999998,34.94999999999999],[-76.58789200000001,34.94999999999999],[-76.5904246,34.94999999999999],[-76.59179970000002,34.94999999999999],[-76.59345610000003,34.94999999999999],[-76.59468600000002,34.94999999999999],[-76.5956008,34.94999999999999],[-76.61633060000003,34.94999999999999],[-76.64614449999999,34.94999999999999],[-76.6473206,34.94999999999999]]]}},{"type":"Feature","properties":{},"geometry":{"type":"Polygon","coordinates":[[[-76.56286779999999,34.94999999999999],[-76.57499999999999,34.94999999999999],[-76.57499999999999,34.9557016],[-76.57499999999999,34.965130999999985],[-76.57499999999999,34.96751979999999],[-76.57499999999999,34.968322],[-76.57499999999999,34.969183999999984],[-76.57499999999999,34.973652800000025],[-76.57499999999999,34.975440100000014],[-76.57499999999999,34.97814290000002],[-76.57499999999999,34.97862029999999],[-76.57499999999999,34.98227400000002],[-76.57499999999999,34.98256789999999],[-76.57499999999999,34.98859160000001],[-76.57499999999999,34.989905599999986],[-76.57499999999999,34.9917178],[-76.57499999999999,34.99242889999999],[-76.57499999999999,35.00939770000002],[-76.57499999999999,35.01013899999998],[-76.57499999999999,35.02102100000002],[-76.57499999999999,35.02486720000002],[-76.57499999999999,35.02499999999998],[-76.57452239999998,35.02499999999998],[-76.55366839999999,35.02499999999998],[-76.5513823,35.02499999999998],[-76.52928880000002,35.02499999999998],[-76.5249306,35.02499999999998],[-76.51131479999998,35.02499999999998],[-76.5083957,35.02499999999998],[-76.50094339999998,35.02499999999998],[-76.5,35.02499999999998],[-76.5,35.02309500000001],[-76.5,35.012968],[-76.5,35.006481399999984],[-76.5,35.005567600000006],[-76.5,35.004274099999975],[-76.5,34.98783850000001],[-76.5,34.98752459999997],[-76.5,34.983945800000015],[-76.5,34.983688400000005],[-76.5,34.983224699999994],[-76.5,34.97533920000001],[-76.5,34.97456390000002],[-76.5,34.96684699999997],[-76.5,34.96358889999999],[-76.5,34.9598555],[-76.5,34.95399420000001],[-76.5,34.9534726],[-76.5,34.9512254],[-76.5,34.94999999999999],[-76.50143229999998,34.94999999999999],[-76.5037337,34.94999999999999],[-76.50400230000002,34.94999999999999],[-76.5045624,34.94999999999999],[-76.55751700000002,34.94999999999999],[-76.56286779999999,34.94999999999999]]]}},{"type":"Feature","properties":{},"geometry":{"type":"Polygon","coordinates":[[[-76.4645726,34.94999999999999],[-76.5,34.94999999999999],[-76.5,34.9512254],[-76.5,34.9534726],[-76.5,34.95399420000001],[-76.5,34.9598555],[-76.5,34.96358889999999],[-76.5,34.96684699999997],[-76.5,34.97456390000002],[-76.5,34.97533920000001],[-76.5,34.983224699999994],[-76.5,34.983688400000005],[-76.5,34.983945800000015],[-76.5,34.98752459999997],[-76.5,34.98783850000001],[-76.5,35.004274099999975],[-76.5,35.005567600000006],[-76.5,35.006481399999984],[-76.5,35.012968],[-76.5,35.0133409],[-76.5,35.02309500000001],[-76.5,35.02499999999998],[-76.49913229999999,35.02499999999998],[-76.4950129,35.02499999999998],[-76.4921592,35.02499999999998],[-76.4726488,35.02499999999998],[-76.46152059999997,35.02499999999998],[-76.45910040000001,35.02499999999998],[-76.43832040000001,35.02499999999998],[-76.43736689999997,35.02499999999998],[-76.43731539999999,35.02499999999998],[-76.42500000000001,35.02499999999998],[-76.42500000000001,35.0248335],[-76.42500000000001,35.022342400000014],[-76.42500000000001,35.019635900000026],[-76.42500000000001,35.005256599999996],[-76.42500000000001,35.00141000000002],[-76.42500000000001,34.99363890000001],[-76.42500000000001,34.99051930000002],[-76.42500000000001,34.99008909999998],[-76.42500000000001,34.990046800000016],[-76.42500000000001,34.9784095],[-76.42500000000001,34.97575089999998],[-76.42500000000001,34.97485899999998],[-76.42500000000001,34.970932600000026],[-76.42500000000001,34.96034930000002],[-76.42500000000001,34.95834380000002],[-76.42500000000001,34.95820020000002],[-76.42500000000001,34.953543000000025],[-76.42500000000001,34.94999999999999],[-76.42675070000001,34.94999999999999],[-76.43843379999998,34.94999999999999],[-76.44826699999999,34.94999999999999],[-76.45521430000002,34.94999999999999],[-76.4645726,34.94999999999999]]]}},{"type":"Feature","properties":{},"geometry":{"type":"Polygon","coordinates":[[[-76.42363089999998,34.94999999999999],[-76.42500000000001,34.94999999999999],[-76.42500000000001,34.953543000000025],[-76.42500000000001,34.95820020000002],[-76.42500000000001,34.95834380000002],[-76.42500000000001,34.96034930000002],[-76.42500000000001,34.970932600000026],[-76.42500000000001,34.97485899999998],[-76.42500000000001,34.97575089999998],[-76.42500000000001,34.9784095],[-76.42500000000001,34.990046800000016],[-76.42500000000001,34.99008909999998],[-76.42500000000001,34.99051930000002],[-76.42500000000001,34.99363890000001],[-76.42500000000001,35.00141000000002],[-76.42500000000001,35.005256599999996],[-76.42500000000001,35.019635900000026],[-76.42500000000001,35.022342400000014],[-76.42500000000001,35.0248335],[-76.42500000000001,35.02499999999998],[-76.42493769999999,35.02499999999998],[-76.4219991,35.02499999999998],[-76.415235,35.02499999999998],[-76.40859949999998,35.02499999999998],[-76.39630720000002,35.02499999999998],[-76.3935553,35.02499999999998],[-76.39129439999999,35.02499999999998],[-76.38559930000002,35.02499999999998],[-76.38514149999997,35.02499999999998],[-76.38228559999999,35.02499999999998],[-76.37646999999998,35.02499999999998],[-76.37558530000001,35.02499999999998],[-76.35661859999999,35.02499999999998],[-76.35000000000002,35.02499999999998],[-76.35000000000002,35.02323209999997],[-76.35000000000002,35.01474280000002],[-76.35000000000002,35.00384780000002],[-76.35000000000002,34.99988819999999],[-76.35000000000002,34.99792200000002],[-76.35000000000002,34.99179830000003],[-76.35000000000002,34.991713600000026],[-76.35000000000002,34.9877879],[-76.35000000000002,34.98220470000001],[-76.35000000000002,34.97487940000002],[-76.35000000000002,34.97098970000002],[-76.35000000000002,34.94999999999999],[-76.38759670000002,34.94999999999999],[-76.39129439999999,34.94999999999999],[-76.3921052,34.94999999999999],[-76.3966972,34.94999999999999],[-76.4009883,34.94999999999999],[-76.4131322,34.94999999999999],[-76.41869559999998,34.94999999999999],[-76.42301700000002,34.94999999999999],[-76.42363089999998,34.94999999999999]]]}},{"type":"Feature","properties":{},"geometry":{"type":"Polygon","coordinates":[[[-76.29004800000001,34.94999999999999],[-76.35000000000002,34.94999999999999],[-76.35000000000002,34.97098970000002],[-76.35000000000002,34.97487940000002],[-76.35000000000002,34.98220470000001],[-76.35000000000002,34.9877879],[-76.35000000000002,34.991713600000026],[-76.35000000000002,34.99179830000003],[-76.35000000000002,34.99792200000002],[-76.35000000000002,34.99988819999999],[-76.35000000000002,35.00384780000002],[-76.35000000000002,35.01474280000002],[-76.35000000000002,35.02323209999997],[-76.35000000000002,35.02499999999998],[-76.3380565,35.02499999999998],[-76.33767490000002,35.02499999999998],[-76.33732300000003,35.02499999999998],[-76.33676200000002,35.02499999999998],[-76.33619979999997,35.02499999999998],[-76.33428809999998,35.02499999999998],[-76.33353970000002,35.02499999999998],[-76.33192730000002,35.02499999999998],[-76.33140880000002,35.02499999999998],[-76.33078769999997,35.02499999999998],[-76.32584209999999,35.02499999999998],[-76.32271730000002,35.02499999999998],[-76.32177910000001,35.02499999999998],[-76.30344159999999,35.02499999999998],[-76.27499999999998,35.02499999999998],[-76.27499999999998,35.01494630000002],[-76.27499999999998,35.01000859999999],[-76.27499999999998,35.00920129999997],[-76.27499999999998,35.00846280000002],[-76.27499999999998,35.00679439999999],[-76.27499999999998,35.00676149999998],[-76.27499999999998,35.0055534],[-76.27499999999998,35.00401840000001],[-76.27499999999998,35.002078100000006],[-76.27499999999998,34.99986999999999],[-76.27499999999998,34.99955440000002],[-76.27499999999998,34.99705640000002],[-76.27499999999998,34.99617460000002],[-76.27499999999998,34.99438140000001],[-76.27499999999998,34.99343909999999],[-76.27499999999998,34.99291469999997],[-76.27499999999998,34.992427899999996],[-76.27499999999998,34.9901888],[-76.27499999999998,34.98949699999997],[-76.27499999999998,34.98905300000001],[-76.27499999999998,34.986178300000006],[-76.27499999999998,34.98184850000001],[-76.27499999999998,34.96622150000002],[-76.27499999999998,34.96351099999998],[-76.27499999999998,34.96137779999998],[-76.27499999999998,34.9595473],[-76.27499999999998,34.94999999999999],[-76.27836050000002,34.94999999999999],[-76.27981060000002,34.94999999999999],[-76.28298799999999,34.94999999999999],[-76.28325749999999,34.94999999999999],[-76.28793539999998,34.94999999999999],[-76.28840150000002,34.94999999999999],[-76.29004800000001,34.94999999999999]]]}},{"type":"Feature","properties":{},"geometry":{"type":"Polygon","coordinates":[[[-76.2651075,34.94999999999999],[-76.27499999999998,34.94999999999999],[-76.27499999999998,34.9595473],[-76.27499999999998,34.96137779999998],[-76.27499999999998,34.96351099999998],[-76.27499999999998,34.96622150000002],[-76.27499999999998,34.98184850000001],[-76.27499999999998,34.986178300000006],[-76.27499999999998,34.98905300000001],[-76.27499999999998,34.98949699999997],[-76.27499999999998,34.9901888],[-76.27499999999998,34.992427899999996],[-76.27499999999998,34.99291469999997],[-76.27499999999998,34.99343909999999],[-76.27499999999998,34.99438140000001],[-76.27499999999998,34.99617460000002],[-76.27499999999998,34.99705640000002],[-76.27499999999998,34.99955440000002],[-76.27499999999998,34.99986999999999],[-76.27499999999998,35.002078100000006],[-76.27499999999998,35.00401840000001],[-76.27499999999998,35.0055534],[-76.27499999999998,35.00676149999998],[-76.27499999999998,35.00679450000001],[-76.27499999999998,35.00846280000002],[-76.27499999999998,35.00920129999997],[-76.27499999999998,35.01000859999999],[-76.27499999999998,35.01494630000002],[-76.27499999999998,35.02499999999998],[-76.25385089999997,35.02499999999998],[-76.24920220000001,35.02499999999998],[-76.20273320000001,35.02499999999998],[-76.19999999999999,35.02499999999998],[-76.19999999999999,35.019287399999996],[-76.19999999999999,35.0149002],[-76.19999999999999,35.01158830000003],[-76.19999999999999,35.0081864],[-76.19999999999999,35.00640470000002],[-76.19999999999999,35.000860699999976],[-76.19999999999999,34.99817159999998],[-76.19999999999999,34.997327900000016],[-76.19999999999999,34.98414700000001],[-76.19999999999999,34.98383460000002],[-76.19999999999999,34.9740645],[-76.19999999999999,34.95936019999999],[-76.19999999999999,34.95343070000001],[-76.19999999999999,34.95177849999999],[-76.19999999999999,34.950755000000015],[-76.19999999999999,34.94999999999999],[-76.20172980000001,34.94999999999999],[-76.20430770000002,34.94999999999999],[-76.22216680000002,34.94999999999999],[-76.23421239999999,34.94999999999999],[-76.2386775,34.94999999999999],[-76.241647,34.94999999999999],[-76.26195109999998,34.94999999999999],[-76.2651075,34.94999999999999]]]}},{"type":"Feature","properties":{},"geometry":{"type":"Polygon","coordinates":[[[-77.05309310000001,35.10000000000002],[-77.05261569999999,35.10000000000002],[-77.04812900000002,35.10000000000002],[-77.0445176,35.10000000000002],[-77.04275860000001,35.10000000000002],[-77.0426539,35.10000000000002],[-77.04156360000002,35.10000000000002],[-77.0412791,35.10000000000002],[-77.04122799999999,35.10000000000002],[-77.0393234,35.10000000000002],[-77.03919289999999,35.10000000000002],[-77.03838680000001,35.10000000000002],[-77.03780219999999,35.10000000000002],[-77.0375191,35.10000000000002],[-77.0372466,35.10000000000002],[-77.03708519999998,35.10000000000002],[-77.03688979999998,35.10000000000002],[-77.03682600000002,35.10000000000002],[-77.03499970000001,35.10000000000002],[-77.03342220000002,35.10000000000002],[-77.03314360000002,35.10000000000002],[-77.0325871,35.10000000000002],[-77.03230860000002,35.10000000000002],[-77.02499999999998,35.10000000000002],[-77.02499999999998,35.097556399999974],[-77.02499999999998,35.097299599999985],[-77.02499999999998,35.087867500000016],[-77.02499999999998,35.08769419999999],[-77.02499999999998,35.08746580000002],[-77.02499999999998,35.086298699999986],[-77.02499999999998,35.08496819999999],[-77.02499999999998,35.083540500000026],[-77.02499999999998,35.08305469999999],[-77.02499999999998,35.08225909999999],[-77.02499999999998,35.02499999999998],[-77.05499999999999,35.02499999999998],[-77.05499999999999,35.10000000000002],[-77.05309310000001,35.10000000000002]]]}},{"type":"Feature","properties":{},"geometry":{"type":"Polygon","coordinates":[[[-76.98482539999998,35.02499999999998],[-77.02499999999998,35.02499999999998],[-77.02499999999998,35.08225909999999],[-77.02499999999998,35.08305469999999],[-77.02499999999998,35.083540500000026],[-77.02499999999998,35.08496819999999],[-77.02499999999998,35.086298699999986],[-77.02499999999998,35.08746580000002],[-77.02499999999998,35.08769419999999],[-77.02499999999998,35.087867500000016],[-77.02499999999998,35.097299599999985],[-77.02499999999998,35.097556399999974],[-77.02499999999998,35.10000000000002],[-77.02268479999998,35.10000000000002],[-77.01801160000002,35.10000000000002],[-77.01631099999997,35.10000000000002],[-77.01526560000002,35.10000000000002],[-77.01523179999998,35.10000000000002],[-77.01465300000001,35.10000000000002],[-77.01169140000002,35.10000000000002],[-77.00990960000001,35.10000000000002],[-77.009139,35.10000000000002],[-77.00816359999999,35.10000000000002],[-77.00774360000003,35.10000000000002],[-77.00681759999998,35.10000000000002],[-77.00670129999997,35.10000000000002],[-77.00497469999999,35.10000000000002],[-77.00268290000002,35.10000000000002],[-76.94999999999999,35.10000000000002],[-76.94999999999999,35.07321400000001],[-76.94999999999999,35.0711938],[-76.94999999999999,35.06719829999997],[-76.94999999999999,35.065284399999996],[-76.94999999999999,35.063962300000014],[-76.94999999999999,35.06361479999998],[-76.94999999999999,35.062748],[-76.94999999999999,35.06060359999998],[-76.94999999999999,35.05861900000002],[-76.94999999999999,35.05803079999998],[-76.94999999999999,35.05318779999999],[-76.94999999999999,35.05104369999998],[-76.94999999999999,35.04161770000002],[-76.94999999999999,35.04063180000003],[-76.94999999999999,35.038656600000024],[-76.94999999999999,35.02499999999998],[-76.96918899999997,35.02499999999998],[-76.96952119999997,35.02499999999998],[-76.96985330000001,35.02499999999998],[-76.96997829999998,35.02499999999998],[-76.97120380000001,35.02499999999998],[-76.98221560000002,35.02499999999998],[-76.98482539999998,35.02499999999998]]]}},{"type":"Feature","properties":{},"geometry":{"type":"Polygon","coordinates":[[[-76.93370579999998,35.02499999999998],[-76.94999999999999,35.02499999999998],[-76.94999999999999,35.038656600000024],[-76.94999999999999,35.04063180000003],[-76.94999999999999,35.04161770000002],[-76.94999999999999,35.05104369999998],[-76.94999999999999,35.05318779999999],[-76.94999999999999,35.05803079999998],[-76.94999999999999,35.05861900000002],[-76.94999999999999,35.06060359999998],[-76.94999999999999,35.062748],[-76.94999999999999,35.06361479999998],[-76.94999999999999,35.063962300000014],[-76.94999999999999,35.065284399999996],[-76.94999999999999,35.06719829999997],[-76.94999999999999,35.0711938],[-76.94999999999999,35.07321400000001],[-76.94999999999999,35.10000000000002],[-76.94518599999998,35.10000000000002],[-76.94419799999997,35.10000000000002],[-76.9431573,35.10000000000002],[-76.94265410000003,35.10000000000002],[-76.94222780000001,35.10000000000002],[-76.93840180000001,35.10000000000002],[-76.93817890000003,35.10000000000002],[-76.93728679999998,35.10000000000002],[-76.93626360000002,35.10000000000002],[-76.90366690000002,35.10000000000002],[-76.90124850000001,35.10000000000002],[-76.8989398,35.10000000000002],[-76.89582410000003,35.10000000000002],[-76.875,35.10000000000002],[-76.875,35.02499999999998],[-76.90072600000002,35.02499999999998],[-76.90160229999998,35.02499999999998],[-76.90168469999998,35.02499999999998],[-76.90814540000002,35.02499999999998],[-76.91014280000002,35.02499999999998],[-76.93370579999998,35.02499999999998]]]}},{"type":"Feature","properties":{},"geometry":{"type":"Polygon","coordinates":[[[-76.80000000000001,35.03277969999999],[-76.80000000000001,35.02499999999998],[-76.8592299,35.02499999999998],[-76.86421710000002,35.02499999999998],[-76.86457760000002,35.02499999999998],[-76.8680233,35.02499999999998],[-76.86867960000001,35.02499999999998],[-76.875,35.02499999999998],[-76.875,35.10000000000002],[-76.80000000000001,35.10000000000002],[-76.80000000000001,35.03300919999998],[-76.80000000000001,35.03277969999999]]]}},{"type":"Feature","properties":{},"geometry":{"type":"Polygon","coordinates":[[[-76.790841,35.02499999999998],[-76.80000000000001,35.02499999999998],[-76.80000000000001,35.03277969999999],[-76.80000000000001,35.03300919999998],[-76.80000000000001,35.10000000000002],[-76.72500000000002,35.10000000000002],[-76.72500000000002,35.03906740000002],[-76.72500000000002,35.03862299999997],[-76.72500000000002,35.03768409999998],[-76.72500000000002,35.0359067],[-76.72500000000002,35.03555990000001],[-76.72500000000002,35.03360570000001],[-76.72500000000002,35.0330831],[-76.72500000000002,35.02499999999998],[-76.7255169,35.02499999999998],[-76.72584799999998,35.02499999999998],[-76.72613180000002,35.02499999999998],[-76.73130909999998,35.02499999999998],[-76.73204379999999,35.02499999999998],[-76.7368922,35.02499999999998],[-76.73799330000003,35.02499999999998],[-76.78266839999998,35.02499999999998],[-76.78412370000001,35.02499999999998],[-76.7859618,35.02499999999998],[-76.78691709999998,35.02499999999998],[-76.7897653,35.02499999999998],[-76.79059660000001,35.02499999999998],[-76.790841,35.02499999999998]]]}},{"type":"Feature","properties":{},"geometry":{"type":"Polygon","coordinates":[[[-76.72447069999998,35.02499999999998],[-76.72500000000002,35.02499999999998],[-76.72500000000002,35.0330831],[-76.72500000000002,35.03360570000001],[-76.72500000000002,35.03555990000001],[-76.72500000000002,35.0359067],[-76.72500000000002,35.03768409999998],[-76.72500000000002,35.03862299999997],[-76.72500000000002,35.03906740000002],[-76.72500000000002,35.10000000000002],[-76.72292220000003,35.10000000000002],[-76.71789619999998,35.10000000000002],[-76.7177269,35.10000000000002],[-76.71735239999998,35.10000000000002],[-76.64999999999998,35.10000000000002],[-76.64999999999998,35.08967580000001],[-76.64999999999998,35.089244699999995],[-76.64999999999998,35.08868480000001],[-76.64999999999998,35.08812039999998],[-76.64999999999998,35.08778139999998],[-76.64999999999998,35.08424170000001],[-76.64999999999998,35.08251530000001],[-76.64999999999998,35.0816514],[-76.64999999999998,35.08023930000002],[-76.64999999999998,35.06443359999997],[-76.64999999999998,35.06402880000002],[-76.64999999999998,35.06366300000002],[-76.64999999999998,35.063176399999975],[-76.64999999999998,35.058678199999974],[-76.64999999999998,35.05811110000002],[-76.64999999999998,35.0573976],[-76.64999999999998,35.051911099999984],[-76.64999999999998,35.05133919999997],[-76.64999999999998,35.05101960000002],[-76.64999999999998,35.0469521],[-76.64999999999998,35.043902],[-76.64999999999998,35.037449200000026],[-76.64999999999998,35.03438849999998],[-76.64999999999998,35.03119520000001],[-76.64999999999998,35.02499999999998],[-76.66180759999997,35.02499999999998],[-76.66260829999999,35.02499999999998],[-76.66509070000001,35.02499999999998],[-76.6666472,35.02499999999998],[-76.6681269,35.02499999999998],[-76.69056160000002,35.02499999999998],[-76.69970799999999,35.02499999999998],[-76.70078940000002,35.02499999999998],[-76.70141660000002,35.02499999999998],[-76.7019434,35.02499999999998],[-76.70211760000001,35.02499999999998],[-76.70320570000001,35.02499999999998],[-76.70337849999999,35.02499999999998],[-76.71418599999998,35.02499999999998],[-76.71436920000002,35.02499999999998],[-76.71498380000003,35.02499999999998],[-76.71542870000002,35.02499999999998],[-76.720416,35.02499999999998],[-76.72447069999998,35.02499999999998]]]}},{"type":"Feature","properties":{},"geometry":{"type":"Polygon","coordinates":[[[-76.64093659999997,35.02499999999998],[-76.64999999999998,35.02499999999998],[-76.64999999999998,35.03119520000001],[-76.64999999999998,35.03438849999998],[-76.64999999999998,35.037449200000026],[-76.64999999999998,35.043902],[-76.64999999999998,35.0469521],[-76.64999999999998,35.05101960000002],[-76.64999999999998,35.05133919999997],[-76.64999999999998,35.051911099999984],[-76.64999999999998,35.0573976],[-76.64999999999998,35.05811110000002],[-76.64999999999998,35.058678199999974],[-76.64999999999998,35.063176399999975],[-76.64999999999998,35.06366300000002],[-76.64999999999998,35.06402880000002],[-76.64999999999998,35.06443359999997],[-76.64999999999998,35.08023930000002],[-76.64999999999998,35.0816514],[-76.64999999999998,35.08251530000001],[-76.64999999999998,35.08424170000001],[-76.64999999999998,35.08778139999998],[-76.64999999999998,35.08812039999998],[-76.64999999999998,35.08868480000001],[-76.64999999999998,35.089244699999995],[-76.64999999999998,35.08967580000001],[-76.64999999999998,35.10000000000002],[-76.63950269999998,35.10000000000002],[-76.63886350000001,35.10000000000002],[-76.63845099999998,35.10000000000002],[-76.63726919999999,35.10000000000002],[-76.61633060000003,35.10000000000002],[-76.61571279999998,35.10000000000002],[-76.61537179999999,35.10000000000002],[-76.6122856,35.10000000000002],[-76.61168120000002,35.10000000000002],[-76.61157209999999,35.10000000000002],[-76.61017500000003,35.10000000000002],[-76.60614709999999,35.10000000000002],[-76.60567049999997,35.10000000000002],[-76.60429019999998,35.10000000000002],[-76.60379139999998,35.10000000000002],[-76.60156160000003,35.10000000000002],[-76.59863150000001,35.10000000000002],[-76.59810040000002,35.10000000000002],[-76.59703819999999,35.10000000000002],[-76.59667780000001,35.10000000000002],[-76.5955988,35.10000000000002],[-76.59442469999999,35.10000000000002],[-76.59138639999998,35.10000000000002],[-76.59021230000002,35.10000000000002],[-76.5893064,35.10000000000002],[-76.5891001,35.10000000000002],[-76.58860499999997,35.10000000000002],[-76.5873469,35.10000000000002],[-76.58618790000003,35.10000000000002],[-76.58534800000001,35.10000000000002],[-76.58407110000002,35.10000000000002],[-76.58303160000003,35.10000000000002],[-76.57791730000002,35.10000000000002],[-76.57499999999999,35.10000000000002],[-76.57499999999999,35.099650199999985],[-76.57499999999999,35.09378099999998],[-76.57499999999999,35.086578599999996],[-76.57499999999999,35.08632060000002],[-76.57499999999999,35.07357999999999],[-76.57499999999999,35.06344419999999],[-76.57499999999999,35.06148109999998],[-76.57499999999999,35.05872499999998],[-76.57499999999999,35.0261926],[-76.57499999999999,35.02499999999998],[-76.57576870000003,35.02499999999998],[-76.61633060000003,35.02499999999998],[-76.63421069999998,35.02499999999998],[-76.64093659999997,35.02499999999998]]]}},{"type":"Feature","properties":{},"geometry":{"type":"Polygon","coordinates":[[[-76.57452239999998,35.02499999999998],[-76.57499999999999,35.02499999999998],[-76.57499999999999,35.0261926],[-76.57499999999999,35.05872499999998],[-76.57499999999999,35.06148109999998],[-76.57499999999999,35.06344419999999],[-76.57499999999999,35.07357999999999],[-76.57499999999999,35.08632060000002],[-76.57499999999999,35.086578599999996],[-76.57499999999999,35.09378099999998],[-76.57499999999999,35.099650199999985],[-76.57499999999999,35.10000000000002],[-76.57483930000001,35.10000000000002],[-76.57428190000002,35.10000000000002],[-76.569908,35.10000000000002],[-76.56823630000002,35.10000000000002],[-76.5681831,35.10000000000002],[-76.55603389999999,35.10000000000002],[-76.5486244,35.10000000000002],[-76.54128659999998,35.10000000000002],[-76.534988,35.10000000000002],[-76.53390730000001,35.10000000000002],[-76.52311509999998,35.10000000000002],[-76.5,35.10000000000002],[-76.5,35.087665800000025],[-76.5,35.06038050000001],[-76.5,35.05029300000001],[-76.5,35.050161100000025],[-76.5,35.028569800000014],[-76.5,35.02499999999998],[-76.50094339999998,35.02499999999998],[-76.5083957,35.02499999999998],[-76.51131479999998,35.02499999999998],[-76.5249306,35.02499999999998],[-76.52928880000002,35.02499999999998],[-76.5513823,35.02499999999998],[-76.55366839999999,35.02499999999998],[-76.57452239999998,35.02499999999998]]]}},{"type":"Feature","properties":{},"geometry":{"type":"Polygon","coordinates":[[[-76.49913229999999,35.02499999999998],[-76.5,35.02499999999998],[-76.5,35.028569800000014],[-76.5,35.050161100000025],[-76.5,35.05029300000001],[-76.5,35.060336500000005],[-76.5,35.06038050000001],[-76.5,35.087665800000025],[-76.5,35.10000000000002],[-76.48688090000002,35.10000000000002],[-76.47496330000001,35.10000000000002],[-76.44712559999999,35.10000000000002],[-76.42500000000001,35.10000000000002],[-76.42500000000001,35.096036200000015],[-76.42500000000001,35.093494599999985],[-76.42500000000001,35.08512209999998],[-76.42500000000001,35.079941399999996],[-76.42500000000001,35.07784800000002],[-76.42500000000001,35.07028980000001],[-76.42500000000001,35.058799799999974],[-76.42500000000001,35.05726129999999],[-76.42500000000001,35.050161100000025],[-76.42500000000001,35.04845230000001],[-76.42500000000001,35.03525969999998],[-76.42500000000001,35.034601399999985],[-76.42500000000001,35.0292235],[-76.42500000000001,35.02688760000001],[-76.42500000000001,35.02499999999998],[-76.43731539999999,35.02499999999998],[-76.43736689999997,35.02499999999998],[-76.43832040000001,35.02499999999998],[-76.45910040000001,35.02499999999998],[-76.46152059999997,35.02499999999998],[-76.4726488,35.02499999999998],[-76.4921592,35.02499999999998],[-76.4950129,35.02499999999998],[-76.49913229999999,35.02499999999998]]]}},{"type":"Feature","properties":{},"geometry":{"type":"Polygon","coordinates":[[[-76.42493769999999,35.02499999999998],[-76.42500000000001,35.02499999999998],[-76.42500000000001,35.02688760000001],[-76.42500000000001,35.0292235],[-76.42500000000001,35.034601399999985],[-76.42500000000001,35.03525969999998],[-76.42500000000001,35.04845230000001],[-76.42500000000001,35.050161100000025],[-76.42500000000001,35.05726129999999],[-76.42500000000001,35.058799799999974],[-76.42500000000001,35.07028980000001],[-76.42500000000001,35.07784800000002],[-76.42500000000001,35.079941399999996],[-76.42500000000001,35.08512209999998],[-76.42500000000001,35.093494599999985],[-76.42500000000001,35.096036200000015],[-76.42500000000001,35.10000000000002],[-76.39129439999999,35.10000000000002],[-76.3722785,35.10000000000002],[-76.35000000000002,35.10000000000002],[-76.35000000000002,35.069181800000024],[-76.35000000000002,35.046448],[-76.35000000000002,35.036526200000026],[-76.35000000000002,35.036020199999996],[-76.35000000000002,35.03456510000001],[-76.35000000000002,35.03304859999997],[-76.35000000000002,35.03218559999999],[-76.35000000000002,35.03078190000002],[-76.35000000000002,35.02499999999998],[-76.35661859999999,35.02499999999998],[-76.37558530000001,35.02499999999998],[-76.37646999999998,35.02499999999998],[-76.38228559999999,35.02499999999998],[-76.38514149999997,35.02499999999998],[-76.38559930000002,35.02499999999998],[-76.39129439999999,35.02499999999998],[-76.3935553,35.02499999999998],[-76.39630720000002,35.02499999999998],[-76.40859949999998,35.02499999999998],[-76.415235,35.02499999999998],[-76.4219991,35.02499999999998],[-76.42493769999999,35.02499999999998]]]}},{"type":"Feature","properties":{},"geometry":{"type":"Polygon","coordinates":[[[-76.3380565,35.02499999999998],[-76.35000000000002,35.02499999999998],[-76.35000000000002,35.03078190000002],[-76.35000000000002,35.03218559999999],[-76.35000000000002,35.03304859999997],[-76.35000000000002,35.03456510000001],[-76.35000000000002,35.036020199999996],[-76.35000000000002,35.036526200000026],[-76.35000000000002,35.046448],[-76.35000000000002,35.069181800000024],[-76.35000000000002,35.10000000000002],[-76.28369889999999,35.10000000000002],[-76.27499999999998,35.10000000000002],[-76.27499999999998,35.0809524],[-76.27499999999998,35.02499999999998],[-76.30344159999999,35.02499999999998],[-76.32177910000001,35.02499999999998],[-76.32271730000002,35.02499999999998],[-76.32584209999999,35.02499999999998],[-76.33078769999997,35.02499999999998],[-76.33140880000002,35.02499999999998],[-76.33192730000002,35.02499999999998],[-76.33353970000002,35.02499999999998],[-76.33428809999998,35.02499999999998],[-76.33619979999997,35.02499999999998],[-76.33676200000002,35.02499999999998],[-76.33732300000003,35.02499999999998],[-76.33767490000002,35.02499999999998],[-76.3380565,35.02499999999998]]]}},{"type":"Feature","properties":{},"geometry":{"type":"Polygon","coordinates":[[[-76.25385089999997,35.02499999999998],[-76.27499999999998,35.02499999999998],[-76.27499999999998,35.0809524],[-76.27499999999998,35.10000000000002],[-76.19999999999999,35.10000000000002],[-76.19999999999999,35.0972807],[-76.19999999999999,35.070076400000005],[-76.19999999999999,35.04767709999999],[-76.19999999999999,35.04196569999999],[-76.19999999999999,35.02499999999998],[-76.20273320000001,35.02499999999998],[-76.24920220000001,35.02499999999998],[-76.25385089999997,35.02499999999998]]]}},{"type":"Feature","properties":{},"geometry":{"type":"Polygon","coordinates":[[[-75.97716329999997,35.02499999999998],[-76.05000000000001,35.02499999999998],[-76.05000000000001,35.02891319999998],[-76.05000000000001,35.03254980000003],[-76.05000000000001,35.04421180000003],[-76.05000000000001,35.046423600000026],[-76.05000000000001,35.04818690000002],[-76.05000000000001,35.04912949999999],[-76.05000000000001,35.049641199999996],[-76.05000000000001,35.05368770000001],[-76.05000000000001,35.06246249999998],[-76.05000000000001,35.06672689999999],[-76.05000000000001,35.067860800000005],[-76.05000000000001,35.06850400000002],[-76.05000000000001,35.069063400000005],[-76.05000000000001,35.06965580000002],[-76.05000000000001,35.069945700000005],[-76.05000000000001,35.071458199999995],[-76.05000000000001,35.07310899999999],[-76.05000000000001,35.07351569999997],[-76.05000000000001,35.07378940000001],[-76.05000000000001,35.0769851],[-76.05000000000001,35.07720840000002],[-76.05000000000001,35.07889610000001],[-76.05000000000001,35.080212700000004],[-76.05000000000001,35.083898999999974],[-76.05000000000001,35.08794110000002],[-76.05000000000001,35.08890969999999],[-76.05000000000001,35.08901530000003],[-76.05000000000001,35.10000000000002],[-76.04328509999999,35.10000000000002],[-76.04281479999997,35.10000000000002],[-76.0412632,35.10000000000002],[-76.03958039999998,35.10000000000002],[-76.03583809999998,35.10000000000002],[-76.03561639999998,35.10000000000002],[-76.03357979999998,35.10000000000002],[-76.0314098,35.10000000000002],[-76.02895489999997,35.10000000000002],[-76.02824529999998,35.10000000000002],[-76.02767089999998,35.10000000000002],[-76.0268532,35.10000000000002],[-76.02257229999998,35.10000000000002],[-76.0204819,35.10000000000002],[-76.01255279999998,35.10000000000002],[-76.009568,35.10000000000002],[-76.0007582,35.10000000000002],[-75.9999899,35.10000000000002],[-75.99982340000003,35.10000000000002],[-75.999592,35.10000000000002],[-75.99897040000002,35.10000000000002],[-75.99870120000003,35.10000000000002],[-75.99675869999999,35.10000000000002],[-75.99538580000001,35.10000000000002],[-75.99514850000003,35.10000000000002],[-75.99507770000002,35.10000000000002],[-75.99384090000001,35.10000000000002],[-75.99345249999999,35.10000000000002],[-75.99132700000001,35.10000000000002],[-75.99063840000002,35.10000000000002],[-75.98976440000001,35.10000000000002],[-75.98852799999997,35.10000000000002],[-75.9866414,35.10000000000002],[-75.98551659999998,35.10000000000002],[-75.98505549999999,35.10000000000002],[-75.98391450000003,35.10000000000002],[-75.98372979999999,35.10000000000002],[-75.97500000000002,35.10000000000002],[-75.97500000000002,35.09240699999998],[-75.97500000000002,35.09204089999997],[-75.97500000000002,35.09119449999997],[-75.97500000000002,35.08880479999999],[-75.97500000000002,35.088313200000016],[-75.97500000000002,35.07774970000003],[-75.97500000000002,35.06895509999998],[-75.97500000000002,35.067475],[-75.97500000000002,35.027147300000024],[-75.97500000000002,35.0265637],[-75.97500000000002,35.02499999999998],[-75.97659529999999,35.02499999999998],[-75.97716329999997,35.02499999999998]]]}},{"type":"Feature","properties":{},"geometry":{"type":"Polygon","coordinates":[[[-77.02499999999998,35.17500000000001],[-77.02499999999998,35.13453199999998],[-77.02499999999998,35.13420789999998],[-77.02499999999998,35.12774949999999],[-77.02499999999998,35.123105099999975],[-77.02499999999998,35.12197600000002],[-77.02499999999998,35.11810939999998],[-77.02499999999998,35.115828299999976],[-77.02499999999998,35.11400329999998],[-77.02499999999998,35.11290070000001],[-77.02499999999998,35.10000000000002],[-77.03230860000002,35.10000000000002],[-77.0325871,35.10000000000002],[-77.03314360000002,35.10000000000002],[-77.03342220000002,35.10000000000002],[-77.03499970000001,35.10000000000002],[-77.03682600000002,35.10000000000002],[-77.03688979999998,35.10000000000002],[-77.03708519999998,35.10000000000002],[-77.0372466,35.10000000000002],[-77.0375191,35.10000000000002],[-77.03780219999999,35.10000000000002],[-77.03838680000001,35.10000000000002],[-77.03919289999999,35.10000000000002],[-77.0393234,35.10000000000002],[-77.04122799999999,35.10000000000002],[-77.0412791,35.10000000000002],[-77.04156360000002,35.10000000000002],[-77.0426539,35.10000000000002],[-77.04275860000001,35.10000000000002],[-77.0445176,35.10000000000002],[-77.04812900000002,35.10000000000002],[-77.05261569999999,35.10000000000002],[-77.05309310000001,35.10000000000002],[-77.05499999999999,35.10000000000002],[-77.05499999999999,35.17500000000001],[-77.02499999999998,35.17500000000001]]]}},{"type":"Feature","properties":{},"geometry":{"type":"Polygon","coordinates":[[[-77.02268479999998,35.10000000000002],[-77.02499999999998,35.10000000000002],[-77.02499999999998,35.11290070000001],[-77.02499999999998,35.11400329999998],[-77.02499999999998,35.115828299999976],[-77.02499999999998,35.11810939999998],[-77.02499999999998,35.12197600000002],[-77.02499999999998,35.123105099999975],[-77.02499999999998,35.12774949999999],[-77.02499999999998,35.13420789999998],[-77.02499999999998,35.13453199999998],[-77.02499999999998,35.17500000000001],[-76.94999999999999,35.17500000000001],[-76.94999999999999,35.130688899999996],[-76.94999999999999,35.125583000000006],[-76.94999999999999,35.124089200000014],[-76.94999999999999,35.123931200000015],[-76.94999999999999,35.1224282],[-76.94999999999999,35.10000000000002],[-77.00268290000002,35.10000000000002],[-77.00497469999999,35.10000000000002],[-77.00670129999997,35.10000000000002],[-77.00681759999998,35.10000000000002],[-77.00774360000003,35.10000000000002],[-77.00816359999999,35.10000000000002],[-77.009139,35.10000000000002],[-77.00990960000001,35.10000000000002],[-77.01169140000002,35.10000000000002],[-77.01465300000001,35.10000000000002],[-77.01523179999998,35.10000000000002],[-77.01526560000002,35.10000000000002],[-77.01631099999997,35.10000000000002],[-77.01801160000002,35.10000000000002],[-77.02268479999998,35.10000000000002]]]}},{"type":"Feature","properties":{},"geometry":{"type":"Polygon","coordinates":[[[-76.94518599999998,35.10000000000002],[-76.94999999999999,35.10000000000002],[-76.94999999999999,35.1224282],[-76.94999999999999,35.123931200000015],[-76.94999999999999,35.124089200000014],[-76.94999999999999,35.125583000000006],[-76.94999999999999,35.130688899999996],[-76.94999999999999,35.17500000000001],[-76.875,35.17500000000001],[-76.875,35.16682780000002],[-76.875,35.11361979999998],[-76.875,35.11027080000002],[-76.875,35.10000000000002],[-76.89582410000003,35.10000000000002],[-76.8989398,35.10000000000002],[-76.90124850000001,35.10000000000002],[-76.90366690000002,35.10000000000002],[-76.93626360000002,35.10000000000002],[-76.93728679999998,35.10000000000002],[-76.93817890000003,35.10000000000002],[-76.93840180000001,35.10000000000002],[-76.94222780000001,35.10000000000002],[-76.94265410000003,35.10000000000002],[-76.9431573,35.10000000000002],[-76.94419799999997,35.10000000000002],[-76.94518599999998,35.10000000000002]]]}},{"type":"Feature","properties":{},"geometry":{"type":"Polygon","coordinates":[[[-76.80000000000001,35.10000000000002],[-76.80000000000001,35.16682780000002],[-76.80000000000001,35.17500000000001],[-76.78797780000002,35.17500000000001],[-76.72500000000002,35.17500000000001],[-76.72500000000002,35.16682780000002],[-76.72500000000002,35.15136869999998],[-76.72500000000002,35.15098360000002],[-76.72500000000002,35.14987819999999],[-76.72500000000002,35.1483801],[-76.72500000000002,35.14583909999999],[-76.72500000000002,35.144294],[-76.72500000000002,35.14261299999998],[-76.72500000000002,35.141996500000005],[-76.72500000000002,35.14143569999999],[-76.72500000000002,35.140486599999974],[-76.72500000000002,35.13870179999998],[-76.72500000000002,35.1368157],[-76.72500000000002,35.13644399999998],[-76.72500000000002,35.12718899999999],[-76.72500000000002,35.12610239999998],[-76.72500000000002,35.12401449999999],[-76.72500000000002,35.120590100000015],[-76.72500000000002,35.12054640000002],[-76.72500000000002,35.11894219999999],[-76.72500000000002,35.10000000000002],[-76.80000000000001,35.10000000000002]]]}},{"type":"Feature","properties":{},"geometry":{"type":"Polygon","coordinates":[[[-76.72292220000003,35.10000000000002],[-76.72500000000002,35.10000000000002],[-76.72500000000002,35.11894219999999],[-76.72500000000002,35.12054640000002],[-76.72500000000002,35.120590100000015],[-76.72500000000002,35.12401449999999],[-76.72500000000002,35.12610239999998],[-76.72500000000002,35.12718899999999],[-76.72500000000002,35.13644399999998],[-76.72500000000002,35.1368157],[-76.72500000000002,35.13870179999998],[-76.72500000000002,35.140486599999974],[-76.72500000000002,35.14143569999999],[-76.72500000000002,35.141996500000005],[-76.72500000000002,35.14261299999998],[-76.72500000000002,35.144294],[-76.72500000000002,35.14583909999999],[-76.72500000000002,35.1483801],[-76.72500000000002,35.14987819999999],[-76.72500000000002,35.15098360000002],[-76.72500000000002,35.15136869999998],[-76.72500000000002,35.16682780000002],[-76.72500000000002,35.17500000000001],[-76.67692039999997,35.17500000000001],[-76.6756901,35.17500000000001],[-76.67496469999998,35.17500000000001],[-76.6709088,35.17500000000001],[-76.66691350000002,35.17500000000001],[-76.66448709999997,35.17500000000001],[-76.64999999999998,35.17500000000001],[-76.64999999999998,35.16682780000002],[-76.64999999999998,35.1659401],[-76.64999999999998,35.16306020000002],[-76.64999999999998,35.16164459999999],[-76.64999999999998,35.160215100000016],[-76.64999999999998,35.158833200000004],[-76.64999999999998,35.15852619999998],[-76.64999999999998,35.1581946],[-76.64999999999998,35.158178099999986],[-76.64999999999998,35.11148709999998],[-76.64999999999998,35.109767499999975],[-76.64999999999998,35.10000000000002],[-76.71735239999998,35.10000000000002],[-76.7177269,35.10000000000002],[-76.71789619999998,35.10000000000002],[-76.72292220000003,35.10000000000002]]]}},{"type":"Feature","properties":{},"geometry":{"type":"Polygon","coordinates":[[[-76.63950269999998,35.10000000000002],[-76.64999999999998,35.10000000000002],[-76.64999999999998,35.109767499999975],[-76.64999999999998,35.11148709999998],[-76.64999999999998,35.158178099999986],[-76.64999999999998,35.1581946],[-76.64999999999998,35.15852619999998],[-76.64999999999998,35.158833200000004],[-76.64999999999998,35.160215100000016],[-76.64999999999998,35.16164459999999],[-76.64999999999998,35.16306020000002],[-76.64999999999998,35.1659401],[-76.64999999999998,35.16682780000002],[-76.64999999999998,35.17500000000001],[-76.64666629999999,35.17500000000001],[-76.6465958,35.17500000000001],[-76.6449116,35.17500000000001],[-76.64412490000001,35.17500000000001],[-76.64387690000001,35.17500000000001],[-76.63810649999999,35.17500000000001],[-76.63605949999999,35.17500000000001],[-76.63282670000001,35.17500000000001],[-76.63123810000002,35.17500000000001],[-76.63071330000002,35.17500000000001],[-76.62887819999997,35.17500000000001],[-76.6277177,35.17500000000001],[-76.62040080000003,35.17500000000001],[-76.60823340000002,35.17500000000001],[-76.6076946,35.17500000000001],[-76.6050199,35.17500000000001],[-76.5903758,35.17500000000001],[-76.58855740000001,35.17500000000001],[-76.58587419999998,35.17500000000001],[-76.57499999999999,35.17500000000001],[-76.57499999999999,35.17310149999997],[-76.57499999999999,35.17164330000003],[-76.57499999999999,35.15907770000001],[-76.57499999999999,35.15332059999997],[-76.57499999999999,35.151980200000025],[-76.57499999999999,35.150826499999994],[-76.57499999999999,35.1497933],[-76.57499999999999,35.14768090000001],[-76.57499999999999,35.147587199999975],[-76.57499999999999,35.145190000000014],[-76.57499999999999,35.143875200000025],[-76.57499999999999,35.142608800000005],[-76.57499999999999,35.140180799999996],[-76.57499999999999,35.139204199999995],[-76.57499999999999,35.137116900000024],[-76.57499999999999,35.13497589999997],[-76.57499999999999,35.13330400000001],[-76.57499999999999,35.12363529999999],[-76.57499999999999,35.11882750000001],[-76.57499999999999,35.116818799999976],[-76.57499999999999,35.116541900000016],[-76.57499999999999,35.113771299999996],[-76.57499999999999,35.100781100000006],[-76.57499999999999,35.100339700000006],[-76.57499999999999,35.10000000000002],[-76.57791730000002,35.10000000000002],[-76.58303160000003,35.10000000000002],[-76.58407110000002,35.10000000000002],[-76.58534800000001,35.10000000000002],[-76.58618790000003,35.10000000000002],[-76.5873469,35.10000000000002],[-76.58860499999997,35.10000000000002],[-76.5891001,35.10000000000002],[-76.5893064,35.10000000000002],[-76.59021230000002,35.10000000000002],[-76.59138639999998,35.10000000000002],[-76.59442469999999,35.10000000000002],[-76.5955988,35.10000000000002],[-76.59667780000001,35.10000000000002],[-76.59703819999999,35.10000000000002],[-76.59810040000002,35.10000000000002],[-76.59863150000001,35.10000000000002],[-76.60156160000003,35.10000000000002],[-76.60379139999998,35.10000000000002],[-76.60429019999998,35.10000000000002],[-76.60567049999997,35.10000000000002],[-76.60614709999999,35.10000000000002],[-76.61017500000003,35.10000000000002],[-76.61157209999999,35.10000000000002],[-76.61168120000002,35.10000000000002],[-76.6122856,35.10000000000002],[-76.61537179999999,35.10000000000002],[-76.61571279999998,35.10000000000002],[-76.61633060000003,35.10000000000002],[-76.63726919999999,35.10000000000002],[-76.63845099999998,35.10000000000002],[-76.63886350000001,35.10000000000002],[-76.63950269999998,35.10000000000002]]]}},{"type":"Feature","properties":{},"geometry":{"type":"Polygon","coordinates":[[[-76.57483930000001,35.10000000000002],[-76.57499999999999,35.10000000000002],[-76.57499999999999,35.100339700000006],[-76.57499999999999,35.100781100000006],[-76.57499999999999,35.113771299999996],[-76.57499999999999,35.116541900000016],[-76.57499999999999,35.116818799999976],[-76.57499999999999,35.11882750000001],[-76.57499999999999,35.12363529999999],[-76.57499999999999,35.13330400000001],[-76.57499999999999,35.13497589999997],[-76.57499999999999,35.137116900000024],[-76.57499999999999,35.139204199999995],[-76.57499999999999,35.140180799999996],[-76.57499999999999,35.142608800000005],[-76.57499999999999,35.143875200000025],[-76.57499999999999,35.145190000000014],[-76.57499999999999,35.147587199999975],[-76.57499999999999,35.14768090000001],[-76.57499999999999,35.1497933],[-76.57499999999999,35.150826499999994],[-76.57499999999999,35.151980200000025],[-76.57499999999999,35.15332059999997],[-76.57499999999999,35.15907770000001],[-76.57499999999999,35.17164330000003],[-76.57499999999999,35.17310149999997],[-76.57499999999999,35.17500000000001],[-76.55682100000001,35.17500000000001],[-76.55419119999999,35.17500000000001],[-76.5459578,35.17500000000001],[-76.5434381,35.17500000000001],[-76.53734680000002,35.17500000000001],[-76.52485999999999,35.17500000000001],[-76.5233422,35.17500000000001],[-76.52019990000002,35.17500000000001],[-76.50295030000001,35.17500000000001],[-76.5,35.17500000000001],[-76.5,35.17279020000001],[-76.5,35.1705791],[-76.5,35.160002399999996],[-76.5,35.15149439999999],[-76.5,35.14919090000001],[-76.5,35.14144620000002],[-76.5,35.13791579999997],[-76.5,35.1372394],[-76.5,35.10000000000002],[-76.52311509999998,35.10000000000002],[-76.53390730000001,35.10000000000002],[-76.534988,35.10000000000002],[-76.54128659999998,35.10000000000002],[-76.5486244,35.10000000000002],[-76.55603389999999,35.10000000000002],[-76.5681831,35.10000000000002],[-76.56823630000002,35.10000000000002],[-76.569908,35.10000000000002],[-76.57428190000002,35.10000000000002],[-76.57483930000001,35.10000000000002]]]}},{"type":"Feature","properties":{},"geometry":{"type":"Polygon","coordinates":[[[-76.48688090000002,35.10000000000002],[-76.5,35.10000000000002],[-76.5,35.1372394],[-76.5,35.13791579999997],[-76.5,35.14144620000002],[-76.5,35.14919090000001],[-76.5,35.15149439999999],[-76.5,35.160002399999996],[-76.5,35.1705791],[-76.5,35.17279020000001],[-76.5,35.17500000000001],[-76.49851510000002,35.17500000000001],[-76.49233190000001,35.17500000000001],[-76.4790688,35.17500000000001],[-76.47648020000003,35.17500000000001],[-76.47555740000001,35.17500000000001],[-76.42500000000001,35.17500000000001],[-76.42500000000001,35.167022599999996],[-76.42500000000001,35.10938399999998],[-76.42500000000001,35.10000000000002],[-76.44712559999999,35.10000000000002],[-76.47496330000001,35.10000000000002],[-76.48688090000002,35.10000000000002]]]}},{"type":"Feature","properties":{},"geometry":{"type":"Polygon","coordinates":[[[-76.39129439999999,35.10000000000002],[-76.42500000000001,35.10000000000002],[-76.42500000000001,35.10938399999998],[-76.42500000000001,35.167022599999996],[-76.42500000000001,35.17500000000001],[-76.418992,35.17500000000001],[-76.40760139999998,35.17500000000001],[-76.39553999999998,35.17500000000001],[-76.3861407,35.17500000000001],[-76.38552600000003,35.17500000000001],[-76.38102809999998,35.17500000000001],[-76.37716499999999,35.17500000000001],[-76.37603280000002,35.17500000000001],[-76.3719916,35.17500000000001],[-76.367504,35.17500000000001],[-76.36110930000001,35.17500000000001],[-76.35236429999998,35.17500000000001],[-76.35000000000002,35.17500000000001],[-76.35000000000002,35.1715322],[-76.35000000000002,35.165430800000024],[-76.35000000000002,35.16229120000003],[-76.35000000000002,35.15960439999998],[-76.35000000000002,35.15805560000001],[-76.35000000000002,35.1507919],[-76.35000000000002,35.10000000000002],[-76.3722785,35.10000000000002],[-76.39129439999999,35.10000000000002]]]}},{"type":"Feature","properties":{},"geometry":{"type":"Polygon","coordinates":[[[-76.28369889999999,35.10000000000002],[-76.35000000000002,35.10000000000002],[-76.35000000000002,35.1507919],[-76.35000000000002,35.15805560000001],[-76.35000000000002,35.15960439999998],[-76.35000000000002,35.16229120000003],[-76.35000000000002,35.165430800000024],[-76.35000000000002,35.1715322],[-76.35000000000002,35.17500000000001],[-76.32631700000002,35.17500000000001],[-76.30833740000003,35.17500000000001],[-76.27499999999998,35.17500000000001],[-76.27499999999998,35.1597797],[-76.27499999999998,35.15805560000001],[-76.27499999999998,35.15288020000003],[-76.27499999999998,35.13777329999999],[-76.27499999999998,35.10000000000002],[-76.28369889999999,35.10000000000002]]]}},{"type":"Feature","properties":{},"geometry":{"type":"Polygon","coordinates":[[[-76.27499999999998,35.10000000000002],[-76.27499999999998,35.13777329999999],[-76.27499999999998,35.15288020000003],[-76.27499999999998,35.15805560000001],[-76.27499999999998,35.1597797],[-76.27499999999998,35.17500000000001],[-76.2462112,35.17500000000001],[-76.20474710000002,35.17500000000001],[-76.19999999999999,35.17500000000001],[-76.19999999999999,35.15805560000001],[-76.19999999999999,35.13032579999998],[-76.19999999999999,35.10000000000002],[-76.27499999999998,35.10000000000002]]]}},{"type":"Feature","properties":{},"geometry":{"type":"Polygon","coordinates":[[[-76.1970885,35.10000000000002],[-76.19999999999999,35.10000000000002],[-76.19999999999999,35.13032579999998],[-76.19999999999999,35.15805560000001],[-76.19999999999999,35.17500000000001],[-76.15030300000001,35.17500000000001],[-76.125,35.17500000000001],[-76.125,35.16798290000003],[-76.125,35.166496300000006],[-76.125,35.15919439999999],[-76.125,35.152666899999986],[-76.125,35.13141239999999],[-76.125,35.111015699999996],[-76.125,35.10720809999998],[-76.125,35.10290789999999],[-76.125,35.10000000000002],[-76.13377709999997,35.10000000000002],[-76.13831959999999,35.10000000000002],[-76.14554320000002,35.10000000000002],[-76.1687339,35.10000000000002],[-76.1970885,35.10000000000002]]]}},{"type":"Feature","properties":{},"geometry":{"type":"Polygon","coordinates":[[[-76.10932120000001,35.10000000000002],[-76.125,35.10000000000002],[-76.125,35.10290789999999],[-76.125,35.10720809999998],[-76.125,35.111015699999996],[-76.125,35.13141239999999],[-76.125,35.152666899999986],[-76.125,35.15919439999999],[-76.125,35.166496300000006],[-76.125,35.16798290000003],[-76.125,35.17500000000001],[-76.08574779999998,35.17500000000001],[-76.0829445,35.17500000000001],[-76.06554089999997,35.17500000000001],[-76.05000000000001,35.17500000000001],[-76.05000000000001,35.162561100000005],[-76.05000000000001,35.15932830000003],[-76.05000000000001,35.15806199999997],[-76.05000000000001,35.15805560000001],[-76.05000000000001,35.14846410000001],[-76.05000000000001,35.13737800000001],[-76.05000000000001,35.13328369999999],[-76.05000000000001,35.13166189999998],[-76.05000000000001,35.115064200000006],[-76.05000000000001,35.1109055],[-76.05000000000001,35.109401400000024],[-76.05000000000001,35.10837329999998],[-76.05000000000001,35.10775159999997],[-76.05000000000001,35.10000000000002],[-76.05213300000003,35.10000000000002],[-76.05256939999998,35.10000000000002],[-76.06309349999998,35.10000000000002],[-76.06383879999998,35.10000000000002],[-76.07137269999998,35.10000000000002],[-76.07326920000003,35.10000000000002],[-76.07426609999999,35.10000000000002],[-76.07663259999998,35.10000000000002],[-76.0777971,35.10000000000002],[-76.08029390000002,35.10000000000002],[-76.08654200000001,35.10000000000002],[-76.08914800000002,35.10000000000002],[-76.10932120000001,35.10000000000002]]]}},{"type":"Feature","properties":{},"geometry":{"type":"Polygon","coordinates":[[[-76.04328509999999,35.10000000000002],[-76.05000000000001,35.10000000000002],[-76.05000000000001,35.10775159999997],[-76.05000000000001,35.10837329999998],[-76.05000000000001,35.109401400000024],[-76.05000000000001,35.1109055],[-76.05000000000001,35.115064200000006],[-76.05000000000001,35.13166189999998],[-76.05000000000001,35.13328369999999],[-76.05000000000001,35.13737800000001],[-76.05000000000001,35.14846410000001],[-76.05000000000001,35.15805560000001],[-76.05000000000001,35.15806199999997],[-76.05000000000001,35.15932830000003],[-76.05000000000001,35.162561100000005],[-76.05000000000001,35.17500000000001],[-76.02732370000001,35.17500000000001],[-76.02107990000002,35.17500000000001],[-76.01753609999997,35.17500000000001],[-76.01654409999998,35.17500000000001],[-76.0134607,35.17500000000001],[-75.97746649999999,35.17500000000001],[-75.97500000000002,35.17500000000001],[-75.97500000000002,35.17336999999998],[-75.97500000000002,35.16073449999999],[-75.97500000000002,35.15972649999998],[-75.97500000000002,35.15806199999997],[-75.97500000000002,35.15805560000001],[-75.97500000000002,35.14632230000001],[-75.97500000000002,35.14461920000002],[-75.97500000000002,35.132599200000016],[-75.97500000000002,35.130522600000006],[-75.97500000000002,35.1302445],[-75.97500000000002,35.125398099999984],[-75.97500000000002,35.12404120000002],[-75.97500000000002,35.120968500000004],[-75.97500000000002,35.120058900000004],[-75.97500000000002,35.11915399999998],[-75.97500000000002,35.118662900000004],[-75.97500000000002,35.11749229999998],[-75.97500000000002,35.11720380000003],[-75.97500000000002,35.11641900000001],[-75.97500000000002,35.11618120000003],[-75.97500000000002,35.115104599999995],[-75.97500000000002,35.10964180000002],[-75.97500000000002,35.10000000000002],[-75.98372979999999,35.10000000000002],[-75.98391450000003,35.10000000000002],[-75.98505549999999,35.10000000000002],[-75.98551659999998,35.10000000000002],[-75.9866414,35.10000000000002],[-75.98852799999997,35.10000000000002],[-75.98976440000001,35.10000000000002],[-75.99063840000002,35.10000000000002],[-75.99132700000001,35.10000000000002],[-75.99345249999999,35.10000000000002],[-75.99384090000001,35.10000000000002],[-75.99507770000002,35.10000000000002],[-75.99514850000003,35.10000000000002],[-75.99538580000001,35.10000000000002],[-75.99675869999999,35.10000000000002],[-75.99870120000003,35.10000000000002],[-75.99897040000002,35.10000000000002],[-75.999592,35.10000000000002],[-75.99982340000003,35.10000000000002],[-75.9999899,35.10000000000002],[-76.0007582,35.10000000000002],[-76.009568,35.10000000000002],[-76.01255279999998,35.10000000000002],[-76.0204819,35.10000000000002],[-76.02257229999998,35.10000000000002],[-76.0268532,35.10000000000002],[-76.02767089999998,35.10000000000002],[-76.02824529999998,35.10000000000002],[-76.02895489999997,35.10000000000002],[-76.0314098,35.10000000000002],[-76.03357979999998,35.10000000000002],[-76.03561639999998,35.10000000000002],[-76.03583809999998,35.10000000000002],[-76.03958039999998,35.10000000000002],[-76.0412632,35.10000000000002],[-76.04281479999997,35.10000000000002],[-76.04328509999999,35.10000000000002]]]}},{"type":"Feature","properties":{},"geometry":{"type":"Polygon","coordinates":[[[-77.02499999999998,35.25],[-77.02499999999998,35.17500000000001],[-77.05499999999999,35.17500000000001],[-77.05499999999999,35.25],[-77.02499999999998,35.25]]]}},{"type":"Feature","properties":{},"geometry":{"type":"Polygon","coordinates":[[[-76.64999999999998,35.196290799999986],[-76.64999999999998,35.19538419999998],[-76.64999999999998,35.19148389999998],[-76.64999999999998,35.19073639999999],[-76.64999999999998,35.18982949999997],[-76.64999999999998,35.1892062],[-76.64999999999998,35.18184580000002],[-76.64999999999998,35.177770899999985],[-76.64999999999998,35.17500000000001],[-76.66448709999997,35.17500000000001],[-76.66691350000002,35.17500000000001],[-76.6709088,35.17500000000001],[-76.67496469999998,35.17500000000001],[-76.6756901,35.17500000000001],[-76.67692039999997,35.17500000000001],[-76.72500000000002,35.17500000000001],[-76.72500000000002,35.181833299999994],[-76.72500000000002,35.25],[-76.69902780000001,35.25],[-76.64999999999998,35.25],[-76.64999999999998,35.20078219999999],[-76.64999999999998,35.196290799999986]]]}},{"type":"Feature","properties":{},"geometry":{"type":"Polygon","coordinates":[[[-76.64666629999999,35.17500000000001],[-76.64999999999998,35.17500000000001],[-76.64999999999998,35.177770899999985],[-76.64999999999998,35.18184580000002],[-76.64999999999998,35.1892062],[-76.64999999999998,35.18982949999997],[-76.64999999999998,35.19073639999999],[-76.64999999999998,35.19148389999998],[-76.64999999999998,35.19538419999998],[-76.64999999999998,35.196290799999986],[-76.64999999999998,35.20078219999999],[-76.64999999999998,35.25],[-76.6396681,35.25],[-76.59327710000002,35.25],[-76.59299909999999,35.25],[-76.59264510000003,35.25],[-76.57499999999999,35.25],[-76.57499999999999,35.24221449999999],[-76.57499999999999,35.240755999999976],[-76.57499999999999,35.23861410000001],[-76.57499999999999,35.23771829999998],[-76.57499999999999,35.23542149999997],[-76.57499999999999,35.23501759999999],[-76.57499999999999,35.231810800000005],[-76.57499999999999,35.231383300000005],[-76.57499999999999,35.23104919999997],[-76.57499999999999,35.229556],[-76.57499999999999,35.221218599999986],[-76.57499999999999,35.21461110000001],[-76.57499999999999,35.212566200000026],[-76.57499999999999,35.21118899999999],[-76.57499999999999,35.20780389999999],[-76.57499999999999,35.20694309999999],[-76.57499999999999,35.2064158],[-76.57499999999999,35.20445940000002],[-76.57499999999999,35.20235330000003],[-76.57499999999999,35.200809900000024],[-76.57499999999999,35.19560630000001],[-76.57499999999999,35.19280730000003],[-76.57499999999999,35.191148199999986],[-76.57499999999999,35.181586400000015],[-76.57499999999999,35.17959080000003],[-76.57499999999999,35.17500000000001],[-76.58587419999998,35.17500000000001],[-76.58855740000001,35.17500000000001],[-76.5903758,35.17500000000001],[-76.6050199,35.17500000000001],[-76.6076946,35.17500000000001],[-76.60823340000002,35.17500000000001],[-76.62040080000003,35.17500000000001],[-76.6277177,35.17500000000001],[-76.62887819999997,35.17500000000001],[-76.63071330000002,35.17500000000001],[-76.63123810000002,35.17500000000001],[-76.63282670000001,35.17500000000001],[-76.63605949999999,35.17500000000001],[-76.63810649999999,35.17500000000001],[-76.64387690000001,35.17500000000001],[-76.64412490000001,35.17500000000001],[-76.6449116,35.17500000000001],[-76.6465958,35.17500000000001],[-76.64666629999999,35.17500000000001]]]}},{"type":"Feature","properties":{},"geometry":{"type":"Polygon","coordinates":[[[-76.55682100000001,35.17500000000001],[-76.57499999999999,35.17500000000001],[-76.57499999999999,35.17959080000003],[-76.57499999999999,35.181586400000015],[-76.57499999999999,35.191148199999986],[-76.57499999999999,35.19280730000003],[-76.57499999999999,35.19560630000001],[-76.57499999999999,35.200809900000024],[-76.57499999999999,35.20235330000003],[-76.57499999999999,35.20445940000002],[-76.57499999999999,35.2064158],[-76.57499999999999,35.20694309999999],[-76.57499999999999,35.20780389999999],[-76.57499999999999,35.21118899999999],[-76.57499999999999,35.212566200000026],[-76.57499999999999,35.21461110000001],[-76.57499999999999,35.221218599999986],[-76.57499999999999,35.229556],[-76.57499999999999,35.23104919999997],[-76.57499999999999,35.231383300000005],[-76.57499999999999,35.231810800000005],[-76.57499999999999,35.23501759999999],[-76.57499999999999,35.23542149999997],[-76.57499999999999,35.23771829999998],[-76.57499999999999,35.23861410000001],[-76.57499999999999,35.240755999999976],[-76.57499999999999,35.24221449999999],[-76.57499999999999,35.25],[-76.531587,35.25],[-76.52994269999999,35.25],[-76.52878850000002,35.25],[-76.52875490000002,35.25],[-76.5260462,35.25],[-76.52602830000001,35.25],[-76.5253275,35.25],[-76.51492439999998,35.25],[-76.5,35.25],[-76.5,35.2453711],[-76.5,35.24190010000001],[-76.5,35.23695650000002],[-76.5,35.2327037],[-76.5,35.229428299999995],[-76.5,35.22561589999998],[-76.5,35.22438140000003],[-76.5,35.22416370000002],[-76.5,35.21995190000001],[-76.5,35.21362190000002],[-76.5,35.20751469999999],[-76.5,35.20215639999998],[-76.5,35.197646299999974],[-76.5,35.192878500000006],[-76.5,35.190395799999976],[-76.5,35.18267659999998],[-76.5,35.17500000000001],[-76.50295030000001,35.17500000000001],[-76.52019990000002,35.17500000000001],[-76.5233422,35.17500000000001],[-76.52485999999999,35.17500000000001],[-76.53734680000002,35.17500000000001],[-76.5434381,35.17500000000001],[-76.5459578,35.17500000000001],[-76.55419119999999,35.17500000000001],[-76.55682100000001,35.17500000000001]]]}},{"type":"Feature","properties":{},"geometry":{"type":"Polygon","coordinates":[[[-76.2462112,35.17500000000001],[-76.27499999999998,35.17500000000001],[-76.27499999999998,35.20287860000002],[-76.27499999999998,35.216635999999994],[-76.27499999999998,35.246555],[-76.27499999999998,35.25],[-76.26357380000002,35.25],[-76.19999999999999,35.25],[-76.19999999999999,35.24438900000001],[-76.19999999999999,35.176138200000025],[-76.19999999999999,35.17500000000001],[-76.20474710000002,35.17500000000001],[-76.2462112,35.17500000000001]]]}},{"type":"Feature","properties":{},"geometry":{"type":"Polygon","coordinates":[[[-76.19999999999999,35.17500000000001],[-76.19999999999999,35.176138200000025],[-76.19999999999999,35.24438900000001],[-76.19999999999999,35.25],[-76.19919879999998,35.25],[-76.125,35.25],[-76.125,35.248232099999996],[-76.125,35.19440450000002],[-76.125,35.17500000000001],[-76.19999999999999,35.17500000000001]]]}},{"type":"Feature","properties":{},"geometry":{"type":"Polygon","coordinates":[[[-76.08574779999998,35.17500000000001],[-76.125,35.17500000000001],[-76.125,35.19440450000002],[-76.125,35.248232099999996],[-76.125,35.25],[-76.11697620000001,35.25],[-76.10429190000002,35.25],[-76.0829445,35.25],[-76.07751280000002,35.25],[-76.0589756,35.25],[-76.05000000000001,35.25],[-76.05000000000001,35.21773259999998],[-76.05000000000001,35.19401529999999],[-76.05000000000001,35.193339700000024],[-76.05000000000001,35.181241399999976],[-76.05000000000001,35.17500000000001],[-76.06554089999997,35.17500000000001],[-76.0829445,35.17500000000001],[-76.08574779999998,35.17500000000001]]]}},{"type":"Feature","properties":{},"geometry":{"type":"Polygon","coordinates":[[[-76.02732370000001,35.17500000000001],[-76.05000000000001,35.17500000000001],[-76.05000000000001,35.181241399999976],[-76.05000000000001,35.193339700000024],[-76.05000000000001,35.19401529999999],[-76.05000000000001,35.21773259999998],[-76.05000000000001,35.25],[-76.01769039999999,35.25],[-75.97500000000002,35.25],[-75.97500000000002,35.1943091],[-75.97500000000002,35.17694310000002],[-75.97500000000002,35.17500000000001],[-75.97746649999999,35.17500000000001],[-76.0134607,35.17500000000001],[-76.01654409999998,35.17500000000001],[-76.01753609999997,35.17500000000001],[-76.02107990000002,35.17500000000001],[-76.02732370000001,35.17500000000001]]]}},{"type":"Feature","properties":{},"geometry":{"type":"Polygon","coordinates":[[[-75.97286860000003,35.17500000000001],[-75.97500000000002,35.17500000000001],[-75.97500000000002,35.17694310000002],[-75.97500000000002,35.1943091],[-75.97500000000002,35.25],[-75.89999999999998,35.25],[-75.89999999999998,35.229964300000006],[-75.89999999999998,35.20918160000002],[-75.89999999999998,35.20620280000003],[-75.89999999999998,35.17500000000001],[-75.97286860000003,35.17500000000001]]]}},{"type":"Feature","properties":{},"geometry":{"type":"Polygon","coordinates":[[[-76.80000000000001,35.25],[-76.80000000000001,35.30000000000001],[-76.80000000000001,35.31750410000001],[-76.80000000000001,35.3179978],[-76.80000000000001,35.318188599999985],[-76.80000000000001,35.3207999],[-76.80000000000001,35.32499999999999],[-76.78444300000001,35.32499999999999],[-76.78377360000002,35.32499999999999],[-76.7712191,35.32499999999999],[-76.77111889999998,35.32499999999999],[-76.77032170000001,35.32499999999999],[-76.77011900000002,35.32499999999999],[-76.7685328,35.32499999999999],[-76.7649614,35.32499999999999],[-76.76426470000001,35.32499999999999],[-76.76389189999998,35.32499999999999],[-76.76079090000002,35.32499999999999],[-76.75926390000001,35.32499999999999],[-76.75879739999999,35.32499999999999],[-76.72500000000002,35.32499999999999],[-76.72500000000002,35.30000000000001],[-76.72500000000002,35.25],[-76.80000000000001,35.25]]]}},{"type":"Feature","properties":{},"geometry":{"type":"Polygon","coordinates":[[[-76.69902780000001,35.25],[-76.72500000000002,35.25],[-76.72500000000002,35.30000000000001],[-76.72500000000002,35.32499999999999],[-76.71241140000001,35.32499999999999],[-76.71125380000001,35.32499999999999],[-76.70767790000002,35.32499999999999],[-76.70667350000002,35.32499999999999],[-76.7055287,35.32499999999999],[-76.70304650000003,35.32499999999999],[-76.70189959999999,35.32499999999999],[-76.7011465,35.32499999999999],[-76.65184520000003,35.32499999999999],[-76.65122489999999,35.32499999999999],[-76.65086059999999,35.32499999999999],[-76.64999999999998,35.32499999999999],[-76.64999999999998,35.32499840000003],[-76.64999999999998,35.324003000000005],[-76.64999999999998,35.30000000000001],[-76.64999999999998,35.2898897],[-76.64999999999998,35.288774699999976],[-76.64999999999998,35.28285899999997],[-76.64999999999998,35.27972920000002],[-76.64999999999998,35.27862699999997],[-76.64999999999998,35.27704210000002],[-76.64999999999998,35.25],[-76.69902780000001,35.25]]]}},{"type":"Feature","properties":{},"geometry":{"type":"Polygon","coordinates":[[[-76.59327710000002,35.25],[-76.6396681,35.25],[-76.64999999999998,35.25],[-76.64999999999998,35.27704210000002],[-76.64999999999998,35.27862699999997],[-76.64999999999998,35.27972920000002],[-76.64999999999998,35.28285899999997],[-76.64999999999998,35.288774699999976],[-76.64999999999998,35.2898897],[-76.64999999999998,35.30000000000001],[-76.64999999999998,35.324003000000005],[-76.64999999999998,35.32499840000003],[-76.64999999999998,35.32499999999999],[-76.6499933,35.32499999999999],[-76.64969079999997,35.32499999999999],[-76.64781119999998,35.32499999999999],[-76.64661469999999,35.32499999999999],[-76.63800090000001,35.32499999999999],[-76.6376722,35.32499999999999],[-76.63744550000001,35.32499999999999],[-76.6293857,35.32499999999999],[-76.62822749999998,35.32499999999999],[-76.62776430000002,35.32499999999999],[-76.62412210000002,35.32499999999999],[-76.6237567,35.32499999999999],[-76.61859120000003,35.32499999999999],[-76.61737049999999,35.32499999999999],[-76.61702359999998,35.32499999999999],[-76.6164589,35.32499999999999],[-76.6128941,35.32499999999999],[-76.60860159999999,35.32499999999999],[-76.60652499999998,35.32499999999999],[-76.6017286,35.32499999999999],[-76.60160439999999,35.32499999999999],[-76.58436019999999,35.32499999999999],[-76.58070559999999,35.32499999999999],[-76.57897000000003,35.32499999999999],[-76.57840440000001,35.32499999999999],[-76.5765748,35.32499999999999],[-76.5754657,35.32499999999999],[-76.57499999999999,35.32499999999999],[-76.57499999999999,35.323735899999974],[-76.57499999999999,35.3224725],[-76.57499999999999,35.3215831],[-76.57499999999999,35.3202493],[-76.57499999999999,35.31738760000002],[-76.57499999999999,35.313998000000026],[-76.57499999999999,35.29461759999998],[-76.57499999999999,35.29171869999999],[-76.57499999999999,35.291122599999994],[-76.57499999999999,35.28756559999999],[-76.57499999999999,35.25],[-76.59264510000003,35.25],[-76.59299909999999,35.25],[-76.59327710000002,35.25]]]}},{"type":"Feature","properties":{},"geometry":{"type":"Polygon","coordinates":[[[-76.531587,35.25],[-76.57499999999999,35.25],[-76.57499999999999,35.28756559999999],[-76.57499999999999,35.291122599999994],[-76.57499999999999,35.29171869999999],[-76.57499999999999,35.29461759999998],[-76.57499999999999,35.313998000000026],[-76.57499999999999,35.31738760000002],[-76.57499999999999,35.3202493],[-76.57499999999999,35.3215831],[-76.57499999999999,35.3224725],[-76.57499999999999,35.323735899999974],[-76.57499999999999,35.32499999999999],[-76.57026839999997,35.32499999999999],[-76.56889000000001,35.32499999999999],[-76.56754740000002,35.32499999999999],[-76.56592999999998,35.32499999999999],[-76.56393150000002,35.32499999999999],[-76.56184539999998,35.32499999999999],[-76.55867009999997,35.32499999999999],[-76.55427220000001,35.32499999999999],[-76.55399649999998,35.32499999999999],[-76.55202150000002,35.32499999999999],[-76.5508092,35.32499999999999],[-76.54517750000002,35.32499999999999],[-76.53698930000002,35.32499999999999],[-76.51832940000003,35.32499999999999],[-76.5,35.32499999999999],[-76.5,35.319485199999974],[-76.5,35.316592000000014],[-76.5,35.31488089999999],[-76.5,35.313840500000026],[-76.5,35.30599599999999],[-76.5,35.303758000000016],[-76.5,35.29935599999999],[-76.5,35.298353299999974],[-76.5,35.297233500000004],[-76.5,35.29540659999998],[-76.5,35.293574999999976],[-76.5,35.29339540000001],[-76.5,35.29149560000002],[-76.5,35.29142589999998],[-76.5,35.28891340000001],[-76.5,35.288721099999975],[-76.5,35.28626270000001],[-76.5,35.284852],[-76.5,35.27935289999999],[-76.5,35.27695729999999],[-76.5,35.27381780000002],[-76.5,35.26882999999998],[-76.5,35.26365279999999],[-76.5,35.2631485],[-76.5,35.25],[-76.51492439999998,35.25],[-76.5253275,35.25],[-76.52602830000001,35.25],[-76.5260462,35.25],[-76.52875490000002,35.25],[-76.52878850000002,35.25],[-76.52994269999999,35.25],[-76.531587,35.25]]]}},{"type":"Feature","properties":{},"geometry":{"type":"Polygon","coordinates":[[[-76.33978209999998,35.25],[-76.35000000000002,35.25],[-76.35000000000002,35.25526239999999],[-76.35000000000002,35.26991720000001],[-76.35000000000002,35.275502500000016],[-76.35000000000002,35.29570860000001],[-76.35000000000002,35.30513029999997],[-76.35000000000002,35.32499999999999],[-76.32129750000001,35.32499999999999],[-76.31116300000002,35.32499999999999],[-76.29520839999998,35.32499999999999],[-76.29355980000003,35.32499999999999],[-76.28460919999998,35.32499999999999],[-76.27822800000001,35.32499999999999],[-76.27499999999998,35.32499999999999],[-76.27499999999998,35.31123359999998],[-76.27499999999998,35.30605559999998],[-76.27499999999998,35.29152110000001],[-76.27499999999998,35.28523610000002],[-76.27499999999998,35.25007529999999],[-76.27499999999998,35.25],[-76.28683669999998,35.25],[-76.30905619999999,35.25],[-76.32370470000001,35.25],[-76.33978209999998,35.25]]]}},{"type":"Feature","properties":{},"geometry":{"type":"Polygon","coordinates":[[[-76.26357380000002,35.25],[-76.27499999999998,35.25],[-76.27499999999998,35.25007529999999],[-76.27499999999998,35.28523610000002],[-76.27499999999998,35.29152110000001],[-76.27499999999998,35.30605559999998],[-76.27499999999998,35.31123359999998],[-76.27499999999998,35.32499999999999],[-76.26637770000002,35.32499999999999],[-76.26353469999998,35.32499999999999],[-76.2305859,35.32499999999999],[-76.21684570000002,35.32499999999999],[-76.19999999999999,35.32499999999999],[-76.19999999999999,35.32199919999999],[-76.19999999999999,35.31602650000002],[-76.19999999999999,35.307297000000005],[-76.19999999999999,35.29146350000002],[-76.19999999999999,35.27885850000001],[-76.19999999999999,35.2503724],[-76.19999999999999,35.25],[-76.26357380000002,35.25]]]}},{"type":"Feature","properties":{},"geometry":{"type":"Polygon","coordinates":[[[-76.19919879999998,35.25],[-76.19999999999999,35.25],[-76.19999999999999,35.2503724],[-76.19999999999999,35.27885850000001],[-76.19999999999999,35.29146350000002],[-76.19999999999999,35.307297000000005],[-76.19999999999999,35.31602650000002],[-76.19999999999999,35.32199919999999],[-76.19999999999999,35.32499999999999],[-76.17683119999998,35.32499999999999],[-76.17449670000002,35.32499999999999],[-76.16062119999998,35.32499999999999],[-76.125,35.32499999999999],[-76.125,35.32330000000002],[-76.125,35.27512380000002],[-76.125,35.26377009999999],[-76.125,35.25590110000002],[-76.125,35.25],[-76.19919879999998,35.25]]]}},{"type":"Feature","properties":{},"geometry":{"type":"Polygon","coordinates":[[[-77.02499999999998,35.32499999999999],[-77.02499999999998,35.39999999999998],[-76.9697347,35.39999999999998],[-76.96678150000002,35.39999999999998],[-76.96487450000001,35.39999999999998],[-76.9636825,35.39999999999998],[-76.94999999999999,35.39999999999998],[-76.94999999999999,35.32499999999999],[-77.02499999999998,35.32499999999999]]]}},{"type":"Feature","properties":{},"geometry":{"type":"Polygon","coordinates":[[[-76.87263410000003,35.32499999999999],[-76.875,35.32499999999999],[-76.875,35.3297159],[-76.875,35.39999999999998],[-76.82278200000002,35.39999999999998],[-76.82257900000002,35.39999999999998],[-76.82208639999999,35.39999999999998],[-76.82088290000002,35.39999999999998],[-76.8186359,35.39999999999998],[-76.81058760000002,35.39999999999998],[-76.80000000000001,35.39999999999998],[-76.80000000000001,35.39229469999998],[-76.80000000000001,35.39056290000002],[-76.80000000000001,35.32499999999999],[-76.80301730000002,35.32499999999999],[-76.80435840000001,35.32499999999999],[-76.8147725,35.32499999999999],[-76.8177786,35.32499999999999],[-76.86641409999999,35.32499999999999],[-76.8695859,35.32499999999999],[-76.87263410000003,35.32499999999999]]]}},{"type":"Feature","properties":{},"geometry":{"type":"Polygon","coordinates":[[[-76.78444300000001,35.32499999999999],[-76.80000000000001,35.32499999999999],[-76.80000000000001,35.39056290000002],[-76.80000000000001,35.39229469999998],[-76.80000000000001,35.39999999999998],[-76.79290689999999,35.39999999999998],[-76.72500000000002,35.39999999999998],[-76.72500000000002,35.38466340000002],[-76.72500000000002,35.37838979999998],[-76.72500000000002,35.37534310000001],[-76.72500000000002,35.37514299999998],[-76.72500000000002,35.35731470000002],[-76.72500000000002,35.35465119999998],[-76.72500000000002,35.34865180000003],[-76.72500000000002,35.34719239999998],[-76.72500000000002,35.345558900000015],[-76.72500000000002,35.336816],[-76.72500000000002,35.32499999999999],[-76.75879739999999,35.32499999999999],[-76.75926390000001,35.32499999999999],[-76.76079090000002,35.32499999999999],[-76.76389189999998,35.32499999999999],[-76.76426470000001,35.32499999999999],[-76.7649614,35.32499999999999],[-76.7685328,35.32499999999999],[-76.77011900000002,35.32499999999999],[-76.77032170000001,35.32499999999999],[-76.77111889999998,35.32499999999999],[-76.7712191,35.32499999999999],[-76.78377360000002,35.32499999999999],[-76.78444300000001,35.32499999999999]]]}},{"type":"Feature","properties":{},"geometry":{"type":"Polygon","coordinates":[[[-76.71241140000001,35.32499999999999],[-76.72500000000002,35.32499999999999],[-76.72500000000002,35.336816],[-76.72500000000002,35.345558900000015],[-76.72500000000002,35.34719239999998],[-76.72500000000002,35.34865180000003],[-76.72500000000002,35.35465119999998],[-76.72500000000002,35.35731470000002],[-76.72500000000002,35.37514299999998],[-76.72500000000002,35.37534310000001],[-76.72500000000002,35.37838979999998],[-76.72500000000002,35.38466340000002],[-76.72500000000002,35.39999999999998],[-76.65489889999998,35.39999999999998],[-76.6517159,35.39999999999998],[-76.64999999999998,35.39999999999998],[-76.64999999999998,35.39967960000001],[-76.64999999999998,35.399011900000005],[-76.64999999999998,35.37351460000002],[-76.64999999999998,35.36568349999999],[-76.64999999999998,35.36210269999998],[-76.64999999999998,35.36083350000001],[-76.64999999999998,35.35991109999998],[-76.64999999999998,35.358615199999974],[-76.64999999999998,35.3565413],[-76.64999999999998,35.34472820000002],[-76.64999999999998,35.34029889999999],[-76.64999999999998,35.33961210000001],[-76.64999999999998,35.339217899999994],[-76.64999999999998,35.3365149],[-76.64999999999998,35.32634280000002],[-76.64999999999998,35.3256495],[-76.64999999999998,35.325426900000025],[-76.64999999999998,35.32499999999999],[-76.65086059999999,35.32499999999999],[-76.65122489999999,35.32499999999999],[-76.65184520000003,35.32499999999999],[-76.7011465,35.32499999999999],[-76.70189959999999,35.32499999999999],[-76.70304650000003,35.32499999999999],[-76.7055287,35.32499999999999],[-76.70667350000002,35.32499999999999],[-76.70767790000002,35.32499999999999],[-76.71125380000001,35.32499999999999],[-76.71241140000001,35.32499999999999]]]}},{"type":"Feature","properties":{},"geometry":{"type":"Polygon","coordinates":[[[-76.6499933,35.32499999999999],[-76.64999999999998,35.32499999999999],[-76.64999999999998,35.325426900000025],[-76.64999999999998,35.3256495],[-76.64999999999998,35.32634280000002],[-76.64999999999998,35.3365149],[-76.64999999999998,35.339217899999994],[-76.64999999999998,35.33961210000001],[-76.64999999999998,35.34029889999999],[-76.64999999999998,35.34472820000002],[-76.64999999999998,35.3565413],[-76.64999999999998,35.358615199999974],[-76.64999999999998,35.35991109999998],[-76.64999999999998,35.36083350000001],[-76.64999999999998,35.36210269999998],[-76.64999999999998,35.36568349999999],[-76.64999999999998,35.37351460000002],[-76.64999999999998,35.399011900000005],[-76.64999999999998,35.39967960000001],[-76.64999999999998,35.39999999999998],[-76.646547,35.39999999999998],[-76.64118250000001,35.39999999999998],[-76.62963079999997,35.39999999999998],[-76.59977409999999,35.39999999999998],[-76.59764899999999,35.39999999999998],[-76.59753799999999,35.39999999999998],[-76.59625729999999,35.39999999999998],[-76.59607269999998,35.39999999999998],[-76.59443199999998,35.39999999999998],[-76.58719000000002,35.39999999999998],[-76.58134009999998,35.39999999999998],[-76.57703850000001,35.39999999999998],[-76.57499999999999,35.39999999999998],[-76.57499999999999,35.39902740000002],[-76.57499999999999,35.39337210000002],[-76.57499999999999,35.390320599999995],[-76.57499999999999,35.38936050000001],[-76.57499999999999,35.3890116],[-76.57499999999999,35.38895960000002],[-76.57499999999999,35.38860140000003],[-76.57499999999999,35.383696199999974],[-76.57499999999999,35.379954399999974],[-76.57499999999999,35.35446780000001],[-76.57499999999999,35.34143210000002],[-76.57499999999999,35.335080000000005],[-76.57499999999999,35.33070249999997],[-76.57499999999999,35.33044050000001],[-76.57499999999999,35.32933170000001],[-76.57499999999999,35.328947400000004],[-76.57499999999999,35.32808299999999],[-76.57499999999999,35.32499999999999],[-76.5754657,35.32499999999999],[-76.5765748,35.32499999999999],[-76.57840440000001,35.32499999999999],[-76.57897000000003,35.32499999999999],[-76.58070559999999,35.32499999999999],[-76.58436019999999,35.32499999999999],[-76.60160439999999,35.32499999999999],[-76.6017286,35.32499999999999],[-76.60652499999998,35.32499999999999],[-76.60860159999999,35.32499999999999],[-76.6128941,35.32499999999999],[-76.6164589,35.32499999999999],[-76.61702359999998,35.32499999999999],[-76.61737049999999,35.32499999999999],[-76.61859120000003,35.32499999999999],[-76.6237567,35.32499999999999],[-76.62412210000002,35.32499999999999],[-76.62776430000002,35.32499999999999],[-76.62822749999998,35.32499999999999],[-76.6293857,35.32499999999999],[-76.63744550000001,35.32499999999999],[-76.6376722,35.32499999999999],[-76.63800090000001,35.32499999999999],[-76.64661469999999,35.32499999999999],[-76.64781119999998,35.32499999999999],[-76.64969079999997,35.32499999999999],[-76.6499933,35.32499999999999]]]}},{"type":"Feature","properties":{},"geometry":{"type":"Polygon","coordinates":[[[-76.57026839999997,35.32499999999999],[-76.57499999999999,35.32499999999999],[-76.57499999999999,35.32808299999999],[-76.57499999999999,35.328947400000004],[-76.57499999999999,35.32933170000001],[-76.57499999999999,35.33044050000001],[-76.57499999999999,35.33070249999997],[-76.57499999999999,35.335080000000005],[-76.57499999999999,35.34143210000002],[-76.57499999999999,35.35446780000001],[-76.57499999999999,35.379954399999974],[-76.57499999999999,35.383696199999974],[-76.57499999999999,35.38860140000003],[-76.57499999999999,35.38895960000002],[-76.57499999999999,35.3890116],[-76.57499999999999,35.38936050000001],[-76.57499999999999,35.390320599999995],[-76.57499999999999,35.39337210000002],[-76.57499999999999,35.39902740000002],[-76.57499999999999,35.39999999999998],[-76.57039300000002,35.39999999999998],[-76.5603878,35.39999999999998],[-76.56019500000002,35.39999999999998],[-76.54078700000002,35.39999999999998],[-76.53665339999998,35.39999999999998],[-76.5297124,35.39999999999998],[-76.51989259999999,35.39999999999998],[-76.5195976,35.39999999999998],[-76.5145402,35.39999999999998],[-76.51281949999998,35.39999999999998],[-76.5109673,35.39999999999998],[-76.5070177,35.39999999999998],[-76.50236999999998,35.39999999999998],[-76.50209310000002,35.39999999999998],[-76.50100759999998,35.39999999999998],[-76.50069350000001,35.39999999999998],[-76.5,35.39999999999998],[-76.5,35.39996609999997],[-76.5,35.39662249999998],[-76.5,35.39512860000002],[-76.5,35.3939178],[-76.5,35.387312099999974],[-76.5,35.37967259999999],[-76.5,35.37382439999999],[-76.5,35.37133660000001],[-76.5,35.33057930000001],[-76.5,35.32499999999999],[-76.51832940000003,35.32499999999999],[-76.53698930000002,35.32499999999999],[-76.54517750000002,35.32499999999999],[-76.5508092,35.32499999999999],[-76.55202150000002,35.32499999999999],[-76.55399649999998,35.32499999999999],[-76.55427220000001,35.32499999999999],[-76.55867009999997,35.32499999999999],[-76.56184539999998,35.32499999999999],[-76.56393150000002,35.32499999999999],[-76.56592999999998,35.32499999999999],[-76.56754740000002,35.32499999999999],[-76.56889000000001,35.32499999999999],[-76.57026839999997,35.32499999999999]]]}},{"type":"Feature","properties":{},"geometry":{"type":"Polygon","coordinates":[[[-76.32129750000001,35.32499999999999],[-76.35000000000002,35.32499999999999],[-76.35000000000002,35.336880399999984],[-76.35000000000002,35.33940999999999],[-76.35000000000002,35.34294879999999],[-76.35000000000002,35.34683439999998],[-76.35000000000002,35.34734400000002],[-76.35000000000002,35.35033820000001],[-76.35000000000002,35.35149050000001],[-76.35000000000002,35.35330499999998],[-76.35000000000002,35.36464480000001],[-76.35000000000002,35.377117],[-76.35000000000002,35.38273670000001],[-76.35000000000002,35.389101700000026],[-76.35000000000002,35.391988200000014],[-76.35000000000002,35.39567579999999],[-76.35000000000002,35.39999999999998],[-76.34992799999998,35.39999999999998],[-76.34761429999998,35.39999999999998],[-76.34240649999998,35.39999999999998],[-76.34198270000002,35.39999999999998],[-76.3418289,35.39999999999998],[-76.34161269999998,35.39999999999998],[-76.3415445,35.39999999999998],[-76.3372291,35.39999999999998],[-76.33053749999999,35.39999999999998],[-76.27499999999998,35.39999999999998],[-76.27499999999998,35.37645620000001],[-76.27499999999998,35.368013099999985],[-76.27499999999998,35.35978299999999],[-76.27499999999998,35.352212099999974],[-76.27499999999998,35.34238019999998],[-76.27499999999998,35.34050980000001],[-76.27499999999998,35.332336],[-76.27499999999998,35.331252500000005],[-76.27499999999998,35.32499999999999],[-76.27822800000001,35.32499999999999],[-76.28460919999998,35.32499999999999],[-76.29355980000003,35.32499999999999],[-76.29520839999998,35.32499999999999],[-76.31116300000002,35.32499999999999],[-76.32129750000001,35.32499999999999]]]}},{"type":"Feature","properties":{},"geometry":{"type":"Polygon","coordinates":[[[-76.61633060000003,34.94999999999999],[-76.5956008,34.94999999999999],[-76.59468600000002,34.94999999999999],[-76.59345610000003,34.94999999999999],[-76.59179970000002,34.94999999999999],[-76.5904246,34.94999999999999],[-76.58789200000001,34.94999999999999],[-76.58619199999998,34.94999999999999],[-76.58342090000002,34.94999999999999],[-76.5866532,34.94781160000002],[-76.588209,34.9467583],[-76.58942239999999,34.945936700000004],[-76.61633060000003,34.92771620000002],[-76.61633060000003,34.94999999999999]]]}},{"type":"Feature","properties":{},"geometry":{"type":"Polygon","coordinates":[[[-76.48113999999998,35.4047602],[-76.48108939999997,35.402456900000004],[-76.48104869999997,35.40060820000002],[-76.48104419999999,35.40040429999999],[-76.48093790000001,35.395566900000006],[-76.4809196,35.39473570000001],[-76.48091679999999,35.39460930000001],[-76.4808918,35.393469700000026],[-76.48078149999998,35.3884587],[-76.4807609,35.38752019999998],[-76.4804724,35.374403900000004],[-76.48046199999999,35.373929299999986],[-76.48031989999998,35.36746690000001],[-76.48027780000001,35.36555550000003],[-76.48020020000001,35.36555550000003],[-76.48014369999999,35.362880200000006],[-76.4801415,35.3627778],[-76.48027780000001,35.3627778],[-76.47949310000001,35.32397550000002],[-76.47936470000002,35.3176292],[-76.47927229999999,35.313059399999986],[-76.47913929999999,35.30648400000001],[-76.47906610000001,35.30286319999999],[-76.47895770000002,35.2975065],[-76.478925,35.29588639999997],[-76.47889049999998,35.29418149999998],[-76.47885789999998,35.292569300000025],[-76.4787781,35.288625000000025],[-76.47874089999999,35.28678350000001],[-76.4786704,35.2832985],[-76.47859679999999,35.2796606],[-76.47847489999998,35.273630000000026],[-76.47838339999998,35.26910550000002],[-76.47826359999999,35.2631854],[-76.47823469999997,35.26175469999998],[-76.47817859999998,35.25898339999998],[-76.47793569999999,35.24697309999999],[-76.47792989999999,35.24668830000002],[-76.47791330000001,35.245863499999984],[-76.47780640000002,35.24057720000002],[-76.47779880000002,35.240205600000024],[-76.47772839999999,35.236716],[-76.47768739999998,35.2346933],[-76.47732960000002,35.2170036],[-76.47688040000003,35.194788700000004],[-76.4767989,35.19075759999998],[-76.47659620000002,35.18073679999998],[-76.4765668,35.179284199999984],[-76.47650520000002,35.176235099999985],[-76.47648020000003,35.17500000000001],[-76.4790688,35.17500000000001],[-76.49233190000001,35.17500000000001],[-76.49851510000002,35.17500000000001],[-76.5,35.17500000000001],[-76.5,35.18267659999998],[-76.5,35.190395799999976],[-76.5,35.192878500000006],[-76.5,35.197646299999974],[-76.5,35.20215639999998],[-76.5,35.20751469999999],[-76.5,35.21362190000002],[-76.5,35.21995190000001],[-76.5,35.22416370000002],[-76.5,35.22438140000003],[-76.5,35.22561589999998],[-76.5,35.229428299999995],[-76.5,35.2327037],[-76.5,35.23695650000002],[-76.5,35.24190010000001],[-76.5,35.2453711],[-76.5,35.25],[-76.5,35.2631485],[-76.5,35.26365279999999],[-76.5,35.26882999999998],[-76.5,35.27381780000002],[-76.5,35.27695729999999],[-76.5,35.27935289999999],[-76.5,35.284852],[-76.5,35.28626270000001],[-76.5,35.288721099999975],[-76.5,35.28891340000001],[-76.5,35.29142589999998],[-76.5,35.29149560000002],[-76.5,35.29339540000001],[-76.5,35.293574999999976],[-76.5,35.29540659999998],[-76.5,35.297233500000004],[-76.5,35.298353299999974],[-76.5,35.29935599999999],[-76.5,35.303758000000016],[-76.5,35.30599599999999],[-76.5,35.313840500000026],[-76.5,35.31488089999999],[-76.5,35.316592000000014],[-76.5,35.319485199999974],[-76.5,35.32499999999999],[-76.5,35.33057930000001],[-76.5,35.37133660000001],[-76.5,35.37382439999999],[-76.5,35.37967259999999],[-76.5,35.387312099999974],[-76.5,35.3939178],[-76.5,35.39512860000002],[-76.5,35.39662249999998],[-76.5,35.39996609999997],[-76.5,35.39999999999998],[-76.5,35.40368289999998],[-76.5,35.40411289999997],[-76.5,35.405],[-76.48114527421949,35.405],[-76.48113999999998,35.4047602]]]}},{"type":"Feature","properties":{},"geometry":{"type":"Polygon","coordinates":[[[-76.5,34.64999999999998],[-76.5,34.65496519999999],[-76.5,34.65979809999999],[-76.5,34.66156590000003],[-76.5,34.662239399999976],[-76.5,34.66358009999999],[-76.5,34.66435719999998],[-76.5,34.666099299999985],[-76.5,34.668672000000015],[-76.5,34.668723],[-76.5,34.66939769999999],[-76.5,34.671736899999985],[-76.5,34.673564],[-76.5,34.67448999999999],[-76.5,34.67504259999998],[-76.5,34.67839140000001],[-76.5,34.68065769999998],[-76.5,34.68718310000003],[-76.5,34.68790919999998],[-76.5,34.71378820000001],[-76.5,34.71549709999999],[-76.5,34.7167417],[-76.5,34.71834460000002],[-76.5,34.72500000000002],[-76.5,34.728496199999995],[-76.5,34.72970620000001],[-76.5,34.73013129999998],[-76.5,34.73472529999998],[-76.5,34.74099719999998],[-76.5,34.742706999999996],[-76.5,34.74564170000002],[-76.5,34.7555605],[-76.5,34.75893189999999],[-76.5,34.759886300000005],[-76.5,34.7605188],[-76.5,34.76217860000003],[-76.5,34.76593120000001],[-76.5,34.76710379999997],[-76.5,34.772105599999975],[-76.5,34.773191699999984],[-76.5,34.78599830000002],[-76.5,34.78826290000001],[-76.5,34.791533300000026],[-76.5,34.79216969999999],[-76.5,34.79739139999998],[-76.5,34.79811489999997],[-76.5,34.798809800000015],[-76.5,34.80000000000001],[-76.5,34.875],[-76.5,34.89191920000002],[-76.42500000000001,34.891927899999985],[-76.42500000000001,34.875],[-76.41177390000001,34.875],[-76.40687659999998,34.875],[-76.39116059999998,34.875],[-76.39016500000002,34.875],[-76.37767209999998,34.875],[-76.37511360000002,34.875],[-76.36862559999997,34.875],[-76.3670707,34.875],[-76.36596309999999,34.875],[-76.3648571,34.875],[-76.36456249999998,34.875],[-76.3632768,34.875],[-76.36259130000002,34.875],[-76.35000000000002,34.875],[-76.35000000000002,34.891960100000006],[-76.32571339999998,34.891992800000025],[-76.31800129999999,34.89200319999998],[-76.30711969999999,34.89201800000001],[-76.30396389999999,34.892022199999985],[-76.30396239999999,34.890747799999986],[-76.30395770000001,34.88704439999998],[-76.30394530000001,34.87702919999998],[-76.30393930000002,34.87215229999998],[-76.3039334,34.86753160000001],[-76.30393249999997,34.8667001],[-76.3039301,34.864730899999984],[-76.30392769999997,34.8628071],[-76.30392710000001,34.86230610000001],[-76.3039268,34.8620818],[-76.30392619999998,34.86155710000003],[-76.303924,34.85971860000001],[-76.3039225,34.858611199999984],[-76.30390940000001,34.84798489999997],[-76.30389480000002,34.83622559999998],[-76.30384029999999,34.79222520000002],[-76.30383560000001,34.78842479999997],[-76.30383490000003,34.787867300000016],[-76.30380280000003,34.761988900000006],[-76.33149100000003,34.761988900000006],[-76.33208769999999,34.761988900000006],[-76.33240519999998,34.761988900000006],[-76.39290899999997,34.761988900000006],[-76.4064778,34.761988900000006],[-76.45384039999999,34.70059520000001],[-76.5,34.64076080000001],[-76.5,34.64999999999998]]]}}]}