{"type":"FeatureCollection","features":[{"type":"Feature","properties":{},"geometry":{"type":"Polygon","coordinates":[[[-69.14999999999998,43.97056250000003],[-69.14999999999998,43.970747700000004],[-69.14999999999998,43.9715544],[-69.14999999999998,43.971752700000025],[-69.14999999999998,43.97194009999998],[-69.14999999999998,43.975420199999974],[-69.14999999999998,43.976267699999994],[-69.14999999999998,43.97647979999999],[-69.14999999999998,43.97657600000002],[-69.14999999999998,43.978769899999975],[-69.14999999999998,43.97887639999999],[-69.14999999999998,43.98085209999999],[-69.14999999999998,43.981027600000004],[-69.14999999999998,43.9843386],[-69.14999999999998,43.98505269999998],[-69.14999999999998,43.9862354],[-69.14999999999998,43.986482799999976],[-69.14999999999998,43.98682969999999],[-69.14999999999998,43.987448900000004],[-69.14999999999998,43.988966000000005],[-69.14999999999998,43.988995699999975],[-69.14999999999998,43.9919261],[-69.14999999999998,43.99311719999997],[-69.14999999999998,43.99360039999999],[-69.14999999999998,43.99516010000002],[-69.14999999999998,43.9956545],[-69.14999999999998,43.9958656],[-69.14999999999998,43.996631200000024],[-69.14999999999998,43.997039599999994],[-69.14999999999998,43.997699599999976],[-69.14999999999998,43.99831139999998],[-69.14999999999998,44.00010959999997],[-69.14999999999998,44.00122529999999],[-69.14999999999998,44.00200460000002],[-69.14999999999998,44.00251730000002],[-69.14999999999998,44.02499999999998],[-69.11991119999999,44.02499999999998],[-69.11898079999997,44.02499999999998],[-69.11519299999998,44.02499999999998],[-69.11398070000001,44.02499999999998],[-69.11319839999999,44.02499999999998],[-69.11065059999999,44.02499999999998],[-69.105816,44.02499999999998],[-69.1033564,44.02499999999998],[-69.10145540000002,44.02499999999998],[-69.10001940000001,44.02499999999998],[-69.08817859999999,44.02499999999998],[-69.0824316,44.02499999999998],[-69.0821259,44.02499999999998],[-69.08143180000002,44.02499999999998],[-69.08111980000001,44.02499999999998],[-69.0804784,44.02499999999998],[-69.08017130000002,44.02499999999998],[-69.07986449999999,44.02499999999998],[-69.0787383,44.02499999999998],[-69.07873219999999,44.02499999999998],[-69.07499999999999,44.02499999999998],[-69.07499999999999,44.02356409999999],[-69.07499999999999,44.01956580000001],[-69.07499999999999,44.017035599999986],[-69.07499999999999,44.01692170000001],[-69.07499999999999,44.01669709999999],[-69.07499999999999,44.01559759999998],[-69.07499999999999,44.0152693],[-69.07499999999999,44.014998400000025],[-69.07499999999999,44.014469899999995],[-69.07499999999999,44.012542199999984],[-69.07499999999999,44.01051769999998],[-69.07499999999999,44.00995469999998],[-69.07499999999999,44.00974880000001],[-69.07499999999999,44.008964900000024],[-69.07499999999999,44.00828869999998],[-69.07499999999999,44.008288300000004],[-69.07499999999999,44.00683409999999],[-69.07499999999999,44.00556039999998],[-69.07499999999999,44.00480750000003],[-69.07499999999999,44.00406450000003],[-69.07499999999999,43.99889510000003],[-69.07499999999999,43.99756559999997],[-69.07499999999999,43.997252300000014],[-69.07499999999999,43.994647799999996],[-69.07499999999999,43.994485],[-69.07499999999999,43.99176],[-69.07499999999999,43.99159100000003],[-69.07499999999999,43.99115810000001],[-69.07499999999999,43.99093110000001],[-69.07499999999999,43.990622599999995],[-69.07499999999999,43.989823100000024],[-69.07499999999999,43.986671100000024],[-69.07499999999999,43.98588590000003],[-69.07499999999999,43.98557599999998],[-69.07499999999999,43.985173299999985],[-69.07499999999999,43.98496970000002],[-69.07499999999999,43.98296859999999],[-69.07499999999999,43.98256700000002],[-69.07499999999999,43.98116959999999],[-69.07499999999999,43.981050400000015],[-69.07499999999999,43.980713200000025],[-69.07499999999999,43.97882129999999],[-69.07499999999999,43.978636300000005],[-69.07499999999999,43.978493300000025],[-69.07499999999999,43.978352099999995],[-69.07499999999999,43.97819199999998],[-69.07499999999999,43.97740779999998],[-69.07499999999999,43.97411060000002],[-69.07499999999999,43.97071540000002],[-69.07499999999999,43.97029279999998],[-69.07499999999999,43.96981010000002],[-69.07499999999999,43.967376],[-69.07499999999999,43.96489109999999],[-69.07499999999999,43.96406919999998],[-69.07499999999999,43.964000899999974],[-69.07499999999999,43.96384210000002],[-69.07499999999999,43.96373080000001],[-69.07499999999999,43.963667499999985],[-69.07499999999999,43.962723700000026],[-69.07499999999999,43.962227299999995],[-69.07499999999999,43.960774500000014],[-69.07499999999999,43.958898499999975],[-69.07499999999999,43.958257100000026],[-69.07499999999999,43.955450600000006],[-69.07499999999999,43.9536554],[-69.07499999999999,43.9536415],[-69.07499999999999,43.9519823],[-69.07499999999999,43.94999999999999],[-69.07975299999998,43.94999999999999],[-69.0889527,43.94999999999999],[-69.08907900000003,43.94999999999999],[-69.09251210000002,43.94999999999999],[-69.09752470000001,43.94999999999999],[-69.09823699999998,43.94999999999999],[-69.09875269999998,43.94999999999999],[-69.10269829999999,43.94999999999999],[-69.10551930000003,43.94999999999999],[-69.10727209999999,43.94999999999999],[-69.10882450000003,43.94999999999999],[-69.11677259999999,43.94999999999999],[-69.11930310000002,43.94999999999999],[-69.13193890000002,43.94999999999999],[-69.1494444,43.94999999999999],[-69.14999999999998,43.94999999999999],[-69.14999999999998,43.97056250000003]]]}},{"type":"Feature","properties":{},"geometry":{"type":"Polygon","coordinates":[[[-69.07499999999999,43.9519823],[-69.07499999999999,43.9536415],[-69.07499999999999,43.9536554],[-69.07499999999999,43.955450600000006],[-69.07499999999999,43.958257100000026],[-69.07499999999999,43.958898499999975],[-69.07499999999999,43.960774500000014],[-69.07499999999999,43.962227299999995],[-69.07499999999999,43.962723700000026],[-69.07499999999999,43.963667499999985],[-69.07499999999999,43.96373080000001],[-69.07499999999999,43.96384210000002],[-69.07499999999999,43.964000899999974],[-69.07499999999999,43.96406919999998],[-69.07499999999999,43.96489109999999],[-69.07499999999999,43.967376],[-69.07499999999999,43.9686509],[-69.07499999999999,43.96981010000002],[-69.07499999999999,43.97029279999998],[-69.07499999999999,43.97071540000002],[-69.07499999999999,43.97411060000002],[-69.07499999999999,43.97740779999998],[-69.07499999999999,43.97819199999998],[-69.07499999999999,43.978352099999995],[-69.07499999999999,43.978493300000025],[-69.07499999999999,43.978636300000005],[-69.07499999999999,43.97882129999999],[-69.07499999999999,43.980713200000025],[-69.07499999999999,43.981050400000015],[-69.07499999999999,43.98116959999999],[-69.07499999999999,43.98256700000002],[-69.07499999999999,43.98296859999999],[-69.07499999999999,43.98496970000002],[-69.07499999999999,43.985173299999985],[-69.07499999999999,43.98557599999998],[-69.07499999999999,43.98588590000003],[-69.07499999999999,43.986671100000024],[-69.07499999999999,43.989823100000024],[-69.07499999999999,43.990622599999995],[-69.07499999999999,43.99093110000001],[-69.07499999999999,43.99115810000001],[-69.07499999999999,43.99159100000003],[-69.07499999999999,43.99176],[-69.07499999999999,43.994485],[-69.07499999999999,43.994647799999996],[-69.07499999999999,43.997252300000014],[-69.07499999999999,43.99756559999997],[-69.07499999999999,43.99889510000003],[-69.07499999999999,44.00406450000003],[-69.07499999999999,44.00480750000003],[-69.07499999999999,44.00556039999998],[-69.07499999999999,44.00683409999999],[-69.07499999999999,44.008288300000004],[-69.07499999999999,44.00828869999998],[-69.07499999999999,44.008964900000024],[-69.07499999999999,44.00974880000001],[-69.07499999999999,44.00995469999998],[-69.07499999999999,44.01051769999998],[-69.07499999999999,44.012542199999984],[-69.07499999999999,44.014469899999995],[-69.07499999999999,44.014998400000025],[-69.07499999999999,44.0152693],[-69.07499999999999,44.01559759999998],[-69.07499999999999,44.01669709999999],[-69.07499999999999,44.01692170000001],[-69.07499999999999,44.017035599999986],[-69.07499999999999,44.01956580000001],[-69.07499999999999,44.02356409999999],[-69.07499999999999,44.02499999999998],[-69.07244229999998,44.02499999999998],[-69.06911780000001,44.02499999999998],[-69.06159819999999,44.02499999999998],[-69.05969049999999,44.02499999999998],[-69.05859129999999,44.02499999999998],[-69.05405180000002,44.02499999999998],[-69.05257310000002,44.02499999999998],[-69.0498331,44.02499999999998],[-69.04932980000001,44.02499999999998],[-69.04888030000001,44.02499999999998],[-69.04855400000002,44.02499999999998],[-69.04828140000001,44.02499999999998],[-69.04775130000002,44.02499999999998],[-69.0472651,44.02499999999998],[-69.04714719999998,44.02499999999998],[-69.03444719999999,44.02499999999998],[-69.03398170000003,44.02499999999998],[-69.03297120000002,44.02499999999998],[-69.0316957,44.02499999999998],[-69.0254516,44.02499999999998],[-69.02117220000002,44.02499999999998],[-69.01922630000001,44.02499999999998],[-69.01880829999999,44.02499999999998],[-69.0170622,44.02499999999998],[-69.01527679999998,44.02499999999998],[-69.01435479999998,44.02499999999998],[-69.01432649999998,44.02499999999998],[-69.01405019999999,44.02499999999998],[-69.01314680000002,44.02499999999998],[-69.01179159999998,44.02499999999998],[-69.01062409999997,44.02499999999998],[-69.00363290000001,44.02499999999998],[-69.00264859999999,44.02499999999998],[-69.00178599999998,44.02499999999998],[-69.00025240000002,44.02499999999998],[-69.0,44.02499999999998],[-69.0,44.021991300000025],[-69.0,44.01670999999999],[-69.0,44.015320299999985],[-69.0,44.01471720000001],[-69.0,44.01196590000001],[-69.0,44.0095647],[-69.0,44.009211600000015],[-69.0,44.00665670000001],[-69.0,44.001883599999985],[-69.0,43.99415950000002],[-69.0,43.993503799999985],[-69.0,43.99079390000003],[-69.0,43.98923530000002],[-69.0,43.9844291],[-69.0,43.977889000000005],[-69.0,43.97648989999999],[-69.0,43.96986709999999],[-69.0,43.96908339999999],[-69.0,43.96839779999999],[-69.0,43.967895399999975],[-69.0,43.965119300000026],[-69.0,43.96244330000002],[-69.0,43.9623952],[-69.0,43.952414799999985],[-69.0,43.94999999999999],[-69.01025229999999,43.94999999999999],[-69.02396140000002,43.94999999999999],[-69.02848,43.94999999999999],[-69.03102200000001,43.94999999999999],[-69.03165360000003,43.94999999999999],[-69.03339290000002,43.94999999999999],[-69.03464029999998,43.94999999999999],[-69.03638230000001,43.94999999999999],[-69.04073629999999,43.94999999999999],[-69.0434338,43.94999999999999],[-69.04771269999998,43.94999999999999],[-69.05177980000002,43.94999999999999],[-69.05340660000002,43.94999999999999],[-69.05404329999999,43.94999999999999],[-69.05930540000003,43.94999999999999],[-69.06355020000001,43.94999999999999],[-69.06514700000002,43.94999999999999],[-69.0658292,43.94999999999999],[-69.07315779999999,43.94999999999999],[-69.07499999999999,43.94999999999999],[-69.07499999999999,43.9519823]]]}},{"type":"Feature","properties":{},"geometry":{"type":"Polygon","coordinates":[[[-69.0,43.952414799999985],[-69.0,43.9623952],[-69.0,43.96244330000002],[-69.0,43.965119300000026],[-69.0,43.967895399999975],[-69.0,43.96839779999999],[-69.0,43.96908339999999],[-69.0,43.96986709999999],[-69.0,43.97648989999999],[-69.0,43.977889000000005],[-69.0,43.9844291],[-69.0,43.98923530000002],[-69.0,43.99079390000003],[-69.0,43.993503799999985],[-69.0,43.99415950000002],[-69.0,44.001883599999985],[-69.0,44.00665670000001],[-69.0,44.009211600000015],[-69.0,44.0095647],[-69.0,44.01196590000001],[-69.0,44.01471720000001],[-69.0,44.015320299999985],[-69.0,44.01670999999999],[-69.0,44.021991300000025],[-69.0,44.02499999999998],[-68.99916100000002,44.02499999999998],[-68.99596960000002,44.02499999999998],[-68.99300679999999,44.02499999999998],[-68.9924332,44.02499999999998],[-68.9901385,44.02499999999998],[-68.98979430000003,44.02499999999998],[-68.98862589999999,44.02499999999998],[-68.98752610000003,44.02499999999998],[-68.98702980000002,44.02499999999998],[-68.98702429999997,44.02499999999998],[-68.98452479999997,44.02499999999998],[-68.9833352,44.02499999999998],[-68.98130859999998,44.02499999999998],[-68.98015229999999,44.02499999999998],[-68.97971539999998,44.02499999999998],[-68.97648650000002,44.02499999999998],[-68.97527330000003,44.02499999999998],[-68.9747817,44.02499999999998],[-68.97245859999998,44.02499999999998],[-68.97159850000003,44.02499999999998],[-68.9698042,44.02499999999998],[-68.96881150000002,44.02499999999998],[-68.96845580000002,44.02499999999998],[-68.96704799999998,44.02499999999998],[-68.96686469999997,44.02499999999998],[-68.96457750000002,44.02499999999998],[-68.96456269999999,44.02499999999998],[-68.96253680000001,44.02499999999998],[-68.96242000000001,44.02499999999998],[-68.9615033,44.02499999999998],[-68.96139210000001,44.02499999999998],[-68.95956480000001,44.02499999999998],[-68.95850430000002,44.02499999999998],[-68.95681330000002,44.02499999999998],[-68.95643139999999,44.02499999999998],[-68.95546639999998,44.02499999999998],[-68.95489509999999,44.02499999999998],[-68.95474739999997,44.02499999999998],[-68.95289530000002,44.02499999999998],[-68.95226650000001,44.02499999999998],[-68.95090099999999,44.02499999999998],[-68.94263210000003,44.02499999999998],[-68.94243060000002,44.02499999999998],[-68.939664,44.02499999999998],[-68.93674679999998,44.02499999999998],[-68.93430560000002,44.02499999999998],[-68.9325892,44.02499999999998],[-68.92526889999999,44.02499999999998],[-68.92500000000001,44.02499999999998],[-68.92500000000001,44.01771739999998],[-68.92500000000001,44.017357300000015],[-68.92500000000001,44.01150460000002],[-68.92500000000001,44.000807899999984],[-68.92500000000001,43.9936227],[-68.92500000000001,43.993139600000006],[-68.92500000000001,43.989645199999984],[-68.92500000000001,43.98623049999998],[-68.92500000000001,43.97815559999998],[-68.92500000000001,43.977889000000005],[-68.92500000000001,43.96814469999998],[-68.92500000000001,43.96716459999999],[-68.92500000000001,43.96680079999999],[-68.92500000000001,43.96324929999997],[-68.92500000000001,43.95285469999999],[-68.92500000000001,43.94999999999999],[-68.93319200000002,43.94999999999999],[-68.93761189999998,43.94999999999999],[-68.94239249999998,43.94999999999999],[-68.94286899999997,43.94999999999999],[-68.94461619999998,43.94999999999999],[-68.9455289,43.94999999999999],[-68.9493994,43.94999999999999],[-68.9597124,43.94999999999999],[-68.96308479999999,43.94999999999999],[-68.96444020000001,43.94999999999999],[-68.9645559,43.94999999999999],[-68.9649015,43.94999999999999],[-68.96910939999998,43.94999999999999],[-68.96994230000001,43.94999999999999],[-68.9708951,43.94999999999999],[-68.97108839999999,43.94999999999999],[-68.9745992,43.94999999999999],[-68.97708799999998,43.94999999999999],[-68.9968763,43.94999999999999],[-69.0,43.94999999999999],[-69.0,43.952414799999985]]]}},{"type":"Feature","properties":{},"geometry":{"type":"Polygon","coordinates":[[[-68.92159179999999,43.94999999999999],[-68.92500000000001,43.94999999999999],[-68.92500000000001,43.95285469999999],[-68.92500000000001,43.96324929999997],[-68.92500000000001,43.96680079999999],[-68.92500000000001,43.96716459999999],[-68.92500000000001,43.96814469999998],[-68.92500000000001,43.977889000000005],[-68.92500000000001,43.97815559999998],[-68.92500000000001,43.98623049999998],[-68.92500000000001,43.989645199999984],[-68.92500000000001,43.993139600000006],[-68.92500000000001,43.9936227],[-68.92500000000001,44.000807899999984],[-68.92500000000001,44.01150460000002],[-68.92500000000001,44.017357300000015],[-68.92500000000001,44.01771739999998],[-68.92500000000001,44.02499999999998],[-68.92187360000003,44.02499999999998],[-68.92112859999997,44.02499999999998],[-68.91828909999998,44.02499999999998],[-68.91756170000002,44.02499999999998],[-68.9165385,44.02499999999998],[-68.9155576,44.02499999999998],[-68.91192280000001,44.02499999999998],[-68.91046940000001,44.02499999999998],[-68.90743300000003,44.02499999999998],[-68.90666099999999,44.02499999999998],[-68.89622789999999,44.02499999999998],[-68.89503589999998,44.02499999999998],[-68.89294210000003,44.02499999999998],[-68.89190580000002,44.02499999999998],[-68.89150760000001,44.02499999999998],[-68.88971500000002,44.02499999999998],[-68.88831040000002,44.02499999999998],[-68.88822140000002,44.02499999999998],[-68.8867497,44.02499999999998],[-68.88617149999999,44.02499999999998],[-68.88561019999997,44.02499999999998],[-68.88474589999998,44.02499999999998],[-68.88392649999997,44.02499999999998],[-68.87883950000003,44.02499999999998],[-68.87807709999998,44.02499999999998],[-68.87743169999999,44.02499999999998],[-68.87727530000001,44.02499999999998],[-68.876667,44.02499999999998],[-68.87662870000003,44.02499999999998],[-68.87659539999999,44.02499999999998],[-68.87607159999999,44.02499999999998],[-68.87593070000003,44.02499999999998],[-68.87580500000001,44.02499999999998],[-68.87519959999997,44.02499999999998],[-68.87414860000001,44.02499999999998],[-68.87239169999998,44.02499999999998],[-68.87026739999999,44.02499999999998],[-68.86978820000002,44.02499999999998],[-68.86936209999999,44.02499999999998],[-68.86824580000001,44.02499999999998],[-68.86806899999999,44.02499999999998],[-68.86743769999998,44.02499999999998],[-68.8670156,44.02499999999998],[-68.86686600000002,44.02499999999998],[-68.86645299999998,44.02499999999998],[-68.86603200000002,44.02499999999998],[-68.86546370000002,44.02499999999998],[-68.86514060000002,44.02499999999998],[-68.86331510000002,44.02499999999998],[-68.86282349999999,44.02499999999998],[-68.86244970000001,44.02499999999998],[-68.8621703,44.02499999999998],[-68.86194089999998,44.02499999999998],[-68.86056239999999,44.02499999999998],[-68.85966989999997,44.02499999999998],[-68.85961309999999,44.02499999999998],[-68.85908269999999,44.02499999999998],[-68.85868799999997,44.02499999999998],[-68.8577464,44.02499999999998],[-68.85753019999999,44.02499999999998],[-68.85641709999999,44.02499999999998],[-68.85617819999999,44.02499999999998],[-68.85008490000001,44.02499999999998],[-68.85000000000002,44.02499999999998],[-68.85000000000002,44.02301219999998],[-68.85000000000002,44.02165930000001],[-68.85000000000002,44.017983300000026],[-68.85000000000002,44.017541600000015],[-68.85000000000002,44.0162856],[-68.85000000000002,44.01612110000002],[-68.85000000000002,44.01510189999999],[-68.85000000000002,44.0128818],[-68.85000000000002,44.01261290000002],[-68.85000000000002,44.00322749999998],[-68.85000000000002,44.00279119999999],[-68.85000000000002,43.99772710000002],[-68.85000000000002,43.99585300000001],[-68.85000000000002,43.99388640000001],[-68.85000000000002,43.992442700000026],[-68.85000000000002,43.98979409999998],[-68.85000000000002,43.98757139999998],[-68.85000000000002,43.9865087],[-68.85000000000002,43.98439760000002],[-68.85000000000002,43.97817680000003],[-68.85000000000002,43.977889000000005],[-68.85000000000002,43.973676599999976],[-68.85000000000002,43.97222049999999],[-68.85000000000002,43.97142580000002],[-68.85000000000002,43.970511199999976],[-68.85000000000002,43.967916],[-68.85000000000002,43.95814050000001],[-68.85000000000002,43.95774669999997],[-68.85000000000002,43.95703709999998],[-68.85000000000002,43.95693290000003],[-68.85000000000002,43.95373139999998],[-68.85000000000002,43.94999999999999],[-68.85149589999997,43.94999999999999],[-68.8599987,43.94999999999999],[-68.86155280000003,43.94999999999999],[-68.8631489,43.94999999999999],[-68.86362589999999,43.94999999999999],[-68.86367960000001,43.94999999999999],[-68.86627099999998,43.94999999999999],[-68.86734760000002,43.94999999999999],[-68.8719868,43.94999999999999],[-68.8743063,43.94999999999999],[-68.87517359999998,43.94999999999999],[-68.90911870000002,43.94999999999999],[-68.92159179999999,43.94999999999999]]]}},{"type":"Feature","properties":{},"geometry":{"type":"Polygon","coordinates":[[[-68.85000000000002,43.95373139999998],[-68.85000000000002,43.95693290000003],[-68.85000000000002,43.95703709999998],[-68.85000000000002,43.95774669999997],[-68.85000000000002,43.95814050000001],[-68.85000000000002,43.970511199999976],[-68.85000000000002,43.97142580000002],[-68.85000000000002,43.97222049999999],[-68.85000000000002,43.973676599999976],[-68.85000000000002,43.977889000000005],[-68.85000000000002,43.97817680000003],[-68.85000000000002,43.98439760000002],[-68.85000000000002,43.9865087],[-68.85000000000002,43.98757139999998],[-68.85000000000002,43.98979409999998],[-68.85000000000002,43.992442700000026],[-68.85000000000002,43.99388640000001],[-68.85000000000002,43.99585300000001],[-68.85000000000002,43.99772710000002],[-68.85000000000002,44.00279119999999],[-68.85000000000002,44.00322749999998],[-68.85000000000002,44.01261290000002],[-68.85000000000002,44.0128818],[-68.85000000000002,44.01510189999999],[-68.85000000000002,44.01612110000002],[-68.85000000000002,44.0162856],[-68.85000000000002,44.017541600000015],[-68.85000000000002,44.017983300000026],[-68.85000000000002,44.02165930000001],[-68.85000000000002,44.02301219999998],[-68.85000000000002,44.02499999999998],[-68.8278206,44.02499999999998],[-68.80134370000002,44.02499999999998],[-68.79833910000002,44.02499999999998],[-68.79745759999997,44.02499999999998],[-68.79669869999998,44.02499999999998],[-68.79637880000001,44.02499999999998],[-68.79562600000003,44.02499999999998],[-68.79518330000002,44.02499999999998],[-68.79447699999997,44.02499999999998],[-68.78883880000001,44.02499999999998],[-68.77499999999998,44.02499999999998],[-68.77499999999998,44.01641969999997],[-68.77499999999998,44.01508719999998],[-68.77499999999998,44.0145971],[-68.77499999999998,44.01408029999999],[-68.77499999999998,44.01368339999999],[-68.77499999999998,44.01257700000002],[-68.77499999999998,44.01065560000001],[-68.77499999999998,44.00946640000001],[-68.77499999999998,44.00840649999998],[-68.77499999999998,44.0073476],[-68.77499999999998,44.00574139999998],[-68.77499999999998,44.002029900000025],[-68.77499999999998,43.998986100000025],[-68.77499999999998,43.99485979999997],[-68.77499999999998,43.99475510000002],[-68.77499999999998,43.992102699999975],[-68.77499999999998,43.98969579999999],[-68.77499999999998,43.98452470000001],[-68.77499999999998,43.97456690000001],[-68.77499999999998,43.9720312],[-68.77499999999998,43.969108500000004],[-68.77499999999998,43.96522199999998],[-68.77499999999998,43.963055499999996],[-68.77499999999998,43.9537416],[-68.77499999999998,43.95338320000002],[-68.77499999999998,43.94999999999999],[-68.77997119999998,43.94999999999999],[-68.7888193,43.94999999999999],[-68.79607549999997,43.94999999999999],[-68.79806480000002,43.94999999999999],[-68.79982100000001,43.94999999999999],[-68.80142760000001,43.94999999999999],[-68.80637719999999,43.94999999999999],[-68.80840799999999,43.94999999999999],[-68.81153710000001,43.94999999999999],[-68.81471060000001,43.94999999999999],[-68.81634730000002,43.94999999999999],[-68.82254849999998,43.94999999999999],[-68.82734160000001,43.94999999999999],[-68.8278479,43.94999999999999],[-68.8311994,43.94999999999999],[-68.83788440000001,43.94999999999999],[-68.84204620000003,43.94999999999999],[-68.84340350000002,43.94999999999999],[-68.84606020000001,43.94999999999999],[-68.84774929999998,43.94999999999999],[-68.85000000000002,43.94999999999999],[-68.85000000000002,43.95373139999998]]]}},{"type":"Feature","properties":{},"geometry":{"type":"Polygon","coordinates":[[[-68.76689240000002,43.94999999999999],[-68.77499999999998,43.94999999999999],[-68.77499999999998,43.95338320000002],[-68.77499999999998,43.9537416],[-68.77499999999998,43.963055499999996],[-68.77499999999998,43.96522199999998],[-68.77499999999998,43.969108500000004],[-68.77499999999998,43.9720312],[-68.77499999999998,43.97456690000001],[-68.77499999999998,43.98452470000001],[-68.77499999999998,43.98969579999999],[-68.77499999999998,43.992102699999975],[-68.77499999999998,43.99475510000002],[-68.77499999999998,43.99485979999997],[-68.77499999999998,43.998986100000025],[-68.77499999999998,44.002029900000025],[-68.77499999999998,44.00574139999998],[-68.77499999999998,44.0073476],[-68.77499999999998,44.00840649999998],[-68.77499999999998,44.00946640000001],[-68.77499999999998,44.01065560000001],[-68.77499999999998,44.01257700000002],[-68.77499999999998,44.01368339999999],[-68.77499999999998,44.01408029999999],[-68.77499999999998,44.0145971],[-68.77499999999998,44.01508719999998],[-68.77499999999998,44.01641969999997],[-68.77499999999998,44.02499999999998],[-68.77148490000002,44.02499999999998],[-68.77111760000003,44.02499999999998],[-68.77070709999998,44.02499999999998],[-68.7694391,44.02499999999998],[-68.76630410000001,44.02499999999998],[-68.7657577,44.02499999999998],[-68.75836759999999,44.02499999999998],[-68.75452669999999,44.02499999999998],[-68.7507089,44.02499999999998],[-68.74271670000002,44.02499999999998],[-68.74228340000002,44.02499999999998],[-68.74021540000001,44.02499999999998],[-68.73981070000002,44.02499999999998],[-68.738858,44.02499999999998],[-68.73863569999997,44.02499999999998],[-68.73828079999998,44.02499999999998],[-68.73750860000001,44.02499999999998],[-68.73705569999998,44.02499999999998],[-68.7357849,44.02499999999998],[-68.73373400000003,44.02499999999998],[-68.73135660000003,44.02499999999998],[-68.72640430000001,44.02499999999998],[-68.72478790000002,44.02499999999998],[-68.7142839,44.02499999999998],[-68.7012307,44.02499999999998],[-68.69999999999999,44.02499999999998],[-68.69999999999999,44.01682260000001],[-68.69999999999999,44.012633900000026],[-68.69999999999999,44.0109789],[-68.69999999999999,44.00590510000001],[-68.69999999999999,44.003420500000004],[-68.69999999999999,44.00065599999999],[-68.69999999999999,43.99827069999998],[-68.69999999999999,43.99600349999997],[-68.69999999999999,43.99195120000002],[-68.69999999999999,43.989279599999975],[-68.69999999999999,43.9864207],[-68.69999999999999,43.983569999999986],[-68.69999999999999,43.980022599999984],[-68.69999999999999,43.977889000000005],[-68.69999999999999,43.97774500000003],[-68.69999999999999,43.97302159999998],[-68.69999999999999,43.971347700000024],[-68.69999999999999,43.96593849999999],[-68.69999999999999,43.96469059999998],[-68.69999999999999,43.961649799999975],[-68.69999999999999,43.96119010000001],[-68.69999999999999,43.955291999999986],[-68.69999999999999,43.951928899999984],[-68.69999999999999,43.94999999999999],[-68.70557129999997,43.94999999999999],[-68.72500179999997,43.94999999999999],[-68.73423659999997,43.94999999999999],[-68.73682120000001,43.94999999999999],[-68.74248619999997,43.94999999999999],[-68.74718200000001,43.94999999999999],[-68.75003299999997,43.94999999999999],[-68.75420739999998,43.94999999999999],[-68.7592416,43.94999999999999],[-68.76054779999998,43.94999999999999],[-68.76352739999999,43.94999999999999],[-68.76689240000002,43.94999999999999]]]}},{"type":"Feature","properties":{},"geometry":{"type":"Polygon","coordinates":[[[-69.11991119999999,44.02499999999998],[-69.14999999999998,44.02499999999998],[-69.14999999999998,44.05288839999997],[-69.14999999999998,44.10000000000002],[-69.12753529999998,44.10000000000002],[-69.1073743,44.10000000000002],[-69.10686229999999,44.10000000000002],[-69.1065418,44.10000000000002],[-69.10627219999998,44.10000000000002],[-69.10581189999999,44.10000000000002],[-69.10540650000002,44.10000000000002],[-69.10497329999998,44.10000000000002],[-69.1016778,44.10000000000002],[-69.100009,44.10000000000002],[-69.0970289,44.10000000000002],[-69.096949,44.10000000000002],[-69.0960111,44.10000000000002],[-69.08967410000002,44.10000000000002],[-69.0868395,44.10000000000002],[-69.08644950000001,44.10000000000002],[-69.08508499999999,44.10000000000002],[-69.08409239999997,44.10000000000002],[-69.07648019999999,44.10000000000002],[-69.07499999999999,44.10000000000002],[-69.07499999999999,44.096661299999994],[-69.07499999999999,44.095310900000015],[-69.07499999999999,44.09523589999998],[-69.07499999999999,44.09473730000002],[-69.07499999999999,44.0933756],[-69.07499999999999,44.092449699999975],[-69.07499999999999,44.09243889999999],[-69.07499999999999,44.09221710000003],[-69.07499999999999,44.09186790000001],[-69.07499999999999,44.09165489999998],[-69.07499999999999,44.091379700000005],[-69.07499999999999,44.09100910000001],[-69.07499999999999,44.090329800000006],[-69.07499999999999,44.06163780000003],[-69.07499999999999,44.061312999999984],[-69.07499999999999,44.05771609999999],[-69.07499999999999,44.05727430000002],[-69.07499999999999,44.056462599999975],[-69.07499999999999,44.05605689999999],[-69.07499999999999,44.0553266],[-69.07499999999999,44.05521090000002],[-69.07499999999999,44.05492479999998],[-69.07499999999999,44.05488650000001],[-69.07499999999999,44.05412660000002],[-69.07499999999999,44.053916500000014],[-69.07499999999999,44.05288839999997],[-69.07499999999999,44.05276170000002],[-69.07499999999999,44.050407500000006],[-69.07499999999999,44.04926280000001],[-69.07499999999999,44.048571100000004],[-69.07499999999999,44.04545250000001],[-69.07499999999999,44.04518610000002],[-69.07499999999999,44.045182899999986],[-69.07499999999999,44.044872999999995],[-69.07499999999999,44.04458570000003],[-69.07499999999999,44.044084699999985],[-69.07499999999999,44.041393400000004],[-69.07499999999999,44.04070009999998],[-69.07499999999999,44.04004020000002],[-69.07499999999999,44.03850799999998],[-69.07499999999999,44.03848069999998],[-69.07499999999999,44.0382113],[-69.07499999999999,44.03749429999999],[-69.07499999999999,44.03656819999998],[-69.07499999999999,44.03641470000002],[-69.07499999999999,44.03510419999998],[-69.07499999999999,44.035058400000025],[-69.07499999999999,44.031103599999994],[-69.07499999999999,44.02914470000002],[-69.07499999999999,44.026987399999996],[-69.07499999999999,44.02499999999998],[-69.07873219999999,44.02499999999998],[-69.0787383,44.02499999999998],[-69.07986449999999,44.02499999999998],[-69.08017130000002,44.02499999999998],[-69.0804784,44.02499999999998],[-69.08111980000001,44.02499999999998],[-69.08143180000002,44.02499999999998],[-69.0821259,44.02499999999998],[-69.0824316,44.02499999999998],[-69.08817859999999,44.02499999999998],[-69.10001940000001,44.02499999999998],[-69.10145540000002,44.02499999999998],[-69.1033564,44.02499999999998],[-69.105816,44.02499999999998],[-69.11065059999999,44.02499999999998],[-69.11319839999999,44.02499999999998],[-69.11398070000001,44.02499999999998],[-69.11519299999998,44.02499999999998],[-69.11898079999997,44.02499999999998],[-69.11991119999999,44.02499999999998]]]}},{"type":"Feature","properties":{},"geometry":{"type":"Polygon","coordinates":[[[-69.07499999999999,44.026987399999996],[-69.07499999999999,44.02914470000002],[-69.07499999999999,44.031103599999994],[-69.07499999999999,44.035058400000025],[-69.07499999999999,44.03510419999998],[-69.07499999999999,44.03641470000002],[-69.07499999999999,44.03656819999998],[-69.07499999999999,44.03749429999999],[-69.07499999999999,44.0382113],[-69.07499999999999,44.03848069999998],[-69.07499999999999,44.03850799999998],[-69.07499999999999,44.04004020000002],[-69.07499999999999,44.04070009999998],[-69.07499999999999,44.041393400000004],[-69.07499999999999,44.044084699999985],[-69.07499999999999,44.04458570000003],[-69.07499999999999,44.044872999999995],[-69.07499999999999,44.045182899999986],[-69.07499999999999,44.04518610000002],[-69.07499999999999,44.04545250000001],[-69.07499999999999,44.048571100000004],[-69.07499999999999,44.04926280000001],[-69.07499999999999,44.050407500000006],[-69.07499999999999,44.05276170000002],[-69.07499999999999,44.05288839999997],[-69.07499999999999,44.053916500000014],[-69.07499999999999,44.05412660000002],[-69.07499999999999,44.05488650000001],[-69.07499999999999,44.05492479999998],[-69.07499999999999,44.05521090000002],[-69.07499999999999,44.0553266],[-69.07499999999999,44.05605689999999],[-69.07499999999999,44.056462599999975],[-69.07499999999999,44.05727430000002],[-69.07499999999999,44.05771609999999],[-69.07499999999999,44.061312999999984],[-69.07499999999999,44.06163780000003],[-69.07499999999999,44.090329800000006],[-69.07499999999999,44.09100910000001],[-69.07499999999999,44.091379700000005],[-69.07499999999999,44.09165489999998],[-69.07499999999999,44.09186790000001],[-69.07499999999999,44.09221710000003],[-69.07499999999999,44.09243889999999],[-69.07499999999999,44.092449699999975],[-69.07499999999999,44.0933756],[-69.07499999999999,44.09473730000002],[-69.07499999999999,44.09523589999998],[-69.07499999999999,44.095310900000015],[-69.07499999999999,44.096661299999994],[-69.07499999999999,44.10000000000002],[-69.06808749999999,44.10000000000002],[-69.0497593,44.10000000000002],[-69.0485003,44.10000000000002],[-69.04591040000003,44.10000000000002],[-69.0450449,44.10000000000002],[-69.04470400000002,44.10000000000002],[-69.04137159999999,44.10000000000002],[-69.0370595,44.10000000000002],[-69.02762059999998,44.10000000000002],[-69.018822,44.10000000000002],[-69.01509900000002,44.10000000000002],[-69.0130959,44.10000000000002],[-69.00287359999999,44.10000000000002],[-69.0,44.10000000000002],[-69.0,44.08825039999999],[-69.0,44.08707750000002],[-69.0,44.082561399999975],[-69.0,44.078983900000026],[-69.0,44.078082300000005],[-69.0,44.06890390000001],[-69.0,44.05695159999999],[-69.0,44.05288839999997],[-69.0,44.036341400000026],[-69.0,44.030422999999985],[-69.0,44.02663000000001],[-69.0,44.02569820000002],[-69.0,44.02499999999998],[-69.00025240000002,44.02499999999998],[-69.00178599999998,44.02499999999998],[-69.00264859999999,44.02499999999998],[-69.00363290000001,44.02499999999998],[-69.01062409999997,44.02499999999998],[-69.01179159999998,44.02499999999998],[-69.01314680000002,44.02499999999998],[-69.01405019999999,44.02499999999998],[-69.01432649999998,44.02499999999998],[-69.01435479999998,44.02499999999998],[-69.01527679999998,44.02499999999998],[-69.0170622,44.02499999999998],[-69.01880829999999,44.02499999999998],[-69.01922630000001,44.02499999999998],[-69.02117220000002,44.02499999999998],[-69.0254516,44.02499999999998],[-69.0316957,44.02499999999998],[-69.03297120000002,44.02499999999998],[-69.03398170000003,44.02499999999998],[-69.03444719999999,44.02499999999998],[-69.04714719999998,44.02499999999998],[-69.0472651,44.02499999999998],[-69.04775130000002,44.02499999999998],[-69.04828140000001,44.02499999999998],[-69.04855400000002,44.02499999999998],[-69.04888030000001,44.02499999999998],[-69.04932980000001,44.02499999999998],[-69.0498331,44.02499999999998],[-69.05257310000002,44.02499999999998],[-69.05405180000002,44.02499999999998],[-69.05859129999999,44.02499999999998],[-69.05969049999999,44.02499999999998],[-69.06159819999999,44.02499999999998],[-69.06911780000001,44.02499999999998],[-69.07244229999998,44.02499999999998],[-69.07499999999999,44.02499999999998],[-69.07499999999999,44.026987399999996]]]}},{"type":"Feature","properties":{},"geometry":{"type":"Polygon","coordinates":[[[-68.99916100000002,44.02499999999998],[-69.0,44.02499999999998],[-69.0,44.02569820000002],[-69.0,44.02663000000001],[-69.0,44.030422999999985],[-69.0,44.036341400000026],[-69.0,44.05288839999997],[-69.0,44.05695159999999],[-69.0,44.06890390000001],[-69.0,44.078082300000005],[-69.0,44.078983900000026],[-69.0,44.082561399999975],[-69.0,44.08707750000002],[-69.0,44.08825039999999],[-69.0,44.10000000000002],[-68.99952969999998,44.10000000000002],[-68.9954409,44.10000000000002],[-68.9762455,44.10000000000002],[-68.97540509999999,44.10000000000002],[-68.97518029999998,44.10000000000002],[-68.97402,44.10000000000002],[-68.97084389999998,44.10000000000002],[-68.96990590000001,44.10000000000002],[-68.96611109999998,44.10000000000002],[-68.96379030000003,44.10000000000002],[-68.9619965,44.10000000000002],[-68.96155779999998,44.10000000000002],[-68.9613268,44.10000000000002],[-68.96131659999998,44.10000000000002],[-68.96128709999999,44.10000000000002],[-68.96016209999999,44.10000000000002],[-68.95988310000001,44.10000000000002],[-68.95757789999999,44.10000000000002],[-68.95131520000001,44.10000000000002],[-68.94986319999998,44.10000000000002],[-68.9482319,44.10000000000002],[-68.94650960000001,44.10000000000002],[-68.9464893,44.10000000000002],[-68.94610840000001,44.10000000000002],[-68.94547599999999,44.10000000000002],[-68.94505290000001,44.10000000000002],[-68.94490619999999,44.10000000000002],[-68.94234239999997,44.10000000000002],[-68.9421916,44.10000000000002],[-68.93988200000001,44.10000000000002],[-68.93917750000003,44.10000000000002],[-68.93660729999999,44.10000000000002],[-68.93368450000003,44.10000000000002],[-68.93124180000001,44.10000000000002],[-68.92579380000001,44.10000000000002],[-68.92573950000002,44.10000000000002],[-68.92555729999998,44.10000000000002],[-68.92510090000002,44.10000000000002],[-68.92500000000001,44.10000000000002],[-68.92500000000001,44.09987319999999],[-68.92500000000001,44.09894659999998],[-68.92500000000001,44.096818299999995],[-68.92500000000001,44.09680109999999],[-68.92500000000001,44.09506950000002],[-68.92500000000001,44.09493739999999],[-68.92500000000001,44.09402879999999],[-68.92500000000001,44.093235100000015],[-68.92500000000001,44.0903697],[-68.92500000000001,44.08835210000001],[-68.92500000000001,44.08751699999999],[-68.92500000000001,44.08663489999998],[-68.92500000000001,44.08609510000002],[-68.92500000000001,44.08495970000001],[-68.92500000000001,44.08369829999998],[-68.92500000000001,44.08347629999997],[-68.92500000000001,44.08252399999998],[-68.92500000000001,44.08249169999999],[-68.92500000000001,44.08103990000001],[-68.92500000000001,44.080902700000024],[-68.92500000000001,44.0806063],[-68.92500000000001,44.07738649999999],[-68.92500000000001,44.071676000000025],[-68.92500000000001,44.0687264],[-68.92500000000001,44.06776869999999],[-68.92500000000001,44.06712779999998],[-68.92500000000001,44.06676110000001],[-68.92500000000001,44.06637710000001],[-68.92500000000001,44.066348600000026],[-68.92500000000001,44.06621259999997],[-68.92500000000001,44.065658600000006],[-68.92500000000001,44.065097700000024],[-68.92500000000001,44.06506969999998],[-68.92500000000001,44.06495510000002],[-68.92500000000001,44.06424820000001],[-68.92500000000001,44.06423160000003],[-68.92500000000001,44.06394130000001],[-68.92500000000001,44.06363379999999],[-68.92500000000001,44.06318870000001],[-68.92500000000001,44.06304799999998],[-68.92500000000001,44.062646400000006],[-68.92500000000001,44.061813700000016],[-68.92500000000001,44.061565400000006],[-68.92500000000001,44.061233800000025],[-68.92500000000001,44.0608977],[-68.92500000000001,44.06034340000002],[-68.92500000000001,44.059998699999994],[-68.92500000000001,44.057341699999995],[-68.92500000000001,44.05630430000002],[-68.92500000000001,44.054626299999995],[-68.92500000000001,44.05313269999999],[-68.92500000000001,44.05290960000002],[-68.92500000000001,44.05152349999997],[-68.92500000000001,44.05119020000001],[-68.92500000000001,44.04957810000002],[-68.92500000000001,44.04933799999998],[-68.92500000000001,44.048435900000015],[-68.92500000000001,44.04732369999999],[-68.92500000000001,44.045661199999984],[-68.92500000000001,44.04518469999999],[-68.92500000000001,44.044539499999985],[-68.92500000000001,44.043773499999986],[-68.92500000000001,44.04114750000002],[-68.92500000000001,44.04067620000001],[-68.92500000000001,44.0380121],[-68.92500000000001,44.037229500000024],[-68.92500000000001,44.03604919999998],[-68.92500000000001,44.03594620000001],[-68.92500000000001,44.02585399999998],[-68.92500000000001,44.02499999999998],[-68.92526889999999,44.02499999999998],[-68.9325892,44.02499999999998],[-68.93430560000002,44.02499999999998],[-68.93674679999998,44.02499999999998],[-68.939664,44.02499999999998],[-68.94243060000002,44.02499999999998],[-68.94263210000003,44.02499999999998],[-68.95090099999999,44.02499999999998],[-68.95226650000001,44.02499999999998],[-68.95289530000002,44.02499999999998],[-68.95474739999997,44.02499999999998],[-68.95489509999999,44.02499999999998],[-68.95546639999998,44.02499999999998],[-68.95643139999999,44.02499999999998],[-68.95681330000002,44.02499999999998],[-68.95850430000002,44.02499999999998],[-68.95956480000001,44.02499999999998],[-68.96139210000001,44.02499999999998],[-68.9615033,44.02499999999998],[-68.96242000000001,44.02499999999998],[-68.96253680000001,44.02499999999998],[-68.96456269999999,44.02499999999998],[-68.96457750000002,44.02499999999998],[-68.96686469999997,44.02499999999998],[-68.96704799999998,44.02499999999998],[-68.96845580000002,44.02499999999998],[-68.96881150000002,44.02499999999998],[-68.9698042,44.02499999999998],[-68.97159850000003,44.02499999999998],[-68.97245859999998,44.02499999999998],[-68.9747817,44.02499999999998],[-68.97527330000003,44.02499999999998],[-68.97648650000002,44.02499999999998],[-68.97971539999998,44.02499999999998],[-68.98015229999999,44.02499999999998],[-68.98130859999998,44.02499999999998],[-68.9833352,44.02499999999998],[-68.98452479999997,44.02499999999998],[-68.98702429999997,44.02499999999998],[-68.98702980000002,44.02499999999998],[-68.98752610000003,44.02499999999998],[-68.98862589999999,44.02499999999998],[-68.98979430000003,44.02499999999998],[-68.9901385,44.02499999999998],[-68.9924332,44.02499999999998],[-68.99300679999999,44.02499999999998],[-68.99596960000002,44.02499999999998],[-68.99916100000002,44.02499999999998]]]}},{"type":"Feature","properties":{},"geometry":{"type":"Polygon","coordinates":[[[-68.9155576,44.02499999999998],[-68.9165385,44.02499999999998],[-68.91756170000002,44.02499999999998],[-68.91828909999998,44.02499999999998],[-68.92112859999997,44.02499999999998],[-68.92187360000003,44.02499999999998],[-68.92500000000001,44.02499999999998],[-68.92500000000001,44.02585399999998],[-68.92500000000001,44.03594620000001],[-68.92500000000001,44.03604919999998],[-68.92500000000001,44.037229500000024],[-68.92500000000001,44.0380121],[-68.92500000000001,44.04067620000001],[-68.92500000000001,44.04114750000002],[-68.92500000000001,44.043773499999986],[-68.92500000000001,44.044539499999985],[-68.92500000000001,44.04518469999999],[-68.92500000000001,44.045661199999984],[-68.92500000000001,44.04732369999999],[-68.92500000000001,44.048435900000015],[-68.92500000000001,44.04933799999998],[-68.92500000000001,44.04957810000002],[-68.92500000000001,44.05119020000001],[-68.92500000000001,44.05152349999997],[-68.92500000000001,44.05290960000002],[-68.92500000000001,44.05313269999999],[-68.92500000000001,44.05357729999997],[-68.92500000000001,44.05358000000001],[-68.92500000000001,44.054626299999995],[-68.92500000000001,44.05630430000002],[-68.92500000000001,44.057341699999995],[-68.92500000000001,44.059998699999994],[-68.92500000000001,44.06034340000002],[-68.92500000000001,44.0608977],[-68.92500000000001,44.061233800000025],[-68.92500000000001,44.061565400000006],[-68.92500000000001,44.061813700000016],[-68.92500000000001,44.062646400000006],[-68.92500000000001,44.06304799999998],[-68.92500000000001,44.06318870000001],[-68.92500000000001,44.06363379999999],[-68.92500000000001,44.06394130000001],[-68.92500000000001,44.06423160000003],[-68.92500000000001,44.06424820000001],[-68.92500000000001,44.06495510000002],[-68.92500000000001,44.06506969999998],[-68.92500000000001,44.065097700000024],[-68.92500000000001,44.065658600000006],[-68.92500000000001,44.06621259999997],[-68.92500000000001,44.066348600000026],[-68.92500000000001,44.06637710000001],[-68.92500000000001,44.06676110000001],[-68.92500000000001,44.06712779999998],[-68.92500000000001,44.06776869999999],[-68.92500000000001,44.0687264],[-68.92500000000001,44.071676000000025],[-68.92500000000001,44.07738649999999],[-68.92500000000001,44.0806063],[-68.92500000000001,44.080902700000024],[-68.92500000000001,44.08103990000001],[-68.92500000000001,44.08249169999999],[-68.92500000000001,44.08252399999998],[-68.92500000000001,44.08347629999997],[-68.92500000000001,44.08369829999998],[-68.92500000000001,44.08495970000001],[-68.92500000000001,44.08609510000002],[-68.92500000000001,44.08663489999998],[-68.92500000000001,44.08751699999999],[-68.92500000000001,44.08835210000001],[-68.92500000000001,44.0903697],[-68.92500000000001,44.093235100000015],[-68.92500000000001,44.09402879999999],[-68.92500000000001,44.09493739999999],[-68.92500000000001,44.09506950000002],[-68.92500000000001,44.09680109999999],[-68.92500000000001,44.096818299999995],[-68.92500000000001,44.09894659999998],[-68.92500000000001,44.09987319999999],[-68.92500000000001,44.10000000000002],[-68.92495459999998,44.10000000000002],[-68.92366950000002,44.10000000000002],[-68.92359390000001,44.10000000000002],[-68.92271840000001,44.10000000000002],[-68.9220727,44.10000000000002],[-68.9155017,44.10000000000002],[-68.9153963,44.10000000000002],[-68.91527450000001,44.10000000000002],[-68.91515290000001,44.10000000000002],[-68.91507230000002,44.10000000000002],[-68.9150376,44.10000000000002],[-68.91467899999998,44.10000000000002],[-68.91437960000002,44.10000000000002],[-68.91437300000001,44.10000000000002],[-68.91428309999998,44.10000000000002],[-68.91420590000001,44.10000000000002],[-68.9141548,44.10000000000002],[-68.91387029999999,44.10000000000002],[-68.91294149999999,44.10000000000002],[-68.9124347,44.10000000000002],[-68.91238779999998,44.10000000000002],[-68.91078340000001,44.10000000000002],[-68.9097744,44.10000000000002],[-68.90932880000003,44.10000000000002],[-68.90888339999998,44.10000000000002],[-68.90880579999998,44.10000000000002],[-68.90875219999998,44.10000000000002],[-68.90860950000001,44.10000000000002],[-68.90834910000001,44.10000000000002],[-68.90798269999999,44.10000000000002],[-68.903277,44.10000000000002],[-68.90317249999998,44.10000000000002],[-68.90309480000002,44.10000000000002],[-68.9028664,44.10000000000002],[-68.902602,44.10000000000002],[-68.90246200000001,44.10000000000002],[-68.90239170000001,44.10000000000002],[-68.90214020000002,44.10000000000002],[-68.90134610000001,44.10000000000002],[-68.90125110000002,44.10000000000002],[-68.90105510000001,44.10000000000002],[-68.9001763,44.10000000000002],[-68.89979970000002,44.10000000000002],[-68.8985429,44.10000000000002],[-68.8978371,44.10000000000002],[-68.89681660000002,44.10000000000002],[-68.8812039,44.10000000000002],[-68.88080209999998,44.10000000000002],[-68.8793316,44.10000000000002],[-68.8582829,44.10000000000002],[-68.85773160000002,44.10000000000002],[-68.85748849999999,44.10000000000002],[-68.85045459999998,44.10000000000002],[-68.85030519999998,44.10000000000002],[-68.85000000000002,44.10000000000002],[-68.85000000000002,44.0986279],[-68.85000000000002,44.09815889999999],[-68.85000000000002,44.097936800000014],[-68.85000000000002,44.09777750000001],[-68.85000000000002,44.09747040000002],[-68.85000000000002,44.097197900000026],[-68.85000000000002,44.097059],[-68.85000000000002,44.094580399999984],[-68.85000000000002,44.09437200000002],[-68.85000000000002,44.08355929999999],[-68.85000000000002,44.082582],[-68.85000000000002,44.077558599999975],[-68.85000000000002,44.07547199999999],[-68.85000000000002,44.06676110000001],[-68.85000000000002,44.04968630000002],[-68.85000000000002,44.048272],[-68.85000000000002,44.04783500000002],[-68.85000000000002,44.042024200000014],[-68.85000000000002,44.04029129999998],[-68.85000000000002,44.040015700000026],[-68.85000000000002,44.0395522],[-68.85000000000002,44.03953310000003],[-68.85000000000002,44.03945599999997],[-68.85000000000002,44.03844750000002],[-68.85000000000002,44.038328999999976],[-68.85000000000002,44.038263400000005],[-68.85000000000002,44.0377747],[-68.85000000000002,44.037658299999975],[-68.85000000000002,44.037439199999994],[-68.85000000000002,44.03700429999998],[-68.85000000000002,44.036255100000005],[-68.85000000000002,44.03603129999999],[-68.85000000000002,44.033741099999986],[-68.85000000000002,44.03364110000001],[-68.85000000000002,44.03356600000001],[-68.85000000000002,44.0334034],[-68.85000000000002,44.03315620000001],[-68.85000000000002,44.0331539],[-68.85000000000002,44.03285469999997],[-68.85000000000002,44.03186160000001],[-68.85000000000002,44.03155600000002],[-68.85000000000002,44.031460200000026],[-68.85000000000002,44.0313539],[-68.85000000000002,44.03107060000002],[-68.85000000000002,44.029941699999995],[-68.85000000000002,44.02943349999998],[-68.85000000000002,44.029199199999994],[-68.85000000000002,44.02914959999998],[-68.85000000000002,44.029095600000005],[-68.85000000000002,44.0278515],[-68.85000000000002,44.02768630000003],[-68.85000000000002,44.027408700000024],[-68.85000000000002,44.027257299999974],[-68.85000000000002,44.026920700000005],[-68.85000000000002,44.025632900000005],[-68.85000000000002,44.025460099999975],[-68.85000000000002,44.02499999999998],[-68.85008490000001,44.02499999999998],[-68.85617819999999,44.02499999999998],[-68.85641709999999,44.02499999999998],[-68.85753019999999,44.02499999999998],[-68.8577464,44.02499999999998],[-68.85868799999997,44.02499999999998],[-68.85908269999999,44.02499999999998],[-68.85961309999999,44.02499999999998],[-68.85966989999997,44.02499999999998],[-68.86056239999999,44.02499999999998],[-68.86194089999998,44.02499999999998],[-68.8621703,44.02499999999998],[-68.86244970000001,44.02499999999998],[-68.86282349999999,44.02499999999998],[-68.86331510000002,44.02499999999998],[-68.86514060000002,44.02499999999998],[-68.86546370000002,44.02499999999998],[-68.86603200000002,44.02499999999998],[-68.86645299999998,44.02499999999998],[-68.86686600000002,44.02499999999998],[-68.8670156,44.02499999999998],[-68.86743769999998,44.02499999999998],[-68.86806899999999,44.02499999999998],[-68.86824580000001,44.02499999999998],[-68.86936209999999,44.02499999999998],[-68.86978820000002,44.02499999999998],[-68.87026739999999,44.02499999999998],[-68.87239169999998,44.02499999999998],[-68.87414860000001,44.02499999999998],[-68.87519959999997,44.02499999999998],[-68.87580500000001,44.02499999999998],[-68.87593070000003,44.02499999999998],[-68.87607159999999,44.02499999999998],[-68.87659539999999,44.02499999999998],[-68.87662870000003,44.02499999999998],[-68.876667,44.02499999999998],[-68.87727530000001,44.02499999999998],[-68.87743169999999,44.02499999999998],[-68.87807709999998,44.02499999999998],[-68.87883950000003,44.02499999999998],[-68.88392649999997,44.02499999999998],[-68.88474589999998,44.02499999999998],[-68.88561019999997,44.02499999999998],[-68.88617149999999,44.02499999999998],[-68.8867497,44.02499999999998],[-68.88822140000002,44.02499999999998],[-68.88831040000002,44.02499999999998],[-68.88971500000002,44.02499999999998],[-68.89150760000001,44.02499999999998],[-68.89190580000002,44.02499999999998],[-68.89294210000003,44.02499999999998],[-68.89503589999998,44.02499999999998],[-68.89622789999999,44.02499999999998],[-68.90666099999999,44.02499999999998],[-68.90743300000003,44.02499999999998],[-68.91046940000001,44.02499999999998],[-68.91192280000001,44.02499999999998],[-68.9155576,44.02499999999998]]]}},{"type":"Feature","properties":{},"geometry":{"type":"Polygon","coordinates":[[[-68.8278206,44.02499999999998],[-68.85000000000002,44.02499999999998],[-68.85000000000002,44.025460099999975],[-68.85000000000002,44.025632900000005],[-68.85000000000002,44.026920700000005],[-68.85000000000002,44.027257299999974],[-68.85000000000002,44.027408700000024],[-68.85000000000002,44.02768630000003],[-68.85000000000002,44.0278515],[-68.85000000000002,44.029095600000005],[-68.85000000000002,44.02914959999998],[-68.85000000000002,44.029199199999994],[-68.85000000000002,44.02943349999998],[-68.85000000000002,44.029941699999995],[-68.85000000000002,44.03107060000002],[-68.85000000000002,44.0313539],[-68.85000000000002,44.031460200000026],[-68.85000000000002,44.03155600000002],[-68.85000000000002,44.03186160000001],[-68.85000000000002,44.03285469999997],[-68.85000000000002,44.0331539],[-68.85000000000002,44.03315620000001],[-68.85000000000002,44.03356600000001],[-68.85000000000002,44.03364110000001],[-68.85000000000002,44.033741099999986],[-68.85000000000002,44.03603129999999],[-68.85000000000002,44.036255100000005],[-68.85000000000002,44.03700429999998],[-68.85000000000002,44.037439199999994],[-68.85000000000002,44.037658299999975],[-68.85000000000002,44.0377747],[-68.85000000000002,44.038263400000005],[-68.85000000000002,44.038328999999976],[-68.85000000000002,44.03844750000002],[-68.85000000000002,44.03945599999997],[-68.85000000000002,44.03953310000003],[-68.85000000000002,44.0395522],[-68.85000000000002,44.040015700000026],[-68.85000000000002,44.04029129999998],[-68.85000000000002,44.042024200000014],[-68.85000000000002,44.04783500000002],[-68.85000000000002,44.048272],[-68.85000000000002,44.04968630000002],[-68.85000000000002,44.06676110000001],[-68.85000000000002,44.07547199999999],[-68.85000000000002,44.077558599999975],[-68.85000000000002,44.082582],[-68.85000000000002,44.08355929999999],[-68.85000000000002,44.09437200000002],[-68.85000000000002,44.094580399999984],[-68.85000000000002,44.097059],[-68.85000000000002,44.097197900000026],[-68.85000000000002,44.09747040000002],[-68.85000000000002,44.09777750000001],[-68.85000000000002,44.097936800000014],[-68.85000000000002,44.09815889999999],[-68.85000000000002,44.0986279],[-68.85000000000002,44.10000000000002],[-68.8483637,44.10000000000002],[-68.84805180000001,44.10000000000002],[-68.84753599999999,44.10000000000002],[-68.8473052,44.10000000000002],[-68.84534129999997,44.10000000000002],[-68.8450444,44.10000000000002],[-68.84448279999998,44.10000000000002],[-68.84424760000002,44.10000000000002],[-68.84405140000001,44.10000000000002],[-68.84386970000003,44.10000000000002],[-68.84385079999998,44.10000000000002],[-68.84330290000003,44.10000000000002],[-68.84316139999999,44.10000000000002],[-68.84298339999998,44.10000000000002],[-68.84278069999999,44.10000000000002],[-68.84261850000001,44.10000000000002],[-68.84249240000003,44.10000000000002],[-68.84161849999998,44.10000000000002],[-68.84147619999999,44.10000000000002],[-68.8402939,44.10000000000002],[-68.8381728,44.10000000000002],[-68.8364229,44.10000000000002],[-68.83370639999998,44.10000000000002],[-68.82898619999997,44.10000000000002],[-68.82561220000002,44.10000000000002],[-68.82542899999999,44.10000000000002],[-68.82467409999998,44.10000000000002],[-68.8240475,44.10000000000002],[-68.82304979999998,44.10000000000002],[-68.8195106,44.10000000000002],[-68.8192325,44.10000000000002],[-68.81416080000002,44.10000000000002],[-68.81394870000003,44.10000000000002],[-68.8138841,44.10000000000002],[-68.8138571,44.10000000000002],[-68.81372119999997,44.10000000000002],[-68.8135787,44.10000000000002],[-68.81337189999999,44.10000000000002],[-68.81312009999999,44.10000000000002],[-68.81020000000001,44.10000000000002],[-68.81007090000003,44.10000000000002],[-68.80893259999999,44.10000000000002],[-68.80834579999998,44.10000000000002],[-68.80795180000001,44.10000000000002],[-68.80768260000002,44.10000000000002],[-68.8073081,44.10000000000002],[-68.807255,44.10000000000002],[-68.80718789999997,44.10000000000002],[-68.8071357,44.10000000000002],[-68.80707050000001,44.10000000000002],[-68.80693159999998,44.10000000000002],[-68.80679270000002,44.10000000000002],[-68.80530850000002,44.10000000000002],[-68.80502030000002,44.10000000000002],[-68.80498499999999,44.10000000000002],[-68.80489069999999,44.10000000000002],[-68.80487390000002,44.10000000000002],[-68.80432430000002,44.10000000000002],[-68.80431370000002,44.10000000000002],[-68.80355659999998,44.10000000000002],[-68.80333780000001,44.10000000000002],[-68.80299389999999,44.10000000000002],[-68.80275010000003,44.10000000000002],[-68.79911449999997,44.10000000000002],[-68.79906590000002,44.10000000000002],[-68.7988436,44.10000000000002],[-68.79871480000003,44.10000000000002],[-68.7985711,44.10000000000002],[-68.79835809999997,44.10000000000002],[-68.79737390000003,44.10000000000002],[-68.79721590000003,44.10000000000002],[-68.7971657,44.10000000000002],[-68.79711559999998,44.10000000000002],[-68.79704629999998,44.10000000000002],[-68.79701540000002,44.10000000000002],[-68.797012,44.10000000000002],[-68.7968927,44.10000000000002],[-68.79558479999997,44.10000000000002],[-68.79531780000002,44.10000000000002],[-68.79522839999998,44.10000000000002],[-68.7951602,44.10000000000002],[-68.79506279999998,44.10000000000002],[-68.7949653,44.10000000000002],[-68.79486209999999,44.10000000000002],[-68.7945052,44.10000000000002],[-68.79426560000002,44.10000000000002],[-68.79290400000002,44.10000000000002],[-68.79277289999999,44.10000000000002],[-68.79243500000001,44.10000000000002],[-68.79235699999998,44.10000000000002],[-68.7922418,44.10000000000002],[-68.79222770000001,44.10000000000002],[-68.79204499999997,44.10000000000002],[-68.79177220000003,44.10000000000002],[-68.79156280000001,44.10000000000002],[-68.79140460000002,44.10000000000002],[-68.79122519999999,44.10000000000002],[-68.79086360000002,44.10000000000002],[-68.79045660000003,44.10000000000002],[-68.7900616,44.10000000000002],[-68.78845430000001,44.10000000000002],[-68.77499999999998,44.10000000000002],[-68.77499999999998,44.08687520000001],[-68.77499999999998,44.0867298],[-68.77499999999998,44.08575380000002],[-68.77499999999998,44.0827276],[-68.77499999999998,44.08206059999998],[-68.77499999999998,44.08173449999998],[-68.77499999999998,44.0816499],[-68.77499999999998,44.08148160000002],[-68.77499999999998,44.0813799],[-68.77499999999998,44.0812856],[-68.77499999999998,44.08084000000002],[-68.77499999999998,44.08074340000002],[-68.77499999999998,44.080266600000016],[-68.77499999999998,44.0801644],[-68.77499999999998,44.079949],[-68.77499999999998,44.07977540000002],[-68.77499999999998,44.079512299999976],[-68.77499999999998,44.07945890000002],[-68.77499999999998,44.0780355],[-68.77499999999998,44.07753250000002],[-68.77499999999998,44.077330200000006],[-68.77499999999998,44.07732149999998],[-68.77499999999998,44.07694470000001],[-68.77499999999998,44.07686260000003],[-68.77499999999998,44.0758462],[-68.77499999999998,44.07559229999998],[-68.77499999999998,44.075316499999985],[-68.77499999999998,44.07523550000002],[-68.77499999999998,44.075163299999986],[-68.77499999999998,44.07486640000002],[-68.77499999999998,44.07468940000001],[-68.77499999999998,44.07464479999999],[-68.77499999999998,44.074511700000016],[-68.77499999999998,44.07380139999998],[-68.77499999999998,44.0734999],[-68.77499999999998,44.073438599999974],[-68.77499999999998,44.07338060000001],[-68.77499999999998,44.07329249999998],[-68.77499999999998,44.07302179999999],[-68.77499999999998,44.072854500000005],[-68.77499999999998,44.07282570000001],[-68.77499999999998,44.07280709999998],[-68.77499999999998,44.071738400000015],[-68.77499999999998,44.07022030000002],[-68.77499999999998,44.06999309999998],[-68.77499999999998,44.068987100000015],[-68.77499999999998,44.068702900000005],[-68.77499999999998,44.068552599999975],[-68.77499999999998,44.067834500000004],[-68.77499999999998,44.06771839999999],[-68.77499999999998,44.067364],[-68.77499999999998,44.06685920000001],[-68.77499999999998,44.06676110000001],[-68.77499999999998,44.066756699999985],[-68.77499999999998,44.066646100000014],[-68.77499999999998,44.06616550000001],[-68.77499999999998,44.06530049999998],[-68.77499999999998,44.06472439999999],[-68.77499999999998,44.06417540000001],[-68.77499999999998,44.063737600000024],[-68.77499999999998,44.06334850000002],[-68.77499999999998,44.06304419999998],[-68.77499999999998,44.06219249999998],[-68.77499999999998,44.0593131],[-68.77499999999998,44.057739000000026],[-68.77499999999998,44.056528000000014],[-68.77499999999998,44.05388590000001],[-68.77499999999998,44.04603580000003],[-68.77499999999998,44.045822199999975],[-68.77499999999998,44.045685900000024],[-68.77499999999998,44.04526320000002],[-68.77499999999998,44.04465010000001],[-68.77499999999998,44.04453000000001],[-68.77499999999998,44.04420099999999],[-68.77499999999998,44.04372590000003],[-68.77499999999998,44.041724699999975],[-68.77499999999998,44.039289],[-68.77499999999998,44.03841010000002],[-68.77499999999998,44.038050399999975],[-68.77499999999998,44.03737109999997],[-68.77499999999998,44.03248530000002],[-68.77499999999998,44.03123770000002],[-68.77499999999998,44.03029120000002],[-68.77499999999998,44.03005109999998],[-68.77499999999998,44.02904239999998],[-68.77499999999998,44.028707],[-68.77499999999998,44.02499999999998],[-68.78883880000001,44.02499999999998],[-68.79447699999997,44.02499999999998],[-68.79518330000002,44.02499999999998],[-68.79562600000003,44.02499999999998],[-68.79637880000001,44.02499999999998],[-68.79669869999998,44.02499999999998],[-68.79745759999997,44.02499999999998],[-68.79833910000002,44.02499999999998],[-68.80134370000002,44.02499999999998],[-68.8278206,44.02499999999998]]]}},{"type":"Feature","properties":{},"geometry":{"type":"Polygon","coordinates":[[[-68.77148490000002,44.02499999999998],[-68.77499999999998,44.02499999999998],[-68.77499999999998,44.028707],[-68.77499999999998,44.02904239999998],[-68.77499999999998,44.03005109999998],[-68.77499999999998,44.03029120000002],[-68.77499999999998,44.03123770000002],[-68.77499999999998,44.03248530000002],[-68.77499999999998,44.03737109999997],[-68.77499999999998,44.038050399999975],[-68.77499999999998,44.03841010000002],[-68.77499999999998,44.039289],[-68.77499999999998,44.041724699999975],[-68.77499999999998,44.04372590000003],[-68.77499999999998,44.04420099999999],[-68.77499999999998,44.04453000000001],[-68.77499999999998,44.04465010000001],[-68.77499999999998,44.04526320000002],[-68.77499999999998,44.045685900000024],[-68.77499999999998,44.045822199999975],[-68.77499999999998,44.04603580000003],[-68.77499999999998,44.05388590000001],[-68.77499999999998,44.056528000000014],[-68.77499999999998,44.057739000000026],[-68.77499999999998,44.0593131],[-68.77499999999998,44.06219249999998],[-68.77499999999998,44.06304419999998],[-68.77499999999998,44.06334850000002],[-68.77499999999998,44.063737600000024],[-68.77499999999998,44.06417540000001],[-68.77499999999998,44.06472439999999],[-68.77499999999998,44.06530049999998],[-68.77499999999998,44.06616550000001],[-68.77499999999998,44.066646100000014],[-68.77499999999998,44.06676110000001],[-68.77499999999998,44.06685920000001],[-68.77499999999998,44.067364],[-68.77499999999998,44.06771839999999],[-68.77499999999998,44.067834500000004],[-68.77499999999998,44.068552599999975],[-68.77499999999998,44.068702900000005],[-68.77499999999998,44.068987100000015],[-68.77499999999998,44.06999309999998],[-68.77499999999998,44.07022030000002],[-68.77499999999998,44.071738400000015],[-68.77499999999998,44.07280709999998],[-68.77499999999998,44.07282570000001],[-68.77499999999998,44.072854500000005],[-68.77499999999998,44.07302179999999],[-68.77499999999998,44.07329249999998],[-68.77499999999998,44.07338060000001],[-68.77499999999998,44.073438599999974],[-68.77499999999998,44.0734999],[-68.77499999999998,44.07380139999998],[-68.77499999999998,44.074511700000016],[-68.77499999999998,44.07464479999999],[-68.77499999999998,44.07468940000001],[-68.77499999999998,44.07486640000002],[-68.77499999999998,44.075163299999986],[-68.77499999999998,44.07523550000002],[-68.77499999999998,44.075316499999985],[-68.77499999999998,44.07559229999998],[-68.77499999999998,44.0758462],[-68.77499999999998,44.07686260000003],[-68.77499999999998,44.07694470000001],[-68.77499999999998,44.07732149999998],[-68.77499999999998,44.077330200000006],[-68.77499999999998,44.07753250000002],[-68.77499999999998,44.0780355],[-68.77499999999998,44.07945890000002],[-68.77499999999998,44.079512299999976],[-68.77499999999998,44.07977540000002],[-68.77499999999998,44.07999610000002],[-68.77499999999998,44.0801644],[-68.77499999999998,44.08074340000002],[-68.77499999999998,44.0812856],[-68.77499999999998,44.0813799],[-68.77499999999998,44.08148160000002],[-68.77499999999998,44.0816499],[-68.77499999999998,44.08173449999998],[-68.77499999999998,44.08206059999998],[-68.77499999999998,44.0827276],[-68.77499999999998,44.08575380000002],[-68.77499999999998,44.08665180000003],[-68.77499999999998,44.08687520000001],[-68.77499999999998,44.08738390000002],[-68.77499999999998,44.0875987],[-68.77499999999998,44.0877299],[-68.77499999999998,44.10000000000002],[-68.76534759999998,44.10000000000002],[-68.76119310000001,44.10000000000002],[-68.75519270000001,44.10000000000002],[-68.75184189999999,44.10000000000002],[-68.7500703,44.10000000000002],[-68.74948490000003,44.10000000000002],[-68.74622040000003,44.10000000000002],[-68.73918200000003,44.10000000000002],[-68.73844430000003,44.10000000000002],[-68.73588050000001,44.10000000000002],[-68.73472750000002,44.10000000000002],[-68.73408810000001,44.10000000000002],[-68.7318765,44.10000000000002],[-68.72981349999998,44.10000000000002],[-68.7293823,44.10000000000002],[-68.71798760000001,44.10000000000002],[-68.71644570000001,44.10000000000002],[-68.71509550000002,44.10000000000002],[-68.71439700000002,44.10000000000002],[-68.7140339,44.10000000000002],[-68.69999999999999,44.10000000000002],[-68.69999999999999,44.08214029999999],[-68.69999999999999,44.07978910000003],[-68.69999999999999,44.07676989999999],[-68.69999999999999,44.07391150000001],[-68.69999999999999,44.065203800000006],[-68.69999999999999,44.06238939999997],[-68.69999999999999,44.055712099999994],[-68.69999999999999,44.05276930000002],[-68.69999999999999,44.05242950000002],[-68.69999999999999,44.050831200000005],[-68.69999999999999,44.05056819999999],[-68.69999999999999,44.0500998],[-68.69999999999999,44.048114699999985],[-68.69999999999999,44.04714710000002],[-68.69999999999999,44.04488079999999],[-68.69999999999999,44.02499999999998],[-68.7012307,44.02499999999998],[-68.7142839,44.02499999999998],[-68.72478790000002,44.02499999999998],[-68.72640430000001,44.02499999999998],[-68.73135660000003,44.02499999999998],[-68.73373400000003,44.02499999999998],[-68.7357849,44.02499999999998],[-68.73705569999998,44.02499999999998],[-68.73750860000001,44.02499999999998],[-68.73828079999998,44.02499999999998],[-68.73863569999997,44.02499999999998],[-68.738858,44.02499999999998],[-68.73981070000002,44.02499999999998],[-68.74021540000001,44.02499999999998],[-68.74228340000002,44.02499999999998],[-68.74271670000002,44.02499999999998],[-68.7507089,44.02499999999998],[-68.75452669999999,44.02499999999998],[-68.75836759999999,44.02499999999998],[-68.7657577,44.02499999999998],[-68.76630410000001,44.02499999999998],[-68.7694391,44.02499999999998],[-68.77070709999998,44.02499999999998],[-68.77111760000003,44.02499999999998],[-68.77148490000002,44.02499999999998]]]}},{"type":"Feature","properties":{},"geometry":{"type":"Polygon","coordinates":[[[-69.12753529999998,44.10000000000002],[-69.14999999999998,44.10000000000002],[-69.14999999999998,44.17500000000001],[-69.07499999999999,44.17500000000001],[-69.07499999999999,44.17273660000001],[-69.07499999999999,44.17165749999998],[-69.07499999999999,44.1715873],[-69.07499999999999,44.17150830000003],[-69.07499999999999,44.17140929999999],[-69.07499999999999,44.17136579999999],[-69.07499999999999,44.1710913],[-69.07499999999999,44.17092480000002],[-69.07499999999999,44.17062329999999],[-69.07499999999999,44.17053120000003],[-69.07499999999999,44.170307200000025],[-69.07499999999999,44.16786560000003],[-69.07499999999999,44.16481240000002],[-69.07499999999999,44.152986],[-69.07499999999999,44.150821500000006],[-69.07499999999999,44.1452309],[-69.07499999999999,44.1437229],[-69.07499999999999,44.14122839999999],[-69.07499999999999,44.1389039],[-69.07499999999999,44.137480400000015],[-69.07499999999999,44.13703909999998],[-69.07499999999999,44.13669850000002],[-69.07499999999999,44.13655030000001],[-69.07499999999999,44.13640839999999],[-69.07499999999999,44.13565790000001],[-69.07499999999999,44.13462850000002],[-69.07499999999999,44.13426390000001],[-69.07499999999999,44.134247000000016],[-69.07499999999999,44.13168380000002],[-69.07499999999999,44.13120329999998],[-69.07499999999999,44.130842400000006],[-69.07499999999999,44.130264899999986],[-69.07499999999999,44.1301636],[-69.07499999999999,44.129292899999996],[-69.07499999999999,44.128311199999985],[-69.07499999999999,44.127441799999986],[-69.07499999999999,44.127204800000015],[-69.07499999999999,44.125291800000014],[-69.07499999999999,44.124787200000014],[-69.07499999999999,44.12354499999998],[-69.07499999999999,44.10000000000002],[-69.07648019999999,44.10000000000002],[-69.08409239999997,44.10000000000002],[-69.08508499999999,44.10000000000002],[-69.08644950000001,44.10000000000002],[-69.0868395,44.10000000000002],[-69.08967410000002,44.10000000000002],[-69.0960111,44.10000000000002],[-69.096949,44.10000000000002],[-69.0970289,44.10000000000002],[-69.100009,44.10000000000002],[-69.1016778,44.10000000000002],[-69.10497329999998,44.10000000000002],[-69.10540650000002,44.10000000000002],[-69.10581189999999,44.10000000000002],[-69.10627219999998,44.10000000000002],[-69.1065418,44.10000000000002],[-69.10686229999999,44.10000000000002],[-69.1073743,44.10000000000002],[-69.12753529999998,44.10000000000002]]]}},{"type":"Feature","properties":{},"geometry":{"type":"Polygon","coordinates":[[[-69.06808749999999,44.10000000000002],[-69.07499999999999,44.10000000000002],[-69.07499999999999,44.12354499999998],[-69.07499999999999,44.124787200000014],[-69.07499999999999,44.125291800000014],[-69.07499999999999,44.127204800000015],[-69.07499999999999,44.127441799999986],[-69.07499999999999,44.128311199999985],[-69.07499999999999,44.129292899999996],[-69.07499999999999,44.1301636],[-69.07499999999999,44.130264899999986],[-69.07499999999999,44.130842400000006],[-69.07499999999999,44.13120329999998],[-69.07499999999999,44.13168380000002],[-69.07499999999999,44.134247000000016],[-69.07499999999999,44.13426390000001],[-69.07499999999999,44.13462850000002],[-69.07499999999999,44.13565790000001],[-69.07499999999999,44.13640839999999],[-69.07499999999999,44.13655030000001],[-69.07499999999999,44.13669850000002],[-69.07499999999999,44.13703909999998],[-69.07499999999999,44.137480400000015],[-69.07499999999999,44.1389039],[-69.07499999999999,44.14122839999999],[-69.07499999999999,44.1437229],[-69.07499999999999,44.1452309],[-69.07499999999999,44.150821500000006],[-69.07499999999999,44.152986],[-69.07499999999999,44.16481240000002],[-69.07499999999999,44.16786560000003],[-69.07499999999999,44.170307200000025],[-69.07499999999999,44.17053120000003],[-69.07499999999999,44.17062329999999],[-69.07499999999999,44.17092480000002],[-69.07499999999999,44.1710913],[-69.07499999999999,44.17136579999999],[-69.07499999999999,44.17140929999999],[-69.07499999999999,44.17150830000003],[-69.07499999999999,44.1715873],[-69.07499999999999,44.17165749999998],[-69.07499999999999,44.17273660000001],[-69.07499999999999,44.17500000000001],[-69.07421470000003,44.17500000000001],[-69.07375660000002,44.17500000000001],[-69.0734397,44.17500000000001],[-69.07327350000003,44.17500000000001],[-69.0730906,44.17500000000001],[-69.07290499999999,44.17500000000001],[-69.0658211,44.17500000000001],[-69.06564459999998,44.17500000000001],[-69.06546850000001,44.17500000000001],[-69.0651504,44.17500000000001],[-69.06498570000002,44.17500000000001],[-69.06479719999999,44.17500000000001],[-69.06457840000002,44.17500000000001],[-69.06398789999997,44.17500000000001],[-69.06368329999998,44.17500000000001],[-69.0628701,44.17500000000001],[-69.06283489999998,44.17500000000001],[-69.06263080000002,44.17500000000001],[-69.05502949999999,44.17500000000001],[-69.05321279999998,44.17500000000001],[-69.05295619999998,44.17500000000001],[-69.0524868,44.17500000000001],[-69.05234059999998,44.17500000000001],[-69.05218609999997,44.17500000000001],[-69.05182389999999,44.17500000000001],[-69.05168859999998,44.17500000000001],[-69.0459333,44.17500000000001],[-69.03897039999998,44.17500000000001],[-69.0341846,44.17500000000001],[-69.01323020000001,44.17500000000001],[-69.0130451,44.17500000000001],[-69.0036609,44.17500000000001],[-69.0,44.17500000000001],[-69.0,44.16446209999998],[-69.0,44.16165749999999],[-69.0,44.13514500000002],[-69.0,44.13195639999998],[-69.0,44.13077049999998],[-69.0,44.12645809999998],[-69.0,44.12373689999998],[-69.0,44.12260149999997],[-69.0,44.11422520000002],[-69.0,44.11169669999998],[-69.0,44.1115279],[-69.0,44.10752339999999],[-69.0,44.105071899999984],[-69.0,44.10204809999999],[-69.0,44.10000000000002],[-69.00287359999999,44.10000000000002],[-69.0130959,44.10000000000002],[-69.01509900000002,44.10000000000002],[-69.018822,44.10000000000002],[-69.02762059999998,44.10000000000002],[-69.0370595,44.10000000000002],[-69.04137159999999,44.10000000000002],[-69.04470400000002,44.10000000000002],[-69.0450449,44.10000000000002],[-69.04591040000003,44.10000000000002],[-69.0485003,44.10000000000002],[-69.0497593,44.10000000000002],[-69.06808749999999,44.10000000000002]]]}},{"type":"Feature","properties":{},"geometry":{"type":"Polygon","coordinates":[[[-68.99952969999998,44.10000000000002],[-69.0,44.10000000000002],[-69.0,44.10204809999999],[-69.0,44.105071899999984],[-69.0,44.10752339999999],[-69.0,44.1115279],[-69.0,44.11169669999998],[-69.0,44.11422520000002],[-69.0,44.12260149999997],[-69.0,44.12373689999998],[-69.0,44.12645809999998],[-69.0,44.13077049999998],[-69.0,44.13195639999998],[-69.0,44.13514500000002],[-69.0,44.16165749999999],[-69.0,44.16446209999998],[-69.0,44.17500000000001],[-68.99952969999998,44.17500000000001],[-68.98601539999999,44.17500000000001],[-68.98510579999999,44.17500000000001],[-68.984755,44.17500000000001],[-68.98466989999997,44.17500000000001],[-68.9844837,44.17500000000001],[-68.9838636,44.17500000000001],[-68.9835084,44.17500000000001],[-68.98318699999999,44.17500000000001],[-68.9797562,44.17500000000001],[-68.97816030000001,44.17500000000001],[-68.97794010000001,44.17500000000001],[-68.97754429999998,44.17500000000001],[-68.97665080000002,44.17500000000001],[-68.97222820000002,44.17500000000001],[-68.97116299999999,44.17500000000001],[-68.9613182,44.17500000000001],[-68.96104489999999,44.17500000000001],[-68.9576692,44.17500000000001],[-68.94996379999998,44.17500000000001],[-68.9393278,44.17500000000001],[-68.93165749999997,44.17500000000001],[-68.92500000000001,44.17500000000001],[-68.92500000000001,44.17399610000001],[-68.92500000000001,44.16847150000001],[-68.92500000000001,44.16812470000002],[-68.92500000000001,44.166747199999975],[-68.92500000000001,44.15574270000002],[-68.92500000000001,44.145904299999984],[-68.92500000000001,44.1453353],[-68.92500000000001,44.14217919999999],[-68.92500000000001,44.14052520000001],[-68.92500000000001,44.140033800000026],[-68.92500000000001,44.13963339999998],[-68.92500000000001,44.13934929999999],[-68.92500000000001,44.139205600000025],[-68.92500000000001,44.13911059999998],[-68.92500000000001,44.13884389999998],[-68.92500000000001,44.1388182],[-68.92500000000001,44.13876019999998],[-68.92500000000001,44.13871280000001],[-68.92500000000001,44.13863020000002],[-68.92500000000001,44.13843109999999],[-68.92500000000001,44.138053300000024],[-68.92500000000001,44.13630949999998],[-68.92500000000001,44.13609989999998],[-68.92500000000001,44.13602780000002],[-68.92500000000001,44.13595350000003],[-68.92500000000001,44.13586170000002],[-68.92500000000001,44.13574560000001],[-68.92500000000001,44.135522200000025],[-68.92500000000001,44.127252],[-68.92500000000001,44.1269709],[-68.92500000000001,44.126500299999975],[-68.92500000000001,44.126149199999986],[-68.92500000000001,44.12609029999999],[-68.92500000000001,44.12598029999998],[-68.92500000000001,44.125666799999976],[-68.92500000000001,44.1236705],[-68.92500000000001,44.1232182],[-68.92500000000001,44.123042699999985],[-68.92500000000001,44.121530199999995],[-68.92500000000001,44.118213200000014],[-68.92500000000001,44.10099500000001],[-68.92500000000001,44.100729100000024],[-68.92500000000001,44.10012769999997],[-68.92500000000001,44.10000000000002],[-68.92510090000002,44.10000000000002],[-68.92555729999998,44.10000000000002],[-68.92573950000002,44.10000000000002],[-68.92579380000001,44.10000000000002],[-68.93124180000001,44.10000000000002],[-68.93368450000003,44.10000000000002],[-68.93660729999999,44.10000000000002],[-68.93917750000003,44.10000000000002],[-68.93988200000001,44.10000000000002],[-68.9421916,44.10000000000002],[-68.94234239999997,44.10000000000002],[-68.94490619999999,44.10000000000002],[-68.94505290000001,44.10000000000002],[-68.94547599999999,44.10000000000002],[-68.94610840000001,44.10000000000002],[-68.9464893,44.10000000000002],[-68.94650960000001,44.10000000000002],[-68.9482319,44.10000000000002],[-68.94986319999998,44.10000000000002],[-68.95131520000001,44.10000000000002],[-68.95757789999999,44.10000000000002],[-68.95988310000001,44.10000000000002],[-68.96016209999999,44.10000000000002],[-68.96128709999999,44.10000000000002],[-68.96131659999998,44.10000000000002],[-68.9613268,44.10000000000002],[-68.96155779999998,44.10000000000002],[-68.9619965,44.10000000000002],[-68.96379030000003,44.10000000000002],[-68.96611109999998,44.10000000000002],[-68.96990590000001,44.10000000000002],[-68.97084389999998,44.10000000000002],[-68.97402,44.10000000000002],[-68.97518029999998,44.10000000000002],[-68.97540509999999,44.10000000000002],[-68.9762455,44.10000000000002],[-68.9954409,44.10000000000002],[-68.99952969999998,44.10000000000002]]]}},{"type":"Feature","properties":{},"geometry":{"type":"Polygon","coordinates":[[[-68.9155017,44.10000000000002],[-68.9220727,44.10000000000002],[-68.92271840000001,44.10000000000002],[-68.92359390000001,44.10000000000002],[-68.92366950000002,44.10000000000002],[-68.92495459999998,44.10000000000002],[-68.92500000000001,44.10000000000002],[-68.92500000000001,44.10012769999997],[-68.92500000000001,44.100729100000024],[-68.92500000000001,44.10099500000001],[-68.92500000000001,44.118213200000014],[-68.92500000000001,44.121530199999995],[-68.92500000000001,44.123042699999985],[-68.92500000000001,44.1232182],[-68.92500000000001,44.1236705],[-68.92500000000001,44.125666799999976],[-68.92500000000001,44.12598029999998],[-68.92500000000001,44.12609029999999],[-68.92500000000001,44.126149199999986],[-68.92500000000001,44.126500299999975],[-68.92500000000001,44.1269709],[-68.92500000000001,44.127252],[-68.92500000000001,44.135522200000025],[-68.92500000000001,44.13574560000001],[-68.92500000000001,44.13586170000002],[-68.92500000000001,44.13595350000003],[-68.92500000000001,44.13602780000002],[-68.92500000000001,44.13609989999998],[-68.92500000000001,44.13630949999998],[-68.92500000000001,44.138053300000024],[-68.92500000000001,44.13843109999999],[-68.92500000000001,44.13863020000002],[-68.92500000000001,44.13871280000001],[-68.92500000000001,44.13876019999998],[-68.92500000000001,44.1388182],[-68.92500000000001,44.13884389999998],[-68.92500000000001,44.13911059999998],[-68.92500000000001,44.139205600000025],[-68.92500000000001,44.13934929999999],[-68.92500000000001,44.13963339999998],[-68.92500000000001,44.140033800000026],[-68.92500000000001,44.14052520000001],[-68.92500000000001,44.14217919999999],[-68.92500000000001,44.1453353],[-68.92500000000001,44.145904299999984],[-68.92500000000001,44.15574270000002],[-68.92500000000001,44.166747199999975],[-68.92500000000001,44.16812470000002],[-68.92500000000001,44.16847150000001],[-68.92500000000001,44.17399610000001],[-68.92500000000001,44.17500000000001],[-68.92396280000003,44.17500000000001],[-68.92187000000001,44.17500000000001],[-68.92021030000001,44.17500000000001],[-68.91706499999998,44.17500000000001],[-68.91558730000003,44.17500000000001],[-68.91243200000002,44.17500000000001],[-68.90885780000002,44.17500000000001],[-68.90532999999999,44.17500000000001],[-68.89757049999997,44.17500000000001],[-68.8928659,44.17500000000001],[-68.8918663,44.17500000000001],[-68.88894449999998,44.17500000000001],[-68.88799440000003,44.17500000000001],[-68.876667,44.17500000000001],[-68.87303700000001,44.17500000000001],[-68.8710868,44.17500000000001],[-68.87018549999999,44.17500000000001],[-68.86886720000001,44.17500000000001],[-68.8674274,44.17500000000001],[-68.86639020000001,44.17500000000001],[-68.86578209999999,44.17500000000001],[-68.86492980000003,44.17500000000001],[-68.86468589999998,44.17500000000001],[-68.8646129,44.17500000000001],[-68.8642992,44.17500000000001],[-68.85000000000002,44.17500000000001],[-68.85000000000002,44.166747199999975],[-68.85000000000002,44.14535169999999],[-68.85000000000002,44.14418069999999],[-68.85000000000002,44.1399083],[-68.85000000000002,44.13915459999998],[-68.85000000000002,44.138388299999974],[-68.85000000000002,44.137722999999994],[-68.85000000000002,44.13739989999999],[-68.85000000000002,44.1370637],[-68.85000000000002,44.13613270000002],[-68.85000000000002,44.13542510000002],[-68.85000000000002,44.134895099999994],[-68.85000000000002,44.13472439999998],[-68.85000000000002,44.13469040000001],[-68.85000000000002,44.13465289999999],[-68.85000000000002,44.13452219999999],[-68.85000000000002,44.132855199999995],[-68.85000000000002,44.130111],[-68.85000000000002,44.129965500000026],[-68.85000000000002,44.12972880000001],[-68.85000000000002,44.12961039999999],[-68.85000000000002,44.12847790000001],[-68.85000000000002,44.12814470000001],[-68.85000000000002,44.12789520000001],[-68.85000000000002,44.1273223],[-68.85000000000002,44.126495499999976],[-68.85000000000002,44.12614309999998],[-68.85000000000002,44.125982299999976],[-68.85000000000002,44.12589680000002],[-68.85000000000002,44.125370499999974],[-68.85000000000002,44.12306239999998],[-68.85000000000002,44.12274450000001],[-68.85000000000002,44.12240270000001],[-68.85000000000002,44.12072890000002],[-68.85000000000002,44.120698600000026],[-68.85000000000002,44.119926299999975],[-68.85000000000002,44.1188626],[-68.85000000000002,44.11877190000001],[-68.85000000000002,44.11860569999999],[-68.85000000000002,44.116753700000004],[-68.85000000000002,44.11579640000002],[-68.85000000000002,44.115374900000006],[-68.85000000000002,44.11446560000002],[-68.85000000000002,44.113688000000025],[-68.85000000000002,44.113545699999975],[-68.85000000000002,44.113508000000024],[-68.85000000000002,44.112624900000014],[-68.85000000000002,44.112278300000014],[-68.85000000000002,44.11173830000001],[-68.85000000000002,44.11148450000002],[-68.85000000000002,44.11016489999997],[-68.85000000000002,44.10973869999998],[-68.85000000000002,44.10965249999998],[-68.85000000000002,44.1095335],[-68.85000000000002,44.1094971],[-68.85000000000002,44.10933920000002],[-68.85000000000002,44.10899869999997],[-68.85000000000002,44.10874849999999],[-68.85000000000002,44.10867619999999],[-68.85000000000002,44.107953399999985],[-68.85000000000002,44.107571699999994],[-68.85000000000002,44.10463199999998],[-68.85000000000002,44.10450909999997],[-68.85000000000002,44.104495799999995],[-68.85000000000002,44.10443559999999],[-68.85000000000002,44.10432650000001],[-68.85000000000002,44.10409249999998],[-68.85000000000002,44.10405650000001],[-68.85000000000002,44.10370769999997],[-68.85000000000002,44.10367280000003],[-68.85000000000002,44.10298690000002],[-68.85000000000002,44.10190779999999],[-68.85000000000002,44.10173880000002],[-68.85000000000002,44.1015817],[-68.85000000000002,44.10119479999997],[-68.85000000000002,44.10000000000002],[-68.85030519999998,44.10000000000002],[-68.85045459999998,44.10000000000002],[-68.85748849999999,44.10000000000002],[-68.85773160000002,44.10000000000002],[-68.8582829,44.10000000000002],[-68.8793316,44.10000000000002],[-68.88080209999998,44.10000000000002],[-68.8812039,44.10000000000002],[-68.89681660000002,44.10000000000002],[-68.8978371,44.10000000000002],[-68.8985429,44.10000000000002],[-68.89979970000002,44.10000000000002],[-68.9001763,44.10000000000002],[-68.90105510000001,44.10000000000002],[-68.90125110000002,44.10000000000002],[-68.90134610000001,44.10000000000002],[-68.90214020000002,44.10000000000002],[-68.90239170000001,44.10000000000002],[-68.90246200000001,44.10000000000002],[-68.902602,44.10000000000002],[-68.9028664,44.10000000000002],[-68.90309480000002,44.10000000000002],[-68.90317249999998,44.10000000000002],[-68.903277,44.10000000000002],[-68.90798269999999,44.10000000000002],[-68.90834910000001,44.10000000000002],[-68.90860950000001,44.10000000000002],[-68.90875219999998,44.10000000000002],[-68.90880579999998,44.10000000000002],[-68.90888339999998,44.10000000000002],[-68.90932880000003,44.10000000000002],[-68.9097744,44.10000000000002],[-68.91078340000001,44.10000000000002],[-68.91238779999998,44.10000000000002],[-68.9124347,44.10000000000002],[-68.91294149999999,44.10000000000002],[-68.91387029999999,44.10000000000002],[-68.9141548,44.10000000000002],[-68.91420590000001,44.10000000000002],[-68.91428309999998,44.10000000000002],[-68.91437300000001,44.10000000000002],[-68.91437960000002,44.10000000000002],[-68.91467899999998,44.10000000000002],[-68.9150376,44.10000000000002],[-68.91507230000002,44.10000000000002],[-68.91515290000001,44.10000000000002],[-68.91527450000001,44.10000000000002],[-68.9153963,44.10000000000002],[-68.9155017,44.10000000000002]]]}},{"type":"Feature","properties":{},"geometry":{"type":"Polygon","coordinates":[[[-68.8483637,44.10000000000002],[-68.85000000000002,44.10000000000002],[-68.85000000000002,44.10119479999997],[-68.85000000000002,44.1015817],[-68.85000000000002,44.10173880000002],[-68.85000000000002,44.10190779999999],[-68.85000000000002,44.10298690000002],[-68.85000000000002,44.10367280000003],[-68.85000000000002,44.10370769999997],[-68.85000000000002,44.10405650000001],[-68.85000000000002,44.10409249999998],[-68.85000000000002,44.10432650000001],[-68.85000000000002,44.10443559999999],[-68.85000000000002,44.104495799999995],[-68.85000000000002,44.10450909999997],[-68.85000000000002,44.10463199999998],[-68.85000000000002,44.107571699999994],[-68.85000000000002,44.107953399999985],[-68.85000000000002,44.10867619999999],[-68.85000000000002,44.10874849999999],[-68.85000000000002,44.10899869999997],[-68.85000000000002,44.10933920000002],[-68.85000000000002,44.1094971],[-68.85000000000002,44.1095335],[-68.85000000000002,44.10965249999998],[-68.85000000000002,44.10973869999998],[-68.85000000000002,44.11016489999997],[-68.85000000000002,44.11148450000002],[-68.85000000000002,44.11173830000001],[-68.85000000000002,44.112278300000014],[-68.85000000000002,44.112624900000014],[-68.85000000000002,44.113508000000024],[-68.85000000000002,44.113545699999975],[-68.85000000000002,44.113688000000025],[-68.85000000000002,44.11446560000002],[-68.85000000000002,44.115374900000006],[-68.85000000000002,44.11579640000002],[-68.85000000000002,44.116753700000004],[-68.85000000000002,44.11860569999999],[-68.85000000000002,44.11877190000001],[-68.85000000000002,44.1188626],[-68.85000000000002,44.119926299999975],[-68.85000000000002,44.120698600000026],[-68.85000000000002,44.12072890000002],[-68.85000000000002,44.12240270000001],[-68.85000000000002,44.12274450000001],[-68.85000000000002,44.12306239999998],[-68.85000000000002,44.125370499999974],[-68.85000000000002,44.12589680000002],[-68.85000000000002,44.125982299999976],[-68.85000000000002,44.12614309999998],[-68.85000000000002,44.126495499999976],[-68.85000000000002,44.1273223],[-68.85000000000002,44.12789520000001],[-68.85000000000002,44.12814470000001],[-68.85000000000002,44.12847790000001],[-68.85000000000002,44.12961039999999],[-68.85000000000002,44.12972880000001],[-68.85000000000002,44.129965500000026],[-68.85000000000002,44.130111],[-68.85000000000002,44.132855199999995],[-68.85000000000002,44.13452219999999],[-68.85000000000002,44.13465289999999],[-68.85000000000002,44.13469040000001],[-68.85000000000002,44.13472439999998],[-68.85000000000002,44.134895099999994],[-68.85000000000002,44.13542510000002],[-68.85000000000002,44.13613270000002],[-68.85000000000002,44.1370637],[-68.85000000000002,44.13739989999999],[-68.85000000000002,44.137722999999994],[-68.85000000000002,44.138388299999974],[-68.85000000000002,44.13915459999998],[-68.85000000000002,44.1399083],[-68.85000000000002,44.14418069999999],[-68.85000000000002,44.14535169999999],[-68.85000000000002,44.166747199999975],[-68.85000000000002,44.17500000000001],[-68.82374149999998,44.17500000000001],[-68.82268959999999,44.17500000000001],[-68.82245640000002,44.17500000000001],[-68.82220899999999,44.17500000000001],[-68.8216893,44.17500000000001],[-68.8207969,44.17500000000001],[-68.81949939999998,44.17500000000001],[-68.81528800000001,44.17500000000001],[-68.8117747,44.17500000000001],[-68.8113654,44.17500000000001],[-68.79749220000002,44.17500000000001],[-68.78849029999998,44.17500000000001],[-68.78473300000002,44.17500000000001],[-68.77570980000002,44.17500000000001],[-68.77499999999998,44.17500000000001],[-68.77499999999998,44.17473180000002],[-68.77499999999998,44.170824400000015],[-68.77499999999998,44.1667473],[-68.77499999999998,44.15111510000003],[-68.77499999999998,44.15055619999998],[-68.77499999999998,44.145294999999976],[-68.77499999999998,44.14473829999997],[-68.77499999999998,44.144002],[-68.77499999999998,44.14394549999997],[-68.77499999999998,44.14339719999998],[-68.77499999999998,44.14248140000001],[-68.77499999999998,44.14238289999997],[-68.77499999999998,44.13992289999999],[-68.77499999999998,44.1360947],[-68.77499999999998,44.132130200000006],[-68.77499999999998,44.13128819999997],[-68.77499999999998,44.10461270000002],[-68.77499999999998,44.10000000000002],[-68.78845430000001,44.10000000000002],[-68.7900616,44.10000000000002],[-68.79045660000003,44.10000000000002],[-68.79086360000002,44.10000000000002],[-68.79122519999999,44.10000000000002],[-68.79140460000002,44.10000000000002],[-68.79156280000001,44.10000000000002],[-68.79177220000003,44.10000000000002],[-68.79204499999997,44.10000000000002],[-68.7922418,44.10000000000002],[-68.79235699999998,44.10000000000002],[-68.79243500000001,44.10000000000002],[-68.79277289999999,44.10000000000002],[-68.79290400000002,44.10000000000002],[-68.79426560000002,44.10000000000002],[-68.7945052,44.10000000000002],[-68.79486209999999,44.10000000000002],[-68.7949653,44.10000000000002],[-68.79506279999998,44.10000000000002],[-68.7951602,44.10000000000002],[-68.79522839999998,44.10000000000002],[-68.79531780000002,44.10000000000002],[-68.79558479999997,44.10000000000002],[-68.7968927,44.10000000000002],[-68.79701540000002,44.10000000000002],[-68.79704629999998,44.10000000000002],[-68.79711559999998,44.10000000000002],[-68.7971657,44.10000000000002],[-68.79721590000003,44.10000000000002],[-68.79737390000003,44.10000000000002],[-68.79835809999997,44.10000000000002],[-68.7985711,44.10000000000002],[-68.79871480000003,44.10000000000002],[-68.7988436,44.10000000000002],[-68.79906590000002,44.10000000000002],[-68.79911449999997,44.10000000000002],[-68.80275010000003,44.10000000000002],[-68.80299389999999,44.10000000000002],[-68.80333780000001,44.10000000000002],[-68.80355659999998,44.10000000000002],[-68.80431370000002,44.10000000000002],[-68.80432430000002,44.10000000000002],[-68.80487390000002,44.10000000000002],[-68.80489069999999,44.10000000000002],[-68.80498499999999,44.10000000000002],[-68.80502030000002,44.10000000000002],[-68.80530850000002,44.10000000000002],[-68.80679270000002,44.10000000000002],[-68.80693159999998,44.10000000000002],[-68.80707050000001,44.10000000000002],[-68.8071357,44.10000000000002],[-68.80718789999997,44.10000000000002],[-68.807255,44.10000000000002],[-68.80768260000002,44.10000000000002],[-68.80795180000001,44.10000000000002],[-68.80834579999998,44.10000000000002],[-68.80893259999999,44.10000000000002],[-68.81007090000003,44.10000000000002],[-68.81020000000001,44.10000000000002],[-68.81312009999999,44.10000000000002],[-68.81337189999999,44.10000000000002],[-68.8135787,44.10000000000002],[-68.81372119999997,44.10000000000002],[-68.8138571,44.10000000000002],[-68.8138841,44.10000000000002],[-68.81394870000003,44.10000000000002],[-68.81416080000002,44.10000000000002],[-68.8192325,44.10000000000002],[-68.8195106,44.10000000000002],[-68.82304979999998,44.10000000000002],[-68.8240475,44.10000000000002],[-68.82467409999998,44.10000000000002],[-68.82542899999999,44.10000000000002],[-68.82561220000002,44.10000000000002],[-68.82898619999997,44.10000000000002],[-68.83370639999998,44.10000000000002],[-68.8364229,44.10000000000002],[-68.8381728,44.10000000000002],[-68.8402939,44.10000000000002],[-68.84147619999999,44.10000000000002],[-68.84161849999998,44.10000000000002],[-68.84249240000003,44.10000000000002],[-68.84261850000001,44.10000000000002],[-68.84278069999999,44.10000000000002],[-68.84298339999998,44.10000000000002],[-68.84316139999999,44.10000000000002],[-68.84330290000003,44.10000000000002],[-68.84385079999998,44.10000000000002],[-68.84386970000003,44.10000000000002],[-68.84405140000001,44.10000000000002],[-68.84424760000002,44.10000000000002],[-68.84448279999998,44.10000000000002],[-68.8450444,44.10000000000002],[-68.84534129999997,44.10000000000002],[-68.8473052,44.10000000000002],[-68.84753599999999,44.10000000000002],[-68.84805180000001,44.10000000000002],[-68.8483637,44.10000000000002]]]}},{"type":"Feature","properties":{},"geometry":{"type":"Polygon","coordinates":[[[-68.76534759999998,44.10000000000002],[-68.77499999999998,44.10000000000002],[-68.77499999999998,44.10461270000002],[-68.77499999999998,44.131242199999974],[-68.77499999999998,44.132130200000006],[-68.77499999999998,44.1360947],[-68.77499999999998,44.14394549999997],[-68.77499999999998,44.14473829999997],[-68.77499999999998,44.14533779999999],[-68.77499999999998,44.15055619999998],[-68.77499999999998,44.15111510000003],[-68.77499999999998,44.170824400000015],[-68.77499999999998,44.17473180000002],[-68.77499999999998,44.17500000000001],[-68.7613409,44.17500000000001],[-68.7456578,44.17500000000001],[-68.7292339,44.17500000000001],[-68.7256916,44.17500000000001],[-68.72304009999999,44.17500000000001],[-68.7222448,44.17500000000001],[-68.72164750000002,44.17500000000001],[-68.72122860000002,44.17500000000001],[-68.72076440000001,44.17500000000001],[-68.72039649999999,44.17500000000001],[-68.71999829999999,44.17500000000001],[-68.71958769999998,44.17500000000001],[-68.71723020000002,44.17500000000001],[-68.70687700000002,44.17500000000001],[-68.70393990000002,44.17500000000001],[-68.69999999999999,44.17500000000001],[-68.69999999999999,44.16961120000002],[-68.69999999999999,44.164987800000006],[-68.69999999999999,44.16477709999998],[-68.69999999999999,44.16428810000002],[-68.69999999999999,44.1628336],[-68.69999999999999,44.162699499999974],[-68.69999999999999,44.16234880000002],[-68.69999999999999,44.159835999999984],[-68.69999999999999,44.1589151],[-68.69999999999999,44.15860129999999],[-68.69999999999999,44.15846979999998],[-68.69999999999999,44.158318399999985],[-68.69999999999999,44.158167100000014],[-68.69999999999999,44.15815270000002],[-68.69999999999999,44.1576824],[-68.69999999999999,44.154829500000005],[-68.69999999999999,44.15016830000002],[-68.69999999999999,44.15008369999998],[-68.69999999999999,44.147837400000014],[-68.69999999999999,44.14737120000001],[-68.69999999999999,44.147214099999985],[-68.69999999999999,44.1471416],[-68.69999999999999,44.14615620000001],[-68.69999999999999,44.14598239999998],[-68.69999999999999,44.145372699999996],[-68.69999999999999,44.145076700000004],[-68.69999999999999,44.14498350000002],[-68.69999999999999,44.144955900000014],[-68.69999999999999,44.14481110000003],[-68.69999999999999,44.14468470000003],[-68.69999999999999,44.144485799999984],[-68.69999999999999,44.14419770000001],[-68.69999999999999,44.1441327],[-68.69999999999999,44.144022699999994],[-68.69999999999999,44.1439656],[-68.69999999999999,44.14383980000002],[-68.69999999999999,44.143684699999994],[-68.69999999999999,44.142883100000006],[-68.69999999999999,44.142649000000006],[-68.69999999999999,44.141495599999985],[-68.69999999999999,44.14123289999998],[-68.69999999999999,44.14094080000001],[-68.69999999999999,44.14077070000002],[-68.69999999999999,44.13964759999999],[-68.69999999999999,44.13929969999998],[-68.69999999999999,44.139232100000015],[-68.69999999999999,44.13869970000002],[-68.69999999999999,44.137834],[-68.69999999999999,44.13710020000002],[-68.69999999999999,44.13562289999999],[-68.69999999999999,44.135446],[-68.69999999999999,44.1352756],[-68.69999999999999,44.13518399999998],[-68.69999999999999,44.13485650000001],[-68.69999999999999,44.1343607],[-68.69999999999999,44.13432069999999],[-68.69999999999999,44.134282799999994],[-68.69999999999999,44.13414080000001],[-68.69999999999999,44.133890199999996],[-68.69999999999999,44.133749799999975],[-68.69999999999999,44.13359680000002],[-68.69999999999999,44.133495400000015],[-68.69999999999999,44.133400600000016],[-68.69999999999999,44.13295249999999],[-68.69999999999999,44.131711300000006],[-68.69999999999999,44.131652299999985],[-68.69999999999999,44.1285087],[-68.69999999999999,44.12849139999997],[-68.69999999999999,44.127231300000005],[-68.69999999999999,44.1272237],[-68.69999999999999,44.118770900000015],[-68.69999999999999,44.11875090000001],[-68.69999999999999,44.11855109999999],[-68.69999999999999,44.117757400000016],[-68.69999999999999,44.11764210000001],[-68.69999999999999,44.11719040000003],[-68.69999999999999,44.11699379999999],[-68.69999999999999,44.11679720000001],[-68.69999999999999,44.11676590000002],[-68.69999999999999,44.116695600000014],[-68.69999999999999,44.11625249999997],[-68.69999999999999,44.11622269999998],[-68.69999999999999,44.11596220000001],[-68.69999999999999,44.11580459999999],[-68.69999999999999,44.11555090000002],[-68.69999999999999,44.115481699999975],[-68.69999999999999,44.115086899999994],[-68.69999999999999,44.11474220000002],[-68.69999999999999,44.114203499999974],[-68.69999999999999,44.11415770000002],[-68.69999999999999,44.11411199999998],[-68.69999999999999,44.11381940000001],[-68.69999999999999,44.10361210000002],[-68.69999999999999,44.10286910000002],[-68.69999999999999,44.102795000000015],[-68.69999999999999,44.1015041],[-68.69999999999999,44.10000000000002],[-68.7140339,44.10000000000002],[-68.71439700000002,44.10000000000002],[-68.71509550000002,44.10000000000002],[-68.71644570000001,44.10000000000002],[-68.71798760000001,44.10000000000002],[-68.7293823,44.10000000000002],[-68.72981349999998,44.10000000000002],[-68.7318765,44.10000000000002],[-68.73408810000001,44.10000000000002],[-68.73472750000002,44.10000000000002],[-68.73588050000001,44.10000000000002],[-68.73844430000003,44.10000000000002],[-68.73918200000003,44.10000000000002],[-68.74622040000003,44.10000000000002],[-68.74948490000003,44.10000000000002],[-68.7500703,44.10000000000002],[-68.75184189999999,44.10000000000002],[-68.75519270000001,44.10000000000002],[-68.76119310000001,44.10000000000002],[-68.76534759999998,44.10000000000002]]]}},{"type":"Feature","properties":{},"geometry":{"type":"Polygon","coordinates":[[[-68.6925857,44.10000000000002],[-68.69999999999999,44.10000000000002],[-68.69999999999999,44.1015041],[-68.69999999999999,44.102795000000015],[-68.69999999999999,44.10286910000002],[-68.69999999999999,44.10361210000002],[-68.69999999999999,44.11381940000001],[-68.69999999999999,44.11411199999998],[-68.69999999999999,44.11415770000002],[-68.69999999999999,44.114203499999974],[-68.69999999999999,44.11474220000002],[-68.69999999999999,44.115086899999994],[-68.69999999999999,44.115481699999975],[-68.69999999999999,44.11555090000002],[-68.69999999999999,44.11580459999999],[-68.69999999999999,44.11596220000001],[-68.69999999999999,44.11622269999998],[-68.69999999999999,44.11625249999997],[-68.69999999999999,44.116695600000014],[-68.69999999999999,44.11676590000002],[-68.69999999999999,44.11679720000001],[-68.69999999999999,44.11699379999999],[-68.69999999999999,44.11719040000003],[-68.69999999999999,44.11764210000001],[-68.69999999999999,44.117757400000016],[-68.69999999999999,44.11855109999999],[-68.69999999999999,44.11875090000001],[-68.69999999999999,44.118770900000015],[-68.69999999999999,44.1272237],[-68.69999999999999,44.127231300000005],[-68.69999999999999,44.12849139999997],[-68.69999999999999,44.1285087],[-68.69999999999999,44.131652299999985],[-68.69999999999999,44.131711300000006],[-68.69999999999999,44.13295249999999],[-68.69999999999999,44.133400600000016],[-68.69999999999999,44.133495400000015],[-68.69999999999999,44.13359680000002],[-68.69999999999999,44.133749799999975],[-68.69999999999999,44.133890199999996],[-68.69999999999999,44.13414080000001],[-68.69999999999999,44.134282799999994],[-68.69999999999999,44.13432069999999],[-68.69999999999999,44.1343607],[-68.69999999999999,44.13485650000001],[-68.69999999999999,44.13518399999998],[-68.69999999999999,44.1352756],[-68.69999999999999,44.135446],[-68.69999999999999,44.13562289999999],[-68.69999999999999,44.13710020000002],[-68.69999999999999,44.137834],[-68.69999999999999,44.13869970000002],[-68.69999999999999,44.139232100000015],[-68.69999999999999,44.13929969999998],[-68.69999999999999,44.13964759999999],[-68.69999999999999,44.14077070000002],[-68.69999999999999,44.14094080000001],[-68.69999999999999,44.14123289999998],[-68.69999999999999,44.141495599999985],[-68.69999999999999,44.142649000000006],[-68.69999999999999,44.142883100000006],[-68.69999999999999,44.143684699999994],[-68.69999999999999,44.14383980000002],[-68.69999999999999,44.1439656],[-68.69999999999999,44.144022699999994],[-68.69999999999999,44.1441327],[-68.69999999999999,44.14419770000001],[-68.69999999999999,44.144485799999984],[-68.69999999999999,44.14468470000003],[-68.69999999999999,44.14481110000003],[-68.69999999999999,44.144955900000014],[-68.69999999999999,44.14498350000002],[-68.69999999999999,44.145076700000004],[-68.69999999999999,44.145372699999996],[-68.69999999999999,44.14598239999998],[-68.69999999999999,44.14615620000001],[-68.69999999999999,44.1471416],[-68.69999999999999,44.147214099999985],[-68.69999999999999,44.14737120000001],[-68.69999999999999,44.147837400000014],[-68.69999999999999,44.15008369999998],[-68.69999999999999,44.15016830000002],[-68.69999999999999,44.154829500000005],[-68.69999999999999,44.1576824],[-68.69999999999999,44.158152599999994],[-68.69999999999999,44.158167100000014],[-68.69999999999999,44.158318399999985],[-68.69999999999999,44.15846979999998],[-68.69999999999999,44.15860129999999],[-68.69999999999999,44.1589151],[-68.69999999999999,44.159835999999984],[-68.69999999999999,44.16234880000002],[-68.69999999999999,44.162699499999974],[-68.69999999999999,44.1628336],[-68.69999999999999,44.16428810000002],[-68.69999999999999,44.16477709999998],[-68.69999999999999,44.164987800000006],[-68.69999999999999,44.16961120000002],[-68.69999999999999,44.17500000000001],[-68.6530555,44.17500000000001],[-68.65197760000001,44.17500000000001],[-68.6518026,44.17500000000001],[-68.65120209999998,44.17500000000001],[-68.65071369999998,44.17500000000001],[-68.64988929999998,44.17500000000001],[-68.648912,44.17500000000001],[-68.64819460000001,44.17500000000001],[-68.64770620000002,44.17500000000001],[-68.64700679999999,44.17500000000001],[-68.6457964,44.17500000000001],[-68.64556140000002,44.17500000000001],[-68.64421540000001,44.17500000000001],[-68.64305280000002,44.17500000000001],[-68.64270670000002,44.17500000000001],[-68.625,44.17500000000001],[-68.625,44.17313300000001],[-68.625,44.17246319999998],[-68.625,44.17151000000001],[-68.625,44.17132099999998],[-68.625,44.1696412],[-68.625,44.169522700000016],[-68.625,44.167759699999976],[-68.625,44.16409249999998],[-68.625,44.16382390000001],[-68.625,44.163677199999995],[-68.625,44.16361979999999],[-68.625,44.16340250000002],[-68.625,44.162743999999975],[-68.625,44.16246849999999],[-68.625,44.16192410000002],[-68.625,44.16165890000002],[-68.625,44.16142239999999],[-68.625,44.16093110000003],[-68.625,44.1582985],[-68.625,44.156975999999986],[-68.625,44.152254700000015],[-68.625,44.15016659999998],[-68.625,44.150014399999975],[-68.625,44.14990610000001],[-68.625,44.1493079],[-68.625,44.14909560000001],[-68.625,44.14900260000002],[-68.625,44.148301300000014],[-68.625,44.147693000000004],[-68.625,44.14753969999998],[-68.625,44.147389499999974],[-68.625,44.14707440000001],[-68.625,44.1447488],[-68.625,44.14303380000001],[-68.625,44.142909599999996],[-68.625,44.14277920000001],[-68.625,44.14248459999999],[-68.625,44.1422498],[-68.625,44.142068600000016],[-68.625,44.141767200000004],[-68.625,44.14106029999999],[-68.625,44.14072169999997],[-68.625,44.140566999999976],[-68.625,44.1400271],[-68.625,44.14000549999997],[-68.625,44.139926100000025],[-68.625,44.13954899999999],[-68.625,44.1387259],[-68.625,44.1369684],[-68.625,44.13551910000001],[-68.625,44.13519359999998],[-68.625,44.133690899999976],[-68.625,44.13187119999998],[-68.625,44.12619619999998],[-68.625,44.1260618],[-68.625,44.125932999999975],[-68.625,44.12566190000001],[-68.625,44.12543360000001],[-68.625,44.121730300000024],[-68.625,44.1215565],[-68.625,44.121538699999974],[-68.625,44.121110199999976],[-68.625,44.11992029999999],[-68.625,44.11751149999998],[-68.625,44.11399990000001],[-68.625,44.11381940000001],[-68.625,44.11254200000002],[-68.625,44.11179820000001],[-68.625,44.11034169999999],[-68.625,44.10984639999998],[-68.625,44.10967879999998],[-68.625,44.108823099999995],[-68.625,44.10726490000002],[-68.625,44.10698500000001],[-68.625,44.10658960000001],[-68.625,44.10446080000003],[-68.625,44.10232100000002],[-68.625,44.102123199999994],[-68.625,44.101847899999996],[-68.625,44.10000000000002],[-68.62837100000002,44.10000000000002],[-68.62866700000001,44.10000000000002],[-68.62902730000002,44.10000000000002],[-68.63013480000001,44.10000000000002],[-68.63077550000003,44.10000000000002],[-68.6325852,44.10000000000002],[-68.63299860000001,44.10000000000002],[-68.63305889999998,44.10000000000002],[-68.6339577,44.10000000000002],[-68.63556210000002,44.10000000000002],[-68.6362277,44.10000000000002],[-68.63664039999998,44.10000000000002],[-68.63754660000001,44.10000000000002],[-68.63922000000002,44.10000000000002],[-68.64065679999999,44.10000000000002],[-68.64180520000002,44.10000000000002],[-68.64256870000003,44.10000000000002],[-68.64384369999999,44.10000000000002],[-68.65671099999997,44.10000000000002],[-68.66210260000003,44.10000000000002],[-68.67809920000002,44.10000000000002],[-68.67897199999999,44.10000000000002],[-68.6895915,44.10000000000002],[-68.6900875,44.10000000000002],[-68.69044020000001,44.10000000000002],[-68.69130439999998,44.10000000000002],[-68.69163859999998,44.10000000000002],[-68.69191260000002,44.10000000000002],[-68.6925857,44.10000000000002]]]}},{"type":"Feature","properties":{},"geometry":{"type":"Polygon","coordinates":[[[-69.14999999999998,44.17500000000001],[-69.14999999999998,44.229320099999995],[-69.14999999999998,44.25],[-69.07499999999999,44.25],[-69.07499999999999,44.21351129999999],[-69.07499999999999,44.213343699999996],[-69.07499999999999,44.21232939999999],[-69.07499999999999,44.210866099999976],[-69.07499999999999,44.21005020000001],[-69.07499999999999,44.20983210000003],[-69.07499999999999,44.19084429999998],[-69.07499999999999,44.188219100000026],[-69.07499999999999,44.18816429999998],[-69.07499999999999,44.18380739999998],[-69.07499999999999,44.183399099999974],[-69.07499999999999,44.18313810000001],[-69.07499999999999,44.18294470000001],[-69.07499999999999,44.18266990000001],[-69.07499999999999,44.18237620000002],[-69.07499999999999,44.18225180000002],[-69.07499999999999,44.182036100000005],[-69.07499999999999,44.1818002],[-69.07499999999999,44.18172320000002],[-69.07499999999999,44.18121919999999],[-69.07499999999999,44.1806588],[-69.07499999999999,44.18058020000001],[-69.07499999999999,44.17866909999998],[-69.07499999999999,44.17500000000001],[-69.14999999999998,44.17500000000001]]]}},{"type":"Feature","properties":{},"geometry":{"type":"Polygon","coordinates":[[[-69.07499999999999,44.17866909999998],[-69.07499999999999,44.18058020000001],[-69.07499999999999,44.1806588],[-69.07499999999999,44.18121919999999],[-69.07499999999999,44.18172320000002],[-69.07499999999999,44.1818002],[-69.07499999999999,44.182036100000005],[-69.07499999999999,44.18225180000002],[-69.07499999999999,44.18237620000002],[-69.07499999999999,44.18266990000001],[-69.07499999999999,44.18294470000001],[-69.07499999999999,44.18313810000001],[-69.07499999999999,44.183399099999974],[-69.07499999999999,44.18380739999998],[-69.07499999999999,44.18816429999998],[-69.07499999999999,44.188219100000026],[-69.07499999999999,44.19084429999998],[-69.07499999999999,44.20983210000003],[-69.07499999999999,44.21005020000001],[-69.07499999999999,44.210866099999976],[-69.07499999999999,44.21232939999999],[-69.07499999999999,44.213343699999996],[-69.07499999999999,44.21351129999999],[-69.07499999999999,44.25],[-69.02652410000002,44.25],[-69.02621240000002,44.25],[-69.02546109999997,44.25],[-69.02498059999999,44.25],[-69.02444220000001,44.25],[-69.02375060000003,44.25],[-69.02232029999999,44.25],[-69.01608779999998,44.25],[-69.0152463,44.25],[-69.0,44.25],[-69.0,44.24728520000002],[-69.0,44.23443900000001],[-69.0,44.23129269999998],[-69.0,44.229320099999995],[-69.0,44.21311400000002],[-69.0,44.21114970000002],[-69.0,44.205292199999974],[-69.0,44.20055150000002],[-69.0,44.17500000000001],[-69.0036609,44.17500000000001],[-69.0130451,44.17500000000001],[-69.01323020000001,44.17500000000001],[-69.0341846,44.17500000000001],[-69.03897039999998,44.17500000000001],[-69.0459333,44.17500000000001],[-69.05168859999998,44.17500000000001],[-69.05182389999999,44.17500000000001],[-69.05218609999997,44.17500000000001],[-69.05234059999998,44.17500000000001],[-69.0524868,44.17500000000001],[-69.05295619999998,44.17500000000001],[-69.05321279999998,44.17500000000001],[-69.05502949999999,44.17500000000001],[-69.06263080000002,44.17500000000001],[-69.06283489999998,44.17500000000001],[-69.0628701,44.17500000000001],[-69.06368329999998,44.17500000000001],[-69.06398789999997,44.17500000000001],[-69.06457840000002,44.17500000000001],[-69.06479719999999,44.17500000000001],[-69.06498570000002,44.17500000000001],[-69.0651504,44.17500000000001],[-69.06546850000001,44.17500000000001],[-69.06564459999998,44.17500000000001],[-69.0658211,44.17500000000001],[-69.07290499999999,44.17500000000001],[-69.0730906,44.17500000000001],[-69.07327350000003,44.17500000000001],[-69.0734397,44.17500000000001],[-69.07375660000002,44.17500000000001],[-69.07421470000003,44.17500000000001],[-69.07499999999999,44.17500000000001],[-69.07499999999999,44.17866909999998]]]}},{"type":"Feature","properties":{},"geometry":{"type":"Polygon","coordinates":[[[-69.0,44.20055150000002],[-69.0,44.205292199999974],[-69.0,44.21114970000002],[-69.0,44.21311400000002],[-69.0,44.229320099999995],[-69.0,44.23129269999998],[-69.0,44.23443900000001],[-69.0,44.24728520000002],[-69.0,44.25],[-68.9994079,44.25],[-68.99176619999997,44.25],[-68.9895065,44.25],[-68.9880693,44.25],[-68.98089440000001,44.25],[-68.97940790000001,44.25],[-68.9735235,44.25],[-68.9717617,44.25],[-68.96929080000001,44.25],[-68.96782339999999,44.25],[-68.96764539999998,44.25],[-68.96750120000002,44.25],[-68.96686899999997,44.25],[-68.96637650000002,44.25],[-68.9660189,44.25],[-68.96558299999998,44.25],[-68.9448784,44.25],[-68.9445116,44.25],[-68.94424600000002,44.25],[-68.94395589999999,44.25],[-68.94352880000002,44.25],[-68.9434235,44.25],[-68.9410001,44.25],[-68.93695380000003,44.25],[-68.9333105,44.25],[-68.93148109999998,44.25],[-68.93102590000001,44.25],[-68.93040250000001,44.25],[-68.928112,44.25],[-68.92786219999999,44.25],[-68.92606369999999,44.25],[-68.92591149999998,44.25],[-68.92529880000001,44.25],[-68.92500000000001,44.25],[-68.92500000000001,44.24873309999998],[-68.92500000000001,44.2483383],[-68.92500000000001,44.2481047],[-68.92500000000001,44.247751300000004],[-68.92500000000001,44.246616500000016],[-68.92500000000001,44.24520130000002],[-68.92500000000001,44.244809299999986],[-68.92500000000001,44.24457339999998],[-68.92500000000001,44.23622569999998],[-68.92500000000001,44.23540489999999],[-68.92500000000001,44.23417710000001],[-68.92500000000001,44.23396760000003],[-68.92500000000001,44.233606099999975],[-68.92500000000001,44.233088099999975],[-68.92500000000001,44.23268890000003],[-68.92500000000001,44.23243719999999],[-68.92500000000001,44.23199890000001],[-68.92500000000001,44.230346699999984],[-68.92500000000001,44.229063999999994],[-68.92500000000001,44.21479740000001],[-68.92500000000001,44.204432499999996],[-68.92500000000001,44.19609559999998],[-68.92500000000001,44.192798700000026],[-68.92500000000001,44.18878940000002],[-68.92500000000001,44.17500000000001],[-68.93165749999997,44.17500000000001],[-68.9393278,44.17500000000001],[-68.94996379999998,44.17500000000001],[-68.9576692,44.17500000000001],[-68.96104489999999,44.17500000000001],[-68.9613182,44.17500000000001],[-68.97116299999999,44.17500000000001],[-68.97222820000002,44.17500000000001],[-68.97665080000002,44.17500000000001],[-68.97754429999998,44.17500000000001],[-68.97794010000001,44.17500000000001],[-68.97816030000001,44.17500000000001],[-68.9797562,44.17500000000001],[-68.98318699999999,44.17500000000001],[-68.9835084,44.17500000000001],[-68.9838636,44.17500000000001],[-68.9844837,44.17500000000001],[-68.98466989999997,44.17500000000001],[-68.984755,44.17500000000001],[-68.98510579999999,44.17500000000001],[-68.98601539999999,44.17500000000001],[-68.99952969999998,44.17500000000001],[-69.0,44.17500000000001],[-69.0,44.20055150000002]]]}},{"type":"Feature","properties":{},"geometry":{"type":"Polygon","coordinates":[[[-68.92500000000001,44.18878940000002],[-68.92500000000001,44.192798700000026],[-68.92500000000001,44.19609559999998],[-68.92500000000001,44.204432499999996],[-68.92500000000001,44.21479740000001],[-68.92500000000001,44.229063999999994],[-68.92500000000001,44.230346699999984],[-68.92500000000001,44.23199890000001],[-68.92500000000001,44.23243719999999],[-68.92500000000001,44.23268890000003],[-68.92500000000001,44.233088099999975],[-68.92500000000001,44.233606099999975],[-68.92500000000001,44.23396760000003],[-68.92500000000001,44.23417710000001],[-68.92500000000001,44.23540489999999],[-68.92500000000001,44.23622569999998],[-68.92500000000001,44.24457339999998],[-68.92500000000001,44.244809299999986],[-68.92500000000001,44.24520130000002],[-68.92500000000001,44.246616500000016],[-68.92500000000001,44.247751300000004],[-68.92500000000001,44.2481047],[-68.92500000000001,44.2483383],[-68.92500000000001,44.24873309999998],[-68.92500000000001,44.25],[-68.92447149999998,44.25],[-68.9238049,44.25],[-68.9214872,44.25],[-68.92028879999998,44.25],[-68.91966639999998,44.25],[-68.91446000000002,44.25],[-68.91381669999998,44.25],[-68.91299220000002,44.25],[-68.91264710000002,44.25],[-68.91214819999999,44.25],[-68.91148449999997,44.25],[-68.90982630000002,44.25],[-68.9045691,44.25],[-68.90222160000002,44.25],[-68.8986706,44.25],[-68.89566070000001,44.25],[-68.8941299,44.25],[-68.89221759999998,44.25],[-68.8920741,44.25],[-68.88796539999998,44.25],[-68.88578660000002,44.25],[-68.87913150000003,44.25],[-68.876667,44.25],[-68.8701471,44.25],[-68.8593419,44.25],[-68.85476190000003,44.25],[-68.8539379,44.25],[-68.85251670000002,44.25],[-68.85124919999998,44.25],[-68.85064299999999,44.25],[-68.85000000000002,44.25],[-68.85000000000002,44.24995100000001],[-68.85000000000002,44.248007599999994],[-68.85000000000002,44.247624099999996],[-68.85000000000002,44.24739549999998],[-68.85000000000002,44.24666860000002],[-68.85000000000002,44.24370540000001],[-68.85000000000002,44.243129899999985],[-68.85000000000002,44.2414028],[-68.85000000000002,44.23889159999999],[-68.85000000000002,44.23805110000001],[-68.85000000000002,44.23789479999999],[-68.85000000000002,44.236919],[-68.85000000000002,44.236593500000026],[-68.85000000000002,44.229934000000014],[-68.85000000000002,44.22977359999999],[-68.85000000000002,44.22948880000001],[-68.85000000000002,44.22865189999999],[-68.85000000000002,44.2274314],[-68.85000000000002,44.226514699999996],[-68.85000000000002,44.22356129999997],[-68.85000000000002,44.22167000000002],[-68.85000000000002,44.221488299999976],[-68.85000000000002,44.22120380000001],[-68.85000000000002,44.2210824],[-68.85000000000002,44.22073139999998],[-68.85000000000002,44.21995650000002],[-68.85000000000002,44.21652610000001],[-68.85000000000002,44.21622589999998],[-68.85000000000002,44.21538770000001],[-68.85000000000002,44.21445510000001],[-68.85000000000002,44.21372509999998],[-68.85000000000002,44.209608],[-68.85000000000002,44.208652400000005],[-68.85000000000002,44.20439479999999],[-68.85000000000002,44.195328399999994],[-68.85000000000002,44.189411800000016],[-68.85000000000002,44.18922079999999],[-68.85000000000002,44.18481830000002],[-68.85000000000002,44.18382170000001],[-68.85000000000002,44.18302169999998],[-68.85000000000002,44.18267300000002],[-68.85000000000002,44.18240960000003],[-68.85000000000002,44.18211179999997],[-68.85000000000002,44.18155580000001],[-68.85000000000002,44.17500000000001],[-68.8642992,44.17500000000001],[-68.8646129,44.17500000000001],[-68.86468589999998,44.17500000000001],[-68.86492980000003,44.17500000000001],[-68.86578209999999,44.17500000000001],[-68.86639020000001,44.17500000000001],[-68.8674274,44.17500000000001],[-68.86886720000001,44.17500000000001],[-68.87018549999999,44.17500000000001],[-68.8710868,44.17500000000001],[-68.87303700000001,44.17500000000001],[-68.876667,44.17500000000001],[-68.88799440000003,44.17500000000001],[-68.88894449999998,44.17500000000001],[-68.8918663,44.17500000000001],[-68.8928659,44.17500000000001],[-68.89757049999997,44.17500000000001],[-68.90532999999999,44.17500000000001],[-68.90885780000002,44.17500000000001],[-68.91243200000002,44.17500000000001],[-68.91558730000003,44.17500000000001],[-68.91706499999998,44.17500000000001],[-68.92021030000001,44.17500000000001],[-68.92187000000001,44.17500000000001],[-68.92396280000003,44.17500000000001],[-68.92500000000001,44.17500000000001],[-68.92500000000001,44.18878940000002]]]}},{"type":"Feature","properties":{},"geometry":{"type":"Polygon","coordinates":[[[-68.82374149999998,44.17500000000001],[-68.85000000000002,44.17500000000001],[-68.85000000000002,44.18155580000001],[-68.85000000000002,44.18211179999997],[-68.85000000000002,44.18240960000003],[-68.85000000000002,44.18267300000002],[-68.85000000000002,44.18302169999998],[-68.85000000000002,44.18382170000001],[-68.85000000000002,44.18481830000002],[-68.85000000000002,44.18922079999999],[-68.85000000000002,44.189411800000016],[-68.85000000000002,44.195328399999994],[-68.85000000000002,44.20439479999999],[-68.85000000000002,44.208652400000005],[-68.85000000000002,44.209608],[-68.85000000000002,44.21372509999998],[-68.85000000000002,44.21445510000001],[-68.85000000000002,44.21538770000001],[-68.85000000000002,44.21622589999998],[-68.85000000000002,44.21652610000001],[-68.85000000000002,44.21995650000002],[-68.85000000000002,44.22073139999998],[-68.85000000000002,44.2210824],[-68.85000000000002,44.22120380000001],[-68.85000000000002,44.221488299999976],[-68.85000000000002,44.22167000000002],[-68.85000000000002,44.22356129999997],[-68.85000000000002,44.226514699999996],[-68.85000000000002,44.2274314],[-68.85000000000002,44.22865189999999],[-68.85000000000002,44.22948880000001],[-68.85000000000002,44.22977359999999],[-68.85000000000002,44.229934000000014],[-68.85000000000002,44.236593500000026],[-68.85000000000002,44.236919],[-68.85000000000002,44.23789479999999],[-68.85000000000002,44.23805110000001],[-68.85000000000002,44.23889159999999],[-68.85000000000002,44.2414028],[-68.85000000000002,44.243129899999985],[-68.85000000000002,44.24370540000001],[-68.85000000000002,44.24666860000002],[-68.85000000000002,44.24739549999998],[-68.85000000000002,44.247624099999996],[-68.85000000000002,44.248007599999994],[-68.85000000000002,44.24995100000001],[-68.85000000000002,44.25],[-68.8498085,44.25],[-68.84782689999997,44.25],[-68.8473052,44.25],[-68.84667300000001,44.25],[-68.84603779999998,44.25],[-68.82788049999999,44.25],[-68.82531929999999,44.25],[-68.82320019999997,44.25],[-68.82094719999998,44.25],[-68.81834049999998,44.25],[-68.8144158,44.25],[-68.79697529999999,44.25],[-68.79235269999998,44.25],[-68.78541899999999,44.25],[-68.78156719999998,44.25],[-68.77696500000002,44.25],[-68.77499999999998,44.25],[-68.77499999999998,44.24879329999999],[-68.77499999999998,44.24598780000002],[-68.77499999999998,44.242603599999995],[-68.77499999999998,44.242274099999975],[-68.77499999999998,44.232958499999995],[-68.77499999999998,44.23258809999999],[-68.77499999999998,44.22706160000001],[-68.77499999999998,44.225134000000025],[-68.77499999999998,44.2205338],[-68.77499999999998,44.22004049999998],[-68.77499999999998,44.219837900000016],[-68.77499999999998,44.2191052],[-68.77499999999998,44.20971530000003],[-68.77499999999998,44.208858099999986],[-68.77499999999998,44.20809300000002],[-68.77499999999998,44.20271339999999],[-68.77499999999998,44.202545799999996],[-68.77499999999998,44.20190009999999],[-68.77499999999998,44.20130260000002],[-68.77499999999998,44.200656700000025],[-68.77499999999998,44.19997369999999],[-68.77499999999998,44.19963869999998],[-68.77499999999998,44.199123499999985],[-68.77499999999998,44.19863129999999],[-68.77499999999998,44.1986311],[-68.77499999999998,44.195475499999986],[-68.77499999999998,44.193405600000006],[-68.77499999999998,44.192049999999995],[-68.77499999999998,44.19037229999998],[-68.77499999999998,44.18820149999999],[-68.77499999999998,44.18653330000001],[-68.77499999999998,44.17500000000001],[-68.77570980000002,44.17500000000001],[-68.78473300000002,44.17500000000001],[-68.78849029999998,44.17500000000001],[-68.79749220000002,44.17500000000001],[-68.8113654,44.17500000000001],[-68.8117747,44.17500000000001],[-68.81528800000001,44.17500000000001],[-68.81949939999998,44.17500000000001],[-68.8207969,44.17500000000001],[-68.8216893,44.17500000000001],[-68.82220899999999,44.17500000000001],[-68.82245640000002,44.17500000000001],[-68.82268959999999,44.17500000000001],[-68.82374149999998,44.17500000000001]]]}},{"type":"Feature","properties":{},"geometry":{"type":"Polygon","coordinates":[[[-68.77499999999998,44.18653330000001],[-68.77499999999998,44.18820149999999],[-68.77499999999998,44.19037229999998],[-68.77499999999998,44.192049999999995],[-68.77499999999998,44.193405600000006],[-68.77499999999998,44.1986311],[-68.77499999999998,44.19863129999999],[-68.77499999999998,44.199123499999985],[-68.77499999999998,44.19963869999998],[-68.77499999999998,44.19997369999999],[-68.77499999999998,44.200656700000025],[-68.77499999999998,44.20130260000002],[-68.77499999999998,44.20190009999999],[-68.77499999999998,44.202545799999996],[-68.77499999999998,44.20271339999999],[-68.77499999999998,44.20809300000002],[-68.77499999999998,44.208858099999986],[-68.77499999999998,44.20971530000003],[-68.77499999999998,44.2191052],[-68.77499999999998,44.219837900000016],[-68.77499999999998,44.22004049999998],[-68.77499999999998,44.2205338],[-68.77499999999998,44.225134000000025],[-68.77499999999998,44.22706160000001],[-68.77499999999998,44.23258809999999],[-68.77499999999998,44.232958499999995],[-68.77499999999998,44.242274099999975],[-68.77499999999998,44.242603599999995],[-68.77499999999998,44.24598780000002],[-68.77499999999998,44.24879329999999],[-68.77499999999998,44.25],[-68.77094599999998,44.25],[-68.75889130000002,44.25],[-68.75788740000002,44.25],[-68.75451679999998,44.25],[-68.74692490000001,44.25],[-68.74542530000002,44.25],[-68.73606269999999,44.25],[-68.73260140000002,44.25],[-68.73218680000002,44.25],[-68.71792479999999,44.25],[-68.71613830000001,44.25],[-68.71365159999999,44.25],[-68.70726919999998,44.25],[-68.69999999999999,44.25],[-68.69999999999999,44.24571529999997],[-68.69999999999999,44.24534240000003],[-68.69999999999999,44.24525030000001],[-68.69999999999999,44.24513400000001],[-68.69999999999999,44.244799899999975],[-68.69999999999999,44.244178799999986],[-68.69999999999999,44.24262870000001],[-68.69999999999999,44.242583000000025],[-68.69999999999999,44.24257010000002],[-68.69999999999999,44.242361700000004],[-68.69999999999999,44.24198100000001],[-68.69999999999999,44.240325799999994],[-68.69999999999999,44.23866099999998],[-68.69999999999999,44.23817309999998],[-68.69999999999999,44.23386679999999],[-68.69999999999999,44.233700899999974],[-68.69999999999999,44.2335693],[-68.69999999999999,44.233368600000006],[-68.69999999999999,44.23304489999998],[-68.69999999999999,44.23256620000001],[-68.69999999999999,44.19548370000001],[-68.69999999999999,44.19355180000002],[-68.69999999999999,44.182779100000005],[-68.69999999999999,44.179229899999996],[-68.69999999999999,44.17500000000001],[-68.70393990000002,44.17500000000001],[-68.70687700000002,44.17500000000001],[-68.71723020000002,44.17500000000001],[-68.71958769999998,44.17500000000001],[-68.71999829999999,44.17500000000001],[-68.72039649999999,44.17500000000001],[-68.72076440000001,44.17500000000001],[-68.72122860000002,44.17500000000001],[-68.72164750000002,44.17500000000001],[-68.72229920000001,44.17500000000001],[-68.72304009999999,44.17500000000001],[-68.7256916,44.17500000000001],[-68.7292339,44.17500000000001],[-68.7456578,44.17500000000001],[-68.7613409,44.17500000000001],[-68.77499999999998,44.17500000000001],[-68.77499999999998,44.18653330000001]]]}},{"type":"Feature","properties":{},"geometry":{"type":"Polygon","coordinates":[[[-68.69999999999999,44.179229899999996],[-68.69999999999999,44.182779100000005],[-68.69999999999999,44.19355180000002],[-68.69999999999999,44.19548370000001],[-68.69999999999999,44.23256620000001],[-68.69999999999999,44.23304489999998],[-68.69999999999999,44.233368600000006],[-68.69999999999999,44.2335693],[-68.69999999999999,44.233700899999974],[-68.69999999999999,44.23386679999999],[-68.69999999999999,44.23817309999998],[-68.69999999999999,44.23866099999998],[-68.69999999999999,44.240325799999994],[-68.69999999999999,44.24198100000001],[-68.69999999999999,44.242361700000004],[-68.69999999999999,44.24257010000002],[-68.69999999999999,44.242583000000025],[-68.69999999999999,44.24262870000001],[-68.69999999999999,44.244178799999986],[-68.69999999999999,44.244799899999975],[-68.69999999999999,44.24513400000001],[-68.69999999999999,44.24525030000001],[-68.69999999999999,44.24534240000003],[-68.69999999999999,44.24571529999997],[-68.69999999999999,44.25],[-68.6962259,44.25],[-68.69615190000002,44.25],[-68.69586279999999,44.25],[-68.69581449999998,44.25],[-68.69567710000001,44.25],[-68.6954134,44.25],[-68.69493039999998,44.25],[-68.6948916,44.25],[-68.69412349999999,44.25],[-68.6748187,44.25],[-68.625,44.25],[-68.625,44.241472199999976],[-68.625,44.23602039999997],[-68.625,44.23579130000002],[-68.625,44.2354459],[-68.625,44.23498740000002],[-68.625,44.23462039999998],[-68.625,44.234089100000006],[-68.625,44.23407329999998],[-68.625,44.23396200000002],[-68.625,44.23391839999999],[-68.625,44.23391779999997],[-68.625,44.23366850000002],[-68.625,44.23344320000001],[-68.625,44.23265140000001],[-68.625,44.2320143],[-68.625,44.2315552],[-68.625,44.23133919999998],[-68.625,44.2289007],[-68.625,44.22814720000002],[-68.625,44.22813980000001],[-68.625,44.22685799999999],[-68.625,44.22627499999999],[-68.625,44.2261163],[-68.625,44.22564799999998],[-68.625,44.22403350000002],[-68.625,44.22361119999999],[-68.625,44.2227843],[-68.625,44.22248689999998],[-68.625,44.221501699999976],[-68.625,44.22058929999997],[-68.625,44.220291799999984],[-68.625,44.22021649999999],[-68.625,44.22006010000001],[-68.625,44.219903699999975],[-68.625,44.21986270000002],[-68.625,44.219764],[-68.625,44.21969580000001],[-68.625,44.21956560000001],[-68.625,44.2192263],[-68.625,44.218916200000024],[-68.625,44.21872000000002],[-68.625,44.218685300000004],[-68.625,44.21586000000002],[-68.625,44.21583049999998],[-68.625,44.2157924],[-68.625,44.21556720000001],[-68.625,44.21110420000002],[-68.625,44.21094240000002],[-68.625,44.21041530000002],[-68.625,44.206778499999984],[-68.625,44.206090200000006],[-68.625,44.205688599999974],[-68.625,44.204995999999994],[-68.625,44.199895200000014],[-68.625,44.199819400000024],[-68.625,44.1996724],[-68.625,44.19961260000002],[-68.625,44.199534700000015],[-68.625,44.199413600000014],[-68.625,44.19890400000003],[-68.625,44.19861580000003],[-68.625,44.19849829999998],[-68.625,44.198091999999974],[-68.625,44.19789320000001],[-68.625,44.19748729999998],[-68.625,44.19658229999999],[-68.625,44.19656629999997],[-68.625,44.19645000000003],[-68.625,44.19523079999999],[-68.625,44.19482909999999],[-68.625,44.194343100000026],[-68.625,44.19394349999999],[-68.625,44.193256599999984],[-68.625,44.18057750000003],[-68.625,44.18052749999998],[-68.625,44.17874139999998],[-68.625,44.178491399999984],[-68.625,44.17500000000001],[-68.64270670000002,44.17500000000001],[-68.64305280000002,44.17500000000001],[-68.64421540000001,44.17500000000001],[-68.64556140000002,44.17500000000001],[-68.6457964,44.17500000000001],[-68.64700679999999,44.17500000000001],[-68.64770620000002,44.17500000000001],[-68.64819460000001,44.17500000000001],[-68.648912,44.17500000000001],[-68.64988929999998,44.17500000000001],[-68.65071369999998,44.17500000000001],[-68.65120209999998,44.17500000000001],[-68.6518026,44.17500000000001],[-68.65197760000001,44.17500000000001],[-68.6530555,44.17500000000001],[-68.69999999999999,44.17500000000001],[-68.69999999999999,44.179229899999996]]]}},{"type":"Feature","properties":{},"geometry":{"type":"Polygon","coordinates":[[[-69.02652410000002,44.25],[-69.07499999999999,44.25],[-69.07499999999999,44.27511099999998],[-69.07499999999999,44.32499999999999],[-69.03686199999999,44.32499999999999],[-69.0,44.32499999999999],[-69.0,44.29629670000003],[-69.0,44.295128799999986],[-69.0,44.293987000000016],[-69.0,44.293115899999975],[-69.0,44.29145620000003],[-69.0,44.29139409999999],[-69.0,44.28964719999999],[-69.0,44.28947149999999],[-69.0,44.2879461],[-69.0,44.28771769999997],[-69.0,44.2873376],[-69.0,44.28690899999998],[-69.0,44.2840999],[-69.0,44.2813501],[-69.0,44.27656810000002],[-69.0,44.27511099999998],[-69.0,44.27364779999999],[-69.0,44.26922200000001],[-69.0,44.26696900000002],[-69.0,44.25],[-69.0152463,44.25],[-69.01608779999998,44.25],[-69.02232029999999,44.25],[-69.02375060000003,44.25],[-69.02444220000001,44.25],[-69.02498059999999,44.25],[-69.02546109999997,44.25],[-69.02621240000002,44.25],[-69.02652410000002,44.25]]]}},{"type":"Feature","properties":{},"geometry":{"type":"Polygon","coordinates":[[[-68.9994079,44.25],[-69.0,44.25],[-69.0,44.26696900000002],[-69.0,44.26922200000001],[-69.0,44.27364779999999],[-69.0,44.27511099999998],[-69.0,44.27656810000002],[-69.0,44.2813501],[-69.0,44.2840999],[-69.0,44.28690899999998],[-69.0,44.2873376],[-69.0,44.28771769999997],[-69.0,44.2879461],[-69.0,44.28947149999999],[-69.0,44.28964719999999],[-69.0,44.29139409999999],[-69.0,44.29145620000003],[-69.0,44.293115899999975],[-69.0,44.293987000000016],[-69.0,44.295128799999986],[-69.0,44.29629670000003],[-69.0,44.32499999999999],[-68.95563979999997,44.32499999999999],[-68.9541314,44.32499999999999],[-68.95357430000001,44.32499999999999],[-68.9534099,44.32499999999999],[-68.95305159999998,44.32499999999999],[-68.9512373,44.32499999999999],[-68.94856579999998,44.32499999999999],[-68.9387873,44.32499999999999],[-68.93574660000002,44.32499999999999],[-68.93198100000001,44.32499999999999],[-68.93057620000002,44.32499999999999],[-68.93005549999998,44.32499999999999],[-68.92869480000002,44.32499999999999],[-68.92836110000002,44.32499999999999],[-68.9281042,44.32499999999999],[-68.92795389999998,44.32499999999999],[-68.9279429,44.32499999999999],[-68.9278013,44.32499999999999],[-68.92685410000001,44.32499999999999],[-68.92654599999997,44.32499999999999],[-68.9258236,44.32499999999999],[-68.92541080000001,44.32499999999999],[-68.92500000000001,44.32499999999999],[-68.92500000000001,44.316311299999995],[-68.92500000000001,44.31083460000002],[-68.92500000000001,44.30886459999999],[-68.92500000000001,44.30646410000003],[-68.92500000000001,44.30631820000002],[-68.92500000000001,44.306158400000015],[-68.92500000000001,44.30586699999998],[-68.92500000000001,44.30585450000001],[-68.92500000000001,44.305575999999974],[-68.92500000000001,44.29165710000001],[-68.92500000000001,44.284423100000026],[-68.92500000000001,44.28389149999998],[-68.92500000000001,44.282534399999975],[-68.92500000000001,44.27916750000003],[-68.92500000000001,44.278383700000006],[-68.92500000000001,44.27831950000001],[-68.92500000000001,44.27784539999999],[-68.92500000000001,44.27575919999998],[-68.92500000000001,44.275418],[-68.92500000000001,44.27511099999998],[-68.92500000000001,44.27509509999999],[-68.92500000000001,44.274525900000015],[-68.92500000000001,44.27020820000001],[-68.92500000000001,44.268099199999995],[-68.92500000000001,44.26741079999999],[-68.92500000000001,44.26654380000002],[-68.92500000000001,44.2658366],[-68.92500000000001,44.265583600000014],[-68.92500000000001,44.264858000000004],[-68.92500000000001,44.263349600000026],[-68.92500000000001,44.26285840000003],[-68.92500000000001,44.26223759999999],[-68.92500000000001,44.26143880000001],[-68.92500000000001,44.260989600000016],[-68.92500000000001,44.26054449999998],[-68.92500000000001,44.26021129999998],[-68.92500000000001,44.259596999999985],[-68.92500000000001,44.2587934],[-68.92500000000001,44.25858670000002],[-68.92500000000001,44.25819039999999],[-68.92500000000001,44.257948699999986],[-68.92500000000001,44.25765389999998],[-68.92500000000001,44.25745749999999],[-68.92500000000001,44.253627900000026],[-68.92500000000001,44.253352199999995],[-68.92500000000001,44.25215300000002],[-68.92500000000001,44.251570000000015],[-68.92500000000001,44.25117499999999],[-68.92500000000001,44.251060499999994],[-68.92500000000001,44.250375700000006],[-68.92500000000001,44.250105099999985],[-68.92500000000001,44.25],[-68.92529880000001,44.25],[-68.92591149999998,44.25],[-68.92606369999999,44.25],[-68.92786219999999,44.25],[-68.928112,44.25],[-68.93040250000001,44.25],[-68.93102590000001,44.25],[-68.93148109999998,44.25],[-68.9333105,44.25],[-68.93695380000003,44.25],[-68.9410001,44.25],[-68.9434235,44.25],[-68.94352880000002,44.25],[-68.94395589999999,44.25],[-68.94424600000002,44.25],[-68.9445116,44.25],[-68.9448784,44.25],[-68.96558299999998,44.25],[-68.9660189,44.25],[-68.96637650000002,44.25],[-68.96686899999997,44.25],[-68.96750120000002,44.25],[-68.96764539999998,44.25],[-68.96782339999999,44.25],[-68.96929080000001,44.25],[-68.9717617,44.25],[-68.9735235,44.25],[-68.97940790000001,44.25],[-68.98089440000001,44.25],[-68.9880693,44.25],[-68.9895065,44.25],[-68.99176619999997,44.25],[-68.9994079,44.25]]]}},{"type":"Feature","properties":{},"geometry":{"type":"Polygon","coordinates":[[[-68.92500000000001,44.250105099999985],[-68.92500000000001,44.250375700000006],[-68.92500000000001,44.251060499999994],[-68.92500000000001,44.25117499999999],[-68.92500000000001,44.251570000000015],[-68.92500000000001,44.25215300000002],[-68.92500000000001,44.253352199999995],[-68.92500000000001,44.253627900000026],[-68.92500000000001,44.25745749999999],[-68.92500000000001,44.25765389999998],[-68.92500000000001,44.257948699999986],[-68.92500000000001,44.25819039999999],[-68.92500000000001,44.25858670000002],[-68.92500000000001,44.2587934],[-68.92500000000001,44.259596999999985],[-68.92500000000001,44.26021129999998],[-68.92500000000001,44.26054449999998],[-68.92500000000001,44.260989600000016],[-68.92500000000001,44.26143880000001],[-68.92500000000001,44.26223759999999],[-68.92500000000001,44.26285840000003],[-68.92500000000001,44.263349600000026],[-68.92500000000001,44.264858000000004],[-68.92500000000001,44.265583600000014],[-68.92500000000001,44.2658366],[-68.92500000000001,44.26654380000002],[-68.92500000000001,44.26741079999999],[-68.92500000000001,44.268099199999995],[-68.92500000000001,44.27020820000001],[-68.92500000000001,44.274525900000015],[-68.92500000000001,44.27509509999999],[-68.92500000000001,44.27511099999998],[-68.92500000000001,44.275418],[-68.92500000000001,44.27575919999998],[-68.92500000000001,44.27784539999999],[-68.92500000000001,44.27831950000001],[-68.92500000000001,44.278383700000006],[-68.92500000000001,44.27916750000003],[-68.92500000000001,44.282534399999975],[-68.92500000000001,44.28389149999998],[-68.92500000000001,44.284423100000026],[-68.92500000000001,44.29165710000001],[-68.92500000000001,44.305575999999974],[-68.92500000000001,44.30585450000001],[-68.92500000000001,44.30586699999998],[-68.92500000000001,44.306158400000015],[-68.92500000000001,44.30631820000002],[-68.92500000000001,44.30646410000003],[-68.92500000000001,44.30886459999999],[-68.92500000000001,44.31083460000002],[-68.92500000000001,44.316311299999995],[-68.92500000000001,44.32499999999999],[-68.92029550000001,44.32499999999999],[-68.9199729,44.32499999999999],[-68.91962439999998,44.32499999999999],[-68.91934149999997,44.32499999999999],[-68.91858680000001,44.32499999999999],[-68.91835220000002,44.32499999999999],[-68.9175065,44.32499999999999],[-68.91603509999999,44.32499999999999],[-68.91557829999999,44.32499999999999],[-68.91454069999998,44.32499999999999],[-68.9141682,44.32499999999999],[-68.91150069999998,44.32499999999999],[-68.90444200000002,44.32499999999999],[-68.90386439999997,44.32499999999999],[-68.90339879999999,44.32499999999999],[-68.90328829999999,44.32499999999999],[-68.9030826,44.32499999999999],[-68.90295780000002,44.32499999999999],[-68.90213390000002,44.32499999999999],[-68.90086860000002,44.32499999999999],[-68.89818819999999,44.32499999999999],[-68.89740319999999,44.32499999999999],[-68.89695979999999,44.32499999999999],[-68.89643439999998,44.32499999999999],[-68.89462659999998,44.32499999999999],[-68.89204460000002,44.32499999999999],[-68.890198,44.32499999999999],[-68.89000069999997,44.32499999999999],[-68.88949029999998,44.32499999999999],[-68.8890394,44.32499999999999],[-68.88865470000002,44.32499999999999],[-68.88713460000002,44.32499999999999],[-68.88486649999999,44.32499999999999],[-68.85963529999998,44.32499999999999],[-68.85000000000002,44.32499999999999],[-68.85000000000002,44.324241099999995],[-68.85000000000002,44.319413499999996],[-68.85000000000002,44.31022969999998],[-68.85000000000002,44.309039299999995],[-68.85000000000002,44.30527009999997],[-68.85000000000002,44.29925689999999],[-68.85000000000002,44.27511099999998],[-68.85000000000002,44.2741671],[-68.85000000000002,44.27263909999999],[-68.85000000000002,44.271670700000016],[-68.85000000000002,44.27080330000001],[-68.85000000000002,44.27012619999999],[-68.85000000000002,44.25157899999999],[-68.85000000000002,44.250691700000004],[-68.85000000000002,44.250313800000015],[-68.85000000000002,44.25025549999998],[-68.85000000000002,44.25],[-68.85064299999999,44.25],[-68.85124919999998,44.25],[-68.85251670000002,44.25],[-68.8539379,44.25],[-68.85476190000003,44.25],[-68.8593419,44.25],[-68.8701471,44.25],[-68.876667,44.25],[-68.87913150000003,44.25],[-68.88578660000002,44.25],[-68.88796539999998,44.25],[-68.8920741,44.25],[-68.89221759999998,44.25],[-68.8941299,44.25],[-68.89566070000001,44.25],[-68.8986706,44.25],[-68.90222160000002,44.25],[-68.9045691,44.25],[-68.90982630000002,44.25],[-68.91148449999997,44.25],[-68.91214819999999,44.25],[-68.91264710000002,44.25],[-68.91299220000002,44.25],[-68.91381669999998,44.25],[-68.91446000000002,44.25],[-68.91966639999998,44.25],[-68.92028879999998,44.25],[-68.9214872,44.25],[-68.9238049,44.25],[-68.92447149999998,44.25],[-68.92500000000001,44.25],[-68.92500000000001,44.250105099999985]]]}},{"type":"Feature","properties":{},"geometry":{"type":"Polygon","coordinates":[[[-68.85000000000002,44.25025549999998],[-68.85000000000002,44.250313800000015],[-68.85000000000002,44.250691700000004],[-68.85000000000002,44.25157899999999],[-68.85000000000002,44.27012619999999],[-68.85000000000002,44.27080330000001],[-68.85000000000002,44.271670700000016],[-68.85000000000002,44.27263909999999],[-68.85000000000002,44.2741671],[-68.85000000000002,44.27511099999998],[-68.85000000000002,44.29925689999999],[-68.85000000000002,44.30527009999997],[-68.85000000000002,44.309039299999995],[-68.85000000000002,44.31022969999998],[-68.85000000000002,44.319413499999996],[-68.85000000000002,44.324241099999995],[-68.85000000000002,44.32499999999999],[-68.84963779999998,44.32499999999999],[-68.84730359999998,44.32499999999999],[-68.8288986,44.32499999999999],[-68.82576590000002,44.32499999999999],[-68.82420400000001,44.32499999999999],[-68.82395100000002,44.32499999999999],[-68.8238164,44.32499999999999],[-68.82320390000001,44.32499999999999],[-68.82260600000001,44.32499999999999],[-68.79332679999999,44.32499999999999],[-68.79313100000002,44.32499999999999],[-68.79196619999999,44.32499999999999],[-68.7910817,44.32499999999999],[-68.79085570000001,44.32499999999999],[-68.7906357,44.32499999999999],[-68.79061009999998,44.32499999999999],[-68.79030849999998,44.32499999999999],[-68.7898487,44.32499999999999],[-68.78859920000002,44.32499999999999],[-68.77499999999998,44.32499999999999],[-68.77499999999998,44.31877859999997],[-68.77499999999998,44.31864999999999],[-68.77499999999998,44.31856829999998],[-68.77499999999998,44.318452200000024],[-68.77499999999998,44.318197399999974],[-68.77499999999998,44.318094900000006],[-68.77499999999998,44.31784049999999],[-68.77499999999998,44.317618400000015],[-68.77499999999998,44.31748909999999],[-68.77499999999998,44.31476190000001],[-68.77499999999998,44.31358239999997],[-68.77499999999998,44.31355259999998],[-68.77499999999998,44.30988070000001],[-68.77499999999998,44.30813819999997],[-68.77499999999998,44.2987258],[-68.77499999999998,44.2981494],[-68.77499999999998,44.29773319999998],[-68.77499999999998,44.29757510000002],[-68.77499999999998,44.29713959999998],[-68.77499999999998,44.2918545],[-68.77499999999998,44.285977100000025],[-68.77499999999998,44.284815700000024],[-68.77499999999998,44.27884590000002],[-68.77499999999998,44.27796410000002],[-68.77499999999998,44.27631659999997],[-68.77499999999998,44.27511099999998],[-68.77499999999998,44.265330199999994],[-68.77499999999998,44.26002510000001],[-68.77499999999998,44.2574467],[-68.77499999999998,44.25621369999999],[-68.77499999999998,44.25273010000001],[-68.77499999999998,44.25],[-68.77696500000002,44.25],[-68.78156719999998,44.25],[-68.78541899999999,44.25],[-68.79235269999998,44.25],[-68.79697529999999,44.25],[-68.8144158,44.25],[-68.81834049999998,44.25],[-68.82094719999998,44.25],[-68.82320019999997,44.25],[-68.82531929999999,44.25],[-68.82788049999999,44.25],[-68.84603779999998,44.25],[-68.84667300000001,44.25],[-68.8473052,44.25],[-68.84782689999997,44.25],[-68.8498085,44.25],[-68.85000000000002,44.25],[-68.85000000000002,44.25025549999998]]]}},{"type":"Feature","properties":{},"geometry":{"type":"Polygon","coordinates":[[[-68.77499999999998,44.25273010000001],[-68.77499999999998,44.25621369999999],[-68.77499999999998,44.2574467],[-68.77499999999998,44.26002510000001],[-68.77499999999998,44.265330199999994],[-68.77499999999998,44.27511099999998],[-68.77499999999998,44.27631659999997],[-68.77499999999998,44.27796410000002],[-68.77499999999998,44.27884590000002],[-68.77499999999998,44.284815700000024],[-68.77499999999998,44.285977100000025],[-68.77499999999998,44.2918545],[-68.77499999999998,44.29713959999998],[-68.77499999999998,44.29757510000002],[-68.77499999999998,44.29773319999998],[-68.77499999999998,44.2981494],[-68.77499999999998,44.2987258],[-68.77499999999998,44.305973900000026],[-68.77499999999998,44.306822899999986],[-68.77499999999998,44.30813819999997],[-68.77499999999998,44.30988070000001],[-68.77499999999998,44.31355259999998],[-68.77499999999998,44.31358239999997],[-68.77499999999998,44.31476190000001],[-68.77499999999998,44.31748909999999],[-68.77499999999998,44.317618400000015],[-68.77499999999998,44.31784049999999],[-68.77499999999998,44.318094900000006],[-68.77499999999998,44.318197399999974],[-68.77499999999998,44.318452200000024],[-68.77499999999998,44.31856829999998],[-68.77499999999998,44.31864999999999],[-68.77499999999998,44.31877859999997],[-68.77499999999998,44.32499999999999],[-68.7718787,44.32499999999999],[-68.7702653,44.32499999999999],[-68.77021730000001,44.32499999999999],[-68.77015180000001,44.32499999999999],[-68.77009429999998,44.32499999999999],[-68.77006410000001,44.32499999999999],[-68.77002979999997,44.32499999999999],[-68.7698977,44.32499999999999],[-68.76980279999998,44.32499999999999],[-68.76975060000001,44.32499999999999],[-68.76948199999998,44.32499999999999],[-68.76925799999998,44.32499999999999],[-68.7690824,44.32499999999999],[-68.7688425,44.32499999999999],[-68.7685141,44.32499999999999],[-68.76839990000002,44.32499999999999],[-68.76838270000002,44.32499999999999],[-68.7683108,44.32499999999999],[-68.76827989999998,44.32499999999999],[-68.76810719999997,44.32499999999999],[-68.76783339999997,44.32499999999999],[-68.76659160000003,44.32499999999999],[-68.7665652,44.32499999999999],[-68.76642420000002,44.32499999999999],[-68.76637160000001,44.32499999999999],[-68.76633190000001,44.32499999999999],[-68.76621990000001,44.32499999999999],[-68.76608759999999,44.32499999999999],[-68.76601920000002,44.32499999999999],[-68.76572299999998,44.32499999999999],[-68.7651429,44.32499999999999],[-68.76493440000002,44.32499999999999],[-68.7640336,44.32499999999999],[-68.76392779999998,44.32499999999999],[-68.7636579,44.32499999999999],[-68.76361589999999,44.32499999999999],[-68.76294860000002,44.32499999999999],[-68.7628995,44.32499999999999],[-68.76239939999999,44.32499999999999],[-68.76127919999999,44.32499999999999],[-68.76097970000001,44.32499999999999],[-68.75756109999998,44.32499999999999],[-68.74868020000002,44.32499999999999],[-68.74077690000001,44.32499999999999],[-68.73763630000002,44.32499999999999],[-68.736286,44.32499999999999],[-68.73340409999997,44.32499999999999],[-68.7319033,44.32499999999999],[-68.73181799999998,44.32499999999999],[-68.73149330000001,44.32499999999999],[-68.73121880000002,44.32499999999999],[-68.7311623,44.32499999999999],[-68.73105429999998,44.32499999999999],[-68.73097089999999,44.32499999999999],[-68.73082099999999,44.32499999999999],[-68.73075419999998,44.32499999999999],[-68.73067309999999,44.32499999999999],[-68.73061669999998,44.32499999999999],[-68.73030419999998,44.32499999999999],[-68.72954750000002,44.32499999999999],[-68.72934240000001,44.32499999999999],[-68.7014575,44.32499999999999],[-68.69999999999999,44.32499999999999],[-68.69999999999999,44.319658600000025],[-68.69999999999999,44.30996490000001],[-68.69999999999999,44.309823600000016],[-68.69999999999999,44.30974650000002],[-68.69999999999999,44.3096448],[-68.69999999999999,44.309451000000024],[-68.69999999999999,44.30936539999999],[-68.69999999999999,44.30935169999998],[-68.69999999999999,44.30898350000001],[-68.69999999999999,44.3088831],[-68.69999999999999,44.308782699999995],[-68.69999999999999,44.308318499999984],[-68.69999999999999,44.30671699999999],[-68.69999999999999,44.3065393],[-68.69999999999999,44.306152399999974],[-68.69999999999999,44.30596489999999],[-68.69999999999999,44.30577749999998],[-68.69999999999999,44.305324299999995],[-68.69999999999999,44.30504669999999],[-68.69999999999999,44.30496670000002],[-68.69999999999999,44.30364909999997],[-68.69999999999999,44.30312079999999],[-68.69999999999999,44.298430499999995],[-68.69999999999999,44.29715729999998],[-68.69999999999999,44.296282099999985],[-68.69999999999999,44.29520150000002],[-68.69999999999999,44.29424749999998],[-68.69999999999999,44.29327760000001],[-68.69999999999999,44.29291230000001],[-68.69999999999999,44.292802300000005],[-68.69999999999999,44.29263800000001],[-68.69999999999999,44.2925927],[-68.69999999999999,44.292400499999985],[-68.69999999999999,44.29234810000003],[-68.69999999999999,44.29233740000001],[-68.69999999999999,44.29134349999998],[-68.69999999999999,44.27511099999998],[-68.69999999999999,44.27245590000001],[-68.69999999999999,44.27105719999997],[-68.69999999999999,44.27055710000002],[-68.69999999999999,44.27021309999998],[-68.69999999999999,44.26993700000003],[-68.69999999999999,44.269869099999994],[-68.69999999999999,44.2695908],[-68.69999999999999,44.26956849999999],[-68.69999999999999,44.269505700000025],[-68.69999999999999,44.26930770000001],[-68.69999999999999,44.2654455],[-68.69999999999999,44.26303419999999],[-68.69999999999999,44.26070770000001],[-68.69999999999999,44.26052659999999],[-68.69999999999999,44.259909900000025],[-68.69999999999999,44.259512400000006],[-68.69999999999999,44.25904659999998],[-68.69999999999999,44.25780689999999],[-68.69999999999999,44.257558500000016],[-68.69999999999999,44.257471599999974],[-68.69999999999999,44.256827499999986],[-68.69999999999999,44.256504199999995],[-68.69999999999999,44.25634839999998],[-68.69999999999999,44.25],[-68.70726919999998,44.25],[-68.71365159999999,44.25],[-68.71613830000001,44.25],[-68.71792479999999,44.25],[-68.73218680000002,44.25],[-68.73260140000002,44.25],[-68.73606269999999,44.25],[-68.74542530000002,44.25],[-68.74692490000001,44.25],[-68.75451679999998,44.25],[-68.75788740000002,44.25],[-68.75889130000002,44.25],[-68.77094599999998,44.25],[-68.77499999999998,44.25],[-68.77499999999998,44.25273010000001]]]}},{"type":"Feature","properties":{},"geometry":{"type":"Polygon","coordinates":[[[-68.95563979999997,44.32499999999999],[-69.0,44.32499999999999],[-69.0,44.39587210000002],[-69.0,44.396056999999985],[-69.0,44.39999999999998],[-68.98259339999998,44.39999999999998],[-68.98181499999998,44.39999999999998],[-68.9815534,44.39999999999998],[-68.98117739999998,44.39999999999998],[-68.98060199999998,44.39999999999998],[-68.9775957,44.39999999999998],[-68.96373249999999,44.39999999999998],[-68.95499419999999,44.39999999999998],[-68.94539800000001,44.39999999999998],[-68.9398645,44.39999999999998],[-68.92500000000001,44.39999999999998],[-68.92500000000001,44.38779720000002],[-68.92500000000001,44.387484700000016],[-68.92500000000001,44.38566750000001],[-68.92500000000001,44.385366499999975],[-68.92500000000001,44.38235609999998],[-68.92500000000001,44.38038569999998],[-68.92500000000001,44.374672299999986],[-68.92500000000001,44.3718245],[-68.92500000000001,44.37086849999997],[-68.92500000000001,44.36625220000002],[-68.92500000000001,44.36157420000001],[-68.92500000000001,44.3610046],[-68.92500000000001,44.35897540000002],[-68.92500000000001,44.35599289999999],[-68.92500000000001,44.353449599999976],[-68.92500000000001,44.35303590000001],[-68.92500000000001,44.34917999999999],[-68.92500000000001,44.34073799999999],[-68.92500000000001,44.33947410000002],[-68.92500000000001,44.33656300000001],[-68.92500000000001,44.33590179999999],[-68.92500000000001,44.334467200000006],[-68.92500000000001,44.33446650000002],[-68.92500000000001,44.33356600000002],[-68.92500000000001,44.332797400000004],[-68.92500000000001,44.33224000000001],[-68.92500000000001,44.33139360000001],[-68.92500000000001,44.330528000000015],[-68.92500000000001,44.33024799999998],[-68.92500000000001,44.32996850000001],[-68.92500000000001,44.32938050000001],[-68.92500000000001,44.328393199999994],[-68.92500000000001,44.327051600000004],[-68.92500000000001,44.325755800000024],[-68.92500000000001,44.32499999999999],[-68.92541080000001,44.32499999999999],[-68.9258236,44.32499999999999],[-68.92654599999997,44.32499999999999],[-68.92685410000001,44.32499999999999],[-68.9278013,44.32499999999999],[-68.9279429,44.32499999999999],[-68.92795389999998,44.32499999999999],[-68.9281042,44.32499999999999],[-68.92836110000002,44.32499999999999],[-68.92869480000002,44.32499999999999],[-68.93005549999998,44.32499999999999],[-68.93057620000002,44.32499999999999],[-68.93198100000001,44.32499999999999],[-68.93574660000002,44.32499999999999],[-68.9387873,44.32499999999999],[-68.94856579999998,44.32499999999999],[-68.9512373,44.32499999999999],[-68.95305159999998,44.32499999999999],[-68.9534099,44.32499999999999],[-68.95357430000001,44.32499999999999],[-68.9541314,44.32499999999999],[-68.95563979999997,44.32499999999999]]]}},{"type":"Feature","properties":{},"geometry":{"type":"Polygon","coordinates":[[[-68.92500000000001,44.325755800000024],[-68.92500000000001,44.327051600000004],[-68.92500000000001,44.328393199999994],[-68.92500000000001,44.32938050000001],[-68.92500000000001,44.32996850000001],[-68.92500000000001,44.33024799999998],[-68.92500000000001,44.330528000000015],[-68.92500000000001,44.33139360000001],[-68.92500000000001,44.33224000000001],[-68.92500000000001,44.332797400000004],[-68.92500000000001,44.33356600000002],[-68.92500000000001,44.33446650000002],[-68.92500000000001,44.334467200000006],[-68.92500000000001,44.33590179999999],[-68.92500000000001,44.33656300000001],[-68.92500000000001,44.33947410000002],[-68.92500000000001,44.34073799999999],[-68.92500000000001,44.34917999999999],[-68.92500000000001,44.35303590000001],[-68.92500000000001,44.353449599999976],[-68.92500000000001,44.35599289999999],[-68.92500000000001,44.35897540000002],[-68.92500000000001,44.3610046],[-68.92500000000001,44.36157420000001],[-68.92500000000001,44.36625220000002],[-68.92500000000001,44.37086849999997],[-68.92500000000001,44.3718245],[-68.92500000000001,44.374672299999986],[-68.92500000000001,44.38038569999998],[-68.92500000000001,44.38235609999998],[-68.92500000000001,44.385366499999975],[-68.92500000000001,44.38566750000001],[-68.92500000000001,44.387484700000016],[-68.92500000000001,44.38779720000002],[-68.92500000000001,44.39999999999998],[-68.90907979999997,44.39999999999998],[-68.9067791,44.39999999999998],[-68.90070939999998,44.39999999999998],[-68.89039350000002,44.39999999999998],[-68.8830016,44.39999999999998],[-68.87835969999998,44.39999999999998],[-68.86940659999999,44.39999999999998],[-68.85000000000002,44.39999999999998],[-68.85000000000002,44.39670649999999],[-68.85000000000002,44.38459649999999],[-68.85000000000002,44.3803193],[-68.85000000000002,44.37548779999997],[-68.85000000000002,44.37504689999997],[-68.85000000000002,44.37298370000002],[-68.85000000000002,44.369559400000014],[-68.85000000000002,44.35746990000001],[-68.85000000000002,44.34501110000002],[-68.85000000000002,44.342792299999985],[-68.85000000000002,44.32499999999999],[-68.85963529999998,44.32499999999999],[-68.88486649999999,44.32499999999999],[-68.88713460000002,44.32499999999999],[-68.88865470000002,44.32499999999999],[-68.8890394,44.32499999999999],[-68.88949029999998,44.32499999999999],[-68.89000069999997,44.32499999999999],[-68.890198,44.32499999999999],[-68.89204460000002,44.32499999999999],[-68.89462659999998,44.32499999999999],[-68.89643439999998,44.32499999999999],[-68.89695979999999,44.32499999999999],[-68.89740319999999,44.32499999999999],[-68.89818819999999,44.32499999999999],[-68.90086860000002,44.32499999999999],[-68.90213390000002,44.32499999999999],[-68.90295780000002,44.32499999999999],[-68.9030826,44.32499999999999],[-68.90328829999999,44.32499999999999],[-68.90339879999999,44.32499999999999],[-68.90386439999997,44.32499999999999],[-68.90444200000002,44.32499999999999],[-68.91150069999998,44.32499999999999],[-68.9141682,44.32499999999999],[-68.91454069999998,44.32499999999999],[-68.91557829999999,44.32499999999999],[-68.91603509999999,44.32499999999999],[-68.9175065,44.32499999999999],[-68.91835220000002,44.32499999999999],[-68.91858680000001,44.32499999999999],[-68.91934149999997,44.32499999999999],[-68.91962439999998,44.32499999999999],[-68.9199729,44.32499999999999],[-68.92029550000001,44.32499999999999],[-68.92500000000001,44.32499999999999],[-68.92500000000001,44.325755800000024]]]}},{"type":"Feature","properties":{},"geometry":{"type":"Polygon","coordinates":[[[-68.84963779999998,44.32499999999999],[-68.85000000000002,44.32499999999999],[-68.85000000000002,44.342792299999985],[-68.85000000000002,44.34501110000002],[-68.85000000000002,44.35746990000001],[-68.85000000000002,44.369559400000014],[-68.85000000000002,44.37298370000002],[-68.85000000000002,44.37504689999997],[-68.85000000000002,44.37548779999997],[-68.85000000000002,44.3803193],[-68.85000000000002,44.38459649999999],[-68.85000000000002,44.39670649999999],[-68.85000000000002,44.39999999999998],[-68.84201919999998,44.39999999999998],[-68.83255630000002,44.39999999999998],[-68.82200610000001,44.39999999999998],[-68.8179467,44.39999999999998],[-68.81778409999998,44.39999999999998],[-68.81647570000001,44.39999999999998],[-68.81602020000003,44.39999999999998],[-68.81538760000001,44.39999999999998],[-68.8108881,44.39999999999998],[-68.80307749999997,44.39999999999998],[-68.79206060000001,44.39999999999998],[-68.79100949999997,44.39999999999998],[-68.78837379999999,44.39999999999998],[-68.78753699999999,44.39999999999998],[-68.78748159999998,44.39999999999998],[-68.78726269999999,44.39999999999998],[-68.78712030000003,44.39999999999998],[-68.7870967,44.39999999999998],[-68.78660680000002,44.39999999999998],[-68.78634740000001,44.39999999999998],[-68.7827762,44.39999999999998],[-68.7824367,44.39999999999998],[-68.78157199999998,44.39999999999998],[-68.7795774,44.39999999999998],[-68.77704030000001,44.39999999999998],[-68.77499999999998,44.39999999999998],[-68.77499999999998,44.39960259999998],[-68.77499999999998,44.39859790000003],[-68.77499999999998,44.3982886],[-68.77499999999998,44.39653520000002],[-68.77499999999998,44.3965273],[-68.77499999999998,44.396268099999986],[-68.77499999999998,44.396019799999976],[-68.77499999999998,44.395840799999974],[-68.77499999999998,44.394895700000006],[-68.77499999999998,44.3944707],[-68.77499999999998,44.3919348],[-68.77499999999998,44.38494739999999],[-68.77499999999998,44.383500200000015],[-68.77499999999998,44.38304169999998],[-68.77499999999998,44.382804599999986],[-68.77499999999998,44.38237170000002],[-68.77499999999998,44.38168189999999],[-68.77499999999998,44.380077700000015],[-68.77499999999998,44.37972100000002],[-68.77499999999998,44.37705740000001],[-68.77499999999998,44.36370069999998],[-68.77499999999998,44.36271319999997],[-68.77499999999998,44.362053],[-68.77499999999998,44.36197129999999],[-68.77499999999998,44.36181190000002],[-68.77499999999998,44.361333],[-68.77499999999998,44.36093469999997],[-68.77499999999998,44.3512867],[-68.77499999999998,44.348339099999976],[-68.77499999999998,44.34682079999999],[-68.77499999999998,44.34543480000002],[-68.77499999999998,44.341625599999986],[-68.77499999999998,44.34081809999998],[-68.77499999999998,44.3407143],[-68.77499999999998,44.33061670000001],[-68.77499999999998,44.3304933],[-68.77499999999998,44.32499999999999],[-68.78859920000002,44.32499999999999],[-68.78875019999998,44.32499999999999],[-68.7898487,44.32499999999999],[-68.79030849999998,44.32499999999999],[-68.79061009999998,44.32499999999999],[-68.7906357,44.32499999999999],[-68.79085570000001,44.32499999999999],[-68.7910817,44.32499999999999],[-68.79196619999999,44.32499999999999],[-68.79313100000002,44.32499999999999],[-68.79332679999999,44.32499999999999],[-68.82260600000001,44.32499999999999],[-68.82320390000001,44.32499999999999],[-68.8238164,44.32499999999999],[-68.82395100000002,44.32499999999999],[-68.82420400000001,44.32499999999999],[-68.82576590000002,44.32499999999999],[-68.8288986,44.32499999999999],[-68.84730359999998,44.32499999999999],[-68.84963779999998,44.32499999999999]]]}},{"type":"Feature","properties":{},"geometry":{"type":"Polygon","coordinates":[[[-68.77499999999998,44.3304933],[-68.77499999999998,44.33061670000001],[-68.77499999999998,44.3407143],[-68.77499999999998,44.34081809999998],[-68.77499999999998,44.341625599999986],[-68.77499999999998,44.34543480000002],[-68.77499999999998,44.34682079999999],[-68.77499999999998,44.348339099999976],[-68.77499999999998,44.3512867],[-68.77499999999998,44.36093469999997],[-68.77499999999998,44.361333],[-68.77499999999998,44.36181190000002],[-68.77499999999998,44.36197129999999],[-68.77499999999998,44.362053],[-68.77499999999998,44.36271319999997],[-68.77499999999998,44.36370069999998],[-68.77499999999998,44.37705740000001],[-68.77499999999998,44.37972100000002],[-68.77499999999998,44.380077700000015],[-68.77499999999998,44.38168189999999],[-68.77499999999998,44.38237170000002],[-68.77499999999998,44.382804599999986],[-68.77499999999998,44.38304169999998],[-68.77499999999998,44.383500200000015],[-68.77499999999998,44.38494739999999],[-68.77499999999998,44.3919348],[-68.77499999999998,44.3944707],[-68.77499999999998,44.394895700000006],[-68.77499999999998,44.395840799999974],[-68.77499999999998,44.396019799999976],[-68.77499999999998,44.396268099999986],[-68.77499999999998,44.3965273],[-68.77499999999998,44.39653520000002],[-68.77499999999998,44.3982886],[-68.77499999999998,44.39859790000003],[-68.77499999999998,44.39960259999998],[-68.77499999999998,44.39999999999998],[-68.77246070000001,44.39999999999998],[-68.7716747,44.39999999999998],[-68.77118289999999,44.39999999999998],[-68.770917,44.39999999999998],[-68.77048480000002,44.39999999999998],[-68.77047060000001,44.39999999999998],[-68.77009120000002,44.39999999999998],[-68.7698595,44.39999999999998],[-68.769654,44.39999999999998],[-68.76958309999998,44.39999999999998],[-68.76914210000001,44.39999999999998],[-68.7686961,44.39999999999998],[-68.76821969999997,44.39999999999998],[-68.76730020000002,44.39999999999998],[-68.76685350000002,44.39999999999998],[-68.7663205,44.39999999999998],[-68.76599900000002,44.39999999999998],[-68.76569289999998,44.39999999999998],[-68.76529879999998,44.39999999999998],[-68.7651515,44.39999999999998],[-68.76504160000002,44.39999999999998],[-68.76417179999999,44.39999999999998],[-68.76412090000002,44.39999999999998],[-68.7177208,44.39999999999998],[-68.71653459999999,44.39999999999998],[-68.70518950000002,44.39999999999998],[-68.70484850000003,44.39999999999998],[-68.70440530000002,44.39999999999998],[-68.70378,44.39999999999998],[-68.70337740000002,44.39999999999998],[-68.70231230000002,44.39999999999998],[-68.7004652,44.39999999999998],[-68.69999999999999,44.39999999999998],[-68.69999999999999,44.395576300000016],[-68.69999999999999,44.39467450000001],[-68.69999999999999,44.39385520000002],[-68.69999999999999,44.39350280000002],[-68.69999999999999,44.3281978],[-68.69999999999999,44.32499999999999],[-68.7014575,44.32499999999999],[-68.72934240000001,44.32499999999999],[-68.72954750000002,44.32499999999999],[-68.73030419999998,44.32499999999999],[-68.73061669999998,44.32499999999999],[-68.73067309999999,44.32499999999999],[-68.73075419999998,44.32499999999999],[-68.73082099999999,44.32499999999999],[-68.73097089999999,44.32499999999999],[-68.73105429999998,44.32499999999999],[-68.7311623,44.32499999999999],[-68.73121880000002,44.32499999999999],[-68.73149330000001,44.32499999999999],[-68.73181799999998,44.32499999999999],[-68.7319033,44.32499999999999],[-68.73340409999997,44.32499999999999],[-68.736286,44.32499999999999],[-68.73763630000002,44.32499999999999],[-68.74077690000001,44.32499999999999],[-68.74868020000002,44.32499999999999],[-68.75756109999998,44.32499999999999],[-68.76097970000001,44.32499999999999],[-68.76127919999999,44.32499999999999],[-68.76239939999999,44.32499999999999],[-68.76247130000002,44.32499999999999],[-68.7628995,44.32499999999999],[-68.76294860000002,44.32499999999999],[-68.76361589999999,44.32499999999999],[-68.7636579,44.32499999999999],[-68.76392779999998,44.32499999999999],[-68.7640336,44.32499999999999],[-68.76493440000002,44.32499999999999],[-68.7651429,44.32499999999999],[-68.76572299999998,44.32499999999999],[-68.76589059999998,44.32499999999999],[-68.76601920000002,44.32499999999999],[-68.76608759999999,44.32499999999999],[-68.76621990000001,44.32499999999999],[-68.76633190000001,44.32499999999999],[-68.76637160000001,44.32499999999999],[-68.76642420000002,44.32499999999999],[-68.7665652,44.32499999999999],[-68.76659160000003,44.32499999999999],[-68.76783339999997,44.32499999999999],[-68.76810719999997,44.32499999999999],[-68.76827989999998,44.32499999999999],[-68.7683108,44.32499999999999],[-68.76838270000002,44.32499999999999],[-68.76839990000002,44.32499999999999],[-68.7685141,44.32499999999999],[-68.7688425,44.32499999999999],[-68.7690824,44.32499999999999],[-68.76925799999998,44.32499999999999],[-68.76948199999998,44.32499999999999],[-68.76975060000001,44.32499999999999],[-68.76980279999998,44.32499999999999],[-68.7698977,44.32499999999999],[-68.77002979999997,44.32499999999999],[-68.77006410000001,44.32499999999999],[-68.77009429999998,44.32499999999999],[-68.77015180000001,44.32499999999999],[-68.77021730000001,44.32499999999999],[-68.7702653,44.32499999999999],[-68.7718787,44.32499999999999],[-68.77499999999998,44.32499999999999],[-68.77499999999998,44.3304933]]]}},{"type":"Feature","properties":{},"geometry":{"type":"Polygon","coordinates":[[[-68.90907979999997,44.39999999999998],[-68.92500000000001,44.39999999999998],[-68.92500000000001,44.417821300000014],[-68.92500000000001,44.420822999999984],[-68.92500000000001,44.44158140000002],[-68.92500000000001,44.44225399999999],[-68.92500000000001,44.44658190000001],[-68.92500000000001,44.4485019],[-68.92500000000001,44.450676699999974],[-68.92500000000001,44.45183930000002],[-68.92500000000001,44.45237109999999],[-68.92500000000001,44.45263490000002],[-68.92500000000001,44.45437750000002],[-68.92500000000001,44.45465630000001],[-68.92500000000001,44.45479499999999],[-68.92500000000001,44.455338600000005],[-68.92500000000001,44.46126020000003],[-68.92500000000001,44.47500000000002],[-68.86888570000002,44.47500000000002],[-68.86842389999998,44.47500000000002],[-68.86712119999999,44.47500000000002],[-68.86240170000002,44.47500000000002],[-68.8534818,44.47500000000002],[-68.85243550000001,44.47500000000002],[-68.85001740000001,44.47500000000002],[-68.85000000000002,44.47500000000002],[-68.85000000000002,44.47484539999999],[-68.85000000000002,44.47221259999998],[-68.85000000000002,44.45008619999999],[-68.85000000000002,44.44972969999998],[-68.85000000000002,44.44957720000002],[-68.85000000000002,44.449065700000006],[-68.85000000000002,44.44324180000001],[-68.85000000000002,44.43885210000002],[-68.85000000000002,44.437760200000014],[-68.85000000000002,44.4367613],[-68.85000000000002,44.42697989999999],[-68.85000000000002,44.42595749999998],[-68.85000000000002,44.4241131],[-68.85000000000002,44.40930270000001],[-68.85000000000002,44.40303130000001],[-68.85000000000002,44.39999999999998],[-68.86940659999999,44.39999999999998],[-68.87835969999998,44.39999999999998],[-68.8830016,44.39999999999998],[-68.89039350000002,44.39999999999998],[-68.90070939999998,44.39999999999998],[-68.9067791,44.39999999999998],[-68.90907979999997,44.39999999999998]]]}},{"type":"Feature","properties":{},"geometry":{"type":"Polygon","coordinates":[[[-68.83255630000002,44.39999999999998],[-68.84201919999998,44.39999999999998],[-68.85000000000002,44.39999999999998],[-68.85000000000002,44.40303130000001],[-68.85000000000002,44.40930270000001],[-68.85000000000002,44.4241131],[-68.85000000000002,44.42595749999998],[-68.85000000000002,44.42697989999999],[-68.85000000000002,44.4367613],[-68.85000000000002,44.437760200000014],[-68.85000000000002,44.43885210000002],[-68.85000000000002,44.44324180000001],[-68.85000000000002,44.449065700000006],[-68.85000000000002,44.44957720000002],[-68.85000000000002,44.44972969999998],[-68.85000000000002,44.45008619999999],[-68.85000000000002,44.47221259999998],[-68.85000000000002,44.47484539999999],[-68.85000000000002,44.47500000000002],[-68.83099390000001,44.47500000000002],[-68.82995140000003,44.47500000000002],[-68.82607639999998,44.47500000000002],[-68.8189375,44.47500000000002],[-68.81639189999999,44.47500000000002],[-68.81165600000003,44.47500000000002],[-68.81092819999998,44.47500000000002],[-68.81046950000001,44.47500000000002],[-68.8018002,44.47500000000002],[-68.79774730000003,44.47500000000002],[-68.79109210000001,44.47500000000002],[-68.78727880000002,44.47500000000002],[-68.78641429999999,44.47500000000002],[-68.78586200000001,44.47500000000002],[-68.78506909999999,44.47500000000002],[-68.78475580000003,44.47500000000002],[-68.78323189999998,44.47500000000002],[-68.77499999999998,44.47500000000002],[-68.77499999999998,44.40711670000002],[-68.77499999999998,44.404197899999986],[-68.77499999999998,44.40391269999998],[-68.77499999999998,44.40296660000001],[-68.77499999999998,44.402880100000004],[-68.77499999999998,44.40261370000002],[-68.77499999999998,44.40197920000003],[-68.77499999999998,44.40169589999999],[-68.77499999999998,44.401228],[-68.77499999999998,44.39999999999998],[-68.77704030000001,44.39999999999998],[-68.7795774,44.39999999999998],[-68.78157199999998,44.39999999999998],[-68.7824367,44.39999999999998],[-68.7827762,44.39999999999998],[-68.78634740000001,44.39999999999998],[-68.78660680000002,44.39999999999998],[-68.7870967,44.39999999999998],[-68.78712030000003,44.39999999999998],[-68.78726269999999,44.39999999999998],[-68.78748159999998,44.39999999999998],[-68.78753699999999,44.39999999999998],[-68.78837379999999,44.39999999999998],[-68.79100949999997,44.39999999999998],[-68.79206060000001,44.39999999999998],[-68.80307749999997,44.39999999999998],[-68.8108881,44.39999999999998],[-68.81538760000001,44.39999999999998],[-68.81602020000003,44.39999999999998],[-68.81647570000001,44.39999999999998],[-68.81778409999998,44.39999999999998],[-68.8179467,44.39999999999998],[-68.82200610000001,44.39999999999998],[-68.83255630000002,44.39999999999998]]]}},{"type":"Feature","properties":{},"geometry":{"type":"Polygon","coordinates":[[[-69.19586659999999,43.94999999999999],[-69.22500000000002,43.94999999999999],[-69.22500000000002,43.99731969999999],[-69.22500000000002,44.00068700000003],[-69.22500000000002,44.00311429999999],[-69.22500000000002,44.003865899999994],[-69.22500000000002,44.007723399999975],[-69.22500000000002,44.00987620000001],[-69.22500000000002,44.010348299999976],[-69.22500000000002,44.011075500000004],[-69.22500000000002,44.012021300000015],[-69.22500000000002,44.01233980000001],[-69.22500000000002,44.01314839999998],[-69.22500000000002,44.0147915],[-69.22500000000002,44.02499999999998],[-69.21343910000002,44.02499999999998],[-69.21323159999997,44.02499999999998],[-69.21168219999998,44.02499999999998],[-69.21140580000002,44.02499999999998],[-69.2112621,44.02499999999998],[-69.20957870000001,44.02499999999998],[-69.20878529999999,44.02499999999998],[-69.20829300000003,44.02499999999998],[-69.20805250000001,44.02499999999998],[-69.20779169999997,44.02499999999998],[-69.20650490000003,44.02499999999998],[-69.20579880000003,44.02499999999998],[-69.20520699999997,44.02499999999998],[-69.20514329999997,44.02499999999998],[-69.18288999999999,44.02499999999998],[-69.14999999999998,44.02499999999998],[-69.14999999999998,44.00251730000002],[-69.14999999999998,44.00200460000002],[-69.14999999999998,44.00122529999999],[-69.14999999999998,44.00010959999997],[-69.14999999999998,43.99831139999998],[-69.14999999999998,43.997699599999976],[-69.14999999999998,43.997039599999994],[-69.14999999999998,43.996631200000024],[-69.14999999999998,43.9958656],[-69.14999999999998,43.9956545],[-69.14999999999998,43.99516010000002],[-69.14999999999998,43.99360039999999],[-69.14999999999998,43.99311719999997],[-69.14999999999998,43.9919261],[-69.14999999999998,43.988995699999975],[-69.14999999999998,43.988966000000005],[-69.14999999999998,43.987448900000004],[-69.14999999999998,43.98682969999999],[-69.14999999999998,43.986482799999976],[-69.14999999999998,43.9862354],[-69.14999999999998,43.98505269999998],[-69.14999999999998,43.9843386],[-69.14999999999998,43.981027600000004],[-69.14999999999998,43.98085209999999],[-69.14999999999998,43.97887639999999],[-69.14999999999998,43.978769899999975],[-69.14999999999998,43.977889000000005],[-69.14999999999998,43.97657600000002],[-69.14999999999998,43.97647979999999],[-69.14999999999998,43.976267699999994],[-69.14999999999998,43.975420199999974],[-69.14999999999998,43.97194009999998],[-69.14999999999998,43.971752700000025],[-69.14999999999998,43.9715544],[-69.14999999999998,43.970747700000004],[-69.14999999999998,43.97056250000003],[-69.14999999999998,43.94999999999999],[-69.16656230000001,43.94999999999999],[-69.1699069,43.94999999999999],[-69.18231409999999,43.94999999999999],[-69.18365210000002,43.94999999999999],[-69.1874669,43.94999999999999],[-69.19009519999997,43.94999999999999],[-69.19041800000002,43.94999999999999],[-69.19083219999999,43.94999999999999],[-69.19091150000003,43.94999999999999],[-69.19168079999997,43.94999999999999],[-69.19209230000001,43.94999999999999],[-69.195131,43.94999999999999],[-69.19525670000002,43.94999999999999],[-69.19553480000002,43.94999999999999],[-69.19586659999999,43.94999999999999]]]}},{"type":"Feature","properties":{},"geometry":{"type":"Polygon","coordinates":[[[-69.21343910000002,44.02499999999998],[-69.22500000000002,44.02499999999998],[-69.22500000000002,44.09106480000003],[-69.22500000000002,44.09170089999998],[-69.22500000000002,44.09219469999999],[-69.22500000000002,44.0927605],[-69.22500000000002,44.10000000000002],[-69.19984470000003,44.10000000000002],[-69.19960509999999,44.10000000000002],[-69.18288999999999,44.10000000000002],[-69.15217819999998,44.10000000000002],[-69.14999999999998,44.10000000000002],[-69.14999999999998,44.05288839999997],[-69.14999999999998,44.02499999999998],[-69.18288999999999,44.02499999999998],[-69.20514329999997,44.02499999999998],[-69.20520699999997,44.02499999999998],[-69.20579880000003,44.02499999999998],[-69.20650490000003,44.02499999999998],[-69.20779169999997,44.02499999999998],[-69.20805250000001,44.02499999999998],[-69.20829300000003,44.02499999999998],[-69.20878529999999,44.02499999999998],[-69.20957870000001,44.02499999999998],[-69.2112621,44.02499999999998],[-69.21140580000002,44.02499999999998],[-69.21168219999998,44.02499999999998],[-69.21323159999997,44.02499999999998],[-69.21343910000002,44.02499999999998]]]}},{"type":"Feature","properties":{},"geometry":{"type":"Polygon","coordinates":[[[-68.625,44.101847899999996],[-68.625,44.102123199999994],[-68.625,44.10232100000002],[-68.625,44.10446080000003],[-68.625,44.10658960000001],[-68.625,44.10698500000001],[-68.625,44.10726490000002],[-68.625,44.108823099999995],[-68.625,44.10967879999998],[-68.625,44.10984639999998],[-68.625,44.11034169999999],[-68.625,44.11179820000001],[-68.625,44.11254200000002],[-68.625,44.11381940000001],[-68.625,44.11399990000001],[-68.625,44.11751149999998],[-68.625,44.118174099999976],[-68.625,44.11992029999999],[-68.625,44.121110199999976],[-68.625,44.121538699999974],[-68.625,44.1215565],[-68.625,44.121730300000024],[-68.625,44.12543360000001],[-68.625,44.12566190000001],[-68.625,44.125932999999975],[-68.625,44.1260618],[-68.625,44.12619619999998],[-68.625,44.13187119999998],[-68.625,44.133690899999976],[-68.625,44.13519359999998],[-68.625,44.13551910000001],[-68.625,44.1369684],[-68.625,44.1387259],[-68.625,44.13954899999999],[-68.625,44.139926100000025],[-68.625,44.14000549999997],[-68.625,44.1400271],[-68.625,44.140566999999976],[-68.625,44.14072169999997],[-68.625,44.14106029999999],[-68.625,44.141767200000004],[-68.625,44.142068600000016],[-68.625,44.1422498],[-68.625,44.14248459999999],[-68.625,44.14277920000001],[-68.625,44.142909599999996],[-68.625,44.14303380000001],[-68.625,44.1447488],[-68.625,44.14707440000001],[-68.625,44.147389499999974],[-68.625,44.14753969999998],[-68.625,44.147693000000004],[-68.625,44.148301300000014],[-68.625,44.14900260000002],[-68.625,44.14909560000001],[-68.625,44.1493079],[-68.625,44.14990610000001],[-68.625,44.150014399999975],[-68.625,44.15016659999998],[-68.625,44.152254700000015],[-68.625,44.156975999999986],[-68.625,44.1582985],[-68.625,44.16093110000003],[-68.625,44.16142239999999],[-68.625,44.16165890000002],[-68.625,44.16192410000002],[-68.625,44.16246849999999],[-68.625,44.162743999999975],[-68.625,44.16340250000002],[-68.625,44.16361979999999],[-68.625,44.163677199999995],[-68.625,44.16382390000001],[-68.625,44.16409249999998],[-68.625,44.167759699999976],[-68.625,44.169522700000016],[-68.625,44.1696412],[-68.625,44.17132099999998],[-68.625,44.17151000000001],[-68.625,44.17246319999998],[-68.625,44.17313300000001],[-68.625,44.17500000000001],[-68.62390440000001,44.17500000000001],[-68.62328389999999,44.17500000000001],[-68.62237800000003,44.17500000000001],[-68.61961100000002,44.17500000000001],[-68.61811340000003,44.17500000000001],[-68.61438700000002,44.17500000000001],[-68.61196489999998,44.17500000000001],[-68.61054330000002,44.17500000000001],[-68.6089781,44.17500000000001],[-68.60888210000002,44.17500000000001],[-68.6086846,44.17500000000001],[-68.60825249999999,44.17500000000001],[-68.6072653,44.17500000000001],[-68.60644539999998,44.17500000000001],[-68.6063307,44.17500000000001],[-68.60505060000003,44.17500000000001],[-68.6047671,44.17500000000001],[-68.60407600000002,44.17500000000001],[-68.60305679999999,44.17500000000001],[-68.60225600000001,44.17500000000001],[-68.5997673,44.17500000000001],[-68.59763550000002,44.17500000000001],[-68.59655579999998,44.17500000000001],[-68.5963233,44.17500000000001],[-68.57905340000002,44.17500000000001],[-68.57857899999999,44.17500000000001],[-68.56877939999998,44.17500000000001],[-68.56781799999999,44.17500000000001],[-68.55949679999998,44.17500000000001],[-68.55204379999998,44.17500000000001],[-68.550522,44.17500000000001],[-68.55000000000001,44.17500000000001],[-68.55000000000001,44.17474010000001],[-68.55000000000001,44.172854099999995],[-68.55000000000001,44.172602100000006],[-68.55000000000001,44.171869300000026],[-68.55000000000001,44.17059790000002],[-68.55000000000001,44.17017320000002],[-68.55000000000001,44.16877240000002],[-68.55000000000001,44.1680983],[-68.55000000000001,44.16740060000001],[-68.55000000000001,44.16738379999998],[-68.55000000000001,44.1670039],[-68.55000000000001,44.166005900000016],[-68.55000000000001,44.16354230000002],[-68.55000000000001,44.1573654],[-68.55000000000001,44.14983410000002],[-68.55000000000001,44.13390099999998],[-68.55000000000001,44.13239420000002],[-68.55000000000001,44.131711499999994],[-68.55000000000001,44.131055],[-68.55000000000001,44.12969909999998],[-68.55000000000001,44.1258388],[-68.55000000000001,44.12525019999998],[-68.55000000000001,44.12186320000001],[-68.55000000000001,44.120633199999986],[-68.55000000000001,44.11949600000003],[-68.55000000000001,44.11895179999999],[-68.55000000000001,44.117798300000004],[-68.55000000000001,44.11756300000002],[-68.55000000000001,44.10616520000002],[-68.55000000000001,44.10000000000002],[-68.56069050000002,44.10000000000002],[-68.56135080000001,44.10000000000002],[-68.56195589999999,44.10000000000002],[-68.5629065,44.10000000000002],[-68.56319930000001,44.10000000000002],[-68.56394610000001,44.10000000000002],[-68.5643733,44.10000000000002],[-68.56547330000001,44.10000000000002],[-68.56618350000002,44.10000000000002],[-68.5666357,44.10000000000002],[-68.56723090000003,44.10000000000002],[-68.5696213,44.10000000000002],[-68.57015189999998,44.10000000000002],[-68.57047219999998,44.10000000000002],[-68.57083269999998,44.10000000000002],[-68.57105389999998,44.10000000000002],[-68.57168789999997,44.10000000000002],[-68.57178119999998,44.10000000000002],[-68.57190020000002,44.10000000000002],[-68.57704080000002,44.10000000000002],[-68.5775463,44.10000000000002],[-68.57822390000001,44.10000000000002],[-68.57947689999997,44.10000000000002],[-68.58029920000001,44.10000000000002],[-68.58591860000001,44.10000000000002],[-68.58800839999998,44.10000000000002],[-68.5923027,44.10000000000002],[-68.59688310000001,44.10000000000002],[-68.60121040000001,44.10000000000002],[-68.60584990000001,44.10000000000002],[-68.6082197,44.10000000000002],[-68.60916049999997,44.10000000000002],[-68.61372080000001,44.10000000000002],[-68.6150366,44.10000000000002],[-68.6174459,44.10000000000002],[-68.61988789999998,44.10000000000002],[-68.6215085,44.10000000000002],[-68.6222775,44.10000000000002],[-68.62261769999998,44.10000000000002],[-68.62329290000002,44.10000000000002],[-68.6244878,44.10000000000002],[-68.625,44.10000000000002],[-68.625,44.101847899999996]]]}},{"type":"Feature","properties":{},"geometry":{"type":"Polygon","coordinates":[[[-68.55000000000001,44.10616520000002],[-68.55000000000001,44.11756300000002],[-68.55000000000001,44.117798300000004],[-68.55000000000001,44.11895179999999],[-68.55000000000001,44.11949600000003],[-68.55000000000001,44.120633199999986],[-68.55000000000001,44.12186320000001],[-68.55000000000001,44.12525019999998],[-68.55000000000001,44.1258388],[-68.55000000000001,44.12969909999998],[-68.55000000000001,44.131055],[-68.55000000000001,44.131711499999994],[-68.55000000000001,44.13239420000002],[-68.55000000000001,44.13390099999998],[-68.55000000000001,44.14983410000002],[-68.55000000000001,44.1573654],[-68.55000000000001,44.16354230000002],[-68.55000000000001,44.166005900000016],[-68.55000000000001,44.1670039],[-68.55000000000001,44.16738379999998],[-68.55000000000001,44.16740060000001],[-68.55000000000001,44.1680983],[-68.55000000000001,44.16877240000002],[-68.55000000000001,44.17017320000002],[-68.55000000000001,44.17059790000002],[-68.55000000000001,44.171869300000026],[-68.55000000000001,44.172602100000006],[-68.55000000000001,44.172854099999995],[-68.55000000000001,44.17474010000001],[-68.55000000000001,44.17500000000001],[-68.54941559999997,44.17500000000001],[-68.54773010000002,44.17500000000001],[-68.5474226,44.17500000000001],[-68.52505559999997,44.17500000000001],[-68.52310299999999,44.17500000000001],[-68.51392329999999,44.17500000000001],[-68.5115973,44.17500000000001],[-68.51036959999999,44.17500000000001],[-68.507747,44.17500000000001],[-68.5016948,44.17500000000001],[-68.4983547,44.17500000000001],[-68.4935686,44.17500000000001],[-68.48733240000001,44.17500000000001],[-68.4870846,44.17500000000001],[-68.48691819999999,44.17500000000001],[-68.48673100000002,44.17500000000001],[-68.48599919999998,44.17500000000001],[-68.48357679999998,44.17500000000001],[-68.48259200000001,44.17500000000001],[-68.47639040000001,44.17500000000001],[-68.47500000000002,44.17500000000001],[-68.47500000000002,44.173698100000024],[-68.47500000000002,44.17203280000001],[-68.47500000000002,44.171456999999975],[-68.47500000000002,44.16987610000001],[-68.47500000000002,44.167121099999974],[-68.47500000000002,44.166947300000004],[-68.47500000000002,44.162087199999974],[-68.47500000000002,44.161717399999986],[-68.47500000000002,44.1609952],[-68.47500000000002,44.16079830000001],[-68.47500000000002,44.15565609999999],[-68.47500000000002,44.1553399],[-68.47500000000002,44.15488379999999],[-68.47500000000002,44.15357340000003],[-68.47500000000002,44.15273769999999],[-68.47500000000002,44.152172500000006],[-68.47500000000002,44.1514621],[-68.47500000000002,44.150833499999976],[-68.47500000000002,44.15005339999999],[-68.47500000000002,44.149740099999974],[-68.47500000000002,44.14954560000001],[-68.47500000000002,44.14942530000002],[-68.47500000000002,44.14890609999998],[-68.47500000000002,44.14839089999998],[-68.47500000000002,44.1476035],[-68.47500000000002,44.13809309999999],[-68.47500000000002,44.13575320000001],[-68.47500000000002,44.1312441],[-68.47500000000002,44.13062359999998],[-68.47500000000002,44.128749200000016],[-68.47500000000002,44.12140069999998],[-68.47500000000002,44.11439789999997],[-68.47500000000002,44.11014610000001],[-68.47500000000002,44.10933590000002],[-68.47500000000002,44.10904849999997],[-68.47500000000002,44.1086009],[-68.47500000000002,44.10793890000002],[-68.47500000000002,44.1078258],[-68.47500000000002,44.10764110000002],[-68.47500000000002,44.104287699999986],[-68.47500000000002,44.1034128],[-68.47500000000002,44.1029274],[-68.47500000000002,44.10270409999998],[-68.47500000000002,44.10230710000002],[-68.47500000000002,44.10000000000002],[-68.4772074,44.10000000000002],[-68.47834820000003,44.10000000000002],[-68.47841369999998,44.10000000000002],[-68.4786345,44.10000000000002],[-68.4788446,44.10000000000002],[-68.47912430000002,44.10000000000002],[-68.48345080000001,44.10000000000002],[-68.4880392,44.10000000000002],[-68.50121810000002,44.10000000000002],[-68.50158449999998,44.10000000000002],[-68.50191519999998,44.10000000000002],[-68.502161,44.10000000000002],[-68.50295469999998,44.10000000000002],[-68.5052708,44.10000000000002],[-68.5058707,44.10000000000002],[-68.50637119999999,44.10000000000002],[-68.50717359999999,44.10000000000002],[-68.50790590000003,44.10000000000002],[-68.50855469999999,44.10000000000002],[-68.5122591,44.10000000000002],[-68.51297779999999,44.10000000000002],[-68.51318400000002,44.10000000000002],[-68.51339769999998,44.10000000000002],[-68.51345170000002,44.10000000000002],[-68.5151358,44.10000000000002],[-68.51573100000002,44.10000000000002],[-68.51610699999998,44.10000000000002],[-68.51665480000003,44.10000000000002],[-68.5179607,44.10000000000002],[-68.52184690000001,44.10000000000002],[-68.53031220000003,44.10000000000002],[-68.53124439999999,44.10000000000002],[-68.53615380000002,44.10000000000002],[-68.54111080000001,44.10000000000002],[-68.55000000000001,44.10000000000002],[-68.55000000000001,44.10616520000002]]]}},{"type":"Feature","properties":{},"geometry":{"type":"Polygon","coordinates":[[[-68.625,44.178491399999984],[-68.625,44.17874139999998],[-68.625,44.18052749999998],[-68.625,44.18057750000003],[-68.625,44.193256599999984],[-68.625,44.19394349999999],[-68.625,44.194343100000026],[-68.625,44.19482909999999],[-68.625,44.19523079999999],[-68.625,44.19645000000003],[-68.625,44.19656629999997],[-68.625,44.19658229999999],[-68.625,44.19748729999998],[-68.625,44.19789320000001],[-68.625,44.198091999999974],[-68.625,44.19849829999998],[-68.625,44.19861580000003],[-68.625,44.19890400000003],[-68.625,44.199413600000014],[-68.625,44.199534700000015],[-68.625,44.19961260000002],[-68.625,44.1996724],[-68.625,44.199819400000024],[-68.625,44.199895200000014],[-68.625,44.204995999999994],[-68.625,44.205688599999974],[-68.625,44.206090200000006],[-68.625,44.206778499999984],[-68.625,44.21041530000002],[-68.625,44.21094240000002],[-68.625,44.21110420000002],[-68.625,44.21556720000001],[-68.625,44.2157924],[-68.625,44.21583049999998],[-68.625,44.21586000000002],[-68.625,44.218685300000004],[-68.625,44.21872000000002],[-68.625,44.218916200000024],[-68.625,44.2192263],[-68.625,44.21956560000001],[-68.625,44.21969580000001],[-68.625,44.219764],[-68.625,44.21986270000002],[-68.625,44.219903699999975],[-68.625,44.22006010000001],[-68.625,44.22021649999999],[-68.625,44.220291799999984],[-68.625,44.22058929999997],[-68.625,44.221501699999976],[-68.625,44.22248689999998],[-68.625,44.2227843],[-68.625,44.22361119999999],[-68.625,44.22403350000002],[-68.625,44.22564799999998],[-68.625,44.2261163],[-68.625,44.22627499999999],[-68.625,44.22685799999999],[-68.625,44.22813910000002],[-68.625,44.22813980000001],[-68.625,44.22814720000002],[-68.625,44.22814790000001],[-68.625,44.2289007],[-68.625,44.23133919999998],[-68.625,44.23134240000002],[-68.625,44.2315552],[-68.625,44.2320143],[-68.625,44.23265140000001],[-68.625,44.23344320000001],[-68.625,44.23344400000002],[-68.625,44.2336191],[-68.625,44.23366850000002],[-68.625,44.23391779999997],[-68.625,44.23391839999999],[-68.625,44.23396200000002],[-68.625,44.23405709999997],[-68.625,44.23407329999998],[-68.625,44.23462030000002],[-68.625,44.23462039999998],[-68.625,44.23498740000002],[-68.625,44.2354459],[-68.625,44.23579130000002],[-68.625,44.23599569999999],[-68.625,44.23602039999997],[-68.625,44.241472199999976],[-68.625,44.25],[-68.6196243,44.25],[-68.6182809,44.25],[-68.61816470000002,44.25],[-68.61745359999998,44.25],[-68.61636270000002,44.25],[-68.61567539999999,44.25],[-68.61550870000002,44.25],[-68.6151357,44.25],[-68.6150634,44.25],[-68.6148048,44.25],[-68.61479739999999,44.25],[-68.61470539999999,44.25],[-68.6146243,44.25],[-68.61441489999999,44.25],[-68.61414769999999,44.25],[-68.61405400000001,44.25],[-68.61270630000001,44.25],[-68.6065714,44.25],[-68.60651669999999,44.25],[-68.60631039999998,44.25],[-68.60449749999998,44.25],[-68.60417419999999,44.25],[-68.60023719999998,44.25],[-68.5993044,44.25],[-68.59924139999998,44.25],[-68.59838430000002,44.25],[-68.59796870000002,44.25],[-68.59749599999998,44.25],[-68.597262,44.25],[-68.5972243,44.25],[-68.59695249999999,44.25],[-68.59672230000001,44.25],[-68.59615810000003,44.25],[-68.59567650000002,44.25],[-68.5955323,44.25],[-68.5954395,44.25],[-68.5949521,44.25],[-68.59347400000001,44.25],[-68.59347009999999,44.25],[-68.5906412,44.25],[-68.5906402,44.25],[-68.59058870000001,44.25],[-68.59047340000001,44.25],[-68.5904114,44.25],[-68.59014660000003,44.25],[-68.58979119999998,44.25],[-68.58972740000002,44.25],[-68.58969860000002,44.25],[-68.58946850000001,44.25],[-68.5891398,44.25],[-68.58881109999999,44.25],[-68.58751319999999,44.25],[-68.58734650000002,44.25],[-68.5866274,44.25],[-68.58619520000002,44.25],[-68.58601019999998,44.25],[-68.58594549999998,44.25],[-68.58594210000001,44.25],[-68.58544769999997,44.25],[-68.58524089999997,44.25],[-68.585172,44.25],[-68.58446729999997,44.25],[-68.58270060000001,44.25],[-68.58220360000001,44.25],[-68.5821168,44.25],[-68.58182950000003,44.25],[-68.58171370000002,44.25],[-68.58136539999998,44.25],[-68.581077,44.25],[-68.5801037,44.25],[-68.5799548,44.25],[-68.57986,44.25],[-68.57977249999999,44.25],[-68.57969120000001,44.25],[-68.5796851,44.25],[-68.5796588,44.25],[-68.57929389999998,44.25],[-68.57885190000002,44.25],[-68.57870489999999,44.25],[-68.57818379999998,44.25],[-68.57806069999998,44.25],[-68.5770177,44.25],[-68.5768526,44.25],[-68.57550170000002,44.25],[-68.57454360000003,44.25],[-68.57438830000001,44.25],[-68.57423290000003,44.25],[-68.57388900000001,44.25],[-68.57384990000003,44.25],[-68.57354500000002,44.25],[-68.57348990000003,44.25],[-68.57340140000002,44.25],[-68.5732961,44.25],[-68.57325780000002,44.25],[-68.5696077,44.25],[-68.56946520000002,44.25],[-68.56937850000003,44.25],[-68.56901479999999,44.25],[-68.5681037,44.25],[-68.5677374,44.25],[-68.56496770000001,44.25],[-68.55000000000001,44.25],[-68.55000000000001,44.246623399999976],[-68.55000000000001,44.24638090000002],[-68.55000000000001,44.24632270000001],[-68.55000000000001,44.24602909999999],[-68.55000000000001,44.246026900000004],[-68.55000000000001,44.24571900000001],[-68.55000000000001,44.2452591],[-68.55000000000001,44.24493530000001],[-68.55000000000001,44.24485550000003],[-68.55000000000001,44.2448531],[-68.55000000000001,44.24174420000003],[-68.55000000000001,44.24173689999998],[-68.55000000000001,44.241472199999976],[-68.55000000000001,44.24147119999998],[-68.55000000000001,44.24133069999999],[-68.55000000000001,44.24119009999998],[-68.55000000000001,44.24048549999998],[-68.55000000000001,44.24034879999999],[-68.55000000000001,44.23996490000002],[-68.55000000000001,44.239961900000026],[-68.55000000000001,44.239178700000025],[-68.55000000000001,44.23917110000002],[-68.55000000000001,44.23560149999997],[-68.55000000000001,44.23472049999998],[-68.55000000000001,44.234716400000025],[-68.55000000000001,44.23463400000003],[-68.55000000000001,44.233959500000026],[-68.55000000000001,44.23356749999999],[-68.55000000000001,44.23351939999998],[-68.55000000000001,44.233205999999996],[-68.55000000000001,44.23313139999999],[-68.55000000000001,44.233013200000016],[-68.55000000000001,44.23292129999999],[-68.55000000000001,44.231973400000015],[-68.55000000000001,44.2304297],[-68.55000000000001,44.23008979999997],[-68.55000000000001,44.229749200000015],[-68.55000000000001,44.22895349999999],[-68.55000000000001,44.22882240000001],[-68.55000000000001,44.228736000000026],[-68.55000000000001,44.22860539999999],[-68.55000000000001,44.22858439999999],[-68.55000000000001,44.22858239999999],[-68.55000000000001,44.22775610000002],[-68.55000000000001,44.227754300000015],[-68.55000000000001,44.22511850000001],[-68.55000000000001,44.22480760000002],[-68.55000000000001,44.224761],[-68.55000000000001,44.224394099999984],[-68.55000000000001,44.22299420000002],[-68.55000000000001,44.22259550000001],[-68.55000000000001,44.22247420000002],[-68.55000000000001,44.2223242],[-68.55000000000001,44.22161510000001],[-68.55000000000001,44.2212136],[-68.55000000000001,44.22108129999998],[-68.55000000000001,44.22092679999997],[-68.55000000000001,44.220127400000024],[-68.55000000000001,44.21680450000002],[-68.55000000000001,44.21611419999999],[-68.55000000000001,44.215527099999974],[-68.55000000000001,44.214822200000015],[-68.55000000000001,44.21441220000003],[-68.55000000000001,44.213930300000015],[-68.55000000000001,44.213645299999996],[-68.55000000000001,44.21271380000002],[-68.55000000000001,44.21231979999999],[-68.55000000000001,44.210584100000005],[-68.55000000000001,44.21001660000002],[-68.55000000000001,44.205380400000024],[-68.55000000000001,44.204509400000006],[-68.55000000000001,44.20417629999997],[-68.55000000000001,44.20301869999997],[-68.55000000000001,44.202855699999986],[-68.55000000000001,44.199819400000024],[-68.55000000000001,44.199433],[-68.55000000000001,44.199319100000025],[-68.55000000000001,44.19923299999999],[-68.55000000000001,44.1988336],[-68.55000000000001,44.19866330000002],[-68.55000000000001,44.1981007],[-68.55000000000001,44.19791570000001],[-68.55000000000001,44.19744420000001],[-68.55000000000001,44.196913600000016],[-68.55000000000001,44.195740899999976],[-68.55000000000001,44.19560250000001],[-68.55000000000001,44.195062199999995],[-68.55000000000001,44.194319699999994],[-68.55000000000001,44.19429500000001],[-68.55000000000001,44.1940975],[-68.55000000000001,44.19175949999999],[-68.55000000000001,44.19069639999998],[-68.55000000000001,44.1884311],[-68.55000000000001,44.18767459999998],[-68.55000000000001,44.18767070000001],[-68.55000000000001,44.18602729999998],[-68.55000000000001,44.185134300000016],[-68.55000000000001,44.183118200000024],[-68.55000000000001,44.17835919999999],[-68.55000000000001,44.17544880000003],[-68.55000000000001,44.17500000000001],[-68.550522,44.17500000000001],[-68.55204379999998,44.17500000000001],[-68.55949679999998,44.17500000000001],[-68.56781799999999,44.17500000000001],[-68.56877939999998,44.17500000000001],[-68.57857899999999,44.17500000000001],[-68.57905340000002,44.17500000000001],[-68.5963233,44.17500000000001],[-68.59655579999998,44.17500000000001],[-68.59763550000002,44.17500000000001],[-68.5997673,44.17500000000001],[-68.60225600000001,44.17500000000001],[-68.60305679999999,44.17500000000001],[-68.60407600000002,44.17500000000001],[-68.6047671,44.17500000000001],[-68.60505060000003,44.17500000000001],[-68.6063307,44.17500000000001],[-68.60644539999998,44.17500000000001],[-68.6072653,44.17500000000001],[-68.60825249999999,44.17500000000001],[-68.6086846,44.17500000000001],[-68.60888210000002,44.17500000000001],[-68.6089781,44.17500000000001],[-68.61054330000002,44.17500000000001],[-68.61196489999998,44.17500000000001],[-68.61438700000002,44.17500000000001],[-68.61811340000003,44.17500000000001],[-68.61961100000002,44.17500000000001],[-68.62237800000003,44.17500000000001],[-68.62328389999999,44.17500000000001],[-68.62390440000001,44.17500000000001],[-68.625,44.17500000000001],[-68.625,44.178491399999984]]]}},{"type":"Feature","properties":{},"geometry":{"type":"Polygon","coordinates":[[[-68.55000000000001,44.17544880000003],[-68.55000000000001,44.17835919999999],[-68.55000000000001,44.183118200000024],[-68.55000000000001,44.185134300000016],[-68.55000000000001,44.18602729999998],[-68.55000000000001,44.18767070000001],[-68.55000000000001,44.18767459999998],[-68.55000000000001,44.1884311],[-68.55000000000001,44.19069639999998],[-68.55000000000001,44.19175949999999],[-68.55000000000001,44.1940975],[-68.55000000000001,44.19429500000001],[-68.55000000000001,44.194319699999994],[-68.55000000000001,44.195062199999995],[-68.55000000000001,44.19560250000001],[-68.55000000000001,44.195740899999976],[-68.55000000000001,44.196913600000016],[-68.55000000000001,44.19744420000001],[-68.55000000000001,44.19791570000001],[-68.55000000000001,44.1981007],[-68.55000000000001,44.19866330000002],[-68.55000000000001,44.1988336],[-68.55000000000001,44.19923299999999],[-68.55000000000001,44.199319100000025],[-68.55000000000001,44.199433],[-68.55000000000001,44.199819400000024],[-68.55000000000001,44.202855699999986],[-68.55000000000001,44.20301869999997],[-68.55000000000001,44.20417629999997],[-68.55000000000001,44.204509400000006],[-68.55000000000001,44.205380400000024],[-68.55000000000001,44.21001660000002],[-68.55000000000001,44.210584100000005],[-68.55000000000001,44.21231979999999],[-68.55000000000001,44.21271380000002],[-68.55000000000001,44.213645299999996],[-68.55000000000001,44.213930300000015],[-68.55000000000001,44.21441220000003],[-68.55000000000001,44.214822200000015],[-68.55000000000001,44.215527099999974],[-68.55000000000001,44.21611419999999],[-68.55000000000001,44.21680450000002],[-68.55000000000001,44.220127400000024],[-68.55000000000001,44.22092679999997],[-68.55000000000001,44.22108129999998],[-68.55000000000001,44.2212136],[-68.55000000000001,44.22161510000001],[-68.55000000000001,44.2223242],[-68.55000000000001,44.22247420000002],[-68.55000000000001,44.22259550000001],[-68.55000000000001,44.22299420000002],[-68.55000000000001,44.224394099999984],[-68.55000000000001,44.224761],[-68.55000000000001,44.22480760000002],[-68.55000000000001,44.22511850000001],[-68.55000000000001,44.227754300000015],[-68.55000000000001,44.22858439999999],[-68.55000000000001,44.22860539999999],[-68.55000000000001,44.228736000000026],[-68.55000000000001,44.22882240000001],[-68.55000000000001,44.22895349999999],[-68.55000000000001,44.229749200000015],[-68.55000000000001,44.23008979999997],[-68.55000000000001,44.2304297],[-68.55000000000001,44.231973400000015],[-68.55000000000001,44.23292129999999],[-68.55000000000001,44.233013200000016],[-68.55000000000001,44.23313139999999],[-68.55000000000001,44.233205999999996],[-68.55000000000001,44.23351939999998],[-68.55000000000001,44.23356749999999],[-68.55000000000001,44.233959500000026],[-68.55000000000001,44.23463400000003],[-68.55000000000001,44.234716400000025],[-68.55000000000001,44.23472049999998],[-68.55000000000001,44.23560149999997],[-68.55000000000001,44.23917110000002],[-68.55000000000001,44.239178700000025],[-68.55000000000001,44.239961900000026],[-68.55000000000001,44.24048549999998],[-68.55000000000001,44.24119009999998],[-68.55000000000001,44.241472199999976],[-68.55000000000001,44.24174420000003],[-68.55000000000001,44.2448531],[-68.55000000000001,44.2452591],[-68.55000000000001,44.24571900000001],[-68.55000000000001,44.246026900000004],[-68.55000000000001,44.24632270000001],[-68.55000000000001,44.246623399999976],[-68.55000000000001,44.25],[-68.5300866,44.25],[-68.5272402,44.25],[-68.52723359999999,44.25],[-68.52709320000002,44.25],[-68.52664119999997,44.25],[-68.52579300000002,44.25],[-68.525511,44.25],[-68.52550029999998,44.25],[-68.52522670000002,44.25],[-68.52461310000001,44.25],[-68.5081639,44.25],[-68.50714870000002,44.25],[-68.50524009999998,44.25],[-68.50440550000002,44.25],[-68.5029887,44.25],[-68.50181930000002,44.25],[-68.50155160000003,44.25],[-68.5006457,44.25],[-68.49898569999999,44.25],[-68.49744980000003,44.25],[-68.49722750000001,44.25],[-68.49677700000001,44.25],[-68.49630280000002,44.25],[-68.49329060000002,44.25],[-68.4925991,44.25],[-68.49110810000002,44.25],[-68.4905149,44.25],[-68.4882943,44.25],[-68.48376280000002,44.25],[-68.47500000000002,44.25],[-68.47500000000002,44.241472199999976],[-68.47500000000002,44.24023599999998],[-68.47500000000002,44.237878799999976],[-68.47500000000002,44.2358873],[-68.47500000000002,44.235001899999986],[-68.47500000000002,44.234073799999976],[-68.47500000000002,44.232741799999985],[-68.47500000000002,44.2326425],[-68.47500000000002,44.23135129999997],[-68.47500000000002,44.23049780000002],[-68.47500000000002,44.229111999999986],[-68.47500000000002,44.22674289999998],[-68.47500000000002,44.21920260000002],[-68.47500000000002,44.21904030000002],[-68.47500000000002,44.21852639999997],[-68.47500000000002,44.21789230000002],[-68.47500000000002,44.217800899999986],[-68.47500000000002,44.217734500000006],[-68.47500000000002,44.217189700000006],[-68.47500000000002,44.21680900000001],[-68.47500000000002,44.21643940000001],[-68.47500000000002,44.21608459999999],[-68.47500000000002,44.2159082],[-68.47500000000002,44.21554500000002],[-68.47500000000002,44.214877899999976],[-68.47500000000002,44.213357299999984],[-68.47500000000002,44.21253419999999],[-68.47500000000002,44.20996869999999],[-68.47500000000002,44.20967940000003],[-68.47500000000002,44.20906739999998],[-68.47500000000002,44.20507730000003],[-68.47500000000002,44.2047809],[-68.47500000000002,44.20466950000002],[-68.47500000000002,44.20261540000001],[-68.47500000000002,44.20202410000002],[-68.47500000000002,44.20194350000003],[-68.47500000000002,44.20128740000001],[-68.47500000000002,44.199900300000024],[-68.47500000000002,44.19943189999998],[-68.47500000000002,44.196916499999986],[-68.47500000000002,44.19684080000002],[-68.47500000000002,44.19627589999999],[-68.47500000000002,44.19597049999999],[-68.47500000000002,44.19580070000001],[-68.47500000000002,44.19463880000001],[-68.47500000000002,44.19453770000001],[-68.47500000000002,44.19267300000001],[-68.47500000000002,44.192090699999994],[-68.47500000000002,44.19047189999998],[-68.47500000000002,44.18933879999997],[-68.47500000000002,44.18894640000002],[-68.47500000000002,44.188888099999986],[-68.47500000000002,44.1884225],[-68.47500000000002,44.18812070000001],[-68.47500000000002,44.1880079],[-68.47500000000002,44.18787020000002],[-68.47500000000002,44.18765509999997],[-68.47500000000002,44.187114699999995],[-68.47500000000002,44.186802399999976],[-68.47500000000002,44.18669619999997],[-68.47500000000002,44.18633849999998],[-68.47500000000002,44.18611850000002],[-68.47500000000002,44.185917399999994],[-68.47500000000002,44.185738800000024],[-68.47500000000002,44.185432400000025],[-68.47500000000002,44.18535659999998],[-68.47500000000002,44.184555999999986],[-68.47500000000002,44.18437690000002],[-68.47500000000002,44.18380719999999],[-68.47500000000002,44.183701799999994],[-68.47500000000002,44.1830789],[-68.47500000000002,44.18279560000002],[-68.47500000000002,44.18244970000001],[-68.47500000000002,44.1780028],[-68.47500000000002,44.177910499999996],[-68.47500000000002,44.177176599999996],[-68.47500000000002,44.17690620000002],[-68.47500000000002,44.1768907],[-68.47500000000002,44.176647100000025],[-68.47500000000002,44.176126899999986],[-68.47500000000002,44.175106700000015],[-68.47500000000002,44.17500000000001],[-68.47639040000001,44.17500000000001],[-68.48259200000001,44.17500000000001],[-68.48357679999998,44.17500000000001],[-68.48599919999998,44.17500000000001],[-68.48673100000002,44.17500000000001],[-68.48691819999999,44.17500000000001],[-68.4870846,44.17500000000001],[-68.48733240000001,44.17500000000001],[-68.4935686,44.17500000000001],[-68.4983547,44.17500000000001],[-68.5016948,44.17500000000001],[-68.507747,44.17500000000001],[-68.51036959999999,44.17500000000001],[-68.5115973,44.17500000000001],[-68.51392329999999,44.17500000000001],[-68.52310299999999,44.17500000000001],[-68.52505559999997,44.17500000000001],[-68.5474226,44.17500000000001],[-68.54773010000002,44.17500000000001],[-68.54941559999997,44.17500000000001],[-68.55000000000001,44.17500000000001],[-68.55000000000001,44.17544880000003]]]}},{"type":"Feature","properties":{},"geometry":{"type":"Polygon","coordinates":[[[-68.47488019999997,44.17500000000001],[-68.47500000000002,44.17500000000001],[-68.47500000000002,44.175106700000015],[-68.47500000000002,44.176126899999986],[-68.47500000000002,44.176647100000025],[-68.47500000000002,44.1768907],[-68.47500000000002,44.17690620000002],[-68.47500000000002,44.177176599999996],[-68.47500000000002,44.177910499999996],[-68.47500000000002,44.1780028],[-68.47500000000002,44.18244970000001],[-68.47500000000002,44.18279560000002],[-68.47500000000002,44.1830789],[-68.47500000000002,44.183701799999994],[-68.47500000000002,44.18380719999999],[-68.47500000000002,44.18437690000002],[-68.47500000000002,44.184555999999986],[-68.47500000000002,44.18535659999998],[-68.47500000000002,44.185432400000025],[-68.47500000000002,44.185738800000024],[-68.47500000000002,44.185917399999994],[-68.47500000000002,44.18611850000002],[-68.47500000000002,44.18633849999998],[-68.47500000000002,44.18669619999997],[-68.47500000000002,44.186802399999976],[-68.47500000000002,44.187114699999995],[-68.47500000000002,44.18765509999997],[-68.47500000000002,44.18787020000002],[-68.47500000000002,44.1880079],[-68.47500000000002,44.18812070000001],[-68.47500000000002,44.1884225],[-68.47500000000002,44.188888099999986],[-68.47500000000002,44.18894640000002],[-68.47500000000002,44.18933879999997],[-68.47500000000002,44.19047189999998],[-68.47500000000002,44.192090699999994],[-68.47500000000002,44.19267300000001],[-68.47500000000002,44.19453770000001],[-68.47500000000002,44.19463880000001],[-68.47500000000002,44.19580070000001],[-68.47500000000002,44.19597049999999],[-68.47500000000002,44.19627589999999],[-68.47500000000002,44.19684080000002],[-68.47500000000002,44.196916499999986],[-68.47500000000002,44.19943189999998],[-68.47500000000002,44.199900300000024],[-68.47500000000002,44.20128740000001],[-68.47500000000002,44.20194350000003],[-68.47500000000002,44.20202410000002],[-68.47500000000002,44.20261540000001],[-68.47500000000002,44.20466950000002],[-68.47500000000002,44.2047809],[-68.47500000000002,44.20507730000003],[-68.47500000000002,44.20906739999998],[-68.47500000000002,44.20967940000003],[-68.47500000000002,44.20996869999999],[-68.47500000000002,44.21253419999999],[-68.47500000000002,44.213357299999984],[-68.47500000000002,44.214877899999976],[-68.47500000000002,44.21554500000002],[-68.47500000000002,44.2159082],[-68.47500000000002,44.21608459999999],[-68.47500000000002,44.21643940000001],[-68.47500000000002,44.21680900000001],[-68.47500000000002,44.217189700000006],[-68.47500000000002,44.217734500000006],[-68.47500000000002,44.217800899999986],[-68.47500000000002,44.21789230000002],[-68.47500000000002,44.21852639999997],[-68.47500000000002,44.21904030000002],[-68.47500000000002,44.21920260000002],[-68.47500000000002,44.22674289999998],[-68.47500000000002,44.229111999999986],[-68.47500000000002,44.23049780000002],[-68.47500000000002,44.23135129999997],[-68.47500000000002,44.2326425],[-68.47500000000002,44.232741799999985],[-68.47500000000002,44.234073799999976],[-68.47500000000002,44.235001899999986],[-68.47500000000002,44.2358873],[-68.47500000000002,44.237878799999976],[-68.47500000000002,44.24023599999998],[-68.47500000000002,44.241472199999976],[-68.47500000000002,44.25],[-68.46043220000001,44.25],[-68.45571369999999,44.25],[-68.45553949999999,44.25],[-68.4544573,44.25],[-68.45402710000002,44.25],[-68.4500203,44.25],[-68.4496532,44.25],[-68.44728509999999,44.25],[-68.445695,44.25],[-68.4421294,44.25],[-68.43809299999998,44.25],[-68.43029539999998,44.25],[-68.41705789999997,44.25],[-68.41297709999998,44.25],[-68.40450750000002,44.25],[-68.40153470000001,44.25],[-68.39999999999998,44.25],[-68.39999999999998,44.24966599999999],[-68.39999999999998,44.241472199999976],[-68.39999999999998,44.23394669999999],[-68.39999999999998,44.228074100000015],[-68.39999999999998,44.21828199999999],[-68.39999999999998,44.217662399999995],[-68.39999999999998,44.21665710000002],[-68.39999999999998,44.214216599999986],[-68.39999999999998,44.21356220000001],[-68.39999999999998,44.204319],[-68.39999999999998,44.203391599999975],[-68.39999999999998,44.19984529999999],[-68.39999999999998,44.195831699999985],[-68.39999999999998,44.19479030000002],[-68.39999999999998,44.18959610000002],[-68.39999999999998,44.1881884],[-68.39999999999998,44.187866199999974],[-68.39999999999998,44.18773279999999],[-68.39999999999998,44.18608710000001],[-68.39999999999998,44.185877600000026],[-68.39999999999998,44.18555459999999],[-68.39999999999998,44.18334970000001],[-68.39999999999998,44.179778699999986],[-68.39999999999998,44.17500000000001],[-68.40065770000001,44.17500000000001],[-68.40201730000001,44.17500000000001],[-68.4041274,44.17500000000001],[-68.40487200000001,44.17500000000001],[-68.40544139999997,44.17500000000001],[-68.40643369999998,44.17500000000001],[-68.4223336,44.17500000000001],[-68.42316879999998,44.17500000000001],[-68.42331339999998,44.17500000000001],[-68.42688989999999,44.17500000000001],[-68.43111800000003,44.17500000000001],[-68.43296450000003,44.17500000000001],[-68.43319919999999,44.17500000000001],[-68.43353589999998,44.17500000000001],[-68.43413199999998,44.17500000000001],[-68.43418530000002,44.17500000000001],[-68.4347588,44.17500000000001],[-68.43507269999998,44.17500000000001],[-68.44351039999998,44.17500000000001],[-68.44397400000003,44.17500000000001],[-68.44521650000002,44.17500000000001],[-68.44584989999998,44.17500000000001],[-68.44785300000001,44.17500000000001],[-68.44829479999999,44.17500000000001],[-68.46793689999998,44.17500000000001],[-68.46846790000001,44.17500000000001],[-68.46873190000002,44.17500000000001],[-68.4694374,44.17500000000001],[-68.46960919999998,44.17500000000001],[-68.46980389999999,44.17500000000001],[-68.47057810000001,44.17500000000001],[-68.47082169999999,44.17500000000001],[-68.4728321,44.17500000000001],[-68.47391049999999,44.17500000000001],[-68.47488019999997,44.17500000000001]]]}},{"type":"Feature","properties":{},"geometry":{"type":"Polygon","coordinates":[[[-68.3999837,44.17500000000001],[-68.39999999999998,44.17500000000001],[-68.39999999999998,44.179778699999986],[-68.39999999999998,44.18334970000001],[-68.39999999999998,44.18555459999999],[-68.39999999999998,44.185877600000026],[-68.39999999999998,44.18608710000001],[-68.39999999999998,44.18773279999999],[-68.39999999999998,44.187866199999974],[-68.39999999999998,44.1881884],[-68.39999999999998,44.18959610000002],[-68.39999999999998,44.19479030000002],[-68.39999999999998,44.195831699999985],[-68.39999999999998,44.19984529999999],[-68.39999999999998,44.203391599999975],[-68.39999999999998,44.204319],[-68.39999999999998,44.21356220000001],[-68.39999999999998,44.214216599999986],[-68.39999999999998,44.21665710000002],[-68.39999999999998,44.217662399999995],[-68.39999999999998,44.21828199999999],[-68.39999999999998,44.228074100000015],[-68.39999999999998,44.23394669999999],[-68.39999999999998,44.241472199999976],[-68.39999999999998,44.24966599999999],[-68.39999999999998,44.25],[-68.39913150000001,44.25],[-68.39834159999998,44.25],[-68.39663439999998,44.25],[-68.39528719999998,44.25],[-68.39494050000002,44.25],[-68.39468590000001,44.25],[-68.39446900000002,44.25],[-68.39401099999998,44.25],[-68.3828241,44.25],[-68.38227869999997,44.25],[-68.37931090000001,44.25],[-68.37893659999997,44.25],[-68.35971230000001,44.25],[-68.35897349999999,44.25],[-68.35882270000002,44.25],[-68.3583921,44.25],[-68.35773970000002,44.25],[-68.35738170000002,44.25],[-68.35700400000002,44.25],[-68.35202240000001,44.25],[-68.35167059999998,44.25],[-68.35130550000002,44.25],[-68.34979140000002,44.25],[-68.34881819999998,44.25],[-68.3485685,44.25],[-68.3480715,44.25],[-68.34738240000001,44.25],[-68.34039139999999,44.25],[-68.3402486,44.25],[-68.32499999999999,44.25],[-68.32499999999999,44.230949399999986],[-68.32499999999999,44.230797499999994],[-68.32499999999999,44.23003890000001],[-68.32499999999999,44.22788109999999],[-68.32499999999999,44.22761689999999],[-68.32499999999999,44.22492540000002],[-68.32499999999999,44.224555599999974],[-68.32499999999999,44.22432550000002],[-68.32499999999999,44.224136999999985],[-68.32499999999999,44.22392860000002],[-68.32499999999999,44.22341460000001],[-68.32499999999999,44.22260870000002],[-68.32499999999999,44.21557330000002],[-68.32499999999999,44.21306420000002],[-68.32499999999999,44.212804800000015],[-68.32499999999999,44.21177239999997],[-68.32499999999999,44.208859399999994],[-68.32499999999999,44.20758000000001],[-68.32499999999999,44.20727979999998],[-68.32499999999999,44.207103200000006],[-68.32499999999999,44.206964400000004],[-68.32499999999999,44.20653659999999],[-68.32499999999999,44.19906930000002],[-68.32499999999999,44.196588599999984],[-68.32499999999999,44.196015999999986],[-68.32499999999999,44.195228799999995],[-68.32499999999999,44.19484840000001],[-68.32499999999999,44.19450380000001],[-68.32499999999999,44.193634799999984],[-68.32499999999999,44.190626899999984],[-68.32499999999999,44.19023779999998],[-68.32499999999999,44.17500000000001],[-68.33208009999998,44.17500000000001],[-68.33341669999999,44.17500000000001],[-68.3355583,44.17500000000001],[-68.33607740000002,44.17500000000001],[-68.3362735,44.17500000000001],[-68.33696070000002,44.17500000000001],[-68.35106990000003,44.17500000000001],[-68.3531458,44.17500000000001],[-68.35340280000003,44.17500000000001],[-68.35406699999999,44.17500000000001],[-68.35421209999998,44.17500000000001],[-68.35511760000003,44.17500000000001],[-68.356357,44.17500000000001],[-68.35755230000001,44.17500000000001],[-68.37288860000001,44.17500000000001],[-68.3886015,44.17500000000001],[-68.39369649999998,44.17500000000001],[-68.3999837,44.17500000000001]]]}},{"type":"Feature","properties":{},"geometry":{"type":"Polygon","coordinates":[[[-68.30529250000001,44.17500000000001],[-68.32499999999999,44.17500000000001],[-68.32499999999999,44.19023779999998],[-68.32499999999999,44.190626899999984],[-68.32499999999999,44.193634799999984],[-68.32499999999999,44.19450380000001],[-68.32499999999999,44.19484840000001],[-68.32499999999999,44.195228799999995],[-68.32499999999999,44.196015999999986],[-68.32499999999999,44.196588599999984],[-68.32499999999999,44.19906930000002],[-68.32499999999999,44.20653659999999],[-68.32499999999999,44.206964400000004],[-68.32499999999999,44.207103200000006],[-68.32499999999999,44.20727979999998],[-68.32499999999999,44.20758000000001],[-68.32499999999999,44.208859399999994],[-68.32499999999999,44.21177239999997],[-68.32499999999999,44.212804800000015],[-68.32499999999999,44.21306420000002],[-68.32499999999999,44.21557330000002],[-68.32499999999999,44.22260870000002],[-68.32499999999999,44.22341460000001],[-68.32499999999999,44.22392860000002],[-68.32499999999999,44.224136999999985],[-68.32499999999999,44.22432550000002],[-68.32499999999999,44.224555599999974],[-68.32499999999999,44.22492540000002],[-68.32499999999999,44.22761689999999],[-68.32499999999999,44.22788109999999],[-68.32499999999999,44.23003890000001],[-68.32499999999999,44.230797499999994],[-68.32499999999999,44.230949399999986],[-68.32499999999999,44.25],[-68.29100410000001,44.25],[-68.290525,44.25],[-68.29000739999998,44.25],[-68.28902290000002,44.25],[-68.27973630000002,44.25],[-68.27628909999999,44.25],[-68.27569729999999,44.25],[-68.27537039999999,44.25],[-68.27531870000001,44.25],[-68.26027640000001,44.25],[-68.25987320000002,44.25],[-68.25978850000001,44.25],[-68.25858729999999,44.25],[-68.2547586,44.25],[-68.25373539999998,44.25],[-68.25304560000001,44.25],[-68.25039120000002,44.25],[-68.25,44.25],[-68.25,44.24951900000002],[-68.25,44.249281199999984],[-68.25,44.247932400000025],[-68.25,44.246274099999994],[-68.25,44.245896200000004],[-68.25,44.245687499999974],[-68.25,44.244706699999995],[-68.25,44.24455080000001],[-68.25,44.2423364],[-68.25,44.240868999999975],[-68.25,44.23600099999999],[-68.25,44.2355455],[-68.25,44.23517820000001],[-68.25,44.23508420000002],[-68.25,44.23500369999999],[-68.25,44.23458049999999],[-68.25,44.234122300000024],[-68.25,44.2319784],[-68.25,44.2310377],[-68.25,44.23003890000001],[-68.25,44.22056459999999],[-68.25,44.21645819999998],[-68.25,44.210476700000015],[-68.25,44.183170399999995],[-68.25,44.181350699999996],[-68.25,44.1780799],[-68.25,44.17643620000001],[-68.25,44.17500000000001],[-68.25037409999999,44.17500000000001],[-68.2513591,44.17500000000001],[-68.2687077,44.17500000000001],[-68.27386030000002,44.17500000000001],[-68.27680600000002,44.17500000000001],[-68.2787204,44.17500000000001],[-68.28015160000001,44.17500000000001],[-68.2846477,44.17500000000001],[-68.29986609999997,44.17500000000001],[-68.30139009999999,44.17500000000001],[-68.30529250000001,44.17500000000001]]]}},{"type":"Feature","properties":{},"geometry":{"type":"Polygon","coordinates":[[[-68.20385599999997,44.17500000000001],[-68.21808959999998,44.17500000000001],[-68.23613970000002,44.17500000000001],[-68.23703560000001,44.17500000000001],[-68.23860509999997,44.17500000000001],[-68.23899870000002,44.17500000000001],[-68.23930730000001,44.17500000000001],[-68.24013439999999,44.17500000000001],[-68.24921210000002,44.17500000000001],[-68.24963539999999,44.17500000000001],[-68.249932,44.17500000000001],[-68.25,44.17500000000001],[-68.25,44.17643620000001],[-68.25,44.1780799],[-68.25,44.181350699999996],[-68.25,44.183170399999995],[-68.25,44.210476700000015],[-68.25,44.21645819999998],[-68.25,44.22056459999999],[-68.25,44.23003890000001],[-68.25,44.2310377],[-68.25,44.2319784],[-68.25,44.234122300000024],[-68.25,44.23458049999999],[-68.25,44.23500369999999],[-68.25,44.23508420000002],[-68.25,44.23517820000001],[-68.25,44.2355455],[-68.25,44.23600099999999],[-68.25,44.240868999999975],[-68.25,44.2423364],[-68.25,44.24455080000001],[-68.25,44.244706699999995],[-68.25,44.245687499999974],[-68.25,44.245896200000004],[-68.25,44.246274099999994],[-68.25,44.247932400000025],[-68.25,44.249281199999984],[-68.25,44.24951900000002],[-68.25,44.25],[-68.24950000000001,44.25],[-68.24911530000003,44.25],[-68.2487744,44.25],[-68.24854349999998,44.25],[-68.24810609999997,44.25],[-68.24660060000002,44.25],[-68.24526329999998,44.25],[-68.24359090000002,44.25],[-68.2403205,44.25],[-68.23460419999998,44.25],[-68.23384770000001,44.25],[-68.23294299999998,44.25],[-68.23178869999998,44.25],[-68.23148950000001,44.25],[-68.23069329999998,44.25],[-68.22919389999998,44.25],[-68.22867609999997,44.25],[-68.2283812,44.25],[-68.223413,44.25],[-68.2135381,44.25],[-68.21193499999998,44.25],[-68.21144290000001,44.25],[-68.2065174,44.25],[-68.20591830000001,44.25],[-68.205644,44.25],[-68.20496450000002,44.25],[-68.2038483,44.25],[-68.20204230000002,44.25],[-68.20113500000002,44.25],[-68.1993124,44.25],[-68.1983199,44.25],[-68.19712709999999,44.25],[-68.19500000000001,44.25],[-68.19500000000001,44.17500000000001],[-68.20385599999997,44.17500000000001]]]}},{"type":"Feature","properties":{},"geometry":{"type":"Polygon","coordinates":[[[-68.39913150000001,44.25],[-68.39999999999998,44.25],[-68.39999999999998,44.25102450000003],[-68.39999999999998,44.25127909999998],[-68.39999999999998,44.25142099999999],[-68.39999999999998,44.25184639999998],[-68.39999999999998,44.25347420000003],[-68.39999999999998,44.28407870000001],[-68.39999999999998,44.28572509999998],[-68.39999999999998,44.32499999999999],[-68.37445559999998,44.32499999999999],[-68.32499999999999,44.32499999999999],[-68.32499999999999,44.288516300000026],[-68.32499999999999,44.286182999999994],[-68.32499999999999,44.28058800000002],[-68.32499999999999,44.27841840000002],[-68.32499999999999,44.27314230000002],[-68.32499999999999,44.2726897],[-68.32499999999999,44.27169300000003],[-68.32499999999999,44.27132660000001],[-68.32499999999999,44.27048930000001],[-68.32499999999999,44.25],[-68.3402486,44.25],[-68.34039139999999,44.25],[-68.34738240000001,44.25],[-68.3480715,44.25],[-68.3485685,44.25],[-68.34881819999998,44.25],[-68.34979140000002,44.25],[-68.35130550000002,44.25],[-68.35167059999998,44.25],[-68.35202240000001,44.25],[-68.35700400000002,44.25],[-68.35738170000002,44.25],[-68.35773970000002,44.25],[-68.3583921,44.25],[-68.35882270000002,44.25],[-68.35897349999999,44.25],[-68.35971230000001,44.25],[-68.37893659999997,44.25],[-68.37931090000001,44.25],[-68.38227869999997,44.25],[-68.3828241,44.25],[-68.39401099999998,44.25],[-68.39446900000002,44.25],[-68.39468590000001,44.25],[-68.39494050000002,44.25],[-68.39528719999998,44.25],[-68.39663439999998,44.25],[-68.39834159999998,44.25],[-68.39913150000001,44.25]]]}},{"type":"Feature","properties":{},"geometry":{"type":"Polygon","coordinates":[[[-68.29100410000001,44.25],[-68.32499999999999,44.25],[-68.32499999999999,44.27048930000001],[-68.32499999999999,44.27132660000001],[-68.32499999999999,44.27169300000003],[-68.32499999999999,44.2726897],[-68.32499999999999,44.27314230000002],[-68.32499999999999,44.27841840000002],[-68.32499999999999,44.28058800000002],[-68.32499999999999,44.286182999999994],[-68.32499999999999,44.288516300000026],[-68.32499999999999,44.32499999999999],[-68.3128327,44.32499999999999],[-68.31234999999998,44.32499999999999],[-68.31196119999998,44.32499999999999],[-68.30935699999998,44.32499999999999],[-68.3055842,44.32499999999999],[-68.30533960000002,44.32499999999999],[-68.25,44.32499999999999],[-68.25,44.29133710000002],[-68.25,44.2906385],[-68.25,44.289721799999995],[-68.25,44.28933139999998],[-68.25,44.28890469999999],[-68.25,44.28845430000001],[-68.25,44.288451099999975],[-68.25,44.28720700000002],[-68.25,44.28714660000003],[-68.25,44.287057600000026],[-68.25,44.286549200000024],[-68.25,44.282794000000024],[-68.25,44.2818929],[-68.25,44.27943579999999],[-68.25,44.27741450000002],[-68.25,44.27713799999998],[-68.25,44.277086999999995],[-68.25,44.276814],[-68.25,44.276303299999995],[-68.25,44.27056829999998],[-68.25,44.270202100000006],[-68.25,44.27002870000001],[-68.25,44.2700021],[-68.25,44.2699523],[-68.25,44.26848960000001],[-68.25,44.266858300000024],[-68.25,44.2665614],[-68.25,44.261496799999975],[-68.25,44.25849840000001],[-68.25,44.258018400000026],[-68.25,44.25763649999999],[-68.25,44.25688459999998],[-68.25,44.255304000000024],[-68.25,44.25506439999998],[-68.25,44.25349440000002],[-68.25,44.25165179999999],[-68.25,44.2515727],[-68.25,44.25035939999998],[-68.25,44.25],[-68.25039120000002,44.25],[-68.25304560000001,44.25],[-68.25373539999998,44.25],[-68.2547586,44.25],[-68.25858729999999,44.25],[-68.25978850000001,44.25],[-68.25987320000002,44.25],[-68.26027640000001,44.25],[-68.27531870000001,44.25],[-68.27537039999999,44.25],[-68.27569729999999,44.25],[-68.27628909999999,44.25],[-68.27973630000002,44.25],[-68.28902290000002,44.25],[-68.29000739999998,44.25],[-68.290525,44.25],[-68.29100410000001,44.25]]]}},{"type":"Feature","properties":{},"geometry":{"type":"Polygon","coordinates":[[[-68.19712709999999,44.25],[-68.1983199,44.25],[-68.1993124,44.25],[-68.20113500000002,44.25],[-68.20204230000002,44.25],[-68.2038483,44.25],[-68.20496450000002,44.25],[-68.205644,44.25],[-68.20591830000001,44.25],[-68.2065174,44.25],[-68.21144290000001,44.25],[-68.21193499999998,44.25],[-68.2135381,44.25],[-68.223413,44.25],[-68.2283812,44.25],[-68.22867609999997,44.25],[-68.22919389999998,44.25],[-68.23069329999998,44.25],[-68.23148950000001,44.25],[-68.23178869999998,44.25],[-68.23294299999998,44.25],[-68.23384770000001,44.25],[-68.23460419999998,44.25],[-68.2403205,44.25],[-68.24359090000002,44.25],[-68.24526329999998,44.25],[-68.24660060000002,44.25],[-68.24810609999997,44.25],[-68.24854349999998,44.25],[-68.2487744,44.25],[-68.24911530000003,44.25],[-68.24950000000001,44.25],[-68.25,44.25],[-68.25,44.25035939999998],[-68.25,44.2515727],[-68.25,44.25165179999999],[-68.25,44.25349440000002],[-68.25,44.25506439999998],[-68.25,44.255304000000024],[-68.25,44.25688459999998],[-68.25,44.25763649999999],[-68.25,44.258018400000026],[-68.25,44.25849840000001],[-68.25,44.261496799999975],[-68.25,44.2665614],[-68.25,44.266858300000024],[-68.25,44.26848960000001],[-68.25,44.2699523],[-68.25,44.2700021],[-68.25,44.27002870000001],[-68.25,44.270202100000006],[-68.25,44.27056829999998],[-68.25,44.276303299999995],[-68.25,44.276814],[-68.25,44.277086999999995],[-68.25,44.27713799999998],[-68.25,44.27741450000002],[-68.25,44.27943579999999],[-68.25,44.2818929],[-68.25,44.282794000000024],[-68.25,44.286549200000024],[-68.25,44.287057600000026],[-68.25,44.28714660000003],[-68.25,44.28720700000002],[-68.25,44.288451099999975],[-68.25,44.28845430000001],[-68.25,44.28890469999999],[-68.25,44.28933139999998],[-68.25,44.289721799999995],[-68.25,44.2906385],[-68.25,44.29133710000002],[-68.25,44.32499999999999],[-68.20346510000002,44.32499999999999],[-68.19500000000001,44.32499999999999],[-68.19500000000001,44.25],[-68.19712709999999,44.25]]]}},{"type":"Feature","properties":{},"geometry":{"type":"Polygon","coordinates":[[[-68.56316340000001,44.39999999999998],[-68.56247819999999,44.39999999999998],[-68.5612688,44.39999999999998],[-68.56073959999998,44.39999999999998],[-68.56059160000001,44.39999999999998],[-68.5603046,44.39999999999998],[-68.55741239999998,44.39999999999998],[-68.55000000000001,44.39999999999998],[-68.55000000000001,44.37930640000002],[-68.55000000000001,44.37770899999998],[-68.55000000000001,44.376512100000014],[-68.55000000000001,44.37541299999998],[-68.55000000000001,44.37501630000003],[-68.55000000000001,44.37368090000001],[-68.55000000000001,44.372326499999986],[-68.55000000000001,44.37208099999998],[-68.55000000000001,44.370201399999985],[-68.55000000000001,44.3694117],[-68.55000000000001,44.34981529999999],[-68.55000000000001,44.34916879999997],[-68.55000000000001,44.34882490000001],[-68.55000000000001,44.34814549999999],[-68.55000000000001,44.346090100000026],[-68.55000000000001,44.32499999999999],[-68.56071020000002,44.32499999999999],[-68.56219040000002,44.32499999999999],[-68.5625882,44.32499999999999],[-68.56303609999998,44.32499999999999],[-68.56317669999999,44.32499999999999],[-68.56389580000001,44.32499999999999],[-68.57450669999997,44.32499999999999],[-68.625,44.32499999999999],[-68.625,44.39999999999998],[-68.56374849999997,44.39999999999998],[-68.56316340000001,44.39999999999998]]]}},{"type":"Feature","properties":{},"geometry":{"type":"Polygon","coordinates":[[[-68.54523469999998,44.32499999999999],[-68.55000000000001,44.32499999999999],[-68.55000000000001,44.346090100000026],[-68.55000000000001,44.34814549999999],[-68.55000000000001,44.34882490000001],[-68.55000000000001,44.34916879999997],[-68.55000000000001,44.34981529999999],[-68.55000000000001,44.3694117],[-68.55000000000001,44.370201399999985],[-68.55000000000001,44.37208099999998],[-68.55000000000001,44.372326499999986],[-68.55000000000001,44.37368090000001],[-68.55000000000001,44.37501630000003],[-68.55000000000001,44.37541299999998],[-68.55000000000001,44.376512100000014],[-68.55000000000001,44.37770899999998],[-68.55000000000001,44.37930640000002],[-68.55000000000001,44.39999999999998],[-68.54330240000002,44.39999999999998],[-68.54241530000002,44.39999999999998],[-68.54208410000001,44.39999999999998],[-68.54196560000003,44.39999999999998],[-68.54160289999999,44.39999999999998],[-68.5279155,44.39999999999998],[-68.52663969999998,44.39999999999998],[-68.52498930000002,44.39999999999998],[-68.52323610000002,44.39999999999998],[-68.52186080000001,44.39999999999998],[-68.5217599,44.39999999999998],[-68.52066050000002,44.39999999999998],[-68.51929000000001,44.39999999999998],[-68.518551,44.39999999999998],[-68.51788049999999,44.39999999999998],[-68.5174596,44.39999999999998],[-68.51692159999999,44.39999999999998],[-68.51593200000002,44.39999999999998],[-68.50738990000002,44.39999999999998],[-68.49543039999998,44.39999999999998],[-68.48885130000002,44.39999999999998],[-68.4870803,44.39999999999998],[-68.4867097,44.39999999999998],[-68.48305729999998,44.39999999999998],[-68.4814806,44.39999999999998],[-68.48063969999998,44.39999999999998],[-68.4803109,44.39999999999998],[-68.48009789999998,44.39999999999998],[-68.47954120000003,44.39999999999998],[-68.47811139999999,44.39999999999998],[-68.47794110000001,44.39999999999998],[-68.47728430000001,44.39999999999998],[-68.47500000000002,44.39999999999998],[-68.47500000000002,44.379442400000016],[-68.47500000000002,44.379129499999976],[-68.47500000000002,44.37882130000003],[-68.47500000000002,44.37865529999999],[-68.47500000000002,44.378464399999984],[-68.47500000000002,44.378112999999985],[-68.47500000000002,44.37427539999999],[-68.47500000000002,44.369541200000015],[-68.47500000000002,44.361974499999974],[-68.47500000000002,44.36012690000001],[-68.47500000000002,44.35895119999998],[-68.47500000000002,44.354943400000025],[-68.47500000000002,44.350186199999996],[-68.47500000000002,44.344138199999975],[-68.47500000000002,44.33019239999999],[-68.47500000000002,44.32499999999999],[-68.47541050000001,44.32499999999999],[-68.47747600000002,44.32499999999999],[-68.47856080000003,44.32499999999999],[-68.4788921,44.32499999999999],[-68.47910350000001,44.32499999999999],[-68.47925300000003,44.32499999999999],[-68.4798523,44.32499999999999],[-68.50474029999998,44.32499999999999],[-68.50994650000001,44.32499999999999],[-68.51021350000002,44.32499999999999],[-68.5108778,44.32499999999999],[-68.51205390000001,44.32499999999999],[-68.51404810000002,44.32499999999999],[-68.52379009999999,44.32499999999999],[-68.52652940000002,44.32499999999999],[-68.52723959999997,44.32499999999999],[-68.52861200000001,44.32499999999999],[-68.52909399999999,44.32499999999999],[-68.5296664,44.32499999999999],[-68.53049290000001,44.32499999999999],[-68.5329542,44.32499999999999],[-68.53638710000001,44.32499999999999],[-68.53734150000003,44.32499999999999],[-68.53990929999998,44.32499999999999],[-68.5406347,44.32499999999999],[-68.54523469999998,44.32499999999999]]]}},{"type":"Feature","properties":{},"geometry":{"type":"Polygon","coordinates":[[[-68.3128327,44.32499999999999],[-68.32499999999999,44.32499999999999],[-68.32499999999999,44.34610889999999],[-68.32499999999999,44.346392700000024],[-68.32499999999999,44.346498199999985],[-68.32499999999999,44.34702759999999],[-68.32499999999999,44.34743559999998],[-68.32499999999999,44.34831630000002],[-68.32499999999999,44.34843330000001],[-68.32499999999999,44.349052400000005],[-68.32499999999999,44.3492488],[-68.32499999999999,44.34964550000001],[-68.32499999999999,44.34973930000001],[-68.32499999999999,44.34979820000001],[-68.32499999999999,44.35061239999999],[-68.32499999999999,44.35120740000002],[-68.32499999999999,44.35194200000001],[-68.32499999999999,44.352541299999984],[-68.32499999999999,44.35305390000002],[-68.32499999999999,44.353369199999975],[-68.32499999999999,44.35595860000001],[-68.32499999999999,44.35622430000001],[-68.32499999999999,44.36034810000001],[-68.32499999999999,44.36095790000002],[-68.32499999999999,44.36138549999998],[-68.32499999999999,44.362028099999975],[-68.32499999999999,44.3620985],[-68.32499999999999,44.362471200000016],[-68.32499999999999,44.36265609999998],[-68.32499999999999,44.363550599999996],[-68.32499999999999,44.36368700000003],[-68.32499999999999,44.36520239999999],[-68.32499999999999,44.3655296],[-68.32499999999999,44.36667299999999],[-68.32499999999999,44.36708549999997],[-68.32499999999999,44.367244400000004],[-68.32499999999999,44.3674403],[-68.32499999999999,44.368905600000005],[-68.32499999999999,44.369219799999996],[-68.32499999999999,44.370002],[-68.32499999999999,44.39999999999998],[-68.25221970000001,44.39999999999998],[-68.25,44.39999999999998],[-68.25,44.37925000000001],[-68.25,44.32499999999999],[-68.30533960000002,44.32499999999999],[-68.3055842,44.32499999999999],[-68.30935699999998,44.32499999999999],[-68.31196119999998,44.32499999999999],[-68.31234999999998,44.32499999999999],[-68.3128327,44.32499999999999]]]}},{"type":"Feature","properties":{},"geometry":{"type":"Polygon","coordinates":[[[-68.20346510000002,44.32499999999999],[-68.25,44.32499999999999],[-68.25,44.37925000000001],[-68.25,44.39999999999998],[-68.23052589999998,44.39999999999998],[-68.22893690000001,44.39999999999998],[-68.22870080000001,44.39999999999998],[-68.22774179999999,44.39999999999998],[-68.2275558,44.39999999999998],[-68.22748419999999,44.39999999999998],[-68.2267506,44.39999999999998],[-68.22649560000002,44.39999999999998],[-68.2254011,44.39999999999998],[-68.2249698,44.39999999999998],[-68.2246106,44.39999999999998],[-68.22433360000002,44.39999999999998],[-68.22418750000003,44.39999999999998],[-68.22409169999997,44.39999999999998],[-68.22264769999998,44.39999999999998],[-68.2122511,44.39999999999998],[-68.21112590000001,44.39999999999998],[-68.21082790000003,44.39999999999998],[-68.21060210000002,44.39999999999998],[-68.21022690000001,44.39999999999998],[-68.2074414,44.39999999999998],[-68.20328330000001,44.39999999999998],[-68.20284729999997,44.39999999999998],[-68.20271919999999,44.39999999999998],[-68.2023302,44.39999999999998],[-68.20058289999997,44.39999999999998],[-68.19963430000001,44.39999999999998],[-68.1992277,44.39999999999998],[-68.19890470000001,44.39999999999998],[-68.19653590000001,44.39999999999998],[-68.19647800000001,44.39999999999998],[-68.19629989999999,44.39999999999998],[-68.1961369,44.39999999999998],[-68.19607380000002,44.39999999999998],[-68.19576669999998,44.39999999999998],[-68.19500000000001,44.39999999999998],[-68.19500000000001,44.32499999999999],[-68.20346510000002,44.32499999999999]]]}},{"type":"Feature","properties":{},"geometry":{"type":"Polygon","coordinates":[[[-69.0,44.430947600000025],[-69.0,44.43040780000001],[-69.0,44.429940699999975],[-69.0,44.42942110000001],[-69.0,44.429013399999974],[-69.0,44.4288358],[-69.0,44.42847690000002],[-69.0,44.4282953],[-69.0,44.428262200000006],[-69.0,44.426992799999994],[-69.0,44.42694340000003],[-69.0,44.426250900000014],[-69.0,44.42623259999999],[-69.0,44.42588410000002],[-69.0,44.425862600000016],[-69.0,44.42162300000001],[-69.0,44.415942099999995],[-69.0,44.39999999999998],[-69.03686199999999,44.39999999999998],[-69.07499999999999,44.39999999999998],[-69.07499999999999,44.47500000000002],[-69.03686199999999,44.47500000000002],[-69.0,44.47500000000002],[-69.0,44.434725000000014],[-69.0,44.431577600000026],[-69.0,44.430947600000025]]]}},{"type":"Feature","properties":{},"geometry":{"type":"Polygon","coordinates":[[[-68.98259339999998,44.39999999999998],[-69.0,44.39999999999998],[-69.0,44.415942099999995],[-69.0,44.42162300000001],[-69.0,44.425862600000016],[-69.0,44.42588410000002],[-69.0,44.42623259999999],[-69.0,44.426250900000014],[-69.0,44.42694340000003],[-69.0,44.426992799999994],[-69.0,44.428262200000006],[-69.0,44.4282953],[-69.0,44.42847690000002],[-69.0,44.4288358],[-69.0,44.429013399999974],[-69.0,44.42942110000001],[-69.0,44.429940699999975],[-69.0,44.43040780000001],[-69.0,44.430947600000025],[-69.0,44.431577600000026],[-69.0,44.434725000000014],[-69.0,44.47500000000002],[-68.92500000000001,44.47500000000002],[-68.92500000000001,44.46126020000003],[-68.92500000000001,44.455338600000005],[-68.92500000000001,44.45479499999999],[-68.92500000000001,44.45465630000001],[-68.92500000000001,44.45437750000002],[-68.92500000000001,44.45263490000002],[-68.92500000000001,44.45237109999999],[-68.92500000000001,44.45183930000002],[-68.92500000000001,44.450676699999974],[-68.92500000000001,44.4485019],[-68.92500000000001,44.44658190000001],[-68.92500000000001,44.44225399999999],[-68.92500000000001,44.44158140000002],[-68.92500000000001,44.420822999999984],[-68.92500000000001,44.417821300000014],[-68.92500000000001,44.39999999999998],[-68.9398645,44.39999999999998],[-68.94539800000001,44.39999999999998],[-68.95499419999999,44.39999999999998],[-68.96373249999999,44.39999999999998],[-68.9775957,44.39999999999998],[-68.98060199999998,44.39999999999998],[-68.98117739999998,44.39999999999998],[-68.9815534,44.39999999999998],[-68.98181499999998,44.39999999999998],[-68.98259339999998,44.39999999999998]]]}},{"type":"Feature","properties":{},"geometry":{"type":"Polygon","coordinates":[[[-68.55000000000001,44.403672099999994],[-68.55000000000001,44.40315700000002],[-68.55000000000001,44.402091799999994],[-68.55000000000001,44.40120289999999],[-68.55000000000001,44.400768400000004],[-68.55000000000001,44.39999999999998],[-68.55741239999998,44.39999999999998],[-68.5603046,44.39999999999998],[-68.56059160000001,44.39999999999998],[-68.56073959999998,44.39999999999998],[-68.5612688,44.39999999999998],[-68.56247819999999,44.39999999999998],[-68.56316340000001,44.39999999999998],[-68.56374849999997,44.39999999999998],[-68.625,44.39999999999998],[-68.625,44.47500000000002],[-68.55000000000001,44.47500000000002],[-68.55000000000001,44.40403700000002],[-68.55000000000001,44.403672099999994]]]}},{"type":"Feature","properties":{},"geometry":{"type":"Polygon","coordinates":[[[-68.54330240000002,44.39999999999998],[-68.55000000000001,44.39999999999998],[-68.55000000000001,44.400768400000004],[-68.55000000000001,44.40120289999999],[-68.55000000000001,44.402091799999994],[-68.55000000000001,44.40315700000002],[-68.55000000000001,44.403672099999994],[-68.55000000000001,44.40403700000002],[-68.55000000000001,44.47500000000002],[-68.47500000000002,44.47500000000002],[-68.47500000000002,44.45164269999998],[-68.47500000000002,44.45128310000001],[-68.47500000000002,44.45090729999998],[-68.47500000000002,44.446112400000004],[-68.47500000000002,44.44549180000001],[-68.47500000000002,44.433804699999996],[-68.47500000000002,44.431788900000015],[-68.47500000000002,44.410832500000026],[-68.47500000000002,44.40957420000001],[-68.47500000000002,44.40898920000001],[-68.47500000000002,44.40839890000001],[-68.47500000000002,44.407972599999994],[-68.47500000000002,44.402162799999985],[-68.47500000000002,44.402099299999975],[-68.47500000000002,44.401943700000004],[-68.47500000000002,44.40129239999999],[-68.47500000000002,44.40084139999999],[-68.47500000000002,44.40078460000001],[-68.47500000000002,44.39999999999998],[-68.47728430000001,44.39999999999998],[-68.47794110000001,44.39999999999998],[-68.47811139999999,44.39999999999998],[-68.47954120000003,44.39999999999998],[-68.48009789999998,44.39999999999998],[-68.4803109,44.39999999999998],[-68.48063969999998,44.39999999999998],[-68.4814806,44.39999999999998],[-68.48305729999998,44.39999999999998],[-68.4867097,44.39999999999998],[-68.4870803,44.39999999999998],[-68.48885130000002,44.39999999999998],[-68.49543039999998,44.39999999999998],[-68.50738990000002,44.39999999999998],[-68.51593200000002,44.39999999999998],[-68.51692159999999,44.39999999999998],[-68.5174596,44.39999999999998],[-68.51788049999999,44.39999999999998],[-68.518551,44.39999999999998],[-68.51929000000001,44.39999999999998],[-68.52066050000002,44.39999999999998],[-68.5217599,44.39999999999998],[-68.52186080000001,44.39999999999998],[-68.52323610000002,44.39999999999998],[-68.52498930000002,44.39999999999998],[-68.52663969999998,44.39999999999998],[-68.5279155,44.39999999999998],[-68.54160289999999,44.39999999999998],[-68.54196560000003,44.39999999999998],[-68.54208410000001,44.39999999999998],[-68.54241530000002,44.39999999999998],[-68.54330240000002,44.39999999999998]]]}},{"type":"Feature","properties":{},"geometry":{"type":"Polygon","coordinates":[[[-68.25221970000001,44.39999999999998],[-68.32499999999999,44.39999999999998],[-68.32499999999999,44.423226399999976],[-68.32499999999999,44.42375270000002],[-68.32499999999999,44.43975339999997],[-68.32499999999999,44.440804300000025],[-68.32499999999999,44.441330900000025],[-68.32499999999999,44.44213559999997],[-68.32499999999999,44.44259779999999],[-68.32499999999999,44.44291449999997],[-68.32499999999999,44.44335380000001],[-68.32499999999999,44.44882530000001],[-68.32499999999999,44.45127680000002],[-68.32499999999999,44.45259069999997],[-68.32499999999999,44.452884400000016],[-68.32499999999999,44.455377399999975],[-68.32499999999999,44.4562047],[-68.32499999999999,44.45852559999997],[-68.32499999999999,44.4622756],[-68.32499999999999,44.46269790000002],[-68.32499999999999,44.47500000000002],[-68.29568,44.47500000000002],[-68.29308220000001,44.47500000000002],[-68.2889932,44.47500000000002],[-68.2728406,44.47500000000002],[-68.26558440000002,44.47500000000002],[-68.26487989999998,44.47500000000002],[-68.26467109999999,44.47500000000002],[-68.26447999999999,44.47500000000002],[-68.26380039999998,44.47500000000002],[-68.26149880000003,44.47500000000002],[-68.25820850000002,44.47500000000002],[-68.25281530000001,44.47500000000002],[-68.25,44.47500000000002],[-68.25,44.47389870000001],[-68.25,44.473269500000015],[-68.25,44.4518003],[-68.25,44.44727469999998],[-68.25,44.44559859999998],[-68.25,44.43924019999997],[-68.25,44.438944900000024],[-68.25,44.438633400000015],[-68.25,44.438403300000004],[-68.25,44.43816190000001],[-68.25,44.43761280000001],[-68.25,44.437372700000026],[-68.25,44.43700639999997],[-68.25,44.43647279999999],[-68.25,44.43601030000002],[-68.25,44.434472099999994],[-68.25,44.43414539999998],[-68.25,44.4339703],[-68.25,44.43370299999998],[-68.25,44.433107699999994],[-68.25,44.42797230000002],[-68.25,44.418216599999994],[-68.25,44.4168732],[-68.25,44.41607010000001],[-68.25,44.41588189999999],[-68.25,44.415330299999994],[-68.25,44.415142100000025],[-68.25,44.41483490000002],[-68.25,44.4144124],[-68.25,44.41392509999997],[-68.25,44.413712299999986],[-68.25,44.4136072],[-68.25,44.39999999999998],[-68.25221970000001,44.39999999999998]]]}},{"type":"Feature","properties":{},"geometry":{"type":"Polygon","coordinates":[[[-68.19576669999998,44.39999999999998],[-68.19607380000002,44.39999999999998],[-68.1961369,44.39999999999998],[-68.19629989999999,44.39999999999998],[-68.19647800000001,44.39999999999998],[-68.19653590000001,44.39999999999998],[-68.19890470000001,44.39999999999998],[-68.1992277,44.39999999999998],[-68.19963430000001,44.39999999999998],[-68.20058289999997,44.39999999999998],[-68.2023302,44.39999999999998],[-68.20271919999999,44.39999999999998],[-68.20284729999997,44.39999999999998],[-68.20328330000001,44.39999999999998],[-68.2074414,44.39999999999998],[-68.21022690000001,44.39999999999998],[-68.21060210000002,44.39999999999998],[-68.21082790000003,44.39999999999998],[-68.21112590000001,44.39999999999998],[-68.2122511,44.39999999999998],[-68.22264769999998,44.39999999999998],[-68.22409169999997,44.39999999999998],[-68.22418750000003,44.39999999999998],[-68.22433360000002,44.39999999999998],[-68.2246106,44.39999999999998],[-68.2249698,44.39999999999998],[-68.2254011,44.39999999999998],[-68.22649560000002,44.39999999999998],[-68.2267506,44.39999999999998],[-68.22748419999999,44.39999999999998],[-68.2275558,44.39999999999998],[-68.22774179999999,44.39999999999998],[-68.22870080000001,44.39999999999998],[-68.22893690000001,44.39999999999998],[-68.23052589999998,44.39999999999998],[-68.25,44.39999999999998],[-68.25,44.4136072],[-68.25,44.413712299999986],[-68.25,44.41392509999997],[-68.25,44.4144124],[-68.25,44.41483490000002],[-68.25,44.415142100000025],[-68.25,44.415330299999994],[-68.25,44.41588189999999],[-68.25,44.41607010000001],[-68.25,44.4168732],[-68.25,44.418216599999994],[-68.25,44.42797230000002],[-68.25,44.433107699999994],[-68.25,44.43370299999998],[-68.25,44.4339703],[-68.25,44.43414539999998],[-68.25,44.434472099999994],[-68.25,44.43601030000002],[-68.25,44.43647279999999],[-68.25,44.43700639999997],[-68.25,44.437372700000026],[-68.25,44.43761280000001],[-68.25,44.43816190000001],[-68.25,44.438403300000004],[-68.25,44.438633400000015],[-68.25,44.438944900000024],[-68.25,44.43924019999997],[-68.25,44.44559859999998],[-68.25,44.44727469999998],[-68.25,44.4518003],[-68.25,44.473269500000015],[-68.25,44.47389870000001],[-68.25,44.47500000000002],[-68.2473081,44.47500000000002],[-68.24696110000002,44.47500000000002],[-68.24654850000002,44.47500000000002],[-68.24628289999998,44.47500000000002],[-68.245834,44.47500000000002],[-68.2453711,44.47500000000002],[-68.22884319999997,44.47500000000002],[-68.22819349999997,44.47500000000002],[-68.2279456,44.47500000000002],[-68.22742149999999,44.47500000000002],[-68.22712710000002,44.47500000000002],[-68.22456519999997,44.47500000000002],[-68.221361,44.47500000000002],[-68.21653780000003,44.47500000000002],[-68.21514919999998,44.47500000000002],[-68.21455270000001,44.47500000000002],[-68.21420469999998,44.47500000000002],[-68.21385559999999,44.47500000000002],[-68.21365120000002,44.47500000000002],[-68.21247579999999,44.47500000000002],[-68.20538479999999,44.47500000000002],[-68.2039193,44.47500000000002],[-68.20319799999999,44.47500000000002],[-68.20303200000001,44.47500000000002],[-68.20241800000002,44.47500000000002],[-68.20126859999999,44.47500000000002],[-68.200019,44.47500000000002],[-68.19862999999998,44.47500000000002],[-68.1975946,44.47500000000002],[-68.19588420000002,44.47500000000002],[-68.19502699999998,44.47500000000002],[-68.19500000000001,44.47500000000002],[-68.19500000000001,44.39999999999998],[-68.19576669999998,44.39999999999998]]]}}]}