{"type":"FeatureCollection","features":[{"type":"Feature","properties":{},"geometry":{"type":"Polygon","coordinates":[[[-76.3637435,35.858777599999996],[-76.36366199999998,35.8587445],[-76.36359499999998,35.85870890000001],[-76.36355429999998,35.85865910000001],[-76.3635281,35.85860229999997],[-76.36349899999999,35.85852879999999],[-76.36350479999999,35.8584553],[-76.36353680000002,35.85839850000002],[-76.36356590000003,35.85833919999999],[-76.36361829999998,35.85829180000002],[-76.36367660000002,35.85824919999999],[-76.3637435,35.85821600000003],[-76.36385410000003,35.858220700000004],[-76.36397929999998,35.85824919999999],[-76.36405209999998,35.85829419999999],[-76.36412189999999,35.85834160000002],[-76.36415690000001,35.858412699999974],[-76.36418309999999,35.858457699999974],[-76.36418600000002,35.85853830000002],[-76.36414810000002,35.85860939999998],[-76.36408410000001,35.858701800000006],[-76.36402299999997,35.85875870000001],[-76.36387910000002,35.85880279999998],[-76.36383369999999,35.85880370000001],[-76.36379590000001,35.85879419999998],[-76.3637435,35.858777599999996]]]}},{"type":"Feature","properties":{},"geometry":{"type":"Polygon","coordinates":[[[-76.35661140000002,35.860384099999976],[-76.35674260000002,35.8604292],[-76.3568416,35.86050990000001],[-76.35687080000002,35.86055729999998],[-76.35685039999998,35.86060950000001],[-76.35678919999998,35.86067600000001],[-76.35671630000002,35.86072819999998],[-76.3565036,35.86083259999998],[-76.35641320000002,35.860872900000004],[-76.35631990000002,35.860908499999994],[-76.35620920000002,35.860925099999974],[-76.35612179999998,35.860908499999994],[-76.3560139,35.86079460000002],[-76.3559922,35.860741099999984],[-76.35598190000002,35.860659399999975],[-76.3560081,35.8606001],[-76.3560372,35.86054789999997],[-76.3560693,35.86050510000001],[-76.35608969999998,35.860481400000026],[-76.35618,35.860438699999975],[-76.35627620000002,35.860388899999975],[-76.3563724,35.860358099999985],[-76.35646860000003,35.86034619999998],[-76.35661140000002,35.860384099999976]]]}},{"type":"Feature","properties":{},"geometry":{"type":"Polygon","coordinates":[[[-76.36557749999997,35.8587895],[-76.36555129999999,35.8587445],[-76.36553090000001,35.858687599999996],[-76.36553959999998,35.85863549999999],[-76.36555420000002,35.85859749999997],[-76.36559790000001,35.85855249999997],[-76.36566770000002,35.8585099],[-76.36582199999998,35.85853359999999],[-76.3658744,35.858562000000006],[-76.36590059999997,35.85860229999997],[-76.36591809999999,35.858642599999996],[-76.36592100000001,35.8586947],[-76.36589479999998,35.85875870000001],[-76.3658016,35.85882270000002],[-76.3657609,35.85883209999997],[-76.36570549999999,35.85885459999997],[-76.36562409999999,35.8588393],[-76.36557749999997,35.8587895]]]}},{"type":"Feature","properties":{},"geometry":{"type":"Polygon","coordinates":[[[-76.3846744,35.86139250000002],[-76.3849348,35.861284599999976],[-76.38501029999998,35.86125329999999],[-76.38601890000001,35.860718399999996],[-76.3873385,35.860110099999986],[-76.3886283,35.859666600000025],[-76.38931819999999,35.859513400000026],[-76.39019259999998,35.85938490000001],[-76.39044510000002,35.85932989999998],[-76.39072069999997,35.85917469999998],[-76.3907782,35.85909079999999],[-76.39074049999999,35.85901630000001],[-76.39061509999999,35.85893370000002],[-76.39039059999999,35.858899099999974],[-76.39013310000001,35.85891720000001],[-76.389948,35.85894459999997],[-76.38943110000002,35.859176400000024],[-76.38902969999998,35.859227499999974],[-76.38865340000001,35.859227499999974],[-76.38821430000002,35.859247900000014],[-76.38791320000001,35.859319400000004],[-76.3875271,35.85950869999999],[-76.3862949,35.86017720000001],[-76.3856677,35.860473300000024],[-76.38482720000002,35.86082049999999],[-76.38446190000002,35.860886600000015],[-76.38443130000002,35.8608926],[-76.38417329999999,35.8609429],[-76.38352179999998,35.86105759999998],[-76.38340440000002,35.86119050000002],[-76.38318290000001,35.86132709999998],[-76.3829278,35.8615183],[-76.38271300000002,35.86181879999998],[-76.38254519999998,35.86207009999998],[-76.38235730000002,35.86224499999997],[-76.38210229999999,35.86239790000002],[-76.38185390000001,35.86249079999999],[-76.38146460000002,35.86260549999997],[-76.38114250000001,35.8626984],[-76.3809008,35.86279680000001],[-76.3806189,35.86287870000001],[-76.38029,35.86295519999999],[-76.38000140000003,35.863009799999986],[-76.37964570000003,35.86297159999998],[-76.37920270000001,35.86291699999998],[-76.3786523,35.862813200000005],[-76.378263,35.86274209999999],[-76.3779073,35.86268200000001],[-76.3775516,35.8626438],[-76.37703479999999,35.86266019999999],[-76.3765381,35.86265470000001],[-76.37612869999998,35.86262190000002],[-76.37575950000002,35.86256179999998],[-76.37529640000002,35.86244160000001],[-76.3749474,35.86231049999998],[-76.37480640000001,35.86218489999999],[-76.37459159999997,35.86187890000002],[-76.3745111,35.8617696],[-76.37445070000001,35.86167130000001],[-76.37439699999999,35.86158929999999],[-76.37430970000003,35.86152920000001],[-76.37420229999998,35.86152920000001],[-76.37412180000001,35.8616002],[-76.37407480000002,35.86173680000002],[-76.3740345,35.86187890000002],[-76.37398089999999,35.861993600000005],[-76.37392039999997,35.86206470000002],[-76.3738265,35.86209200000002],[-76.37369899999999,35.862086499999975],[-76.3735916,35.862059199999976],[-76.37347749999998,35.86197720000001],[-76.37337009999999,35.86186249999997],[-76.37328280000003,35.86177509999999],[-76.37314190000001,35.8617423],[-76.3729942,35.86174779999999],[-76.37269889999999,35.86179149999998],[-76.372323,35.86191170000001],[-76.37212169999998,35.86197720000001],[-76.3718465,35.86204279999998],[-76.371578,35.86211930000002],[-76.37140349999999,35.862141099999974],[-76.3712491,35.86215750000002],[-76.37103430000002,35.86203189999998],[-76.37094710000002,35.861895300000015],[-76.3708934,35.8617314],[-76.37086649999998,35.86156199999999],[-76.37082629999998,35.861370799999975],[-76.37076580000002,35.86116320000002],[-76.37073229999999,35.86098290000001],[-76.37066520000002,35.86071509999999],[-76.3705981,35.86056209999998],[-76.3705041,35.86038180000003],[-76.37038330000001,35.86022889999998],[-76.3701618,35.86007590000003],[-76.36991339999997,35.85993380000002],[-76.36927580000003,35.8595459],[-76.36898050000002,35.85937100000001],[-76.36863820000002,35.85914700000001],[-76.36849719999998,35.859015899999974],[-76.36840999999998,35.85884650000003],[-76.36833610000002,35.858688099999995],[-76.3681818,35.858458600000006],[-76.36806769999998,35.858283700000015],[-76.36804080000002,35.85816349999999],[-76.3679603,35.8580379],[-76.36781259999998,35.85798319999998],[-76.36767839999999,35.857966799999986],[-76.3674972,35.85795589999998],[-76.36723540000003,35.85799420000001],[-76.36711459999998,35.858168999999975],[-76.36700719999999,35.85830010000001],[-76.36691990000003,35.858485900000005],[-76.3668662,35.85862800000001],[-76.36679240000001,35.85874269999999],[-76.36665140000002,35.85883560000002],[-76.36653059999998,35.85884110000001],[-76.36638299999998,35.858786399999985],[-76.36624870000003,35.858688099999995],[-76.3661682,35.858513200000004],[-76.36609440000001,35.85837120000002],[-76.36598700000002,35.85830010000001],[-76.3658863,35.85822910000002],[-76.36578559999998,35.858185400000025],[-76.3656044,35.858158100000026],[-76.36545669999998,35.85815259999998],[-76.36532920000002,35.858212700000024],[-76.3652419,35.85833289999999],[-76.36501370000002,35.85872089999998],[-76.36498690000002,35.85880830000002],[-76.3649332,35.85881920000003],[-76.3648392,35.85877549999998],[-76.36480569999998,35.85870990000001],[-76.36477880000001,35.85861160000002],[-76.36471840000002,35.85846950000001],[-76.36469829999999,35.85831109999998],[-76.36464460000002,35.858196299999975],[-76.36458420000002,35.858097999999984],[-76.3644969,35.85798319999998],[-76.36436270000002,35.8579067],[-76.3641882,35.85787399999998],[-76.36389960000002,35.8579067],[-76.36368479999999,35.85798870000002],[-76.36328880000002,35.85816349999999],[-76.36308070000001,35.85829469999999],[-76.36291290000003,35.85839850000002],[-76.36271829999998,35.85845310000002],[-76.36258400000003,35.858507799999984],[-76.36240950000001,35.858475],[-76.36219469999998,35.85842580000002],[-76.36199340000002,35.858305599999994],[-76.36181219999997,35.858185400000025],[-76.36164439999999,35.8580652],[-76.3615504,35.85798319999998],[-76.36142289999998,35.85790129999998],[-76.36128860000002,35.85785759999999],[-76.36110070000001,35.85787399999998],[-76.3608926,35.857939499999986],[-76.36061740000002,35.85803240000001],[-76.36038250000001,35.85817450000002],[-76.36002009999999,35.8583165],[-76.35973819999998,35.85839850000002],[-76.35933549999999,35.858540500000004],[-76.35916099999997,35.85861699999998],[-76.3591207,35.85870990000001],[-76.3591073,35.85884110000001],[-76.3592147,35.85898309999999],[-76.35936229999999,35.85915249999999],[-76.3594362,35.859332800000004],[-76.35945629999998,35.85949670000002],[-76.35944289999998,35.85968789999998],[-76.35938249999998,35.85986830000002],[-76.3592549,35.860070399999984],[-76.35907370000001,35.86021249999999],[-76.35884549999997,35.86038730000001],[-76.35862400000002,35.86049109999999],[-76.35838239999998,35.86055670000002],[-76.35816089999997,35.860594900000024],[-76.35797969999999,35.86062220000002],[-76.3575702,35.86058400000002],[-76.35744940000001,35.860540300000025],[-76.35736220000001,35.86043649999999],[-76.35726820000002,35.860305400000016],[-76.3571809,35.8601797],[-76.35712050000001,35.86002669999999],[-76.35703330000001,35.85990099999998],[-76.35693930000002,35.85982999999999],[-76.35679169999997,35.8598245],[-76.35658360000002,35.85991200000001],[-76.35629499999999,35.86005399999999],[-76.35600640000001,35.8601797],[-76.35571779999998,35.860431000000005],[-76.3554426,35.86070969999997],[-76.35532849999998,35.86083530000002],[-76.35515400000003,35.86086260000002],[-76.35477809999998,35.860868100000005],[-76.35434850000001,35.860840800000005],[-76.35364379999999,35.8608299],[-76.35320080000002,35.86083530000002],[-76.35302009999998,35.86083339999999],[-76.35295239999999,35.86084629999999],[-76.35264710000001,35.86092450000001],[-76.3522792,35.861148800000024],[-76.35208189999997,35.861339499999985],[-76.3519339,35.861600399999986],[-76.35185380000001,35.86184129999998],[-76.3518168,35.862082199999975],[-76.3517675,35.86232810000001],[-76.35174899999998,35.86255390000002],[-76.35166889999999,35.8627295],[-76.3516257,35.86292520000001],[-76.35144079999998,35.86305570000002],[-76.3511325,35.8631661],[-76.3507626,35.8632614],[-76.35032489999998,35.863311599999975],[-76.35000000000002,35.86331530000001],[-76.35000000000002,35.8517612],[-76.35000000000002,35.85000000000002],[-76.35446200000001,35.85000000000002],[-76.3602864,35.85000000000002],[-76.36807750000003,35.85000000000002],[-76.42500000000001,35.85000000000002],[-76.42500000000001,35.855807200000015],[-76.42500000000001,35.92500000000001],[-76.36961550000001,35.92500000000001],[-76.35000000000002,35.92500000000001],[-76.35000000000002,35.88332059999999],[-76.35000000000002,35.88080910000002],[-76.35000000000002,35.86395160000001],[-76.3501243,35.863933799999984],[-76.35109770000003,35.86371300000002],[-76.35170399999998,35.86353109999999],[-76.3521907,35.8633428],[-76.35261350000002,35.86315450000001],[-76.35268530000002,35.8630311],[-76.3527173,35.86282970000002],[-76.3526774,35.8626089],[-76.3526056,35.86240759999998],[-76.3525098,35.86216730000001],[-76.35246990000002,35.8619205],[-76.35258160000001,35.861654199999975],[-76.35278110000002,35.861426900000026],[-76.35299650000002,35.86132300000003],[-76.35315609999998,35.861290499999996],[-76.35342730000002,35.8613555],[-76.35384219999997,35.861420399999986],[-76.3541214,35.8614594],[-76.3548634,35.86147890000001],[-76.35535809999999,35.86147890000001],[-76.35565329999997,35.8614594],[-76.35623570000001,35.8613555],[-76.35678619999999,35.861232099999995],[-76.357959,35.86101129999997],[-76.35886060000001,35.86079699999999],[-76.3595866,35.860634600000026],[-76.35996160000002,35.86051120000002],[-76.3602328,35.86040079999998],[-76.3603445,35.8602449],[-76.36036849999999,35.860089000000016],[-76.36028069999998,35.859894199999985],[-76.36020889999998,35.85962790000002],[-76.36008120000002,35.85921880000001],[-76.3599855,35.8590044],[-76.35996160000002,35.85895900000003],[-76.35997750000001,35.85886149999999],[-76.3602328,35.858692700000006],[-76.36050410000001,35.858601799999974],[-76.3608312,35.858562800000016],[-76.36120620000003,35.85854979999999],[-76.36146150000002,35.85854330000001],[-76.36171680000001,35.85858880000001],[-76.36202789999999,35.8587316],[-76.3624029,35.85891350000003],[-76.36265029999998,35.8590499],[-76.36330450000003,35.8593616],[-76.36359970000001,35.85951749999998],[-76.36384700000002,35.85956950000002],[-76.3641103,35.85956299999998],[-76.36453310000002,35.85953699999999],[-76.3650677,35.85946560000002],[-76.36554640000003,35.859374600000024],[-76.36603309999998,35.85928369999999],[-76.36639209999998,35.859225200000026],[-76.36682289999999,35.859225200000026],[-76.36718189999999,35.85928369999999],[-76.36750899999998,35.859342200000015],[-76.367884,35.85942010000002],[-76.36817919999999,35.859504500000014],[-76.36844250000001,35.85964739999997],[-76.36872970000002,35.859790299999986],[-76.36904090000002,35.859959100000026],[-76.36935999999997,35.86015400000002],[-76.36957539999997,35.86037479999999],[-76.3697669,35.86064759999999],[-76.36990250000002,35.860926800000016],[-76.3700063,35.86115419999999],[-76.37008600000001,35.86134900000002],[-76.37026159999999,35.86173869999999],[-76.3703812,35.86195300000003],[-76.3705089,35.862154299999986],[-76.37066049999999,35.862362099999984],[-76.37085990000003,35.862498500000015],[-76.3710514,35.86266740000002],[-76.371219,35.86281029999998],[-76.3713626,35.86289470000003],[-76.37153810000001,35.86290120000001],[-76.3717216,35.8628817],[-76.3720088,35.86282319999998],[-76.37230399999999,35.86274529999997],[-76.37244759999999,35.86268039999999],[-76.37272689999998,35.862595899999974],[-76.37301409999998,35.8625505],[-76.3732455,35.86258290000001],[-76.37350079999999,35.86264790000001],[-76.3736045,35.86268690000003],[-76.37390770000002,35.8627128],[-76.3743225,35.86269979999997],[-76.37458579999998,35.86270630000001],[-76.37486510000002,35.8627778],[-76.37513630000001,35.86284920000003],[-76.3753916,35.86293360000002],[-76.3758464,35.863135],[-76.37607780000002,35.863160900000025],[-76.37642879999999,35.863160900000025],[-76.37685959999999,35.8631934],[-76.37722659999997,35.8631934],[-76.37752979999999,35.863206400000024],[-76.37784099999999,35.863225899999975],[-76.37821589999999,35.863232400000015],[-76.37846330000002,35.8632389],[-76.3786308,35.86326489999999],[-76.37869460000002,35.863329799999974],[-76.3787585,35.86336879999999],[-76.37896590000003,35.86338180000001],[-76.3793728,35.863420700000006],[-76.37976370000001,35.86345970000002],[-76.38000310000001,35.86345970000002],[-76.38009879999998,35.86351159999998],[-76.38015469999999,35.86362200000002],[-76.38022649999999,35.86380389999999],[-76.3803302,35.86390130000001],[-76.3804738,35.863933799999984],[-76.38060940000003,35.86390779999999],[-76.38076899999999,35.863836400000025],[-76.38095249999998,35.86374540000003],[-76.38109609999998,35.86360259999998],[-76.38119189999998,35.863492199999996],[-76.38128760000001,35.863362300000006],[-76.38145509999998,35.863180399999976],[-76.3816147,35.863050499999986],[-76.38186999999999,35.86293360000002],[-76.3821891,35.862816699999996],[-76.3825003,35.86274529999997],[-76.38274760000002,35.86269979999997],[-76.38283539999998,35.8626544],[-76.38284340000001,35.862544000000014],[-76.3828593,35.8624011],[-76.38290719999998,35.86227769999999],[-76.38301890000002,35.862154299999986],[-76.38325029999999,35.86200489999999],[-76.38344169999999,35.861894500000005],[-76.38418009999998,35.861580600000025],[-76.3846744,35.86139250000002]]]}},{"type":"Feature","properties":{},"geometry":{"type":"Polygon","coordinates":[[[-76.36760779999997,35.85882830000003],[-76.3675389,35.85882409999999],[-76.36748030000001,35.858813699999985],[-76.36745439999999,35.858796299999995],[-76.36742670000001,35.85870990000001],[-76.36740379999998,35.858631],[-76.36739610000001,35.858535500000016],[-76.36741139999998,35.858489899999995],[-76.36745730000001,35.85843169999998],[-76.3675083,35.8584151],[-76.36759760000001,35.858390199999974],[-76.36769709999999,35.858396400000004],[-76.36779139999999,35.85840889999997],[-76.3678832,35.85846079999999],[-76.36793929999999,35.85851059999999],[-76.36795460000002,35.85865799999999],[-76.3679419,35.85869539999999],[-76.3678956,35.85872760000001],[-76.3677889,35.858786699999996],[-76.36774300000002,35.858805399999994],[-76.36768690000002,35.858821999999975],[-76.36760779999997,35.85882830000003]]]}},{"type":"Feature","properties":{},"geometry":{"type":"Polygon","coordinates":[[[-76.35000000000002,35.86331530000001],[-76.3498811,35.86331660000002],[-76.3492584,35.86335680000002],[-76.348907,35.863311599999975],[-76.34860500000002,35.86328150000003],[-76.3482166,35.86326650000001],[-76.34797609999998,35.86328150000003],[-76.3477542,35.863291600000025],[-76.34735970000003,35.863487299999974],[-76.34697740000001,35.86371810000003],[-76.34658910000002,35.86391880000002],[-76.34632399999998,35.864069400000005],[-76.34603420000002,35.86419480000001],[-76.34571369999998,35.864239999999995],[-76.3454547,35.8642299],[-76.3450479,35.86419480000001],[-76.3447026,35.864144599999975],[-76.34407379999999,35.864069400000005],[-76.34342650000002,35.86400409999999],[-76.34285940000001,35.86397899999997],[-76.34250800000001,35.864009099999976],[-76.34220590000001,35.864204900000004],[-76.34184829999998,35.86440060000001],[-76.3415463,35.86459630000002],[-76.34130579999999,35.86479200000002],[-76.34112090000002,35.86504289999999],[-76.34096060000002,35.86532890000001],[-76.34088659999998,35.86563000000001],[-76.34091130000002,35.86583569999999],[-76.34102840000003,35.8660716],[-76.34117020000002,35.8662271],[-76.34142300000002,35.86652320000002],[-76.34168799999998,35.86666869999999],[-76.3420456,35.86681420000002],[-76.34229219999997,35.86698990000002],[-76.34252650000002,35.8671956],[-76.3426374,35.86740129999998],[-76.3426374,35.867566899999986],[-76.34250800000001,35.86780279999999],[-76.34210109999998,35.86804860000001],[-76.34194079999997,35.86815899999999],[-76.3416757,35.86830450000002],[-76.34134899999998,35.86844500000001],[-76.34093589999998,35.86867080000002],[-76.34081880000002,35.868771200000026],[-76.34073869999997,35.868886599999996],[-76.34070780000002,35.86913249999998],[-76.34066469999999,35.86939840000002],[-76.34064619999998,35.86961919999999],[-76.34065850000002,35.869895199999974],[-76.34062770000003,35.87018119999999],[-76.34062770000003,35.8702816],[-76.34059689999998,35.870567600000015],[-76.34041189999999,35.87080839999999],[-76.34024549999998,35.871014100000025],[-76.3400297,35.87114459999998],[-76.33975850000002,35.871264999999994],[-76.33950570000002,35.871360400000015],[-76.33912350000003,35.871525899999995],[-76.33883370000001,35.8717317],[-76.33860570000002,35.87196749999998],[-76.33842069999997,35.87217820000001],[-76.33827889999998,35.87240400000002],[-76.33803230000001,35.872960999999975],[-76.3378351,35.87407990000003],[-76.3378166,35.874300600000026],[-76.33777959999998,35.8746519],[-76.33776110000002,35.87494290000001],[-76.33769330000001,35.875359300000014],[-76.33761929999997,35.87569050000002],[-76.33757000000003,35.87586110000001],[-76.33736850000003,35.876160500000026],[-76.33724940000002,35.87636279999998],[-76.3370357,35.8766291],[-76.33700219999997,35.877068399999985],[-76.33693499999998,35.8775569],[-76.33687370000001,35.8778188],[-76.33674869999999,35.878211599999986],[-76.33668399999999,35.87835639999997],[-76.3365546,35.878488000000004],[-76.3361989,35.87864589999998],[-76.33556820000001,35.87884989999998],[-76.33506690000002,35.87903419999998],[-76.33450090000002,35.879244700000015],[-76.33398349999999,35.87948160000002],[-76.33353870000002,35.8798764],[-76.3334175,35.8802647],[-76.33324770000002,35.8807779],[-76.33317490000002,35.88106749999997],[-76.33316680000001,35.88138329999998],[-76.33318300000002,35.88175180000002],[-76.3332881,35.88209389999997],[-76.33351449999998,35.88262040000001],[-76.3337894,35.88302829999998],[-76.33409669999998,35.8835876],[-76.33417750000001,35.88378499999999],[-76.33420180000002,35.883969200000024],[-76.3341613,35.884107400000005],[-76.33398349999999,35.8843114],[-76.33361150000002,35.88478520000001],[-76.33309400000002,35.88539050000003],[-76.3328191,35.88576549999999],[-76.33255229999997,35.88604190000001],[-76.33205099999998,35.886318200000005],[-76.33161439999998,35.88657490000003],[-76.331008,35.88686439999998],[-76.3305714,35.887048600000014],[-76.33028030000003,35.88708150000002],[-76.3299649,35.8870354],[-76.3295607,35.88693669999998],[-76.3290432,35.88682490000002],[-76.32865509999999,35.88676570000001],[-76.32749890000002,35.88660770000001],[-76.32678729999998,35.88648269999999],[-76.32641539999997,35.88637749999998],[-76.32605160000003,35.88622609999999],[-76.32571200000001,35.886107700000025],[-76.32496809999998,35.88602220000001],[-76.32424040000001,35.88596949999999],[-76.32388459999999,35.886002399999995],[-76.32325400000002,35.88612740000002],[-76.32242919999999,35.88635770000002],[-76.3219765,35.886515599999996],[-76.3214347,35.886745899999994],[-76.320513,35.88715389999999],[-76.31984189999997,35.887364400000024],[-76.319567,35.8874763],[-76.31938100000002,35.8874697],[-76.31914649999999,35.88743679999999],[-76.31879880000002,35.88734470000003],[-76.31828949999999,35.88716699999998],[-76.31760220000001,35.88692359999999],[-76.31706050000003,35.886745899999994],[-76.31661580000002,35.88664060000002],[-76.31593659999999,35.8864696],[-76.31534629999999,35.88638400000002],[-76.3148046,35.88635110000001],[-76.31431140000001,35.88634459999997],[-76.3139152,35.88640379999998],[-76.31359989999999,35.88648269999999],[-76.31321179999998,35.88660119999997],[-76.31278320000001,35.8867788],[-76.3124517,35.88708150000002],[-76.31197470000001,35.887561800000015],[-76.31156229999999,35.88793679999998],[-76.31119849999999,35.88819999999998],[-76.31072949999998,35.888529000000005],[-76.31028479999998,35.8887527],[-76.30981580000002,35.88893030000003],[-76.30937920000002,35.889042200000006],[-76.30898300000001,35.88909480000001],[-76.30850600000002,35.889167199999974],[-76.308134,35.889101400000015],[-76.3076974,35.88895009999999],[-76.3072608,35.88876590000001],[-76.30687269999999,35.88859480000002],[-76.30646030000003,35.888397399999974],[-76.30612880000001,35.888226299999985],[-76.3053122,35.88782500000002],[-76.30475430000001,35.887588100000016],[-76.3042772,35.8874763],[-76.30387300000001,35.887390700000026],[-76.30344439999999,35.88720649999999],[-76.30277330000001,35.88689729999999],[-76.3024499,35.88670639999998],[-76.30205369999999,35.88638400000002],[-76.30172219999997,35.8860287],[-76.3014392,35.88567999999998],[-76.3011616,35.88536160000001],[-76.30103159999999,35.88513790000002],[-76.30065560000003,35.88472569999999],[-76.30014569999997,35.88429180000003],[-76.2994587,35.88407840000002],[-76.29890540000002,35.88398799999999],[-76.29826539999999,35.88395179999998],[-76.29786760000002,35.8840242],[-76.29751329999999,35.88415070000002],[-76.29713720000001,35.884454500000004],[-76.2963815,35.88535489999998],[-76.29536180000002,35.88672889999998],[-76.29505440000003,35.887014599999986],[-76.29379239999997,35.88746659999998],[-76.29337299999997,35.887484700000016],[-76.29308370000001,35.88746659999998],[-76.29262080000001,35.887339999999995],[-76.29179640000001,35.88717730000002],[-76.2915324,35.88703270000002],[-76.29117810000002,35.8868157],[-76.29086710000001,35.88643969999998],[-76.2902487,35.88587919999998],[-76.28991610000003,35.8854814],[-76.28929770000002,35.88519209999998],[-76.2876344,35.88492459999998],[-76.2871462,35.8849065],[-76.28690390000003,35.8849788],[-76.28568539999998,35.885463300000026],[-76.2838231,35.886457699999994],[-76.28322650000001,35.88672889999998],[-76.28302760000003,35.88677960000001],[-76.28167880000001,35.88686999999999],[-76.28134619999997,35.8868157],[-76.28092670000001,35.886710900000026],[-76.2804602,35.886421600000006],[-76.28017460000001,35.88605639999997],[-76.2800408,35.885698400000024],[-76.27997570000002,35.88513790000002],[-76.2800408,35.88487029999999],[-76.28130279999999,35.883698700000025],[-76.2814366,35.883445600000016],[-76.28147999999999,35.88294300000001],[-76.28138960000001,35.88232829999998],[-76.28119070000002,35.881912399999976],[-76.28065909999998,35.88133749999997],[-76.28041689999998,35.88108440000002],[-76.28021799999999,35.8809397],[-76.27999740000001,35.8808674],[-76.2793067,35.8807625],[-76.27837740000001,35.8807625],[-76.277647,35.880726400000015],[-76.27724920000003,35.880690200000004],[-76.2769333,35.88068989999999],[-76.27661210000002,35.8807281],[-76.27499999999998,35.88136029999998],[-76.27499999999998,35.85000000000002],[-76.35000000000002,35.85000000000002],[-76.35000000000002,35.8517612],[-76.35000000000002,35.86331530000001]]]}},{"type":"Feature","properties":{},"geometry":{"type":"Polygon","coordinates":[[[-76.27651100000003,35.92500000000001],[-76.27499999999998,35.92500000000001],[-76.27499999999998,35.92186670000001],[-76.2753002,35.92182220000001],[-76.27578840000001,35.92182220000001],[-76.2762765,35.92189450000001],[-76.27669600000002,35.92205719999998],[-76.27685150000002,35.92227059999999],[-76.27685150000002,35.92265020000002],[-76.2766092,35.92387239999999],[-76.27651100000003,35.92500000000001]]]}},{"type":"Feature","properties":{},"geometry":{"type":"Polygon","coordinates":[[[-76.28759100000002,35.924328100000025],[-76.28761270000001,35.924147300000016],[-76.28738850000002,35.92389050000003],[-76.28725830000002,35.9235506],[-76.28716789999999,35.9225237],[-76.28703769999998,35.92174990000001],[-76.28694730000001,35.921446100000026],[-76.28623859999999,35.9203071],[-76.28504529999998,35.9187594],[-76.28469100000001,35.918524400000024],[-76.284022,35.91823870000002],[-76.28336030000003,35.918184499999995],[-76.28247440000001,35.91805790000001],[-76.28192109999998,35.9179494],[-76.28138960000001,35.91791330000001],[-76.28090500000002,35.9179494],[-76.28057230000002,35.91805790000001],[-76.28030840000002,35.918112199999996],[-76.27999740000001,35.918075999999985],[-76.2796611,35.91798560000001],[-76.2795056,35.9179494],[-76.27917300000001,35.918003699999986],[-76.27902110000002,35.91798560000001],[-76.278909,35.91791330000001],[-76.27884390000003,35.917822899999976],[-76.27881860000002,35.91733829999998],[-76.2787535,35.917027399999995],[-76.27861969999998,35.9169225],[-76.27844249999998,35.91683210000002],[-76.2782436,35.91679590000001],[-76.27784589999999,35.91679590000001],[-76.27773739999998,35.9168502],[-76.27769039999998,35.91695870000001],[-76.27769039999998,35.91717560000001],[-76.27784589999999,35.917374499999994],[-76.27795800000001,35.917410700000005],[-76.27809180000003,35.917410700000005],[-76.2782436,35.91733829999998],[-76.27835570000002,35.91732029999997],[-76.27844249999998,35.91733829999998],[-76.27848949999998,35.917374499999994],[-76.2785763,35.91750109999998],[-76.27864499999998,35.91764569999998],[-76.27866669999997,35.917822899999976],[-76.27866669999997,35.91798560000001],[-76.27861969999998,35.918112199999996],[-76.27846779999999,35.918220599999984],[-76.27833399999997,35.918220599999984],[-76.27804479999998,35.91813020000001],[-76.27786759999998,35.91816640000002],[-76.2778025,35.918220599999984],[-76.27769039999998,35.91840139999999],[-76.27766869999999,35.918849799999975],[-76.27753849999999,35.919030599999985],[-76.27742640000002,35.91908489999997],[-76.27720579999999,35.919102899999984],[-76.27654050000001,35.91904870000002],[-76.27647539999998,35.91904870000002],[-76.2759656,35.919262],[-76.2756799,35.919247600000006],[-76.27549909999999,35.919211399999995],[-76.27531729999998,35.91921439999999],[-76.27499999999998,35.919219699999985],[-76.27499999999998,35.88963690000003],[-76.27499999999998,35.88209119999999],[-76.2759926,35.88180679999999],[-76.2768749,35.88157000000001],[-76.27756210000001,35.8815146],[-76.27879949999999,35.881639199999995],[-76.27955229999998,35.88181509999998],[-76.2800666,35.88215789999998],[-76.28031299999998,35.88241069999998],[-76.2803356,35.882917099999986],[-76.28004770000001,35.88380030000002],[-76.2793158,35.885259399999995],[-76.27927290000002,35.88556699999998],[-76.27951660000002,35.886308199999974],[-76.28005350000001,35.887171799999976],[-76.28040850000002,35.88744250000002],[-76.28107449999999,35.887709099999995],[-76.2816282,35.887852899999984],[-76.28231199999999,35.8878517],[-76.28304229999998,35.887600899999995],[-76.28386280000001,35.8872015],[-76.2849253,35.88662449999998],[-76.28654110000002,35.88582580000002],[-76.28683030000002,35.88573480000002],[-76.28711600000003,35.885734300000024],[-76.28755760000001,35.885824000000014],[-76.28828870000001,35.88605439999998],[-76.28873770000001,35.88629229999998],[-76.290708,35.887656400000026],[-76.29106280000002,35.8878186],[-76.29185890000002,35.88798000000003],[-76.29290470000001,35.888159099999996],[-76.29365719999998,35.88821200000001],[-76.29452170000002,35.88812009999998],[-76.29540759999998,35.88784720000001],[-76.2958266,35.88754269999998],[-76.2962023,35.88721650000002],[-76.29648750000001,35.88683609999998],[-76.29691259999998,35.885862299999985],[-76.2971326,35.885445800000014],[-76.2974648,35.88508719999999],[-76.29788380000002,35.88472469999999],[-76.2981694,35.88461569999998],[-76.29872289999997,35.88459660000001],[-76.2993452,35.88470410000002],[-76.29969999999997,35.88484820000002],[-76.30042830000002,35.88553059999998],[-76.30051070000002,35.88568120000002],[-76.30082270000003,35.88605610000002],[-76.3011229,35.8865624],[-76.30133360000002,35.886772699999995],[-76.30172240000002,35.88710120000002],[-76.30209489999999,35.8873375],[-76.3024107,35.887547600000005],[-76.30297760000002,35.887908700000025],[-76.30378719999999,35.8883022],[-76.3040866,35.88838070000003],[-76.30441029999997,35.888432799999975],[-76.30468530000002,35.8884587],[-76.30487959999999,35.8885176],[-76.30515480000003,35.88865529999998],[-76.30547869999998,35.888839099999984],[-76.3058835,35.88906220000001],[-76.30623170000001,35.889285400000006],[-76.30723569999998,35.88984310000001],[-76.30747050000002,35.889948100000026],[-76.30770519999999,35.8900266],[-76.30790089999999,35.8900759],[-76.30840089999998,35.89006490000003],[-76.30894280000001,35.890004799999986],[-76.30954120000001,35.8898853],[-76.30990500000001,35.8897925],[-76.3103739,35.889640299999996],[-76.31061640000001,35.889534500000025],[-76.31078609999997,35.8894487],[-76.31092589999997,35.889385600000026],[-76.31123869999999,35.88919120000003],[-76.31161830000002,35.88888780000002],[-76.31228060000001,35.88827450000002],[-76.31343559999999,35.88726539999999],[-76.31366179999998,35.88710040000001],[-76.31383949999997,35.88698160000001],[-76.31392849999997,35.886987999999974],[-76.3141551,35.88703370000002],[-76.31453540000001,35.887092300000006],[-76.31486719999998,35.88716419999997],[-76.3155145,35.88731439999998],[-76.31580589999999,35.887386400000025],[-76.31622670000002,35.887484400000005],[-76.31678499999998,35.88762159999999],[-76.31739190000002,35.88775879999997],[-76.31773179999999,35.88782409999999],[-76.31809600000003,35.88792219999999],[-76.3184278,35.8880006],[-76.31890520000002,35.888091900000006],[-76.31913989999998,35.8881705],[-76.3193695,35.88818939999999],[-76.31985980000002,35.8881495],[-76.32015890000002,35.88807659999998],[-76.32053079999997,35.887944300000015],[-76.32091070000001,35.887785699999995],[-76.32146840000001,35.88750829999998],[-76.32262429999997,35.88705870000001],[-76.3231255,35.88684060000003],[-76.32357009999998,35.88670159999998],[-76.32403119999998,35.886681099999976],[-76.32440329999997,35.88668039999999],[-76.32479160000003,35.886712699999975],[-76.32538219999998,35.88679719999999],[-76.3258758,35.8868885],[-76.32624800000002,35.88695369999999],[-76.32657990000001,35.88705850000002],[-76.32709790000001,35.887235299999986],[-76.3275592,35.88739909999998],[-76.32838459999999,35.8875688],[-76.32890250000003,35.887673199999995],[-76.32920990000002,35.88772540000002],[-76.3296226,35.887790499999994],[-76.32992999999999,35.88780969999999],[-76.33041659999998,35.887753599999996],[-76.33094080000001,35.88763019999999],[-76.331345,35.88746500000002],[-76.33186219999999,35.88716790000001],[-76.33251680000001,35.88681129999998],[-76.33287999999999,35.886586799999975],[-76.33311459999999,35.88636919999999],[-76.33322750000002,35.88619790000001],[-76.33346139999998,35.885756500000014],[-76.33382460000001,35.885294999999985],[-76.33418790000002,35.88491920000001],[-76.33443820000002,35.8846489],[-76.334745,35.88427969999998],[-76.33482140000001,35.884129900000005],[-76.33486549999998,35.883818700000006],[-76.33483269999999,35.883562100000006],[-76.33478380000003,35.883318599999996],[-76.33463769999997,35.88305550000001],[-76.33447539999997,35.88272669999998],[-76.3342806,35.88237809999998],[-76.33407790000001,35.882101999999975],[-76.33383470000001,35.8817535],[-76.3337694,35.88145739999999],[-76.33378520000002,35.88121380000001],[-76.3338655,35.880891099999985],[-76.33401049999998,35.880541900000026],[-76.33430120000003,35.88021229999998],[-76.33463230000001,35.879902300000026],[-76.33489889999998,35.879724099999976],[-76.33519790000003,35.87954580000002],[-76.33555360000003,35.87943330000002],[-76.33584459999997,35.87930110000002],[-76.3363458,35.8791028],[-76.3372349,35.878686500000015],[-76.33753380000002,35.878501700000015],[-76.33767089999998,35.87824469999998],[-76.33770679999998,35.877964599999984],[-76.33771080000002,35.87712690000001],[-76.33780439999998,35.87671230000001],[-76.337872,35.876463100000024],[-76.33802850000001,35.87628219999999],[-76.3383164,35.87598630000002],[-76.33840420000001,35.87572660000001],[-76.33846799999998,35.875401899999986],[-76.3385159,35.87505779999998],[-76.3386276,35.87447989999998],[-76.33869140000002,35.87396690000003],[-76.33875519999998,35.873187599999994],[-76.33879510000003,35.87288890000002],[-76.33902649999999,35.87266169999998],[-76.3392738,35.87245389999998],[-76.33960889999997,35.87216169999999],[-76.33989609999998,35.871966799999996],[-76.34042269999998,35.87152529999997],[-76.34102899999999,35.8709733],[-76.34125239999997,35.87068110000001],[-76.34126040000001,35.8704798],[-76.3412444,35.86979789999998],[-76.34127640000003,35.8694797],[-76.34128429999998,35.869226500000025],[-76.34138009999998,35.869012199999986],[-76.34146779999998,35.86887580000001],[-76.34161139999998,35.868752400000005],[-76.3418029,35.86868099999998],[-76.342154,35.868629],[-76.34245709999999,35.86860309999997],[-76.34263270000002,35.86853810000002],[-76.34283210000001,35.868395299999975],[-76.34299970000001,35.86827840000001],[-76.34323899999998,35.86804460000002],[-76.34338259999998,35.86780429999999],[-76.34345439999998,35.86762249999998],[-76.34347839999998,35.86744709999999],[-76.34345439999998,35.86720680000002],[-76.34333930000003,35.86702819999999],[-76.343255,35.8668821],[-76.34314330000001,35.86679120000002],[-76.3429438,35.866648399999974],[-76.34267260000001,35.8664665],[-76.3424013,35.86639509999998],[-76.34216199999997,35.86632370000001],[-76.34193859999999,35.866239199999995],[-76.341771,35.86607040000001],[-76.34172310000002,35.865914499999974],[-76.34173909999998,35.8657197],[-76.34181089999998,35.86545339999998],[-76.34188269999999,35.86516769999997],[-76.34206619999998,35.86490140000001],[-76.34223379999997,35.864732600000025],[-76.34243320000002,35.864576699999986],[-76.34279220000002,35.86452480000003],[-76.34307949999999,35.864518299999986],[-76.34345439999998,35.8645702],[-76.34383739999998,35.864628700000026],[-76.34418840000001,35.864687100000026],[-76.3445714,35.864791000000025],[-76.34489050000002,35.864862500000015],[-76.34523359999997,35.86493389999998],[-76.34553679999999,35.86498590000002],[-76.3458559,35.865018299999974],[-76.34615109999999,35.86503779999998],[-76.34640639999998,35.865024800000015],[-76.34658990000003,35.8649729],[-76.34668570000002,35.864888399999984],[-76.34702069999997,35.86452480000003],[-76.34731590000001,35.86442729999999],[-76.34772279999999,35.86433640000001],[-76.3481936,35.864258500000005],[-76.34865630000002,35.86416109999999],[-76.34915890000002,35.864070200000015],[-76.34971739999997,35.863992199999984],[-76.35000000000002,35.86395160000001],[-76.35000000000002,35.88080910000002],[-76.35000000000002,35.88332059999999],[-76.35000000000002,35.92500000000001],[-76.31712620000002,35.92500000000001],[-76.30473110000003,35.92500000000001],[-76.30480920000002,35.92481600000002],[-76.3048129,35.924757899999975],[-76.3047904,35.92473030000002],[-76.30474900000002,35.92471810000001],[-76.30467379999999,35.924725799999976],[-76.30459760000002,35.9247805],[-76.30439810000001,35.92497530000003],[-76.30438620000001,35.92500000000001],[-76.28724260000001,35.92500000000001],[-76.28759100000002,35.924328100000025]]]}},{"type":"Feature","properties":{},"geometry":{"type":"Polygon","coordinates":[[[-76.27499999999998,35.92500000000001],[-76.26979490000002,35.92500000000001],[-76.27020529999999,35.924921100000006],[-76.2709357,35.924740299999996],[-76.2713769,35.92455949999999],[-76.27370560000003,35.922596],[-76.2742154,35.92218380000003],[-76.27459149999999,35.92196680000001],[-76.27481210000002,35.92189450000001],[-76.27499999999998,35.92186670000001],[-76.27499999999998,35.92500000000001]]]}},{"type":"Feature","properties":{},"geometry":{"type":"Polygon","coordinates":[[[-76.27499999999998,35.85000000000002],[-76.27499999999998,35.88136029999998],[-76.27400019999999,35.881598499999996],[-76.27294039999998,35.8819034],[-76.27231619999998,35.882193700000016],[-76.2720258,35.88238239999998],[-76.2718036,35.882613900000024],[-76.27100080000002,35.88415070000002],[-76.27067169999998,35.88488840000002],[-76.270603,35.885155999999995],[-76.2705163,35.88575259999999],[-76.27031740000001,35.88602020000002],[-76.26996300000002,35.88625889999997],[-76.26958689999998,35.88636730000002],[-76.26936640000002,35.886349300000006],[-76.26916749999998,35.88629500000002],[-76.26857089999999,35.88602020000002],[-76.2679923,35.88564409999998],[-76.26757279999998,35.88517409999997],[-76.2672872,35.88503300000002],[-76.26690389999999,35.8849788],[-76.2667303,35.8849788],[-76.266705,35.884996899999976],[-76.26670510000002,35.885051499999975],[-76.26673090000003,35.885138900000015],[-76.266954,35.885448199999985],[-76.26718019999998,35.88555689999998],[-76.26740260000003,35.88559279999998],[-76.26745030000001,35.88570199999998],[-76.2673595,35.88581160000001],[-76.26706469999999,35.8859908],[-76.26628549999998,35.88628799999998],[-76.26526260000003,35.886728000000005],[-76.26490619999998,35.886998500000004],[-76.26441540000002,35.88749180000002],[-76.26408520000001,35.88803569999999],[-76.26388259999999,35.88861559999998],[-76.26379739999999,35.889504999999986],[-76.26342410000001,35.89175820000003],[-76.26282350000002,35.893468900000016],[-76.26233289999999,35.894016799999974],[-76.26181980000001,35.89428779999997],[-76.26146299999999,35.89443449999999],[-76.26113149999998,35.894508299999984],[-76.26026080000003,35.89460159999999],[-76.25994750000001,35.89467530000002],[-76.25941590000002,35.89484060000001],[-76.2584511,35.89518559999999],[-76.25769409999998,35.89562480000001],[-76.25689410000001,35.89631559999998],[-76.25653740000001,35.89649880000002],[-76.2563591,35.896557599999994],[-76.25615870000001,35.89657629999999],[-76.25604959999998,35.89666770000002],[-76.2559157,35.897046999999986],[-76.25602600000002,35.89742940000002],[-76.25605200000001,35.89764439999999],[-76.2559622,35.898154799999986],[-76.25562869999999,35.898862699999995],[-76.25512020000002,35.899516300000016],[-76.25500799999998,35.89978989999997],[-76.25494329999998,35.900154499999985],[-76.25476529999997,35.90041009999999],[-76.25458700000001,35.900519900000006],[-76.2545652,35.900519900000006],[-76.25433750000002,35.90050179999997],[-76.25418209999998,35.900194399999975],[-76.25413909999997,35.899580000000014],[-76.25371990000002,35.89927269999998],[-76.25334400000003,35.8990412],[-76.25330070000001,35.89895080000002],[-76.25303380000003,35.89745799999997],[-76.25299050000001,35.89734950000002],[-76.25279169999999,35.89731339999997],[-76.2524808,35.897295199999974],[-76.25192800000002,35.89702390000002],[-76.2511111,35.8967887],[-76.25095579999999,35.89680670000001],[-76.2509341,35.896897000000024],[-76.2509786,35.89704119999999],[-76.2519115,35.897589400000015],[-76.25237829999998,35.89769389999998],[-76.2525559,35.897764600000016],[-76.25268870000002,35.898088599999994],[-76.25289609999999,35.898697200000015],[-76.2530089,35.8992164],[-76.2531227,35.89943219999998],[-76.25338799999997,35.899628500000006],[-76.25354540000001,35.89988010000002],[-76.25370349999997,35.900203799999986],[-76.25381520000002,35.900600199999985],[-76.25392879999998,35.90079420000001],[-76.25439349999999,35.90107929999999],[-76.25583130000001,35.90205270000001],[-76.2568665,35.90246769999999],[-76.25724279999997,35.902916800000014],[-76.25728830000003,35.90297099999998],[-76.257768,35.903690400000016],[-76.25811800000002,35.90410739999999],[-76.2587532,35.90445460000001],[-76.2589504,35.90478469999999],[-76.25917020000003,35.90525930000001],[-76.25943439999998,35.905571099999975],[-76.26000470000002,35.90653329999998],[-76.26053339999999,35.907955000000015],[-76.26060580000001,35.90853340000001],[-76.26056979999998,35.90922219999999],[-76.26047840000001,35.909632199999976],[-76.26044209999998,35.909788100000014],[-76.2603393,35.91067509999999],[-76.2603206,35.912938499999996],[-76.25996579999997,35.91375870000002],[-76.2597978,35.91407770000001],[-76.2595364,35.91454859999999],[-76.25931229999998,35.91485239999997],[-76.25888279999998,35.9150803],[-76.25774380000001,35.915216999999984],[-76.25716490000002,35.9152929],[-76.2566488,35.91528740000001],[-76.2557071,35.91524879999997],[-76.2553403,35.91522509999999],[-76.25488639999998,35.91526729999998],[-76.25451040000002,35.91530949999998],[-76.25434940000002,35.91537629999999],[-76.25425139999999,35.91553950000002],[-76.25415229999999,35.915729999999996],[-76.2541392,35.91586560000002],[-76.2541794,35.9160043],[-76.25419369999997,35.91609440000002],[-76.25421210000002,35.91674260000002],[-76.25424020000003,35.9168871],[-76.2542841,35.917045400000006],[-76.2543708,35.91753720000003],[-76.25439169999999,35.91781420000001],[-76.25441419999999,35.918112199999996],[-76.25441419999999,35.918437600000004],[-76.25441419999999,35.91863289999998],[-76.25455160000001,35.919370500000014],[-76.2545733,35.919406700000025],[-76.25466369999998,35.920108200000016],[-76.2547975,35.9203071],[-76.25486260000002,35.92039749999998],[-76.25497469999999,35.92046979999998],[-76.25510489999999,35.92050599999999],[-76.25561470000002,35.920563800000025],[-76.25579190000002,35.92059999999998],[-76.25610289999997,35.920708400000024],[-76.25723110000001,35.921840299999985],[-76.25820379999999,35.922614099999976],[-76.25853649999999,35.92327940000001],[-76.25866660000003,35.923406],[-76.25893780000001,35.923568699999976],[-76.25904630000002,35.923677199999986],[-76.25900289999998,35.92385439999998],[-76.25889439999997,35.92405689999998],[-76.258804,35.92454140000001],[-76.25882569999999,35.924704099999985],[-76.25893780000001,35.924812599999996],[-76.25904630000002,35.92484880000001],[-76.25937900000002,35.92484880000001],[-76.25949109999999,35.924812599999996],[-76.2595996,35.92479450000002],[-76.25995390000003,35.924921100000006],[-76.26008769999999,35.92497530000003],[-76.26022180000001,35.92500000000001],[-76.25048620000001,35.92500000000001],[-76.19999999999999,35.92500000000001],[-76.19999999999999,35.906227899999976],[-76.19999999999999,35.85000000000002],[-76.27499999999998,35.85000000000002]]]}},{"type":"Feature","properties":{},"geometry":{"type":"Polygon","coordinates":[[[-76.25661109999999,35.9167142],[-76.2566435,35.91661749999997],[-76.25675150000001,35.91647690000002],[-76.25700010000003,35.9163011],[-76.25721620000002,35.91623950000002],[-76.25741069999998,35.91623950000002],[-76.25789700000001,35.916222000000005],[-76.2584048,35.916265899999985],[-76.25902079999997,35.91642409999997],[-76.25951789999999,35.916450499999996],[-76.26002570000003,35.91638899999998],[-76.26044719999999,35.916054900000006],[-76.2607281,35.91569449999997],[-76.26091179999997,35.91541330000001],[-76.26117959999999,35.9150406],[-76.261662,35.91424310000002],[-76.26219099999997,35.91300260000003],[-76.2622844,35.91244560000001],[-76.26214429999999,35.91187600000001],[-76.26211319999999,35.910939299999995],[-76.262002,35.909642700000006],[-76.26209519999998,35.908756900000014],[-76.2622179,35.90779900000001],[-76.2622169,35.907606799999996],[-76.26168790000003,35.90592320000002],[-76.26148979999999,35.9055151],[-76.26148849999998,35.9052873],[-76.2614625,35.90509179999998],[-76.2613551,35.904967899999974],[-76.2604364,35.9042293],[-76.2599745,35.90371950000002],[-76.25975590000002,35.90343250000001],[-76.25966699999998,35.90281379999999],[-76.25878929999999,35.901772600000015],[-76.25874649999997,35.90172580000001],[-76.25823109999999,35.90116219999999],[-76.2578537,35.900497299999984],[-76.2576975,35.90015390000002],[-76.25769689999998,35.89977399999998],[-76.2578297,35.899176899999986],[-76.2580499,35.89889069999998],[-76.25866739999998,35.898242100000004],[-76.26017389999998,35.897049400000014],[-76.26130139999998,35.896378200000015],[-76.262563,35.89580089999998],[-76.2636943,35.895238199999994],[-76.26418210000003,35.89495149999999],[-76.2645144,35.894625399999995],[-76.2646006,35.8942816],[-76.2646901,35.8937062],[-76.26468820000002,35.89262450000001],[-76.26510239999999,35.88941139999997],[-76.26532229999998,35.88903490000001],[-76.2662072,35.888168699999994],[-76.26758039999999,35.88731990000002],[-76.26789129999997,35.887228900000025],[-76.26972890000002,35.88717150000002],[-76.27028230000002,35.887062000000014],[-76.2709223,35.88689820000002],[-76.27125469999999,35.8866299],[-76.27178889999999,35.885941600000024],[-76.27244860000002,35.884605599999986],[-76.2730004,35.88366769999999],[-76.27342290000001,35.88318220000002],[-76.27390680000002,35.88272549999999],[-76.2743946,35.88236660000001],[-76.274926,35.88211239999998],[-76.27499999999998,35.88209119999999],[-76.27499999999998,35.88963690000003],[-76.27499999999998,35.919219699999985],[-76.27441429999999,35.91922949999997],[-76.27428049999997,35.91919330000002],[-76.27392609999998,35.91904870000002],[-76.27370560000003,35.918885999999986],[-76.2735935,35.91881369999999],[-76.2733078,35.91870519999998],[-76.27299679999999,35.91863289999998],[-76.27277629999998,35.9185425],[-76.27213619999998,35.91848820000001],[-76.27195899999998,35.91848820000001],[-76.27160470000001,35.9185425],[-76.27142750000002,35.91863289999998],[-76.27102609999997,35.918777499999976],[-76.2700064,35.919262],[-76.26764150000002,35.92019859999999],[-76.26555509999997,35.92131949999998],[-76.26480299999997,35.921876399999974],[-76.264228,35.92225610000003],[-76.2638086,35.92241519999999],[-76.26341079999997,35.92246940000001],[-76.2631902,35.9224514],[-76.26289739999999,35.92236100000002],[-76.26267680000001,35.92218380000003],[-76.26240919999998,35.921912599999985],[-76.26214520000002,35.92155100000002],[-76.25933559999999,35.919175300000006],[-76.25915839999999,35.919030599999985],[-76.2583593,35.918524400000024],[-76.25689840000001,35.917663800000014],[-76.25682970000003,35.917591500000015],[-76.2565874,35.9169225],[-76.25662190000003,35.9168373],[-76.25661109999999,35.9167142]]]}},{"type":"Feature","properties":{},"geometry":{"type":"Polygon","coordinates":[[[-76.45768609999999,35.92500000000001],[-76.46760699999999,35.92500000000001],[-76.5,35.92500000000001],[-76.5,35.954252199999985],[-76.49988969999998,35.95430829999998],[-76.49924970000001,35.95456139999999],[-76.49849760000001,35.95499530000001],[-76.49809620000002,35.955230400000005],[-76.49756819999999,35.95560640000002],[-76.49696799999998,35.95602229999997],[-76.4966389,35.9561994],[-76.49650509999998,35.956235600000014],[-76.49577110000001,35.956163300000014],[-76.49541670000002,35.95625369999999],[-76.49523950000003,35.956344100000024],[-76.4936485,35.957494],[-76.49260709999999,35.958144800000014],[-76.49216589999997,35.95847029999999],[-76.49176820000002,35.95875960000001],[-76.49039049999999,35.95990949999998],[-76.4898632,35.9601892],[-76.48976379999999,35.960241999999994],[-76.48968180000003,35.9602855],[-76.48932739999998,35.9603578],[-76.48882120000002,35.960339799999986],[-76.48780140000002,35.959891400000004],[-76.48769299999998,35.959819100000004],[-76.48713249999997,35.95956589999997],[-76.48651410000002,35.95929840000002],[-76.4861598,35.959226],[-76.48571859999998,35.959135600000025],[-76.48532130000001,35.95907399999999],[-76.48482999999999,35.958997899999986],[-76.48381499999999,35.958981600000016],[-76.48276600000003,35.95906289999999],[-76.48159720000001,35.959241599999984],[-76.48105770000001,35.95942020000001],[-76.47959329999998,35.959605899999985],[-76.47871040000001,35.95971789999999],[-76.47811860000002,35.959792900000025],[-76.47713579999999,35.959890099999996],[-76.47621270000002,35.96009470000001],[-76.47501390000002,35.96047490000001],[-76.47385100000002,35.96087449999999],[-76.47234850000001,35.9613602],[-76.47129949999999,35.96179059999997],[-76.47020049999998,35.9624647],[-76.46917150000002,35.963106400000015],[-76.46812260000002,35.96346369999998],[-76.46727340000001,35.963691100000005],[-76.46556670000001,35.96390509999998],[-76.46463740000002,35.96428479999997],[-76.46368639999997,35.96480550000001],[-76.46173370000002,35.965832499999976],[-76.46113709999997,35.96617600000002],[-76.46071760000001,35.966425500000014],[-76.46025120000002,35.9666967],[-76.45828410000001,35.96791889999997],[-76.45755000000003,35.968298600000026],[-76.45715230000002,35.9684757],[-76.45675089999997,35.96854810000002],[-76.45630970000002,35.96858420000001],[-76.45493929999998,35.96862040000002],[-76.45445110000003,35.96869270000002],[-76.4541438,35.968877099999986],[-76.45365559999999,35.969325500000025],[-76.45280939999998,35.97004509999999],[-76.45254549999999,35.970135500000026],[-76.45095079999999,35.970565799999974],[-76.44906689999999,35.97090930000002],[-76.44862569999998,35.9710503],[-76.44831479999999,35.9712854],[-76.44771809999997,35.97157470000002],[-76.4470781,35.97173379999998],[-76.44639110000003,35.97196880000001],[-76.44519780000002,35.97218579999998],[-76.44474939999998,35.97218579999998],[-76.44428649999998,35.972077300000024],[-76.4439322,35.97204110000001],[-76.4431113,35.972077300000024],[-76.4416071,35.97226169999999],[-76.43994370000001,35.97263779999997],[-76.43866009999999,35.97308609999999],[-76.4372679,35.97367919999999],[-76.43677969999999,35.973769600000026],[-76.43600229999998,35.97375149999999],[-76.43534060000002,35.973769600000026],[-76.43456309999999,35.97395039999998],[-76.43390140000002,35.9741492],[-76.43325779999998,35.974362600000006],[-76.43299380000002,35.974615700000015],[-76.43259599999999,35.9748869],[-76.43223799999998,35.97510030000001],[-76.43124369999998,35.97546190000003],[-76.43055659999999,35.9756969],[-76.42570760000001,35.977352999999994],[-76.42500000000001,35.97771019999999],[-76.42500000000001,35.928774299999986],[-76.42500000000001,35.92500000000001],[-76.45768609999999,35.92500000000001]]]}},{"type":"Feature","properties":{},"geometry":{"type":"Polygon","coordinates":[[[-76.37902509999998,35.93397920000001],[-76.37882619999999,35.933961099999976],[-76.37871769999998,35.93388879999998],[-76.378649,35.93376219999999],[-76.378649,35.93365369999998],[-76.37869599999999,35.933599500000014],[-76.37873939999997,35.9335633],[-76.37893830000002,35.9335633],[-76.37904680000003,35.93361759999999],[-76.3791372,35.93374410000001],[-76.37915880000003,35.93383449999999],[-76.3791372,35.93390679999999],[-76.37902509999998,35.93397920000001]]]}},{"type":"Feature","properties":{},"geometry":{"type":"Polygon","coordinates":[[[-76.38184189999998,35.934702300000026],[-76.38175150000001,35.93459389999998],[-76.3817732,35.934394999999995],[-76.3819287,35.93428290000003],[-76.3824386,35.934228700000006],[-76.382858,35.93424670000002],[-76.3830352,35.93431909999998],[-76.38354509999999,35.934431200000006],[-76.38358840000001,35.934575800000005],[-76.38354509999999,35.93466619999998],[-76.3833462,35.9347204],[-76.38305689999999,35.934756600000014],[-76.3825036,35.93481079999998],[-76.38217100000003,35.93481079999998],[-76.38184189999998,35.934702300000026]]]}},{"type":"Feature","properties":{},"geometry":{"type":"Polygon","coordinates":[[[-76.38387410000001,35.94979189999998],[-76.3837656,35.949737700000014],[-76.38261569999997,35.94964729999998],[-76.38230479999999,35.949574900000016],[-76.3821059,35.949448399999994],[-76.3819287,35.949195299999985],[-76.38161769999999,35.94858420000003],[-76.38128139999998,35.94822620000002],[-76.38084029999999,35.94777060000001],[-76.3801532,35.9471595],[-76.37951320000002,35.946674900000005],[-76.3789817,35.94654839999998],[-76.3786273,35.94651219999997],[-76.37800900000002,35.94651219999997],[-76.3777667,35.94645800000001],[-76.37725319999998,35.945648000000006],[-76.3770073,35.945452699999976],[-76.37638900000002,35.94514529999998],[-76.3755031,35.94480540000001],[-76.37468589999997,35.9444221],[-76.37442190000002,35.9441726],[-76.37386859999998,35.943539799999996],[-76.37313820000003,35.943218],[-76.37295740000002,35.94310949999999],[-76.37280190000001,35.94292869999998],[-76.37268979999999,35.9426431],[-76.37264640000001,35.94235379999998],[-76.3726681,35.94208259999999],[-76.37291040000002,35.9415257],[-76.37322499999999,35.941109900000015],[-76.37373489999999,35.94060730000001],[-76.37459910000001,35.93999259999998],[-76.3753729,35.939706899999976],[-76.37619009999997,35.93943569999999],[-76.37665659999999,35.939218700000026],[-76.37720619999999,35.93886070000002],[-76.3775895,35.93832200000003],[-76.37794389999999,35.937526400000024],[-76.3781861,35.9366622],[-76.37836329999999,35.93660799999998],[-76.37891660000003,35.936824899999976],[-76.3791372,35.93687920000002],[-76.37933600000002,35.93686109999999],[-76.37949149999997,35.93678879999999],[-76.37949149999997,35.9367345],[-76.37946979999998,35.936318700000015],[-76.37957829999999,35.936231899999996],[-76.3797121,35.936231899999996],[-76.37991099999999,35.93626810000001],[-76.38057629999997,35.93678879999999],[-76.38072820000002,35.9369696],[-76.38086199999998,35.93702380000002],[-76.3809741,35.93702380000002],[-76.38106090000002,35.9369696],[-76.3811043,35.9368973],[-76.38106090000002,35.936354900000026],[-76.3811513,35.936318700000015],[-76.38166469999999,35.936463300000014],[-76.38208420000001,35.936463300000014],[-76.38223970000001,35.93655369999999],[-76.38254699999999,35.93680690000002],[-76.38287969999999,35.93691530000001],[-76.38310030000002,35.936824899999976],[-76.3833679,35.93677070000001],[-76.3842502,35.936571800000024],[-76.38434059999997,35.936499500000025],[-76.3844057,35.9364453],[-76.3844057,35.936354900000026],[-76.3842285,35.93621380000002],[-76.38374390000001,35.93606920000002],[-76.38341129999998,35.9360873],[-76.38287969999999,35.936231899999996],[-76.3827025,35.936231899999996],[-76.38248190000002,35.93614150000002],[-76.38230479999999,35.93596070000001],[-76.38201550000002,35.93579799999998],[-76.38184189999998,35.9357799],[-76.38166469999999,35.93565339999998],[-76.38163939999998,35.93544000000003],[-76.38172980000002,35.935277299999996],[-76.38181659999998,35.93522309999997],[-76.3819287,35.93518690000002],[-76.3822831,35.93515070000001],[-76.3831907,35.93533150000002],[-76.38383069999998,35.935494300000016],[-76.38420680000002,35.93558100000001],[-76.38456109999998,35.93559909999999],[-76.38489379999999,35.935566600000016],[-76.38584839999999,35.93590649999999],[-76.38622450000003,35.936015],[-76.38637999999997,35.93599690000002],[-76.38648849999998,35.93596070000001],[-76.38635829999998,35.93588840000001],[-76.38593880000002,35.93579799999998],[-76.38587009999998,35.9357076],[-76.38587009999998,35.93565339999998],[-76.38593880000002,35.93551230000003],[-76.38591350000002,35.935277299999996],[-76.38593880000002,35.93522309999997],[-76.38604729999997,35.93515070000001],[-76.38635829999998,35.935096499999986],[-76.38744309999998,35.93511460000002],[-76.38786249999998,35.93500610000001],[-76.38810480000001,35.9348976],[-76.38834709999998,35.93463000000003],[-76.38850259999998,35.93452150000002],[-76.38883529999998,35.93444920000002],[-76.38956569999999,35.93431909999998],[-76.39020929999998,35.934105699999975],[-76.39043349999997,35.933943],[-76.39041179999998,35.93385260000002],[-76.39038649999998,35.9337984],[-76.39020929999998,35.93376219999999],[-76.3896742,35.93376219999999],[-76.38896899999997,35.933961099999976],[-76.3886147,35.93397920000001],[-76.38848089999999,35.934033399999976],[-76.38826030000001,35.93424670000002],[-76.38806140000003,35.934358799999984],[-76.3875516,35.93437690000002],[-76.38596050000001,35.93466619999998],[-76.3855122,35.93466619999998],[-76.38511440000002,35.934575800000005],[-76.38462620000001,35.934301000000005],[-76.38434059999997,35.933961099999976],[-76.38418510000002,35.93367180000001],[-76.38387410000001,35.9332053],[-76.38385240000002,35.9330607],[-76.38369690000002,35.93291599999998],[-76.38356670000002,35.93284369999998],[-76.3831907,35.9328256],[-76.38219270000002,35.93269909999998],[-76.38150919999998,35.932735200000025],[-76.38135010000002,35.93271720000001],[-76.38125969999999,35.93261230000002],[-76.38117299999999,35.93246770000002],[-76.38086199999998,35.9321784],[-76.38072820000002,35.93212410000001],[-76.3804642,35.93206989999999],[-76.38028700000001,35.93208800000002],[-76.38000140000003,35.932196499999975],[-76.37986760000001,35.932377299999985],[-76.37982419999997,35.93252189999998],[-76.37966870000002,35.932576100000006],[-76.37953490000001,35.93252189999998],[-76.3793794,35.932377299999985],[-76.37896,35.9318566],[-76.3786273,35.931549200000006],[-76.3781861,35.93124180000001],[-76.37761119999999,35.9309743],[-76.37628050000001,35.930431899999974],[-76.37583569999998,35.930377599999986],[-76.37563690000002,35.93039570000002],[-76.37543799999997,35.930449899999985],[-76.37515230000002,35.930572900000016],[-76.37481969999999,35.93086219999998],[-76.37406750000002,35.931693800000005],[-76.3737132,35.93216030000002],[-76.37311649999998,35.93291599999998],[-76.3725126,35.933418700000004],[-76.37195939999998,35.93383449999999],[-76.3713194,35.934264799999994],[-76.37125429999998,35.934756600000014],[-76.37118559999999,35.9348976],[-76.37107709999998,35.93504230000002],[-76.37094330000002,35.93507840000001],[-76.37039010000001,35.93511460000002],[-76.3687701,35.935096499999986],[-76.3684844,35.935096499999986],[-76.36819509999998,35.93500610000001],[-76.3680397,35.934915699999976],[-76.36730920000002,35.93455770000003],[-76.36688980000002,35.93431909999998],[-76.366803,35.93421059999997],[-76.366803,35.93413829999997],[-76.36686809999998,35.93405150000001],[-76.36717909999999,35.93399720000002],[-76.36726579999998,35.93392490000002],[-76.36744299999998,35.93347290000003],[-76.36753340000001,35.9329884],[-76.36762019999998,35.93286180000001],[-76.36784080000001,35.93271720000001],[-76.36808669999999,35.932395299999996],[-76.36808669999999,35.93228690000001],[-76.3679095,35.93197950000001],[-76.3678625,35.93178419999998],[-76.3678625,35.931314199999974],[-76.36781910000002,35.931173100000024],[-76.36777569999998,35.93108269999999],[-76.36771060000001,35.93101039999999],[-76.36762019999998,35.9309743],[-76.36753340000001,35.9308441],[-76.3683289,35.93007030000001],[-76.36850609999999,35.9297267],[-76.36909680000002,35.929613399999994],[-76.36936850000001,35.9293151],[-76.3697254,35.928684499999974],[-76.3699752,35.92825620000002],[-76.36982060000003,35.928006400000015],[-76.36949929999997,35.92798260000001],[-76.36929709999998,35.92817289999999],[-76.3687736,35.9289344],[-76.3679765,35.929398400000025],[-76.36750810000001,35.9297267],[-76.3672441,35.93028720000001],[-76.36688980000002,35.9307718],[-76.3668247,35.930956200000026],[-76.3668247,35.931494999999984],[-76.36688980000002,35.93171189999998],[-76.36684639999999,35.93189269999999],[-76.3668247,35.93192529999999],[-76.36635819999998,35.93196139999998],[-76.36618099999998,35.93201570000002],[-76.36593879999998,35.9322507],[-76.36587370000001,35.932377299999985],[-76.36600390000001,35.93316920000001],[-76.36598220000002,35.9332776],[-76.36591709999999,35.93340060000003],[-76.3657399,35.933418700000004],[-76.36523,35.93331380000001],[-76.36514319999998,35.933331899999985],[-76.36507820000003,35.93340060000003],[-76.36500949999999,35.933545200000026],[-76.36459000000002,35.93495189999999],[-76.36445259999999,35.93533150000002],[-76.36438750000002,35.93547619999998],[-76.36414159999998,35.93574380000001],[-76.3636788,35.93603300000001],[-76.3624168,35.93630059999998],[-76.3620841,35.936391000000015],[-76.36177679999997,35.9365899],[-76.36140069999999,35.93669840000001],[-76.3600917,35.93669840000001],[-76.35839870000001,35.93678619999997],[-76.35730380000001,35.93684300000001],[-76.35626239999999,35.93693339999999],[-76.35548490000002,35.93707439999997],[-76.3553728,35.93711059999998],[-76.35497509999999,35.937273300000015],[-76.35433499999999,35.9376168],[-76.35382520000002,35.938014599999974],[-76.35336230000001,35.93839430000003],[-76.35300799999999,35.93871610000002],[-76.35291760000001,35.93886070000002],[-76.35274040000002,35.939149999999984],[-76.35267529999999,35.9395442],[-76.3527621,35.94006489999998],[-76.35291760000001,35.94062539999999],[-76.35291760000001,35.94091100000003],[-76.35278740000001,35.94112799999999],[-76.35251979999998,35.94133049999999],[-76.35210039999998,35.9413811],[-76.35132290000001,35.94143530000002],[-76.35123249999998,35.94147149999998],[-76.3510336,35.9415257],[-76.35083479999997,35.941616099999976],[-76.35050210000003,35.941778899999974],[-76.35000000000002,35.942028600000015],[-76.35000000000002,35.930074400000024],[-76.35000000000002,35.92500000000001],[-76.36961550000001,35.92500000000001],[-76.42500000000001,35.92500000000001],[-76.42500000000001,35.928774299999986],[-76.42500000000001,35.97771019999999],[-76.42382359999999,35.97830399999998],[-76.42340059999998,35.97839440000001],[-76.42293769999998,35.978430600000024],[-76.42251829999998,35.97834019999999],[-76.42205180000002,35.978199200000006],[-76.42127799999997,35.97810879999997],[-76.42059089999998,35.978162999999995],[-76.41975200000002,35.97834019999999],[-76.41693880000003,35.97917189999998],[-76.4137495,35.979551500000014],[-76.41082410000001,35.98023139999998],[-76.409761,35.98057490000002],[-76.4087015,35.980969000000016],[-76.4074612,35.981580099999974],[-76.4054218,35.982498599999985],[-76.4046697,35.98271920000002],[-76.40413810000001,35.98279150000002],[-76.40181310000003,35.98291440000003],[-76.4001533,35.9830048],[-76.39920230000001,35.983149500000025],[-76.39853699999998,35.9833122],[-76.3981139,35.98334829999999],[-76.39789330000002,35.98334829999999],[-76.3977595,35.983221800000024],[-76.39614319999998,35.98176089999998],[-76.39554650000002,35.9813125],[-76.39514880000002,35.98100520000003],[-76.39461720000003,35.980755699999975],[-76.39392659999999,35.98052059999998],[-76.39288879999998,35.98024939999999],[-76.39208960000002,35.98009029999997],[-76.39120730000002,35.98001799999997],[-76.39085299999999,35.979927599999996],[-76.3906758,35.97972870000001],[-76.39041179999998,35.979334600000016],[-76.38987300000002,35.978126799999984],[-76.3893668,35.977280699999994],[-76.38894729999998,35.97666959999998],[-76.3887449,35.97647069999999],[-76.38653549999998,35.9748146],[-76.38589180000002,35.97429390000002],[-76.38427189999999,35.9731223],[-76.38351970000002,35.97267390000002],[-76.38274589999997,35.9718603],[-76.38259399999998,35.97157470000002],[-76.3825253,35.971303499999976],[-76.3825036,35.97108650000001],[-76.38259399999998,35.96995470000002],[-76.38290139999998,35.968674599999986],[-76.38290139999998,35.96838530000002],[-76.38276760000002,35.967973099999995],[-76.38276760000002,35.967579],[-76.38287969999999,35.966931699999975],[-76.38349799999997,35.96613980000001],[-76.38354509999999,35.96599520000001],[-76.38354509999999,35.96577819999999],[-76.38316900000001,35.96505500000001],[-76.38283630000001,35.96473320000001],[-76.38157430000001,35.963724300000024],[-76.3797121,35.96192719999999],[-76.37884789999998,35.96114970000002],[-76.3784718,35.96068330000003],[-76.37820779999998,35.96018070000002],[-76.37794389999999,35.95990949999998],[-76.37623350000001,35.95856070000002],[-76.37579240000002,35.958144800000014],[-76.374798,35.95706369999999],[-76.37437490000002,35.9566514],[-76.3741109,35.9561271],[-76.37384700000001,35.955751099999986],[-76.37315990000002,35.954919399999994],[-76.37268979999999,35.95441679999999],[-76.37268979999999,35.954163600000015],[-76.3728453,35.953986499999985],[-76.37318160000001,35.95382369999999],[-76.37355769999999,35.95382369999999],[-76.3742881,35.95389610000001],[-76.37499680000002,35.9539322],[-76.37565860000001,35.953877999999975],[-76.37616839999998,35.95364289999998],[-76.37822949999997,35.952456900000016],[-76.37957829999999,35.95159269999999],[-76.38004480000001,35.9514082],[-76.38261569999997,35.95065249999999],[-76.38329920000001,35.95038490000002],[-76.38380899999999,35.9500956],[-76.38392110000001,35.949951],[-76.38392110000001,35.94986060000002],[-76.38387410000001,35.94979189999998]]]}},{"type":"Feature","properties":{},"geometry":{"type":"Polygon","coordinates":[[[-76.33345270000001,35.93913190000001],[-76.33232450000003,35.93925489999998],[-76.33183630000002,35.9393091],[-76.33068279999998,35.939186199999995],[-76.33015130000001,35.939149999999984],[-76.32951120000001,35.93920059999999],[-76.32875910000001,35.93943569999999],[-76.32855660000001,35.93941760000001],[-76.32809379999998,35.93932719999998],[-76.32740669999998,35.93916810000002],[-76.32681009999999,35.93884270000001],[-76.32656780000002,35.93878840000002],[-76.326076,35.93878840000002],[-76.3256566,35.93869799999999],[-76.32541429999998,35.93855339999999],[-76.32519009999999,35.938303899999994],[-76.32430779999999,35.93729139999999],[-76.3240836,35.937092500000006],[-76.32262639999999,35.9365176],[-76.32191399999999,35.936318700000015],[-76.32133909999999,35.93621380000002],[-76.31748440000001,35.935870299999976],[-76.31704330000002,35.9357799],[-76.31480859999999,35.93515070000001],[-76.31454100000002,35.93500610000001],[-76.31423360000002,35.934702300000026],[-76.31409989999997,35.934467299999994],[-76.3139878,35.934156299999984],[-76.3140095,35.93390679999999],[-76.31418660000003,35.93361759999999],[-76.31441080000002,35.93338610000001],[-76.31534010000001,35.93261230000002],[-76.3158464,35.931874600000015],[-76.31639960000001,35.9300341],[-76.31651169999998,35.929567599999984],[-76.31673230000001,35.9292964],[-76.31684439999998,35.92902520000001],[-76.31686610000003,35.928902300000004],[-76.31681909999998,35.92855880000002],[-76.31664189999998,35.928128500000014],[-76.31651169999998,35.92800190000003],[-76.31644299999999,35.92785730000003],[-76.31638600000002,35.92730319999998],[-76.31637790000002,35.92722450000002],[-76.31615740000001,35.92688099999998],[-76.31591509999998,35.926595299999974],[-76.31558239999998,35.92646869999999],[-76.31443250000001,35.92623370000001],[-76.31405649999999,35.92596609999998],[-76.31390099999999,35.92574910000002],[-76.31374190000002,35.9256226],[-76.31336579999999,35.92545990000002],[-76.3120821,35.92533329999998],[-76.3096703,35.92533329999998],[-76.30849510000002,35.92542370000001],[-76.3078514,35.92553220000002],[-76.307121,35.92574910000002],[-76.30661470000001,35.92596609999998],[-76.3058843,35.9261975],[-76.30541779999999,35.92625179999999],[-76.30517200000003,35.9262698],[-76.30486100000002,35.92634220000002],[-76.30470550000001,35.9264326],[-76.30461869999999,35.92646869999999],[-76.30455360000002,35.92641450000002],[-76.30450660000002,35.92628789999998],[-76.30448489999998,35.92585759999997],[-76.30461869999999,35.92526459999999],[-76.30473110000003,35.92500000000001],[-76.31712620000002,35.92500000000001],[-76.35000000000002,35.92500000000001],[-76.35000000000002,35.930074400000024],[-76.35000000000002,35.942028600000015],[-76.34981870000001,35.9421188],[-76.3495294,35.9422634],[-76.34928710000003,35.9423357],[-76.34873390000001,35.94229960000001],[-76.34833609999998,35.942136800000014],[-76.34796,35.94194160000001],[-76.34782619999999,35.94188730000002],[-76.3468029,35.941616099999976],[-76.34414880000003,35.941073700000004],[-76.34182370000002,35.94053500000001],[-76.3393901,35.94028179999998],[-76.33774849999998,35.939974500000005],[-76.33586810000003,35.93956220000001],[-76.33477970000001,35.93925489999998],[-76.33400590000002,35.93909580000002],[-76.33375999999998,35.939077699999984],[-76.33345270000001,35.93913190000001]]]}},{"type":"Feature","properties":{},"geometry":{"type":"Polygon","coordinates":[[[-76.30438620000001,35.92500000000001],[-76.30435469999998,35.925065700000005],[-76.30432939999997,35.92571299999997],[-76.3042643,35.92623370000001],[-76.3041993,35.92641450000002],[-76.3040221,35.926790600000004],[-76.30390999999997,35.926989400000025],[-76.30373279999998,35.92713409999999],[-76.30346880000002,35.92720639999999],[-76.30329160000002,35.92717019999998],[-76.30315780000001,35.92711600000001],[-76.30302410000002,35.92695329999998],[-76.30273840000001,35.926721799999996],[-76.30253950000002,35.926595299999974],[-76.30236230000003,35.92655910000002],[-76.3021635,35.92655910000002],[-76.30176569999998,35.92677250000003],[-76.3013896,35.92718830000001],[-76.30123409999999,35.92726060000001],[-76.3007207,35.92727869999999],[-76.30050010000002,35.92727869999999],[-76.30023249999999,35.92720639999999],[-76.29985640000001,35.926989400000025],[-76.29895240000002,35.92630600000001],[-76.2987066,35.9261975],[-76.29828709999998,35.92616140000001],[-76.2980882,35.92621559999998],[-76.29771219999998,35.92637830000001],[-76.29751329999999,35.926522999999975],[-76.29742290000002,35.926703799999984],[-76.29735779999999,35.92709789999998],[-76.29727100000002,35.92722450000002],[-76.2971589,35.9273149],[-76.29666709999998,35.9275318],[-76.29538350000001,35.92792960000003],[-76.29509780000001,35.92811039999998],[-76.29467829999999,35.92830570000001],[-76.2944541,35.92837800000001],[-76.2938575,35.928432199999975],[-76.2918181,35.92877570000002],[-76.29108769999999,35.928938500000015],[-76.29046929999998,35.928989100000024],[-76.28991610000003,35.928974600000004],[-76.28963040000002,35.92888420000003],[-76.28943149999998,35.92877570000002],[-76.28920729999999,35.928612999999984],[-76.28834669999998,35.92785730000003],[-76.2878116,35.92718830000001],[-76.2874789,35.92668570000001],[-76.28705939999998,35.92585759999997],[-76.28699069999999,35.92560450000002],[-76.28699069999999,35.92542370000001],[-76.28705939999998,35.925210400000026],[-76.28723660000003,35.92501149999998],[-76.28724260000001,35.92500000000001],[-76.30438620000001,35.92500000000001]]]}},{"type":"Feature","properties":{},"geometry":{"type":"Polygon","coordinates":[[[-76.27651100000003,35.92500000000001],[-76.27645369999999,35.925658699999985],[-76.27649709999997,35.9265049],[-76.2765875,35.92689899999999],[-76.27813520000001,35.928974600000004],[-76.2793284,35.93028720000001],[-76.28033010000001,35.9313684],[-76.28156669999998,35.93228690000001],[-76.28276360000001,35.93287989999999],[-76.28373629999999,35.93311490000002],[-76.28431490000003,35.933331899999985],[-76.28542140000002,35.93388879999998],[-76.28557690000002,35.93406959999999],[-76.2856203,35.934192499999995],[-76.2856203,35.93428290000003],[-76.28550819999998,35.934394999999995],[-76.2851791,35.93463000000003],[-76.28502359999999,35.934915699999976],[-76.28502359999999,35.93522309999997],[-76.2851574,35.935421899999994],[-76.28535629999999,35.93551230000003],[-76.28555519999998,35.93551230000003],[-76.28590960000002,35.935421899999994],[-76.28613009999998,35.93540389999998],[-76.28619520000001,35.93544000000003],[-76.28615180000003,35.935689500000024],[-76.2858842,35.936354900000026],[-76.2858842,35.93675259999998],[-76.28597459999997,35.93691530000001],[-76.2860867,35.9369696],[-76.2874789,35.93721909999999],[-76.28787670000003,35.93736369999999],[-76.28811889999997,35.93749029999998],[-76.2884118,35.9377796],[-76.28898679999998,35.93797840000002],[-76.28936279999999,35.938068799999996],[-76.289851,35.938068799999996],[-76.29013659999998,35.93797840000002],[-76.2904259,35.938014599999974],[-76.2907803,35.93814120000002],[-76.2914821,35.938336900000024],[-76.29175300000003,35.938412400000004],[-76.29208569999997,35.93846660000003],[-76.29250510000003,35.93846660000003],[-76.2944541,35.93750840000001],[-76.29472170000003,35.937454100000025],[-76.29483019999998,35.937454100000025],[-76.29575949999997,35.93815919999997],[-76.29729270000001,35.93958029999999],[-76.29788930000001,35.93992020000002],[-76.2984209,35.939974500000005],[-76.3000336,35.93999259999998],[-76.3018308,35.93958029999999],[-76.30238400000002,35.9395442],[-76.30298069999998,35.93963459999998],[-76.30395340000001,35.94006489999998],[-76.3049514,35.940712099999985],[-76.3061917,35.9416885],[-76.3063942,35.94174270000002],[-76.3070993,35.94181500000002],[-76.30776459999998,35.941959699999984],[-76.30889280000002,35.94235379999998],[-76.3092906,35.94253459999999],[-76.30971369999997,35.94276960000002],[-76.31002460000002,35.9431457],[-76.31008969999999,35.9432903],[-76.31018010000003,35.94363019999997],[-76.31093220000002,35.944082200000025],[-76.3114855,35.94431370000001],[-76.31192659999999,35.94451249999997],[-76.31232440000002,35.944678899999985],[-76.31283430000002,35.944946500000015],[-76.31303309999998,35.94518149999999],[-76.31338749999998,35.94530809999998],[-76.31416489999998,35.94539850000001],[-76.3147616,35.94548889999999],[-76.3149641,35.94561540000001],[-76.31505090000002,35.94581069999998],[-76.31505090000002,35.9461723],[-76.31489540000001,35.94672919999999],[-76.31458800000001,35.947448699999995],[-76.31423360000002,35.94813579999999],[-76.31390099999999,35.94845759999998],[-76.3132971,35.94894579999999],[-76.31292100000002,35.94917720000001],[-76.31265710000002,35.949339899999984],[-76.31126490000003,35.9500233],[-76.31079840000001,35.95031260000002],[-76.30998119999998,35.95086950000001],[-76.3096703,35.951104499999985],[-76.30933399999998,35.9514082],[-76.30897959999999,35.951719200000014],[-76.3085385,35.95214950000002],[-76.30780800000002,35.953104199999984],[-76.30731989999998,35.9534802],[-76.30659300000002,35.95384180000002],[-76.30564199999998,35.95425399999999],[-76.3044415,35.95475670000002],[-76.3038449,35.955049599999995],[-76.30331330000001,35.955302700000004],[-76.30302410000002,35.955411200000015],[-76.30262629999999,35.95535690000003],[-76.30238400000002,35.95521230000003],[-76.30222850000001,35.95506760000001],[-76.30214180000002,35.95493750000003],[-76.30212010000002,35.95461560000001],[-76.30205139999998,35.95410939999999],[-76.30198630000001,35.95402259999997],[-76.30189589999998,35.954004499999996],[-76.30171869999998,35.954004499999996],[-76.30125579999998,35.954037099999994],[-76.30078580000003,35.954004499999996],[-76.3007207,35.95405520000003],[-76.30069900000001,35.9542179],[-76.3007207,35.954865100000006],[-76.30076409999998,35.955049599999995],[-76.30123409999999,35.95506760000001],[-76.30176569999998,35.95515799999998],[-76.30218509999997,35.955411200000015],[-76.30236230000003,35.9556968],[-76.30247079999998,35.955931899999996],[-76.3024274,35.956076499999995],[-76.3015451,35.95672380000002],[-76.30116909999998,35.95691900000003],[-76.29994679999999,35.9572445],[-76.29859809999999,35.95794599999999],[-76.29775560000002,35.95826779999999],[-76.29686959999998,35.9585788],[-76.29580650000003,35.959226],[-76.29474340000002,35.959945600000026],[-76.2946566,35.960036],[-76.2946566,35.96012639999998],[-76.29472170000003,35.96019869999998],[-76.2947651,35.9602855],[-76.2947651,35.960375899999974],[-76.2946566,35.96043020000002],[-76.29447950000002,35.96044819999997],[-76.29407809999998,35.96046630000001],[-76.29359349999999,35.96039400000001],[-76.29317409999999,35.96046630000001],[-76.29237130000001,35.960701400000005],[-76.2915324,35.96107740000002],[-76.29051270000002,35.96172469999999],[-76.28989439999998,35.96230320000001],[-76.28960510000002,35.96273719999999],[-76.2891639,35.96361949999999],[-76.2891856,35.96379669999999],[-76.28927599999997,35.96394129999999],[-76.28927599999997,35.96438970000003],[-76.28922899999998,35.96449819999998],[-76.28903020000001,35.9646247],[-76.28794169999998,35.965000799999984],[-76.28732339999999,35.96519970000003],[-76.28694730000001,35.96536600000002],[-76.28643749999998,35.96554680000003],[-76.28573239999997,35.9658144],[-76.2849802,35.96610370000002],[-76.284427,35.96632060000002],[-76.2838701,35.96657010000001],[-76.28344709999999,35.96673279999999],[-76.28316139999998,35.96687750000001],[-76.28269490000002,35.967127000000005],[-76.28240929999998,35.96728969999998],[-76.28194280000002,35.9675067],[-76.28165710000002,35.9676513],[-76.2809484,35.967792299999985],[-76.28026139999997,35.96781040000002],[-76.2782436,35.968009300000006],[-76.27766869999999,35.968117800000016],[-76.27722749999998,35.968262400000015],[-76.27618610000002,35.968728899999974],[-76.27499999999998,35.969309399999986],[-76.27499999999998,35.93376999999998],[-76.27499999999998,35.92500000000001],[-76.27651100000003,35.92500000000001]]]}},{"type":"Feature","properties":{},"geometry":{"type":"Polygon","coordinates":[[[-76.25048620000001,35.92500000000001],[-76.26022180000001,35.92500000000001],[-76.26077479999998,35.925101900000016],[-76.26132799999999,35.925101900000016],[-76.26170409999997,35.92508379999998],[-76.2621886,35.92511999999999],[-76.2631902,35.9253875],[-76.26409790000002,35.9253875],[-76.26537789999998,35.92527910000001],[-76.26679539999998,35.925210400000026],[-76.2681695,35.925210400000026],[-76.26945319999999,35.925065700000005],[-76.26979490000002,35.92500000000001],[-76.27499999999998,35.92500000000001],[-76.27499999999998,35.93376999999998],[-76.27499999999998,35.969309399999986],[-76.27430220000002,35.969650899999976],[-76.2736405,35.97000889999998],[-76.2734633,35.970207800000026],[-76.27324270000003,35.97062],[-76.27299679999999,35.970800800000006],[-76.27291000000002,35.97090930000002],[-76.27266780000002,35.97133960000002],[-76.27231339999997,35.97180609999998],[-76.27193729999999,35.9720954],[-76.2716481,35.9721677],[-76.2712467,35.97222549999998],[-76.26998470000001,35.9721677],[-76.26912049999999,35.972207500000025],[-76.2682165,35.97231590000001],[-76.26755109999999,35.97252930000002],[-76.2668822,35.97281859999998],[-76.2665278,35.972945100000004],[-76.26571059999998,35.97306809999998],[-76.26360970000002,35.97317650000002],[-76.26345420000001,35.97314039999998],[-76.26338909999998,35.973031900000024],[-76.26343250000002,35.97281859999998],[-76.26358800000003,35.972511199999985],[-76.26387369999998,35.9722979],[-76.26511399999998,35.97211340000001],[-76.2652261,35.972005000000024],[-76.26529110000001,35.971824200000015],[-76.26529110000001,35.971665099999996],[-76.2652261,35.97143],[-76.26509229999999,35.971303499999976],[-76.26480299999997,35.97126730000002],[-76.26444859999998,35.971303499999976],[-76.26436180000002,35.9713577],[-76.2642497,35.97173379999998],[-76.26418460000002,35.971824200000015],[-76.26389540000002,35.97196880000001],[-76.2634976,35.97204110000001],[-76.26341079999997,35.972077300000024],[-76.2633204,35.97218579999998],[-76.26321189999999,35.972728200000006],[-76.26294439999998,35.97317650000002],[-76.26272019999999,35.97330310000001],[-76.26167880000003,35.97341160000002],[-76.2606844,35.973501999999996],[-76.25977669999997,35.973646599999995],[-76.2541286,35.974724200000026],[-76.25251220000001,35.97511830000002],[-76.25207110000002,35.9751364],[-76.25173840000002,35.975082199999974],[-76.25145270000002,35.9751364],[-76.24914569999999,35.9757692],[-76.2472654,35.976326099999994],[-76.24660369999998,35.9765792],[-76.24609379999998,35.97683230000001],[-76.2449186,35.977515700000026],[-76.24456429999998,35.977801399999976],[-76.24436539999999,35.97800030000002],[-76.24434009999999,35.978162999999995],[-76.2443184,35.97909950000002],[-76.2442967,35.97920800000003],[-76.24403269999999,35.979406900000015],[-76.24374340000003,35.979479200000014],[-76.24248510000001,35.97946109999998],[-76.24137130000003,35.97935269999999],[-76.24006960000003,35.979406900000015],[-76.23938249999998,35.979334600000016],[-76.23865210000002,35.979189899999994],[-76.23785659999999,35.979117599999995],[-76.23747689999999,35.97913569999997],[-76.236016,35.979551500000014],[-76.23351380000003,35.97974679999999],[-76.23260249999998,35.979891399999985],[-76.23202759999998,35.980108400000006],[-76.2312321,35.9803579],[-76.229218,35.98070139999999],[-76.22877319999998,35.98077380000001],[-76.22760160000001,35.981149800000026],[-76.22680250000002,35.98136679999999],[-76.22543200000001,35.98149330000001],[-76.22509939999998,35.981543999999985],[-76.22456419999997,35.98170670000002],[-76.2243219,35.981724799999995],[-76.22418809999999,35.98170670000002],[-76.22407959999998,35.98163440000002],[-76.2240109,35.98151139999999],[-76.2240109,35.98125829999998],[-76.22407959999998,35.98100520000003],[-76.22414470000001,35.98052059999998],[-76.22405789999999,35.979999899999996],[-76.22379039999998,35.979999899999996],[-76.22361319999999,35.980108400000006],[-76.2235915,35.98024939999999],[-76.22363489999998,35.98095089999998],[-76.22363489999998,35.98195980000003],[-76.22354810000002,35.9821225],[-76.2229044,35.982498599999985],[-76.22190999999998,35.98316749999998],[-76.22115789999998,35.983706299999994],[-76.22067340000001,35.983995600000014],[-76.22006950000002,35.98417280000001],[-76.2185652,35.984443999999996],[-76.21827960000002,35.984588599999995],[-76.2172165,35.98491050000001],[-76.2156182,35.98514549999999],[-76.21466720000001,35.985290099999986],[-76.21435980000001,35.985398599999996],[-76.21309789999998,35.98617239999999],[-76.21260969999997,35.986353199999996],[-76.21203109999999,35.986515999999995],[-76.21161169999999,35.98657020000002],[-76.20966270000002,35.986693100000025],[-76.20842599999997,35.9867112],[-76.20764489999999,35.98676549999999],[-76.2070266,35.98689200000001],[-76.20563440000001,35.98730790000002],[-76.2050812,35.9875212],[-76.20483530000001,35.9875212],[-76.20437249999998,35.98748499999999],[-76.20375410000003,35.987340399999994],[-76.20277420000002,35.98705469999999],[-76.20239809999998,35.98698239999999],[-76.201957,35.98696430000001],[-76.20107109999998,35.98705469999999],[-76.20027549999998,35.98707280000002],[-76.19999999999999,35.98698380000002],[-76.19999999999999,35.92500000000001],[-76.25048620000001,35.92500000000001]]]}},{"type":"Feature","properties":{},"geometry":{"type":"Polygon","coordinates":[[[-76.125,35.85000000000002],[-76.10627,35.85000000000002],[-76.095,35.85000000000002],[-76.095,35.824999999999996],[-76.125,35.824999999999996],[-76.125,35.85000000000002]]]}},{"type":"Feature","properties":{},"geometry":{"type":"MultiPolygon","coordinates":[[[[-76.10627,35.85000000000002],[-76.125,35.85000000000002],[-76.125,35.90768350000002],[-76.125,35.92500000000001],[-76.1078966,35.92500000000001],[-76.095,35.92500000000001],[-76.095,35.87968750177973],[-76.09513120000003,35.87992750000001],[-76.09526599999998,35.880292999999995],[-76.09531090000002,35.88053050000002],[-76.09531090000002,35.8810421],[-76.09533340000002,35.88133449999998],[-76.09540070000003,35.881553800000006],[-76.0956079,35.88207640000002],[-76.0958326,35.882514800000024],[-76.09610220000002,35.88284379999999],[-76.09637179999999,35.883008200000006],[-76.0968436,35.883227499999975],[-76.0972256,35.883410200000014],[-76.09738279999999,35.883556399999975],[-76.0974951,35.88386700000001],[-76.09767490000002,35.88426900000002],[-76.0978546,35.884524699999986],[-76.0982591,35.884853599999985],[-76.0987758,35.8851277],[-76.09929249999999,35.8853287],[-76.0998093,35.8854566],[-76.10039339999997,35.885602800000015],[-76.1007305,35.8857855],[-76.10097760000002,35.88605960000001],[-76.10115739999998,35.88649809999998],[-76.10120230000001,35.88697309999998],[-76.10126430000003,35.88714829999998],[-76.1013135,35.88739859999998],[-76.1013504,35.887528599999996],[-76.10146120000002,35.8877488],[-76.10153500000001,35.88786900000002],[-76.10167050000001,35.88802909999998],[-76.10179349999999,35.888119200000006],[-76.10205200000001,35.888259300000016],[-76.10226119999999,35.8883093],[-76.1023844,35.888299399999994],[-76.10244590000002,35.88828940000002],[-76.10248289999998,35.888259300000016],[-76.10247049999998,35.8881993],[-76.10243359999998,35.88814919999999],[-76.10231049999999,35.888119200000006],[-76.10216279999997,35.88807919999999],[-76.10201510000002,35.887979099999995],[-76.10187969999998,35.88783890000002],[-76.1017812,35.8876788],[-76.10171969999999,35.887498600000015],[-76.10165160000003,35.887119299999995],[-76.10160669999999,35.88673560000001],[-76.10153930000001,35.886187500000005],[-76.1014045,35.885767199999975],[-76.10115739999998,35.8854566],[-76.10091019999999,35.88518260000001],[-76.10061810000002,35.8849998],[-76.10025860000002,35.88481710000002],[-76.09994410000002,35.884689200000025],[-76.09958469999998,35.884524699999986],[-76.09938240000002,35.88428729999998],[-76.09918019999998,35.883976700000005],[-76.09902299999999,35.88351979999999],[-76.09882069999998,35.88286199999999],[-76.09857360000001,35.882185900000025],[-76.09834890000002,35.88174750000002],[-76.09796540000002,35.88119449999999],[-76.09760590000002,35.880719399999975],[-76.09729149999998,35.88026259999998],[-76.09711170000003,35.87986059999997],[-76.09695440000002,35.8794221],[-76.09668479999999,35.87885560000001],[-76.09637029999999,35.87841700000001],[-76.09587900000002,35.877856399999985],[-76.09554200000002,35.87739959999999],[-76.09545209999999,35.877180399999986],[-76.09549709999999,35.877034200000026],[-76.09563179999998,35.87690629999997],[-76.0959464,35.87677830000001],[-76.0963284,35.87665040000002],[-76.0966654,35.87659550000001],[-76.09709220000002,35.876412800000026],[-76.09736190000001,35.87624840000001],[-76.09767640000001,35.8761753],[-76.09799090000001,35.87615699999998],[-76.09846270000003,35.87582809999998],[-76.0989121,35.875645399999996],[-76.09938390000002,35.87544439999999],[-76.09956369999998,35.87526159999999],[-76.09969849999999,35.87506059999998],[-76.0998333,35.87482299999999],[-76.10008040000002,35.874512400000015],[-76.1005523,35.87416519999999],[-76.10093410000002,35.873891000000015],[-76.10111389999997,35.87365349999999],[-76.1013835,35.8732698],[-76.10163069999999,35.873068699999976],[-76.10192269999999,35.8729591],[-76.1023945,35.872922500000016],[-76.10243750000001,35.87289629999998],[-76.1024845,35.87286769999997],[-76.1024845,35.87268499999999],[-76.10230469999999,35.87252050000001],[-76.10185530000001,35.8724292],[-76.10154080000001,35.87222809999997],[-76.10118130000001,35.87182610000002],[-76.10077690000003,35.871369200000004],[-76.10037249999999,35.8708575],[-76.10003280000001,35.8703941],[-76.09953860000002,35.87004680000001],[-76.0989993,35.86982760000001],[-76.098656,35.86958199999998],[-76.09832499999999,35.869298000000015],[-76.09796599999999,35.868987000000004],[-76.09767399999998,35.86889600000001],[-76.09720199999998,35.868840999999975],[-76.09677499999998,35.86880400000001],[-76.09637099999998,35.868877],[-76.09589899999997,35.868840999999975],[-76.09567399999997,35.86862100000002],[-76.09567399999997,35.868420000000015],[-76.09574199999997,35.868164999999976],[-76.09601099999998,35.86776200000003],[-76.09628099999998,35.86748799999998],[-76.09637099999998,35.86719599999998],[-76.09637099999998,35.86692199999999],[-76.09625599999998,35.86658399999999],[-76.09603099999998,35.86619999999999],[-76.09587399999998,35.865725],[-76.09571599999998,35.865341],[-76.09546899999998,35.86519500000003],[-76.09519999999998,35.865121999999985],[-76.095,35.865121999999985],[-76.095,35.85000000000002],[-76.10627,35.85000000000002]]],[[[-76.09502199999997,35.87306699999999],[-76.09542599999997,35.872938999999974],[-76.09580799999998,35.872702000000004],[-76.09630199999998,35.872299999999996],[-76.09675199999998,35.871916],[-76.09706599999998,35.87151399999999],[-76.09735799999999,35.87138599999997],[-76.09769499999999,35.871294999999975],[-76.09801099999999,35.871375],[-76.09839169999998,35.87182469999999],[-76.09843669999998,35.87219019999998],[-76.0983468,35.87248249999999],[-76.09812210000001,35.87282979999998],[-76.09789749999999,35.8730491],[-76.09751549999999,35.873414500000024],[-76.09713349999998,35.87399929999998],[-76.09681619999998,35.87437249999999],[-76.09654660000001,35.87462829999998],[-76.0960973,35.87493890000002],[-76.09506370000003,35.875541999999996],[-76.095,35.87559381282316],[-76.095,35.87306602222221],[-76.09502199999997,35.87306699999999]]]]}},{"type":"Feature","properties":{},"geometry":{"type":"Polygon","coordinates":[[[-76.1260681,35.946928000000014],[-76.1260464,35.94680149999999],[-76.12611149999998,35.94676529999998],[-76.12621990000002,35.946783400000015],[-76.12633199999999,35.94691],[-76.1263103,35.946964200000025],[-76.1262453,35.94700039999998],[-76.12613320000003,35.94700039999998],[-76.1260681,35.946928000000014]]]}},{"type":"Feature","properties":{},"geometry":{"type":"Polygon","coordinates":[[[-76.14289689999998,35.99311879999999],[-76.13941829999999,35.99238109999999],[-76.13866619999999,35.99227259999998],[-76.13798279999997,35.9920376],[-76.13709690000002,35.991697699999975],[-76.13563240000002,35.991281800000024],[-76.1336617,35.99070690000002],[-76.13299990000002,35.99054419999999],[-76.1324684,35.99036699999999],[-76.1316946,35.99029469999999],[-76.1298974,35.990240400000005],[-76.12925739999997,35.990204300000016],[-76.12910190000002,35.99022230000003],[-76.12690700000002,35.991104699999994],[-76.12551480000002,35.991122700000005],[-76.125,35.991139499999974],[-76.125,35.977274799999975],[-76.125,35.95360390000002],[-76.125,35.949485700000025],[-76.12504840000003,35.94943030000002],[-76.12551480000002,35.94858420000003],[-76.12553650000001,35.94829850000002],[-76.12553650000001,35.94759340000002],[-76.12557989999999,35.947484900000006],[-76.1257137,35.94734030000001],[-76.1258439,35.947267899999986],[-76.12615490000002,35.94728600000002],[-76.12662130000001,35.94752110000002],[-76.1268202,35.94752110000002],[-76.12692870000001,35.947484900000006],[-76.12701909999998,35.94734030000001],[-76.12701909999998,35.94701839999999],[-76.12672980000002,35.94669299999998],[-76.126643,35.946421799999996],[-76.12650919999999,35.94626269999998],[-76.12644410000001,35.94620839999999],[-76.12635369999998,35.9461723],[-76.12617660000001,35.9461723],[-76.12535930000001,35.946385599999985],[-76.12518219999998,35.946421799999996],[-76.125,35.946421799999996],[-76.125,35.94550909999998],[-76.125,35.93610410000002],[-76.125,35.92500000000001],[-76.19999999999999,35.92500000000001],[-76.19999999999999,35.98698380000002],[-76.1991003,35.986693100000025],[-76.1986556,35.98672929999998],[-76.19792510000002,35.98681970000001],[-76.195582,35.987394600000016],[-76.19438150000002,35.987575400000026],[-76.19150680000001,35.9879009],[-76.19117410000001,35.988041899999985],[-76.19088119999998,35.988222699999994],[-76.19021950000001,35.988403500000004],[-76.1897313,35.98842159999998],[-76.18895750000001,35.98842159999998],[-76.18841659999998,35.9883911],[-76.18767380000003,35.98834929999998],[-76.1872543,35.98834929999998],[-76.18640820000002,35.98834929999998],[-76.1855476,35.988439700000015],[-76.18508109999999,35.9884758],[-76.18422049999998,35.9885481],[-76.18287179999999,35.98856619999998],[-76.1816278,35.98860239999999],[-76.18076359999998,35.98870720000002],[-76.17947989999999,35.989141200000006],[-76.1790388,35.989300300000025],[-76.17890499999999,35.98941239999999],[-76.17868440000001,35.9896655],[-76.1784422,35.99033079999998],[-76.17804080000002,35.99088769999997],[-76.17788530000001,35.99095999999997],[-76.17753090000002,35.99108660000002],[-76.17721999999998,35.99131799999998],[-76.1769994,35.99151690000002],[-76.17680050000001,35.991802500000006],[-76.17664500000001,35.99192909999999],[-76.17598329999998,35.99221840000001],[-76.17540830000002,35.99239920000002],[-76.17463090000001,35.993050100000005],[-76.17421139999999,35.99335380000002],[-76.17290250000002,35.993534599999975],[-76.1717309,35.99362500000001],[-76.17135480000002,35.99369730000001],[-76.16940219999998,35.99437710000001],[-76.1688489,35.994612200000006],[-76.16862830000002,35.994612200000006],[-76.1665491,35.9943265],[-76.1657753,35.99434100000002],[-76.16557640000002,35.9943265],[-76.16537390000002,35.9942542],[-76.16495090000001,35.99403719999998],[-76.16464350000001,35.99382029999998],[-76.164488,35.99378410000003],[-76.1642458,35.99378410000003],[-76.1640433,35.9939468],[-76.16406860000001,35.994055300000014],[-76.16422039999998,35.99430840000002],[-76.16431080000001,35.99441330000002],[-76.16431080000001,35.99459409999997],[-76.1642675,35.994648299999994],[-76.16415540000003,35.994684500000005],[-76.16289339999997,35.99463020000002],[-76.16214120000001,35.994539799999984],[-76.16203280000002,35.99444940000001],[-76.16196409999998,35.99434100000002],[-76.16176519999999,35.99421799999999],[-76.16150119999998,35.994091500000025],[-76.1612083,35.99400109999999],[-76.1604562,35.993928700000026],[-76.15944009999998,35.993874500000004],[-76.1577153,35.99369730000001],[-76.15647139999999,35.99366120000002],[-76.1550105,35.99382029999998],[-76.15313020000002,35.9942542],[-76.15175249999999,35.994648299999994],[-76.1512679,35.994829100000004],[-76.15060260000001,35.99504250000001],[-76.14967330000002,35.995096699999976],[-76.14874400000002,35.99529560000002],[-76.14818709999997,35.995349799999985],[-76.14778940000002,35.99533170000001],[-76.14739159999999,35.99525940000001],[-76.1452003,35.99419990000001],[-76.14289689999998,35.99311879999999]]]}},{"type":"Feature","properties":{},"geometry":{"type":"Polygon","coordinates":[[[-76.09617100000003,35.940010599999994],[-76.09663749999999,35.939887699999986],[-76.09694480000002,35.93974300000002],[-76.09798990000002,35.939149999999984],[-76.09854309999997,35.9389511],[-76.0986082,35.938969199999974],[-76.09874200000002,35.93909580000002],[-76.10055720000003,35.94199579999997],[-76.10088630000001,35.94246229999999],[-76.10108880000001,35.94262500000002],[-76.1011105,35.942733499999974],[-76.10108880000001,35.9430734],[-76.1012877,35.94350370000001],[-76.10161670000002,35.943702599999995],[-76.10237610000001,35.9441003],[-76.10286059999999,35.94451249999997],[-76.10343560000001,35.94548889999999],[-76.10341390000002,35.9462446],[-76.1035043,35.94643989999997],[-76.10370310000002,35.94676529999998],[-76.10485299999999,35.94784290000001],[-76.10593779999999,35.94892770000001],[-76.10671530000002,35.94979189999998],[-76.10744570000003,35.95045720000002],[-76.10799889999998,35.95072479999999],[-76.10832799999997,35.9508333],[-76.10857390000001,35.9508333],[-76.1087728,35.95081520000002],[-76.10879449999999,35.95072479999999],[-76.10890660000001,35.95065249999999],[-76.10905839999998,35.9506887],[-76.10925730000002,35.9508333],[-76.10956829999998,35.951176799999985],[-76.1100998,35.95146249999999],[-76.110635,35.951719200000014],[-76.1112099,35.95186389999998],[-76.11191869999999,35.95193619999998],[-76.11225139999999,35.95188189999999],[-76.11304689999997,35.9516107],[-76.11364350000002,35.951480600000025],[-76.11477530000002,35.9514082],[-76.11517309999999,35.951299800000015],[-76.11563949999999,35.95108640000001],[-76.1162579,35.95065249999999],[-76.11742950000001,35.94971959999998],[-76.1174982,35.949629200000004],[-76.11780549999997,35.948511800000006],[-76.11796099999998,35.948334699999975],[-76.11813819999998,35.94826230000001],[-76.1196931,35.94822620000002],[-76.12066579999998,35.94809600000002],[-76.12092969999998,35.94811770000001],[-76.12102010000001,35.94815390000002],[-76.12115030000001,35.94822620000002],[-76.12126239999998,35.94835269999999],[-76.12154809999998,35.94946650000003],[-76.1221013,35.95088750000002],[-76.1222785,35.951140699999996],[-76.12249910000003,35.95124550000003],[-76.12281009999998,35.951335900000004],[-76.12314270000002,35.95135399999998],[-76.12345729999998,35.951263600000004],[-76.12374299999999,35.951068299999974],[-76.12396360000002,35.95088750000002],[-76.12398889999997,35.95058019999999],[-76.12445170000001,35.950113699999974],[-76.125,35.949485700000025],[-76.125,35.95360390000002],[-76.125,35.977274799999975],[-76.125,35.991139499999974],[-76.12440830000003,35.991158900000016],[-76.12367790000002,35.99131799999998],[-76.12272330000002,35.99166150000002],[-76.122434,35.99173380000002],[-76.12009080000001,35.9921099],[-76.11893370000001,35.99230879999999],[-76.11785250000003,35.992449799999974],[-76.1162579,35.99243530000001],[-76.11479700000001,35.99236300000001],[-76.11328909999997,35.99227259999998],[-76.11240320000002,35.992146100000014],[-76.1109894,35.991856799999994],[-76.11045419999999,35.99178810000001],[-76.10998769999998,35.99182059999998],[-76.1087728,35.99205569999998],[-76.10748910000001,35.99205569999998],[-76.1070009,35.991983300000015],[-76.10653810000002,35.991983300000015],[-76.10593779999999,35.99205569999998],[-76.1053159,35.99221840000001],[-76.1043866,35.99230879999999],[-76.103479,35.99232690000002],[-76.10121900000001,35.99212799999998],[-76.09905300000003,35.99189289999998],[-76.09694480000002,35.991769999999974],[-76.09606250000002,35.99178810000001],[-76.0956865,35.99187490000003],[-76.09539719999998,35.99200139999999],[-76.09508620000003,35.992091800000026],[-76.095,35.992088428738136],[-76.095,35.94023773130077],[-76.09617100000003,35.940010599999994]]]}},{"type":"Feature","properties":{},"geometry":{"type":"Polygon","coordinates":[[[-76.1078966,35.92500000000001],[-76.125,35.92500000000001],[-76.125,35.93610410000002],[-76.125,35.94550909999998],[-76.125,35.946421799999996],[-76.1249616,35.946421799999996],[-76.12474099999997,35.94628080000001],[-76.1246289,35.946154200000024],[-76.12449509999999,35.94619039999998],[-76.1244734,35.9463169],[-76.12449509999999,35.946385599999985],[-76.12460720000001,35.94647600000002],[-76.12460720000001,35.94654839999998],[-76.12449509999999,35.94663880000002],[-76.12440830000003,35.94663880000002],[-76.12416610000002,35.94658449999997],[-76.12411909999997,35.94662069999998],[-76.12407569999999,35.94669299999998],[-76.12416610000002,35.946783400000015],[-76.12438659999998,35.946855700000015],[-76.12449509999999,35.94701839999999],[-76.12449509999999,35.94717750000001],[-76.12440830000003,35.94721370000002],[-76.1241407,35.9471595],[-76.1238985,35.9471595],[-76.1238985,35.947249899999974],[-76.12407569999999,35.9473041],[-76.12427450000001,35.947322199999974],[-76.12451679999998,35.94750299999998],[-76.12451679999998,35.9478067],[-76.1243179,35.94817189999998],[-76.1238985,35.9487469],[-76.12361279999999,35.94935800000002],[-76.12352240000001,35.94941219999998],[-76.12336690000001,35.949448399999994],[-76.12305229999998,35.94943030000002],[-76.12283179999997,35.94930369999997],[-76.12265459999998,35.949141],[-76.12241230000001,35.948801100000026],[-76.12221340000002,35.9483889],[-76.12179579999997,35.947423000000015],[-76.1216819,35.9471595],[-76.12159509999998,35.94710520000001],[-76.1215047,35.94710520000001],[-76.1211973,35.94717750000001],[-76.12068749999997,35.94694609999999],[-76.1204452,35.946783400000015],[-76.12031139999999,35.946747200000004],[-76.1201125,35.946783400000015],[-76.12000039999998,35.94683759999998],[-76.11975819999998,35.94683759999998],[-76.1194906,35.94676529999998],[-76.11822860000001,35.946747200000004],[-76.11756329999997,35.946928000000014],[-76.11581669999998,35.9478067],[-76.11539370000003,35.94786099999999],[-76.11530690000001,35.9478067],[-76.11526350000003,35.9477344],[-76.11522009999999,35.947611499999994],[-76.11519479999998,35.9472318],[-76.1154841,35.94654839999998],[-76.11559620000003,35.94606379999999],[-76.11563949999999,35.945648000000006],[-76.11570460000002,35.94541650000002],[-76.11586010000002,35.94438600000001],[-76.11597219999999,35.9441003],[-76.11603730000002,35.943883400000004],[-76.11610239999999,35.943774899999994],[-76.11637000000002,35.943666399999984],[-76.11645679999998,35.94361220000002],[-76.11643509999999,35.94343500000002],[-76.11617109999997,35.94334459999999],[-76.11612409999998,35.94325420000001],[-76.11610239999999,35.943127600000025],[-76.11603730000002,35.943019100000015],[-76.11597219999999,35.943019100000015],[-76.11586010000002,35.943199900000025],[-76.11568290000002,35.9444221],[-76.1156178,35.94471549999997],[-76.11546240000001,35.94541650000002],[-76.11537199999998,35.9459372],[-76.11517309999999,35.94672919999999],[-76.11495250000002,35.94809600000002],[-76.1148657,35.9482443],[-76.11468129999997,35.9483889],[-76.11452939999998,35.94842510000001],[-76.11439560000002,35.94835269999999],[-76.11437389999998,35.94822620000002],[-76.11441730000001,35.94789709999998],[-76.11488739999999,35.946566399999995],[-76.11495250000002,35.94620839999999],[-76.1149742,35.945864900000004],[-76.1148657,35.94581069999998],[-76.11468129999997,35.94595529999998],[-76.11435219999998,35.94710520000001],[-76.11430519999999,35.94728600000002],[-76.11415340000002,35.94817189999998],[-76.11395449999998,35.94847570000002],[-76.11375559999999,35.94858420000003],[-76.11322410000002,35.94860219999998],[-76.11185,35.94845759999998],[-76.11127499999998,35.9483166],[-76.11074710000003,35.94775249999998],[-76.11054460000003,35.947376399999996],[-76.11047589999998,35.94734030000001],[-76.11036380000002,35.947249899999974],[-76.1098323,35.946964200000025],[-76.10925730000002,35.94654839999998],[-76.1079772,35.945561199999986],[-76.10680209999998,35.944584899999995],[-76.10551479999998,35.942820299999994],[-76.10498319999999,35.94165229999999],[-76.1046758,35.94065790000002],[-76.1045421,35.93999259999998],[-76.1046758,35.93904149999997],[-76.10491810000002,35.938050799999985],[-76.1050085,35.9374722],[-76.10509530000002,35.93711059999998],[-76.1050085,35.93684300000001],[-76.10480960000001,35.93653569999998],[-76.10412259999998,35.93597879999999],[-76.1028389,35.935204999999996],[-76.10117559999998,35.93437690000002],[-76.10042340000001,35.934105699999975],[-76.09955919999999,35.93405150000001],[-76.09900599999997,35.934105699999975],[-76.09838760000002,35.934228700000006],[-76.09814540000002,35.93431909999998],[-76.0979031,35.93437690000002],[-76.09769699999998,35.934394999999995],[-76.09756679999998,35.93437690000002],[-76.0974764,35.934301000000005],[-76.09738959999999,35.9340876],[-76.09721239999999,35.93385260000002],[-76.09705689999998,35.933708000000024],[-76.09683639999997,35.93361759999999],[-76.09650370000003,35.933418700000004],[-76.09617100000003,35.9330607],[-76.09588539999999,35.93259419999998],[-76.09572989999998,35.93248569999997],[-76.095,35.93223982312443],[-76.095,35.92500000000001],[-76.1078966,35.92500000000001]]]}},{"type":"Feature","properties":{},"geometry":{"type":"Polygon","coordinates":[[[-76.20572120000003,36.11230560000001],[-76.20486060000002,36.11158599999999],[-76.20441590000001,36.111083399999984],[-76.20321899999999,36.11036739999997],[-76.2023547,36.10990099999998],[-76.20073839999998,36.10878359999998],[-76.2000984,36.10856669999998],[-76.19999999999999,36.10853930000002],[-76.19999999999999,36.1032649],[-76.2017581,36.10290759999998],[-76.20746780000002,36.10188069999998],[-76.20791609999998,36.10168540000001],[-76.20807159999998,36.10148650000002],[-76.20809329999997,36.1013274],[-76.20791609999998,36.101110500000004],[-76.20795950000002,36.101038200000005],[-76.2086683,36.10078859999999],[-76.20973140000001,36.10040900000001],[-76.21059200000002,36.10010519999997],[-76.21252290000001,36.099363900000014],[-76.21285560000001,36.099241000000006],[-76.21296410000002,36.099204799999995],[-76.21318459999998,36.09904210000002],[-76.21369449999997,36.09834059999997],[-76.21387170000003,36.09812729999999],[-76.2139368,36.09803690000001],[-76.21400549999998,36.09789219999999],[-76.21391510000001,36.097765700000025],[-76.21382829999999,36.09751619999997],[-76.21387170000003,36.09748000000002],[-76.2140923,36.09740770000002],[-76.21440319999999,36.09710389999998],[-76.21464550000002,36.0969412],[-76.21480100000002,36.09685080000003],[-76.21537590000003,36.096709799999985],[-76.21614979999998,36.0965109],[-76.21664149999998,36.096528999999975],[-76.21697419999998,36.096637499999986],[-76.2187207,36.09724499999999],[-76.21880750000003,36.097281099999975],[-76.21911849999998,36.09737150000001],[-76.21953789999998,36.09748000000002],[-76.21978380000002,36.09753430000001],[-76.2201346,36.097498099999996],[-76.22060470000002,36.09740770000002],[-76.2206481,36.0973535],[-76.2206951,36.09724499999999],[-76.22076019999997,36.09723050000002],[-76.22089390000002,36.097281099999975],[-76.22098069999998,36.097461899999985],[-76.22109280000001,36.09751619999997],[-76.22131339999999,36.097570399999995],[-76.2215774,36.09744389999997],[-76.22168950000002,36.09733540000002],[-76.22184499999997,36.09729920000001],[-76.22193170000003,36.09729920000001],[-76.22259709999997,36.097389599999985],[-76.22301650000003,36.097461899999985],[-76.22347939999997,36.09751619999997],[-76.2235698,36.09753430000001],[-76.22370360000002,36.09758849999997],[-76.22383380000002,36.097678900000005],[-76.22385539999999,36.09787419999998],[-76.22379039999998,36.098358700000006],[-76.2239242,36.098611800000015],[-76.2250343,36.0995484],[-76.22662530000002,36.10055360000001],[-76.2272256,36.100770599999976],[-76.22782219999999,36.10087540000001],[-76.22841879999999,36.100893499999984],[-76.22890699999999,36.10087540000001],[-76.22941680000002,36.100770599999976],[-76.23162980000001,36.10012330000001],[-76.23204930000003,36.10012330000001],[-76.23225179999997,36.10023180000002],[-76.23227350000002,36.10040900000001],[-76.23225179999997,36.10066210000002],[-76.23200589999999,36.10107429999999],[-76.23204930000003,36.101237000000026],[-76.23211800000001,36.101291300000014],[-76.23222650000002,36.10134190000002],[-76.2325591,36.10134190000002],[-76.23293519999999,36.101237000000026],[-76.2336042,36.10083930000002],[-76.2343563,36.1005174],[-76.2351084,36.10040900000001],[-76.23559660000001,36.1003728],[-76.23581719999999,36.10039089999998],[-76.236016,36.10060779999998],[-76.23608109999998,36.10078859999999],[-76.23623659999998,36.101001999999994],[-76.2363234,36.101056200000016],[-76.23659099999998,36.101038200000005],[-76.23672479999999,36.101001999999994],[-76.23681160000001,36.10091160000002],[-76.23694540000002,36.10062590000001],[-76.2371225,36.10058980000002],[-76.23749859999998,36.10062590000001],[-76.23845319999998,36.10087540000001],[-76.23920529999998,36.101219000000015],[-76.23949099999999,36.101971100000014],[-76.23975860000002,36.10247370000002],[-76.24024309999999,36.1031246],[-76.24061920000003,36.103410199999985],[-76.2416389,36.10391290000001],[-76.2425935,36.1042564],[-76.24296959999998,36.10443359999999],[-76.24341079999999,36.10463249999998],[-76.24398930000001,36.104881999999975],[-76.2444739,36.105062799999985],[-76.24456429999998,36.105080799999996],[-76.24469440000001,36.10504470000001],[-76.2455587,36.1055111],[-76.24644819999997,36.105887199999984],[-76.2471569,36.10590530000002],[-76.24823809999998,36.10590530000002],[-76.24846230000003,36.10587270000002],[-76.24857079999998,36.10580040000002],[-76.24861420000002,36.10569190000001],[-76.24866120000002,36.10556539999999],[-76.2486829,36.10511700000001],[-76.24874799999998,36.1049362],[-76.24883840000001,36.1048313],[-76.249124,36.10465049999999],[-76.25054510000001,36.10400329999999],[-76.2507223,36.10400329999999],[-76.25078739999998,36.10405750000001],[-76.25083080000002,36.10416600000002],[-76.25083080000002,36.104274499999974],[-76.2509212,36.10450589999999],[-76.25098630000002,36.1045421],[-76.25114180000003,36.1045421],[-76.25118509999999,36.10450589999999],[-76.25114180000003,36.104328699999996],[-76.2509212,36.10398520000001],[-76.25098630000002,36.10386219999998],[-76.25114180000003,36.103771800000004],[-76.25122850000002,36.10378989999998],[-76.25134059999999,36.103808000000015],[-76.2514961,36.103949],[-76.25173840000002,36.10445170000003],[-76.25204939999998,36.10465049999999],[-76.2521145,36.10484939999998],[-76.25290999999999,36.105135099999984],[-76.25300040000002,36.10522550000002],[-76.2530438,36.105420700000025],[-76.2531993,36.105764299999976],[-76.25335469999999,36.105941400000006],[-76.25353189999998,36.10608610000003],[-76.2539731,36.10619459999998],[-76.25459860000001,36.10626689999998],[-76.25574849999998,36.106827399999986],[-76.25736130000001,36.10725769999999],[-76.25882569999999,36.10743480000002],[-76.25973340000002,36.1074529],[-76.26090490000001,36.107398699999976],[-76.26163539999999,36.107239600000014],[-76.26188130000003,36.107058800000004],[-76.26208009999999,36.10688160000001],[-76.26225729999999,36.1066285],[-76.26245619999997,36.10651999999999],[-76.26263340000003,36.10653810000002],[-76.26278530000002,36.10659229999999],[-76.26289739999999,36.1067008],[-76.2631902,36.10766990000002],[-76.26341079999997,36.10815439999999],[-76.26392070000003,36.10863899999998],[-76.26447389999998,36.109015],[-76.26542490000003,36.1092501],[-76.2661771,36.10937660000002],[-76.26677369999999,36.10957189999999],[-76.2689216,36.110544600000026],[-76.26963030000002,36.11079769999998],[-76.27173850000003,36.11142330000001],[-76.27231339999997,36.11153180000002],[-76.27326440000002,36.11165829999999],[-76.27419370000001,36.11173070000001],[-76.27461319999998,36.1117668],[-76.27472169999999,36.111821099999986],[-76.27476869999998,36.1118391],[-76.27481210000002,36.111980200000005],[-76.27476869999998,36.11242850000002],[-76.27487710000003,36.113093900000024],[-76.27499999999998,36.113176899999985],[-76.27499999999998,36.12151410000001],[-76.27499999999998,36.14999999999998],[-76.26361839999998,36.14999999999998],[-76.24094930000001,36.14999999999998],[-76.24084340000002,36.14983239999998],[-76.23993580000001,36.148935600000016],[-76.2398536,36.14888560000003],[-76.23914029999997,36.14845109999999],[-76.23816390000002,36.14793040000001],[-76.23738839999999,36.14744919999998],[-76.23714419999999,36.1472976],[-76.23656929999999,36.14674070000001],[-76.2365006,36.146527400000025],[-76.2366778,36.146187499999996],[-76.23692369999998,36.145413700000006],[-76.23723100000001,36.1432585],[-76.23718760000003,36.142846299999974],[-76.23692369999998,36.14247019999999],[-76.23687660000002,36.142235200000016],[-76.23687660000002,36.14182299999999],[-76.23678990000002,36.141446900000005],[-76.23641379999998,36.140456099999994],[-76.23592559999997,36.13853599999999],[-76.2356183,36.13816000000003],[-76.23522050000003,36.137961099999984],[-76.23506500000002,36.137780299999974],[-76.23404529999999,36.13551669999998],[-76.23369100000002,36.134782599999994],[-76.233427,36.1343162],[-76.23331489999998,36.134225800000024],[-76.23240370000002,36.13373760000002],[-76.23152140000002,36.13321689999998],[-76.23016899999999,36.13210320000002],[-76.22955059999998,36.13152819999999],[-76.2288383,36.13026989999997],[-76.22853090000001,36.12964069999998],[-76.22828500000003,36.128653499999984],[-76.22822000000002,36.128009899999995],[-76.2279307,36.12761569999998],[-76.22771010000002,36.12700460000002],[-76.22766669999999,36.1264261],[-76.22753290000003,36.12605000000002],[-76.22744610000001,36.12592339999998],[-76.2272906,36.12581499999999],[-76.2261191,36.12506280000002],[-76.22507769999999,36.12441560000002],[-76.22354810000002,36.12326209999998],[-76.2231286,36.12297640000003],[-76.22146889999999,36.1223291],[-76.22124830000001,36.12218810000002],[-76.22102410000002,36.12211580000002],[-76.21969339999998,36.11986660000002],[-76.21911849999998,36.11941830000001],[-76.21876409999999,36.119345899999985],[-76.21840980000002,36.11922299999998],[-76.2176359,36.11861190000002],[-76.21728159999998,36.11834429999999],[-76.21692719999999,36.11825390000001],[-76.21619320000002,36.11819969999999],[-76.21606300000002,36.118000800000004],[-76.21599429999998,36.11760659999999],[-76.21575200000001,36.11742579999998],[-76.21550969999998,36.11733909999998],[-76.21522040000002,36.11735709999999],[-76.2150216,36.11742579999998],[-76.2148444,36.11742579999998],[-76.21475759999998,36.11735709999999],[-76.2146889,36.11701360000001],[-76.2143815,36.11667369999998],[-76.21415730000001,36.11650739999999],[-76.212899,36.11647119999998],[-76.21250120000002,36.11641700000001],[-76.21225529999998,36.116203600000006],[-76.21163339999998,36.116077099999984],[-76.21052689999999,36.116022799999996],[-76.20993019999997,36.11593240000002],[-76.20977479999999,36.11582759999999],[-76.20964099999998,36.1156287],[-76.20930829999998,36.1154841],[-76.20878040000002,36.11541169999998],[-76.20868999999999,36.115324999999984],[-76.20868999999999,36.1151261],[-76.20864660000001,36.11499950000001],[-76.20813670000001,36.114496900000006],[-76.20572120000003,36.11230560000001]]]}},{"type":"Feature","properties":{},"geometry":{"type":"Polygon","coordinates":[[[-76.20255359999999,36.135806],[-76.20275249999997,36.1358927],[-76.20297310000001,36.1360555],[-76.20354800000001,36.136503800000014],[-76.20393130000002,36.13673890000001],[-76.20406150000002,36.13678950000002],[-76.20479189999998,36.13707879999998],[-76.20494739999998,36.13716920000002],[-76.20532350000002,36.137350000000026],[-76.2056561,36.13747649999999],[-76.20592010000001,36.13772970000002],[-76.20603219999998,36.13799719999997],[-76.206119,36.13812380000002],[-76.20620939999998,36.13817799999998],[-76.20625280000002,36.138196100000016],[-76.20640830000002,36.138196100000016],[-76.20662879999998,36.13822870000001],[-76.2068711,36.13831909999999],[-76.20696149999998,36.13837330000001],[-76.20716040000002,36.13851790000001],[-76.20733760000002,36.13869870000002],[-76.20757989999998,36.13923390000002],[-76.20775700000002,36.13957740000001],[-76.20811500000002,36.1397546],[-76.20829220000002,36.13993540000001],[-76.2083826,36.140062],[-76.20844770000002,36.14009809999999],[-76.20858149999998,36.1399897],[-76.20873340000003,36.1399897],[-76.20915639999998,36.140347599999984],[-76.20933359999998,36.14063329999999],[-76.20930829999998,36.140872],[-76.20930829999998,36.14098039999999],[-76.20939870000001,36.14099850000002],[-76.20970970000002,36.140926200000024],[-76.20977479999999,36.1409443],[-76.2098398,36.14105280000001],[-76.20993019999997,36.14121189999997],[-76.20997360000001,36.14135649999997],[-76.20995190000002,36.14146499999998],[-76.20981819999997,36.14164219999998],[-76.2097531,36.141678300000024],[-76.20970970000002,36.14178679999998],[-76.20993019999997,36.14225329999999],[-76.21015080000001,36.1426113],[-76.21052689999999,36.14313199999998],[-76.2107909,36.14313199999998],[-76.2108379,36.143168100000025],[-76.21090299999997,36.14331279999999],[-76.21094629999999,36.14336700000001],[-76.21105840000001,36.14340320000002],[-76.21121390000002,36.14342119999998],[-76.21130069999998,36.143526099999974],[-76.21132239999997,36.14383350000003],[-76.2114128,36.14399259999999],[-76.21163339999998,36.14415889999998],[-76.2120094,36.144408399999975],[-76.21292069999998,36.144965300000024],[-76.21309789999998,36.14509179999999],[-76.21336179999997,36.14516409999999],[-76.2134739,36.14516409999999],[-76.21371620000002,36.1450557],[-76.21382829999999,36.14507370000001],[-76.21387170000003,36.14518220000002],[-76.21387170000003,36.14530880000001],[-76.2137813,36.145522099999994],[-76.2137813,36.145666800000015],[-76.21400549999998,36.145739100000014],[-76.21404890000002,36.145775300000025],[-76.21402719999998,36.14586200000002],[-76.21389340000002,36.14600669999999],[-76.21389340000002,36.14606090000001],[-76.21400549999998,36.146223599999985],[-76.21395849999999,36.14629230000003],[-76.21391510000001,36.146455100000026],[-76.2137813,36.14650929999999],[-76.21369449999997,36.1466901],[-76.21371620000002,36.14681300000001],[-76.21391510000001,36.147011899999995],[-76.21426939999998,36.14753259999998],[-76.21462380000003,36.14846920000002],[-76.2147359,36.14857760000001],[-76.21490949999998,36.14868250000001],[-76.2153108,36.14914900000002],[-76.2153328,36.149434600000006],[-76.21570550000001,36.14999999999998],[-76.19999999999999,36.14999999999998],[-76.19999999999999,36.13461410000002],[-76.20021050000003,36.134674099999984],[-76.20065160000001,36.134637999999995],[-76.20071669999999,36.13469220000002],[-76.20124820000001,36.13503209999999],[-76.20197869999998,36.13537200000002],[-76.2021125,36.135534800000016],[-76.20231130000002,36.13569749999999],[-76.20255359999999,36.135806]]]}},{"type":"Feature","properties":{},"geometry":{"type":"Polygon","coordinates":[[[-76.19779499999999,36.107724099999984],[-76.19746229999998,36.10777839999997],[-76.19728509999999,36.107760299999995],[-76.19609179999998,36.10741680000001],[-76.19440320000001,36.10731190000001],[-76.19425130000002,36.1072757],[-76.19416089999999,36.10711300000003],[-76.19404880000002,36.10704070000003],[-76.1938065,36.10711300000003],[-76.19345220000002,36.10711300000003],[-76.19314480000003,36.1072034],[-76.1930544,36.1072034],[-76.19301100000001,36.107167300000015],[-76.1928772,36.106791199999975],[-76.19289889999999,36.1066285],[-76.19349920000002,36.105923399999995],[-76.19427300000001,36.105189300000006],[-76.19578089999999,36.10436490000001],[-76.19728509999999,36.10386219999998],[-76.19768290000002,36.103735700000016],[-76.19999999999999,36.1032649],[-76.19999999999999,36.10853930000002],[-76.19874600000003,36.1081906],[-76.1979938,36.10777839999997],[-76.19779499999999,36.107724099999984]]]}},{"type":"Feature","properties":{},"geometry":{"type":"Polygon","coordinates":[[[-76.14630679999999,36.14399259999999],[-76.14622000000003,36.1439383],[-76.14584400000001,36.14390580000003],[-76.14529069999998,36.14388769999999],[-76.14426739999999,36.1441408],[-76.14353699999998,36.144408399999975],[-76.1431609,36.14449880000001],[-76.143009,36.144589199999984],[-76.14271969999999,36.14507370000001],[-76.14260760000002,36.14514609999998],[-76.14232199999998,36.145218399999976],[-76.1415915,36.1452003],[-76.14108169999997,36.14475190000002],[-76.1402645,36.1441408],[-76.13997160000002,36.143743099999995],[-76.13999330000001,36.1433308],[-76.14154819999999,36.14142880000003],[-76.1419459,36.14124800000002],[-76.14212309999999,36.14105280000001],[-76.14216649999997,36.14083579999999],[-76.14216649999997,36.14000770000001],[-76.14220990000001,36.13995349999999],[-76.14276310000002,36.13961360000002],[-76.1432079,36.13930620000002],[-76.14345020000002,36.13919779999998],[-76.1434936,36.1391471],[-76.14345020000002,36.1390748],[-76.14309580000003,36.139111000000014],[-76.14271969999999,36.139252],[-76.14230029999999,36.13946900000002],[-76.14167830000002,36.13988119999999],[-76.14154819999999,36.14000770000001],[-76.14156980000001,36.140528399999994],[-76.14154819999999,36.14063329999999],[-76.1413023,36.140853900000025],[-76.14123719999998,36.1409443],[-76.14112870000002,36.1409443],[-76.14081770000001,36.14061520000001],[-76.14072729999998,36.140492300000005],[-76.14064050000002,36.14025720000001],[-76.1402645,36.140062],[-76.14015239999998,36.139863100000014],[-76.13961719999998,36.1391471],[-76.1395521,36.13902059999998],[-76.13961719999998,36.13868070000001],[-76.13959549999998,36.13837330000001],[-76.1393966,36.138246700000025],[-76.1393749,36.13816000000003],[-76.13919779999998,36.13803339999998],[-76.13895550000001,36.138015300000006],[-76.13873489999997,36.137961099999984],[-76.1386445,36.137888799999985],[-76.13860110000002,36.13774410000002],[-76.13866619999999,36.137350000000026],[-76.13860110000002,36.13722339999998],[-76.13818170000002,36.13707879999998],[-76.13795750000003,36.13691610000001],[-76.1366304,36.136272399999996],[-76.13607719999999,36.1361278],[-76.1354986,36.136145899999974],[-76.1351659,36.136145899999974],[-76.13496700000002,36.13607350000001],[-76.13468139999998,36.13585660000001],[-76.13452590000003,36.135498600000005],[-76.13434869999998,36.13537200000002],[-76.1338859,36.13517680000001],[-76.13333260000002,36.1350683],[-76.13284449999998,36.13469220000002],[-76.13249009999998,36.134493299999974],[-76.1308267,36.134008800000004],[-76.13027349999999,36.13390390000001],[-76.13000950000003,36.13386780000002],[-76.12934419999999,36.13373760000002],[-76.12905849999999,36.133647199999984],[-76.12888129999999,36.133538699999974],[-76.12879090000001,36.13339769999999],[-76.12817260000003,36.13307229999998],[-76.12746379999999,36.133054200000004],[-76.1271059,36.13296380000003],[-76.1269974,36.13273240000001],[-76.12688530000003,36.1326239],[-76.12657430000002,36.13247919999998],[-76.12599940000001,36.132320100000015],[-76.12526889999998,36.13222969999998],[-76.12520389999997,36.132320100000015],[-76.12557989999999,36.13267810000002],[-76.1257354,36.133054200000004],[-76.12569200000002,36.13341580000002],[-76.12524719999999,36.133647199999984],[-76.1250918,36.13377379999997],[-76.125,36.13405110000002],[-76.125,36.13082489999999],[-76.1251388,36.13077609999999],[-76.12575709999999,36.130577200000005],[-76.1258439,36.13063149999999],[-76.12599940000001,36.130866500000025],[-76.12639710000002,36.13111600000002],[-76.12690700000002,36.131278699999996],[-76.12737349999998,36.131332999999984],[-76.12876920000002,36.131332999999984],[-76.13215739999998,36.131278699999996],[-76.1366557,36.13129679999997],[-76.1397293,36.131170199999985],[-76.14198929999998,36.13097499999998],[-76.1422569,36.13090269999998],[-76.14274139999998,36.130830300000014],[-76.1437611,36.130830300000014],[-76.14404680000001,36.130794200000025],[-76.14539919999999,36.130143299999986],[-76.14582230000002,36.129694900000004],[-76.1459524,36.1293369],[-76.14608620000001,36.129282699999976],[-76.14615129999999,36.12931889999999],[-76.1462851,36.129463499999986],[-76.14637549999998,36.12951770000001],[-76.1485849,36.129622600000005],[-76.15168740000001,36.12967680000003],[-76.15237439999999,36.12964069999998],[-76.15257329999997,36.12944540000001],[-76.15332910000001,36.12917420000002],[-76.1542801,36.12878009999997],[-76.15516600000001,36.12838590000001],[-76.15635930000002,36.128082199999994],[-76.15764660000002,36.12775670000002],[-76.1584891,36.12761569999998],[-76.1589085,36.12747109999998],[-76.16025730000001,36.12687440000002],[-76.16098770000002,36.1267479],[-76.16251729999999,36.126104199999986],[-76.16284999999999,36.1259958],[-76.16333809999998,36.12594150000001],[-76.16389140000001,36.12570649999998],[-76.16470859999998,36.12517129999998],[-76.16557640000002,36.124469799999986],[-76.16568489999997,36.124288999999976],[-76.16568489999997,36.124166100000025],[-76.16557640000002,36.123985300000015],[-76.16559810000001,36.123876800000005],[-76.16571019999998,36.12391289999999],[-76.16593080000001,36.12403949999998],[-76.1664154,36.12400330000003],[-76.1675002,36.1240937],[-76.16831739999998,36.1236634],[-76.1685162,36.1235911],[-76.16858500000001,36.123609199999976],[-76.16865000000001,36.12369960000001],[-76.16865000000001,36.12378639999997],[-76.16858500000001,36.123876800000005],[-76.16856330000002,36.12411179999998],[-76.16865000000001,36.12422029999999],[-76.16893929999998,36.124361299999975],[-76.169959,36.12466869999997],[-76.1701362,36.124722899999995],[-76.17022659999998,36.124686800000006],[-76.17027000000002,36.12459639999997],[-76.17027000000002,36.124506],[-76.1703134,36.124469799999986],[-76.17038209999998,36.124469799999986],[-76.17042550000002,36.124506],[-76.17055929999998,36.12502669999998],[-76.17058100000003,36.1250809],[-76.17071120000003,36.12509899999998],[-76.17093540000002,36.12504469999999],[-76.17159709999999,36.1250809],[-76.1718864,36.1250809],[-76.17201649999998,36.12504469999999],[-76.17212860000001,36.124809700000014],[-76.17212860000001,36.12463250000002],[-76.17217199999999,36.124542099999985],[-76.172483,36.124506],[-76.17252639999998,36.12445170000001],[-76.17290250000002,36.124166100000025],[-76.1730579,36.12411179999998],[-76.173698,36.12378639999997],[-76.17378839999998,36.12378639999997],[-76.17394389999998,36.12382250000002],[-76.17403430000002,36.12389489999998],[-76.1741247,36.124021400000004],[-76.17414639999998,36.12418409999998],[-76.1740777,36.124361299999975],[-76.17252639999998,36.1259958],[-76.17272530000002,36.126104199999986],[-76.17447900000002,36.12441560000002],[-76.17465620000002,36.1242709],[-76.17487679999999,36.124238400000024],[-76.1749853,36.12430710000001],[-76.1756072,36.12475549999999],[-76.17587120000002,36.12517129999998],[-76.1760701,36.125330399999996],[-76.17638099999999,36.125402699999995],[-76.17646780000001,36.12545699999998],[-76.1766667,36.12567389999998],[-76.1768439,36.12579690000001],[-76.1771549,36.12586920000001],[-76.1774188,36.125742600000024],[-76.17772980000001,36.12547510000002],[-76.17799380000002,36.125438900000006],[-76.17821429999998,36.12547510000002],[-76.17833009999998,36.12552929999998],[-76.17835179999997,36.125547400000016],[-76.1784639,36.1257607],[-76.17848550000002,36.12588729999999],[-76.17848550000002,36.1260681],[-76.1785289,36.1261404],[-76.17881820000002,36.126245299999994],[-76.17947989999999,36.126299500000016],[-76.18040930000001,36.12628139999998],[-76.18096250000002,36.12620909999998],[-76.18164949999999,36.126158499999974],[-76.18176160000002,36.12603189999999],[-76.18182669999999,36.12588729999999],[-76.18189180000002,36.12585109999998],[-76.1819605,36.12585109999998],[-76.18202559999997,36.12586920000001],[-76.1821124,36.1259958],[-76.18231129999998,36.126191000000006],[-76.18284640000002,36.12635369999998],[-76.18311399999999,36.12633570000003],[-76.1832478,36.126299500000016],[-76.1833997,36.12628139999998],[-76.18362389999999,36.126299500000016],[-76.18380109999998,36.12635369999998],[-76.18393120000002,36.126371800000015],[-76.18410840000001,36.12628139999998],[-76.18422049999998,36.12603189999999],[-76.18428560000001,36.12601380000001],[-76.1843543,36.12603189999999],[-76.18466169999999,36.12628139999998],[-76.18495089999999,36.126299500000016],[-76.18607909999997,36.126191000000006],[-76.18661070000002,36.12612230000002],[-76.18676979999998,36.12605000000002],[-76.18683490000001,36.12595959999999],[-76.18692170000003,36.12563779999999],[-76.18699040000001,36.12556549999999],[-76.18709890000002,36.12549310000003],[-76.18731939999998,36.12547510000002],[-76.1876087,36.12560159999998],[-76.18802820000002,36.12592339999998],[-76.18875860000003,36.126765999999975],[-76.18891409999998,36.1270227],[-76.1894456,36.127434900000026],[-76.1897313,36.12799180000002],[-76.18995189999998,36.12840399999999],[-76.19030620000001,36.128942800000004],[-76.19061720000002,36.128979000000015],[-76.19072929999999,36.12903319999998],[-76.1919479,36.130107099999975],[-76.19208170000002,36.13036030000001],[-76.19214679999999,36.13037830000002],[-76.19250110000002,36.13037830000002],[-76.19259149999999,36.13040000000001],[-76.19296759999997,36.1311341],[-76.1930327,36.131206399999996],[-76.19358590000002,36.13122449999997],[-76.19376310000001,36.13124260000001],[-76.19382819999998,36.131332999999984],[-76.19391860000002,36.131546300000025],[-76.1941392,36.13158249999998],[-76.19522760000001,36.13210320000002],[-76.19529269999998,36.13217550000002],[-76.19536140000002,36.13222969999998],[-76.1958242,36.13249730000001],[-76.19606649999997,36.13273240000001],[-76.19646790000002,36.13301799999999],[-76.19653299999999,36.13309029999999],[-76.1966415,36.13337960000001],[-76.19677530000001,36.13348450000001],[-76.19715129999997,36.13348450000001],[-76.1977263,36.13355680000001],[-76.19786010000001,36.133647199999984],[-76.1980155,36.133849699999985],[-76.19836989999999,36.1341534],[-76.19869899999998,36.1343162],[-76.199386,36.13443910000001],[-76.19999999999999,36.13461410000002],[-76.19999999999999,36.14999999999998],[-76.16961880000002,36.14999999999998],[-76.15230259999998,36.14999999999998],[-76.1523057,36.14990469999998],[-76.15226230000002,36.149850500000014],[-76.15212860000003,36.149778200000014],[-76.15164399999998,36.14868250000001],[-76.15166570000002,36.14859569999999],[-76.1517308,36.14848719999998],[-76.1518863,36.14834259999998],[-76.1518863,36.14814369999999],[-76.15182119999997,36.14803890000002],[-76.15162229999999,36.148002700000006],[-76.15124630000003,36.14814369999999],[-76.15069299999999,36.148306400000024],[-76.1497637,36.1483968],[-76.14907670000002,36.1483968],[-76.1484547,36.14834259999998],[-76.1482775,36.14827029999998],[-76.14805689999997,36.14805689999997],[-76.14803160000002,36.14787610000002],[-76.1479448,36.147785699999986],[-76.1478328,36.1477496],[-76.14765560000001,36.1478219],[-76.1468817,36.14848719999998],[-76.1462851,36.148935600000016],[-76.1461079,36.14900799999998],[-76.14546790000003,36.14888139999999],[-76.1452473,36.148917600000004],[-76.1452003,36.148989900000004],[-76.1452256,36.14913089999999],[-76.14526899999998,36.1492394],[-76.14526899999998,36.14934790000001],[-76.14517860000001,36.149510599999985],[-76.1450701,36.14968779999998],[-76.14458200000001,36.14999510000001],[-76.14457110000001,36.14999999999998],[-76.14267189999998,36.14999999999998],[-76.14207970000001,36.149742],[-76.1411938,36.149742],[-76.14090449999998,36.149778200000014],[-76.14055009999998,36.14999510000001],[-76.13895550000001,36.14999510000001],[-76.1386445,36.14994089999999],[-76.13835879999999,36.149796200000026],[-76.13820340000001,36.149597400000005],[-76.13813470000002,36.14934790000001],[-76.1382251,36.14920319999999],[-76.13866619999999,36.148917600000004],[-76.13884339999998,36.14859569999999],[-76.13891210000003,36.14841489999998],[-76.13877830000001,36.14827029999998],[-76.1386445,36.14819799999998],[-76.13855769999998,36.147894199999996],[-76.13842390000002,36.14695769999997],[-76.13844560000001,36.1465455],[-76.13840219999997,36.146382700000004],[-76.13833349999999,36.146274300000016],[-76.13826840000002,36.14620559999997],[-76.1377152,36.1459524],[-76.13769350000001,36.14579329999998],[-76.13778389999999,36.14550409999998],[-76.13793579999998,36.1452726],[-76.1382901,36.145128],[-76.13884339999998,36.14503760000002],[-76.13953040000001,36.14501949999999],[-76.13970760000001,36.1450557],[-76.140015,36.1452003],[-76.14137099999999,36.145341299999984],[-76.1415265,36.145413700000006],[-76.14174700000001,36.145594500000016],[-76.14188080000002,36.14564869999998],[-76.1421014,36.1457029],[-76.14236540000002,36.14572099999998],[-76.14274139999998,36.145558300000005],[-76.14353699999998,36.14473379999998],[-76.143913,36.14460730000002],[-76.14469409999998,36.144408399999975],[-76.14582230000002,36.14415889999998],[-76.14630679999999,36.14410099999998],[-76.14630679999999,36.14404680000001],[-76.14630679999999,36.14399259999999]]]}},{"type":"Feature","properties":{},"geometry":{"type":"Polygon","coordinates":[[[-76.13341220000001,36.14999999999998],[-76.125,36.14999999999998],[-76.125,36.14859050000001],[-76.125,36.141710699999976],[-76.1251388,36.14166019999999],[-76.12535930000001,36.1416964],[-76.12560159999998,36.1417687],[-76.12575709999999,36.14175060000002],[-76.12582220000002,36.14166019999999],[-76.12586920000001,36.141483100000016],[-76.1258439,36.141338399999995],[-76.12591259999999,36.141266099999996],[-76.1260211,36.141193799999996],[-76.12628869999998,36.14117570000002],[-76.12662130000001,36.14113950000001],[-76.1268202,36.14107080000002],[-76.12732640000002,36.140781600000025],[-76.1275326,36.14063329999999],[-76.12783990000003,36.14047420000003],[-76.12799539999997,36.140420000000006],[-76.1282377,36.140420000000006],[-76.12852700000002,36.140492300000005],[-76.1287041,36.14058269999998],[-76.12923569999998,36.140600800000016],[-76.12981059999998,36.14047420000003],[-76.13073989999998,36.140202999999985],[-76.1310039,36.14025720000001],[-76.13118109999999,36.140456099999994],[-76.13118109999999,36.14076349999999],[-76.1311594,36.141157599999985],[-76.13102559999999,36.14178679999998],[-76.13102559999999,36.14189529999999],[-76.13127150000003,36.142054400000006],[-76.1313149,36.14210859999997],[-76.13137999999998,36.142488300000025],[-76.13137999999998,36.142701699999975],[-76.1315138,36.1431139],[-76.1314921,36.143240400000025],[-76.13102559999999,36.14395639999998],[-76.1310039,36.14411910000001],[-76.13109429999997,36.14433969999999],[-76.13113770000001,36.14464340000001],[-76.13124620000002,36.144806200000005],[-76.13162219999998,36.14507370000001],[-76.1317163,36.14525450000002],[-76.13173799999998,36.145666800000015],[-76.13173799999998,36.14584400000001],[-76.1316946,36.14593439999999],[-76.13142340000002,36.146151299999985],[-76.13140170000003,36.146223599999985],[-76.13155719999997,36.147048100000006],[-76.1317163,36.1483968],[-76.13175969999998,36.1485596],[-76.13180670000003,36.14864640000002],[-76.13198019999999,36.148754800000006],[-76.13273240000001,36.14913089999999],[-76.13306499999999,36.14934790000001],[-76.1332205,36.14963349999999],[-76.13333260000002,36.149723900000026],[-76.13350980000001,36.14976009999998],[-76.1335532,36.149796200000026],[-76.1335315,36.14990469999998],[-76.13344110000003,36.14994089999999],[-76.13341220000001,36.14999999999998]]]}},{"type":"Feature","properties":{},"geometry":{"type":"Polygon","coordinates":[[[-76.125,36.13405110000002],[-76.12491820000002,36.134298100000024],[-76.12484949999998,36.134420999999975],[-76.1246289,36.13465609999997],[-76.12449509999999,36.13488749999999],[-76.12425280000002,36.13505020000002],[-76.1238768,36.1351406],[-76.12336690000001,36.13508639999998],[-76.12309929999998,36.13501400000001],[-76.12181570000001,36.13424379999998],[-76.1215047,36.134117300000014],[-76.12110689999997,36.134008800000004],[-76.12082129999999,36.13377379999997],[-76.12066579999998,36.13359300000002],[-76.12055370000002,36.1334483],[-76.1202897,36.13323500000001],[-76.11931700000002,36.13256960000001],[-76.11916150000002,36.13241049999999],[-76.11929170000002,36.132302100000004],[-76.11982330000001,36.1323744],[-76.119892,36.132320100000015],[-76.119957,36.13217550000002],[-76.12006910000002,36.132121299999994],[-76.12022100000002,36.13210320000002],[-76.1202897,36.13204889999997],[-76.12035479999997,36.13185370000002],[-76.1204669,36.13174520000001],[-76.1205754,36.13167290000001],[-76.1207526,36.131690900000024],[-76.1210418,36.13192600000002],[-76.12128410000003,36.13208509999998],[-76.12137089999999,36.13208509999998],[-76.12166020000001,36.13198019999999],[-76.1220796,36.13196210000001],[-76.12249910000003,36.13199470000001],[-76.12283179999997,36.13196210000001],[-76.12318970000001,36.13172709999998],[-76.12345729999998,36.131387200000006],[-76.12352240000001,36.13126060000002],[-76.12381169999998,36.13124260000001],[-76.125,36.13082489999999],[-76.125,36.13405110000002]]]}},{"type":"Feature","properties":{},"geometry":{"type":"Polygon","coordinates":[[[-76.09514300000001,36.13548500000002],[-76.09538900000001,36.13546500000001],[-76.09571399999999,36.13541500000002],[-76.09577200000001,36.13540699999999],[-76.09583500000002,36.135403],[-76.096004,36.135403],[-76.09605699999997,36.13539900000001],[-76.09615400000001,36.135379],[-76.09650099999999,36.13530500000002],[-76.09681999999998,36.13525800000002],[-76.09707100000003,36.135219000000006],[-76.09724399999999,36.13518800000003],[-76.09732200000002,36.13516800000002],[-76.09754600000002,36.13510200000002],[-76.097667,36.135062000000005],[-76.09781099999998,36.13501600000001],[-76.09792700000003,36.134983999999974],[-76.09798,36.13496500000002],[-76.09802400000001,36.134941000000026],[-76.09805799999998,36.13491800000003],[-76.09808199999998,36.134893999999974],[-76.09813000000003,36.13483600000001],[-76.09823599999999,36.134705999999994],[-76.098323,36.13460900000001],[-76.09837099999999,36.13457],[-76.09841499999999,36.134533999999974],[-76.098453,36.13452699999999],[-76.09849200000002,36.13451900000001],[-76.09853099999998,36.13452699999999],[-76.09855900000002,36.13453800000002],[-76.09860800000001,36.13457299999999],[-76.09864599999997,36.134596999999985],[-76.09868499999999,36.134613],[-76.098815,36.134636],[-76.09899899999999,36.13466299999999],[-76.099197,36.134705999999994],[-76.09930300000002,36.13474200000002],[-76.09937300000001,36.134780999999975],[-76.09943099999998,36.13481999999999],[-76.09954599999998,36.13491399999998],[-76.09965699999998,36.135019],[-76.09970099999998,36.135050999999976],[-76.09976799999998,36.13508200000001],[-76.09984100000003,36.13510200000002],[-76.099894,36.13511299999999],[-76.09995199999997,36.13511299999999],[-76.10001499999998,36.135109],[-76.100077,36.13509800000003],[-76.10012999999998,36.13509399999998],[-76.10017900000003,36.13509800000003],[-76.10022199999997,36.13509800000003],[-76.10036200000002,36.13512100000003],[-76.10042499999997,36.135132999999996],[-76.10051199999998,36.135159999999985],[-76.10064699999998,36.13521500000002],[-76.10076299999997,36.13528200000002],[-76.10089799999997,36.13536399999998],[-76.10102799999999,36.13544200000001],[-76.10112900000001,36.13552800000002],[-76.101182,36.13556699999998],[-76.101245,36.13563399999998],[-76.10130600000002,36.13573100000002],[-76.101339,36.135806],[-76.10137800000001,36.135879999999986],[-76.101407,36.135919],[-76.10143599999998,36.13594699999999],[-76.10148400000003,36.135973999999976],[-76.10155600000002,36.13600100000002],[-76.101899,36.13609100000002],[-76.102218,36.13617399999998],[-76.102329,36.13620900000001],[-76.10238700000002,36.13622800000002],[-76.10243000000003,36.13625999999999],[-76.10246899999999,36.13629100000003],[-76.10249299999998,36.136326],[-76.10251699999998,36.13636500000001],[-76.10254099999997,36.13642399999998],[-76.10257000000001,36.13647099999997],[-76.10260399999999,36.13650999999999],[-76.102734,36.13660399999998],[-76.10279400000002,36.136663],[-76.10288600000001,36.13672100000002],[-76.10294900000002,36.13675599999999],[-76.10300699999999,36.136776],[-76.10310299999998,36.136802999999986],[-76.103161,36.13682699999998],[-76.10318000000001,36.13684999999998],[-76.10318999999998,36.136878000000024],[-76.10318999999998,36.13695200000001],[-76.10317099999997,36.13700699999998],[-76.10312699999997,36.137058000000025],[-76.10302100000001,36.13712399999997],[-76.103002,36.137148000000025],[-76.10299700000002,36.13717500000001],[-76.103002,36.13721399999997],[-76.103026,36.13728500000002],[-76.10308900000001,36.13737800000001],[-76.103137,36.13742100000002],[-76.10324300000002,36.13750399999998],[-76.10326500000002,36.13752299999999],[-76.10330399999998,36.137539000000004],[-76.10335199999997,36.137550999999974],[-76.103434,36.13755400000002],[-76.103588,36.137562],[-76.10367000000002,36.13755400000002],[-76.10373299999998,36.137546999999984],[-76.103767,36.137535000000014],[-76.10381000000001,36.13750700000003],[-76.10387300000002,36.137441000000024],[-76.10389199999997,36.137429],[-76.10391199999998,36.137418000000025],[-76.10395999999997,36.137418000000025],[-76.10398900000001,36.13743299999999],[-76.10403200000002,36.137472],[-76.10409499999997,36.137542999999994],[-76.104109,36.13757800000002],[-76.10423500000002,36.13803200000001],[-76.10427399999998,36.138216],[-76.10429299999998,36.138259000000005],[-76.104312,36.138278000000014],[-76.10434600000002,36.13829399999997],[-76.104399,36.13831299999998],[-76.10445700000002,36.138329],[-76.10448100000002,36.138345000000015],[-76.10449599999998,36.138372000000004],[-76.10450500000002,36.13841100000002],[-76.10450800000001,36.13848899999999],[-76.10450800000001,36.138555999999994],[-76.104512,36.13859500000001],[-76.104532,36.138615000000016],[-76.10457000000002,36.13862999999998],[-76.10460899999998,36.138634000000025],[-76.10461500000002,36.138634000000025],[-76.10465699999997,36.138634000000025],[-76.10470099999998,36.13862999999998],[-76.104739,36.138611000000026],[-76.10475400000001,36.13859500000001],[-76.104759,36.138575],[-76.104783,36.138532],[-76.10479700000002,36.13850500000001],[-76.104807,36.13849699999997],[-76.10483599999998,36.138485],[-76.10495200000003,36.138462000000004],[-76.104983,36.1384582],[-76.10508199999998,36.13844599999999],[-76.10512999999997,36.13844599999999],[-76.105164,36.138454000000024],[-76.10546799999997,36.13859100000002],[-76.10548299999999,36.138599],[-76.10548990000001,36.13861350000002],[-76.10549200000003,36.13861800000001],[-76.10548699999998,36.138638000000014],[-76.10490800000002,36.139452000000006],[-76.104172,36.140472999999986],[-76.10353800000001,36.14135700000003],[-76.10368,36.141418999999985],[-76.10448100000002,36.14033599999999],[-76.10524600000002,36.139302999999984],[-76.105726,36.13865800000002],[-76.10573599999998,36.138645999999994],[-76.10574860000003,36.138640699999996],[-76.10575499999999,36.138638000000014],[-76.105774,36.138638000000014],[-76.10581300000001,36.138645999999994],[-76.10590000000002,36.138689],[-76.10599200000001,36.138755],[-76.10604999999998,36.13879800000001],[-76.106088,36.138818000000015],[-76.10615100000001,36.138845],[-76.10634900000002,36.138892],[-76.106426,36.138915999999995],[-76.10656599999999,36.13896699999998],[-76.10672,36.139009999999985],[-76.10683599999999,36.139028999999994],[-76.10694699999999,36.13904500000001],[-76.10697599999997,36.13904500000001],[-76.10705300000001,36.13903299999998],[-76.10745400000002,36.13895100000002],[-76.107775,36.13887699999998],[-76.108093,36.13879800000001],[-76.10859499999998,36.13866899999999],[-76.10893299999998,36.13857899999999],[-76.10900099999998,36.138563999999974],[-76.109059,36.138555999999994],[-76.10915999999997,36.138544000000024],[-76.109305,36.13853599999999],[-76.10956499999998,36.13853599999999],[-76.109804,36.138544000000024],[-76.10990600000002,36.138559999999984],[-76.11007899999998,36.13858299999998],[-76.110297,36.138642000000004],[-76.11047500000001,36.13869299999999],[-76.11066799999998,36.13875100000001],[-76.11094800000001,36.13885699999997],[-76.11104499999999,36.138908000000015],[-76.11114099999998,36.13897400000002],[-76.111199,36.139025000000004],[-76.11125199999998,36.139084000000025],[-76.11129599999998,36.13914699999998],[-76.11135300000001,36.13923699999998],[-76.11140699999999,36.13933800000001],[-76.11143099999998,36.139396999999974],[-76.11148100000003,36.139471000000015],[-76.111534,36.13951400000002],[-76.111602,36.139557000000025],[-76.111626,36.13958100000002],[-76.11163099999999,36.13960800000001],[-76.11163099999999,36.13968019999999],[-76.11163099999999,36.13968299999999],[-76.11162100000001,36.139714000000026],[-76.11162100000001,36.13972899999999],[-76.11163099999999,36.139745000000005],[-76.11164500000001,36.139752999999985],[-76.11167,36.13976500000001],[-76.11170800000002,36.13977599999998],[-76.111805,36.13979599999999],[-76.11187699999999,36.13981899999999],[-76.11193500000002,36.139842999999985],[-76.11202200000002,36.13989800000002],[-76.11217599999998,36.13997999999998],[-76.11234999999999,36.140085],[-76.11245600000001,36.14014400000002],[-76.11255799999998,36.14018299999998],[-76.11264399999999,36.140206999999975],[-76.112775,36.14025400000003],[-76.11289099999999,36.140288999999996],[-76.11299700000001,36.14034800000002],[-76.113202,36.140461000000016],[-76.11335600000001,36.140558999999996],[-76.11348199999998,36.14062899999999],[-76.11350599999997,36.140645000000006],[-76.11352,36.140668000000005],[-76.11353500000001,36.14068800000001],[-76.11354899999998,36.140769999999975],[-76.113588,36.14088700000002],[-76.11366500000003,36.14104400000002],[-76.11367760000002,36.1410702],[-76.11375700000002,36.14123599999999],[-76.11379299999999,36.14128199999999],[-76.11381699999998,36.141305999999986],[-76.113856,36.141328999999985],[-76.11390399999999,36.14134899999999],[-76.113948,36.14137199999999],[-76.11397199999999,36.141395999999986],[-76.114015,36.14145500000001],[-76.11409700000002,36.14167800000001],[-76.11412100000001,36.141782999999975],[-76.11412100000001,36.14188899999999],[-76.114102,36.142034000000024],[-76.11407300000002,36.14224100000001],[-76.11406099999999,36.14248700000002],[-76.11405100000002,36.142652],[-76.11402199999998,36.142785],[-76.11398400000002,36.14289400000001],[-76.11394999999999,36.142971999999986],[-76.11391099999997,36.143051000000014],[-76.11389200000002,36.14312100000001],[-76.11388,36.143231000000014],[-76.11389000000003,36.143328],[-76.11390899999998,36.14342599999998],[-76.11391900000001,36.14353199999999],[-76.11390399999999,36.14367299999998],[-76.1139,36.143696999999975],[-76.113856,36.14395000000002],[-76.11382900000001,36.144071999999994],[-76.11380500000001,36.144138],[-76.11376200000001,36.144205],[-76.11371300000002,36.144271],[-76.11363599999999,36.14437700000002],[-76.11355900000001,36.14449400000001],[-76.11352,36.144564],[-76.11347699999999,36.144654],[-76.11344300000002,36.144732999999974],[-76.11340899999999,36.144818999999984],[-76.11338,36.144912999999974],[-76.11335400000002,36.14502599999997],[-76.11333000000002,36.145084999999995],[-76.11330099999998,36.145128],[-76.11326200000002,36.14515899999998],[-76.113204,36.14520199999998],[-76.11307399999998,36.14530000000002],[-76.11294900000001,36.145398],[-76.11290500000001,36.145441000000005],[-76.112862,36.14550300000002],[-76.11265400000002,36.14576499999998],[-76.11248799999998,36.14602000000002],[-76.11246,36.14607000000001],[-76.11242499999997,36.14613300000002],[-76.11239599999999,36.146203000000014],[-76.112372,36.14626199999998],[-76.11235699999997,36.14632499999999],[-76.11235199999999,36.146360000000016],[-76.11235699999997,36.146434],[-76.112372,36.146570999999994],[-76.11240600000002,36.146747000000005],[-76.11248799999998,36.147028999999975],[-76.11252400000001,36.147110999999995],[-76.11255799999998,36.14716199999998],[-76.112571,36.147178],[-76.11259100000001,36.147204999999985],[-76.112616,36.147227999999984],[-76.11261999999999,36.14724799999999],[-76.112616,36.14726300000001],[-76.11260600000003,36.147279000000026],[-76.11259100000001,36.147298999999975],[-76.11259100000001,36.147317999999984],[-76.11260429999999,36.14732859999998],[-76.112616,36.14733799999999],[-76.11291999999997,36.14742799999999],[-76.11296800000002,36.147447],[-76.11298699999998,36.147447],[-76.11299170000001,36.14744510000003],[-76.11299700000001,36.14744300000001],[-76.113002,36.14743499999997],[-76.113002,36.147403999999995],[-76.11294900000001,36.14726300000001],[-76.11291,36.147189000000026],[-76.11285700000002,36.147130000000004],[-76.11279400000001,36.14707199999998],[-76.11274100000003,36.146997],[-76.11269299999998,36.146907],[-76.11263500000001,36.14677799999998],[-76.11259100000001,36.146653000000015],[-76.11257699999999,36.146567000000005],[-76.11256200000003,36.146457999999996],[-76.112572,36.146387000000004],[-76.11259100000001,36.146304999999984],[-76.11261999999999,36.146191999999985],[-76.11264899999998,36.146113000000014],[-76.11266599999999,36.14605899999998],[-76.112686,36.146030999999994],[-76.112705,36.146011999999985],[-76.11276299999997,36.14595700000001],[-76.11282999999997,36.145921999999985],[-76.11293599999999,36.145887000000016],[-76.11305700000003,36.14584300000001],[-76.11310300000002,36.14583099999999],[-76.11316790000001,36.14581320000002],[-76.113202,36.145804],[-76.11335600000001,36.145781],[-76.11362200000002,36.14576099999999],[-76.11379599999998,36.14576899999997],[-76.11386299999998,36.14576099999999],[-76.11390699999998,36.14575000000002],[-76.11397899999997,36.145730000000015],[-76.11416700000001,36.145647999999994],[-76.11431199999998,36.14557000000002],[-76.11451,36.14544799999999],[-76.11457300000001,36.14539400000001],[-76.114599,36.14535799999999],[-76.11470000000003,36.14522499999998],[-76.11481600000002,36.14505700000001],[-76.11484000000002,36.14502599999997],[-76.11489799999998,36.14497499999999],[-76.11511999999999,36.144803000000024],[-76.11533300000002,36.14466199999998],[-76.11568699999998,36.14446700000002],[-76.115745,36.14443899999998],[-76.11577899999997,36.14443499999999],[-76.11580800000002,36.14443499999999],[-76.11581799999999,36.14443899999998],[-76.11582700000002,36.144454999999994],[-76.115837,36.144514000000015],[-76.11584199999999,36.144544999999994],[-76.11587100000003,36.144564],[-76.11589500000002,36.14457199999998],[-76.115924,36.14457199999998],[-76.11595799999998,36.144564],[-76.115972,36.144544999999994],[-76.11598199999997,36.144521],[-76.11599100000001,36.14447799999999],[-76.11601100000001,36.144451000000004],[-76.11602499999998,36.14443499999999],[-76.11606899999998,36.14439599999997],[-76.11612200000002,36.144361],[-76.11615499999999,36.14434899999998],[-76.11620399999998,36.14434499999999],[-76.11625199999997,36.14434499999999],[-76.11630000000002,36.144357000000014],[-76.11636299999998,36.14440000000002],[-76.11647900000003,36.144514000000015],[-76.116513,36.144541000000004],[-76.11654600000003,36.144548999999984],[-76.11658,36.144544999999994],[-76.11661400000003,36.144533000000024],[-76.11670099999998,36.144454999999994],[-76.11674399999998,36.144408],[-76.11676399999999,36.14438799999999],[-76.116807,36.14437700000002],[-76.11684600000001,36.14437700000002],[-76.11689899999999,36.14438799999999],[-76.11696599999999,36.14440400000001],[-76.11703399999999,36.144408],[-76.11710599999998,36.14440400000001],[-76.11717900000002,36.14439599999997],[-76.117212,36.14438100000001],[-76.11722200000003,36.144357000000014],[-76.11721699999998,36.144334000000015],[-76.11720300000002,36.14431400000001],[-76.11717900000002,36.14428700000002],[-76.11716899999999,36.144251],[-76.11716899999999,36.144240000000025],[-76.11717900000002,36.144205],[-76.11720300000002,36.14414599999998],[-76.117232,36.14408700000001],[-76.11725100000001,36.14405599999998],[-76.11728,36.14402799999999],[-76.11730399999999,36.14400899999998],[-76.11732799999999,36.14399700000001],[-76.11739599999999,36.143978000000004],[-76.11743000000001,36.143974000000014],[-76.11746799999997,36.14396199999999],[-76.117526,36.14394600000003],[-76.11756200000002,36.14391499999999],[-76.117751,36.143778],[-76.117794,36.14374299999997],[-76.11783700000001,36.143718999999976],[-76.11788999999999,36.143711999999994],[-76.11794800000001,36.143708000000004],[-76.11819000000003,36.143708000000004],[-76.118359,36.14372700000001],[-76.11844100000002,36.14374299999997],[-76.11845499999998,36.14373899999998],[-76.11847,36.143731],[-76.11847399999999,36.143718999999976],[-76.11847899999998,36.14369599999998],[-76.11849899999999,36.14364899999998],[-76.11852800000003,36.143618000000004],[-76.118581,36.14359000000002],[-76.118716,36.14351599999998],[-76.11879800000003,36.14345700000001],[-76.11886529999998,36.1434251],[-76.11929170000002,36.14327659999998],[-76.11955929999999,36.143059600000015],[-76.1196678,36.14302350000003],[-76.12022100000002,36.14302350000003],[-76.12073090000001,36.14296919999998],[-76.1213492,36.14245219999998],[-76.1216819,36.14228939999998],[-76.1218374,36.142235200000016],[-76.12199279999999,36.14221709999998],[-76.12241230000001,36.14228939999998],[-76.12285350000002,36.14232559999999],[-76.1230089,36.14228939999998],[-76.12334520000002,36.14210859999997],[-76.12418780000002,36.14185909999998],[-76.12445170000001,36.14182299999999],[-76.12456379999998,36.141841],[-76.1246289,36.14189529999999],[-76.12471570000002,36.141931399999976],[-76.12493990000002,36.14173260000001],[-76.125,36.141710699999976],[-76.125,36.14859050000001],[-76.125,36.14999999999998],[-76.11506889999998,36.14999999999998],[-76.11424360000001,36.14999999999998],[-76.11375420000002,36.14999999999998],[-76.11022639999999,36.14999999999998],[-76.10992349999998,36.14999999999998],[-76.10964610000002,36.14999999999998],[-76.095,36.14999999999998],[-76.095,36.13547425821597],[-76.09514300000001,36.13548500000002]]]}},{"type":"Feature","properties":{},"geometry":{"type":"Polygon","coordinates":[[[-76.21570550000001,36.14999999999998],[-76.21611200000001,36.1506167],[-76.21612649999997,36.150827400000026],[-76.21614090000003,36.1510849],[-76.2164151,36.15131889999998],[-76.21686249999999,36.1517169],[-76.21798810000001,36.15257120000001],[-76.2191426,36.15356600000001],[-76.21996100000001,36.15405229999999],[-76.22191329999998,36.15526299999999],[-76.22215870000002,36.15553219999998],[-76.2222597,36.155941799999994],[-76.2227648,36.15642159999999],[-76.22339979999998,36.157112100000006],[-76.22390480000001,36.15754509999999],[-76.22562210000001,36.15828240000002],[-76.22619939999998,36.158691999999974],[-76.2267766,36.15918349999998],[-76.22832840000001,36.16026449999998],[-76.22841879999999,36.16030069999999],[-76.22856610000002,36.16028349999999],[-76.22871040000001,36.160260100000016],[-76.22877319999998,36.160336900000004],[-76.22843619999998,36.160459],[-76.22667560000002,36.16095050000001],[-76.22648800000002,36.161067600000024],[-76.22653129999998,36.161219700000004],[-76.22684880000003,36.16124309999998],[-76.2279744,36.16092709999998],[-76.22817650000002,36.160985600000004],[-76.22827749999999,36.16107929999998],[-76.22824859999997,36.161254799999995],[-76.22798879999999,36.16144200000002],[-76.22754149999997,36.161594200000025],[-76.2269642,36.16180480000003],[-76.22690649999998,36.16194519999999],[-76.22699310000002,36.162050599999986],[-76.22729620000001,36.16196860000002],[-76.22793109999998,36.16176969999998],[-76.22840739999998,36.161640999999975],[-76.22873929999997,36.161594200000025],[-76.22889800000002,36.16171120000001],[-76.22901350000001,36.16194519999999],[-76.22905680000002,36.162167599999975],[-76.22891240000001,36.16228460000002],[-76.22840739999998,36.16240160000001],[-76.227758,36.16260060000002],[-76.22757030000002,36.162694199999976],[-76.22761359999998,36.16284630000001],[-76.227758,36.1628814],[-76.22806100000003,36.16284630000001],[-76.22850840000001,36.162694199999976],[-76.22895569999997,36.16255369999999],[-76.22908560000002,36.16254199999997],[-76.22924440000003,36.16263570000001],[-76.22931649999998,36.16282289999998],[-76.2293454,36.16303349999998],[-76.22918659999999,36.16316219999999],[-76.22837850000002,36.163560099999984],[-76.2283352,36.16368879999999],[-76.22843619999998,36.16377080000001],[-76.2288547,36.1636537],[-76.22938870000002,36.16345480000001],[-76.22976390000002,36.16334949999998],[-76.22989380000001,36.16334949999998],[-76.22983599999998,36.1634899],[-76.22963399999998,36.16374730000001],[-76.22914329999998,36.164075000000025],[-76.22898459999999,36.16421539999999],[-76.2290423,36.1644144],[-76.2291578,36.1644144],[-76.2293454,36.1641803],[-76.22963399999998,36.163969699999996],[-76.2298793,36.16374730000001],[-76.23008140000002,36.1636537],[-76.23028340000002,36.16363030000002],[-76.23045660000002,36.163782500000025],[-76.23080290000001,36.164344099999994],[-76.23097610000002,36.16469519999998],[-76.23091840000001,36.16480050000001],[-76.230572,36.164905799999985],[-76.2302545,36.1649994],[-76.2300381,36.16516330000002],[-76.23013909999997,36.165280300000006],[-76.2304277,36.16522179999998],[-76.23081730000001,36.16511650000001],[-76.2312791,36.165022799999974],[-76.2314379,36.16508140000002],[-76.23148120000002,36.16516330000002],[-76.23152449999998,36.16530369999998],[-76.2316255,36.165526],[-76.23169480000001,36.16571329999999],[-76.23171209999998,36.16575999999998],[-76.23166880000002,36.165923899999996],[-76.2316399,36.16609940000001],[-76.23151000000001,36.16619300000002],[-76.2312791,36.16615789999997],[-76.23104819999998,36.16609940000001],[-76.23080290000001,36.165888800000005],[-76.23065860000003,36.165853700000014],[-76.2305432,36.165923899999996],[-76.23091840000001,36.166368499999976],[-76.23110600000001,36.166789800000004],[-76.2310627,36.167082300000004],[-76.23182750000001,36.167796099999975],[-76.23241919999998,36.1684631],[-76.23262119999998,36.168837499999995],[-76.23284840000002,36.1692286],[-76.23481909999998,36.17130780000002],[-76.23529660000003,36.17098390000001],[-76.23568449999999,36.1708132],[-76.23598650000002,36.170781799999986],[-76.2363085,36.17083839999998],[-76.2367772,36.17094930000002],[-76.2368639,36.171038099999976],[-76.2370851,36.171211700000015],[-76.23768360000003,36.17205969999998],[-76.2379037,36.17227079999998],[-76.238382,36.17263409999998],[-76.23906679999999,36.17283229999998],[-76.23954350000002,36.17299150000002],[-76.24027589999997,36.173538199999996],[-76.2408259,36.17401219999999],[-76.24114709999998,36.17423209999998],[-76.24123639999999,36.17426840000002],[-76.24146309999998,36.174285],[-76.24187769999997,36.174151499999994],[-76.2420821,36.1741682],[-76.2425134,36.1742572],[-76.24312880000002,36.17456370000002],[-76.24335610000003,36.174654499999974],[-76.24353789999998,36.17465290000001],[-76.24381210000001,36.1745947],[-76.24425330000003,36.174504300000024],[-76.2447161,36.17446819999998],[-76.24518260000002,36.17455860000001],[-76.2458226,36.17472129999999],[-76.24613720000002,36.174771899999996],[-76.24686759999997,36.174771899999996],[-76.24730879999998,36.17461279999998],[-76.2476198,36.17457669999999],[-76.24795239999997,36.17463090000001],[-76.24823809999998,36.17475380000002],[-76.24863590000001,36.175242000000026],[-76.24866120000002,36.1754047],[-76.24888179999999,36.17560359999999],[-76.24903719999998,36.17576270000001],[-76.24914569999999,36.17612070000001],[-76.249124,36.17671369999999],[-76.24896849999999,36.177144],[-76.24872629999999,36.177682800000014],[-76.24874799999998,36.177950399999986],[-76.2488131,36.17814929999997],[-76.2488601,36.17845299999999],[-76.24888040000002,36.17876130000002],[-76.2488356,36.179014800000004],[-76.24889990000003,36.17921080000002],[-76.24903280000001,36.179447100000004],[-76.24914009999998,36.17975200000001],[-76.24918259999998,36.17995159999998],[-76.24918229999997,36.180024100000026],[-76.2491167,36.180078200000025],[-76.24882939999998,36.1802907],[-76.2487812,36.18052610000001],[-76.24878009999998,36.18073989999999],[-76.2488899,36.18126239999998],[-76.24886700000002,36.181512399999974],[-76.24879659999999,36.18182030000003],[-76.24863870000001,36.182972199999995],[-76.24867949999998,36.18353059999998],[-76.24881240000002,36.18379950000002],[-76.24942859999999,36.184538299999986],[-76.24975940000002,36.18509820000003],[-76.2498875,36.18557010000001],[-76.24986360000003,36.186019499999986],[-76.24986259999997,36.186218800000006],[-76.2499057,36.186306],[-76.25033109999998,36.186793799999975],[-76.25050800000002,36.18693960000002],[-76.2507721,36.18704969999999],[-76.25143809999997,36.1872487],[-76.25278830000002,36.18763580000001],[-76.25429530000002,36.1878208],[-76.25551960000001,36.1880261],[-76.25733439999999,36.18828500000001],[-76.2583778,36.18839889999998],[-76.25944609999999,36.1886179],[-76.25973249999998,36.18861930000003],[-76.26008780000001,36.188603],[-76.26044339999999,36.18851769999998],[-76.2615111,36.18812409999998],[-76.26204059999998,36.188057800000024],[-76.26257379999998,36.188006099999996],[-76.26306679999999,36.188008500000024],[-76.2641314,36.18822749999998],[-76.2644388,36.188355899999976],[-76.26477240000003,36.188357499999995],[-76.26524899999998,36.188210500000025],[-76.2659031,36.18788289999998],[-76.2661986,36.187828000000025],[-76.2667156,36.18781039999999],[-76.26685220000002,36.187847499999975],[-76.26709929999998,36.18803250000002],[-76.2675777,36.18904140000001],[-76.26787239999999,36.189518299999975],[-76.26813370000002,36.18993390000003],[-76.2683697,36.190198099999975],[-76.26882369999998,36.19055350000002],[-76.2691562,36.1908904],[-76.26939229999999,36.19122859999999],[-76.26962479999997,36.19157039999999],[-76.2697382,36.19204830000001],[-76.26975329999999,36.19231789999998],[-76.26976079999997,36.19255679999998],[-76.26959729999999,36.19283780000001],[-76.2693984,36.19332229999998],[-76.26918640000002,36.193861700000014],[-76.26911089999999,36.194284400000015],[-76.26907310000001,36.1945662],[-76.26912600000003,36.19497050000001],[-76.26905799999997,36.195423800000015],[-76.26905040000003,36.195772999999974],[-76.268937,36.195907799999986],[-76.26882369999998,36.19593839999999],[-76.26869520000002,36.195809800000006],[-76.26857419999999,36.195711800000026],[-76.2684231,36.1956811],[-76.2683399,36.19575459999999],[-76.26840040000002,36.195858799999996],[-76.26861200000002,36.19600580000002],[-76.26886139999999,36.19612219999999],[-76.26898240000003,36.196195699999976],[-76.26899750000001,36.19633049999999],[-76.26892190000001,36.196489799999995],[-76.26866489999998,36.19659389999998],[-76.26830969999997,36.19680829999999],[-76.26801499999999,36.19699209999999],[-76.26783360000002,36.19710850000001],[-76.26771259999998,36.197188100000005],[-76.26765970000002,36.19731059999998],[-76.26771259999998,36.19741479999999],[-76.2678411,36.197427000000005],[-76.2679847,36.19740869999998],[-76.26817369999998,36.19735350000002],[-76.26833240000002,36.19727390000003],[-76.26852889999998,36.197182],[-76.2687254,36.197053400000016],[-76.2688766,36.19687570000002],[-76.2690202,36.1967593],[-76.2691486,36.1967042],[-76.26932249999999,36.196667400000024],[-76.2695114,36.19665520000001],[-76.26970039999998,36.196716400000014],[-76.27009340000001,36.19685729999998],[-76.27026719999998,36.197004400000026],[-76.2703957,36.1971269],[-76.27050910000003,36.1973352],[-76.27058469999997,36.1976598],[-76.27069799999998,36.197947699999986],[-76.27078870000003,36.19809479999998],[-76.27092479999999,36.19817440000003],[-76.27108349999997,36.19819890000002],[-76.27124980000002,36.19812539999998],[-76.27139340000002,36.19804579999999],[-76.2715445,36.19798450000002],[-76.27178609999999,36.19797249999999],[-76.27198870000001,36.197951699999976],[-76.2720961,36.197980700000016],[-76.27216759999999,36.19801699999999],[-76.27223020000002,36.198089400000015],[-76.27231069999999,36.1982127],[-76.27250750000002,36.198430099999996],[-76.27275789999999,36.198596899999984],[-76.27303510000002,36.19868389999999],[-76.27329450000002,36.19866940000003],[-76.27366640000002,36.19856549999997],[-76.27399209999999,36.198625900000025],[-76.27429619999998,36.19876360000001],[-76.27452870000002,36.19877079999998],[-76.27477019999998,36.19873460000002],[-76.27496689999998,36.19873460000002],[-76.27499999999998,36.19874229999999],[-76.27499999999998,36.212577899999985],[-76.27499999999998,36.22500000000002],[-76.21574829999997,36.22500000000002],[-76.19999999999999,36.22500000000002],[-76.19999999999999,36.14999999999998],[-76.21570550000001,36.14999999999998]]]}},{"type":"Feature","properties":{},"geometry":{"type":"Polygon","coordinates":[[[-76.14457110000001,36.14999999999998],[-76.14402510000002,36.15024460000001],[-76.14353699999998,36.150334999999984],[-76.1433164,36.15028080000002],[-76.14267189999998,36.14999999999998],[-76.14457110000001,36.14999999999998]]]}},{"type":"Feature","properties":{},"geometry":{"type":"Polygon","coordinates":[[[-76.12636989999999,36.218663900000024],[-76.12646000000001,36.21873399999998],[-76.12654600000002,36.218793000000005],[-76.12658699999997,36.218849999999975],[-76.12660699999998,36.218879000000015],[-76.12660699999998,36.218935999999985],[-76.126575,36.218969000000016],[-76.12655799999999,36.219021999999995],[-76.12658699999997,36.219097999999974],[-76.12660699999998,36.21918699999998],[-76.12661100000003,36.21922999999998],[-76.12661100000003,36.21929899999998],[-76.12663199999997,36.21937200000002],[-76.12667299999998,36.219434999999976],[-76.12673000000001,36.219543999999985],[-76.126754,36.21964000000003],[-76.12677100000002,36.21969999999999],[-76.12680699999999,36.219753000000026],[-76.12683399999997,36.21978100000001],[-76.12685800000003,36.21982000000003],[-76.12685800000003,36.219870000000014],[-76.12684200000001,36.21991300000002],[-76.12681800000001,36.21995900000002],[-76.12681800000001,36.22002199999997],[-76.12685399999998,36.22010499999999],[-76.12688300000002,36.220196999999985],[-76.12688300000002,36.22026699999998],[-76.12690300000003,36.22031700000002],[-76.12691999999998,36.22037899999998],[-76.126936,36.220410000000015],[-76.126956,36.220448999999974],[-76.12700899999999,36.22051499999998],[-76.127046,36.22058099999998],[-76.12709100000001,36.22066699999999],[-76.12714399999999,36.22081300000002],[-76.12717300000003,36.220912],[-76.12722600000001,36.220957999999996],[-76.12735300000003,36.221047],[-76.12753600000002,36.22116599999998],[-76.12772000000001,36.22124600000001],[-76.12785100000002,36.22128900000001],[-76.12796100000003,36.22130499999997],[-76.12803600000001,36.22133000000002],[-76.12812500000001,36.221360000000004],[-76.128219,36.22139600000003],[-76.12829299999999,36.221438999999975],[-76.12834199999998,36.22145899999998],[-76.12845199999998,36.22148900000002],[-76.12851799999999,36.221498999999994],[-76.12858699999998,36.221532000000025],[-76.12867299999999,36.22157800000002],[-76.12874599999998,36.22159099999999],[-76.12885599999998,36.22159099999999],[-76.12897900000002,36.22161799999998],[-76.12906900000002,36.221648000000016],[-76.12917499999998,36.221671000000015],[-76.129322,36.221697000000006],[-76.12947300000002,36.221697000000006],[-76.12959999999998,36.22169100000002],[-76.129681,36.221697000000006],[-76.12980399999998,36.22173700000002],[-76.12989800000003,36.221787000000006],[-76.12997100000001,36.221806000000015],[-76.13011,36.22179],[-76.13021199999997,36.22179],[-76.13025699999997,36.2217971],[-76.13029399999999,36.22180300000002],[-76.13041199999998,36.22179999999997],[-76.13054699999998,36.22180300000002],[-76.13064100000003,36.22183000000001],[-76.13075500000002,36.221896000000015],[-76.13082100000003,36.221948999999995],[-76.13090199999999,36.22198800000001],[-76.13097599999998,36.22201799999999],[-76.13101699999999,36.222061],[-76.13105300000001,36.222170000000006],[-76.13108999999997,36.22225900000001],[-76.13111500000002,36.22229599999997],[-76.13118800000001,36.22229900000002],[-76.131236,36.22228100000001],[-76.131281,36.22227700000002],[-76.13132999999999,36.222286999999994],[-76.13138300000003,36.222320000000025],[-76.13141200000001,36.22235699999999],[-76.13150100000001,36.22235699999999],[-76.13159100000001,36.222339999999974],[-76.13171,36.222320000000025],[-76.131779,36.22232700000001],[-76.13186100000001,36.22236700000002],[-76.13191,36.222425999999984],[-76.13196699999997,36.22245600000002],[-76.13203199999998,36.222466],[-76.13211000000001,36.22250500000001],[-76.13215500000001,36.222564999999975],[-76.13216299999999,36.222627999999986],[-76.13218699999999,36.222707000000014],[-76.13224100000002,36.222762999999986],[-76.132273,36.222812999999974],[-76.132273,36.22286600000001],[-76.13225699999998,36.22291200000001],[-76.13220799999999,36.222932000000014],[-76.13217900000001,36.222984999999994],[-76.13213400000001,36.22304500000001],[-76.13206100000002,36.223094],[-76.13198699999998,36.22312699999998],[-76.131955,36.22315400000002],[-76.13193000000001,36.22322300000002],[-76.131914,36.223342],[-76.13188100000002,36.223411999999996],[-76.13183199999997,36.22347400000001],[-76.13175899999999,36.223501],[-76.13168100000001,36.223521000000005],[-76.13159100000001,36.223569999999995],[-76.13153399999999,36.22364299999998],[-76.13152780000001,36.22368180000001],[-76.13152600000001,36.223693000000026],[-76.13157899999999,36.223693000000026],[-76.13164799999998,36.223682999999994],[-76.13175899999999,36.22364299999998],[-76.13183600000002,36.223607000000015],[-76.131934,36.22356400000001],[-76.13201600000002,36.223501],[-76.13205299999998,36.22342800000001],[-76.132069,36.22336899999999],[-76.13208900000001,36.22325999999998],[-76.13212600000003,36.22320300000001],[-76.132228,36.22310399999998],[-76.13234699999998,36.22299800000002],[-76.13239600000003,36.222924999999975],[-76.13242400000001,36.222812999999974],[-76.132432,36.22272400000003],[-76.13246900000001,36.22266400000001],[-76.132477,36.22259500000001],[-76.13246900000001,36.222511999999995],[-76.13240400000001,36.22239000000002],[-76.13235900000001,36.222320000000025],[-76.13231000000002,36.22227099999998],[-76.132294,36.22223100000002],[-76.13229799999999,36.22218800000002],[-76.13234299999999,36.22214500000001],[-76.13242400000001,36.22212200000001],[-76.13248099999998,36.22211199999998],[-76.13261599999998,36.222099000000014],[-76.13275099999998,36.222091999999975],[-76.13286099999999,36.222082],[-76.13296300000002,36.222072000000026],[-76.13304499999998,36.222082],[-76.13320399999998,36.22213199999999],[-76.133351,36.22219799999999],[-76.13346200000001,36.22225400000002],[-76.133535,36.22227099999998],[-76.13361300000003,36.22227099999998],[-76.13369399999999,36.22228100000001],[-76.13376799999998,36.222307],[-76.13382100000001,36.22235999999998],[-76.13388200000003,36.222373000000005],[-76.13401299999998,36.22235699999999],[-76.13411500000001,36.22233],[-76.13425000000001,36.222320000000025],[-76.13434799999999,36.222320000000025],[-76.13441599999999,36.22230000000002],[-76.13456300000001,36.22225300000002],[-76.134702,36.222207000000026],[-76.13485300000002,36.22213099999999],[-76.13496700000002,36.222061999999994],[-76.135041,36.22204199999999],[-76.13511,36.222038],[-76.13520799999998,36.221992],[-76.13530200000002,36.221948999999995],[-76.13535100000001,36.22190599999999],[-76.13542899999999,36.22188],[-76.13556299999999,36.22185300000001],[-76.135625,36.22184299999998],[-76.135694,36.22180700000001],[-76.13574699999998,36.22175099999998],[-76.13581199999999,36.221721],[-76.13593500000002,36.22171800000001],[-76.13600880000001,36.22174039999999],[-76.13617199999999,36.22179],[-76.13653499999998,36.221923000000004],[-76.13657460000002,36.22192519999999],[-76.136641,36.22192899999999],[-76.13668999999999,36.22192899999999],[-76.13672700000001,36.221900000000005],[-76.13677999999999,36.22188299999999],[-76.13690300000002,36.22190599999999],[-76.13700899999998,36.22193299999998],[-76.137115,36.22193900000002],[-76.13725399999998,36.221923000000004],[-76.13744600000001,36.22193600000003],[-76.13761699999998,36.221971999999994],[-76.137677,36.22199999999998],[-76.137721,36.22199999999998],[-76.13779099999999,36.22200700000002],[-76.13780700000001,36.222036],[-76.13781899999998,36.22208599999999],[-76.137877,36.22211199999998],[-76.137966,36.22213900000003],[-76.13806399999999,36.22213900000003],[-76.138146,36.22212200000001],[-76.13819899999999,36.22209600000002],[-76.13824799999998,36.22210899999999],[-76.13833399999999,36.222162000000026],[-76.13834200000002,36.22219799999999],[-76.13835399999999,36.22227800000002],[-76.13835399999999,36.22233399999999],[-76.13836700000002,36.22237999999999],[-76.13841200000002,36.22242699999998],[-76.138461,36.22244999999998],[-76.13848100000001,36.22247599999997],[-76.13848100000001,36.22250600000001],[-76.13849299999998,36.222556],[-76.13853399999999,36.222575000000006],[-76.138689,36.22258900000003],[-76.13880799999998,36.222601999999995],[-76.138893,36.222645],[-76.139159,36.22287],[-76.13938300000001,36.223022000000014],[-76.13949400000001,36.223134000000016],[-76.13952999999998,36.223190999999986],[-76.139592,36.22332],[-76.139657,36.223501],[-76.139657,36.22357099999999],[-76.13964900000002,36.22361999999998],[-76.139588,36.223697000000016],[-76.13957900000003,36.22380900000002],[-76.13959299999999,36.22394300000002],[-76.13960900000001,36.224016000000006],[-76.13960900000001,36.22409499999998],[-76.139589,36.22417100000001],[-76.13953099999998,36.22425099999998],[-76.13951500000002,36.224342999999976],[-76.13951500000002,36.22441900000001],[-76.139568,36.22449899999998],[-76.13960500000002,36.224558],[-76.13960500000002,36.224598000000015],[-76.13957599999998,36.22463800000003],[-76.139568,36.224680999999975],[-76.13956000000002,36.224737000000005],[-76.139568,36.22480999999999],[-76.13960500000002,36.224886000000026],[-76.13966199999999,36.224965],[-76.13968410000001,36.22500000000002],[-76.13066309999999,36.22500000000002],[-76.125,36.22500000000002],[-76.125,36.21846399999998],[-76.12512099999998,36.218433000000005],[-76.125247,36.218410000000006],[-76.12536999999998,36.21840300000002],[-76.12542300000001,36.218380000000025],[-76.125541,36.21833400000003],[-76.12562700000001,36.21831400000002],[-76.12570499999998,36.21831400000002],[-76.12576999999999,36.21832999999998],[-76.12588399999999,36.21839],[-76.12598300000002,36.218436],[-76.12606399999999,36.218496000000016],[-76.12618300000003,36.218526],[-76.12628899999999,36.21858500000002],[-76.12636989999999,36.218663900000024]]]}},{"type":"Feature","properties":{},"geometry":{"type":"Polygon","coordinates":[[[-76.155731,36.213457000000005],[-76.155731,36.21348599999999],[-76.15574900000001,36.21351600000003],[-76.15578499999998,36.21352300000001],[-76.155821,36.21350100000001],[-76.155911,36.21347900000001],[-76.15596499999998,36.21342800000002],[-76.15601900000001,36.21342800000002],[-76.15603700000003,36.213442999999984],[-76.15606400000001,36.21348599999999],[-76.156136,36.21352300000001],[-76.156226,36.21358099999998],[-76.15627999999998,36.21366899999998],[-76.156406,36.213909],[-76.15644200000003,36.21402599999999],[-76.15648700000003,36.214084000000014],[-76.15659499999998,36.21419300000002],[-76.156658,36.21425900000003],[-76.156703,36.214338999999995],[-76.156703,36.21437500000002],[-76.15666700000003,36.21441900000002],[-76.15653200000003,36.21449899999999],[-76.156451,36.21456499999999],[-76.15639700000003,36.21463699999998],[-76.15633400000002,36.214696],[-76.15626200000003,36.214710000000025],[-76.156136,36.214732000000026],[-76.15600999999998,36.21474699999999],[-76.15591999999998,36.21472499999999],[-76.15584799999999,36.214674],[-76.15580299999999,36.21461599999998],[-76.15576700000003,36.21452799999997],[-76.15576700000003,36.214485000000025],[-76.15573999999998,36.21446300000002],[-76.155686,36.214426],[-76.15564999999998,36.21436799999998],[-76.15561400000001,36.214179],[-76.15555999999998,36.21404000000001],[-76.155507,36.21400399999999],[-76.15542599999998,36.213953000000004],[-76.15538099999998,36.21391599999998],[-76.155372,36.21385099999998],[-76.155372,36.21376299999997],[-76.15538099999998,36.21366899999998],[-76.155372,36.213618],[-76.15533599999998,36.21361000000002],[-76.15530000000001,36.213588000000016],[-76.155282,36.213558999999975],[-76.155282,36.213536999999974],[-76.15530000000001,36.21352300000001],[-76.15540800000002,36.21347900000001],[-76.15565900000001,36.213435000000004],[-76.155731,36.213457000000005]]]}},{"type":"Feature","properties":{},"geometry":{"type":"Polygon","coordinates":[[[-76.14373799999998,36.22294199999999],[-76.143753,36.222936000000004],[-76.14385199999998,36.22289599999999],[-76.14404400000001,36.22279600000002],[-76.14422300000001,36.22271999999998],[-76.14430679999998,36.22266960000002],[-76.144341,36.22264899999999],[-76.14437099999998,36.22263099999998],[-76.14457099999998,36.222522000000026],[-76.14460700000001,36.22247599999997],[-76.14463599999999,36.222402999999986],[-76.144701,36.22228999999999],[-76.14479499999999,36.222200999999984],[-76.14486900000003,36.222128],[-76.144946,36.222099000000014],[-76.14510100000001,36.22208899999998],[-76.14523200000002,36.222099000000014],[-76.14532600000001,36.22207900000001],[-76.14541600000001,36.222015999999996],[-76.14540399999998,36.22196600000001],[-76.14540799999997,36.22186399999998],[-76.14551399999999,36.221817999999985],[-76.14555100000001,36.221900000000005],[-76.14561200000003,36.22194300000001],[-76.14567699999998,36.22194000000002],[-76.145734,36.221929999999986],[-76.14583199999998,36.221900000000005],[-76.14596899999998,36.221873000000016],[-76.14609200000001,36.22186900000003],[-76.146186,36.22184600000003],[-76.146275,36.22181999999998],[-76.146341,36.22179999999997],[-76.146365,36.22176999999999],[-76.146365,36.22171100000003],[-76.14636100000001,36.22162100000003],[-76.14640200000002,36.22157199999998],[-76.146525,36.22150199999999],[-76.14664699999997,36.22146600000002],[-76.14674500000001,36.22144900000001],[-76.146839,36.22145599999999],[-76.14690000000002,36.221475999999996],[-76.14694500000002,36.221519],[-76.14699000000002,36.221528999999975],[-76.14702699999998,36.22152199999999],[-76.14702299999999,36.22145599999999],[-76.146998,36.22140999999999],[-76.14700199999999,36.22136699999999],[-76.147019,36.22133000000002],[-76.14707199999998,36.221284000000026],[-76.14717000000002,36.22126100000003],[-76.147268,36.22124400000001],[-76.147313,36.22120799999999],[-76.14734099999998,36.22110900000001],[-76.14734099999998,36.221048999999994],[-76.147378,36.22100899999998],[-76.14754499999998,36.22089999999997],[-76.14761099999998,36.220844],[-76.147672,36.220755],[-76.147762,36.22067199999998],[-76.14788800000002,36.22064599999999],[-76.14801499999999,36.22064599999999],[-76.14808499999998,36.220613000000014],[-76.14822900000001,36.22047199999997],[-76.14829900000001,36.220429000000024],[-76.14831099999998,36.22038900000001],[-76.14831099999998,36.220339000000024],[-76.14831900000001,36.220305999999994],[-76.14837599999998,36.22030000000001],[-76.14844599999998,36.220316000000025],[-76.148527,36.22036600000001],[-76.14858900000002,36.220369000000005],[-76.14864999999998,36.22036600000001],[-76.14869900000002,36.220346000000006],[-76.14873599999999,36.22030000000001],[-76.14875999999998,36.22024399999998],[-76.14879300000001,36.220191],[-76.148866,36.220173999999986],[-76.14898099999999,36.22013800000002],[-76.14905800000003,36.22009800000001],[-76.14913999999999,36.22001899999998],[-76.14923800000003,36.21991600000001],[-76.14927499999999,36.21987300000001],[-76.14934,36.219853],[-76.14943799999998,36.21983999999998],[-76.14951100000002,36.219813999999985],[-76.149585,36.21977399999997],[-76.14965000000001,36.219750999999974],[-76.14969500000001,36.219731000000024],[-76.14972399999999,36.219674999999995],[-76.149789,36.219674999999995],[-76.14984600000003,36.219708000000026],[-76.14989500000001,36.21976699999999],[-76.14995199999998,36.21977700000002],[-76.15000600000002,36.21977099999998],[-76.15013199999999,36.21973400000002],[-76.15016500000002,36.219723999999985],[-76.15016880000002,36.21972249999999],[-76.15038099999998,36.219637999999975],[-76.150508,36.219584999999995],[-76.15065099999998,36.219532000000015],[-76.15069799999998,36.21950199999998],[-76.15081600000002,36.21938899999998],[-76.15094699999997,36.21929],[-76.15102610000002,36.2192723],[-76.151139,36.219246999999996],[-76.15139199999999,36.219201],[-76.15169800000001,36.219160999999986],[-76.15184499999998,36.21915799999999],[-76.15195899999998,36.2191818],[-76.15198400000003,36.21918699999998],[-76.152107,36.21919100000002],[-76.15218800000002,36.21918099999999],[-76.152242,36.21915100000001],[-76.15228200000001,36.21915100000001],[-76.152287,36.219156],[-76.15235200000001,36.219224],[-76.15247799999997,36.219322999999974],[-76.15256,36.219356000000005],[-76.15270299999997,36.21944500000001],[-76.152825,36.219528000000025],[-76.152964,36.219659999999976],[-76.15312799999998,36.219852],[-76.15319299999999,36.21990499999998],[-76.15323799999999,36.219898],[-76.153234,36.21987200000001],[-76.15315199999998,36.21976599999999],[-76.153009,36.21963699999998],[-76.15293200000002,36.21957800000001],[-76.15287899999998,36.219494999999995],[-76.15283799999997,36.21936299999999],[-76.152805,36.21929],[-76.15276399999999,36.219224],[-76.15273200000001,36.219160999999986],[-76.15274,36.219088],[-76.15279299999997,36.218999],[-76.15285399999999,36.21893899999998],[-76.15288700000002,36.21888000000001],[-76.152919,36.21878099999998],[-76.15296000000001,36.21870100000001],[-76.152985,36.218628000000024],[-76.15299299999998,36.218542000000014],[-76.15297299999997,36.218456],[-76.15290700000003,36.21837399999998],[-76.15287000000001,36.218298000000004],[-76.15288299999997,36.218255],[-76.15293700000001,36.21818000000002],[-76.152965,36.218091000000015],[-76.15299399999998,36.217975000000024],[-76.15300200000001,36.217862000000025],[-76.15299399999998,36.21779299999997],[-76.153006,36.21776],[-76.153051,36.217727000000025],[-76.153055,36.217704000000026],[-76.15302700000001,36.21767],[-76.15296999999998,36.21759400000002],[-76.15292099999999,36.217535],[-76.15292099999999,36.21748200000002],[-76.15292899999997,36.21736299999998],[-76.152961,36.217307000000005],[-76.152986,36.21726699999999],[-76.15298200000001,36.217217000000005],[-76.15290800000002,36.21709800000002],[-76.15285899999998,36.21698900000001],[-76.15282300000001,36.216830000000016],[-76.15281399999998,36.21672100000001],[-76.15283899999997,36.21664900000002],[-76.15285399999999,36.21663100000001],[-76.152916,36.216552999999976],[-76.15301399999998,36.21648699999997],[-76.15308399999998,36.21646700000002],[-76.15311200000002,36.216448000000014],[-76.15311600000001,36.216408],[-76.1531,36.21634799999998],[-76.1531,36.216295],[-76.15312899999998,36.216229],[-76.15321399999999,36.21615000000003],[-76.15324700000002,36.216110000000015],[-76.15330399999999,36.216110000000015],[-76.15333700000002,36.21614299999999],[-76.15339399999999,36.216139999999996],[-76.15341799999999,36.21609699999999],[-76.15339399999999,36.21607],[-76.15332899999999,36.21603399999998],[-76.15333299999998,36.21598399999999],[-76.15335700000003,36.215935],[-76.15338600000001,36.21590200000003],[-76.15338600000001,36.215862000000016],[-76.15339399999999,36.21580899999998],[-76.15338200000002,36.21579300000002],[-76.15337899999997,36.215793099999985],[-76.15334100000001,36.21579600000001],[-76.15324700000002,36.21587499999998],[-76.15308399999998,36.216024000000004],[-76.15299800000003,36.21607399999999],[-76.15292399999998,36.216076999999984],[-76.152871,36.21612299999998],[-76.15283,36.216206],[-76.152781,36.21625899999998],[-76.152716,36.216272000000004],[-76.152581,36.21629200000001],[-76.152512,36.21629899999999],[-76.15245099999999,36.21632499999998],[-76.15240999999997,36.21632499999998],[-76.15236499999997,36.21631500000001],[-76.15230000000003,36.216272000000004],[-76.152173,36.216226000000006],[-76.15198099999998,36.21618000000001],[-76.15174000000002,36.216139999999996],[-76.151524,36.21615000000003],[-76.151434,36.216139999999996],[-76.151319,36.21609999999998],[-76.151276,36.21609799999999],[-76.15116,36.21609000000001],[-76.15105799999998,36.21607399999999],[-76.15093999999999,36.21603099999999],[-76.15077200000002,36.21594099999999],[-76.15071699999999,36.21591799999999],[-76.15063099999998,36.215877999999975],[-76.15059100000002,36.21584200000001],[-76.15051699999998,36.215822],[-76.15045600000002,36.21581900000001],[-76.15040699999997,36.215822],[-76.15037000000001,36.215862000000016],[-76.150309,36.215885000000014],[-76.15021100000001,36.215891],[-76.15012899999999,36.21588800000001],[-76.15009199999997,36.215868],[-76.15001899999999,36.215765999999974],[-76.14998200000002,36.215733],[-76.14988399999999,36.215715999999986],[-76.149741,36.215723000000025],[-76.14972,36.21571899999998],[-76.149655,36.215709000000004],[-76.149655,36.215686000000005],[-76.14966299999998,36.21562],[-76.14966399999997,36.21561300000002],[-76.14968800000003,36.215554],[-76.14972499999999,36.21549399999998],[-76.14991300000003,36.21536500000002],[-76.14993700000002,36.215322000000015],[-76.14994100000001,36.21525600000001],[-76.14997799999998,36.21519699999999],[-76.150011,36.215147],[-76.150011,36.215078000000005],[-76.14999,36.21497499999998],[-76.14999,36.214878999999996],[-76.14997799999998,36.214830000000006],[-76.14995299999998,36.21478000000002],[-76.14996200000002,36.21470399999998],[-76.149992,36.214605000000006],[-76.150016,36.214526999999975],[-76.15008899999998,36.214451],[-76.150236,36.21434900000003],[-76.15038299999998,36.21428900000001],[-76.15046899999999,36.214246],[-76.150579,36.214229999999986],[-76.150645,36.214226],[-76.15069799999998,36.21421600000002],[-76.15073000000001,36.21417700000001],[-76.15077500000001,36.21411999999998],[-76.15083600000003,36.21410700000001],[-76.15091000000001,36.21409699999998],[-76.15101199999998,36.21409699999998],[-76.151118,36.214076999999975],[-76.15117900000001,36.214076999999975],[-76.15130199999999,36.21410100000003],[-76.15138000000002,36.21410100000003],[-76.15153500000002,36.214090999999996],[-76.151633,36.21407099999999],[-76.15171400000003,36.214053999999976],[-76.15183300000001,36.214000999999996],[-76.15189800000002,36.213941999999975],[-76.15195499999999,36.21395799999999],[-76.15202499999998,36.214021],[-76.15208200000001,36.21403400000003],[-76.152241,36.214000999999996],[-76.15244999999999,36.213937999999985],[-76.15253100000001,36.21387900000002],[-76.15273100000002,36.21373999999997],[-76.15294799999998,36.21356500000002],[-76.15305999999998,36.213494000000026],[-76.15308499999998,36.213460999999995],[-76.15308499999998,36.21342099999998],[-76.15310899999997,36.213391],[-76.15320700000001,36.213347999999996],[-76.15328899999997,36.21333199999998],[-76.15332599999999,36.213322000000005],[-76.15332999999998,36.213279],[-76.15330499999999,36.213166],[-76.15330499999999,36.21308299999998],[-76.15333399999997,36.21302700000001],[-76.15340700000002,36.21302700000001],[-76.15343200000001,36.21305699999999],[-76.15347300000002,36.213063999999974],[-76.15351399999997,36.213054],[-76.15351399999997,36.21300400000001],[-76.15350899999999,36.212958000000015],[-76.15355,36.21291100000002],[-76.15361200000001,36.21285499999999],[-76.15370100000001,36.212806],[-76.15374200000002,36.21277900000001],[-76.15375899999998,36.212733000000014],[-76.15375899999998,36.21268300000003],[-76.153771,36.21263699999997],[-76.15379899999999,36.21263699999997],[-76.15385199999997,36.212653999999986],[-76.15388100000001,36.212725999999975],[-76.15389699999997,36.21277900000001],[-76.15396299999998,36.21286199999997],[-76.15403199999997,36.21292799999998],[-76.15408500000001,36.21296100000001],[-76.15416299999998,36.21300100000002],[-76.15427699999998,36.21308699999997],[-76.15432600000003,36.21311300000002],[-76.15437500000002,36.21311300000002],[-76.15440000000001,36.21313300000003],[-76.15444500000001,36.21320300000002],[-76.154473,36.21327200000002],[-76.15449799999999,36.213347999999996],[-76.15452199999999,36.21336500000001],[-76.154583,36.213374999999985],[-76.15467699999999,36.213393999999994],[-76.15473500000002,36.213408000000015],[-76.15477499999997,36.21343400000001],[-76.15480400000001,36.213504],[-76.154853,36.21359000000001],[-76.154922,36.21364599999998],[-76.15492599999999,36.21367900000001],[-76.154898,36.213719000000026],[-76.154877,36.21376500000002],[-76.15490199999999,36.21382399999999],[-76.15497099999999,36.21388400000001],[-76.15497499999998,36.21392400000002],[-76.15495499999997,36.213959999999986],[-76.15491400000002,36.21397999999999],[-76.154898,36.214016000000015],[-76.15493900000001,36.21406300000001],[-76.15499999999997,36.214066],[-76.15506099999999,36.21405600000003],[-76.15511800000002,36.21407199999999],[-76.155192,36.214132000000006],[-76.15529800000002,36.214241000000015],[-76.15534000000002,36.214271999999994],[-76.15541400000001,36.21429599999999],[-76.155487,36.21431899999999],[-76.15551199999999,36.21435500000001],[-76.15550000000002,36.214395000000025],[-76.155483,36.21443499999998],[-76.15551599999998,36.214477999999986],[-76.155577,36.21451400000001],[-76.15559400000001,36.214563999999996],[-76.155573,36.214607],[-76.15549600000003,36.21462600000001],[-76.15541000000002,36.214653],[-76.15541000000002,36.21470599999998],[-76.15542599999998,36.21477199999998],[-76.155438,36.214831000000004],[-76.155463,36.214860999999985],[-76.15552400000001,36.214860999999985],[-76.15552400000001,36.214782000000014],[-76.155532,36.21470900000003],[-76.15556099999998,36.21469300000001],[-76.15565099999998,36.21470199999999],[-76.15573699999999,36.214721999999995],[-76.15582599999999,36.214751999999976],[-76.155843,36.214782000000014],[-76.15583900000001,36.21482500000002],[-76.15584940000002,36.21484520000001],[-76.15585900000002,36.21486399999998],[-76.15590800000001,36.21487100000002],[-76.15603900000002,36.21487100000002],[-76.15619800000002,36.21486399999998],[-76.156296,36.214860999999985],[-76.15634499999999,36.21484099999998],[-76.156455,36.214736000000016],[-76.15655299999997,36.21471200000002],[-76.15671300000002,36.21471200000002],[-76.15685500000001,36.214696],[-76.15695299999999,36.21466299999997],[-76.15700700000002,36.21459299999998],[-76.15703500000001,36.21452399999998],[-76.15703500000001,36.21448400000003],[-76.15704299999999,36.21445799999998],[-76.157084,36.21444100000002],[-76.15711700000003,36.21443099999999],[-76.15713299999999,36.214395000000025],[-76.15712500000001,36.21434499999998],[-76.15706,36.21426600000001],[-76.15705100000002,36.214200000000005],[-76.15706399999999,36.21414299999998],[-76.15706,36.21409699999998],[-76.157039,36.214061000000015],[-76.156949,36.213998000000004],[-76.156925,36.213918999999976],[-76.156925,36.213809000000026],[-76.15694100000002,36.213707],[-76.156925,36.21362099999999],[-76.15682299999997,36.21354100000002],[-76.15679799999998,36.21348499999999],[-76.156766,36.21334000000002],[-76.15675900000002,36.21327500000001],[-76.15677199999999,36.213235999999995],[-76.15679999999998,36.21321599999999],[-76.156878,36.21321899999998],[-76.156947,36.213209000000006],[-76.156972,36.213179000000025],[-76.15699599999999,36.21310999999997],[-76.15701200000001,36.213036999999986],[-76.15704499999998,36.21301699999998],[-76.15710200000001,36.21301399999999],[-76.15719200000001,36.213021000000026],[-76.15725700000002,36.213031],[-76.15732700000001,36.213021000000026],[-76.15741700000001,36.213021000000026],[-76.15749399999999,36.21303399999999],[-76.15755999999999,36.21303399999999],[-76.15764100000001,36.213036999999986],[-76.15774800000003,36.213054],[-76.15784100000002,36.213067000000024],[-76.15788199999997,36.213063999999974],[-76.15796399999999,36.213036999999986],[-76.15803699999998,36.213010999999995],[-76.15814799999998,36.21294799999998],[-76.158233,36.21294499999999],[-76.15833099999998,36.21294499999999],[-76.15843799999999,36.212920999999994],[-76.158638,36.21285899999998],[-76.15871900000002,36.21284200000002],[-76.15878500000002,36.21280200000001],[-76.158883,36.21274299999999],[-76.158973,36.21271999999999],[-76.15907900000002,36.212716],[-76.15913999999998,36.212693],[-76.15931599999999,36.21254099999999],[-76.15943399999998,36.21245499999998],[-76.15952199999998,36.212368000000026],[-76.159693,36.21223900000001],[-76.159963,36.212023999999985],[-76.160032,36.211960999999974],[-76.16009000000003,36.21194800000001],[-76.16011900000001,36.21194300000002],[-76.16012999999998,36.211941000000024],[-76.16019999999997,36.211945000000014],[-76.16036300000002,36.21201100000002],[-76.16087399999998,36.21227499999998],[-76.161249,36.21249999999998],[-76.16127,36.212530000000015],[-76.16125699999998,36.21261900000002],[-76.16105700000003,36.213145],[-76.16113899999999,36.21319199999999],[-76.16115500000001,36.21317499999998],[-76.16128200000003,36.212830999999994],[-76.16138000000001,36.21253999999999],[-76.161404,36.212522999999976],[-76.16217999999998,36.21246100000002],[-76.16216400000002,36.21232199999997],[-76.161498,36.212414000000024],[-76.16141699999997,36.212410999999975],[-76.16098799999997,36.21223199999997],[-76.160845,36.212166000000025],[-76.16061200000001,36.21202699999998],[-76.160437,36.21195499999999],[-76.16025300000001,36.21184099999999],[-76.16017900000003,36.21179599999999],[-76.16013400000003,36.21172999999999],[-76.16012999999998,36.21165000000002],[-76.16015499999997,36.211521000000005],[-76.16024499999997,36.21133600000002],[-76.160256,36.21131100000002],[-76.16024800000002,36.211280999999985],[-76.160215,36.21127799999999],[-76.16012999999998,36.21125799999999],[-76.160077,36.21123499999999],[-76.16003599999999,36.21119199999998],[-76.15999900000003,36.211093000000005],[-76.15996200000001,36.21107599999999],[-76.159921,36.21110599999997],[-76.15988900000002,36.21111300000001],[-76.15984800000001,36.21111300000001],[-76.15981499999998,36.211096],[-76.15980300000001,36.21105],[-76.15979900000002,36.21096399999999],[-76.15975400000002,36.21093400000001],[-76.15970499999997,36.210893999999996],[-76.15959500000002,36.210864000000015],[-76.159493,36.210830999999985],[-76.159382,36.21076900000003],[-76.159358,36.21074199999998],[-76.15932099999998,36.210729000000015],[-76.15927199999999,36.21071899999998],[-76.15925600000003,36.21068300000002],[-76.15923500000002,36.210623],[-76.15919000000002,36.21060299999999],[-76.15910100000002,36.210590000000025],[-76.15907600000003,36.21059700000001],[-76.15906799999999,36.21062599999999],[-76.159043,36.21069899999998],[-76.15903100000003,36.210712],[-76.15900299999998,36.210721999999976],[-76.15892100000002,36.21073200000001],[-76.15878199999997,36.210752000000014],[-76.158659,36.21076900000003],[-76.15856100000002,36.21077500000001],[-76.15846299999998,36.21077500000001],[-76.15836100000001,36.21076499999998],[-76.158321,36.21073899999999],[-76.15827200000001,36.21069899999998],[-76.158251,36.21061300000002],[-76.15819800000003,36.21053699999999],[-76.15808399999997,36.210481000000016],[-76.15799800000002,36.210421],[-76.157916,36.210365000000024],[-76.15785499999998,36.21031900000003],[-76.15783900000002,36.210262],[-76.15779700000002,36.210128],[-76.15778399999999,36.20998900000001],[-76.15778899999998,36.209900000000005],[-76.15780899999999,36.20985999999999],[-76.15785,36.20980100000003],[-76.15791899999999,36.20975800000002],[-76.158029,36.20971100000003],[-76.15820100000002,36.20966800000002],[-76.15848299999999,36.209609],[-76.15878099999998,36.209588999999994],[-76.15892000000002,36.20959199999999],[-76.15900099999999,36.209614999999985],[-76.15907099999998,36.209641999999974],[-76.15911999999997,36.20963899999998],[-76.15927499999998,36.20960200000002],[-76.15937300000002,36.20957600000003],[-76.15948700000001,36.209588999999994],[-76.15962200000001,36.20960500000001],[-76.15970800000002,36.209588999999994],[-76.15986700000002,36.209528999999975],[-76.159963,36.209501999999986],[-76.16009000000003,36.209446000000014],[-76.160143,36.20940999999999],[-76.16024499999997,36.20938000000001],[-76.16036000000003,36.20935700000001],[-76.16044099999999,36.209333000000015],[-76.16051499999998,36.20929699999999],[-76.160617,36.20921099999998],[-76.160797,36.20910500000002],[-76.161025,36.209022000000004],[-76.16127399999999,36.208999000000006],[-76.16144600000001,36.20898299999999],[-76.16155600000002,36.208999000000006],[-76.16160100000002,36.209022000000004],[-76.16168299999998,36.20903199999998],[-76.16182600000002,36.20902899999999],[-76.16190699999999,36.209036000000026],[-76.161944,36.209059000000025],[-76.16200900000001,36.20920100000001],[-76.162034,36.20929000000001],[-76.16205400000001,36.209314000000006],[-76.16209500000002,36.209310000000016],[-76.162148,36.20929000000001],[-76.16220099999998,36.20929000000001],[-76.16224199999999,36.209307000000024],[-76.16225400000002,36.209333000000015],[-76.162238,36.209438999999975],[-76.16225400000002,36.209475999999995],[-76.16240099999999,36.209677],[-76.16258900000003,36.209858999999994],[-76.16279700000001,36.20998800000001],[-76.16300799999999,36.21008599999999],[-76.16316699999999,36.21013599999998],[-76.16324900000001,36.210151999999994],[-76.16328600000003,36.21014600000001],[-76.16335900000001,36.210126],[-76.163412,36.210099000000014],[-76.16344900000001,36.210099000000014],[-76.16353500000002,36.21014600000001],[-76.16365300000001,36.210252000000025],[-76.16374300000001,36.210285],[-76.16387400000002,36.210324000000014],[-76.16396800000001,36.210353999999995],[-76.16405800000001,36.21036700000002],[-76.164131,36.21039400000001],[-76.164196,36.21042399999999],[-76.16424999999998,36.21046999999999],[-76.16429,36.210553000000004],[-76.164421,36.21096899999998],[-76.16449899999998,36.21109799999999],[-76.16459700000001,36.211274],[-76.16465399999998,36.211389],[-76.16471899999999,36.211577999999975],[-76.164805,36.211581000000024],[-76.16495600000002,36.211545],[-76.16495600000002,36.21150799999998],[-76.16486600000002,36.211409],[-76.164695,36.21121099999999],[-76.16456,36.210991999999976],[-76.16444999999999,36.210734],[-76.164401,36.21050300000002],[-76.16441300000002,36.210466999999994],[-76.164466,36.210429999999974],[-76.16455200000001,36.210414000000014],[-76.16463299999998,36.21039000000002],[-76.164691,36.21035699999999],[-76.164805,36.210353999999995],[-76.16486200000003,36.210331],[-76.16500500000001,36.21020499999997],[-76.16508399999998,36.21013799999997],[-76.16517499999998,36.210094000000026],[-76.16527000000002,36.21008699999999],[-76.16530599999999,36.210064999999986],[-76.16543200000001,36.20996200000002],[-76.16555899999997,36.20983000000001],[-76.165618,36.209812],[-76.16569399999997,36.20983799999999],[-76.16581200000002,36.20984499999997],[-76.16591599999998,36.20979],[-76.16604699999999,36.209742000000006],[-76.16615999999999,36.209720000000004],[-76.16625499999998,36.20971300000002],[-76.16638999999998,36.209742000000006],[-76.16652099999999,36.20973900000001],[-76.16668399999998,36.20970199999999],[-76.16685899999999,36.209686999999974],[-76.166944,36.209686999999974],[-76.16701699999999,36.209676],[-76.16711600000002,36.20964700000002],[-76.16722900000002,36.20962800000001],[-76.167306,36.209599000000026],[-76.16736500000002,36.20953300000002],[-76.167374,36.20949300000001],[-76.16740099999998,36.20946700000002],[-76.16747299999997,36.209452999999996],[-76.16752600000001,36.209449000000006],[-76.16756800000002,36.20944500000002],[-76.167618,36.20946700000002],[-76.168205,36.210928000000024],[-76.16847200000001,36.210879999999975],[-76.16854000000001,36.21084000000002],[-76.16857599999997,36.21081800000002],[-76.16855299999997,36.21071599999999],[-76.16827799999999,36.210736999999995],[-76.16820999999999,36.21047800000002],[-76.16815600000001,36.21037899999999],[-76.16804300000001,36.210166000000015],[-76.16798799999998,36.210015999999996],[-76.16791599999999,36.20985200000001],[-76.16776700000003,36.20933500000001],[-76.167708,36.20914499999998],[-76.167712,36.209069],[-76.16771299999999,36.20906100000002],[-76.16778,36.208995000000016],[-76.16783900000001,36.208973000000015],[-76.16786200000001,36.20895100000001],[-76.16786200000001,36.20892900000001],[-76.167844,36.20886300000001],[-76.16779400000001,36.208822999999995],[-76.16773999999998,36.208785999999975],[-76.16774500000002,36.208707000000004],[-76.16777200000001,36.20867099999998],[-76.16780799999998,36.208663],[-76.16781700000001,36.208616000000006],[-76.167776,36.208528],[-76.16772200000003,36.208462],[-76.167663,36.20839599999999],[-76.167663,36.20834100000002],[-76.16769499999998,36.208279000000005],[-76.16769499999998,36.20823200000001],[-76.16769,36.20821000000001],[-76.16770400000001,36.208169],[-76.16773599999999,36.208136000000025],[-76.16776700000003,36.20809200000002],[-76.16778499999998,36.20801899999998],[-76.16780799999998,36.20787999999999],[-76.16787599999998,36.207649],[-76.16798,36.20742999999999],[-76.16801600000002,36.20734599999997],[-76.168047,36.20731999999998],[-76.16818699999999,36.20729399999999],[-76.16825699999998,36.20725599999997],[-76.16831100000002,36.20720899999998],[-76.16832,36.20715000000001],[-76.16832499999998,36.20708100000002],[-76.16835600000002,36.207033000000024],[-76.168406,36.207018000000005],[-76.16854999999998,36.207006999999976],[-76.16880800000001,36.206952],[-76.16884900000002,36.206908],[-76.16884900000002,36.20685400000002],[-76.16887600000001,36.20682099999999],[-76.16905200000002,36.20679100000001],[-76.16925500000002,36.20679100000001],[-76.16947199999998,36.20680199999998],[-76.16959400000002,36.20681000000002],[-76.16972099999998,36.206849999999974],[-76.169829,36.206908],[-76.16992399999998,36.206974],[-76.16998799999999,36.206984999999975],[-76.17005999999998,36.207025999999985],[-76.17013200000002,36.20710600000001],[-76.170186,36.207194000000015],[-76.170186,36.20725299999998],[-76.17016799999999,36.20739200000003],[-76.17014599999999,36.207516],[-76.170119,36.207592999999974],[-76.170119,36.20766600000002],[-76.17015500000002,36.207783000000006],[-76.17024099999998,36.207915000000014],[-76.170367,36.208054000000004],[-76.170503,36.20812699999999],[-76.17060700000002,36.20816400000001],[-76.17082399999998,36.208200999999974],[-76.17089099999998,36.208226000000025],[-76.17100900000003,36.20830999999998],[-76.17109900000003,36.208347],[-76.17118599999998,36.20837499999999],[-76.17136699999998,36.208393],[-76.17150299999997,36.208415],[-76.17165599999998,36.208437],[-76.171783,36.20843000000002],[-76.17190499999998,36.20844499999998],[-76.17205799999999,36.20845600000001],[-76.17232100000001,36.20850300000001],[-76.17256900000001,36.20859100000001],[-76.172754,36.20870400000001],[-76.17286089999999,36.20881079999998],[-76.17305599999997,36.20869019999998],[-76.172886,36.208582999999976],[-76.17279100000002,36.20850999999999],[-76.17274600000002,36.20846999999998],[-76.17266899999998,36.208447999999976],[-76.172506,36.20840399999997],[-76.17239799999999,36.20835299999999],[-76.172235,36.20826499999998],[-76.171964,36.20826499999998],[-76.17174699999998,36.208235],[-76.17150299999997,36.20815099999999],[-76.17137200000002,36.20809600000001],[-76.17123600000002,36.208078],[-76.17109599999998,36.208027000000016],[-76.17098800000002,36.20798300000001],[-76.17079799999999,36.207971999999984],[-76.170748,36.20795399999997],[-76.17059499999999,36.207807],[-76.17050899999998,36.207696999999996],[-76.1705,36.20760899999999],[-76.17048599999998,36.20743399999998],[-76.17045000000002,36.207250999999985],[-76.17043100000001,36.20714600000002],[-76.17044399999997,36.20705800000002],[-76.17048499999999,36.207018000000005],[-76.170571,36.20701100000002],[-76.17068799999998,36.207043999999996],[-76.17082799999997,36.207066],[-76.17096400000003,36.20709900000003],[-76.171041,36.20709900000003],[-76.17109900000003,36.20708000000002],[-76.171131,36.20704699999999],[-76.17118099999999,36.207033000000024],[-76.17123099999998,36.206999999999994],[-76.17130300000002,36.20697799999999],[-76.17142000000001,36.20692300000002],[-76.17150199999998,36.206883000000005],[-76.17156899999998,36.206845999999985],[-76.17160100000001,36.20680199999998],[-76.17161499999997,36.206744000000015],[-76.171673,36.206706999999994],[-76.17173700000001,36.20668899999998],[-76.17174999999997,36.20664799999997],[-76.17173200000002,36.20661899999999],[-76.17167799999999,36.206615],[-76.17163699999998,36.20659699999999],[-76.17161499999997,36.206530999999984],[-76.17162400000001,36.206451000000015],[-76.17163699999998,36.206395999999984],[-76.17163699999998,36.20626800000002],[-76.17161900000002,36.206098999999995],[-76.17160999999999,36.206019000000026],[-76.17159700000002,36.20595700000001],[-76.171583,36.20593500000001],[-76.171538,36.20594599999998],[-76.171515,36.20599299999998],[-76.17151100000001,36.20609200000001],[-76.17150199999998,36.206367],[-76.17147,36.206637],[-76.17147499999999,36.206744000000015],[-76.17147,36.206795],[-76.171447,36.20681300000001],[-76.171357,36.20681300000001],[-76.17126200000001,36.20682399999998],[-76.17121200000003,36.206839],[-76.17109499999998,36.206857000000014],[-76.17098199999998,36.206861],[-76.170928,36.206861],[-76.17089199999998,36.206839],[-76.17081000000002,36.20683500000001],[-76.17068799999998,36.20681999999999],[-76.17064800000003,36.20680599999997],[-76.17061999999999,36.20678400000003],[-76.17061999999999,36.20673599999998],[-76.17064299999998,36.206691999999975],[-76.17071499999997,36.20656100000002],[-76.17076100000003,36.20648399999999],[-76.17082399999998,36.206429000000014],[-76.17092300000002,36.206391999999994],[-76.17095899999998,36.20635199999998],[-76.17095899999998,36.206300999999996],[-76.170905,36.20628599999998],[-76.17085100000003,36.206259999999986],[-76.17082799999997,36.20621599999998],[-76.17081000000002,36.206132000000025],[-76.170815,36.20603],[-76.17082799999997,36.205839000000026],[-76.170837,36.205719999999985],[-76.170837,36.20550800000001],[-76.170864,36.20544899999999],[-76.17089199999998,36.205376],[-76.17089600000003,36.20531799999998],[-76.170887,36.20525500000002],[-76.17085500000002,36.20520800000003],[-76.17083300000002,36.20518900000002],[-76.17081000000002,36.20518900000002],[-76.170774,36.205197],[-76.17077,36.20525900000001],[-76.170774,36.205416000000014],[-76.170751,36.20548200000002],[-76.17071099999998,36.20549],[-76.17069300000003,36.20550800000001],[-76.170702,36.205625],[-76.170747,36.20577500000002],[-76.170747,36.20594299999999],[-76.17071499999997,36.20609400000001],[-76.17062499999997,36.206343000000004],[-76.17056200000002,36.20658800000001],[-76.17051199999997,36.20666799999998],[-76.17043999999999,36.20673099999999],[-76.17034899999999,36.206793000000005],[-76.17026800000002,36.20680399999998],[-76.17022700000001,36.20680900000002],[-76.17019499999998,36.20680599999997],[-76.170186,36.206773],[-76.17019499999998,36.20671800000002],[-76.170186,36.206691999999975],[-76.17015400000003,36.206669999999974],[-76.17009999999999,36.206669999999974],[-76.17005899999998,36.20667800000001],[-76.16999600000003,36.20667400000002],[-76.169915,36.20662299999998],[-76.16981500000003,36.206556999999975],[-76.169779,36.206526999999994],[-76.169734,36.206526999999994],[-76.169644,36.206534999999974],[-76.169558,36.206524],[-76.16950400000002,36.20651299999997],[-76.16946300000001,36.20648699999998],[-76.169422,36.20645400000001],[-76.16936800000002,36.20645400000001],[-76.16930500000001,36.20646900000003],[-76.16925099999997,36.206458],[-76.16916500000002,36.206410000000005],[-76.16910100000001,36.20640300000002],[-76.16905600000001,36.206417999999985],[-76.16903400000001,36.206436],[-76.16888399999999,36.206436],[-76.168812,36.206447000000026],[-76.16879,36.20646900000003],[-76.16874899999999,36.20649400000002],[-76.168677,36.20649400000002],[-76.16859499999998,36.206534999999974],[-76.16857299999998,36.206560000000025],[-76.16853200000003,36.206590000000006],[-76.16842400000002,36.20662600000003],[-76.168315,36.20662600000003],[-76.16823399999998,36.20660800000002],[-76.16818,36.20659699999999],[-76.168139,36.206586000000016],[-76.16813400000001,36.206590000000006],[-76.16809799999999,36.206590000000006],[-76.16807999999997,36.20660400000003],[-76.16807999999997,36.20665200000002],[-76.16812499999997,36.206699000000015],[-76.168161,36.206728999999996],[-76.16816599999999,36.20676500000002],[-76.16815200000002,36.20680900000002],[-76.168116,36.206849999999974],[-76.16805699999998,36.206897000000026],[-76.16799900000001,36.20691900000003],[-76.16791699999999,36.20693],[-76.16786300000001,36.206999999999994],[-76.1678,36.20710200000002],[-76.16773699999999,36.207160999999985],[-76.16762399999999,36.20723800000002],[-76.16761000000002,36.207295999999985],[-76.16757799999999,36.20733999999999],[-76.167529,36.20736199999999],[-76.16745600000002,36.20739099999997],[-76.167393,36.20739099999997],[-76.16736200000003,36.20738399999999],[-76.16735499999999,36.20738840000001],[-76.16733399999998,36.207402],[-76.16733900000003,36.207446000000004],[-76.16737999999998,36.207475999999986],[-76.16741100000002,36.207487000000015],[-76.16743400000001,36.20751200000001],[-76.16743400000001,36.207622000000015],[-76.16740700000003,36.207723999999985],[-76.167371,36.207757000000015],[-76.16733399999998,36.207779000000016],[-76.16731900000002,36.20780000000002],[-76.16731900000002,36.207858999999985],[-76.16730100000001,36.20792499999999],[-76.16724699999997,36.207993999999985],[-76.16721999999999,36.208057],[-76.167193,36.20811900000001],[-76.167193,36.208185000000014],[-76.16724199999999,36.20827300000002],[-76.16727400000002,36.208349999999996],[-76.16727400000002,36.20841899999999],[-76.16725100000002,36.208484999999996],[-76.16719699999999,36.20851399999998],[-76.16718400000002,36.20856199999997],[-76.16719699999999,36.20864999999998],[-76.16723300000001,36.208777999999995],[-76.16723300000001,36.20885800000002],[-76.16722399999998,36.20898999999997],[-76.16717899999998,36.20912900000002],[-76.167125,36.20918399999999],[-76.16712000000001,36.209239000000025],[-76.16709800000001,36.20927599999999],[-76.16706599999998,36.20930099999998],[-76.16699399999999,36.20930900000002],[-76.16685799999999,36.20932699999997],[-76.16674999999998,36.20934199999999],[-76.16668199999998,36.209374000000025],[-76.16661399999998,36.209382000000005],[-76.166515,36.209385],[-76.16641099999998,36.209385],[-76.16629799999998,36.209382000000005],[-76.166248,36.209360000000004],[-76.16623499999997,36.20933400000001],[-76.16623900000002,36.20929799999999],[-76.166226,36.20927599999999],[-76.166203,36.209272],[-76.16615300000001,36.20927599999999],[-76.16609899999997,36.20932699999997],[-76.16605800000002,36.20934199999999],[-76.16593599999999,36.209348999999975],[-76.16582299999999,36.209362999999996],[-76.16574700000001,36.209404000000006],[-76.16571900000002,36.20942200000002],[-76.16566999999998,36.20943299999999],[-76.16550699999999,36.20941800000003],[-76.16544399999998,36.20941099999999],[-76.16542600000002,36.20941499999998],[-76.16542600000002,36.20947699999999],[-76.16540800000001,36.209505999999976],[-76.165371,36.20951400000001],[-76.16526299999998,36.209536000000014],[-76.16513600000002,36.209558000000015],[-76.16501899999997,36.209587],[-76.164938,36.20964900000001],[-76.16483799999997,36.20972999999998],[-76.16474799999997,36.209798999999975],[-76.16468900000001,36.20984299999998],[-76.16462100000001,36.20988299999999],[-76.164558,36.209948999999995],[-76.16455100000002,36.20998400000002],[-76.16455100000002,36.210027000000025],[-76.16452399999997,36.210049000000026],[-76.16448300000002,36.210057000000006],[-76.16437000000002,36.210057000000006],[-76.16425199999998,36.210049000000026],[-76.16414400000002,36.210013000000004],[-76.16398099999998,36.20993600000003],[-76.16385500000001,36.209880999999996],[-76.163611,36.20980400000002],[-76.163452,36.209742000000006],[-76.16339799999997,36.20969100000002],[-76.163344,36.20964300000003],[-76.16329400000001,36.20961],[-76.16315400000002,36.20961],[-76.16306400000002,36.209603000000016],[-76.16299099999998,36.209569999999985],[-76.16295500000001,36.20951500000001],[-76.16293300000001,36.209383],[-76.16287399999999,36.20932499999998],[-76.162802,36.20929899999999],[-76.16276099999999,36.20930299999998],[-76.16271999999998,36.209292000000005],[-76.162711,36.209248],[-76.16269799999998,36.20918599999999],[-76.16265299999998,36.209149000000025],[-76.16260699999998,36.20910900000001],[-76.16257999999999,36.20904999999999],[-76.16254900000001,36.208995000000016],[-76.162485,36.208943999999974],[-76.162395,36.20889599999998],[-76.16229600000003,36.20881200000002],[-76.162169,36.20874300000003],[-76.162081,36.208710999999994],[-76.162013,36.20867500000003],[-76.16191400000002,36.208616000000006],[-76.16171500000002,36.208572000000004],[-76.16157900000002,36.208575999999994],[-76.161521,36.208582999999976],[-76.161471,36.208575999999994],[-76.161453,36.208556999999985],[-76.16143499999998,36.208506],[-76.161403,36.208477000000016],[-76.16134899999997,36.208462],[-76.16125399999999,36.20846599999999],[-76.16115500000001,36.208484],[-76.16103700000002,36.20848799999999],[-76.16098299999999,36.208477000000016],[-76.160956,36.208462],[-76.160865,36.20846599999999],[-76.16076099999998,36.208506],[-76.160685,36.20853199999999],[-76.160639,36.20853199999999],[-76.16060299999998,36.20852100000002],[-76.16057599999999,36.208484],[-76.16052200000001,36.20825400000001],[-76.16049900000002,36.20817699999998],[-76.160504,36.208144000000004],[-76.16049500000003,36.208078],[-76.160459,36.208027000000016],[-76.16035900000003,36.208027000000016],[-76.160233,36.208015999999986],[-76.16017799999997,36.208001000000024],[-76.16013800000002,36.20795700000002],[-76.16008799999997,36.20778100000001],[-76.16008799999997,36.207678999999985],[-76.16012899999998,36.20761700000003],[-76.16023180000002,36.207507899999996],[-76.15995950000001,36.20746150000002],[-76.15993700000001,36.20753100000002],[-76.15989200000001,36.20770599999997],[-76.15987899999999,36.207786999999996],[-76.15991500000001,36.207941000000005],[-76.16001899999998,36.208192999999994],[-76.160055,36.208327],[-76.16009600000001,36.20836800000001],[-76.16014100000001,36.20839000000001],[-76.16016300000001,36.208466999999985],[-76.16020400000002,36.20850999999999],[-76.16026699999998,36.20855399999999],[-76.16027600000001,36.208623999999986],[-76.16027200000002,36.208718999999974],[-76.16028999999997,36.20879600000001],[-76.16028999999997,36.20885099999998],[-76.16027200000002,36.208887000000004],[-76.16022199999998,36.208912999999995],[-76.160123,36.208909000000006],[-76.16006399999998,36.20893100000001],[-76.15999599999998,36.20898299999999],[-76.159919,36.20903800000002],[-76.15982400000001,36.20906000000002],[-76.15975200000003,36.209067000000005],[-76.15968900000001,36.209055999999975],[-76.15962100000002,36.20901900000001],[-76.15953999999999,36.20898999999997],[-76.15948100000003,36.20899400000002],[-76.1594,36.20902699999999],[-76.15932299999997,36.20909999999998],[-76.15924100000001,36.20912199999998],[-76.15912800000001,36.20911100000001],[-76.15897899999999,36.20912199999998],[-76.15888899999999,36.20912199999998],[-76.15883000000002,36.209092],[-76.158817,36.20904100000001],[-76.15878500000002,36.20898999999997],[-76.15875299999999,36.20898999999997],[-76.15872200000001,36.209001],[-76.158681,36.20907399999999],[-76.158636,36.20910300000003],[-76.15846399999998,36.20910300000003],[-76.15832899999998,36.209114],[-76.15819269999997,36.20912770000001],[-76.15811330000002,36.209120299999995],[-76.1580553,36.209108000000015],[-76.1580126,36.20907829999999],[-76.15796069999999,36.209026300000005],[-76.15790570000001,36.20895949999999],[-76.1578447,36.208922400000006],[-76.1578141,36.20887049999999],[-76.15782630000001,36.208796199999995],[-76.15788739999999,36.20869479999999],[-76.15793009999999,36.208598300000006],[-76.1579423,36.2085414],[-76.1579423,36.208489499999985],[-76.1579332,36.20846469999998],[-76.15790879999997,36.208459800000014],[-76.1578935,36.20846469999998],[-76.15785690000001,36.20846230000001],[-76.15778060000002,36.20846719999997],[-76.15771030000002,36.20846719999997],[-76.15766760000002,36.20847709999998],[-76.15766150000002,36.20851920000001],[-76.15770420000001,36.20856120000002],[-76.15774090000002,36.208647799999994],[-76.15775309999998,36.208709699999986],[-76.15773480000001,36.2088086],[-76.15771339999998,36.208932300000015],[-76.15767369999998,36.209011499999974],[-76.15764009999998,36.209120299999995],[-76.15762790000002,36.20919950000001],[-76.15757910000002,36.20927619999998],[-76.15746919999998,36.209338],[-76.15742499999999,36.20940000000002],[-76.15733899999998,36.209473],[-76.15728899999999,36.20948800000002],[-76.15725800000001,36.209495000000004],[-76.15723000000003,36.209498999999994],[-76.15720800000003,36.20952799999998],[-76.15722099999999,36.20957199999998],[-76.15724799999998,36.20961999999997],[-76.15723000000003,36.209663999999975],[-76.157194,36.209722],[-76.15715399999999,36.20976200000001],[-76.15709500000003,36.20981699999999],[-76.15706799999998,36.20985000000002],[-76.15706799999998,36.20989400000002],[-76.15708599999999,36.209923],[-76.157126,36.209967000000006],[-76.15713599999998,36.210004000000026],[-76.15712200000002,36.21005500000001],[-76.15709800000002,36.21012400000001],[-76.15709399999997,36.210216],[-76.157107,36.21032200000002],[-76.15711599999997,36.210421],[-76.15713899999997,36.21051899999998],[-76.15717999999998,36.2106],[-76.15723400000002,36.210650999999984],[-76.15727399999997,36.21073200000001],[-76.15732000000003,36.210826999999995],[-76.157397,36.21090700000002],[-76.157491,36.210959],[-76.15757300000001,36.210973000000024],[-76.15765399999998,36.210981000000004],[-76.15769499999999,36.211006],[-76.15770400000002,36.21106500000002],[-76.15770400000002,36.21110900000002],[-76.157735,36.21114499999999],[-76.15782999999999,36.211175000000026],[-76.15789799999999,36.21121900000003],[-76.15796999999998,36.21128399999998],[-76.15807000000001,36.21134999999998],[-76.15816899999999,36.211409],[-76.15828699999997,36.211449000000016],[-76.15837299999998,36.21147100000002],[-76.15844900000002,36.2115],[-76.158567,36.21151500000002],[-76.15872999999999,36.21152599999999],[-76.15883400000001,36.21152599999999],[-76.15894200000002,36.21156300000001],[-76.15906000000001,36.211658],[-76.15914099999998,36.211746000000005],[-76.15917300000001,36.211825999999974],[-76.15917300000001,36.21190999999999],[-76.15914500000002,36.21197599999999],[-76.15908200000001,36.212019999999995],[-76.158996,36.212053000000026],[-76.15865300000002,36.21213],[-76.15851700000002,36.212152],[-76.15842600000002,36.21217999999999],[-76.158345,36.21225700000002],[-76.15831800000001,36.212279000000024],[-76.15826800000002,36.212279000000024],[-76.15817299999998,36.212252999999976],[-76.15805599999999,36.212198],[-76.15796499999999,36.21218299999998],[-76.157848,36.21221300000002],[-76.15774800000003,36.212242],[-76.157599,36.21224599999999],[-76.15700299999997,36.21225700000002],[-76.15692100000001,36.21225700000002],[-76.156858,36.21223800000001],[-76.15679,36.212198],[-76.15675900000002,36.212198],[-76.15668199999999,36.21223500000002],[-76.15662800000001,36.21223500000002],[-76.15653700000001,36.21220899999997],[-76.15650099999999,36.21221300000002],[-76.15643799999998,36.212242],[-76.15643799999998,36.21227499999998],[-76.15643299999999,36.21231499999999],[-76.156406,36.21234500000003],[-76.15632900000003,36.21235899999999],[-76.15621199999998,36.21236299999998],[-76.15615300000002,36.21238099999999],[-76.15606700000001,36.212424999999996],[-76.15597700000001,36.212469],[-76.15583199999998,36.21250199999997],[-76.15571899999998,36.21252399999997],[-76.15567399999998,36.212535],[-76.15557899999999,36.212535],[-76.155462,36.21252800000002],[-76.15542599999998,36.21250900000001],[-76.15542099999999,36.21249499999999],[-76.15541200000001,36.212462000000016],[-76.15537999999998,36.212428999999986],[-76.15527200000002,36.212399000000005],[-76.15518600000001,36.212387999999976],[-76.155145,36.212387999999976],[-76.15510899999998,36.21238499999998],[-76.15510499999999,36.21236299999998],[-76.15513600000003,36.21233000000001],[-76.15516300000002,36.21230800000001],[-76.15518100000003,36.21224599999999],[-76.155191,36.21218699999997],[-76.155168,36.212125000000015],[-76.15506399999998,36.212063],[-76.15500100000003,36.21198900000002],[-76.154987,36.21193499999998],[-76.15500100000003,36.211861],[-76.15501899999998,36.21176300000002],[-76.155032,36.211681999999996],[-76.15502800000002,36.21164900000002],[-76.15499599999998,36.21164900000002],[-76.15492799999998,36.21166699999998],[-76.15490599999998,36.21172999999999],[-76.154852,36.21178400000002],[-76.15477900000002,36.211814000000004],[-76.154721,36.211828000000025],[-76.15468900000002,36.21182399999998],[-76.154608,36.21174300000001],[-76.15454,36.21170699999999],[-76.154337,36.21170699999999],[-76.15417400000001,36.21169600000002],[-76.15416099999999,36.211674000000016],[-76.15414700000002,36.211636999999996],[-76.15412900000001,36.21157899999997],[-76.15410600000001,36.21155700000003],[-76.154066,36.21156400000001],[-76.154021,36.21159699999998],[-76.15398399999998,36.211648000000025],[-76.15394400000002,36.211681],[-76.15384899999998,36.211678000000006],[-76.153749,36.21166699999998],[-76.15364499999998,36.211674000000016],[-76.15358700000002,36.211703],[-76.15349600000002,36.211725],[-76.15337,36.21174300000001],[-76.15332899999999,36.211772999999994],[-76.15328799999997,36.211816999999996],[-76.15322500000002,36.21185700000001],[-76.15315700000002,36.211883],[-76.15304900000001,36.21195599999999],[-76.15298999999999,36.21198900000002],[-76.15292199999999,36.21199200000001],[-76.15285499999999,36.21199200000001],[-76.15283199999999,36.21201100000002],[-76.152805,36.21206599999999],[-76.15278699999999,36.212102000000016],[-76.152737,36.212131],[-76.15261500000003,36.21214199999997],[-76.15235799999999,36.21216399999997],[-76.15232099999997,36.21214600000002],[-76.15231699999998,36.21211299999999],[-76.152335,36.212050999999974],[-76.15231699999998,36.21197000000001],[-76.15227199999998,36.211941000000024],[-76.15220799999997,36.211933999999985],[-76.15212300000002,36.211933999999985],[-76.15204599999998,36.21195899999998],[-76.15196400000002,36.211967000000016],[-76.15191900000002,36.21195599999999],[-76.15185100000002,36.21188599999999],[-76.151747,36.211769000000004],[-76.15170699999999,36.21173599999997],[-76.15166599999998,36.21174000000002],[-76.15162099999998,36.21176200000002],[-76.151544,36.211769000000004],[-76.151408,36.21174300000001],[-76.15129999999999,36.21170000000001],[-76.15128199999998,36.211648000000025],[-76.15121900000003,36.21160099999997],[-76.15113300000002,36.21155700000003],[-76.151047,36.21147300000001],[-76.151047,36.21142900000001],[-76.151029,36.21138500000001],[-76.150961,36.21135199999998],[-76.150893,36.211337000000015],[-76.15081199999997,36.21127100000001],[-76.15078499999998,36.211231],[-76.15074399999997,36.21123499999999],[-76.15071699999999,36.21124200000003],[-76.15067599999998,36.211231],[-76.150645,36.211161000000004],[-76.15062699999999,36.21114299999999],[-76.15056800000002,36.21114299999999],[-76.15052300000002,36.211164999999994],[-76.15047199999998,36.21119399999998],[-76.15045520000001,36.2112108],[-76.150444,36.21122200000002],[-76.150444,36.21126099999998],[-76.15046799999999,36.21129300000001],[-76.15053899999998,36.21131500000001],[-76.15063300000003,36.21134699999999],[-76.15070800000001,36.21140100000002],[-76.15077100000002,36.21143000000001],[-76.15079500000002,36.211468000000025],[-76.15081800000002,36.21155399999998],[-76.15085399999998,36.21158300000002],[-76.15098,36.21163999999999],[-76.15105399999999,36.211701000000005],[-76.151094,36.21174500000001],[-76.15113300000002,36.21179999999998],[-76.15118799999999,36.211838],[-76.151456,36.21194600000001],[-76.15198700000002,36.212176],[-76.15212200000002,36.21225700000002],[-76.152173,36.21229199999999],[-76.152177,36.212311],[-76.152177,36.212425999999994],[-76.15220499999998,36.21245499999998],[-76.15227900000002,36.212468],[-76.15238199999999,36.21248400000002],[-76.152398,36.21250600000002],[-76.152398,36.21254399999998],[-76.15238199999999,36.212602000000004],[-76.15232700000001,36.212649],[-76.15232700000001,36.21267799999998],[-76.15237000000002,36.212761],[-76.15237400000001,36.21283799999998],[-76.15235000000001,36.21301],[-76.152311,36.213067000000024],[-76.15224,36.213099],[-76.15216900000001,36.213108999999974],[-76.152083,36.21307999999999],[-76.15200800000002,36.213018999999974],[-76.15196099999997,36.21299099999999],[-76.151858,36.213003000000015],[-76.15176000000002,36.213018999999974],[-76.15166099999999,36.213032],[-76.15155900000002,36.21305100000001],[-76.15151200000003,36.21305100000001],[-76.15144900000001,36.21304199999997],[-76.15138200000001,36.21303499999999],[-76.15131100000002,36.213032],[-76.15124400000002,36.213048000000015],[-76.151209,36.21310199999999],[-76.151138,36.21313700000002],[-76.15106300000002,36.21314000000001],[-76.150957,36.213149999999985],[-76.15087799999998,36.213179000000025],[-76.15078299999999,36.213255000000004],[-76.150756,36.21330599999999],[-76.15071599999999,36.213345000000004],[-76.15063800000001,36.21337999999997],[-76.15053499999999,36.213367000000005],[-76.15046799999999,36.21337999999997],[-76.150331,36.213446999999974],[-76.15022599999998,36.213502000000005],[-76.15015599999998,36.213536999999974],[-76.15007300000002,36.21356300000002],[-76.14985200000001,36.213607000000025],[-76.14970699999998,36.213617],[-76.14960400000001,36.213617],[-76.149494,36.213594],[-76.14940000000001,36.213588000000016],[-76.14935200000002,36.213588000000016],[-76.14932900000002,36.213617],[-76.14932900000002,36.213684],[-76.14935600000001,36.21376299999997],[-76.14935200000002,36.21382699999998],[-76.14932099999999,36.21389399999998],[-76.14927,36.21393599999999],[-76.14925399999998,36.213982999999985],[-76.14925399999998,36.21404100000001],[-76.14923399999998,36.21409799999998],[-76.149179,36.21414299999998],[-76.149156,36.21421299999997],[-76.14913200000001,36.214324999999974],[-76.14904899999999,36.214477999999986],[-76.148978,36.21459599999997],[-76.14887900000002,36.214676999999995],[-76.14875699999999,36.21475700000002],[-76.14865800000001,36.214831000000004],[-76.148548,36.214894000000015],[-76.14847700000001,36.21492599999999],[-76.14847700000001,36.21496400000001],[-76.14849299999997,36.215021999999976],[-76.14848899999998,36.215079],[-76.14853599999998,36.215126999999995],[-76.14855999999997,36.21516500000001],[-76.14855999999997,36.215194],[-76.148528,36.215216],[-76.14839799999999,36.215292999999974],[-76.14832799999999,36.21530200000001],[-76.148304,36.21532500000001],[-76.148304,36.21535299999999],[-76.148324,36.21539799999999],[-76.14833199999998,36.215445999999986],[-76.14830799999999,36.21549700000003],[-76.14827200000002,36.21554200000003],[-76.14814999999999,36.21564000000001],[-76.14811500000002,36.21567900000002],[-76.148123,36.215742999999975],[-76.14819,36.215828999999985],[-76.14820600000002,36.21592700000002],[-76.14817799999997,36.215990999999974],[-76.14813900000001,36.21600999999998],[-76.14810699999998,36.215997000000016],[-76.148056,36.21598999999998],[-76.14801999999997,36.216012999999975],[-76.14801599999998,36.216061000000025],[-76.14804800000002,36.21613100000002],[-76.14810299999999,36.21615600000001],[-76.148123,36.21618799999999],[-76.14811500000002,36.21621699999997],[-76.14810299999999,36.21624600000001],[-76.14806800000002,36.216327999999976],[-76.14806399999998,36.216399000000024],[-76.148079,36.216455999999994],[-76.14810299999999,36.21652],[-76.148099,36.21655199999998],[-76.148079,36.21655800000002],[-76.14803999999998,36.21654799999999],[-76.14801999999997,36.21654799999999],[-76.14799699999998,36.216567999999995],[-76.14801299999999,36.21659599999998],[-76.14802400000002,36.216635],[-76.14806399999998,36.216654000000005],[-76.14818200000002,36.216702],[-76.14822900000001,36.21673299999998],[-76.14824900000002,36.21678400000002],[-76.14827200000002,36.21688999999998],[-76.14832000000001,36.21693699999997],[-76.148371,36.216969000000006],[-76.148461,36.216988000000015],[-76.14849299999997,36.21701999999999],[-76.14853199999999,36.21712200000002],[-76.14858700000002,36.21718600000003],[-76.14861400000001,36.21722299999999],[-76.14862299999999,36.21723400000002],[-76.14869800000002,36.21728200000001],[-76.14878800000002,36.21730100000002],[-76.14883099999997,36.21733599999999],[-76.14889399999998,36.217438000000016],[-76.14898499999998,36.217502000000025],[-76.14906000000002,36.21752099999998],[-76.14911899999998,36.21753100000001],[-76.149272,36.21753100000001],[-76.14934,36.21751899999998],[-76.14939099999998,36.21752900000001],[-76.14944200000002,36.21758],[-76.14945799999998,36.21764400000001],[-76.14943399999999,36.217682000000025],[-76.14939099999998,36.217714],[-76.149316,36.217749000000026],[-76.149202,36.21777100000003],[-76.14910400000002,36.217781],[-76.14907199999999,36.21781600000003],[-76.149068,36.21784500000001],[-76.149025,36.21787699999999],[-76.14895000000001,36.21791200000001],[-76.14889499999998,36.21792399999998],[-76.14871,36.21792799999997],[-76.14854100000002,36.21794],[-76.14845400000002,36.217963],[-76.14837499999999,36.218007],[-76.14831600000002,36.218076999999994],[-76.14825300000001,36.218124999999986],[-76.14815099999998,36.218141],[-76.14808,36.21815099999998],[-76.14804099999998,36.21817299999998],[-76.14797299999998,36.21820600000001],[-76.14788499999997,36.21823499999999],[-76.14776599999999,36.21822800000001],[-76.14764200000002,36.218231],[-76.147558,36.21826299999998],[-76.14751000000001,36.218321],[-76.14747899999998,36.21838500000001],[-76.14742999999999,36.21842099999998],[-76.14730200000002,36.21848499999999],[-76.14720999999997,36.21851700000002],[-76.14714300000003,36.218542000000014],[-76.14708999999999,36.218571],[-76.14702399999999,36.218620999999985],[-76.14696700000002,36.218650000000025],[-76.14681200000001,36.21868899999998],[-76.146706,36.21875],[-76.14656100000002,36.21883600000001],[-76.146477,36.21889599999997],[-76.14644600000003,36.21896800000002],[-76.14640600000001,36.218999999999994],[-76.14634000000001,36.218996000000004],[-76.14624300000003,36.21901100000002],[-76.14621199999999,36.21903900000001],[-76.14613700000001,36.21909299999999],[-76.14594699999998,36.219224999999994],[-76.14586300000002,36.219299999999976],[-76.145801,36.219329000000016],[-76.14569499999999,36.219358],[-76.14559000000003,36.219358],[-76.14543400000002,36.21934399999998],[-76.14533599999999,36.219340999999986],[-76.14520399999998,36.21935100000002],[-76.14500099999998,36.219359],[-76.14495199999999,36.219336999999996],[-76.14486799999997,36.219250999999986],[-76.14476200000001,36.219250999999986],[-76.14464800000002,36.21922999999998],[-76.144387,36.219111999999996],[-76.14423299999999,36.21902299999999],[-76.14419299999997,36.218951000000004],[-76.144162,36.21884399999999],[-76.14413100000002,36.218658000000005],[-76.144114,36.218575999999985],[-76.144091,36.21853599999997],[-76.14401600000002,36.21854000000002],[-76.144003,36.21852899999999],[-76.144003,36.218485999999984],[-76.14414900000003,36.21839],[-76.14414900000003,36.21831500000002],[-76.14414399999998,36.218260999999984],[-76.14409599999999,36.21825000000001],[-76.14401199999998,36.218278999999995],[-76.143933,36.21828599999998],[-76.14388000000002,36.21827200000001],[-76.14386200000001,36.218222000000026],[-76.14386200000001,36.21817199999998],[-76.14390600000002,36.218118000000004],[-76.14390200000003,36.21808600000003],[-76.14384899999999,36.218053999999995],[-76.14374700000002,36.21792499999998],[-76.14371599999998,36.21778899999998],[-76.14370200000002,36.21768300000002],[-76.14370500000001,36.21766100000002],[-76.14371499999999,36.21759800000001],[-76.14376800000002,36.217555000000004],[-76.14377200000001,36.21752300000003],[-76.14376800000002,36.21744000000001],[-76.14379500000001,36.217386999999974],[-76.14383400000003,36.217344000000026],[-76.14387399999998,36.21727600000003],[-76.14394499999997,36.21721500000001],[-76.14407699999998,36.21720099999999],[-76.144183,36.217172000000005],[-76.14425799999998,36.217011000000014],[-76.14438200000001,36.21685000000002],[-76.14459799999997,36.21666099999999],[-76.14490699999999,36.21639299999998],[-76.14493520000002,36.21632720000002],[-76.1449159,36.21625569999998],[-76.14486920000002,36.216221700000006],[-76.144858,36.216170999999974],[-76.14466900000002,36.21644600000002],[-76.14434599999998,36.21666099999999],[-76.14416999999997,36.216718000000014],[-76.144139,36.216714000000024],[-76.144095,36.216714000000024],[-76.14407299999999,36.216722000000004],[-76.14407299999999,36.21674300000001],[-76.14410400000003,36.216796999999985],[-76.14416499999999,36.21685000000002],[-76.144002,36.21712200000002],[-76.14396199999999,36.21713599999998],[-76.14361400000001,36.217240000000004],[-76.14356500000002,36.21728300000001],[-76.14347700000002,36.217344000000026],[-76.143393,36.21745099999998],[-76.14333099999999,36.217569000000026],[-76.14331299999998,36.21765799999997],[-76.14329600000002,36.21771899999999],[-76.14324699999997,36.21778699999999],[-76.14324699999997,36.21782999999999],[-76.14332200000001,36.217934000000014],[-76.14333099999999,36.21797700000002],[-76.14331800000002,36.21810499999998],[-76.14331299999998,36.218209],[-76.14331800000002,36.21833400000003],[-76.143329,36.21844599999997],[-76.143305,36.21851700000002],[-76.14322499999997,36.21864499999998],[-76.14317499999999,36.21870000000001],[-76.1431,36.21875399999999],[-76.14306099999999,36.21882599999998],[-76.14304700000002,36.21891499999998],[-76.14302099999998,36.218965000000026],[-76.142875,36.21906100000001],[-76.142787,36.219172000000015],[-76.14272999999997,36.21923700000002],[-76.142672,36.219269],[-76.142491,36.219314999999995],[-76.14225299999998,36.219358],[-76.14206300000001,36.21938699999998],[-76.14196600000002,36.219358],[-76.141838,36.21933999999999],[-76.141776,36.21930099999997],[-76.14167400000002,36.219164999999975],[-76.14165700000001,36.219087],[-76.14160399999997,36.21904699999999],[-76.14149800000001,36.219044],[-76.14143200000001,36.21899400000001],[-76.14141000000001,36.218947000000014],[-76.14147100000002,36.218864999999994],[-76.141458,36.21878600000002],[-76.14143999999999,36.21867900000001],[-76.14140500000002,36.21857499999999],[-76.14132999999998,36.21848899999998],[-76.141277,36.218436],[-76.141255,36.21838200000002],[-76.14125100000001,36.21830399999999],[-76.141279,36.21824099999998],[-76.14128199999999,36.21823599999999],[-76.14131200000003,36.218200000000024],[-76.141321,36.218132000000026],[-76.141348,36.218042000000025],[-76.14142700000002,36.217941999999994],[-76.141524,36.21792499999998],[-76.14157699999998,36.217907000000025],[-76.14157699999998,36.21785699999998],[-76.14156000000003,36.21777800000001],[-76.14160800000002,36.217692],[-76.141727,36.21761299999997],[-76.14176300000003,36.21756199999999],[-76.14176300000003,36.217490999999995],[-76.141798,36.217404999999985],[-76.14193,36.217333999999994],[-76.14202699999998,36.217265999999995],[-76.14207599999997,36.217194000000006],[-76.14221700000002,36.217151],[-76.14236699999998,36.217105000000004],[-76.142381,36.217055000000016],[-76.14236699999998,36.21701200000001],[-76.14227,36.217015],[-76.14218199999999,36.217055000000016],[-76.14211599999999,36.217089999999985],[-76.14204999999998,36.21713],[-76.14198299999998,36.21712600000001],[-76.14187700000002,36.21713999999997],[-76.14187700000002,36.21721200000002],[-76.14189099999999,36.217243999999994],[-76.14189499999998,36.21730100000002],[-76.14185099999997,36.217330000000004],[-76.141771,36.217348000000015],[-76.14168799999999,36.21739400000001],[-76.14152000000001,36.21751899999998],[-76.141458,36.217645000000005],[-76.141392,36.217805999999996],[-76.14133900000002,36.21783399999998],[-76.14115299999997,36.21789799999999],[-76.14102100000002,36.218020000000024],[-76.14097700000002,36.218076999999994],[-76.14101699999998,36.218142],[-76.140986,36.21819900000003],[-76.140941,36.21822400000002],[-76.14085299999999,36.218267000000026],[-76.14074299999999,36.21829200000002],[-76.14072099999998,36.218309999999974],[-76.14057500000001,36.21844599999997],[-76.14048200000002,36.218466999999976],[-76.14025299999997,36.218496000000016],[-76.140173,36.21848499999999],[-76.13998800000002,36.21829200000002],[-76.13988899999998,36.218241999999975],[-76.13977799999998,36.21817600000003],[-76.13966299999998,36.21809400000001],[-76.13962400000003,36.218075],[-76.13957099999999,36.218005000000005],[-76.139523,36.21788700000002],[-76.139431,36.217848000000004],[-76.13927699999999,36.217825000000005],[-76.13912299999998,36.217817000000025],[-76.13899800000002,36.217759],[-76.1389039,36.21773660000002],[-76.138868,36.21772800000002],[-76.138733,36.217746999999974],[-76.13860299999999,36.217805999999996],[-76.13853599999999,36.217805999999996],[-76.13845900000001,36.21776999999997],[-76.13840599999997,36.21772800000002],[-76.13833799999998,36.217731000000015],[-76.13828000000001,36.217746999999974],[-76.13824199999999,36.217759],[-76.13821300000001,36.217746999999974],[-76.13816500000001,36.217731000000015],[-76.13812100000001,36.21776299999999],[-76.13808799999998,36.217805999999996],[-76.13801999999998,36.217805999999996],[-76.137967,36.21776999999997],[-76.13791400000002,36.217708000000016],[-76.13782800000001,36.217708000000016],[-76.13773099999997,36.21766500000001],[-76.13770199999999,36.217629999999986],[-76.13761599999998,36.217625999999996],[-76.13751400000001,36.217614000000026],[-76.137404,36.21759500000002],[-76.13734099999999,36.217614000000026],[-76.13727799999998,36.21764200000001],[-76.13712399999997,36.217652999999984],[-76.13700399999999,36.21764999999999],[-76.13698,36.21764999999999],[-76.13695100000001,36.217629999999986],[-76.13696499999998,36.21759100000003],[-76.13708100000002,36.21750100000003],[-76.13708100000002,36.21747399999998],[-76.137067,36.21735699999999],[-76.13715300000001,36.21731399999999],[-76.13724000000002,36.21729800000003],[-76.13726400000002,36.21726699999999],[-76.13725,36.21718099999998],[-76.13724000000002,36.21708799999999],[-76.13727799999998,36.217044999999985],[-76.13735100000002,36.21702099999999],[-76.13736999999998,36.21698600000002],[-76.13736499999999,36.21682299999998],[-76.13737300000003,36.21669200000002],[-76.13731000000001,36.216564000000005],[-76.13719500000002,36.21641199999999],[-76.13712299999997,36.216278999999986],[-76.13707399999998,36.21623199999999],[-76.13700699999998,36.21620100000001],[-76.13691999999998,36.21619700000002],[-76.13686200000001,36.21619700000002],[-76.13683400000002,36.21621299999998],[-76.13685299999997,36.21625899999998],[-76.13690600000001,36.21631000000002],[-76.13698299999999,36.216357000000016],[-76.137045,36.21644300000003],[-76.13709399999999,36.21652899999998],[-76.13712299999997,36.216684999999984],[-76.13709799999998,36.21682900000002],[-76.13700699999998,36.21700800000002],[-76.13690600000001,36.217106],[-76.136776,36.21714100000003],[-76.13648699999999,36.217179999999985],[-76.13601,36.21720699999997],[-76.13575900000001,36.21719200000001],[-76.13554799999997,36.21722299999999],[-76.13530200000002,36.217309],[-76.13518099999999,36.217367000000024],[-76.135042,36.21741800000001],[-76.13485400000002,36.21744899999999],[-76.134661,36.21750400000002],[-76.13444199999998,36.21765399999998],[-76.13415300000003,36.21785299999999],[-76.13395100000002,36.21804400000002],[-76.133869,36.218177000000026],[-76.13382999999999,36.21826600000003],[-76.13374800000003,36.21834000000001],[-76.133599,36.21846099999999],[-76.133488,36.21848499999999],[-76.13344000000001,36.21846499999998],[-76.13334400000002,36.21834799999999],[-76.13325200000003,36.21827400000001],[-76.133108,36.21822700000001],[-76.132992,36.218219999999974],[-76.13294400000001,36.218208000000004],[-76.13291500000003,36.21816100000001],[-76.13291500000003,36.21807899999999],[-76.13289600000002,36.218005000000005],[-76.13281899999998,36.21793500000001],[-76.132747,36.21786100000003],[-76.13271300000002,36.21777500000002],[-76.13265000000001,36.21775500000001],[-76.132588,36.21774399999998],[-76.132564,36.21768900000001],[-76.13253500000002,36.217603],[-76.13250599999998,36.21745900000002],[-76.13250099999999,36.21736499999997],[-76.13250599999998,36.217240000000004],[-76.13255400000003,36.21708799999999],[-76.13254899999998,36.21698700000002],[-76.13254180000001,36.21695],[-76.13252,36.21683899999999],[-76.13254,36.21670599999999],[-76.13252299999999,36.21653900000001],[-76.13244099999997,36.216309000000024],[-76.13237900000001,36.21614099999999],[-76.13226800000001,36.21584100000001],[-76.13215200000002,36.21568500000001],[-76.13206600000001,36.215539999999976],[-76.13195999999999,36.21546599999999],[-76.13180499999999,36.21538399999997],[-76.13160299999998,36.215318000000025],[-76.13155,36.215310999999986],[-76.13143000000002,36.215295000000026],[-76.13122299999998,36.215243999999984],[-76.13100100000003,36.21513340000001],[-76.13099599999998,36.215130999999985],[-76.13081799999998,36.21507600000001],[-76.13065899999998,36.215029000000015],[-76.13041299999998,36.21498300000002],[-76.13031699999999,36.21494000000001],[-76.130153,36.214764],[-76.12998800000003,36.21461799999997],[-76.12974700000001,36.214406999999994],[-76.12974609999998,36.214405899999974],[-76.129617,36.214247],[-76.129569,36.21407900000003],[-76.12941000000001,36.21391599999998],[-76.1292937,36.213737200000025],[-76.12926499999998,36.21369299999998],[-76.12919299999999,36.21354500000001],[-76.12916899999999,36.213505999999995],[-76.12912599999999,36.213505999999995],[-76.12903899999998,36.213532999999984],[-76.12892299999999,36.213536999999974],[-76.12884600000001,36.21351800000002],[-76.12875000000003,36.213419999999985],[-76.12874,36.21335800000003],[-76.12889899999999,36.213256],[-76.12892199999999,36.21319199999999],[-76.12890700000003,36.21310599999998],[-76.128782,36.213009],[-76.12871999999999,36.212879999999984],[-76.12854599999997,36.21263399999998],[-76.12822399999999,36.21230600000001],[-76.12783300000001,36.211990000000014],[-76.12777499999999,36.21198099999998],[-76.12774389999998,36.2119745],[-76.12768399999999,36.21196200000003],[-76.12759699999998,36.21185200000002],[-76.12762600000002,36.211820999999986],[-76.12769800000001,36.21180199999998],[-76.12771199999997,36.21176300000002],[-76.12769300000002,36.21169200000003],[-76.127655,36.21164599999997],[-76.127611,36.211634000000004],[-76.12754899999999,36.211634000000004],[-76.12749100000002,36.21166099999999],[-76.12746199999998,36.21168499999999],[-76.12739499999998,36.21168499999999],[-76.12733700000001,36.21164900000002],[-76.12727899999999,36.21157099999999],[-76.12722100000002,36.211501],[-76.127048,36.21141499999999],[-76.12698999999998,36.21137299999998],[-76.12692700000002,36.211275],[-76.12687399999999,36.211231999999995],[-76.12675899999999,36.21120500000001],[-76.12631099999999,36.21101700000003],[-76.12622399999998,36.21096299999999],[-76.12622399999998,36.21092399999998],[-76.126195,36.21088900000001],[-76.12574699999999,36.21070900000001],[-76.12528279999998,36.21052150000003],[-76.12523700000003,36.21050300000002],[-76.125068,36.210436000000016],[-76.125022,36.210398999999995],[-76.125,36.210341200000016],[-76.125,36.20995399999998],[-76.125,36.20942739999998],[-76.12505599999997,36.20938100000001],[-76.12516699999998,36.20928700000002],[-76.125268,36.20927499999999],[-76.12576899999999,36.20919300000003],[-76.12584600000002,36.209158],[-76.125855,36.20912040000002],[-76.12585999999999,36.20909999999998],[-76.12584600000002,36.209092],[-76.12569200000002,36.209108000000015],[-76.12567999999999,36.209108000000015],[-76.12553000000003,36.209108000000015],[-76.12543599999998,36.209108000000015],[-76.12539800000002,36.20908400000002],[-76.12533000000002,36.209029999999984],[-76.12527699999998,36.20896699999997],[-76.1252,36.20876800000002],[-76.12517600000001,36.20870100000002],[-76.125157,36.20864999999998],[-76.1251226,36.208657800000026],[-76.12508700000001,36.208665999999994],[-76.12507499999998,36.20871199999999],[-76.12509899999998,36.208785999999975],[-76.12510400000002,36.208935],[-76.12505599999997,36.209078999999974],[-76.125,36.20912820000001],[-76.125,36.2082499],[-76.125,36.14999999999998],[-76.13341220000001,36.14999999999998],[-76.13335430000001,36.150118099999986],[-76.1332205,36.1501361],[-76.1330433,36.15010000000001],[-76.13299990000002,36.150190399999985],[-76.1330216,36.15028080000002],[-76.13297820000003,36.1504941],[-76.13282279999999,36.15062069999999],[-76.13271070000002,36.150638800000024],[-76.13266729999998,36.15069299999999],[-76.13268900000003,36.15076529999999],[-76.13282279999999,36.15085570000002],[-76.1328661,36.15162950000001],[-76.13284449999998,36.15202369999997],[-76.13288779999999,36.15205989999998],[-76.13290949999998,36.15205989999998],[-76.13317710000001,36.151879099999974],[-76.1332205,36.151879099999974],[-76.13326389999997,36.15191520000002],[-76.13335430000001,36.15227679999998],[-76.13348450000001,36.1523636],[-76.13359659999998,36.15241780000002],[-76.13364000000001,36.15249019999999],[-76.13361830000002,36.15261670000001],[-76.13368700000001,36.15306509999999],[-76.13381720000001,36.15319169999998],[-76.13426190000001,36.15333270000002],[-76.1344608,36.153513499999974],[-76.13456930000001,36.15365809999997],[-76.13465969999999,36.15373039999997],[-76.1352129,36.15388949999999],[-76.13525629999998,36.153979900000024],[-76.13532140000001,36.15433789999997],[-76.1355203,36.154576599999984],[-76.1355203,36.15463080000001],[-76.13543349999998,36.15469949999999],[-76.1353901,36.154808],[-76.13543349999998,36.15482609999998],[-76.1355203,36.154808],[-76.13558899999998,36.15475379999998],[-76.1356758,36.15475379999998],[-76.13614589999997,36.15491650000001],[-76.13736080000001,36.155147899999974],[-76.137538,36.155292599999996],[-76.1377152,36.155473400000005],[-76.13767180000002,36.15568669999999],[-76.1375597,36.1558675],[-76.1375597,36.15599409999999],[-76.13765009999997,36.15609890000002],[-76.13784900000002,36.15617120000002],[-76.13835879999999,36.15620740000003],[-76.1384673,36.156297800000004],[-76.13848899999999,36.15649669999999],[-76.13838049999998,36.15694509999997],[-76.1383118,36.15699569999998],[-76.13778389999999,36.157086100000015],[-76.1375597,36.157230700000014],[-76.13687629999998,36.15741150000002],[-76.13674250000003,36.157462099999975],[-76.1366774,36.15751640000002],[-76.1366774,36.15758870000002],[-76.13669909999999,36.157606799999996],[-76.13689799999997,36.15766100000002],[-76.13733910000002,36.157570599999985],[-76.13795750000003,36.15737539999998],[-76.13813470000002,36.157339200000024],[-76.1382251,36.15737539999998],[-76.13838049999998,36.15758870000002],[-76.13844560000001,36.157787600000006],[-76.13851069999998,36.158113000000014],[-76.13851069999998,36.15827569999999],[-76.13854570000001,36.158319199999994],[-76.13859389999999,36.158346600000016],[-76.13869019999998,36.15835049999998],[-76.13882510000002,36.15828800000003],[-76.1389504,36.158178599999985],[-76.1390323,36.15811609999997],[-76.1391238,36.15810429999999],[-76.13921540000001,36.158139500000004],[-76.13979440000003,36.15866990000001],[-76.13997160000002,36.158742200000006],[-76.14024280000001,36.15877840000002],[-76.14066220000001,36.15888319999999],[-76.14115040000001,36.15910020000001],[-76.14167830000002,36.15938590000002],[-76.14196759999999,36.159602800000016],[-76.1422569,36.15987039999999],[-76.14234370000003,36.16021030000002],[-76.14234370000003,36.16042729999998],[-76.14212309999999,36.16109260000002],[-76.14207970000001,36.161269800000014],[-76.14216649999997,36.16156269999999],[-76.14232170000002,36.161797200000024],[-76.14243049999999,36.161884499999985],[-76.142698,36.162260600000025],[-76.14276310000002,36.162600499999996],[-76.14305239999999,36.16258240000002],[-76.14309580000003,36.1624956],[-76.14305239999999,36.162260600000025],[-76.14294030000002,36.16193879999997],[-76.14258589999997,36.1615084],[-76.14254260000001,36.16105640000001],[-76.14283180000001,36.16044529999999],[-76.1428535,36.15985230000001],[-76.14278480000002,36.159657100000004],[-76.14278480000002,36.15958469999998],[-76.14247749999998,36.159367799999984],[-76.14212309999999,36.15924480000001],[-76.1419242,36.15924480000001],[-76.14183379999997,36.15917250000001],[-76.14179039999999,36.15902790000001],[-76.14170360000003,36.158901300000025],[-76.1415048,36.158829000000026],[-76.14132760000001,36.158814500000005],[-76.14123719999998,36.15877840000002],[-76.14090449999998,36.158561399999996],[-76.14059709999998,36.15839870000002],[-76.13899889999999,36.157859900000005],[-76.13895550000001,36.15771530000001],[-76.13895550000001,36.157498299999986],[-76.13902059999998,36.15724879999999],[-76.13979440000003,36.15617120000002],[-76.1398848,36.155957899999976],[-76.13992819999999,36.15534680000002],[-76.13997160000002,36.15507919999999],[-76.14008369999999,36.1549526],[-76.14037660000002,36.154789900000026],[-76.1404417,36.15466700000002],[-76.14048509999998,36.1542475],[-76.1405284,36.15414270000002],[-76.14059709999998,36.15410650000001],[-76.14075259999998,36.1540703],[-76.14172530000002,36.15403420000001],[-76.14198929999998,36.15387149999998],[-76.14232199999998,36.153835300000026],[-76.14260760000002,36.15387149999998],[-76.14289689999998,36.15396190000001],[-76.14309580000003,36.15419689999999],[-76.1431609,36.15435600000001],[-76.14322959999998,36.15439220000002],[-76.1433164,36.15439220000002],[-76.14335979999998,36.15428370000001],[-76.14342850000003,36.153979900000024],[-76.14367069999997,36.15381719999999],[-76.14400339999997,36.15371240000002],[-76.14440480000002,36.15367620000001],[-76.14453859999998,36.15374489999999],[-76.14469409999998,36.15388949999999],[-76.1447809,36.15403420000001],[-76.14491459999999,36.15405229999999],[-76.14497970000002,36.15394379999998],[-76.14509179999999,36.15367620000001],[-76.14513520000003,36.153621999999984],[-76.1453558,36.153567699999996],[-76.14560169999999,36.1534231],[-76.14648399999999,36.15256249999999],[-76.14659610000001,36.15227679999998],[-76.14670460000002,36.15215030000002],[-76.14701550000001,36.15205989999998],[-76.14732650000002,36.151933299999996],[-76.14748200000002,36.15179230000001],[-76.14750370000002,36.15170189999998],[-76.1477243,36.15138000000002],[-76.14876930000003,36.15054839999999],[-76.14896820000001,36.1504941],[-76.14905499999998,36.1504941],[-76.14927549999999,36.1505664],[-76.14934419999997,36.15091000000001],[-76.14960819999999,36.15123540000002],[-76.14980709999998,36.15141620000003],[-76.14994089999999,36.15164759999999],[-76.15011809999999,36.1517561],[-76.15022649999997,36.15205989999998],[-76.1503169,36.1525082],[-76.15038199999998,36.1534231],[-76.15042540000002,36.153567699999996],[-76.1506243,36.1538534],[-76.15077980000001,36.15419689999999],[-76.15109080000002,36.15445],[-76.15210689999998,36.15491650000001],[-76.152219,36.15506110000001],[-76.1522407,36.155147899999974],[-76.15219730000001,36.155256399999985],[-76.1517091,36.155704800000024],[-76.1515536,36.15592170000002],[-76.1516006,36.15676430000002],[-76.1517091,36.157013800000016],[-76.15210689999998,36.157498299999986],[-76.1523057,36.15802259999998],[-76.15252989999999,36.15839870000002],[-76.15272879999998,36.15857949999997],[-76.15277220000002,36.158633699999996],[-76.15341949999998,36.15895560000001],[-76.15419329999997,36.15900979999998],[-76.1542801,36.15911829999999],[-76.1542801,36.15919059999999],[-76.15419329999997,36.15940389999997],[-76.15357130000001,36.160676799999976],[-76.1536183,36.16094800000002],[-76.1537702,36.161269800000014],[-76.1539257,36.161812199999986],[-76.15401609999998,36.162079800000015],[-76.15408120000001,36.16238709999999],[-76.15474649999999,36.16236909999998],[-76.15469949999999,36.16224249999999],[-76.1545006,36.162029200000006],[-76.15437050000003,36.161812199999986],[-76.15437050000003,36.16175800000002],[-76.1545006,36.16164950000001],[-76.1545006,36.16156269999999],[-76.15432349999998,36.161400000000015],[-76.15414629999998,36.16109260000002],[-76.15417159999998,36.161002199999984],[-76.1542915,36.160891400000025],[-76.15430179999998,36.160731],[-76.1542584,36.16060809999999],[-76.15459099999998,36.15958469999998],[-76.1546778,36.15934970000001],[-76.15487669999999,36.15911829999999],[-76.15489839999998,36.15886519999998],[-76.1548333,36.158633699999996],[-76.15472119999998,36.158507199999974],[-76.15461269999997,36.158452899999986],[-76.15412459999999,36.15832999999998],[-76.15381719999999,36.158293800000024],[-76.15341949999998,36.158113000000014],[-76.15332910000001,36.157932200000005],[-76.1530434,36.15751640000002],[-76.15257329999997,36.15698120000002],[-76.15237439999999,36.156782299999975],[-76.1523527,36.15652920000002],[-76.15237439999999,36.156297800000004],[-76.1528662,36.15590370000001],[-76.15328570000003,36.155473400000005],[-76.15337249999999,36.15516600000001],[-76.15337249999999,36.154468099999974],[-76.15344119999997,36.15417880000001],[-76.1535063,36.15410650000001],[-76.15364,36.15410650000001],[-76.15372680000002,36.15414270000002],[-76.1537955,36.15422940000002],[-76.15383889999998,36.154576599999984],[-76.15390400000001,36.15475379999998],[-76.15465610000001,36.155473400000005],[-76.1553649,36.15638819999998],[-76.1559398,36.156637699999976],[-76.1562725,36.15665580000001],[-76.15695590000001,36.15667389999999],[-76.1570716,36.15672810000001],[-76.15733920000002,36.157285],[-76.15769,36.15776949999997],[-76.1578925,36.157968400000016],[-76.15811300000001,36.158113000000014],[-76.15859760000001,36.1583119],[-76.15895189999998,36.15838059999999],[-76.1593714,36.15838059999999],[-76.1603007,36.15825769999998],[-76.1606334,36.15827569999999],[-76.16109979999999,36.15834810000001],[-76.16187730000001,36.158742200000006],[-76.1620762,36.15888319999999],[-76.16232960000002,36.158962900000006],[-76.1626511,36.159064],[-76.16296210000002,36.15920870000002],[-76.16333809999998,36.159295499999985],[-76.16362379999998,36.159476299999994],[-76.16371420000002,36.15969319999999],[-76.1637359,36.15992460000001],[-76.16386970000002,36.16015970000001],[-76.16419880000001,36.16026449999998],[-76.16439759999997,36.16042729999998],[-76.16457480000003,36.16076720000001],[-76.16492920000002,36.16105640000001],[-76.16532690000003,36.161125200000015],[-76.16593080000001,36.161110699999995],[-76.16603930000002,36.16109260000002],[-76.16606100000001,36.1608033],[-76.16543899999999,36.160731],[-76.1651498,36.1606261],[-76.1649979,36.16049959999998],[-76.16473029999997,36.16010540000002],[-76.16455309999998,36.15996080000002],[-76.16431080000001,36.15983419999998],[-76.16422039999998,36.1597438],[-76.1640903,36.159064],[-76.1639131,36.1589194],[-76.16393479999999,36.158829000000026],[-76.16402160000001,36.15877840000002],[-76.1642458,36.15876029999998],[-76.1642458,36.15870610000002],[-76.16415540000003,36.15866990000001],[-76.16399990000002,36.158687999999984],[-76.1634032,36.15865179999997],[-76.16311760000002,36.15876029999998],[-76.1630055,36.15876029999998],[-76.16294040000002,36.158687999999984],[-76.16284999999999,36.15854330000002],[-76.16203280000002,36.158113000000014],[-76.1619207,36.157823699999994],[-76.1617435,36.15780569999998],[-76.16163499999999,36.157859900000005],[-76.1614361,36.157859900000005],[-76.1610528,36.15769719999997],[-76.16085399999997,36.157606799999996],[-76.16025730000001,36.15758870000002],[-76.15897360000002,36.15762489999997],[-76.15875310000001,36.15762489999997],[-76.1586193,36.15758870000002],[-76.15835529999998,36.157285],[-76.15793580000002,36.15626159999999],[-76.15753810000001,36.15604830000001],[-76.15736090000001,36.15604830000001],[-76.15727049999998,36.1560121],[-76.15718370000002,36.15590370000001],[-76.15711499999998,36.15558179999999],[-76.15718370000002,36.15552760000003],[-76.1573826,36.155545700000005],[-76.1578925,36.155184099999985],[-76.15868799999998,36.15477179999999],[-76.16003669999998,36.15428370000001],[-76.16034769999999,36.15416069999998],[-76.16072380000003,36.153907600000025],[-76.16090100000002,36.15354960000002],[-76.1609661,36.152938500000005],[-76.16100940000001,36.15279750000002],[-76.16109979999999,36.152671],[-76.16132399999998,36.15261670000001],[-76.16147949999998,36.15252629999998],[-76.16167840000003,36.15238169999998],[-76.16203280000002,36.152041800000006],[-76.16225329999997,36.15202369999997],[-76.1623401,36.152077899999995],[-76.16240879999998,36.15216830000003],[-76.1624956,36.15224069999999],[-76.16271619999998,36.152331100000026],[-76.16302719999999,36.1523636],[-76.1632477,36.1523636],[-76.16353700000002,36.152258700000004],[-76.16362379999998,36.15215030000002],[-76.1640433,36.15181030000002],[-76.1642458,36.151665700000024],[-76.1645097,36.15153909999998],[-76.1648207,36.15146679999998],[-76.16608630000002,36.151289599999984],[-76.16661420000003,36.151144999999985],[-76.1667046,36.15105460000001],[-76.1667046,36.15100039999999],[-76.16663590000002,36.1509461],[-76.1664624,36.1509461],[-76.16573190000003,36.15096060000002],[-76.1635804,36.15146679999998],[-76.1632477,36.15157529999999],[-76.16304889999998,36.15171989999999],[-76.16287169999998,36.15177419999998],[-76.16271619999998,36.15181030000002],[-76.1623184,36.15170189999998],[-76.16211959999998,36.15155720000001],[-76.16185560000002,36.15153909999998],[-76.16170010000002,36.15157529999999],[-76.1606334,36.1525082],[-76.16036939999998,36.15279750000002],[-76.1601018,36.1533508],[-76.15997170000003,36.1534954],[-76.1595486,36.15360390000001],[-76.15908569999999,36.15365809999997],[-76.1586446,36.1538534],[-76.1581347,36.15414270000002],[-76.1579792,36.15419689999999],[-76.1578237,36.15416069999998],[-76.15769,36.15417880000001],[-76.15749110000002,36.154301799999985],[-76.15742599999999,36.15439220000002],[-76.15693420000002,36.154648899999984],[-76.15647139999999,36.154862200000025],[-76.15635930000002,36.1548803],[-76.1562725,36.15491650000001],[-76.15602660000002,36.154808],[-76.15582769999997,36.154648899999984],[-76.15562879999999,36.154319799999996],[-76.1554734,36.153979900000024],[-76.15543000000002,36.15387149999998],[-76.15543000000002,36.15360390000001],[-76.15520939999999,36.1532459],[-76.1550105,36.15301090000003],[-76.15476819999998,36.152902400000016],[-76.15354960000002,36.152761399999974],[-76.15277220000002,36.15254440000001],[-76.15257329999997,36.1523636],[-76.1524612,36.152114100000006],[-76.15250459999999,36.15198750000002],[-76.15270709999999,36.15186460000001],[-76.15275050000002,36.15179230000001],[-76.15272879999998,36.15171989999999],[-76.15268179999998,36.1516838],[-76.15252989999999,36.1516838],[-76.15237439999999,36.1516115],[-76.152219,36.15143069999999],[-76.15228400000001,36.1505664],[-76.15230259999998,36.14999999999998],[-76.16961880000002,36.14999999999998],[-76.19999999999999,36.14999999999998],[-76.19999999999999,36.22500000000002],[-76.1412843,36.22500000000002],[-76.14128099999999,36.224987],[-76.141256,36.224981000000014],[-76.14121599999999,36.224981000000014],[-76.14114569999998,36.22500000000002],[-76.14102179999998,36.22500000000002],[-76.14093700000001,36.224984000000006],[-76.14081900000002,36.224931000000026],[-76.14073300000001,36.224872000000005],[-76.14069999999998,36.224806],[-76.14065900000003,36.22471300000001],[-76.14057000000003,36.224627],[-76.14047599999998,36.22454399999998],[-76.14045099999998,36.22448800000001],[-76.140423,36.22441600000002],[-76.140402,36.22432600000002],[-76.14041400000002,36.22426999999999],[-76.14043900000001,36.22423700000002],[-76.14052900000002,36.22422],[-76.14054900000002,36.224197000000004],[-76.14058599999998,36.224062],[-76.14060999999998,36.223915999999974],[-76.140623,36.22382399999998],[-76.140647,36.223771],[-76.14077400000002,36.22366499999998],[-76.14090900000002,36.22352599999999],[-76.14094899999998,36.22347000000002],[-76.14096599999999,36.22340000000003],[-76.14101499999998,36.22335700000002],[-76.14106099999998,36.22330599999998],[-76.14106900000002,36.22325599999999],[-76.141052,36.22316999999998],[-76.141052,36.223096999999996],[-76.141077,36.223037999999974],[-76.14118300000001,36.22288900000001],[-76.141253,36.22283299999998],[-76.14133800000002,36.22281600000002],[-76.14158300000003,36.222826],[-76.14177899999999,36.222869],[-76.14193,36.222898999999984],[-76.142131,36.22296499999999],[-76.14231799999999,36.223048000000006],[-76.142559,36.22313700000001],[-76.14277600000003,36.22319700000003],[-76.14299199999999,36.22320000000002],[-76.14315599999998,36.22320000000002],[-76.14333900000003,36.22315400000002],[-76.14344799999998,36.22309100000001],[-76.14358600000003,36.22298799999999],[-76.14360199999999,36.22298310000002],[-76.14373799999998,36.22294199999999]]]}},{"type":"Feature","properties":{},"geometry":{"type":"Polygon","coordinates":[[[-76.125,36.20995399999998],[-76.125,36.210341200000016],[-76.124955,36.210222999999985],[-76.12494500000003,36.21005200000002],[-76.12496399999998,36.210019999999986],[-76.12495000000001,36.20997799999998],[-76.12494099999998,36.209974999999986],[-76.124887,36.20995799999997],[-76.12474800000001,36.20991099999998],[-76.124709,36.20987200000002],[-76.12468999999999,36.209813999999994],[-76.12468000000001,36.209744],[-76.124685,36.20965799999999],[-76.12473799999998,36.209614999999985],[-76.12485800000002,36.20954499999999],[-76.125,36.20942739999998],[-76.125,36.20995399999998]]]}},{"type":"Feature","properties":{},"geometry":{"type":"Polygon","coordinates":[[[-76.10964610000002,36.14999999999998],[-76.10992349999998,36.14999999999998],[-76.11022639999999,36.14999999999998],[-76.11375420000002,36.14999999999998],[-76.11424360000001,36.14999999999998],[-76.11506889999998,36.14999999999998],[-76.125,36.14999999999998],[-76.125,36.2082499],[-76.125,36.20912820000001],[-76.124998,36.209130000000016],[-76.124955,36.209157000000005],[-76.12487299999998,36.20918399999999],[-76.12475699999999,36.20920799999999],[-76.124685,36.209254999999985],[-76.12463200000002,36.20937900000001],[-76.12462599999998,36.209385],[-76.12451600000003,36.209474],[-76.12451199999998,36.20947699999999],[-76.12427600000001,36.20962500000002],[-76.12413099999998,36.20969500000001],[-76.12408799999997,36.209742000000006],[-76.12405899999999,36.20978100000002],[-76.12400600000001,36.20980500000002],[-76.12389000000002,36.209789],[-76.12381800000003,36.20978100000002],[-76.123804,36.209812],[-76.123804,36.209858999999994],[-76.123784,36.20988299999999],[-76.12373100000002,36.20988699999998],[-76.12370390000001,36.209880199999986],[-76.12368300000003,36.20987500000001],[-76.12365399999999,36.20981999999998],[-76.123606,36.20980500000002],[-76.123558,36.20981999999998],[-76.12352900000002,36.20987500000001],[-76.12349499999999,36.20989800000001],[-76.12344200000001,36.209902],[-76.12337000000002,36.209862999999984],[-76.12325499999997,36.209851000000015],[-76.12320199999999,36.20988299999999],[-76.12313899999998,36.209956999999974],[-76.12309099999999,36.20997599999998],[-76.12299000000002,36.209968],[-76.122725,36.209945000000005],[-76.12267200000002,36.20997599999998],[-76.12264800000003,36.20999999999998],[-76.12260400000002,36.210015],[-76.12256100000002,36.21000700000002],[-76.122503,36.20996500000001],[-76.12238300000001,36.209925999999996],[-76.12212799999998,36.20993299999998],[-76.12182899999999,36.20997599999998],[-76.12159300000002,36.21002299999998],[-76.12125900000001,36.21015399999999],[-76.12114200000002,36.21024299999999],[-76.12100700000002,36.21039400000001],[-76.12090999999998,36.21049900000003],[-76.12082600000002,36.21054099999998],[-76.12063899999998,36.21056199999998],[-76.12045799999999,36.21059300000002],[-76.12015500000001,36.21068200000002],[-76.11997400000001,36.21080699999999],[-76.11976099999998,36.21096399999999],[-76.11968999999999,36.21099600000002],[-76.11952200000002,36.211010999999985],[-76.119438,36.21104300000002],[-76.11934200000002,36.21116799999999],[-76.119258,36.211235999999985],[-76.11914200000001,36.21129400000001],[-76.11909600000001,36.21135099999998],[-76.11909000000003,36.21140300000002],[-76.11904500000003,36.211477],[-76.11893500000002,36.211554999999976],[-76.11891600000001,36.21165400000001],[-76.118896,36.21174300000001],[-76.11879900000002,36.21184299999999],[-76.11878000000002,36.21192100000002],[-76.11879299999998,36.212031000000025],[-76.11886399999997,36.212125000000015],[-76.11892899999998,36.21220299999999],[-76.11893500000002,36.21224999999998],[-76.11893500000002,36.21228100000002],[-76.11893500000002,36.21231799999998],[-76.118919,36.212332],[-76.11890899999997,36.212332],[-76.11884800000001,36.212332],[-76.11878300000001,36.21234700000002],[-76.11864100000003,36.212462000000016],[-76.11856399999999,36.212514999999996],[-76.118473,36.212530000000015],[-76.118357,36.212545999999975],[-76.11829899999998,36.21256199999999],[-76.11825399999998,36.21261900000002],[-76.11824100000001,36.21268199999997],[-76.11823500000003,36.212744999999984],[-76.11819600000001,36.21279700000002],[-76.118157,36.21285999999998],[-76.11818299999999,36.21292199999999],[-76.11828000000003,36.212995999999976],[-76.11829499999999,36.213032],[-76.11829899999998,36.21304300000003],[-76.11829899999998,36.21306900000002],[-76.11828000000003,36.21307899999999],[-76.11826000000002,36.21309000000002],[-76.11809899999997,36.213104999999985],[-76.11803500000002,36.21314699999999],[-76.11798299999998,36.213261999999986],[-76.11786699999999,36.21341899999999],[-76.11777000000001,36.21351299999998],[-76.11766699999998,36.21354400000001],[-76.11759599999999,36.213607000000025],[-76.11758900000001,36.21366999999998],[-76.117615,36.213764000000026],[-76.11767300000002,36.213858000000016],[-76.11767300000002,36.213952000000006],[-76.11764699999998,36.213999],[-76.11759599999999,36.21403099999998],[-76.11754400000001,36.21409299999999],[-76.11753800000002,36.21413000000001],[-76.11750799999999,36.21415400000001],[-76.117505,36.214156],[-76.11745400000001,36.214156],[-76.11740200000003,36.214113999999995],[-76.11736300000001,36.21406200000001],[-76.11736300000001,36.21398399999998],[-76.11740200000003,36.21389499999998],[-76.117389,36.213832000000025],[-76.11730499999999,36.21372200000002],[-76.117254,36.21354400000001],[-76.11722800000001,36.21346599999998],[-76.117118,36.21340300000003],[-76.11688600000002,36.21325200000001],[-76.11662799999999,36.213116000000014],[-76.11606599999999,36.21285399999999],[-76.11579499999999,36.21268199999997],[-76.11545899999999,36.212535],[-76.11523299999999,36.21241500000002],[-76.11468500000001,36.212252999999976],[-76.114556,36.21220599999998],[-76.11445900000001,36.21220599999998],[-76.114304,36.212243],[-76.114171,36.21222599999999],[-76.11395099999999,36.21212700000001],[-76.11360300000001,36.212005999999974],[-76.11325399999998,36.21193299999999],[-76.11308000000002,36.21193299999999],[-76.112912,36.21198500000003],[-76.11278900000002,36.212064],[-76.112615,36.21217899999999],[-76.11253799999997,36.21217899999999],[-76.11238900000001,36.21212700000001],[-76.11193700000001,36.211869999999976],[-76.11159500000002,36.21172899999999],[-76.111176,36.21165100000002],[-76.11077599999999,36.21160900000001],[-76.110253,36.21158300000002],[-76.10988500000002,36.211536000000024],[-76.10938199999998,36.21142600000002],[-76.10902700000003,36.21130099999999],[-76.108746,36.211231],[-76.10851400000001,36.211184],[-76.10820999999999,36.211179000000016],[-76.10797200000002,36.211184],[-76.107688,36.21122600000001],[-76.107642,36.21127799999999],[-76.10756500000002,36.21141399999999],[-76.10750000000002,36.21150799999998],[-76.10742299999998,36.21154999999999],[-76.10707400000001,36.21164900000002],[-76.106539,36.211738000000025],[-76.10634499999998,36.21174300000001],[-76.10630600000002,36.21174300000001],[-76.10628100000002,36.21172200000001],[-76.10630600000002,36.21164900000002],[-76.10634499999998,36.21161799999999],[-76.10640999999998,36.211524],[-76.10645499999998,36.211366999999996],[-76.10651899999999,36.211273000000006],[-76.106648,36.21121499999998],[-76.10675199999997,36.21111100000002],[-76.10686800000002,36.21099099999998],[-76.106945,36.21089599999999],[-76.10697800000003,36.210792000000026],[-76.10697900000002,36.21078699999998],[-76.10700300000002,36.210661000000016],[-76.10701599999999,36.21049399999998],[-76.106965,36.210425999999984],[-76.1069,36.210374],[-76.106674,36.21003400000001],[-76.10654499999998,36.209877000000006],[-76.10643499999998,36.20962100000003],[-76.106358,36.20951100000002],[-76.10628700000001,36.209339],[-76.10620999999998,36.209280999999976],[-76.106022,36.209186999999986],[-76.10591899999997,36.209135],[-76.10572300000001,36.209078999999974],[-76.10568999999998,36.20907399999999],[-76.10568999999998,36.209047999999996],[-76.105703,36.20896399999998],[-76.105684,36.20892700000002],[-76.10560600000002,36.208912],[-76.10542600000002,36.20892199999997],[-76.10519299999999,36.20892199999997],[-76.10515500000002,36.208890999999994],[-76.105122,36.208797000000004],[-76.10500000000002,36.20873899999998],[-76.10474099999999,36.20861400000001],[-76.10459300000002,36.208572000000004],[-76.10436099999998,36.208551],[-76.10412200000002,36.208567000000016],[-76.10404499999999,36.208574],[-76.10400600000003,36.20857699999999],[-76.10395399999999,36.20860299999998],[-76.10387700000001,36.20865500000002],[-76.10372799999999,36.208717999999976],[-76.103657,36.20873399999999],[-76.10358000000002,36.208703000000014],[-76.10354699999999,36.208661000000006],[-76.10352990000001,36.20865550000002],[-76.10351200000002,36.20864999999998],[-76.103476,36.20864],[-76.103386,36.20864499999999],[-76.103276,36.208687],[-76.10307,36.20878099999999],[-76.10292099999998,36.20881800000001],[-76.10274700000002,36.208865],[-76.10267599999997,36.20893799999999],[-76.102618,36.20901600000002],[-76.102554,36.20903199999998],[-76.10247800000002,36.20902100000001],[-76.102441,36.20902100000001],[-76.10239999999999,36.20898699999998],[-76.10231700000003,36.20898699999998],[-76.10227500000002,36.20898],[-76.10227500000002,36.20894299999998],[-76.10228000000001,36.20893100000001],[-76.10228899999998,36.208871999999985],[-76.10225700000001,36.208838000000014],[-76.102239,36.208826999999985],[-76.10215099999999,36.208774000000005],[-76.10203999999999,36.208736999999985],[-76.10197099999999,36.20865900000001],[-76.10192899999998,36.20859899999999],[-76.101878,36.208575999999994],[-76.10175800000002,36.20855799999998],[-76.10166600000002,36.20850200000001],[-76.10162000000003,36.20844499999998],[-76.10161099999999,36.20838900000001],[-76.10159199999998,36.208281],[-76.10164300000002,36.20813099999998],[-76.10166600000002,36.207986000000005],[-76.10161099999999,36.207915000000014],[-76.10144500000001,36.207794999999976],[-76.10137500000002,36.20773200000002],[-76.10123700000003,36.20764600000001],[-76.101112,36.20756699999998],[-76.10102999999998,36.20754899999997],[-76.100955,36.20753300000001],[-76.10078399999998,36.207516999999996],[-76.100708,36.207475999999986],[-76.10058700000002,36.20740999999998],[-76.100435,36.207378000000006],[-76.10014699999999,36.207389999999975],[-76.09992,36.207419000000016],[-76.099784,36.207402],[-76.09966700000001,36.207333000000006],[-76.09957100000003,36.20722599999999],[-76.09950099999998,36.207194000000015],[-76.09942000000001,36.207201999999995],[-76.09934900000002,36.20721800000001],[-76.09924799999999,36.20721400000002],[-76.099241,36.20719700000001],[-76.09921800000001,36.20714400000003],[-76.09922799999998,36.207018000000005],[-76.09919300000001,36.206939999999975],[-76.098975,36.20677999999998],[-76.09887400000002,36.20673499999998],[-76.098768,36.20663300000001],[-76.09849100000002,36.206457],[-76.09841499999999,36.206440999999984],[-76.09830899999997,36.206429000000014],[-76.098142,36.20640400000002],[-76.09805599999999,36.206354999999974],[-76.09799600000002,36.20614599999999],[-76.09793000000002,36.20608099999998],[-76.09780899999998,36.20604800000001],[-76.097647,36.206068000000016],[-76.097556,36.20603599999998],[-76.09750600000001,36.20595800000001],[-76.097374,36.20589699999999],[-76.09704599999998,36.205737],[-76.09661299999999,36.20555000000002],[-76.09637099999998,36.20550100000003],[-76.09521899999999,36.20544000000001],[-76.095078,36.20545199999998],[-76.095,36.205469891089095],[-76.095,36.182137264705844],[-76.09523000000002,36.18230299999999],[-76.095305,36.182389],[-76.095373,36.18257399999999],[-76.09546,36.18267500000002],[-76.095528,36.18280600000003],[-76.09560199999999,36.183132],[-76.09565800000001,36.18329799999998],[-76.09565199999997,36.18344400000001],[-76.09573899999998,36.18356399999999],[-76.095956,36.18374499999999],[-76.09615400000001,36.183921],[-76.09634599999998,36.18417199999999],[-76.09649000000002,36.18449099999998],[-76.09654,36.184662],[-76.09663899999998,36.18476199999998],[-76.096744,36.184781999999984],[-76.09681899999998,36.18477200000001],[-76.09680780000002,36.18473970000002],[-76.09679999999997,36.18471699999998],[-76.09677499999998,36.184646999999984],[-76.096744,36.18458099999998],[-76.09666399999998,36.184515999999974],[-76.096633,36.18445600000001],[-76.096633,36.18420500000002],[-76.09660200000002,36.184128999999984],[-76.09653300000002,36.183993999999984],[-76.09648399999998,36.183843000000024],[-76.09639099999998,36.183753000000024],[-76.09624200000002,36.183717],[-76.09608700000001,36.18364700000001],[-76.09603700000002,36.18359700000002],[-76.09595100000001,36.183385999999985],[-76.09586999999999,36.183310000000006],[-76.09586999999999,36.183254999999974],[-76.095913,36.1832],[-76.09596299999998,36.18317999999999],[-76.09597500000001,36.183130000000006],[-76.09598299999999,36.18300099999999],[-76.09593899999999,36.18272000000002],[-76.09585900000002,36.182514000000026],[-76.09570400000001,36.182327999999984],[-76.09543100000002,36.18204700000001],[-76.09529500000002,36.181825],[-76.09518300000002,36.18174499999998],[-76.09504700000002,36.181685000000016],[-76.095,36.18164740000002],[-76.095,36.18033451612911],[-76.09500200000002,36.180330000000026],[-76.095,36.18029666666652],[-76.095,36.1799111818182],[-76.09504500000003,36.179813000000024],[-76.09511400000002,36.179642],[-76.095213,36.17952600000001],[-76.09531800000002,36.17942099999999],[-76.09541100000001,36.17937499999999],[-76.09555999999998,36.17937499999999],[-76.09559100000001,36.179416],[-76.095641,36.179461],[-76.09578900000002,36.17947099999998],[-76.09587599999998,36.17943600000001],[-76.09587599999998,36.179396],[-76.09581400000002,36.17936500000002],[-76.09570300000001,36.17936500000002],[-76.09570300000001,36.17930000000001],[-76.09569599999998,36.179235000000006],[-76.095709,36.17915399999998],[-76.09574600000002,36.17909400000002],[-76.09583900000001,36.179034],[-76.09596900000003,36.179013999999995],[-76.09605599999998,36.178927999999985],[-76.09609899999998,36.178898000000004],[-76.09609899999998,36.17882300000002],[-76.0960814,36.17878250000001],[-76.096068,36.178751999999974],[-76.096025,36.178732000000025],[-76.09598799999998,36.17872699999998],[-76.09592600000002,36.17874699999999],[-76.09585800000002,36.178763000000004],[-76.09582,36.17882800000001],[-76.09582,36.178882999999985],[-76.095796,36.178943000000004],[-76.09576499999997,36.17894799999999],[-76.09570300000001,36.178943000000004],[-76.09563400000002,36.178898000000004],[-76.09555399999999,36.17890299999999],[-76.09551699999997,36.17893299999997],[-76.095504,36.17899399999999],[-76.095504,36.17906900000003],[-76.09547900000001,36.17910899999998],[-76.095324,36.17910899999998],[-76.095281,36.17906900000003],[-76.09518800000001,36.17908399999999],[-76.09507000000002,36.179133999999976],[-76.095,36.179162160919546],[-76.095,36.17846183870968],[-76.09501599999999,36.178443000000016],[-76.09509600000001,36.17833300000001],[-76.09512699999999,36.178267000000005],[-76.09516500000001,36.17812700000002],[-76.09516500000001,36.17798099999999],[-76.09519599999999,36.177910999999995],[-76.09531299999998,36.177779999999984],[-76.09541899999999,36.177705],[-76.09556800000001,36.177648999999974],[-76.095685,36.17758900000001],[-76.09582799999998,36.177513999999974],[-76.09590200000002,36.177437999999995],[-76.095977,36.177392999999995],[-76.09615000000002,36.17731300000003],[-76.09625599999998,36.17725300000001],[-76.09633000000002,36.177212],[-76.096405,36.177182000000016],[-76.09650399999998,36.17719699999998],[-76.09657199999998,36.17720200000002],[-76.09658439999998,36.17719360000001],[-76.096609,36.17717699999997],[-76.09652899999998,36.17711700000001],[-76.09649100000001,36.177047000000016],[-76.09651000000002,36.176961000000006],[-76.09657199999998,36.176860999999974],[-76.09666499999997,36.17682000000002],[-76.096814,36.17678999999998],[-76.09701799999999,36.17673500000001],[-76.097105,36.176694999999995],[-76.09722900000003,36.176625],[-76.097328,36.17658399999999],[-76.09740299999999,36.176579000000004],[-76.09747700000003,36.17659900000001],[-76.097533,36.17661500000003],[-76.09759500000001,36.17661500000003],[-76.09768200000002,36.17666000000003],[-76.097756,36.17669999999998],[-76.09785499999998,36.17671999999999],[-76.098097,36.17671999999999],[-76.09835099999998,36.176715],[-76.09845100000001,36.17673000000002],[-76.098612,36.17684600000001],[-76.09866799999998,36.17697099999998],[-76.098748,36.177081999999984],[-76.09880399999997,36.177122],[-76.09889099999998,36.177171999999985],[-76.098928,36.177182000000016],[-76.09894459999998,36.17717520000002],[-76.09896500000002,36.177167],[-76.09898399999997,36.17713199999997],[-76.09898399999997,36.17708699999997],[-76.09895899999998,36.176976000000025],[-76.09889099999998,36.17691100000002],[-76.09879799999999,36.17683099999999],[-76.098723,36.176620000000014],[-76.09866099999999,36.176563999999985],[-76.09863000000001,36.17654900000002],[-76.098593,36.17654900000002],[-76.09851900000001,36.176579000000004],[-76.09830799999997,36.17647899999997],[-76.09827100000001,36.176473999999985],[-76.09823999999998,36.17647899999997],[-76.098184,36.176518999999985],[-76.09803499999998,36.17658399999999],[-76.097961,36.17658399999999],[-76.09788600000002,36.17653899999999],[-76.09778699999998,36.176444000000004],[-76.09769399999999,36.17641400000002],[-76.09763800000002,36.17641400000002],[-76.097508,36.176428999999985],[-76.09744,36.176439000000016],[-76.09740299999999,36.17641400000002],[-76.09740900000003,36.17635100000001],[-76.09743400000002,36.17629099999999],[-76.09749,36.176225999999986],[-76.09754500000003,36.176154999999994],[-76.09755200000001,36.17605500000002],[-76.09752700000001,36.175929],[-76.09750200000002,36.17580400000003],[-76.0974678,36.17577890000001],[-76.09744599999999,36.17576300000002],[-76.09740900000003,36.175798999999984],[-76.09740900000003,36.17613],[-76.09737200000001,36.17634099999998],[-76.09729700000003,36.17638599999998],[-76.09724799999998,36.17641200000003],[-76.096925,36.17648700000001],[-76.09679499999999,36.176552000000015],[-76.09657800000002,36.17665299999999],[-76.09647899999999,36.176702999999975],[-76.09641099999999,36.17677800000001],[-76.09626200000002,36.17681900000002],[-76.09616899999997,36.17688900000002],[-76.09605699999997,36.17699900000002],[-76.095909,36.17707999999999],[-76.09569199999999,36.17719499999998],[-76.09554300000002,36.177310999999975],[-76.09536300000002,36.17739599999999],[-76.095146,36.17751199999998],[-76.09501599999999,36.177572],[-76.095,36.1775848],[-76.095,36.14999999999998],[-76.10964610000002,36.14999999999998]]]}},{"type":"Feature","properties":{},"geometry":{"type":"Polygon","coordinates":[[[-76.1216043,36.22127130000001],[-76.12161099999997,36.221273],[-76.121668,36.22125999999997],[-76.121688,36.22122999999999],[-76.12172500000003,36.221232999999984],[-76.121782,36.22125],[-76.121847,36.221293],[-76.12188400000002,36.221295999999995],[-76.12189999999998,36.22127999999998],[-76.12193300000001,36.22122999999999],[-76.12193070000001,36.22122109999998],[-76.12192099999999,36.221183999999994],[-76.12192099999999,36.22115100000002],[-76.12194499999998,36.22114099999999],[-76.12201099999999,36.22115400000001],[-76.12206800000001,36.221157000000005],[-76.12212499999998,36.22114399999998],[-76.12213300000002,36.221114],[-76.122141,36.221070999999995],[-76.12215400000002,36.22102799999999],[-76.12219399999998,36.221025],[-76.12226399999997,36.221025],[-76.122301,36.22102799999999],[-76.12231700000001,36.22100499999999],[-76.12230899999997,36.22097200000002],[-76.12228399999998,36.220932000000005],[-76.12228399999998,36.22088600000001],[-76.12231300000002,36.22083300000003],[-76.12237399999998,36.220793000000015],[-76.1223943,36.22073710000001],[-76.12239899999997,36.22072400000002],[-76.122411,36.22064499999999],[-76.12243999999998,36.220575],[-76.12249700000001,36.22052600000001],[-76.12258200000002,36.220488999999986],[-76.122612,36.220447999999976],[-76.12260800000001,36.22042099999999],[-76.122616,36.22037499999999],[-76.12264900000002,36.22033800000003],[-76.12279999999998,36.220304999999996],[-76.122886,36.22028599999999],[-76.12293499999998,36.220252000000016],[-76.122972,36.22017599999998],[-76.12304899999998,36.22000800000001],[-76.12318399999998,36.21975600000002],[-76.12320799999998,36.21969999999999],[-76.12321300000002,36.21964700000001],[-76.12323300000003,36.21959099999998],[-76.12330600000001,36.219584],[-76.123425,36.219581000000005],[-76.12347,36.219558000000006],[-76.12356899999997,36.21946600000001],[-76.12364100000002,36.21939900000001],[-76.12366300000002,36.219356000000005],[-76.12366300000002,36.219295999999986],[-76.12367899999998,36.219232999999974],[-76.12376899999998,36.219134],[-76.12380200000001,36.219070999999985],[-76.12381800000003,36.218999],[-76.12383899999998,36.218961999999976],[-76.12394899999998,36.21888899999999],[-76.12402200000002,36.21884],[-76.124055,36.218793000000005],[-76.12407100000001,36.218744000000015],[-76.12410399999999,36.218721000000016],[-76.124304,36.21867800000001],[-76.12448,36.21865100000002],[-76.12456500000002,36.218631000000016],[-76.12461000000002,36.21861200000001],[-76.12467600000002,36.218569],[-76.12477000000001,36.21853199999998],[-76.124953,36.21847600000001],[-76.125,36.21846399999998],[-76.125,36.22500000000002],[-76.12276980000001,36.22500000000002],[-76.122726,36.22488800000002],[-76.122616,36.22466300000002],[-76.12250399999999,36.224500999999975],[-76.12245899999999,36.22439200000002],[-76.12241,36.224249999999984],[-76.12236100000001,36.224154],[-76.1223,36.22404499999999],[-76.12224739999999,36.22395230000001],[-76.122165,36.22380700000002],[-76.12207999999998,36.223663999999985],[-76.12203099999999,36.223558000000025],[-76.12195700000001,36.223389999999995],[-76.12186700000001,36.22320100000002],[-76.12182569999999,36.22312520000003],[-76.12180599999999,36.223089000000016],[-76.12170800000001,36.22293300000001],[-76.12165900000002,36.22279800000001],[-76.1215679,36.22264100000001],[-76.12156499999998,36.22263600000002],[-76.12147499999998,36.222527000000014],[-76.12140470000003,36.22243750000001],[-76.12134300000002,36.22235899999998],[-76.12126999999998,36.22227600000002],[-76.12118400000003,36.22216100000003],[-76.12111099999998,36.222035000000005],[-76.12102900000002,36.22190899999998],[-76.12095099999999,36.22181999999998],[-76.120882,36.22176999999999],[-76.12081699999999,36.221749999999986],[-76.12075499999997,36.22174100000001],[-76.12073500000002,36.22171400000002],[-76.12071099999997,36.221637999999984],[-76.12068599999998,36.22157199999998],[-76.12068199999999,36.22151200000002],[-76.12069000000002,36.221450000000004],[-76.12071099999997,36.22140000000002],[-76.12077599999998,36.22136999999998],[-76.12090699999999,36.22135400000002],[-76.12108999999998,36.22132399999998],[-76.12118800000002,36.22132099999999],[-76.12133499999999,36.221303999999975],[-76.121443,36.221266000000014],[-76.12154099999998,36.22125599999998],[-76.1216043,36.22127130000001]]]}},{"type":"Feature","properties":{},"geometry":{"type":"Polygon","coordinates":[[[-76.20077730000003,36.29893179999999],[-76.20087489999997,36.2989518],[-76.20089810000002,36.29896869999999],[-76.20104070000002,36.29913699999997],[-76.2010866,36.29916209999999],[-76.20108499999998,36.2992079],[-76.20111379999997,36.299363700000015],[-76.20114569999998,36.2995363],[-76.20116469999999,36.29955580000001],[-76.2011842,36.29956679999998],[-76.20118489999999,36.29956720000001],[-76.20120559999998,36.29956709999999],[-76.201232,36.29955410000002],[-76.20124870000001,36.299528599999974],[-76.20124529999998,36.29945620000001],[-76.20126249999998,36.2994099],[-76.20129350000002,36.2993659],[-76.20134189999999,36.29933519999997],[-76.20139310000002,36.299311999999986],[-76.2014547,36.29928769999998],[-76.2015222,36.299267199999974],[-76.20155010000002,36.29925320000001],[-76.20159530000001,36.299181499999975],[-76.20161080000003,36.299156900000014],[-76.2017864,36.29915519999997],[-76.20189959999999,36.299174600000015],[-76.20202899999998,36.29923200000002],[-76.2022088,36.29921280000002],[-76.20222749999999,36.2992084],[-76.202248,36.299231299999974],[-76.20225399999998,36.299238100000025],[-76.20229369999998,36.29928369999999],[-76.2023198,36.29932489999999],[-76.20235259999998,36.29937289999998],[-76.20237980000002,36.29938920000001],[-76.20243149999999,36.29937330000001],[-76.20256230000001,36.29931099999999],[-76.20257220000002,36.2993113],[-76.20266550000002,36.29931370000003],[-76.20270210000001,36.299381400000016],[-76.20270649999998,36.29944160000002],[-76.20271689999998,36.29958479999999],[-76.20272770000003,36.29962449999999],[-76.20275950000001,36.29966200000001],[-76.2027885,36.29967529999999],[-76.20282250000002,36.2996723],[-76.20284620000001,36.299636899999996],[-76.2028813,36.2995871],[-76.2028889,36.29957630000001],[-76.20293559999999,36.29956550000003],[-76.20301110000003,36.2996124],[-76.20305880000001,36.29966810000002],[-76.20310110000003,36.29973439999998],[-76.20309730000002,36.29980089999998],[-76.20310970000003,36.299866399999985],[-76.20314539999998,36.2999198],[-76.2032082,36.299939499999994],[-76.20325960000002,36.29991419999999],[-76.2033012,36.29988580000003],[-76.20340240000002,36.299866699999995],[-76.20348669999998,36.299858400000005],[-76.20353419999998,36.29985370000003],[-76.20363309999999,36.29985499999998],[-76.20364110000003,36.29986960000002],[-76.20365559999999,36.29989610000001],[-76.20368259999998,36.299950799999976],[-76.20370689999999,36.299979399999984],[-76.2037305,36.29999270000002],[-76.20377239999999,36.299997099999985],[-76.20382740000002,36.29998189999998],[-76.2038852,36.299967700000025],[-76.20390980000002,36.29997329999998],[-76.2039413,36.299980500000004],[-76.2039742,36.29999909999998],[-76.20397580000002,36.30000000000001],[-76.19999999999999,36.30000000000001],[-76.19999999999999,36.29880379999997],[-76.2000018,36.29880379999997],[-76.20010350000001,36.29875929999997],[-76.2001558,36.29873839999999],[-76.20017869999998,36.29874410000002],[-76.20019480000002,36.2987564],[-76.20019960000002,36.298773600000004],[-76.20019580000002,36.298803099999986],[-76.20019009999999,36.29882500000002],[-76.2001507,36.298884799999996],[-76.20014909999998,36.29890590000002],[-76.20015009999997,36.298933499999976],[-76.20015769999998,36.29896200000002],[-76.2001775,36.298994400000026],[-76.20018490000001,36.2990001],[-76.2002453,36.29904579999999],[-76.2002559,36.29905359999998],[-76.2002938,36.29907170000001],[-76.20031610000001,36.29907739999999],[-76.20035789999997,36.29907689999999],[-76.20040490000002,36.29906039999997],[-76.20045219999997,36.29905459999998],[-76.2004612,36.29906060000002],[-76.20054249999998,36.29911449999997],[-76.20058979999999,36.299124800000016],[-76.20063169999997,36.299124800000016],[-76.20065419999997,36.29912059999998],[-76.20068470000001,36.2991035],[-76.20073580000002,36.29904570000002],[-76.20077730000003,36.29893179999999]]]}},{"type":"Feature","properties":{},"geometry":{"type":"Polygon","coordinates":[[[-76.2163291,36.299899900000014],[-76.21636330000001,36.29993630000001],[-76.21638380000002,36.30000000000001],[-76.216091,36.30000000000001],[-76.21606960000003,36.29997700000001],[-76.2162745,36.299868100000026],[-76.21629100000001,36.29985929999998],[-76.2163291,36.299899900000014]]]}},{"type":"Feature","properties":{},"geometry":{"type":"Polygon","coordinates":[[[-76.21851930000003,36.29841579999999],[-76.21855160000001,36.29822489999998],[-76.2187285,36.298110699999995],[-76.21868769999998,36.298030900000015],[-76.2184221,36.2979972],[-76.21839890000001,36.297989400000006],[-76.21839699999998,36.29798520000003],[-76.21839619999997,36.29798340000002],[-76.21833830000003,36.297854599999994],[-76.21830740000001,36.297786099999996],[-76.21829000000002,36.297747300000026],[-76.21820309999998,36.29777309999997],[-76.21819749999997,36.29777469999999],[-76.21818680000001,36.297773500000005],[-76.21816089999999,36.29777059999998],[-76.21813159999999,36.2977674],[-76.21806900000001,36.297702300000026],[-76.2180414,36.2976352],[-76.21803419999998,36.2976175],[-76.218007,36.297564299999976],[-76.21794490000002,36.29743509999997],[-76.21790449999997,36.29732960000001],[-76.21788850000002,36.29728770000003],[-76.21786170000001,36.29717520000003],[-76.21785749999998,36.297157700000014],[-76.21783679999999,36.29705080000002],[-76.2178328,36.2969908],[-76.21783929999998,36.29689109999998],[-76.21767469999998,36.296398099999976],[-76.217693,36.29639580000003],[-76.21778419999998,36.29638410000001],[-76.2177572,36.2962996],[-76.21767929999999,36.296313199999986],[-76.21765629999999,36.296317199999976],[-76.21758390000002,36.2960655],[-76.21759170000001,36.296049700000026],[-76.2176556,36.29592009999999],[-76.21766339999999,36.29590439999998],[-76.2176763,36.29587809999998],[-76.21760799999998,36.295849299999986],[-76.21758219999998,36.29583839999998],[-76.2175795,36.29570949999999],[-76.2175742,36.29562629999998],[-76.21756929999998,36.29559440000003],[-76.21762489999998,36.295594900000026],[-76.21766200000002,36.295593499999995],[-76.21767770000002,36.295583299999976],[-76.21768800000001,36.295571800000005],[-76.2176945,36.295558700000015],[-76.21769549999999,36.295535400000006],[-76.21768789999999,36.295513200000016],[-76.21766939999998,36.295495800000026],[-76.21762410000002,36.29548060000002],[-76.2175143,36.29542120000002],[-76.21711199999999,36.29551500000002],[-76.21709959999998,36.295518200000004],[-76.21710999999999,36.2955455],[-76.21711169999998,36.295549900000026],[-76.21710940000003,36.29555479999999],[-76.21700759999999,36.29576850000001],[-76.21700679999998,36.29580390000001],[-76.2170317,36.2958175],[-76.21717360000002,36.2958946],[-76.21729260000001,36.295931800000005],[-76.217334,36.29595419999998],[-76.2173333,36.29595979999999],[-76.217329,36.29599330000002],[-76.2173181,36.2960774],[-76.2173176,36.29608200000001],[-76.2172946,36.29611080000001],[-76.21726969999997,36.29612800000001],[-76.21722460000001,36.296142799999984],[-76.21717810000001,36.296165900000005],[-76.2171333,36.29618599999998],[-76.21709659999999,36.29621959999997],[-76.21707780000003,36.296239300000025],[-76.2170668,36.296250799999996],[-76.2170658,36.29626430000002],[-76.21705930000002,36.29629369999998],[-76.21706010000003,36.29632090000001],[-76.21706289999997,36.29633510000002],[-76.21707429999998,36.2963565],[-76.2170908,36.29637580000002],[-76.21716930000002,36.29640860000001],[-76.2171697,36.29641140000001],[-76.21718290000001,36.296499100000005],[-76.21717480000001,36.296516999999994],[-76.21711490000001,36.29664939999998],[-76.21689220000002,36.29659129999999],[-76.2168471,36.29665210000002],[-76.21684199999999,36.29665890000001],[-76.21682390000001,36.296658200000024],[-76.21676889999998,36.296655799999996],[-76.21673550000003,36.29665440000002],[-76.21668949999997,36.29664409999998],[-76.21663280000001,36.296612700000026],[-76.21659469999997,36.2966012],[-76.21652419999998,36.29662059999998],[-76.21642780000002,36.29659520000001],[-76.216456,36.29648959999997],[-76.2164439,36.29646939999998],[-76.2164014,36.29644589999998],[-76.21637090000002,36.29644250000001],[-76.21634610000001,36.29645959999999],[-76.21632540000002,36.29650550000002],[-76.21631880000001,36.296507899999995],[-76.21626470000001,36.29652800000002],[-76.2162581,36.296526400000005],[-76.2162361,36.29652090000002],[-76.2161668,36.296503599999994],[-76.21609089999998,36.29647110000002],[-76.21598230000001,36.29641830000003],[-76.21588689999999,36.2964106],[-76.21586129999997,36.296407199999976],[-76.21584619999999,36.296405100000015],[-76.21581359999999,36.29638929999999],[-76.21575919999998,36.2963383],[-76.2157224,36.296332199999995],[-76.21563909999998,36.29633319999999],[-76.21554609999998,36.296323900000004],[-76.21545579999997,36.29629299999999],[-76.21502980000002,36.29619969999999],[-76.21500850000001,36.29626430000002],[-76.2149958,36.29626289999999],[-76.21490879999999,36.296242800000016],[-76.21489279999997,36.296237899999994],[-76.21491680000003,36.29614959999998],[-76.21473300000002,36.29610259999998],[-76.2147286,36.29610150000002],[-76.2147119,36.29610070000001],[-76.21471129999998,36.295989899999995],[-76.21471029999998,36.295827599999996],[-76.21460860000002,36.29581839999997],[-76.2145678,36.295891299999994],[-76.21456160000002,36.29603420000001],[-76.21456160000002,36.296034899999995],[-76.21435789999998,36.29604790000002],[-76.21430020000003,36.2960478],[-76.21412299999997,36.29604740000002],[-76.21377289999998,36.2960468],[-76.2135907,36.2960511],[-76.2133215,36.296057399999995],[-76.2133005,36.296059300000024],[-76.21329789999999,36.29594500000002],[-76.21325430000002,36.29592029999998],[-76.21321,36.295953],[-76.21320639999999,36.296058200000004],[-76.2131114,36.296060899999986],[-76.21295850000001,36.29606519999999],[-76.2128457,36.29613640000002],[-76.21243399999997,36.29607299999998],[-76.21241579999997,36.29607679999998],[-76.21225329999999,36.29611060000002],[-76.2122369,36.29611399999999],[-76.21218490000001,36.29612479999997],[-76.21209979999998,36.296109100000024],[-76.21200520000002,36.296066499999995],[-76.2119305,36.29603279999998],[-76.2118883,36.29605320000002],[-76.21168490000002,36.29601309999998],[-76.21164579999999,36.29600540000001],[-76.21162759999999,36.295998199999985],[-76.21170640000003,36.29583020000001],[-76.21166529999999,36.295791099999974],[-76.21163100000001,36.29576049999997],[-76.21159460000001,36.295727899999974],[-76.21155240000002,36.29569500000002],[-76.21150410000001,36.29567500000002],[-76.21145580000001,36.295662300000004],[-76.21137870000001,36.29566],[-76.21132770000003,36.2956638],[-76.21119169999997,36.295940400000006],[-76.21112729999999,36.29605170000002],[-76.21112260000001,36.29606000000001],[-76.2111223,36.29606030000002],[-76.21107360000002,36.29604280000001],[-76.21094440000002,36.29599639999998],[-76.2108667,36.296120299999984],[-76.21078840000001,36.2960918],[-76.21085690000001,36.295966899999996],[-76.21072420000002,36.29592029999998],[-76.2106511,36.2958941],[-76.21059709999997,36.29601229999997],[-76.21043739999999,36.29595920000003],[-76.21050509999998,36.29584160000002],[-76.2106427,36.2955829],[-76.2106518,36.29556580000002],[-76.21054479999998,36.29553129999999],[-76.21047279999999,36.295480399999974],[-76.2103262,36.295362899999986],[-76.21026139999998,36.29533889999999],[-76.2101533,36.295329400000014],[-76.2100666,36.29529689999998],[-76.20997840000001,36.29528090000002],[-76.20980400000002,36.29529430000002],[-76.20966390000001,36.29530879999999],[-76.2095104,36.295254],[-76.2094098,36.29522850000001],[-76.20938799999999,36.295216900000014],[-76.20937629999997,36.295210699999984],[-76.20935400000002,36.29518760000002],[-76.20944580000003,36.29502120000001],[-76.2094922,36.29493359999998],[-76.20953530000003,36.29485249999999],[-76.20952399999999,36.2947982],[-76.20947430000001,36.29474219999997],[-76.20939850000002,36.294697299999996],[-76.20936089999998,36.29469080000001],[-76.20929690000003,36.294696999999985],[-76.209251,36.29470789999999],[-76.20919959999998,36.29473109999998],[-76.20918219999999,36.29475860000002],[-76.20917839999998,36.294764499999985],[-76.20910320000002,36.294914800000015],[-76.20908630000002,36.29494599999998],[-76.20905299999998,36.29493179999997],[-76.20895300000001,36.29489289999998],[-76.2090374,36.29473869999998],[-76.20904680000001,36.29472149999998],[-76.20891590000002,36.2946743],[-76.20888960000002,36.29472099999998],[-76.20883889999999,36.29481079999999],[-76.20877330000002,36.2947863],[-76.20875949999999,36.29478110000002],[-76.2087482,36.294804],[-76.20874479999998,36.29481099999998],[-76.20866109999997,36.294784100000015],[-76.20863680000002,36.294775500000014],[-76.2081847,36.294615599999986],[-76.20795720000001,36.29453289999998],[-76.20790699999998,36.29452379999998],[-76.20785860000001,36.29452850000001],[-76.20781469999997,36.2945378],[-76.20776160000003,36.29455660000002],[-76.2075944,36.29450120000001],[-76.20759199999998,36.294500400000004],[-76.20749640000003,36.29446789999997],[-76.20731719999998,36.29440690000001],[-76.2073226,36.294396800000015],[-76.207383,36.29428489999998],[-76.20734440000001,36.2942759],[-76.20731949999998,36.29427870000001],[-76.20728650000001,36.29429219999997],[-76.20723270000002,36.294324500000016],[-76.20718629999999,36.294333600000016],[-76.207086,36.29430609999997],[-76.20688410000002,36.29423320000001],[-76.20688100000001,36.294184900000005],[-76.20685700000001,36.29412930000001],[-76.20677180000001,36.2940605],[-76.20670430000001,36.2940289],[-76.20660479999998,36.294004599999994],[-76.20651409999999,36.2939988],[-76.20645760000002,36.29399749999999],[-76.20636580000001,36.2939983],[-76.20635270000002,36.293992600000024],[-76.20630649999998,36.29397269999998],[-76.20626870000001,36.29394079999997],[-76.20625050000001,36.29389839999999],[-76.206252,36.29386199999999],[-76.20627589999998,36.2938226],[-76.2063043,36.29377770000002],[-76.20631129999998,36.293766500000004],[-76.20630820000002,36.29373670000001],[-76.20629050000002,36.293725600000016],[-76.20625369999999,36.29373029999999],[-76.20621210000002,36.2937804],[-76.20614219999999,36.293864499999984],[-76.20612139999997,36.29390940000002],[-76.20609459999997,36.293924600000025],[-76.20605160000002,36.29392769999998],[-76.20603110000002,36.293917599999986],[-76.2059375,36.29387170000001],[-76.20592629999999,36.293887100000006],[-76.20585649999998,36.29398329999998],[-76.2057567,36.29393490000001],[-76.20579650000002,36.29388349999999],[-76.20581900000002,36.2938972],[-76.20585879999999,36.29384390000001],[-76.20586409999999,36.293836899999974],[-76.20581010000001,36.29381269999999],[-76.20562949999999,36.2937321],[-76.2056121,36.29371889999999],[-76.2056129,36.29369609999998],[-76.20563679999998,36.29365660000002],[-76.20569139999998,36.2935847],[-76.20573150000001,36.293514500000015],[-76.20574829999998,36.293476],[-76.2057529,36.293465500000025],[-76.20575630000002,36.2934429],[-76.20571319999999,36.29341470000003],[-76.20508660000002,36.293005300000004],[-76.20506540000002,36.29299150000003],[-76.2052147,36.292412300000024],[-76.20516420000001,36.29212769999998],[-76.20516429999998,36.29212239999998],[-76.20516909999998,36.29163080000001],[-76.2051538,36.29157170000002],[-76.20514029999998,36.29155029999998],[-76.20513519999997,36.29154219999998],[-76.20506310000002,36.29149899999999],[-76.2050016,36.29146170000001],[-76.20493160000001,36.29142039999999],[-76.2048749,36.29138569999998],[-76.20475950000002,36.29132120000003],[-76.20472389999998,36.29126550000001],[-76.20479549999999,36.291139999999984],[-76.20481330000001,36.29111560000001],[-76.20482349999997,36.291081099999985],[-76.20481990000002,36.29105370000002],[-76.20480939999999,36.29100249999999],[-76.20477199999999,36.29094250000003],[-76.2047478,36.290923299999974],[-76.20474200000001,36.29091870000002],[-76.20468140000003,36.29092750000001],[-76.2044732,36.29096659999999],[-76.20424500000001,36.29101850000001],[-76.2039833,36.291071699999975],[-76.20396060000002,36.29107640000001],[-76.20394599999997,36.29103190000001],[-76.20389139999997,36.29086510000002],[-76.2038369,36.29072339999999],[-76.20382769999998,36.29069950000002],[-76.20382169999999,36.290684],[-76.20377939999997,36.2905265],[-76.203735,36.290373999999986],[-76.20372170000002,36.29031409999999],[-76.2036756,36.290106200000025],[-76.20362690000002,36.28993969999999],[-76.203531,36.28957029999998],[-76.2034825,36.28939980000001],[-76.20337899999998,36.2889715],[-76.20334969999999,36.288870900000006],[-76.20333679999999,36.28882659999999],[-76.20333269999998,36.28881260000003],[-76.20327789999999,36.28862270000002],[-76.20328160000003,36.28860529999997],[-76.20329859999998,36.28852640000002],[-76.20330360000003,36.2885048],[-76.20329659999999,36.288471000000015],[-76.20328039999998,36.2884512],[-76.20327279999998,36.28844179999999],[-76.20323159999998,36.288425200000006],[-76.2031548,36.288411999999994],[-76.20310549999999,36.288401599999986],[-76.20306870000002,36.28828329999999],[-76.20308740000002,36.288217299999985],[-76.20308269999998,36.2881438],[-76.2030446,36.28807849999998],[-76.20300370000001,36.28802189999999],[-76.20293830000003,36.28796399999999],[-76.2027991,36.28790299999997],[-76.20278880000001,36.28789849999998],[-76.20278339999999,36.28788639999999],[-76.20277709999999,36.287872300000004],[-76.20274849999998,36.28772459999999],[-76.20272269999998,36.287701200000015],[-76.20258360000003,36.287575000000004],[-76.20255279999998,36.287547200000006],[-76.2027268,36.287380299999995],[-76.20263490000002,36.2872754],[-76.20263469999998,36.287275299999976],[-76.2026219,36.287260600000025],[-76.20257479999998,36.2871993],[-76.2025711,36.2871945],[-76.20253530000002,36.287148],[-76.20246809999998,36.287043400000016],[-76.20240740000003,36.286983299999974],[-76.20235969999999,36.28694109999998],[-76.20232299999998,36.28690849999998],[-76.20225699999997,36.28685730000001],[-76.20218089999997,36.28680509999998],[-76.20211590000002,36.28677379999999],[-76.2020776,36.286763699999995],[-76.20202069999999,36.28677479999999],[-76.2019788,36.28679140000003],[-76.2019669,36.286797999999976],[-76.20193599999999,36.28681280000001],[-76.20191690000001,36.28681640000002],[-76.20188960000002,36.28681160000002],[-76.2018774,36.286805000000015],[-76.20186369999999,36.28678009999999],[-76.20185559999999,36.28676530000001],[-76.20184840000002,36.28675229999999],[-76.20182649999998,36.28670219999998],[-76.20181710000003,36.2866899],[-76.20176900000001,36.28666040000002],[-76.2016673,36.286615900000015],[-76.20154309999998,36.286699],[-76.20148590000002,36.28673730000003],[-76.20144929999998,36.28670410000001],[-76.2014461,36.286701100000016],[-76.20140529999998,36.286664599999995],[-76.20144090000002,36.286632],[-76.20151390000001,36.28656539999997],[-76.20147120000001,36.28653109999999],[-76.20143350000001,36.28654089999998],[-76.2014069,36.286547900000016],[-76.2013359,36.28652699999998],[-76.20130230000001,36.286517100000026],[-76.20106299999998,36.2864467],[-76.20104859999998,36.28644250000002],[-76.20100480000002,36.286354800000026],[-76.20104700000002,36.28623540000001],[-76.20105589999997,36.28621049999998],[-76.20092390000002,36.286083899999994],[-76.20089100000001,36.28610689999999],[-76.20085499999999,36.286140999999986],[-76.20083749999998,36.28618940000001],[-76.20084630000002,36.28626009999999],[-76.2009071,36.28636310000002],[-76.2009759,36.28646470000001],[-76.20098089999999,36.28647080000002],[-76.20098339999998,36.286473899999976],[-76.20102509999998,36.28652469999997],[-76.201032,36.2865314],[-76.2010646,36.286563],[-76.20109480000002,36.286585100000025],[-76.20109960000002,36.2866032],[-76.20109960000002,36.28662320000001],[-76.20108909999999,36.286641299999985],[-76.20107669999999,36.28664789999999],[-76.2010573,36.28665669999998],[-76.20101299999999,36.28665169999999],[-76.20094540000002,36.28662409999998],[-76.20090069999998,36.286610800000005],[-76.2008351,36.286589900000024],[-76.20071439999998,36.2866229],[-76.20051649999999,36.28667680000001],[-76.20009950000002,36.286790499999995],[-76.19999999999999,36.286812199999986],[-76.19999999999999,36.22500000000002],[-76.21574829999997,36.22500000000002],[-76.27499999999998,36.22500000000002],[-76.27499999999998,36.30000000000001],[-76.21786029999998,36.30000000000001],[-76.21796970000003,36.29962990000001],[-76.21799520000002,36.29954359999999],[-76.21799770000001,36.299529500000006],[-76.21805599999999,36.29919159999997],[-76.2181223,36.29919690000003],[-76.2183599,36.298808099999974],[-76.21842550000002,36.29861140000003],[-76.21847150000002,36.29851530000002],[-76.21851930000003,36.29841579999999]]]}},{"type":"Feature","properties":{},"geometry":{"type":"Polygon","coordinates":[[[-76.21645339999998,36.29952589999999],[-76.2164957,36.29952750000001],[-76.21662040000001,36.29954650000002],[-76.21665410000003,36.29955339999998],[-76.21667489999999,36.299575600000026],[-76.21668019999998,36.29960540000002],[-76.21666190000002,36.2996296],[-76.2166244,36.29964530000001],[-76.21647469999999,36.299667399999976],[-76.21644350000003,36.29966810000002],[-76.21629030000003,36.2996574],[-76.2162563,36.2996526],[-76.21623039999997,36.29963720000001],[-76.216206,36.29960620000003],[-76.21620359999997,36.29958190000002],[-76.21621820000001,36.29954900000001],[-76.2162495,36.29952420000001],[-76.21629439999998,36.29951879999999],[-76.21645339999998,36.29952589999999]]]}},{"type":"Feature","properties":{},"geometry":{"type":"Polygon","coordinates":[[[-76.13999799999999,36.29094900000001],[-76.14004499999999,36.291008999999974],[-76.14020399999998,36.29115300000001],[-76.14034500000002,36.291319999999985],[-76.140401,36.29141900000002],[-76.14043800000002,36.291495],[-76.14043800000002,36.291570999999976],[-76.140401,36.29162400000001],[-76.14036299999998,36.29162400000001],[-76.140335,36.291608],[-76.140242,36.29151000000002],[-76.14010999999999,36.291290000000004],[-76.140016,36.29112300000003],[-76.13995999999997,36.29102399999999],[-76.139951,36.29097100000001],[-76.139951,36.290940999999975],[-76.13999799999999,36.29094900000001]]]}},{"type":"Feature","properties":{},"geometry":{"type":"Polygon","coordinates":[[[-76.19328999999999,36.29748749999999],[-76.1933067,36.2974906],[-76.19335760000001,36.29751220000003],[-76.19342449999999,36.297548000000006],[-76.19348710000003,36.29756040000001],[-76.19355200000001,36.29754889999998],[-76.19368050000003,36.2974916],[-76.19368200000002,36.29749049999998],[-76.19376,36.29743359999998],[-76.19381390000001,36.29736580000002],[-76.19386680000002,36.29728749999998],[-76.19390120000003,36.29724700000003],[-76.19399829999998,36.29720950000001],[-76.19410540000001,36.29719180000001],[-76.19416080000002,36.29719189999997],[-76.1942206,36.29720609999998],[-76.19426279999999,36.2972259],[-76.1943463,36.29723610000002],[-76.19439899999998,36.297228700000005],[-76.1944676,36.29718329999997],[-76.19464090000002,36.29716259999998],[-76.19476279999998,36.29715779999998],[-76.1949214,36.29715759999999],[-76.19495710000001,36.29715779999998],[-76.19503479999997,36.29715820000001],[-76.19508660000002,36.29714760000002],[-76.19515999999999,36.29710469999998],[-76.19522210000002,36.29709509999998],[-76.1953105,36.297098500000004],[-76.19539700000001,36.29709750000001],[-76.19550240000001,36.2970828],[-76.19561010000001,36.297034800000006],[-76.19576590000003,36.29697490000001],[-76.19584300000002,36.2969334],[-76.19587610000002,36.29693659999998],[-76.1959109,36.29695349999997],[-76.19595759999999,36.2969779],[-76.19600000000003,36.2969789],[-76.19609409999998,36.2969526],[-76.19622720000001,36.296926299999996],[-76.19626019999998,36.29691980000001],[-76.19635469999997,36.296908099999996],[-76.19647809999998,36.296919100000025],[-76.19654739999999,36.2969478],[-76.1965889,36.29697169999997],[-76.19666619999998,36.297029099999975],[-76.19667129999999,36.29703289999998],[-76.1967123,36.29706090000002],[-76.19679330000002,36.297152100000005],[-76.19683709999998,36.29718350000002],[-76.19691929999999,36.29720320000001],[-76.19710429999998,36.2973465],[-76.19712609999999,36.297364200000004],[-76.19712340000001,36.29745159999999],[-76.19713200000001,36.297488999999985],[-76.19715530000002,36.297505899999976],[-76.19723149999999,36.297539400000005],[-76.19738819999998,36.29758700000002],[-76.19747489999997,36.29769779999998],[-76.19753459999998,36.29777480000001],[-76.19763010000003,36.29786739999997],[-76.1976831,36.29796190000002],[-76.19775290000001,36.29802960000001],[-76.19781749999999,36.298072400000024],[-76.19796450000001,36.2981671],[-76.19802199999998,36.298188400000015],[-76.19811670000001,36.298210100000006],[-76.1982529,36.298212999999976],[-76.19833840000001,36.298201500000005],[-76.19839660000002,36.29818319999998],[-76.1985171,36.2981532],[-76.1985469,36.298169599999994],[-76.19859229999997,36.298228300000005],[-76.19857560000003,36.29827990000001],[-76.19852179999998,36.29839179999999],[-76.19850109999999,36.29846889999999],[-76.198421,36.29872089999998],[-76.19829090000002,36.29907559999998],[-76.1982562,36.29911809999999],[-76.19822169999998,36.299141899999995],[-76.19817519999998,36.29915089999997],[-76.1981199,36.29916739999999],[-76.19807759999998,36.29920920000001],[-76.19798700000001,36.299393399999985],[-76.19797999999997,36.29944080000001],[-76.19799089999998,36.299471100000005],[-76.1980471,36.299457700000005],[-76.1981295,36.29944069999999],[-76.19820199999998,36.299430099999995],[-76.1982916,36.299434599999984],[-76.19839830000001,36.299439500000005],[-76.19843830000002,36.2994281],[-76.1984673,36.29939460000003],[-76.19850259999998,36.299379499999986],[-76.19854679999997,36.299379499999986],[-76.1985745,36.299407099999996],[-76.19857539999998,36.29945809999998],[-76.19858820000002,36.29950659999997],[-76.19862389999997,36.299537999999984],[-76.19866669999999,36.299548000000016],[-76.198711,36.299542299999985],[-76.19875530000002,36.299499500000024],[-76.19883709999999,36.299368800000025],[-76.19886869999999,36.29928219999999],[-76.19891689999997,36.29913970000001],[-76.19893209999998,36.29907830000002],[-76.19894950000003,36.299007200000005],[-76.19897639999999,36.2989566],[-76.1990836,36.29873020000002],[-76.19911589999998,36.298668599999985],[-76.1991534,36.29863369999998],[-76.19917720000001,36.298630600000024],[-76.19920860000002,36.29862650000001],[-76.19924880000002,36.29864190000001],[-76.19926950000001,36.29866800000002],[-76.19927710000002,36.29869480000002],[-76.19926179999999,36.298745499999995],[-76.19920880000001,36.298859300000004],[-76.1991777,36.2989293],[-76.19914569999997,36.29905769999999],[-76.19905849999998,36.29924540000002],[-76.1989762,36.299374],[-76.19894690000001,36.299441100000024],[-76.1988973,36.2995229],[-76.19888509999998,36.29953519999998],[-76.19881090000001,36.29965370000002],[-76.19880669999998,36.29970359999999],[-76.19882810000001,36.29977070000001],[-76.19885490000001,36.29986839999998],[-76.1988859,36.29990270000002],[-76.19912599999998,36.29999600000002],[-76.19914849999998,36.30000000000001],[-76.18776279999997,36.30000000000001],[-76.18782579999998,36.299978099999976],[-76.1878782,36.29997279999998],[-76.18794500000001,36.29996569999997],[-76.18802299999999,36.29991799999999],[-76.18801439999999,36.29988070000002],[-76.18800909999999,36.29984669999999],[-76.18803980000001,36.29983099999998],[-76.18818720000002,36.299819300000024],[-76.18830020000001,36.299831299999994],[-76.188376,36.29985019999998],[-76.18841900000001,36.29984710000002],[-76.18850029999999,36.29981220000002],[-76.18861249999998,36.29978560000001],[-76.18884839999998,36.2997512],[-76.18899770000002,36.29972720000001],[-76.18905590000003,36.299708899999985],[-76.18909409999998,36.2996771],[-76.18911539999999,36.29962069999999],[-76.18919199999999,36.29954789999999],[-76.18924609999999,36.29951349999999],[-76.18935099999999,36.29945959999998],[-76.18939390000003,36.29944649999999],[-76.18946249999999,36.29942820000002],[-76.18954730000002,36.299448900000016],[-76.18961990000003,36.29945600000002],[-76.18974309999999,36.29945789999999],[-76.18984210000002,36.29944219999999],[-76.18990179999997,36.29941359999998],[-76.18993139999998,36.299370599999975],[-76.18994930000002,36.299336900000014],[-76.18999330000003,36.299318200000016],[-76.19008880000001,36.29930039999999],[-76.19015719999999,36.299299700000006],[-76.19023929999997,36.29929420000002],[-76.19029330000001,36.29929529999998],[-76.1903398,36.29930289999999],[-76.19037150000003,36.29928100000001],[-76.19039429999998,36.299240399999974],[-76.19038840000002,36.299184500000024],[-76.1904068,36.299156100000005],[-76.19046170000001,36.299150999999995],[-76.1905276,36.29917619999998],[-76.19057429999998,36.299191199999996],[-76.19062079999998,36.29918220000002],[-76.19067489999998,36.299147800000014],[-76.19073359999999,36.299134700000025],[-76.19078130000003,36.29914359999998],[-76.19090640000002,36.2991255],[-76.19108069999999,36.299115400000005],[-76.19122879999998,36.29907350000002],[-76.19130969999998,36.29904069999998],[-76.19135740000002,36.298997299999996],[-76.19138049999998,36.298954700000024],[-76.19143229999997,36.298927400000025],[-76.1914999,36.29892360000002],[-76.19155599999999,36.29891020000002],[-76.191596,36.29887550000001],[-76.19164130000001,36.298848599999985],[-76.19175919999998,36.298818400000016],[-76.19180369999998,36.29878830000001],[-76.1918273,36.298750900000016],[-76.19184009999998,36.298690599999986],[-76.1918417,36.298628199999996],[-76.19186450000001,36.29858760000002],[-76.19189449999999,36.2985592],[-76.19193569999999,36.298542399999974],[-76.19209840000002,36.2985061],[-76.19215589999999,36.29847510000002],[-76.19218899999998,36.2984429],[-76.19224889999998,36.29835270000001],[-76.19227160000003,36.29826939999998],[-76.19229769999998,36.298258299999986],[-76.19247469999999,36.298281900000006],[-76.1925412,36.29827690000002],[-76.19259549999998,36.29824980000001],[-76.19265259999997,36.29820430000001],[-76.19272519999998,36.29813200000001],[-76.19284219999997,36.29803909999998],[-76.19297940000001,36.297957499999995],[-76.19309299999998,36.29788719999999],[-76.19315080000001,36.297828100000004],[-76.19322030000001,36.297707600000024],[-76.19324979999999,36.29762169999998],[-76.1932352,36.29753790000001],[-76.19323200000002,36.297498899999994],[-76.19325909999998,36.297481800000014],[-76.19328999999999,36.29748749999999]]]}},{"type":"Feature","properties":{},"geometry":{"type":"Polygon","coordinates":[[[-76.14114569999998,36.22500000000002],[-76.141142,36.22500100000002],[-76.14104300000002,36.22500400000001],[-76.14102179999998,36.22500000000002],[-76.14114569999998,36.22500000000002]]]}},{"type":"Feature","properties":{},"geometry":{"type":"Polygon","coordinates":[[[-76.19648510000002,36.28748039999999],[-76.19622099999998,36.28748839999997],[-76.19621899999999,36.28748839999997],[-76.1961948,36.287489100000016],[-76.19619460000001,36.287489100000016],[-76.19601010000002,36.287494200000026],[-76.19542339999998,36.28751390000002],[-76.19515799999999,36.2875396],[-76.19497960000001,36.28755860000001],[-76.19493670000003,36.28756320000002],[-76.19492889999998,36.2875348],[-76.19492580000002,36.28752350000002],[-76.19488890000002,36.287516700000026],[-76.19487809999998,36.287514699999974],[-76.1948491,36.28750150000002],[-76.19482870000002,36.287487999999996],[-76.19479740000003,36.2874673],[-76.1947414,36.28743589999999],[-76.19469320000002,36.28742190000003],[-76.19464920000001,36.28741450000001],[-76.19455679999999,36.287411899999995],[-76.1944623,36.28742369999998],[-76.194368,36.287407299999984],[-76.19422100000003,36.2873462],[-76.19415859999998,36.28731520000002],[-76.19408670000001,36.28732179999997],[-76.19397650000002,36.287291400000015],[-76.1939337,36.287275799999975],[-76.1938432,36.28720019999997],[-76.19383490000001,36.28719330000001],[-76.19373230000002,36.28713749999997],[-76.19363779999998,36.28708769999997],[-76.1935899,36.287076300000024],[-76.193446,36.28704210000001],[-76.193352,36.28699760000001],[-76.19316509999999,36.286971300000005],[-76.19301100000001,36.286965599999974],[-76.1929356,36.286962800000026],[-76.19279319999998,36.28698459999998],[-76.19272660000001,36.28703460000003],[-76.19258180000003,36.286985200000004],[-76.1922217,36.28692760000001],[-76.1919916,36.28690940000001],[-76.19185220000003,36.28689830000002],[-76.1917019,36.28685009999998],[-76.19156420000002,36.28680589999999],[-76.1911207,36.286787000000004],[-76.19099929999999,36.286781899999994],[-76.1909511,36.2867971],[-76.1909483,36.286797999999976],[-76.19094389999998,36.286799299999984],[-76.19089530000002,36.28681469999998],[-76.19083169999999,36.286847799999975],[-76.1908158,36.286856],[-76.19080730000002,36.28686219999997],[-76.19077140000002,36.28688820000002],[-76.19072929999999,36.2869187],[-76.19068229999999,36.28719480000001],[-76.19061440000002,36.287262399999975],[-76.19024719999999,36.28744619999998],[-76.19021520000001,36.28745989999999],[-76.19012199999997,36.2874999],[-76.18995860000001,36.28750710000003],[-76.18987069999997,36.28749499999998],[-76.18984599999999,36.28749160000001],[-76.18975899999998,36.28747959999998],[-76.1897442,36.28747229999999],[-76.18960770000001,36.28740499999998],[-76.18957749999998,36.28739009999998],[-76.18947229999998,36.287272599999994],[-76.18935829999998,36.287127],[-76.189345,36.287105],[-76.18930289999997,36.28703589999998],[-76.18925030000003,36.28694969999998],[-76.18919979999998,36.28679349999999],[-76.18919210000001,36.28673930000002],[-76.18919269999998,36.28668920000001],[-76.1891971,36.28664789999999],[-76.18921590000002,36.28660500000001],[-76.18927830000001,36.286533399999996],[-76.18930319999998,36.28651630000002],[-76.18933379999999,36.286502900000016],[-76.18935950000002,36.28649630000001],[-76.18961330000002,36.286476600000015],[-76.1896605,36.286473],[-76.18970739999997,36.28645510000001],[-76.18972489999999,36.286435100000006],[-76.1897123,36.28633009999999],[-76.1897055,36.28627399999999],[-76.18966690000002,36.286203899999975],[-76.18965709999998,36.28616199999999],[-76.18966649999999,36.286113899999975],[-76.18966569999998,36.286064599999975],[-76.1896519,36.28601609999998],[-76.1896099,36.285927800000024],[-76.18940989999999,36.28594650000002],[-76.18937369999998,36.28594989999999],[-76.18942120000003,36.2857899],[-76.18945710000003,36.285794099999976],[-76.18971260000001,36.28582410000001],[-76.18976379999998,36.28584219999999],[-76.19004869999998,36.2855065],[-76.1901403,36.28553299999999],[-76.19018299999999,36.28554539999999],[-76.19019370000001,36.28552730000001],[-76.19021370000002,36.285493299999985],[-76.19025110000001,36.28546290000003],[-76.19027390000002,36.28542620000002],[-76.19029180000001,36.2853973],[-76.19021570000001,36.28535210000001],[-76.19018369999998,36.285333200000025],[-76.19040289999998,36.28500489999999],[-76.19054569999997,36.2848156],[-76.1906257,36.28476269999999],[-76.19065440000003,36.28478630000001],[-76.19074599999999,36.28486170000002],[-76.19084500000002,36.28479520000002],[-76.1907663,36.28469489999998],[-76.19075350000003,36.284678499999984],[-76.19086800000002,36.28460430000001],[-76.19090829999999,36.284579399999984],[-76.1910651,36.284499400000016],[-76.19112610000002,36.28448209999999],[-76.19115649999998,36.28448279999998],[-76.19119460000002,36.28447419999998],[-76.19125730000002,36.28445499999998],[-76.1913925,36.28438799999998],[-76.19160950000003,36.284318799999994],[-76.19169440000002,36.2842584],[-76.1917631,36.28420319999998],[-76.19180460000001,36.28414570000001],[-76.1918253,36.28411699999998],[-76.19184680000001,36.284043],[-76.19186869999999,36.2839429],[-76.19188150000002,36.283828200000016],[-76.19189019999999,36.28369950000001],[-76.1919064,36.283426299999974],[-76.19190179999998,36.28335440000001],[-76.19190509999999,36.28331179999998],[-76.19192040000001,36.28328210000001],[-76.1919522,36.28323130000001],[-76.1919762,36.283164899999974],[-76.19198360000001,36.283097699999985],[-76.19198260000002,36.28305790000002],[-76.19195830000001,36.28301019999998],[-76.1919322,36.28296549999999],[-76.19192600000002,36.28291780000001],[-76.19192770000001,36.282861500000024],[-76.1919307,36.282836599999996],[-76.19194049999999,36.2827542],[-76.19197459999998,36.28252259999999],[-76.19198610000001,36.282444399999974],[-76.1919699,36.2824129],[-76.191915,36.28230589999998],[-76.19191840000002,36.282239300000015],[-76.19203140000002,36.281851200000006],[-76.19230879999998,36.281359899999984],[-76.19236860000001,36.28123479999999],[-76.19242179999998,36.28110989999999],[-76.19245080000002,36.28102940000002],[-76.19246190000001,36.280985799999996],[-76.19246240000001,36.28098360000001],[-76.19244550000002,36.28095350000001],[-76.19240860000002,36.28091920000003],[-76.19236289999998,36.280899499999975],[-76.19231930000001,36.2808895],[-76.1922859,36.28091189999998],[-76.19225610000001,36.280943200000024],[-76.19223219999998,36.280976599999974],[-76.1921716,36.28106150000002],[-76.19217049999997,36.28106580000002],[-76.19216519999998,36.28108559999998],[-76.1921471,36.28115389999999],[-76.19214369999997,36.281162800000004],[-76.19201500000003,36.2815023],[-76.19199750000001,36.28155529999998],[-76.19191260000002,36.281812],[-76.191866,36.281887299999994],[-76.19185090000002,36.28191170000002],[-76.1918235,36.2819829],[-76.1917886,36.2824425],[-76.19176920000001,36.28269770000003],[-76.19174620000001,36.282752500000015],[-76.19165800000002,36.282962999999995],[-76.19165070000003,36.28298059999997],[-76.19164339999998,36.28301640000001],[-76.19165880000003,36.28304739999999],[-76.19173940000002,36.283067700000004],[-76.19174149999998,36.283089399999994],[-76.19174950000001,36.28317149999998],[-76.19175130000002,36.283189300000004],[-76.19174229999999,36.28333470000001],[-76.19171130000001,36.28357510000001],[-76.19171130000001,36.28357519999997],[-76.19170359999998,36.283634800000016],[-76.19160019999998,36.284120099999996],[-76.19143980000001,36.28424469999999],[-76.19136930000002,36.28427679999999],[-76.19109429999997,36.28440219999999],[-76.19104320000002,36.2843987],[-76.19072,36.284531500000014],[-76.1906874,36.2845332],[-76.1906722,36.284526200000016],[-76.19063949999997,36.284511099999975],[-76.19061440000002,36.28449899999998],[-76.19058030000002,36.28448689999999],[-76.1905539,36.28449019999999],[-76.19051459999997,36.28450889999999],[-76.1904634,36.28458280000001],[-76.19045169999998,36.28460660000002],[-76.19045449999999,36.284643500000016],[-76.19047690000002,36.284679400000016],[-76.19024250000001,36.28500600000001],[-76.19018949999997,36.285022200000014],[-76.19008589999999,36.28497729999998],[-76.1900225,36.285055],[-76.1899717,36.2851268],[-76.19003020000002,36.2851551],[-76.19009240000003,36.28518509999998],[-76.19008179999997,36.2851996],[-76.18991269999998,36.285432000000014],[-76.1896792,36.28568439999998],[-76.18941960000001,36.285618399999976],[-76.18937820000002,36.28560779999998],[-76.18926670000002,36.28557940000002],[-76.18940880000002,36.28534830000001],[-76.18946879999999,36.28507969999998],[-76.1895298,36.28487030000002],[-76.1895394,36.28480739999998],[-76.18953970000001,36.28474449999999],[-76.1895394,36.28473980000001],[-76.18953199999999,36.284626],[-76.18952890000003,36.28460230000002],[-76.1895288,36.284386900000015],[-76.18953390000001,36.284334100000024],[-76.18954509999998,36.2839975],[-76.18953679999998,36.2837854],[-76.18950510000002,36.283563800000024],[-76.18949559999999,36.283498099999974],[-76.18949220000002,36.28347409999998],[-76.18943569999999,36.2834757],[-76.18941690000003,36.28347630000002],[-76.18939569999998,36.28344529999998],[-76.18936280000003,36.2833971],[-76.18933190000001,36.283351900000014],[-76.18924399999997,36.28318669999999],[-76.18921999999998,36.28314160000002],[-76.18920129999998,36.28310640000001],[-76.18924929999997,36.28291300000001],[-76.18934760000002,36.28264250000001],[-76.18934719999999,36.28250650000001],[-76.18934159999998,36.282355300000006],[-76.1892358,36.28208540000003],[-76.18912560000001,36.281792300000006],[-76.18911430000003,36.28176239999999],[-76.1889984,36.28146659999999],[-76.18899219999997,36.281451000000004],[-76.18886199999997,36.28111869999998],[-76.18864910000002,36.280594399999984],[-76.18857450000002,36.280392000000006],[-76.1886126,36.28038049999998],[-76.18871469999999,36.28034960000002],[-76.18876119999999,36.28044990000001],[-76.18909109999998,36.28036279999998],[-76.18900100000002,36.28008299999999],[-76.18899570000002,36.28006670000002],[-76.18886329999998,36.280099500000006],[-76.18872040000002,36.280219199999976],[-76.18861299999998,36.28030910000001],[-76.18859850000001,36.28031290000001],[-76.18855530000002,36.28032409999997],[-76.18848379999997,36.28017879999999],[-76.18831999999998,36.27988540000001],[-76.18829410000001,36.27983899999998],[-76.18826810000002,36.27979429999999],[-76.18809959999999,36.27965130000001],[-76.18778150000003,36.27931269999999],[-76.1877786,36.279309599999976],[-76.1877781,36.279308000000015],[-76.18776250000002,36.27925140000002],[-76.18771220000002,36.27912029999999],[-76.18759690000002,36.278760499999976],[-76.18788869999997,36.27863050000002],[-76.18803359999998,36.2785523],[-76.1881545,36.2784704],[-76.1882008,36.27842529999998],[-76.18818349999998,36.27839],[-76.18814600000002,36.27835970000001],[-76.1880706,36.278347199999985],[-76.18799250000001,36.278358500000024],[-76.18789579999998,36.27839599999999],[-76.1878294,36.27842939999999],[-76.18776209999999,36.27847639999999],[-76.18769989999998,36.27852389999998],[-76.18760600000002,36.27854500000001],[-76.18752899999998,36.27855740000001],[-76.18746700000003,36.27854960000002],[-76.18742259999999,36.2785217],[-76.1873759,36.27846950000003],[-76.18726320000002,36.2783326],[-76.18726299999997,36.27833220000002],[-76.1872214,36.27826240000002],[-76.1872199,36.27825990000002],[-76.18717889999999,36.27819310000001],[-76.18714690000002,36.278141000000005],[-76.18702100000002,36.27802150000002],[-76.18695969999999,36.2779635],[-76.18690800000002,36.27793270000001],[-76.18684339999999,36.2779099],[-76.18678940000001,36.27790090000002],[-76.18673419999999,36.277883299999985],[-76.18670589999999,36.27786550000002],[-76.18667340000002,36.2778452],[-76.18661909999997,36.277799500000015],[-76.1865434,36.2777117],[-76.1865363,36.27770140000001],[-76.18646760000001,36.27760189999998],[-76.18643379999997,36.27754909999999],[-76.18640069999998,36.277563999999984],[-76.18638909999999,36.277569200000016],[-76.18630860000002,36.27741809999998],[-76.18626769999997,36.277331000000004],[-76.18594819999998,36.2770994],[-76.18544509999998,36.276676899999984],[-76.18534770000002,36.276594999999986],[-76.18513089999999,36.27647239999999],[-76.18465680000003,36.276204199999995],[-76.18423200000001,36.27600810000001],[-76.18420980000002,36.27599780000003],[-76.184167,36.27598369999998],[-76.18400980000001,36.2759317],[-76.1838123,36.27586630000002],[-76.18341029999999,36.27593189999999],[-76.18339889999999,36.27593539999998],[-76.18333589999997,36.27595500000001],[-76.1829995,36.27599559999999],[-76.1829995,36.27597900000001],[-76.18300010000002,36.27587749999998],[-76.18304799999999,36.275876900000014],[-76.18308239999999,36.27587249999999],[-76.18337639999999,36.275834499999974],[-76.1834465,36.275823100000025],[-76.18347349999999,36.275818800000025],[-76.18354340000002,36.27580160000002],[-76.18366049999997,36.275756],[-76.18371350000001,36.275731500000006],[-76.18376360000002,36.275708399999985],[-76.18383699999998,36.275673299999994],[-76.1839746,36.275601800000004],[-76.18407880000001,36.27555469999999],[-76.18409810000003,36.275550399999986],[-76.1841316,36.27555180000002],[-76.1841516,36.27555469999999],[-76.18416380000002,36.27557180000002],[-76.18418050000002,36.275599899999975],[-76.18418150000002,36.27561709999998],[-76.18416719999999,36.275655099999994],[-76.18416439999999,36.27567320000003],[-76.18416910000002,36.27569510000001],[-76.1841872,36.27571219999999],[-76.1842426,36.27573890000002],[-76.18430210000002,36.275748599999986],[-76.18436129999998,36.275740799999994],[-76.1843786,36.27572889999999],[-76.18439089999998,36.27570370000001],[-76.18439560000002,36.27568459999998],[-76.18439360000002,36.27565290000001],[-76.18438479999998,36.2756344],[-76.18431980000003,36.27556750000002],[-76.18413279999999,36.27539159999998],[-76.18398450000001,36.275260100000025],[-76.1838275,36.275134200000025],[-76.1838191,36.275129100000015],[-76.18376,36.27509379999998],[-76.1837066,36.2750618],[-76.18355889999998,36.27500470000001],[-76.18330070000002,36.27492640000003],[-76.1830895,36.2748704],[-76.18301980000001,36.27482709999998],[-76.18299969999998,36.27479690000001],[-76.18297740000003,36.274738300000024],[-76.1829462,36.27471329999997],[-76.1825652,36.27468900000002],[-76.18253709999999,36.27468779999998],[-76.18248829999999,36.27468570000002],[-76.18246690000001,36.274647000000016],[-76.18250239999998,36.2745554],[-76.18252910000001,36.27454019999999],[-76.18261419999999,36.274497199999985],[-76.1826198,36.274494600000025],[-76.18279339999998,36.27441110000001],[-76.18288430000001,36.274381300000016],[-76.18304499999999,36.27435919999999],[-76.18326250000001,36.27434579999999],[-76.18344280000002,36.27432249999998],[-76.1835451,36.2742854],[-76.18359229999999,36.27426250000002],[-76.1836313,36.27424359999998],[-76.1837352,36.27421290000001],[-76.18401510000001,36.27416160000001],[-76.18429630000003,36.2741188],[-76.18458879999997,36.27405199999998],[-76.18470819999999,36.27403020000003],[-76.1849014,36.273963700000024],[-76.18497609999997,36.27393799999999],[-76.18525519999997,36.27383129999998],[-76.18527740000002,36.273821],[-76.1853951,36.2737664],[-76.1854717,36.27371950000003],[-76.18559950000002,36.273571000000004],[-76.18569100000002,36.273449200000016],[-76.18580400000002,36.273339899999996],[-76.18587989999997,36.27325430000002],[-76.185949,36.2731617],[-76.1860264,36.27310130000001],[-76.1861424,36.27302209999999],[-76.18635219999999,36.27287890000002],[-76.1864908,36.272774500000025],[-76.18660920000002,36.27268529999998],[-76.18669469999998,36.272630900000024],[-76.18675200000001,36.27259959999998],[-76.1868589,36.27254119999998],[-76.1870381,36.27242899999999],[-76.18710520000002,36.272377000000006],[-76.18715120000002,36.272336499999994],[-76.18723269999998,36.27224719999998],[-76.18725769999998,36.27221270000001],[-76.18743699999999,36.27202940000001],[-76.18784640000001,36.27174819999999],[-76.18827270000003,36.27152719999998],[-76.18874790000001,36.27109780000001],[-76.1887835,36.271065599999986],[-76.18879120000003,36.27106120000002],[-76.1892636,36.27079459999999],[-76.18930019999999,36.270773899999995],[-76.18943380000002,36.27075120000001],[-76.18975160000002,36.27069740000002],[-76.19019800000001,36.2704971],[-76.1906538,36.27010230000002],[-76.1907966,36.26997399999999],[-76.1909776,36.269797100000005],[-76.19119840000002,36.26952510000001],[-76.19123159999998,36.26948420000002],[-76.19129290000001,36.26946809999998],[-76.19149729999998,36.26941449999998],[-76.19164510000002,36.26937579999998],[-76.19189560000001,36.2693716],[-76.1919977,36.26938280000002],[-76.19213710000002,36.26939659999999],[-76.1923582,36.26941599999998],[-76.19240769999999,36.2694204],[-76.19242789999998,36.2694214],[-76.19272649999999,36.2694376],[-76.19319109999998,36.2694199],[-76.1934751,36.26929689999997],[-76.19371489999997,36.26917589999999],[-76.19392299999998,36.269086300000026],[-76.1944689,36.269016799999974],[-76.19488439999998,36.2689489],[-76.19491060000001,36.2689446],[-76.19499009999998,36.26890300000002],[-76.1952071,36.2687894],[-76.19522260000002,36.26878629999999],[-76.19550459999999,36.268730000000005],[-76.19559140000001,36.26871269999998],[-76.19594210000002,36.26865359999999],[-76.1961948,36.2685467],[-76.19640750000002,36.26845229999998],[-76.19664239999997,36.268478200000004],[-76.19707790000001,36.2686822],[-76.19709510000001,36.2686903],[-76.19723320000003,36.268700799999976],[-76.19723340000002,36.268700799999976],[-76.19740439999998,36.26871390000002],[-76.1978656,36.26876370000002],[-76.19803150000001,36.26878499999998],[-76.19817840000002,36.268751099999974],[-76.19826080000001,36.2687267],[-76.19829190000002,36.26871319999998],[-76.19836140000001,36.268683099999976],[-76.19839159999998,36.268662000000006],[-76.198395,36.26862990000001],[-76.19835660000001,36.268602199999975],[-76.19831249999999,36.26859480000002],[-76.19821919999998,36.2686056],[-76.19816759999998,36.26862360000001],[-76.19813119999998,36.26863370000001],[-76.19808640000002,36.26863980000002],[-76.19772599999999,36.268598699999984],[-76.19734110000002,36.268539499999974],[-76.1971335,36.2685037],[-76.19705420000003,36.268481399999985],[-76.19698620000003,36.26845179999998],[-76.196911,36.26841949999999],[-76.19681309999999,36.26836609999998],[-76.19669629999999,36.26832660000002],[-76.19656839999999,36.268292299999985],[-76.19644699999998,36.268293099999994],[-76.19635870000002,36.2683232],[-76.19627930000001,36.26836250000002],[-76.19615040000002,36.268431599999985],[-76.19604529999998,36.26847049999998],[-76.19589309999998,36.268513299999995],[-76.19561149999998,36.26856750000002],[-76.19548270000001,36.268574899999976],[-76.19537350000002,36.268571699999995],[-76.19527490000002,36.26857469999999],[-76.19517139999999,36.268593899999985],[-76.19510430000003,36.26862920000002],[-76.19495030000002,36.2687105],[-76.19478040000001,36.26877760000002],[-76.1947452,36.268788099999995],[-76.19463189999999,36.26882180000001],[-76.19448699999998,36.26885060000001],[-76.1941491,36.26887290000002],[-76.19411430000002,36.268875200000025],[-76.19407690000003,36.26887900000003],[-76.19397800000002,36.268889100000024],[-76.19392090000002,36.26888259999998],[-76.19391439999998,36.26887900000003],[-76.19387669999998,36.2688584],[-76.19385410000001,36.268827999999985],[-76.1938556,36.26876549999997],[-76.19387130000001,36.268693799999994],[-76.19397120000002,36.268471499999976],[-76.19403490000002,36.268267700000024],[-76.19404700000001,36.268229099999985],[-76.19410049999999,36.26804199999998],[-76.19417390000001,36.26788499999998],[-76.1942626,36.26773889999998],[-76.19434159999997,36.26751869999998],[-76.19434530000001,36.267509700000005],[-76.19436769999999,36.26745540000002],[-76.1943961,36.26730659999998],[-76.194389,36.267171099999985],[-76.19439999999997,36.26698299999998],[-76.19442220000002,36.26691099999999],[-76.1944638,36.26685650000002],[-76.19450590000002,36.26680729999998],[-76.19450330000001,36.2667548],[-76.19447509999998,36.26671859999999],[-76.19443209999997,36.26666949999998],[-76.19438150000002,36.266600900000014],[-76.19434009999998,36.266531999999984],[-76.19422300000002,36.26613609999998],[-76.19413680000002,36.26581950000002],[-76.19413589999999,36.265808400000026],[-76.19413129999998,36.265752099999986],[-76.19414719999997,36.26568780000002],[-76.19416100000001,36.26566020000001],[-76.1941966,36.2655891],[-76.19421699999998,36.26550329999998],[-76.1942029,36.26541520000001],[-76.19418380000002,36.265343299999984],[-76.1941463,36.26527390000001],[-76.19409159999998,36.2651985],[-76.19402459999998,36.26511049999999],[-76.19399470000002,36.265041800000006],[-76.1939946,36.26499899999999],[-76.19400680000001,36.26491650000003],[-76.19387110000002,36.26484770000002],[-76.19389130000002,36.26471909999998],[-76.19381499999997,36.26471170000002],[-76.19380319999999,36.26483200000001],[-76.19380210000003,36.26484310000001],[-76.1937241,36.264881600000024],[-76.193716,36.264899300000025],[-76.19369169999999,36.264952600000015],[-76.19373710000002,36.2650208],[-76.19379099999998,36.2650587],[-76.19380960000001,36.26507170000002],[-76.19386680000002,36.26512109999999],[-76.19392149999999,36.26519639999998],[-76.19397140000001,36.2653047],[-76.19399800000002,36.26541279999998],[-76.19399920000001,36.26549240000003],[-76.1939997,36.26557600000001],[-76.19396590000002,36.26570029999999],[-76.19394449999999,36.2658017],[-76.1939615,36.265914099999975],[-76.19399959999998,36.2660578],[-76.19407030000002,36.26626110000001],[-76.1942381,36.266811399999995],[-76.1942474,36.266896900000006],[-76.19420609999997,36.26731719999998],[-76.1942019,36.267388900000014],[-76.19418089999999,36.26742660000002],[-76.1941218,36.267477299999996],[-76.19410440000001,36.26750989999999],[-76.1940932,36.26753100000002],[-76.19408570000002,36.2675701],[-76.19407619999998,36.267620299999976],[-76.19370950000001,36.268600400000025],[-76.1936819,36.26867420000002],[-76.19365470000002,36.268753100000026],[-76.19363600000003,36.268809799999985],[-76.19357530000002,36.26888020000001],[-76.19350700000001,36.268923700000016],[-76.19344949999999,36.26895480000002],[-76.1932969,36.26900899999998],[-76.19309520000002,36.26905529999999],[-76.19296689999999,36.26909410000002],[-76.19289759999998,36.26911769999998],[-76.19284040000002,36.269120499999985],[-76.19197229999997,36.26903859999999],[-76.19174429999998,36.26902689999997],[-76.19116860000003,36.26914160000001],[-76.19116960000002,36.2690121],[-76.19117649999998,36.26897409999998],[-76.19118709999998,36.26891139999998],[-76.19119419999998,36.268891499999995],[-76.19121130000002,36.26884369999999],[-76.19124049999999,36.26878590000001],[-76.19142140000002,36.2685568],[-76.19149870000001,36.26844410000001],[-76.19157150000001,36.26832669999999],[-76.191642,36.268197499999985],[-76.1916759,36.26813520000002],[-76.19174509999999,36.26798880000001],[-76.19175289999998,36.2679723],[-76.19177969999998,36.26789609999997],[-76.19178169999998,36.2678904],[-76.1917977,36.26780000000002],[-76.19179630000002,36.267780000000016],[-76.19179329999997,36.26773370000001],[-76.19174880000003,36.267519400000026],[-76.19174779999997,36.26748300000003],[-76.19174570000001,36.26739989999999],[-76.19174579999998,36.267398800000024],[-76.19174909999998,36.26732500000003],[-76.19177009999999,36.26726120000001],[-76.1917952,36.267213500000025],[-76.19184180000002,36.2671689],[-76.1918751,36.26711769999997],[-76.19188100000002,36.267091300000004],[-76.1918829,36.267083000000014],[-76.19188100000002,36.26707950000002],[-76.19185950000002,36.267039899999986],[-76.19181759999998,36.26700360000001],[-76.19181600000002,36.2670023],[-76.19177450000001,36.266995099999974],[-76.191712,36.26701630000002],[-76.19166760000002,36.26704640000003],[-76.19163120000002,36.26709199999999],[-76.19160870000002,36.26715669999999],[-76.19160579999999,36.26721229999998],[-76.19160099999999,36.2673054],[-76.1915808,36.26761699999997],[-76.19157999999999,36.267652399999974],[-76.19157339999998,36.26797269999997],[-76.1914347,36.26822149999998],[-76.19141960000002,36.26823869999998],[-76.1912984,36.26837560000001],[-76.19126269999998,36.268409399999996],[-76.19119640000002,36.268472299999985],[-76.19115829999998,36.26853319999998],[-76.19106599999998,36.268681000000015],[-76.190921,36.26891280000001],[-76.19095240000001,36.268945099999996],[-76.19096139999999,36.268992200000014],[-76.19096259999998,36.26899830000002],[-76.19096029999997,36.269083799999976],[-76.19094360000003,36.26917099999997],[-76.19090979999999,36.26923360000001],[-76.19088829999998,36.26926479999997],[-76.19085719999998,36.26931000000002],[-76.1907678,36.26939119999997],[-76.190628,36.26952499999999],[-76.19052950000003,36.26964190000001],[-76.1904773,36.26970690000002],[-76.19041320000002,36.26977390000002],[-76.19038310000002,36.26981169999999],[-76.18993010000003,36.27020470000002],[-76.18970510000003,36.270295799999985],[-76.18905619999998,36.27038970000001],[-76.188874,36.2704703],[-76.18878219999999,36.2705325],[-76.18863820000001,36.270633499999974],[-76.18857969999999,36.27064280000002],[-76.18856849999997,36.270644600000026],[-76.18853280000002,36.270655999999974],[-76.18843650000002,36.27071059999997],[-76.18830830000002,36.27081370000002],[-76.1881773,36.27092329999999],[-76.18802829999998,36.271066700000006],[-76.18800099999999,36.271094300000016],[-76.18793679999999,36.27118840000003],[-76.18784740000001,36.271247500000015],[-76.18723030000001,36.271655099999975],[-76.18714890000001,36.27173019999998],[-76.1871021,36.271767899999986],[-76.1870505,36.27179760000001],[-76.18699620000001,36.27181619999999],[-76.18688680000002,36.27191859999999],[-76.18680490000003,36.27196529999998],[-76.18672620000001,36.272017300000016],[-76.18663989999999,36.27209640000001],[-76.18656920000001,36.2721732],[-76.18571800000001,36.2727544],[-76.185656,36.272831],[-76.18552870000002,36.272988399999974],[-76.18549380000002,36.273031600000024],[-76.18545599999999,36.273094800000024],[-76.1852419,36.27333010000001],[-76.18522139999999,36.273348699999985],[-76.1852002,36.27336789999998],[-76.18515860000002,36.27339619999998],[-76.18513250000001,36.273407599999985],[-76.18508409999998,36.27342870000001],[-76.1850076,36.27345680000002],[-76.1845285,36.27365709999998],[-76.18446979999999,36.2736817],[-76.18442470000002,36.27368680000001],[-76.18425580000002,36.27370589999998],[-76.18423840000003,36.27370350000001],[-76.1841933,36.27369729999998],[-76.18404290000001,36.273702800000024],[-76.1839622,36.27371929999998],[-76.1838234,36.273749699999996],[-76.1836495,36.27379139999999],[-76.18353230000002,36.27382499999999],[-76.18289850000002,36.27393919999997],[-76.1828956,36.273939799999994],[-76.1827563,36.273969299999976],[-76.18274100000002,36.273974099999975],[-76.1825872,36.27401259999999],[-76.18248349999999,36.274067100000025],[-76.1824833,36.27406719999999],[-76.18221440000002,36.274236599999995],[-76.18228449999998,36.27438239999998],[-76.18232999999998,36.27456769999998],[-76.18233520000001,36.27458899999999],[-76.1823061,36.27459479999999],[-76.18220760000003,36.274614299999996],[-76.1820356,36.27487869999999],[-76.18203599999998,36.2749005],[-76.18203649999998,36.27492480000001],[-76.18222200000002,36.27509199999997],[-76.18237199999999,36.27522720000002],[-76.18253650000003,36.27537560000002],[-76.18263130000003,36.27552059999999],[-76.18264340000002,36.27554839999999],[-76.18268389999997,36.275641399999984],[-76.18277389999997,36.275847999999996],[-76.18277990000001,36.275980300000015],[-76.18278270000002,36.276042099999984],[-76.1827624,36.27608300000003],[-76.18271290000001,36.276142400000026],[-76.18261969999998,36.27625419999998],[-76.18261080000002,36.276254300000005],[-76.18260029999999,36.27625440000003],[-76.18248269999998,36.27625549999999],[-76.18210420000003,36.2761175],[-76.18190040000002,36.275933699999996],[-76.18166070000001,36.275591599999984],[-76.1816435,36.27556709999999],[-76.18165110000001,36.27548780000001],[-76.18166430000002,36.275382200000024],[-76.18158729999999,36.27497740000001],[-76.18151119999999,36.2748373],[-76.18147370000003,36.274585],[-76.1814774,36.2744879],[-76.18143789999999,36.27421570000001],[-76.18139409999998,36.27410170000002],[-76.181375,36.27405599999997],[-76.18134179999998,36.27386990000002],[-76.1812941,36.2736165],[-76.18126460000002,36.27348410000002],[-76.18124610000001,36.2731991],[-76.1812296,36.27316029999997],[-76.1811889,36.27306470000002],[-76.18117230000001,36.27302580000003],[-76.18116370000001,36.27292619999997],[-76.18115490000002,36.27289450000001],[-76.18111900000002,36.27282220000001],[-76.18105639999999,36.27273550000001],[-76.181059,36.27270770000001],[-76.18106230000001,36.27267130000001],[-76.18110669999999,36.2725878],[-76.18115490000002,36.27252349999998],[-76.18130280000003,36.272395700000004],[-76.18154629999998,36.27217159999998],[-76.18168730000002,36.272034700000006],[-76.18173619999999,36.27198729999998],[-76.18173280000002,36.27195769999997],[-76.18171819999998,36.27194270000001],[-76.18169460000001,36.271927800000014],[-76.1816604,36.271923500000014],[-76.18159539999999,36.27194429999997],[-76.18153510000002,36.27196780000003],[-76.18144239999998,36.27203609999998],[-76.18137300000001,36.272095200000024],[-76.18131039999997,36.27215210000003],[-76.18128359999997,36.2721765],[-76.18125270000002,36.27221109999999],[-76.18121100000002,36.27225010000001],[-76.18120920000001,36.27225179999999],[-76.18116700000002,36.272284300000024],[-76.1811351,36.272298999999975],[-76.18110050000001,36.27230609999998],[-76.1810663,36.272301700000014],[-76.18102329999999,36.272278700000015],[-76.18090840000002,36.272191299999974],[-76.18070039999998,36.272026900000014],[-76.18039379999999,36.271787200000006],[-76.18020000000001,36.271639900000025],[-76.18007369999998,36.27154300000001],[-76.17992930000003,36.27143699999999],[-76.17977689999998,36.271341800000016],[-76.17965479999998,36.271268299999974],[-76.17956609999999,36.27122209999999],[-76.17947149999998,36.27118150000001],[-76.17940099999998,36.271158000000014],[-76.1793657,36.271146199999976],[-76.17930239999998,36.2711271],[-76.17919269999999,36.27109389999998],[-76.17912710000002,36.271066700000006],[-76.17907200000002,36.271028899999976],[-76.17900500000002,36.270971299999985],[-76.17900209999999,36.27096879999999],[-76.17896669999999,36.27092049999999],[-76.17896619999999,36.27088909999998],[-76.178968,36.27084400000001],[-76.1789551,36.270814599999994],[-76.17891429999997,36.270780100000025],[-76.178812,36.27074449999998],[-76.17868420000002,36.270710199999996],[-76.1785544,36.270697600000005],[-76.17846300000002,36.27069610000001],[-76.1783787,36.270716100000016],[-76.1783145,36.27074019999998],[-76.17828600000001,36.27075839999998],[-76.17821789999999,36.270826],[-76.17820649999999,36.27084400000001],[-76.1781742,36.27089489999997],[-76.17812980000002,36.2709418],[-76.1780895,36.27098239999998],[-76.17808430000002,36.27098760000001],[-76.1780445,36.27102789999998],[-76.17802540000002,36.271047399999986],[-76.1779712,36.271085400000004],[-76.1779242,36.271106799999984],[-76.17789749999997,36.27111159999998],[-76.17788139999999,36.2711104],[-76.17787070000003,36.27109969999998],[-76.17786589999997,36.27107649999999],[-76.17786849999999,36.2710644],[-76.17787859999999,36.27104539999999],[-76.17789210000001,36.271031300000004],[-76.17794379999998,36.2710007],[-76.17795690000003,36.270992999999976],[-76.17799960000002,36.27096210000002],[-76.17805349999998,36.270908299999974],[-76.17806999999999,36.27088459999999],[-76.1780761,36.27086409999998],[-76.17807590000001,36.27084359999998],[-76.17807019999998,36.27083440000001],[-76.1780473,36.270815500000026],[-76.1780099,36.27078449999999],[-76.17794140000001,36.270727799999975],[-76.17795940000002,36.2706733],[-76.1779927,36.270572200000004],[-76.17799960000002,36.270538999999985],[-76.17800210000001,36.270522099999994],[-76.17800249999999,36.2705153],[-76.1780061,36.27049060000002],[-76.1779502,36.270475799999986],[-76.17789859999999,36.27045820000001],[-76.177886,36.270473700000025],[-76.17786369999999,36.27049840000001],[-76.17784080000001,36.270534],[-76.17776020000002,36.27071840000002],[-76.17775039999998,36.27074090000002],[-76.1777108,36.27078289999997],[-76.17768009999998,36.270845699999995],[-76.17764649999998,36.270919400000025],[-76.17762870000001,36.270958500000006],[-76.17761300000001,36.27097850000001],[-76.1775973,36.270986300000004],[-76.1775816,36.27098699999999],[-76.1775687,36.270979899999986],[-76.17756020000002,36.27096990000001],[-76.1775538,36.270954200000006],[-76.17755449999999,36.270937100000026],[-76.17757599999999,36.2708882],[-76.17762870000001,36.2707686],[-76.17764160000002,36.270734300000015],[-76.17765809999997,36.27069510000001],[-76.17766669999997,36.270600100000024],[-76.17767129999999,36.27050750000001],[-76.17767220000002,36.27047829999998],[-76.17767479999998,36.270387700000015],[-76.17767300000003,36.27032170000001],[-76.177686,36.27025600000002],[-76.17769329999999,36.27021910000002],[-76.17770200000001,36.27019489999998],[-76.1777285,36.27017799999999],[-76.17773190000003,36.27017590000003],[-76.17775519999998,36.27016659999998],[-76.17780149999999,36.27007179999998],[-76.17777749999999,36.2700423],[-76.17773720000002,36.26997469999998],[-76.1775801,36.26972740000002],[-76.17747459999998,36.26956660000002],[-76.17745580000002,36.2695521],[-76.17743869999998,36.26954280000001],[-76.17743239999999,36.26954169999999],[-76.1773991,36.26953559999998],[-76.1772444,36.26956389999998],[-76.17715800000002,36.26960600000001],[-76.17713409999999,36.26961],[-76.1771142,36.26960709999997],[-76.17711270000001,36.269606899999985],[-76.17707460000003,36.269593799999996],[-76.17701840000001,36.26952879999999],[-76.17697099999998,36.2694563],[-76.17691769999999,36.26938940000002],[-76.17685540000002,36.26933009999999],[-76.17676349999999,36.26924489999999],[-76.17671209999997,36.26918239999998],[-76.17660430000001,36.2690121],[-76.17657960000003,36.268970000000024],[-76.1765393,36.26892839999999],[-76.176468,36.26889540000002],[-76.1763843,36.268859099999986],[-76.17631510000001,36.268821],[-76.1761816,36.26870250000002],[-76.17611040000003,36.26863400000002],[-76.1760635,36.26857610000002],[-76.1760405,36.268530999999996],[-76.17600399999998,36.2684721],[-76.17597130000001,36.268431299999975],[-76.17590960000001,36.26835110000002],[-76.1758792,36.2683126],[-76.17564679999998,36.267990199999986],[-76.17560320000001,36.26792469999998],[-76.17560229999998,36.26792339999997],[-76.17552110000003,36.267801399999996],[-76.17543569999998,36.26764939999998],[-76.17542909999997,36.26763779999999],[-76.17541039999998,36.267589999999984],[-76.17540029999998,36.267527400000006],[-76.1754004,36.267526299999986],[-76.17540730000002,36.267427699999985],[-76.1754095,36.26741470000002],[-76.17543380000001,36.26727460000001],[-76.17543990000001,36.2672096],[-76.17544299999997,36.26717609999997],[-76.17543920000003,36.267028400000015],[-76.17544450000003,36.26699530000002],[-76.17545999999999,36.26689909999999],[-76.17547100000002,36.2668309],[-76.17547180000003,36.2668079],[-76.17547330000002,36.266771500000004],[-76.17546900000002,36.266722000000016],[-76.1754535,36.26668699999999],[-76.17542839999999,36.26665639999999],[-76.17539620000002,36.26664699999998],[-76.1753751,36.26663239999999],[-76.17537019999997,36.266625799999986],[-76.17536480000001,36.26661849999999],[-76.17528900000002,36.26652300000001],[-76.17523999999997,36.266448000000025],[-76.17523599999998,36.266358000000025],[-76.17521099999999,36.266249000000016],[-76.175138,36.26618000000002],[-76.17507599999999,36.26612699999998],[-76.175052,36.26609100000002],[-76.17499900000001,36.26597800000002],[-76.17494199999999,36.26589200000001],[-76.17485599999998,36.26579700000002],[-76.17475000000002,36.265668000000005],[-76.17466000000002,36.26557500000001],[-76.17456600000003,36.26547900000003],[-76.174484,36.26539700000001],[-76.174439,36.265333999999996],[-76.1744023,36.2652928],[-76.174374,36.26526100000001],[-76.17426,36.26512200000002],[-76.17410899999999,36.264996999999994],[-76.17389200000002,36.264805000000024],[-76.17352399999999,36.26448499999998],[-76.173405,36.264386],[-76.173205,36.26419499999997],[-76.17303700000002,36.264027999999996],[-76.17285700000002,36.263847],[-76.17277100000001,36.26379700000001],[-76.172526,36.26370800000001],[-76.17212599999999,36.263619000000006],[-76.17194999999998,36.26360199999999],[-76.171742,36.263589000000024],[-76.17132600000002,36.26354600000002],[-76.17093399999999,36.26350600000001],[-76.17071299999998,36.26350000000002],[-76.170501,36.26352300000002],[-76.17041899999998,36.26356900000002],[-76.170346,36.26365199999998],[-76.17029300000002,36.263711],[-76.17019900000003,36.26371799999998],[-76.17004400000002,36.26373000000001],[-76.16992199999999,36.26372700000002],[-76.16972600000003,36.26369699999998],[-76.16959500000002,36.26369],[-76.16954600000003,36.26367699999997],[-76.16949699999998,36.26366100000001],[-76.16943600000002,36.26366999999999],[-76.16933799999998,36.26371],[-76.169264,36.26373000000001],[-76.16919100000001,36.26373000000001],[-76.169084,36.26368000000002],[-76.16906399999999,36.26363700000002],[-76.16901899999999,36.26360399999999],[-76.16886799999997,36.26355799999999],[-76.16866399999998,36.26350500000001],[-76.16860700000001,36.26350500000001],[-76.168545,36.263509],[-76.16849200000001,36.263491999999985],[-76.16840200000001,36.263396],[-76.16833300000002,36.263352999999995],[-76.16823099999999,36.26335999999998],[-76.168072,36.26336300000003],[-76.16798999999997,36.26335],[-76.167868,36.263329999999996],[-76.16769599999998,36.263289999999984],[-76.16747099999998,36.263277000000016],[-76.16670399999998,36.26325700000001],[-76.16642200000001,36.263261],[-76.16559000000001,36.263237000000004],[-76.16495700000002,36.263214000000005],[-76.16483399999998,36.263217999999995],[-76.16481800000003,36.263243999999986],[-76.16479700000002,36.26333299999999],[-76.16377599999998,36.263307],[-76.163768,36.263165000000015],[-76.16341599999998,36.26315499999998],[-76.162735,36.26313499999998],[-76.16169500000001,36.26308899999998],[-76.16164700000002,36.263090999999974],[-76.161633,36.26363500000002],[-76.161629,36.26375100000001],[-76.16137900000001,36.26375100000001],[-76.161381,36.263735],[-76.16150900000002,36.263735999999994],[-76.16150699999997,36.26366999999999],[-76.16137099999997,36.263667999999996],[-76.16136899999998,36.26365299999998],[-76.16151500000001,36.26365299999998],[-76.161516,36.263581999999985],[-76.161384,36.26358099999999],[-76.161385,36.263559999999984],[-76.161521,36.26355899999999],[-76.16152299999999,36.26349499999998],[-76.1613845,36.263496799999984],[-76.1613787,36.263451299999986],[-76.1615046,36.26344660000001],[-76.1615764,36.26342310000001],[-76.161565,36.263192000000004],[-76.16146199999997,36.26322099999999],[-76.16113999999999,36.263300000000015],[-76.16097200000002,36.26335999999998],[-76.16080099999999,36.26339899999999],[-76.16069900000002,36.263409000000024],[-76.16062099999999,36.263405999999975],[-76.16033499999998,36.26336600000002],[-76.160237,36.26336600000002],[-76.159829,36.26343600000001],[-76.15958,36.263514999999984],[-76.15941600000002,36.26352800000001],[-76.1592,36.26359400000001],[-76.15895499999999,36.26368400000001],[-76.15865000000002,36.263801],[-76.15844600000003,36.26389999999998],[-76.15843569999998,36.2639054],[-76.158189,36.26403499999998],[-76.15802100000002,36.26413100000002],[-76.157825,36.26418699999999],[-76.15757200000002,36.26423999999997],[-76.15723700000001,36.26432299999999],[-76.15698800000001,36.26439599999998],[-76.15679999999998,36.264422000000025],[-76.15674819999998,36.26443019999999],[-76.156612,36.264452000000006],[-76.15644900000001,36.26451500000002],[-76.15629799999999,36.264553999999976],[-76.15620000000001,36.264557000000025],[-76.15602000000001,36.264538000000016],[-76.15582,36.264455],[-76.155551,36.26434899999998],[-76.15545700000001,36.264313000000016],[-76.15542399999998,36.264273],[-76.15539999999999,36.264193999999975],[-76.15538700000002,36.26412099999999],[-76.15539100000001,36.264054999999985],[-76.15541999999999,36.264031999999986],[-76.15549299999998,36.264028999999994],[-76.15566100000001,36.264028999999994],[-76.15575100000001,36.26399600000002],[-76.15578299999999,36.26396299999999],[-76.15579279999997,36.26392279999999],[-76.15580799999998,36.26386000000002],[-76.15578699999998,36.26385299999998],[-76.15571799999998,36.26385299999998],[-76.155596,36.26387299999999],[-76.15539100000001,36.263892999999996],[-76.15531199999998,36.26387599999998],[-76.155124,36.263802999999996],[-76.15502600000002,36.26378999999997],[-76.154879,36.26378],[-76.154744,36.26375100000001],[-76.15463399999999,36.263724000000025],[-76.15453600000001,36.26368100000002],[-76.15446200000002,36.263645],[-76.154356,36.26363199999997],[-76.15421700000002,36.263599],[-76.15412300000003,36.26354900000001],[-76.153976,36.26349299999998],[-76.15383600000001,36.263413000000014],[-76.15371299999998,36.26337000000001],[-76.15345200000002,36.263289999999984],[-76.15335800000003,36.263277000000016],[-76.15329200000002,36.263261],[-76.15318200000002,36.263240999999994],[-76.15310499999998,36.263214000000005],[-76.15296599999999,36.263138000000026],[-76.15288800000002,36.26306199999999],[-76.15281499999998,36.263022999999976],[-76.15260599999999,36.26296300000001],[-76.152488,36.26296000000002],[-76.15240999999997,36.26295699999997],[-76.15233699999999,36.26298300000002],[-76.15229199999999,36.263022999999976],[-76.15224699999999,36.26303899999999],[-76.15218199999998,36.26302900000002],[-76.15214500000002,36.26299599999999],[-76.15210400000001,36.26292999999998],[-76.15208000000001,36.26289400000002],[-76.15203500000001,36.262883999999985],[-76.15193699999998,36.262877],[-76.15189199999998,36.26284700000002],[-76.15187100000003,36.262834],[-76.151814,36.26282800000001],[-76.151794,36.26281399999999],[-76.15178600000002,36.26278500000001],[-76.151814,36.26240799999999],[-76.15184699999998,36.261972000000014],[-76.15185300000002,36.26178700000003],[-76.151837,36.261757999999986],[-76.151543,36.261675000000025],[-76.15132299999999,36.261450000000025],[-76.150959,36.26107000000002],[-76.15089799999998,36.261010999999996],[-76.150579,36.26083199999999],[-76.149656,36.26032300000003],[-76.149587,36.26040599999999],[-76.15031399999998,36.260819000000026],[-76.15064100000001,36.26101399999999],[-76.150759,36.261077],[-76.15088200000002,36.26117599999998],[-76.15123299999999,36.261532999999986],[-76.15113100000002,36.26163500000001],[-76.151208,36.261705000000006],[-76.151298,36.261652000000026],[-76.15132699999998,36.26164899999998],[-76.15143699999999,36.261753999999996],[-76.15135900000001,36.26183400000002],[-76.15144900000001,36.261933],[-76.15153099999998,36.26187700000003],[-76.15169800000001,36.26201500000002],[-76.15171900000001,36.262062000000014],[-76.15171900000001,36.26210500000002],[-76.151592,36.26280400000002],[-76.15128199999998,36.26269400000001],[-76.15098799999998,36.26257500000003],[-76.15094210000001,36.262550799999985],[-76.15088200000002,36.262519],[-76.15080790000002,36.262461099999996],[-76.150735,36.262404000000004],[-76.15063199999997,36.26228099999997],[-76.150555,36.26218499999999],[-76.15047700000002,36.26204000000001],[-76.15044,36.26197400000001],[-76.150396,36.26193699999999],[-76.15023200000002,36.26183800000001],[-76.15003819999998,36.26171369999997],[-76.14999499999999,36.261686],[-76.149767,36.26154700000001],[-76.149628,36.26147800000001],[-76.14944000000003,36.26138500000002],[-76.14919500000002,36.26130899999998],[-76.14898299999999,36.26125000000002],[-76.148823,36.26120700000001],[-76.14873499999999,36.26117499999998],[-76.14863889999998,36.26112019999999],[-76.14851399999998,36.261049000000014],[-76.14828069999999,36.2608874],[-76.148257,36.26087100000001],[-76.148098,36.26078100000001],[-76.14797119999997,36.26069860000001],[-76.14780400000001,36.26058999999998],[-76.14772019999998,36.260533699999996],[-76.14763900000003,36.260478999999975],[-76.14763599999998,36.26047699999998],[-76.147583,36.26046100000002],[-76.14743600000003,36.260424],[-76.14733799999999,36.26039100000003],[-76.14732199999997,36.260378],[-76.147269,36.260335],[-76.14703200000002,36.260167000000024],[-76.14676200000002,36.26002399999999],[-76.14660700000002,36.25993199999999],[-76.14645999999999,36.259839],[-76.14633800000001,36.25977999999998],[-76.14621499999998,36.259747000000004],[-76.14600789999997,36.25968949999998],[-76.14590500000003,36.259660999999994],[-76.14554500000003,36.25953500000003],[-76.14534099999997,36.259461999999985],[-76.14528000000001,36.25941899999998],[-76.14522299999999,36.25936300000001],[-76.14493399999998,36.25909300000001],[-76.14487000000003,36.259029999999996],[-76.14457099999998,36.258736],[-76.14413109999998,36.25831690000001],[-76.14401900000001,36.25821000000002],[-76.14374600000002,36.257946000000004],[-76.143664,36.257893000000024],[-76.14359100000001,36.25787600000001],[-76.14336600000001,36.25782400000003],[-76.14317799999998,36.25777799999997],[-76.14317399999999,36.257776999999976],[-76.14308799999998,36.25774100000001],[-76.14295299999998,36.25762500000002],[-76.14289600000001,36.257519],[-76.1428692,36.257495800000015],[-76.14278999999999,36.25742700000001],[-76.142627,36.25729100000001],[-76.14252900000002,36.257172000000025],[-76.142134,36.25676600000003],[-76.14202799999998,36.25663400000002],[-76.14190989999997,36.25652910000002],[-76.14181200000002,36.25644199999999],[-76.1415867,36.25623430000002],[-76.14137499999998,36.25603899999999],[-76.14110499999998,36.25577800000002],[-76.14081099999999,36.255539999999996],[-76.1405742,36.25538770000003],[-76.14051699999999,36.25535100000002],[-76.14023100000003,36.25515300000001],[-76.14017799999999,36.25510700000001],[-76.14016500000002,36.255078000000026],[-76.14016500000002,36.255022],[-76.14017460000002,36.25483300000002],[-76.14018099999998,36.254707999999994],[-76.14016500000002,36.25467099999997],[-76.14011599999998,36.25461899999999],[-76.140018,36.254433000000006],[-76.13998500000002,36.25433399999997],[-76.13994400000001,36.25429500000001],[-76.13978500000002,36.25420200000002],[-76.13972000000001,36.25416200000001],[-76.13969100000003,36.25411300000002],[-76.139634,36.254016999999976],[-76.13959999999997,36.25398799999999],[-76.13955499999997,36.25398799999999],[-76.13949400000001,36.253975000000025],[-76.13948199999999,36.25394499999999],[-76.13949000000002,36.253895],[-76.13960800000001,36.25381299999998],[-76.139588,36.253780000000006],[-76.13950999999997,36.253716999999995],[-76.13936489999998,36.253609100000006],[-76.13932299999999,36.253578000000005],[-76.13929000000002,36.25353799999999],[-76.139204,36.25330700000001],[-76.139139,36.253220999999996],[-76.1391319,36.25321509999998],[-76.13898799999998,36.25309499999997],[-76.13876099999999,36.252911900000015],[-76.138714,36.25287400000002],[-76.138641,36.25277799999998],[-76.13837699999999,36.252575999999976],[-76.13834300000002,36.252549999999985],[-76.13818149999997,36.252398400000004],[-76.13806499999998,36.25228900000002],[-76.1377862,36.252024800000015],[-76.13777900000002,36.25201800000002],[-76.13753359999998,36.251804400000026],[-76.13750900000002,36.25178299999999],[-76.137292,36.251622],[-76.13718999999998,36.251503000000014],[-76.13714800000002,36.251453000000026],[-76.13705900000002,36.25134700000001],[-76.1370523,36.25133090000003],[-76.13701800000001,36.251247999999975],[-76.13699839999998,36.25120879999997],[-76.136932,36.25107600000001],[-76.13685099999998,36.250940000000014],[-76.13681400000002,36.250878],[-76.13671599999998,36.250673000000006],[-76.13670589999998,36.250653],[-76.13667099999998,36.250584],[-76.13667500000003,36.25055099999997],[-76.13667500000003,36.25052099999999],[-76.136663,36.25048399999997],[-76.13656099999997,36.250336000000004],[-76.13642199999998,36.250166999999976],[-76.136234,36.25001200000003],[-76.13603,36.24989599999998],[-76.13597499999997,36.24985099999998],[-76.13591000000002,36.249798],[-76.13580400000001,36.24977100000001],[-76.13570600000003,36.249765000000025],[-76.135624,36.24977799999999],[-76.13556699999998,36.24980799999997],[-76.13549699999999,36.249866999999995],[-76.13544000000002,36.24990700000001],[-76.13536299999998,36.24992400000002],[-76.13530600000001,36.24991399999999],[-76.13525199999998,36.24988400000001],[-76.13523199999997,36.249841],[-76.13525700000002,36.24972500000001],[-76.13532199999997,36.24962599999998],[-76.13542000000001,36.249573],[-76.13542799999999,36.249536999999975],[-76.135424,36.24946699999998],[-76.13541199999997,36.24940800000002],[-76.135424,36.249348],[-76.13543600000003,36.24929500000002],[-76.13542000000001,36.24921599999999],[-76.13541600000002,36.249166],[-76.135424,36.249146999999994],[-76.13545299999998,36.24913700000002],[-76.135489,36.24912999999998],[-76.13554599999998,36.24911400000002],[-76.13557500000002,36.249097000000006],[-76.13566100000003,36.24907400000001],[-76.13573400000001,36.24904700000002],[-76.13579199999998,36.249010999999996],[-76.135943,36.24887899999999],[-76.13599599999998,36.24880300000001],[-76.136053,36.24866400000002],[-76.13606900000002,36.248560999999995],[-76.13606099999998,36.24850500000002],[-76.13608099999999,36.24843900000002],[-76.13613500000002,36.24838],[-76.13615499999997,36.248287000000005],[-76.136168,36.24808999999999],[-76.13622099999998,36.24789500000003],[-76.13628999999997,36.247630000000015],[-76.13633900000002,36.24746499999998],[-76.136392,36.247352999999976],[-76.13640500000002,36.24727300000001],[-76.13642499999997,36.247037999999975],[-76.13644900000003,36.246847],[-76.13645400000001,36.24673100000001],[-76.13647400000002,36.246645],[-76.13646999999997,36.24658699999998],[-76.13646599999998,36.24642799999998],[-76.13645400000001,36.24628899999999],[-76.13644599999998,36.24618700000002],[-76.136413,36.24607400000002],[-76.13633099999998,36.24587300000002],[-76.136282,36.245806000000016],[-76.13624900000002,36.24572999999998],[-76.13620500000002,36.24559099999999],[-76.13611900000001,36.24535700000001],[-76.13608690000001,36.245279100000005],[-76.13606199999998,36.245221000000015],[-76.136009,36.24516799999998],[-76.13593900000001,36.245112000000006],[-76.13586600000002,36.245082000000025],[-76.13581299999998,36.245069],[-76.13575100000003,36.24503299999998],[-76.13565299999999,36.244973000000016],[-76.13557200000002,36.24490700000001],[-76.13547399999999,36.244876999999974],[-76.13539100000003,36.24485900000002],[-76.13533000000001,36.24485900000002],[-76.135244,36.24484899999999],[-76.13518699999997,36.24483900000001],[-76.13512600000001,36.244816000000014],[-76.13508100000001,36.244816000000014],[-76.13503600000001,36.24482899999998],[-76.13496199999997,36.244888],[-76.13488100000001,36.24494099999998],[-76.13477899999998,36.24496799999997],[-76.13475399999999,36.244951000000015],[-76.13473399999998,36.24490800000001],[-76.13469700000002,36.24481900000001],[-76.13469700000002,36.24476600000003],[-76.13470899999999,36.24471599999998],[-76.13471299999998,36.24466699999999],[-76.13468499999999,36.244620999999995],[-76.134681,36.244591000000014],[-76.134681,36.244557999999984],[-76.13471299999998,36.24454100000003],[-76.13475399999999,36.244511999999986],[-76.13478300000003,36.24448799999999],[-76.13482399999998,36.244448999999975],[-76.134836,36.24438900000001],[-76.13484,36.24432999999999],[-76.13486799999998,36.24427700000001],[-76.13495799999998,36.244204000000025],[-76.13501100000002,36.244147999999996],[-76.13509299999998,36.24401599999999],[-76.135179,36.24385000000001],[-76.13524000000001,36.24379699999997],[-76.13524000000001,36.243758000000014],[-76.13523600000002,36.24370800000003],[-76.13525199999998,36.24363899999997],[-76.13529699999998,36.24359900000002],[-76.13531799999998,36.24354599999998],[-76.13531019999999,36.24346009999999],[-76.135309,36.243447],[-76.13529299999999,36.24334499999998],[-76.13524799999999,36.24315300000001],[-76.13521100000003,36.242929000000004],[-76.13517560000003,36.242757100000006],[-76.13516199999998,36.24269099999998],[-76.13513799999998,36.242372999999986],[-76.13510500000001,36.242277],[-76.134999,36.242132000000026],[-76.13491699999997,36.24202600000001],[-76.13487350000003,36.24195529999997],[-76.13485600000001,36.241926999999976],[-76.13480299999998,36.24175500000001],[-76.13478199999997,36.24162000000001],[-76.134729,36.241547000000025],[-76.13471820000001,36.24153869999998],[-76.134635,36.24147499999998],[-76.13457799999998,36.241412000000025],[-76.13454899999999,36.24133899999998],[-76.134476,36.24117100000001],[-76.13446729999998,36.241136900000015],[-76.13442700000002,36.24097899999998],[-76.13440200000002,36.24088899999998],[-76.134365,36.24085600000001],[-76.13427999999999,36.24085000000002],[-76.13414499999999,36.24085000000002],[-76.13408399999997,36.24083999999999],[-76.13400200000001,36.24078400000002],[-76.13390800000002,36.24064800000002],[-76.13379800000001,36.24055900000002],[-76.133643,36.24042700000001],[-76.13360599999999,36.240407000000005],[-76.13356499999998,36.24039699999997],[-76.13347099999999,36.24039699999997],[-76.13338900000002,36.240377000000024],[-76.133332,36.24033700000001],[-76.133308,36.24028099999998],[-76.13331199999999,36.24024800000001],[-76.13336500000003,36.24017199999997],[-76.13345900000002,36.24009899999999],[-76.13347800000003,36.24007399999999],[-76.13349399999998,36.23998499999999],[-76.13348200000001,36.239889000000005],[-76.133441,36.239689999999996],[-76.13338399999998,36.23954199999997],[-76.13331899999997,36.23937999999998],[-76.13320399999998,36.239161000000024],[-76.13307400000002,36.23896300000001],[-76.13292200000001,36.23879099999999],[-76.132788,36.23865599999999],[-76.13266099999998,36.238549999999975],[-76.1325316,36.2384404],[-76.13246500000002,36.238383999999996],[-76.13231000000002,36.238271999999995],[-76.13216699999998,36.238203],[-76.13202000000001,36.238136],[-76.131959,36.23812299999997],[-76.13185700000002,36.23813000000001],[-76.131734,36.238162999999986],[-76.13160299999998,36.23820899999998],[-76.13153799999998,36.238219000000015],[-76.13144,36.23820899999998],[-76.13120300000003,36.23815999999999],[-76.13108899999997,36.23814599999997],[-76.130966,36.23812600000002],[-76.13090899999997,36.238099999999974],[-76.13089100000002,36.23807099999999],[-76.13086700000002,36.237964999999974],[-76.13087100000001,36.237932],[-76.130851,36.23783300000002],[-76.13080200000002,36.23768799999999],[-76.13073229999998,36.23750990000002],[-76.13072799999998,36.237499000000014],[-76.13068299999998,36.237419999999986],[-76.13054799999998,36.23732100000001],[-76.13043800000003,36.237228000000016],[-76.1304187,36.23720939999998],[-76.13032800000002,36.237122],[-76.13030300000003,36.237076],[-76.13028700000001,36.236964],[-76.13027060000002,36.23681490000001],[-76.130267,36.236782000000005],[-76.13024200000001,36.23660000000001],[-76.13018899999997,36.236504000000025],[-76.13012400000002,36.23640799999998],[-76.13005800000002,36.23638199999999],[-76.12995599999999,36.236355],[-76.12983700000001,36.23632600000002],[-76.12974300000002,36.23629299999999],[-76.129661,36.23624000000001],[-76.129637,36.236222999999995],[-76.12960800000002,36.236163999999974],[-76.12960800000002,36.23604799999998],[-76.129571,36.23595499999999],[-76.12950999999998,36.235873000000026],[-76.12942800000002,36.23580700000002],[-76.12936300000001,36.23575699999998],[-76.12929000000003,36.235681],[-76.12927300000001,36.23564099999999],[-76.12927300000001,36.23560199999997],[-76.12944099999999,36.23551200000003],[-76.12942800000002,36.23549300000002],[-76.12936300000001,36.23540300000002],[-76.12928099999999,36.23532399999999],[-76.12928099999999,36.23528399999998],[-76.12931800000001,36.235251000000005],[-76.12908099999999,36.234983],[-76.12870099999998,36.23457100000002],[-76.12836600000003,36.234194],[-76.12829699999998,36.23409800000002],[-76.12827600000003,36.234059],[-76.12827600000003,36.23404499999998],[-76.12828400000001,36.23401899999999],[-76.12829499999998,36.23400600000002],[-76.12836600000003,36.23392000000001],[-76.12840699999998,36.23388],[-76.12847599999998,36.233866999999975],[-76.128917,36.23378100000002],[-76.12895400000002,36.233761000000015],[-76.12894999999997,36.233721],[-76.128827,36.23289799999998],[-76.12716499999999,36.233254999999986],[-76.12683500000003,36.23297100000002],[-76.126825,36.23295300000001],[-76.12680599999999,36.232917999999984],[-76.12677300000001,36.232815000000016],[-76.12671999999998,36.232755999999995],[-76.12655799999999,36.232646999999986],[-76.12635799999998,36.232482000000005],[-76.12626399999999,36.23235],[-76.12617499999999,36.23227000000003],[-76.12602800000002,36.23216100000002],[-76.12599499999999,36.23206499999998],[-76.125921,36.231933000000026],[-76.12570099999999,36.23165499999999],[-76.12562700000001,36.23155600000001],[-76.12556599999999,36.23146000000003],[-76.12552899999997,36.23129799999998],[-76.12548900000002,36.231179],[-76.125452,36.23111299999999],[-76.12537800000001,36.23106999999999],[-76.12525599999998,36.23099400000001],[-76.125201,36.230931999999996],[-76.125115,36.230773],[-76.12504999999999,36.230669999999975],[-76.12500499999999,36.23056100000002],[-76.125,36.23054880000001],[-76.125,36.22500000000002],[-76.13066309999999,36.22500000000002],[-76.13968410000001,36.22500000000002],[-76.13969100000003,36.225010999999995],[-76.13971500000002,36.22513700000002],[-76.13976000000002,36.225258999999994],[-76.13978500000002,36.22535499999998],[-76.13978100000003,36.225393999999994],[-76.139772,36.225446999999974],[-76.13971500000002,36.22549700000002],[-76.139589,36.22557599999999],[-76.13948699999997,36.22560600000003],[-76.13946600000003,36.225639],[-76.139478,36.22568799999999],[-76.13955199999998,36.225734999999986],[-76.13961699999999,36.225734999999986],[-76.13967400000001,36.225705000000005],[-76.13974000000002,36.22565500000002],[-76.13987400000002,36.22560600000003],[-76.13994400000001,36.22556300000002],[-76.13996800000001,36.22552000000002],[-76.14000099999998,36.22546],[-76.140107,36.22540700000002],[-76.140262,36.22537399999999],[-76.140446,36.22532799999999],[-76.14058899999998,36.22533099999998],[-76.14066700000001,36.225348],[-76.140736,36.22540700000002],[-76.14084600000001,36.225526],[-76.140871,36.225589000000014],[-76.14092399999998,36.225652000000025],[-76.14094799999998,36.22571499999998],[-76.14094799999998,36.22588000000002],[-76.14092399999998,36.22596600000003],[-76.14087899999998,36.22607499999998],[-76.14085499999999,36.226155000000006],[-76.14084600000001,36.22627],[-76.14085899999998,36.22639600000002],[-76.14092399999998,36.22649200000001],[-76.14096899999998,36.22654499999999],[-76.140961,36.226598000000024],[-76.14094,36.226651000000004],[-76.14095300000002,36.226714000000015],[-76.14099700000003,36.226763000000005],[-76.14105899999998,36.226815999999985],[-76.14108299999998,36.22685200000001],[-76.14107899999999,36.22689200000002],[-76.14108299999998,36.226945],[-76.14111600000001,36.226977999999974],[-76.14118500000001,36.226991],[-76.14123000000001,36.22701799999999],[-76.14124700000002,36.22705400000001],[-76.14124700000002,36.227104],[-76.141279,36.22717],[-76.1413,36.22721999999999],[-76.14129700000001,36.227247999999975],[-76.14129700000001,36.227284],[-76.14131700000002,36.22730999999999],[-76.14138300000002,36.22732400000001],[-76.14146899999997,36.227344000000016],[-76.14148499999999,36.227373],[-76.14147700000001,36.227396],[-76.14143999999999,36.227439000000004],[-76.14142800000002,36.22747199999998],[-76.14143200000001,36.22751499999998],[-76.141456,36.22755799999999],[-76.141505,36.227592000000016],[-76.14154200000002,36.227615000000014],[-76.14158700000002,36.22763500000002],[-76.141616,36.22766100000001],[-76.141616,36.22773999999998],[-76.14164399999999,36.2278],[-76.141705,36.227832999999976],[-76.14180299999998,36.22787299999999],[-76.14182399999999,36.22789899999998],[-76.14194199999997,36.22801800000002],[-76.14202,36.22809799999999],[-76.14204799999999,36.22813100000002],[-76.14204999999998,36.228184999999996],[-76.14204999999998,36.22822500000001],[-76.14205800000002,36.22827799999999],[-76.142087,36.22830399999998],[-76.142132,36.228323999999986],[-76.14217300000001,36.228354000000024],[-76.142201,36.228453],[-76.14225399999998,36.22852599999999],[-76.142361,36.22858200000002],[-76.14238899999998,36.228609000000006],[-76.14239700000002,36.22864199999998],[-76.14238499999999,36.228733999999974],[-76.14239199999997,36.22877140000003],[-76.14282809999997,36.2288863],[-76.14276899999999,36.22876200000002],[-76.14271200000002,36.22860300000002],[-76.14267899999999,36.22843499999999],[-76.14264100000003,36.22829999999999],[-76.14257600000002,36.22822000000002],[-76.14250299999998,36.228147999999976],[-76.14240899999999,36.22804500000001],[-76.14230700000002,36.227936],[-76.14226200000002,36.22786300000001],[-76.14219600000001,36.22771399999999],[-76.14212300000003,36.22764799999999],[-76.14204899999999,36.22753899999998],[-76.14193899999998,36.22740299999998],[-76.141841,36.22729800000002],[-76.14176800000001,36.227238],[-76.141706,36.22717899999998],[-76.14164499999998,36.22706299999999],[-76.14155499999998,36.226878],[-76.14149400000002,36.226782000000014],[-76.141457,36.22663299999999],[-76.141412,36.226526999999976],[-76.14139899999998,36.226449],[-76.14139899999998,36.226380000000006],[-76.14141599999999,36.226271],[-76.14141999999998,36.226178000000004],[-76.14141599999999,36.22607199999999],[-76.14142800000002,36.22600299999999],[-76.14148899999998,36.22596600000003],[-76.14156300000002,36.22594299999997],[-76.141706,36.225919999999974],[-76.14181200000002,36.225933],[-76.141955,36.225982999999985],[-76.14211,36.22601900000001],[-76.1422,36.22603600000002],[-76.14242000000002,36.22607199999999],[-76.142518,36.22607499999998],[-76.14264100000003,36.226091999999994],[-76.14281199999999,36.226091999999994],[-76.14284099999998,36.22607900000003],[-76.14283699999999,36.22605900000002],[-76.142763,36.226031999999975],[-76.14250600000003,36.225999],[-76.1422,36.22594600000002],[-76.14204000000001,36.225919999999974],[-76.14199500000001,36.22590300000002],[-76.14193,36.225843999999995],[-76.14186899999999,36.225814000000014],[-76.14174600000001,36.225780999999984],[-76.14162399999998,36.225774],[-76.141571,36.225780999999984],[-76.141483,36.225775999999996],[-76.14146899999997,36.22575599999999],[-76.14148499999999,36.22572500000001],[-76.14147300000002,36.22558299999997],[-76.14143200000001,36.225446999999974],[-76.14141599999999,36.22536400000001],[-76.14142399999997,36.225318000000016],[-76.14140700000002,36.22526800000003],[-76.14135800000003,36.22520900000001],[-76.14130899999998,36.225097000000005],[-76.1412843,36.22500000000002],[-76.19999999999999,36.22500000000002],[-76.19999999999999,36.286812199999986],[-76.19973069999998,36.2868709],[-76.1991959,36.28695829999998],[-76.1990659,36.28702659999999],[-76.19904650000001,36.28703680000001],[-76.1990204,36.28704069999998],[-76.19864849999999,36.287096700000006],[-76.19854679999997,36.28712239999999],[-76.19845199999997,36.28722379999999],[-76.19843559999998,36.28724310000001],[-76.19841000000002,36.28727300000003],[-76.19835610000001,36.2873242],[-76.19834329999998,36.287326699999994],[-76.19830180000002,36.28733460000001],[-76.1982701,36.287339900000006],[-76.19824920000002,36.28733269999998],[-76.19822269999997,36.28732409999998],[-76.19821230000002,36.287320799999975],[-76.19816580000003,36.28730380000002],[-76.19810319999999,36.28729149999998],[-76.19799819999997,36.28730439999998],[-76.19795160000001,36.2873323],[-76.19791950000001,36.28737510000002],[-76.19790890000002,36.2874013],[-76.1978952,36.28743539999999],[-76.19786399999998,36.28747609999999],[-76.19786169999998,36.287479099999985],[-76.19782079999999,36.287503300000026],[-76.19764270000002,36.28756659999999],[-76.1976247,36.287571000000014],[-76.1976166,36.28757300000001],[-76.19749960000001,36.287601800000004],[-76.19742350000001,36.28756320000002],[-76.1974118,36.28755719999998],[-76.1973898,36.287546099999986],[-76.19738569999998,36.2875439],[-76.19733530000002,36.28753390000003],[-76.19717409999998,36.28750170000001],[-76.19709469999998,36.2874367],[-76.19703290000001,36.287356699999975],[-76.19687490000001,36.28741100000002],[-76.19683609999998,36.28742440000002],[-76.19678640000001,36.28746159999997],[-76.19676950000002,36.287474299999985],[-76.19674040000001,36.28747980000003],[-76.19649199999998,36.28748030000003],[-76.19648510000002,36.28748039999999]]]}},{"type":"Feature","properties":{},"geometry":{"type":"Polygon","coordinates":[[[-76.12825400000003,36.23319300000003],[-76.12827700000003,36.233348999999976],[-76.12831599999998,36.23357299999998],[-76.128308,36.23364800000002],[-76.128285,36.233698000000004],[-76.12825400000003,36.23372899999998],[-76.12816099999998,36.23372899999998],[-76.12812300000002,36.233735000000024],[-76.12804599999998,36.23377900000003],[-76.12798400000003,36.23379799999998],[-76.12792999999999,36.23379799999998],[-76.12787600000001,36.233772999999985],[-76.12767600000001,36.23361699999998],[-76.12761499999999,36.23357900000002],[-76.12755299999998,36.233542],[-76.12749100000002,36.233479999999986],[-76.12745999999999,36.233405000000005],[-76.12744500000002,36.23336699999999],[-76.127453,36.23335500000002],[-76.12746800000002,36.23334199999999],[-76.12758400000001,36.23332399999998],[-76.12770699999999,36.23328600000002],[-76.12780700000002,36.23323599999998],[-76.127861,36.23322999999999],[-76.12789199999997,36.23322999999999],[-76.12792300000001,36.233249],[-76.12796100000003,36.233249],[-76.12797699999999,36.23322999999999],[-76.128038,36.23319300000003],[-76.12811499999998,36.23316799999998],[-76.12822299999999,36.23316799999998],[-76.12825400000003,36.23319300000003]]]}},{"type":"Feature","properties":{},"geometry":{"type":"Polygon","coordinates":[[[-76.12514399999998,36.28420199999999],[-76.12528300000002,36.28431999999998],[-76.12529,36.28434199999998],[-76.12527599999999,36.28436499999998],[-76.12509599999998,36.284550000000024],[-76.12505399999998,36.284606],[-76.125047,36.28465699999998],[-76.12505399999998,36.28470199999998],[-76.12507499999998,36.28473500000001],[-76.125137,36.28475800000001],[-76.12529,36.28480300000001],[-76.125408,36.28485899999998],[-76.12547369999999,36.28490149999999],[-76.12554699999998,36.28494899999998],[-76.12574799999999,36.28503899999998],[-76.12597,36.285127999999986],[-76.12610899999999,36.285213],[-76.12617799999998,36.285262999999986],[-76.126241,36.285274000000015],[-76.12629600000002,36.285262999999986],[-76.12633799999998,36.285252000000014],[-76.126394,36.285217999999986],[-76.12644899999998,36.28520099999997],[-76.12653899999998,36.285207000000014],[-76.126643,36.285207000000014],[-76.126713,36.285195999999985],[-76.126754,36.285172999999986],[-76.12678199999999,36.285162000000014],[-76.12681700000002,36.285162000000014],[-76.12686500000001,36.28518500000001],[-76.126893,36.285207000000014],[-76.126956,36.285207000000014],[-76.127025,36.28520099999997],[-76.127074,36.285217999999986],[-76.12713600000001,36.285252000000014],[-76.12717099999998,36.285262999999986],[-76.12724700000001,36.28524599999997],[-76.12726800000002,36.28524599999997],[-76.12731000000002,36.285258],[-76.12733700000001,36.285302],[-76.12736899999999,36.28537499999999],[-76.12740300000002,36.28547099999997],[-76.12741119999998,36.285526000000004],[-76.12742400000002,36.28561100000002],[-76.12741699999998,36.285762999999974],[-76.12739599999998,36.28580199999999],[-76.12733400000002,36.285819000000004],[-76.12726400000003,36.285807999999975],[-76.12719499999997,36.285819000000004],[-76.12715300000002,36.28584699999999],[-76.12714,36.285864000000004],[-76.12714,36.285897999999975],[-76.12714599999998,36.285931000000005],[-76.12714599999998,36.28595899999999],[-76.12711200000001,36.28599300000002],[-76.12704200000002,36.28601600000002],[-76.12698,36.28604899999999],[-76.12691699999999,36.28607199999999],[-76.12670200000002,36.28608300000002],[-76.12663300000003,36.286111000000005],[-76.126598,36.28613899999999],[-76.126577,36.286189999999976],[-76.12657000000002,36.28629599999999],[-76.12660499999998,36.28648700000002],[-76.126664,36.28665000000001],[-76.12670600000001,36.286767999999995],[-76.12685800000003,36.28704299999998],[-76.12692800000002,36.28713800000003],[-76.12696299999999,36.28716700000001],[-76.12701800000002,36.28717799999998],[-76.12726099999998,36.287262],[-76.12732999999997,36.287289999999985],[-76.12735099999998,36.28732400000001],[-76.12732999999997,36.28736900000001],[-76.127317,36.28740800000003],[-76.127317,36.287436000000014],[-76.12732999999997,36.287469999999985],[-76.12737900000002,36.287526000000014],[-76.12748299999998,36.28765499999997],[-76.12769800000001,36.287811999999974],[-76.12779499999999,36.287901999999974],[-76.12783400000001,36.287958],[-76.12787500000002,36.28803099999999],[-76.12795799999998,36.28811000000002],[-76.12801400000001,36.288148999999976],[-76.12802799999997,36.28818799999999],[-76.12802099999999,36.28822200000002],[-76.12799999999999,36.28824400000002],[-76.12797899999998,36.28825599999999],[-76.12791700000002,36.288295000000005],[-76.127861,36.288340000000005],[-76.12783999999999,36.28840700000001],[-76.12782700000002,36.28855900000002],[-76.127813,36.28860900000001],[-76.12779899999998,36.28865400000001],[-76.12778500000002,36.28869400000002],[-76.127792,36.28872200000001],[-76.12782700000002,36.28874999999999],[-76.12793099999999,36.288771999999994],[-76.12807600000002,36.28876700000001],[-76.12825700000002,36.28876100000002],[-76.12829799999997,36.288771999999994],[-76.128333,36.28879999999998],[-76.12836099999998,36.28882299999998],[-76.12839600000001,36.28882299999998],[-76.128423,36.288816999999995],[-76.12845800000002,36.288816999999995],[-76.12849299999999,36.288828000000024],[-76.12852099999998,36.28887900000001],[-76.128534,36.28893499999998],[-76.128555,36.28898600000002],[-76.12858999999997,36.289244],[-76.12857600000001,36.289278000000024],[-76.12854800000002,36.289293999999984],[-76.128514,36.28931699999998],[-76.12849299999999,36.289338999999984],[-76.12847900000003,36.28940699999998],[-76.12847199999999,36.28959800000001],[-76.12849299999999,36.289693],[-76.12849999999997,36.289715],[-76.12854800000002,36.289738],[-76.128604,36.289738],[-76.12866600000001,36.289710000000014],[-76.12874299999999,36.289665000000014],[-76.12879099999998,36.289648],[-76.128826,36.289648],[-76.12886099999997,36.289675999999986],[-76.12890199999998,36.28968200000003],[-76.12894399999999,36.289653999999985],[-76.12902700000001,36.289653999999985],[-76.12906199999998,36.28965899999997],[-76.129097,36.28970399999997],[-76.12911000000003,36.289777000000015],[-76.129097,36.289828],[-76.12904800000001,36.28993400000002],[-76.12904099999997,36.289985],[-76.129076,36.290062999999975],[-76.12911700000001,36.29007999999999],[-76.129166,36.290075],[-76.12929100000002,36.29002400000002],[-76.12951299999997,36.289912000000015],[-76.129568,36.28988399999997],[-76.12961000000001,36.28987799999999],[-76.129659,36.289900999999986],[-76.12967900000001,36.28997900000002],[-76.12970000000001,36.29003],[-76.12975599999999,36.290047000000015],[-76.129839,36.290047000000015],[-76.12989499999998,36.290062999999975],[-76.12992400000002,36.29013500000002],[-76.12991699999998,36.29037599999998],[-76.12993799999998,36.290449000000024],[-76.12999400000001,36.29048799999998],[-76.13003500000002,36.290494000000024],[-76.13007700000003,36.29047700000001],[-76.13011899999998,36.290449000000024],[-76.13016699999997,36.29044299999998],[-76.13020899999998,36.290449000000024],[-76.13022999999998,36.290504999999996],[-76.13025099999999,36.290527999999995],[-76.13027799999998,36.29053299999998],[-76.130313,36.290516000000025],[-76.13036899999997,36.290504999999996],[-76.13041700000002,36.290504999999996],[-76.13048700000002,36.290539000000024],[-76.13054199999999,36.290572],[-76.130604,36.290651000000025],[-76.130695,36.290741000000025],[-76.13075700000002,36.29080299999998],[-76.13084700000002,36.290831000000026],[-76.130924,36.29085300000003],[-76.13097900000002,36.29089800000003],[-76.131167,36.291071999999986],[-76.13122900000002,36.291116999999986],[-76.13127800000001,36.291128000000015],[-76.13136100000003,36.291139999999984],[-76.13145800000001,36.29118999999997],[-76.131597,36.291251999999986],[-76.13165199999997,36.291308000000015],[-76.131642,36.291353000000015],[-76.13159300000001,36.29141499999997],[-76.13158600000003,36.29143699999997],[-76.13158600000003,36.291471],[-76.131642,36.29149899999999],[-76.131732,36.291538],[-76.13178799999997,36.29154399999999],[-76.13188500000001,36.29146500000002],[-76.13198899999998,36.291538],[-76.13204400000001,36.29157700000002],[-76.13212800000002,36.29160000000002],[-76.13226700000001,36.291616999999974],[-76.13237099999998,36.291650000000004],[-76.13243299999999,36.291683999999975],[-76.13248199999998,36.291773999999975],[-76.13253700000001,36.291818999999975],[-76.13260700000001,36.29184700000002],[-76.13266900000002,36.29185799999999],[-76.132745,36.291852000000006],[-76.13284299999998,36.29182400000002],[-76.13288399999999,36.291818999999975],[-76.13294000000002,36.291818999999975],[-76.13315499999999,36.29188599999998],[-76.133217,36.29191400000002],[-76.13322399999998,36.291942000000006],[-76.13321000000002,36.29196999999999],[-76.13315499999999,36.29202700000002],[-76.13303000000002,36.29213900000002],[-76.13289800000001,36.29228499999999],[-76.132766,36.292396999999994],[-76.13261399999999,36.29254300000002],[-76.13255800000002,36.29261600000001],[-76.13244700000001,36.292655000000025],[-76.13228700000002,36.29266100000001],[-76.131933,36.29267199999998],[-76.13159000000002,36.29267199999998],[-76.13143000000002,36.29268300000001],[-76.131125,36.29268300000001],[-76.13104199999998,36.292688999999996],[-76.13098600000001,36.29270600000001],[-76.13095099999998,36.29272800000001],[-76.13091700000001,36.292745000000025],[-76.13088199999999,36.292778999999996],[-76.13084700000002,36.292801],[-76.13079900000002,36.29280699999998],[-76.130716,36.29280699999998],[-76.13064600000001,36.292823999999996],[-76.13061800000003,36.29284100000001],[-76.1305638,36.29288889999998],[-76.13054899999997,36.292902000000026],[-76.13045899999997,36.292958],[-76.13040999999998,36.292981],[-76.13036199999999,36.29299200000003],[-76.130313,36.293015000000025],[-76.130292,36.293030999999985],[-76.13026400000001,36.293048],[-76.13025699999997,36.293075999999985],[-76.13025699999997,36.293116],[-76.13026400000001,36.29315500000001],[-76.130271,36.29320000000001],[-76.13025099999999,36.29321700000003],[-76.130223,36.293228],[-76.130181,36.293228],[-76.130133,36.29319400000003],[-76.13007700000003,36.293161],[-76.12998700000003,36.29312700000003],[-76.12966799999998,36.293060000000025],[-76.12952899999999,36.29302000000001],[-76.12941799999999,36.29294700000003],[-76.12934100000001,36.29290800000001],[-76.12926499999998,36.29290800000001],[-76.12922300000002,36.29291899999998],[-76.12920300000002,36.292925000000025],[-76.12919599999998,36.29294199999998],[-76.12921,36.292963999999984],[-76.12925100000001,36.29298699999998],[-76.12931400000002,36.29299800000001],[-76.12935499999998,36.29299800000001],[-76.12939699999998,36.29302000000001],[-76.12945200000001,36.293071],[-76.129501,36.293132000000014],[-76.129591,36.293267000000014],[-76.12959799999999,36.293300999999985],[-76.12958400000002,36.29332900000003],[-76.12954300000001,36.293363],[-76.12947300000002,36.293390999999986],[-76.12941799999999,36.293424000000016],[-76.12937599999998,36.29346399999997],[-76.12935499999998,36.293537000000015],[-76.12932799999999,36.293565],[-76.129279,36.29356999999999],[-76.12925100000001,36.293565],[-76.12920300000002,36.293514000000016],[-76.12916100000001,36.293492000000015],[-76.12912599999999,36.293492000000015],[-76.12908499999998,36.29350299999999],[-76.12903599999999,36.293537000000015],[-76.12889000000001,36.29359299999999],[-76.12876899999998,36.29362099999997],[-76.128602,36.293649000000016],[-76.12844999999999,36.293655],[-76.12835899999999,36.293677],[-76.128262,36.29371099999997],[-76.12813699999998,36.29372799999999],[-76.12809600000003,36.293744000000004],[-76.12800600000003,36.293834000000004],[-76.12777699999998,36.29403100000002],[-76.12774200000001,36.29405300000002],[-76.1277,36.294059000000004],[-76.12767200000002,36.29405300000002],[-76.12764499999997,36.29404199999999],[-76.12761699999999,36.294036000000006],[-76.127589,36.29404199999999],[-76.12756100000001,36.294059000000004],[-76.12753400000003,36.294081000000006],[-76.12750599999998,36.294104000000004],[-76.127478,36.294104000000004],[-76.12741599999998,36.29405300000002],[-76.12740200000002,36.29403100000002],[-76.12738100000001,36.29403100000002],[-76.12734599999999,36.29404199999999],[-76.12733200000002,36.29406999999998],[-76.127298,36.29411499999998],[-76.12720100000001,36.29418199999998],[-76.12717300000003,36.29420499999998],[-76.127159,36.29422199999999],[-76.127159,36.29424999999998],[-76.12714499999998,36.29427800000002],[-76.12711000000002,36.29429499999998],[-76.127048,36.29430000000002],[-76.12694399999998,36.29428300000001],[-76.12689499999999,36.294261000000006],[-76.126847,36.294261000000006],[-76.12681199999997,36.29427800000002],[-76.12679100000003,36.29431099999999],[-76.12674900000002,36.29434500000002],[-76.12668000000002,36.29437899999999],[-76.126396,36.29446899999999],[-76.12613199999998,36.294535999999994],[-76.12601000000001,36.29455300000001],[-76.12588499999998,36.29456399999998],[-76.125719,36.29456399999998],[-76.125587,36.29459200000002],[-76.12539299999997,36.29465399999998],[-76.12517100000002,36.294704000000024],[-76.125115,36.29474399999998],[-76.12510099999997,36.29476599999998],[-76.12509399999999,36.294805],[-76.12505299999998,36.29486200000002],[-76.12500399999999,36.29490099999998],[-76.125,36.2949041],[-76.125,36.28408780000001],[-76.12514399999998,36.28420199999999]]]}},{"type":"Feature","properties":{},"geometry":{"type":"Polygon","coordinates":[[[-76.13418300000001,36.297173999999984],[-76.13426399999997,36.297173999999984],[-76.13442099999997,36.29718500000001],[-76.13455199999999,36.29716500000001],[-76.13460199999997,36.29716000000002],[-76.13465200000002,36.29716000000002],[-76.13466399999999,36.29716500000001],[-76.13467700000001,36.29719],[-76.13467700000001,36.297214999999994],[-76.13465200000002,36.297259999999994],[-76.13463999999999,36.29730599999999],[-76.13463999999999,36.29735099999999],[-76.13464599999998,36.29738099999997],[-76.13467700000001,36.29742700000003],[-76.13477,36.29756800000001],[-76.13487600000002,36.29769900000002],[-76.13500099999999,36.29779000000002],[-76.13513799999998,36.29785099999998],[-76.13540599999999,36.29791599999999],[-76.13553100000001,36.297946000000024],[-76.135562,36.297972000000016],[-76.13556899999998,36.298006999999984],[-76.13556899999998,36.298148000000026],[-76.13557500000002,36.298284000000024],[-76.13561800000002,36.298441000000025],[-76.13561199999998,36.298486000000025],[-76.135581,36.298531000000025],[-76.13557500000002,36.29857700000002],[-76.13560000000001,36.29861699999998],[-76.135625,36.29862700000001],[-76.13566400000002,36.29862700000001],[-76.13568099999998,36.29862700000001],[-76.13570600000003,36.29860200000002],[-76.135718,36.29856699999999],[-76.13569899999999,36.298516000000006],[-76.13570600000003,36.29845599999999],[-76.13573100000002,36.29842500000001],[-76.13577400000003,36.29842000000002],[-76.13586800000002,36.298430999999994],[-76.13591100000002,36.298430999999994],[-76.13594899999998,36.29840999999999],[-76.13596100000001,36.298384999999996],[-76.13597399999998,36.29832499999998],[-76.13592399999999,36.29816299999999],[-76.13589300000001,36.29813300000001],[-76.13586199999997,36.298113],[-76.13581199999999,36.298103000000026],[-76.13575600000001,36.298077999999975],[-76.13573400000001,36.29803199999998],[-76.13570900000002,36.29796700000003],[-76.135696,36.29788100000002],[-76.135671,36.29784000000001],[-76.135603,36.297815000000014],[-76.13552800000002,36.29779000000002],[-76.13538499999999,36.29776500000003],[-76.13531,36.29774500000002],[-76.135266,36.297729000000004],[-76.13523500000002,36.29769900000002],[-76.13519100000002,36.29765400000002],[-76.13509199999999,36.29750799999999],[-76.13503500000002,36.297432000000015],[-76.134973,36.29734100000002],[-76.134929,36.29729099999997],[-76.13492300000001,36.29721999999998],[-76.13493599999998,36.297079],[-76.13494800000001,36.297033],[-76.13494800000001,36.29701299999999],[-76.13494200000002,36.29700300000002],[-76.13492300000001,36.296992999999986],[-76.13488000000001,36.296997999999974],[-76.13464900000002,36.29691700000001],[-76.134571,36.296876999999995],[-76.134521,36.29682700000001],[-76.13442099999997,36.296711000000016],[-76.13433400000002,36.296580000000006],[-76.13432799999998,36.29649899999998],[-76.13434000000001,36.29642799999999],[-76.13434000000001,36.29638299999999],[-76.13433400000002,36.29635300000001],[-76.13428399999998,36.296291999999994],[-76.13426500000003,36.296221],[-76.134253,36.29616600000003],[-76.13419099999999,36.296069999999986],[-76.134116,36.29597899999999],[-76.13405999999998,36.29593399999999],[-76.13397900000001,36.295893999999976],[-76.13393500000001,36.29582799999997],[-76.13386300000002,36.295736999999974],[-76.13378799999998,36.295586000000014],[-76.13372600000002,36.29547000000002],[-76.13358299999999,36.295344],[-76.13352700000002,36.295308999999975],[-76.13349499999998,36.295293000000015],[-76.133464,36.295293000000015],[-76.13341400000002,36.295308999999975],[-76.13336399999997,36.295344],[-76.133308,36.29537399999998],[-76.133283,36.295379000000025],[-76.13325200000003,36.29537399999998],[-76.133196,36.295344],[-76.13316500000002,36.29527300000001],[-76.13311499999998,36.29517199999998],[-76.133084,36.295087000000024],[-76.13302800000002,36.29503599999998],[-76.13291600000002,36.294970999999975],[-76.13278500000001,36.29492499999998],[-76.13270399999999,36.29487499999999],[-76.13265999999999,36.29484500000001],[-76.13264099999998,36.29479900000001],[-76.132654,36.294723999999974],[-76.13268499999998,36.294668],[-76.13270999999997,36.294647999999995],[-76.13277799999997,36.29463800000002],[-76.13282800000002,36.294606999999985],[-76.132881,36.294561999999985],[-76.13307500000002,36.29445099999998],[-76.13313699999998,36.29440099999999],[-76.13316200000003,36.29434500000002],[-76.13318099999998,36.29429499999998],[-76.13319899999999,36.294239000000005],[-76.133218,36.29418399999997],[-76.13318700000002,36.294047999999975],[-76.1331796,36.29399590000003],[-76.133174,36.29395699999998],[-76.133193,36.293881],[-76.133218,36.293840999999986],[-76.13325500000002,36.29381599999999],[-76.133442,36.293709999999976],[-76.133555,36.29358400000001],[-76.13358599999998,36.29349300000001],[-76.13363600000002,36.293452],[-76.133873,36.29341199999999],[-76.13396,36.293407],[-76.13404100000002,36.29342200000002],[-76.134166,36.29341199999999],[-76.13430899999997,36.293402000000015],[-76.13433400000002,36.29339199999998],[-76.13433400000002,36.293362],[-76.13431500000002,36.293341999999996],[-76.13428399999998,36.29333600000001],[-76.13415600000002,36.29333600000001],[-76.13412499999998,36.29330599999997],[-76.13406900000001,36.293251],[-76.13403799999998,36.29322000000002],[-76.133982,36.29320000000001],[-76.13390099999998,36.293205],[-76.13383199999998,36.29320999999999],[-76.133782,36.29318000000001],[-76.13375100000002,36.293124999999975],[-76.13372600000002,36.293053999999984],[-76.13373899999999,36.292993000000024],[-76.13377600000001,36.29294299999998],[-76.13387,36.29288300000002],[-76.13401299999998,36.292846999999995],[-76.13413800000001,36.292772000000014],[-76.13423699999998,36.29270100000002],[-76.13434999999998,36.292666],[-76.13444299999998,36.292610000000025],[-76.13451800000001,36.292529],[-76.13457399999999,36.29240800000002],[-76.134593,36.29226699999998],[-76.134615,36.292201999999975],[-76.134658,36.292175999999984],[-76.13467100000003,36.29215099999999],[-76.134658,36.29213099999998],[-76.13462099999998,36.29212100000001],[-76.13455800000003,36.29209100000003],[-76.13453399999997,36.29204499999997],[-76.134521,36.29201999999998],[-76.134365,36.29144000000002],[-76.1343622,36.29142619999999],[-76.134346,36.291349000000025],[-76.13431500000002,36.291314],[-76.13424400000002,36.29125499999998],[-76.1340399,36.2910852],[-76.13400000000001,36.29105199999998],[-76.1339362,36.291004699999974],[-76.13382309999997,36.29092079999998],[-76.13379500000002,36.29090000000002],[-76.13358899999997,36.290794000000005],[-76.13348300000001,36.290729],[-76.13343300000003,36.290678000000014],[-76.13338900000002,36.29064299999999],[-76.13324,36.29055699999998],[-76.13312100000002,36.290502000000004],[-76.13309600000002,36.290482],[-76.13309600000002,36.29045100000002],[-76.13311499999998,36.29043100000001],[-76.13314000000003,36.290411000000006],[-76.13319000000001,36.29040600000002],[-76.13324599999999,36.29040600000002],[-76.133421,36.29042099999998],[-76.133782,36.290391],[-76.134431,36.29027000000002],[-76.13470419999999,36.2902234],[-76.13472999999999,36.29021899999998],[-76.13481100000001,36.290189],[-76.134861,36.290148999999985],[-76.13491699999997,36.29009300000001],[-76.13499200000001,36.29004800000001],[-76.135085,36.290007],[-76.13518499999998,36.289957000000015],[-76.135222,36.289912000000015],[-76.13525700000002,36.289826000000005],[-76.13529399999999,36.28973000000002],[-76.135288,36.28963900000002],[-76.13525700000002,36.289548000000025],[-76.13526300000001,36.289503000000025],[-76.13530700000001,36.28941200000003],[-76.135381,36.289315999999985],[-76.13539400000002,36.28925600000002],[-76.13538799999998,36.28921600000001],[-76.135357,36.289154999999994],[-76.13531899999998,36.289063999999996],[-76.13528200000002,36.288973],[-76.13529399999999,36.288932999999986],[-76.13530600000001,36.288922000000014],[-76.135332,36.28889800000002],[-76.13553100000001,36.288816999999995],[-76.13561800000002,36.288782000000026],[-76.13565599999998,36.288756999999976],[-76.13567499999999,36.28870599999999],[-76.135693,36.28864600000003],[-76.135718,36.28860500000002],[-76.13577400000003,36.28859],[-76.13586800000002,36.28859499999999],[-76.13592999999997,36.28859],[-76.13598000000002,36.288565000000006],[-76.13600500000001,36.28854000000001],[-76.13603,36.288478999999995],[-76.13607400000001,36.28843899999998],[-76.13613600000002,36.28842400000002],[-76.13619799999998,36.28843899999998],[-76.13626699999998,36.28848399999998],[-76.13632899999999,36.288545],[-76.13642299999998,36.288580000000024],[-76.136504,36.28859499999999],[-76.13656600000002,36.28859],[-76.13662199999999,36.288580000000024],[-76.13664699999998,36.28858500000001],[-76.13666,36.288610000000006],[-76.13665300000002,36.28864600000003],[-76.13663200000002,36.288656],[-76.13659999999999,36.288696000000016],[-76.13658800000002,36.288741000000016],[-76.13658800000002,36.288771999999994],[-76.13659999999999,36.28879699999999],[-76.13666899999998,36.288837],[-76.136775,36.28889299999997],[-76.13688100000002,36.28890799999999],[-76.13708000000003,36.28889800000002],[-76.137361,36.28889299999997],[-76.13750399999998,36.288861999999995],[-76.13755400000002,36.28883200000001],[-76.13757900000002,36.28880700000002],[-76.13760400000001,36.288771999999994],[-76.13760400000001,36.28873599999997],[-76.13762300000002,36.28871099999998],[-76.13765999999998,36.288696000000016],[-76.137723,36.288696000000016],[-76.13776000000001,36.28871099999998],[-76.13781599999999,36.288730999999984],[-76.13790999999998,36.288741000000016],[-76.138059,36.288741000000016],[-76.13819699999999,36.28876200000002],[-76.13833399999999,36.28879699999999],[-76.13840699999997,36.288804400000004],[-76.13843300000002,36.28880700000002],[-76.13850200000002,36.288816999999995],[-76.13852000000003,36.28882299999998],[-76.13856399999997,36.288837],[-76.13860199999999,36.28886799999998],[-76.138621,36.28891299999998],[-76.13862699999999,36.28899899999999],[-76.13862699999999,36.28905400000002],[-76.13863900000001,36.289079000000015],[-76.13865850000002,36.28909490000001],[-76.13865980000003,36.28909590000001],[-76.13867699999997,36.289109999999994],[-76.13870200000002,36.289154999999994],[-76.13872700000002,36.28921100000002],[-76.138758,36.289286000000004],[-76.13891699999999,36.28979099999998],[-76.13898499999999,36.28993200000002],[-76.139048,36.29006800000002],[-76.139116,36.29017900000002],[-76.13916599999999,36.29032000000001],[-76.13920300000001,36.290381000000025],[-76.13924700000001,36.29041599999999],[-76.13929100000001,36.29050699999999],[-76.13944700000002,36.29071399999998],[-76.139521,36.29080399999998],[-76.13957799999997,36.290824999999984],[-76.139634,36.29083000000003],[-76.13966499999998,36.29084499999999],[-76.13968999999997,36.290865],[-76.13973299999998,36.29095100000001],[-76.13979,36.29112700000002],[-76.13988899999998,36.29138999999998],[-76.13998900000001,36.29156599999999],[-76.14011399999998,36.29167699999999],[-76.14016400000003,36.291697],[-76.14020699999998,36.29170199999999],[-76.14023800000001,36.291697],[-76.14027599999997,36.291697],[-76.140307,36.29171200000002],[-76.14034400000003,36.291743],[-76.140376,36.29181299999999],[-76.140401,36.291863999999975],[-76.14042599999999,36.291878999999994],[-76.140488,36.291878999999994],[-76.14052500000003,36.29187400000001],[-76.140556,36.291854],[-76.140581,36.29179799999997],[-76.14061299999997,36.29172199999999],[-76.14063800000002,36.291601000000014],[-76.14063800000002,36.29145],[-76.14060599999999,36.29140000000001],[-76.14053799999999,36.29131899999999],[-76.140444,36.29121300000003],[-76.14036900000002,36.291112],[-76.14031599999998,36.291030999999975],[-76.1402635,36.29093519999998],[-76.14023250000002,36.290878599999985],[-76.14021589999999,36.29083960000003],[-76.14021600000001,36.29083850000001],[-76.14021989999998,36.29081380000002],[-76.14025229999999,36.2906079],[-76.14027320000002,36.2904752],[-76.14027540000001,36.290460800000005],[-76.14026910000001,36.29036910000002],[-76.14024740000002,36.29033500000003],[-76.14020740000001,36.29030260000002],[-76.14016579999998,36.290291000000025],[-76.1401156,36.29029700000001],[-76.14007140000001,36.290324699999985],[-76.1400256,36.290382799999975],[-76.13995549999999,36.2905361],[-76.13995999999997,36.290574100000015],[-76.13998020000002,36.2906193],[-76.13999389999998,36.2906418],[-76.13999690000003,36.2906466],[-76.1400016,36.29067040000001],[-76.13999840000002,36.290721099999985],[-76.139974,36.290764000000024],[-76.13992999999999,36.29079899999999],[-76.13988,36.290809000000024],[-76.13980500000002,36.29081500000001],[-76.13975499999998,36.29081500000001],[-76.13967400000001,36.290783999999974],[-76.13959299999999,36.290738999999974],[-76.13953099999998,36.290678000000014],[-76.13943699999999,36.29058300000003],[-76.13936899999999,36.29047200000002],[-76.139294,36.290295000000015],[-76.13923199999999,36.29010299999999],[-76.13915500000002,36.28989200000001],[-76.13914699999998,36.289871000000005],[-76.1392568,36.28985469999998],[-76.13928040000002,36.289844000000016],[-76.13929130000002,36.28983690000001],[-76.13931439999999,36.28982109999998],[-76.13977929999999,36.28977689999999],[-76.14056900000003,36.28970190000001],[-76.14056540000001,36.289583400000026],[-76.14049829999999,36.289570500000025],[-76.1395071,36.2896715],[-76.13922129999997,36.2897006],[-76.1392123,36.289708399999995],[-76.13919390000001,36.28971630000001],[-76.13911000000002,36.289724999999976],[-76.13908500000002,36.289724999999976],[-76.13908099999998,36.289720999999986],[-76.13906600000001,36.289710000000014],[-76.13903499999998,36.28964400000001],[-76.13894800000003,36.289477999999974],[-76.1389102,36.289348200000006],[-76.1389082,36.2893459],[-76.13890370000001,36.289325899999994],[-76.1388662,36.289157999999986],[-76.1388581,36.28912159999999],[-76.1388536,36.28910139999999],[-76.13885049999999,36.2890759],[-76.13885040000002,36.28907520000001],[-76.13884139999999,36.289002900000014],[-76.13883670000001,36.28896470000001],[-76.1388786,36.288858300000015],[-76.1390242,36.288755200000026],[-76.13915220000001,36.28871149999998],[-76.13924780000002,36.28867200000002],[-76.1393799,36.28861749999999],[-76.13965560000003,36.288541899999984],[-76.13973879999998,36.28854480000001],[-76.1398213,36.28855179999999],[-76.1399111,36.288635899999974],[-76.13993060000001,36.28871079999999],[-76.13996049999997,36.288825599999996],[-76.1399912,36.28885439999999],[-76.14009190000002,36.28888330000001],[-76.14057839999998,36.28892450000001],[-76.14066830000002,36.28894759999997],[-76.14069519999998,36.28895449999999],[-76.14081709999999,36.288943500000016],[-76.1408472,36.28892730000001],[-76.1408763,36.28890280000002],[-76.1409036,36.288873799999976],[-76.1409377,36.288822700000026],[-76.14098619999999,36.288739299999975],[-76.14103460000001,36.288656300000014],[-76.1410765,36.28861869999997],[-76.1411071,36.288613],[-76.141167,36.288610000000006],[-76.14120809999997,36.28860359999999],[-76.1412396,36.28859390000002],[-76.14126270000003,36.288560200000006],[-76.1412709,36.288529900000015],[-76.1413063,36.28849880000001],[-76.14130949999998,36.288496099999975],[-76.1413748,36.28843239999998],[-76.14141990000002,36.2884919],[-76.1414608,36.28854580000001],[-76.14146169999998,36.28854710000002],[-76.14146149999999,36.28854919999998],[-76.14144470000002,36.28870469999998],[-76.14166970000002,36.28873490000001],[-76.14175260000002,36.28869420000001],[-76.14177910000001,36.28867819999999],[-76.1417859,36.28867120000001],[-76.1417917,36.28866529999999],[-76.14180399999998,36.28864040000002],[-76.14180729999998,36.288624200000015],[-76.14180670000002,36.28859110000002],[-76.14179430000002,36.2885359],[-76.14180679999998,36.288515700000005],[-76.14181630000002,36.2885091],[-76.14183589999999,36.28850790000001],[-76.14189249999998,36.288521],[-76.1419449,36.288552400000015],[-76.141997,36.28859360000001],[-76.14201159999999,36.288626799999975],[-76.1420258,36.288658999999996],[-76.1420362,36.288754299999994],[-76.14200469999997,36.28879619999998],[-76.14197569999999,36.28883990000003],[-76.14195899999999,36.28887020000002],[-76.14195899999999,36.28889520000001],[-76.14196659999999,36.28891470000002],[-76.14198049999999,36.28893449999998],[-76.14200920000002,36.28895560000001],[-76.14206309999997,36.288996],[-76.14212090000001,36.28904319999998],[-76.14220619999998,36.28913369999998],[-76.14228489999999,36.28917940000002],[-76.14255220000001,36.28923709999998],[-76.14266700000002,36.28924360000002],[-76.14273120000001,36.289258200000006],[-76.14284270000002,36.289288399999975],[-76.14295069999997,36.28927729999998],[-76.14300830000002,36.28924719999998],[-76.1430413,36.28920449999998],[-76.14309170000001,36.2891515],[-76.14310699999999,36.28911870000002],[-76.14311670000001,36.28907779999997],[-76.14311229999998,36.2890476],[-76.1430962,36.288959799999986],[-76.14307710000003,36.288926000000004],[-76.1430416,36.28891620000002],[-76.14297679999999,36.28894330000003],[-76.14292669999998,36.288961900000004],[-76.14287289999999,36.28898830000003],[-76.14284149999997,36.289011200000004],[-76.14279299999998,36.28906360000002],[-76.14271359999998,36.289086699999984],[-76.14266040000001,36.28909440000001],[-76.1424854,36.28902049999999],[-76.14231610000002,36.28895690000002],[-76.14216470000002,36.28886560000001],[-76.14215430000002,36.2888456],[-76.14215050000001,36.28882650000003],[-76.1421714,36.288808500000016],[-76.14220640000002,36.288800400000014],[-76.14231130000002,36.28881130000002],[-76.14240799999999,36.28881200000001],[-76.14250929999997,36.288820799999996],[-76.14260059999998,36.288803599999994],[-76.14264889999998,36.28879490000003],[-76.14268670000001,36.288775999999984],[-76.14270440000001,36.288755200000026],[-76.14272440000002,36.28871989999999],[-76.1427291,36.2886752],[-76.14272249999999,36.28862670000001],[-76.14272490000002,36.28859060000002],[-76.1427349,36.28857909999999],[-76.14275579999997,36.28857149999999],[-76.14280050000002,36.28857620000002],[-76.1428396,36.28858760000003],[-76.14291960000003,36.28862400000003],[-76.1429761,36.288636199999985],[-76.14308249999999,36.28867300000002],[-76.14309170000001,36.2886762],[-76.14311950000001,36.28866099999999],[-76.14312109999997,36.288660100000016],[-76.14313650000003,36.2886517],[-76.14317240000003,36.288659499999994],[-76.14320550000002,36.288681499999996],[-76.1432527,36.28881819999998],[-76.14325880000001,36.28883569999999],[-76.1433108,36.28895110000002],[-76.14332339999999,36.28898520000001],[-76.14331449999997,36.288997600000016],[-76.14336109999999,36.289231400000006],[-76.14340290000001,36.28941750000001],[-76.14341309999998,36.28948359999998],[-76.14340979999997,36.28951970000003],[-76.14337510000001,36.28955810000002],[-76.14335010000002,36.2895997],[-76.14334680000002,36.28963590000001],[-76.1433495,36.289745900000014],[-76.14334559999998,36.289811199999974],[-76.14332689999998,36.289859999999976],[-76.14329099999998,36.289872],[-76.14319060000003,36.28986420000001],[-76.14303910000001,36.28983410000001],[-76.1428439,36.2898098],[-76.14272649999998,36.289790400000015],[-76.14226100000002,36.28973000000002],[-76.14197380000002,36.28967490000002],[-76.14190939999997,36.28964539999998],[-76.1418721,36.289628300000004],[-76.14184360000002,36.28959639999999],[-76.14179039999999,36.28951949999998],[-76.14175870000003,36.28939939999998],[-76.14173299999999,36.289236200000005],[-76.14172300000001,36.289195199999995],[-76.14170510000002,36.28917519999999],[-76.1416939,36.289168700000005],[-76.14166799999998,36.28915360000002],[-76.14163719999999,36.289146500000015],[-76.14159160000003,36.28915519999998],[-76.14155269999998,36.28918879999998],[-76.14159460000002,36.28938670000002],[-76.14161519999999,36.28948430000003],[-76.14163129999997,36.28956049999999],[-76.14164590000001,36.289577699999995],[-76.14178609999999,36.28974340000002],[-76.1418208,36.289784399999974],[-76.14182890000001,36.28979399999997],[-76.14182640000001,36.28980130000002],[-76.14168380000001,36.290213900000026],[-76.14168110000003,36.290325300000006],[-76.14165650000001,36.29039740000002],[-76.14160049999998,36.29057599999999],[-76.14158220000002,36.29071269999997],[-76.1415816,36.29071670000002],[-76.14157929999999,36.2907232],[-76.1414072,36.29119429999997],[-76.1413842,36.291257299999984],[-76.14161539999998,36.291271800000004],[-76.14163050000002,36.29119939999998],[-76.1416944,36.29092250000002],[-76.14172300000001,36.29088239999999],[-76.14201700000001,36.289847699999996],[-76.14319849999998,36.29001979999998],[-76.1432188,36.290047000000015],[-76.14322370000002,36.29005360000002],[-76.14323209999998,36.29006500000003],[-76.14315920000001,36.29032460000002],[-76.14315909999999,36.290324699999985],[-76.14303960000001,36.29075030000001],[-76.14287289999999,36.29127190000003],[-76.1428563,36.2913241],[-76.14285869999998,36.29132449999997],[-76.14303000000001,36.29135609999997],[-76.14303039999999,36.29135230000003],[-76.14304579999998,36.291204600000015],[-76.1430719,36.291059700000005],[-76.14316889999998,36.29078500000003],[-76.1432843,36.29035909999999],[-76.1433965,36.290131299999985],[-76.1434342,36.2900348],[-76.14358549999997,36.290083700000025],[-76.14368769999999,36.29011680000002],[-76.14377789999998,36.2901306],[-76.14399739999999,36.2901622],[-76.14418740000002,36.29016100000001],[-76.14431139999999,36.29016009999998],[-76.1443764,36.290170699999976],[-76.1444775,36.29019820000002],[-76.14457140000002,36.29022370000001],[-76.14458209999998,36.29022659999998],[-76.14467869999999,36.2902277],[-76.14495240000002,36.29017349999998],[-76.14500370000002,36.29016330000002],[-76.14501200000001,36.290158399999996],[-76.14506790000002,36.290125699999976],[-76.1453219,36.29006149999998],[-76.14588709999998,36.289904999999976],[-76.14611769999999,36.28979629999998],[-76.14612340000002,36.289793599999996],[-76.1461243,36.28979270000002],[-76.1461989,36.2897188],[-76.14625189999998,36.2897112],[-76.146252,36.28971109999998],[-76.146252,36.28971059999998],[-76.1462608,36.28949319999998],[-76.14626190000001,36.289465800000016],[-76.14612399999999,36.2894584],[-76.14608170000002,36.28948320000001],[-76.14606739999999,36.28956010000002],[-76.1460621,36.289588200000026],[-76.14603240000002,36.28959470000001],[-76.1457062,36.289665300000024],[-76.14514200000002,36.289831100000015],[-76.14481640000002,36.289917100000025],[-76.14477549999998,36.28992790000001],[-76.1446957,36.28993320000001],[-76.1445223,36.28993580000002],[-76.14443870000002,36.28993430000003],[-76.14438519999999,36.28992419999997],[-76.14437579999998,36.289920499999994],[-76.14433730000002,36.289905499999975],[-76.14427940000002,36.289897999999994],[-76.144252,36.28989960000001],[-76.14419290000001,36.28991810000002],[-76.14418690000002,36.28992219999998],[-76.14414340000002,36.28995200000003],[-76.14413910000002,36.28995500000002],[-76.14408809999998,36.289997400000004],[-76.14403270000003,36.29006229999999],[-76.14399980000002,36.29008520000002],[-76.14372049999997,36.29004900000001],[-76.14367249999998,36.29001770000002],[-76.1436635,36.289965300000006],[-76.143644,36.28993350000002],[-76.1436314,36.28989949999999],[-76.14365909999998,36.28983099999999],[-76.14365570000001,36.289789799999994],[-76.143643,36.289763300000004],[-76.14364289999997,36.289763100000016],[-76.14361020000001,36.289739],[-76.14357510000002,36.28969480000001],[-76.14355949999998,36.28964989999997],[-76.14354250000002,36.28958610000001],[-76.1435543,36.28953949999999],[-76.14357369999999,36.28947410000001],[-76.14356029999999,36.28942439999997],[-76.14354150000003,36.289376000000004],[-76.14350769999999,36.28930580000002],[-76.14349979999997,36.28926710000002],[-76.1434822,36.28914780000002],[-76.14347040000001,36.28905750000001],[-76.1434873,36.28899180000002],[-76.14352589999999,36.28895290000003],[-76.14352739999998,36.28889989999999],[-76.14352150000002,36.2886494],[-76.1436807,36.28856880000001],[-76.14380770000002,36.28851420000001],[-76.14386109999998,36.288511700000015],[-76.14387770000002,36.28851839999999],[-76.14388860000003,36.28852280000001],[-76.14389569999997,36.288525600000014],[-76.14392229999999,36.288547900000026],[-76.1439317,36.288578400000006],[-76.14396479999999,36.28870490000003],[-76.1440187,36.288911799999994],[-76.14401980000002,36.28891570000002],[-76.14402030000002,36.288915900000006],[-76.14417420000001,36.28895670000003],[-76.14481369999999,36.28892059999998],[-76.14508059999997,36.28879119999999],[-76.14512630000002,36.288775199999975],[-76.14521380000002,36.28876359999998],[-76.14533060000002,36.28874739999998],[-76.14539480000002,36.2887422],[-76.14545509999999,36.288757299999986],[-76.1457878,36.288686600000005],[-76.14588989999999,36.28864659999999],[-76.1459595,36.288627399999996],[-76.14604960000003,36.28857640000001],[-76.14613930000002,36.28852749999999],[-76.1462186,36.28845940000002],[-76.14623619999998,36.288442799999984],[-76.14630410000001,36.28835350000003],[-76.14636990000002,36.288290700000005],[-76.14639729999999,36.288270899999986],[-76.14642959999998,36.28824759999998],[-76.1464661,36.2882262],[-76.14647789999998,36.28824450000002],[-76.14648199999999,36.28835570000001],[-76.14649309999999,36.288480400000026],[-76.1464866,36.2885005],[-76.14645480000001,36.288537099999985],[-76.14641569999998,36.28859779999999],[-76.14652569999998,36.288739899999996],[-76.14655959999999,36.28878359999999],[-76.14655690000001,36.288786500000015],[-76.1464924,36.28885539999999],[-76.14678140000001,36.289012000000014],[-76.14678659999998,36.28902069999998],[-76.1468064,36.28905450000002],[-76.14687470000001,36.28910430000002],[-76.14698609999999,36.28915139999998],[-76.14712730000002,36.28917530000001],[-76.14712730000002,36.28917489999998],[-76.14725479999998,36.289184999999975],[-76.1473547,36.28919289999999],[-76.14777579999998,36.289176],[-76.14784630000003,36.28917319999999],[-76.14784830000002,36.2891808],[-76.14786170000002,36.28923259999999],[-76.1479688,36.2891932],[-76.14797549999997,36.2891927],[-76.14800819999999,36.28919000000002],[-76.14829959999997,36.28922990000001],[-76.14844959999999,36.28922849999998],[-76.14856170000002,36.288871099999994],[-76.14857790000002,36.28883459999997],[-76.14863860000003,36.28882779999998],[-76.14890109999999,36.288805500000024],[-76.14912190000001,36.28877879999999],[-76.1492733,36.28882870000001],[-76.14937909999998,36.28885500000001],[-76.1494573,36.288870299999985],[-76.14950859999999,36.2888782],[-76.14957140000001,36.28888260000002],[-76.14958039999999,36.2888873],[-76.14958710000002,36.2888964],[-76.14959190000002,36.28891390000001],[-76.14957529999998,36.288932699999975],[-76.1495347,36.288961900000004],[-76.14951530000002,36.28897410000002],[-76.14928700000002,36.289117799999985],[-76.1488225,36.28931970000002],[-76.14884169999999,36.28955509999997],[-76.14897109999998,36.289520700000025],[-76.14893610000001,36.289436799999976],[-76.14893790000002,36.28936909999999],[-76.14900519999998,36.289324799999974],[-76.14906109999998,36.289288],[-76.1491648,36.28927220000003],[-76.14953129999998,36.28963729999998],[-76.1495334,36.289662599999986],[-76.14954419999998,36.289793599999996],[-76.14956510000002,36.28981049999999],[-76.14957650000002,36.28981970000001],[-76.1496909,36.28985499999999],[-76.15004340000002,36.289963899999975],[-76.1501677,36.289933399999995],[-76.15028610000002,36.28990449999998],[-76.1503035,36.289907400000004],[-76.15031349999998,36.289919499999996],[-76.15031420000003,36.289938800000016],[-76.15030209999998,36.289969499999984],[-76.1503042,36.28998519999999],[-76.15031490000001,36.28999879999998],[-76.15033570000003,36.29001520000003],[-76.15035990000001,36.29002589999999],[-76.1504256,36.29002809999997],[-76.15048510000003,36.29001649999998],[-76.15051549999998,36.29000129999997],[-76.15060799999998,36.289941],[-76.15068109999999,36.2898955],[-76.15080519999998,36.28981829999998],[-76.15098669999998,36.28980730000001],[-76.1510788,36.289798399999995],[-76.1513271,36.289782600000024],[-76.15136610000002,36.28980100000001],[-76.15144270000002,36.28983729999999],[-76.15153179999999,36.28984550000001],[-76.1515369,36.28984600000001],[-76.1516125,36.289852999999994],[-76.15178930000002,36.28985920000002],[-76.15191199999998,36.289852199999984],[-76.15197080000002,36.28986450000002],[-76.1520127,36.289861599999995],[-76.15204599999998,36.289853100000016],[-76.15212070000001,36.28980200000001],[-76.15216750000002,36.289777000000015],[-76.15219960000002,36.289752899999996],[-76.15221159999999,36.28973880000001],[-76.15222920000002,36.28967749999998],[-76.15222560000001,36.28962510000002],[-76.1522215,36.28960280000001],[-76.15221730000002,36.28957989999998],[-76.15222799999998,36.289559699999984],[-76.1522435,36.28955020000001],[-76.15228509999997,36.289546599999994],[-76.1523631,36.28956549999998],[-76.1524781,36.28958720000003],[-76.15252850000002,36.289599899999985],[-76.1525666,36.289599899999985],[-76.15262369999999,36.28957320000001],[-76.1526614,36.2895499],[-76.1526935,36.28950980000002],[-76.1527132,36.289462800000024],[-76.15274749999998,36.28941709999998],[-76.15277120000002,36.28939810000003],[-76.1528017,36.289395300000024],[-76.15283119999998,36.289401],[-76.15284550000001,36.28941900000001],[-76.1528447,36.28946560000003],[-76.15284450000001,36.2894771],[-76.15284170000001,36.28953139999999],[-76.15284930000001,36.289558],[-76.1528955,36.28960369999999],[-76.15293159999999,36.28961240000001],[-76.15298039999999,36.289624100000026],[-76.15306700000002,36.289604],[-76.15310310000001,36.28961709999999],[-76.15312870000002,36.2896705],[-76.15312840000001,36.28973730000001],[-76.15311309999998,36.289762499999995],[-76.15306600000002,36.2898045],[-76.153055,36.28983440000002],[-76.15308429999999,36.28991439999999],[-76.15311120000001,36.29000669999999],[-76.15307949999999,36.29014050000001],[-76.1530732,36.29021799999998],[-76.15305169999999,36.29024870000001],[-76.1529873,36.2902737],[-76.15296540000003,36.29030640000002],[-76.152963,36.29035099999999],[-76.15299399999998,36.29040309999999],[-76.15304370000001,36.29045860000002],[-76.15303899999998,36.29050819999998],[-76.15294690000002,36.29065400000002],[-76.15286939999999,36.2906021],[-76.15282079999997,36.290567599999974],[-76.15271689999997,36.29057080000001],[-76.15247119999998,36.29059960000001],[-76.1522943,36.290613199999996],[-76.1521128,36.29059169999999],[-76.1519495,36.290586700000006],[-76.15187029999998,36.29058429999998],[-76.15124049999997,36.29053909999999],[-76.15075510000003,36.290501199999994],[-76.1503343,36.29047589999999],[-76.15021660000002,36.290471000000025],[-76.15020390000001,36.29047689999999],[-76.1501867,36.290484900000024],[-76.1501768,36.290508699999975],[-76.15019239999998,36.29054100000002],[-76.15019369999999,36.29054209999998],[-76.15022149999999,36.290563599999984],[-76.15123260000001,36.29064469999997],[-76.15227520000002,36.29073599999998],[-76.15228339999999,36.290743299999974],[-76.15234709999999,36.290799400000026],[-76.15235869999998,36.29080959999999],[-76.15234450000003,36.29095289999998],[-76.1523019,36.29129840000002],[-76.1522938,36.291359],[-76.1522549,36.29161490000001],[-76.15223400000002,36.29175240000001],[-76.15214889999999,36.29266480000001],[-76.1521156,36.2928589],[-76.1520918,36.29295930000001],[-76.1520888,36.29300069999999],[-76.15206849999998,36.293109800000025],[-76.15212530000002,36.29333759999997],[-76.15219660000002,36.29344709999998],[-76.15242119999999,36.29378550000001],[-76.15242260000002,36.29378589999999],[-76.1524291,36.293788000000006],[-76.15243779999997,36.29379069999999],[-76.15244910000001,36.29379130000001],[-76.1524675,36.29378860000003],[-76.1524824,36.293783899999994],[-76.15250309999999,36.293771600000014],[-76.15251640000002,36.293760899999995],[-76.15252220000002,36.29375270000003],[-76.15252529999998,36.29374480000001],[-76.15252529999998,36.29374080000002],[-76.15252520000001,36.29373570000001],[-76.15250600000002,36.2936962],[-76.15245520000002,36.29362689999999],[-76.15233790000002,36.29346340000001],[-76.15227069999997,36.293365800000004],[-76.15223609999998,36.29329969999998],[-76.15221309999998,36.293194400000004],[-76.1521947,36.2931241],[-76.1522357,36.293008199999974],[-76.15224289999998,36.29282219999999],[-76.15226790000003,36.29264360000002],[-76.15226310000003,36.292543799999976],[-76.15234179999999,36.292146600000024],[-76.1523479,36.292043999999976],[-76.15235050000001,36.291972199999975],[-76.15234090000001,36.29189680000002],[-76.1523216,36.29183790000002],[-76.15235330000002,36.29176890000002],[-76.15238629999999,36.29167389999998],[-76.15240979999999,36.291568299999994],[-76.15240069999999,36.29148359999999],[-76.15240269999998,36.29138879999999],[-76.15240990000001,36.29128730000002],[-76.15241279999998,36.29123629999998],[-76.15243400000003,36.291184999999984],[-76.15248100000002,36.29113050000001],[-76.1524918,36.291095299999995],[-76.15247419999997,36.29104080000002],[-76.15246869999999,36.29095749999999],[-76.15249829999999,36.2908736],[-76.15254520000002,36.2907993],[-76.15257550000001,36.290763500000025],[-76.15261570000001,36.290756199999976],[-76.15284020000001,36.29077590000003],[-76.1528649,36.29077910000001],[-76.1529157,36.290785700000015],[-76.15311650000001,36.2908013],[-76.15317470000002,36.290806799999984],[-76.1532171,36.29078199999998],[-76.15321870000002,36.29072159999998],[-76.15321870000002,36.29071800000003],[-76.15321929999999,36.290640199999984],[-76.1532085,36.290590699999996],[-76.15321970000002,36.29041669999998],[-76.15324770000001,36.29016439999998],[-76.1532464,36.290105700000026],[-76.15327780000001,36.28993430000003],[-76.15330360000002,36.28975170000001],[-76.15332510000002,36.289640599999984],[-76.1533566,36.2894776],[-76.15335549999998,36.289391799999976],[-76.15335290000002,36.28934889999999],[-76.15334159999998,36.28916220000002],[-76.15335720000002,36.28909599999997],[-76.15337039999997,36.28903980000001],[-76.15340789999999,36.28893790000001],[-76.1534532,36.28891420000002],[-76.1535174,36.2889313],[-76.1536003,36.28895130000001],[-76.15362750000003,36.2889581],[-76.15370580000001,36.28897760000001],[-76.15369379999999,36.2890711],[-76.15373290000002,36.28911479999999],[-76.1537884,36.28914709999998],[-76.15387800000002,36.28910539999998],[-76.1538946,36.28909570000002],[-76.1539386,36.28904979999999],[-76.15394659999998,36.288995],[-76.153932,36.28893690000001],[-76.15391720000002,36.28888139999998],[-76.1539343,36.2888585],[-76.15396429999998,36.28885709999997],[-76.15447030000001,36.28885739999998],[-76.15445890000001,36.28888210000002],[-76.15441820000001,36.288970800000016],[-76.15440310000002,36.28902099999999],[-76.1544207,36.289055700000006],[-76.15446559999998,36.289083500000004],[-76.1545079,36.289090999999985],[-76.15455580000003,36.28903109999999],[-76.15455939999998,36.28902670000002],[-76.15459980000003,36.289024600000005],[-76.15470850000003,36.28908150000001],[-76.1547663,36.289132499999994],[-76.15480769999999,36.28914529999997],[-76.15490840000001,36.28914090000001],[-76.15496280000002,36.2891396],[-76.15509109999999,36.28914370000001],[-76.15517469999998,36.289157699999976],[-76.15518079999998,36.289213399999994],[-76.15517410000001,36.28925429999998],[-76.15514359999997,36.289294299999995],[-76.15508249999999,36.28933060000003],[-76.15498769999999,36.28934650000002],[-76.15478059999998,36.289304000000016],[-76.15471980000001,36.289267499999994],[-76.15465940000001,36.28926419999999],[-76.15464650000001,36.28927060000001],[-76.15459070000003,36.289298099999996],[-76.1545807,36.28932229999998],[-76.15458640000003,36.28935799999999],[-76.1545964,36.289393700000005],[-76.15463060000002,36.28941659999998],[-76.15469869999998,36.28943129999999],[-76.15480150000002,36.28945920000001],[-76.15487309999997,36.28948209999999],[-76.15491930000002,36.28951039999998],[-76.1549943,36.289548000000025],[-76.15509309999999,36.28957889999998],[-76.155147,36.28959880000002],[-76.15520120000002,36.2896131],[-76.15526499999999,36.289614400000005],[-76.1553002,36.28959689999999],[-76.15537690000002,36.28953799999999],[-76.15549340000001,36.289505399999996],[-76.15559409999997,36.28947950000003],[-76.15561350000002,36.28947449999998],[-76.1557866,36.289424],[-76.15581609999998,36.28943450000003],[-76.1558746,36.289455299999986],[-76.15588150000002,36.28946000000002],[-76.15604450000001,36.28951599999999],[-76.15612099999998,36.28954679999998],[-76.15614040000003,36.28958130000001],[-76.15618869999997,36.289667399999985],[-76.15620230000002,36.28967970000002],[-76.15623679999999,36.2897112],[-76.15629380000001,36.28974260000001],[-76.15641349999999,36.289829199999986],[-76.15643399999999,36.28988199999998],[-76.15639809999999,36.28992010000002],[-76.15638380000001,36.28996189999998],[-76.15638569999999,36.28998519999999],[-76.15639650000003,36.29000960000002],[-76.1564247,36.29004259999999],[-76.15645460000002,36.290061200000025],[-76.1565688,36.29008750000003],[-76.1567503,36.290148699999975],[-76.15676860000002,36.290186500000004],[-76.1566798,36.29044349999998],[-76.15666649999997,36.2904997],[-76.156677,36.290536799999984],[-76.15669409999998,36.29056539999999],[-76.15674519999999,36.29059819999998],[-76.1567498,36.29064629999999],[-76.15674840000003,36.29071479999999],[-76.15677119999998,36.29076190000001],[-76.15681410000002,36.290813300000025],[-76.15701480000001,36.29091649999998],[-76.15705120000001,36.290932],[-76.15711390000001,36.2909664],[-76.15724920000002,36.29102899999998],[-76.15737430000001,36.29106669999999],[-76.15751549999999,36.291133],[-76.1576483,36.29122860000001],[-76.15774490000001,36.291267500000004],[-76.15780890000002,36.29129369999998],[-76.1578902,36.29134049999999],[-76.15792390000001,36.29136360000001],[-76.15800439999998,36.29140719999998],[-76.15810959999999,36.2914179],[-76.15820530000002,36.29141929999997],[-76.15827739999997,36.29141929999997],[-76.15833090000001,36.29142999999999],[-76.15839010000002,36.291452600000014],[-76.1584499,36.291525200000024],[-76.15851550000002,36.29157140000001],[-76.15859499999999,36.291578800000025],[-76.15870139999998,36.291572599999995],[-76.15875779999999,36.291581399999984],[-76.15884970000002,36.29161779999998],[-76.15893060000002,36.29160940000003],[-76.1590223,36.29158130000002],[-76.15910730000002,36.291562899999974],[-76.15926230000002,36.2915486],[-76.15934140000002,36.29155969999999],[-76.15953050000002,36.291523900000016],[-76.15963620000002,36.29151280000002],[-76.1597554,36.29148959999998],[-76.1599473,36.291518499999995],[-76.15998739999998,36.2915246],[-76.16006529999999,36.29154399999999],[-76.16016669999999,36.291535599999975],[-76.1602618,36.29153480000002],[-76.16035679999999,36.29154349999999],[-76.16054739999998,36.29158050000001],[-76.16059159999998,36.29162659999997],[-76.16066089999998,36.29165130000001],[-76.16070960000002,36.29165210000002],[-76.16077519999999,36.2916348],[-76.16081750000001,36.29160999999999],[-76.16088989999997,36.29164029999998],[-76.16094720000001,36.29167619999998],[-76.16101529999997,36.29170909999999],[-76.1610614,36.29172629999999],[-76.16110090000001,36.291719899999975],[-76.1611962,36.29165999999998],[-76.1612763,36.29163169999998],[-76.16137880000002,36.29162450000001],[-76.1614396,36.29163799999998],[-76.16149519999999,36.29167690000003],[-76.16157140000001,36.29168249999998],[-76.16161419999997,36.29166300000003],[-76.16166370000002,36.291617099999996],[-76.16171109999999,36.29159279999999],[-76.16175470000002,36.2915931],[-76.16186269999997,36.291591600000004],[-76.16196730000001,36.291585],[-76.16207079999998,36.29157900000001],[-76.16218470000001,36.29158480000001],[-76.16230630000001,36.2915969],[-76.16238249999998,36.2915969],[-76.16249399999998,36.29157679999997],[-76.16254520000001,36.29157780000003],[-76.16254989999999,36.291578000000015],[-76.16268439999999,36.29158260000003],[-76.1628404,36.29161929999998],[-76.16301659999999,36.291627800000015],[-76.16308679999997,36.29162070000001],[-76.16316999999998,36.29158000000001],[-76.1632214,36.29157170000002],[-76.1632616,36.291585199999986],[-76.16331980000001,36.291639299999986],[-76.16339249999999,36.291693099999975],[-76.1634651,36.291724199999976],[-76.16353959999998,36.291779700000006],[-76.16370849999998,36.291848800000025],[-76.1638125,36.291904999999986],[-76.16390760000002,36.29192310000002],[-76.16400629999998,36.29194039999999],[-76.16420640000001,36.2919493],[-76.16425700000002,36.291954499999974],[-76.1643277,36.29205259999998],[-76.16439789999998,36.29214539999998],[-76.16443470000002,36.29223230000002],[-76.1644455,36.292338099999995],[-76.16445800000002,36.292396800000006],[-76.16449069999999,36.292445199999975],[-76.16458949999998,36.2925338],[-76.16460389999997,36.29262890000001],[-76.16463579999999,36.292698599999994],[-76.1646498,36.292730800000015],[-76.16469610000001,36.29280649999998],[-76.1647117,36.29284660000002],[-76.16475530000002,36.29302039999999],[-76.16478110000003,36.2930781],[-76.16481320000003,36.29313539999998],[-76.16482300000001,36.29315509999998],[-76.16480990000002,36.293198399999994],[-76.1648012,36.293263000000024],[-76.1647979,36.29336660000001],[-76.16476490000002,36.29340589999998],[-76.16474060000002,36.29345439999997],[-76.16473389999999,36.293467599999985],[-76.16472290000002,36.29351600000001],[-76.1647274,36.29356610000002],[-76.16474840000001,36.29361060000002],[-76.16475270000001,36.2936292],[-76.16474720000002,36.293644099999995],[-76.1647165,36.29369150000002],[-76.16471460000002,36.29373149999998],[-76.16472199999998,36.29378179999998],[-76.1647423,36.29395740000001],[-76.16472929999998,36.293991500000004],[-76.1646945,36.29406690000002],[-76.16468020000002,36.294109100000014],[-76.16468750000001,36.29416179999998],[-76.16470859999998,36.29419100000001],[-76.16478080000002,36.29421389999999],[-76.16480430000001,36.294269299999996],[-76.16484809999997,36.294391899999994],[-76.16488320000002,36.29446840000003],[-76.16492590000001,36.29453619999998],[-76.16501019999998,36.29465490000001],[-76.16506509999999,36.29478110000002],[-76.16509789999998,36.29486750000001],[-76.16510970000002,36.29494870000002],[-76.1651483,36.29507219999999],[-76.16515750000002,36.295096],[-76.16516639999998,36.29516239999998],[-76.16514790000002,36.29520719999999],[-76.16513179999998,36.29522850000001],[-76.165096,36.295359899999994],[-76.16504859999998,36.2954507],[-76.16503460000001,36.295507499999985],[-76.1650535,36.29560079999999],[-76.16506809999998,36.29567700000001],[-76.16506479999998,36.29574330000003],[-76.16502600000001,36.29580040000002],[-76.16501640000001,36.29582069999998],[-76.16501670000002,36.29586410000002],[-76.16502980000001,36.295882800000015],[-76.1651334,36.2959472],[-76.16520589999999,36.29597269999999],[-76.1652249,36.29599769999999],[-76.16522370000001,36.296016699999996],[-76.16519520000003,36.29603930000002],[-76.16514640000003,36.296072700000025],[-76.165119,36.296102399999995],[-76.16511550000001,36.29613690000002],[-76.1651359,36.29620790000001],[-76.16516000000001,36.29625970000001],[-76.16516419999999,36.29627690000001],[-76.16515709999999,36.29629829999999],[-76.16513429999998,36.296319700000026],[-76.16511250000002,36.29634349999998],[-76.16510369999997,36.29636140000002],[-76.16510319999998,36.29640610000001],[-76.16512,36.29644730000001],[-76.16513029999999,36.296463500000016],[-76.16515980000003,36.29648759999998],[-76.16517399999998,36.296491600000024],[-76.1652115,36.296499299999994],[-76.1652262,36.29651519999999],[-76.16528520000003,36.29671450000001],[-76.16531079999999,36.29676490000003],[-76.16536780000001,36.2969061],[-76.16540359999999,36.29698689999998],[-76.16538309999999,36.297058600000014],[-76.16534969999998,36.29715490000001],[-76.16529789999998,36.297205599999984],[-76.1652368,36.2972522],[-76.16522020000002,36.29730549999999],[-76.16522020000002,36.297328300000004],[-76.16522780000003,36.297349199999985],[-76.16525910000001,36.2973753],[-76.1653503,36.29744729999999],[-76.1654383,36.29746799999998],[-76.16554639999998,36.29746690000002],[-76.16562670000002,36.297415],[-76.16570990000002,36.2973447],[-76.16582160000002,36.29733729999998],[-76.16598240000002,36.297418900000025],[-76.16606869999998,36.29745350000002],[-76.16614980000003,36.29751060000001],[-76.16624560000002,36.29766519999998],[-76.16618290000002,36.29773660000001],[-76.16618310000001,36.29775119999999],[-76.16619450000002,36.29778470000002],[-76.16623670000001,36.297809900000004],[-76.16631969999997,36.297813399999995],[-76.16655309999999,36.297885199999996],[-76.16677179999999,36.297999300000015],[-76.16692490000003,36.298189200000024],[-76.1669622,36.298277900000016],[-76.16697499999998,36.298294],[-76.16699899999998,36.29832399999998],[-76.16708990000001,36.298355300000026],[-76.1671935,36.298477100000014],[-76.16734079999998,36.29867389999998],[-76.16734760000003,36.29880780000002],[-76.16732539999998,36.29888970000002],[-76.1673303,36.29897140000003],[-76.1673614,36.29900170000002],[-76.1674635,36.29903009999998],[-76.16760640000001,36.29903680000001],[-76.1676855,36.299024299999985],[-76.1679009,36.2990595],[-76.16793330000002,36.2991222],[-76.16796649999998,36.299147500000004],[-76.16806430000003,36.299178600000005],[-76.16817320000001,36.299204599999996],[-76.16826900000001,36.29920010000001],[-76.1683825,36.299238],[-76.16842150000002,36.29931499999998],[-76.16842780000002,36.29937180000002],[-76.1684381,36.299435500000016],[-76.1684702,36.299478299999976],[-76.16852849999998,36.29953740000002],[-76.16859499999998,36.29958069999998],[-76.16864149999998,36.299600999999996],[-76.16867309999998,36.29961830000002],[-76.16869209999999,36.299645],[-76.16869839999998,36.29968009999999],[-76.16858130000003,36.299777000000006],[-76.1685344,36.29984489999998],[-76.1685544,36.2999054],[-76.1685865,36.29994499999998],[-76.1686019,36.30000000000001],[-76.16682420000001,36.30000000000001],[-76.1402511,36.30000000000001],[-76.13179339999999,36.30000000000001],[-76.131801,36.299942999999985],[-76.131842,36.29984200000001],[-76.13191,36.29970100000003],[-76.13195999999999,36.29960999999997],[-76.13200999999998,36.299499000000026],[-76.13206600000001,36.29934800000001],[-76.132116,36.29924199999999],[-76.132228,36.29910000000001],[-76.13235300000002,36.29893900000002],[-76.13247799999999,36.298812999999996],[-76.13256200000001,36.298742000000004],[-76.13271099999997,36.29856100000001],[-76.132792,36.29848500000003],[-76.132836,36.29845999999998],[-76.13288,36.29845],[-76.13292999999999,36.29844000000003],[-76.132948,36.29841499999998],[-76.13296100000002,36.29836899999998],[-76.13295399999998,36.29832399999998],[-76.13296100000002,36.298272999999995],[-76.133017,36.298203],[-76.13304799999997,36.29812700000002],[-76.13307300000002,36.298055999999974],[-76.13311700000003,36.29797100000002],[-76.13315399999999,36.29794500000003],[-76.13322299999999,36.297919999999976],[-76.13327199999998,36.29789499999998],[-76.13331599999998,36.297860000000014],[-76.13337200000001,36.297819000000004],[-76.13342799999998,36.29778399999998],[-76.13347199999998,36.29776900000002],[-76.13352200000003,36.297758999999985],[-76.13354700000002,36.29776399999997],[-76.13359700000001,36.297754],[-76.133647,36.29771899999997],[-76.13367199999999,36.297683000000006],[-76.13369,36.297642999999994],[-76.133715,36.297618],[-76.133759,36.29761300000001],[-76.13378999999998,36.297618],[-76.13383399999998,36.29761300000001],[-76.13385899999997,36.29759200000001],[-76.13389000000001,36.29754200000002],[-76.13393300000001,36.29742599999997],[-76.13406400000002,36.29724399999998],[-76.13410800000003,36.29720400000002],[-76.134139,36.297184000000016],[-76.13418300000001,36.297173999999984]]]}},{"type":"Feature","properties":{},"geometry":{"type":"Polygon","coordinates":[[[-76.19999999999999,36.29880379999997],[-76.19999999999999,36.30000000000001],[-76.19930529999999,36.30000000000001],[-76.199385,36.299971200000016],[-76.19943849999999,36.299940900000024],[-76.19946440000001,36.29989649999999],[-76.1994929,36.29980010000003],[-76.19956989999997,36.29964690000003],[-76.1996231,36.29948830000001],[-76.1997116,36.299301300000025],[-76.19974159999998,36.29923789999998],[-76.19985459999998,36.29905059999999],[-76.1998595,36.29904140000002],[-76.19992559999997,36.29891980000002],[-76.1999725,36.298820999999975],[-76.19999960000001,36.29880379999997],[-76.19999999999999,36.29880379999997]]]}},{"type":"Feature","properties":{},"geometry":{"type":"Polygon","coordinates":[[[-76.1288419,36.29450800000001],[-76.128875,36.29450800000001],[-76.12890599999997,36.294497999999976],[-76.128919,36.294452999999976],[-76.12891200000001,36.294397000000004],[-76.12893100000002,36.294347000000016],[-76.12896899999998,36.29429699999997],[-76.129006,36.294241],[-76.12901799999997,36.29415],[-76.12905599999999,36.29410999999999],[-76.12908099999999,36.29409500000003],[-76.12915600000002,36.29407500000002],[-76.12929300000002,36.29405400000002],[-76.12939599999999,36.29402399999998],[-76.129527,36.29397399999999],[-76.12966999999998,36.29392300000001],[-76.12974500000001,36.29390799999999],[-76.12978800000002,36.29390799999999],[-76.12985099999997,36.29392300000001],[-76.12990100000002,36.293953999999985],[-76.12992600000001,36.29398400000002],[-76.129932,36.29403400000001],[-76.129907,36.29409500000003],[-76.12985099999997,36.29415],[-76.12973899999997,36.294241],[-76.129707,36.29427099999998],[-76.12970100000001,36.29429699999997],[-76.12971399999998,36.29432200000002],[-76.12978800000002,36.29449299999999],[-76.12981300000001,36.294512999999995],[-76.12984499999999,36.294512999999995],[-76.12985700000002,36.29449299999999],[-76.12985700000002,36.29445800000002],[-76.12988200000001,36.29429699999997],[-76.12990100000002,36.294241],[-76.12994400000002,36.294205999999974],[-76.13015000000001,36.294145000000015],[-76.13017500000001,36.29413499999998],[-76.13017500000001,36.29411499999998],[-76.13015000000001,36.294084999999995],[-76.13013799999999,36.29402900000002],[-76.13016900000002,36.29394300000001],[-76.13021199999997,36.293893000000025],[-76.13028100000002,36.29382700000002],[-76.13039900000001,36.29377199999999],[-76.13046200000002,36.293746999999996],[-76.13061800000003,36.293722],[-76.13073000000003,36.293691000000024],[-76.13083840000002,36.293658300000004],[-76.13092899999998,36.293631000000005],[-76.13106699999997,36.29356999999999],[-76.13139100000001,36.293510000000026],[-76.13159000000002,36.29349500000001],[-76.13172700000001,36.293499999999995],[-76.13181500000002,36.29352],[-76.13190200000003,36.293565],[-76.131955,36.293646000000024],[-76.13199900000001,36.293751999999984],[-76.13208600000002,36.293912999999975],[-76.13209799999998,36.293938000000026],[-76.13207999999997,36.29397899999998],[-76.13204400000001,36.29400770000001],[-76.13201099999998,36.29403400000001],[-76.131955,36.29408999999998],[-76.13194900000002,36.29412000000002],[-76.13196799999997,36.294241],[-76.13194900000002,36.294483000000014],[-76.13192400000003,36.29455899999999],[-76.13189899999998,36.29459400000002],[-76.13188600000001,36.29463900000002],[-76.13189299999999,36.294771000000026],[-76.13190200000003,36.294826],[-76.13189599999998,36.294892000000004],[-76.13187699999997,36.294962],[-76.131821,36.295184000000006],[-76.131802,36.295304999999985],[-76.13180899999998,36.29537099999999],[-76.13183299999997,36.29541599999999],[-76.13190200000003,36.295457],[-76.13196399999998,36.295492000000024],[-76.13200799999998,36.29552699999999],[-76.13219500000002,36.29568899999998],[-76.13231400000001,36.295794],[-76.13235100000003,36.29580499999997],[-76.13249400000001,36.29580499999997],[-76.13253200000003,36.29581999999999],[-76.132563,36.29585500000002],[-76.13261299999999,36.29592600000001],[-76.13266900000002,36.295951],[-76.13282500000003,36.29596600000002],[-76.132925,36.29598600000003],[-76.13299599999999,36.29600599999998],[-76.13320199999998,36.29612700000001],[-76.13343900000001,36.29625299999998],[-76.133576,36.29636900000003],[-76.13363800000002,36.29645499999998],[-76.13368200000002,36.29655100000002],[-76.13371999999998,36.296712000000014],[-76.133738,36.296763],[-76.13375100000002,36.296808],[-76.13374399999998,36.29684400000002],[-76.13372600000002,36.29685899999998],[-76.133688,36.296874],[-76.13363800000002,36.29688900000002],[-76.13360699999998,36.296914000000015],[-76.13358899999997,36.296955000000025],[-76.13355100000001,36.297000000000025],[-76.13350100000002,36.297045000000026],[-76.13343300000003,36.29708599999998],[-76.13330200000001,36.29713099999998],[-76.13308999999998,36.29722700000002],[-76.13304299999999,36.29724700000003],[-76.13300600000002,36.29727700000001],[-76.13298099999997,36.297312999999974],[-76.13294300000001,36.29740800000002],[-76.13290599999999,36.29749399999997],[-76.13288699999998,36.297529],[-76.132725,36.297690999999986],[-76.13261299999999,36.297797],[-76.13257499999997,36.29785199999998],[-76.13253800000001,36.297933],[-76.13252599999998,36.297968000000026],[-76.13249400000001,36.297999000000004],[-76.132476,36.29803900000002],[-76.13246900000001,36.29806400000001],[-76.132476,36.298089000000004],[-76.132476,36.298114999999996],[-76.132451,36.29814499999998],[-76.132407,36.29818],[-76.13240100000002,36.29821500000003],[-76.13238799999999,36.298261000000025],[-76.132363,36.298280999999974],[-76.13231999999999,36.29828600000002],[-76.13225699999998,36.298280999999974],[-76.13220799999999,36.29828600000002],[-76.13218899999998,36.29830099999998],[-76.13217600000002,36.29833100000002],[-76.13214799999997,36.298382000000004],[-76.13200499999999,36.298745],[-76.13198599999998,36.298811],[-76.13196099999999,36.298835999999994],[-76.13190500000002,36.298846000000026],[-76.131868,36.298846000000026],[-76.131824,36.29887100000002],[-76.13178699999997,36.29890599999999],[-76.13172400000002,36.29898700000001],[-76.13159300000001,36.299229000000025],[-76.13144699999998,36.299623],[-76.131416,36.29973899999999],[-76.131416,36.29991000000001],[-76.13141289999999,36.30000000000001],[-76.125,36.30000000000001],[-76.125,36.295504300000005],[-76.12503099999998,36.295502],[-76.12507499999998,36.295511999999974],[-76.125137,36.29554200000001],[-76.12529899999998,36.29570899999999],[-76.12534900000003,36.29575399999999],[-76.125405,36.29576400000002],[-76.12549899999999,36.295739000000026],[-76.12553600000001,36.295713999999975],[-76.125542,36.295694000000026],[-76.125542,36.29567300000002],[-76.125517,36.295653000000016],[-76.12546800000001,36.295638],[-76.12539299999997,36.29558800000001],[-76.12527399999999,36.295522000000005],[-76.125224,36.29547200000002],[-76.12521199999998,36.29544099999998],[-76.12521199999998,36.29540100000003],[-76.125249,36.29533600000002],[-76.125293,36.295255],[-76.125337,36.295209],[-76.12538,36.29519399999998],[-76.12549899999999,36.295173999999975],[-76.12580400000002,36.295139000000006],[-76.12604700000003,36.29510399999998],[-76.12621000000001,36.29507799999999],[-76.12632200000002,36.29503799999998],[-76.12642199999999,36.29497700000002],[-76.12645900000001,36.294962],[-76.126484,36.294962],[-76.126509,36.294966999999986],[-76.12652100000003,36.29498799999999],[-76.12652100000003,36.295068000000015],[-76.12655899999999,36.295139000000006],[-76.126577,36.29514899999998],[-76.12660199999999,36.29514899999998],[-76.12665199999998,36.29511400000001],[-76.12670800000001,36.29506300000003],[-76.12677100000002,36.29497700000002],[-76.12681400000002,36.294861000000026],[-76.12682699999999,36.29483099999999],[-76.126846,36.29482100000001],[-76.126889,36.294816000000026],[-76.12694800000003,36.294790999999975],[-76.127048,36.29473999999999],[-76.12712900000002,36.29469],[-76.12719199999998,36.29465499999998],[-76.12724100000003,36.29464999999999],[-76.127298,36.29464999999999],[-76.12737199999998,36.294685000000015],[-76.12740400000001,36.29469],[-76.12742200000002,36.294685000000015],[-76.12742800000001,36.29465499999998],[-76.12746600000003,36.294599000000005],[-76.12754100000001,36.294534],[-76.12761599999999,36.294497999999976],[-76.127703,36.294478000000026],[-76.12780299999997,36.29446300000001],[-76.12790899999999,36.29445800000002],[-76.12795799999998,36.29445800000002],[-76.12799000000001,36.294452999999976],[-76.12802099999999,36.29442799999998],[-76.12805800000001,36.294377],[-76.128127,36.294302000000016],[-76.128177,36.294261000000006],[-76.12822699999998,36.294241],[-76.12833899999998,36.29422099999999],[-76.128401,36.29420099999999],[-76.12847599999998,36.29414000000003],[-76.128532,36.29410999999999],[-76.12858799999998,36.294105],[-76.12865699999998,36.294105],[-76.12871899999999,36.29411499999998],[-76.12875700000001,36.29414000000003],[-76.128806,36.29437200000001],[-76.128806,36.294488],[-76.128825,36.29450800000001],[-76.1288419,36.29450800000001]]]}},{"type":"Feature","properties":{},"geometry":{"type":"Polygon","coordinates":[[[-76.095054,36.25414799999999],[-76.09520700000002,36.254227000000014],[-76.095259,36.254249000000016],[-76.09538400000002,36.254328999999984],[-76.095391,36.25433399999997],[-76.09564,36.254429000000016],[-76.09562,36.25446899999997],[-76.0958,36.254519000000016],[-76.09585600000003,36.25443999999999],[-76.09634799999998,36.25470999999999],[-76.09632099999999,36.25478900000002],[-76.096337,36.254816000000005],[-76.096341,36.25482199999999],[-76.096404,36.25484499999999],[-76.096543,36.25488999999999],[-76.09666800000002,36.254962999999975],[-76.096744,36.25499100000002],[-76.09680600000002,36.25500199999999],[-76.09688999999997,36.254997],[-76.09707700000001,36.25501300000002],[-76.097173,36.25503900000001],[-76.09722299999999,36.255052999999975],[-76.09733399999999,36.255097999999975],[-76.09743580000003,36.255150300000025],[-76.09761800000001,36.255244000000005],[-76.09745500000002,36.25551899999999],[-76.0975368,36.25558130000002],[-76.09816999999998,36.25606399999998],[-76.09803799999997,36.25627700000001],[-76.09810800000002,36.256372999999996],[-76.0982338,36.25650519999999],[-76.09842250000003,36.256703500000015],[-76.09848199999999,36.25676600000003],[-76.09867600000001,36.25694299999998],[-76.09872200000001,36.256984999999986],[-76.09886089999998,36.25715200000002],[-76.09889500000003,36.25719299999997],[-76.09911119999998,36.257444899999996],[-76.099131,36.25746800000002],[-76.09933790000002,36.257652199999995],[-76.09948120000001,36.25777979999998],[-76.09954099999999,36.257833000000005],[-76.09984600000001,36.25814700000001],[-76.1000431,36.25832589999999],[-76.10010599999998,36.25838299999998],[-76.10030699999999,36.25852900000001],[-76.10058500000002,36.25870900000001],[-76.10064940000001,36.258744200000024],[-76.100863,36.258861000000024],[-76.10092689999999,36.2588854],[-76.10107799999997,36.25894299999999],[-76.101112,36.25895600000001],[-76.10116799999997,36.258984],[-76.101272,36.258984],[-76.10135500000001,36.258966999999984],[-76.10145899999998,36.25894499999998],[-76.10153600000001,36.25893400000001],[-76.10159800000002,36.258939],[-76.10173700000001,36.259007],[-76.10195900000002,36.259164],[-76.1020517,36.25924429999998],[-76.102056,36.259248000000014],[-76.10206299999999,36.259326999999985],[-76.10204199999998,36.259371999999985],[-76.102035,36.259416999999985],[-76.102056,36.259479],[-76.10207400000002,36.259563000000014],[-76.10211500000003,36.259720000000016],[-76.10218500000002,36.259900000000016],[-76.10226799999998,36.26002299999999],[-76.10228899999998,36.26011299999999],[-76.102282,36.26015799999999],[-76.10223300000001,36.260197000000005],[-76.102192,36.26022599999999],[-76.10216400000002,36.260253999999975],[-76.102171,36.26028200000002],[-76.10218500000002,36.260320999999976],[-76.10221899999999,36.26035999999999],[-76.10224,36.26041600000002],[-76.10223300000001,36.26046100000002],[-76.102192,36.26050600000002],[-76.10210799999999,36.26056299999999],[-76.10207400000002,36.26059600000002],[-76.10206,36.26062400000001],[-76.10206,36.26069699999999],[-76.10209400000002,36.26076499999999],[-76.10214300000001,36.26077600000002],[-76.10235799999998,36.26077600000002],[-76.10241400000001,36.26079800000002],[-76.10244499999999,36.26082600000001],[-76.10247299999997,36.26089400000001],[-76.10247299999997,36.26094999999998],[-76.10244499999999,36.26097299999998],[-76.10238199999998,36.260988999999995],[-76.10236900000001,36.26101699999998],[-76.10237599999999,36.26104600000002],[-76.10238900000002,36.261078999999995],[-76.102438,36.261135000000024],[-76.10249299999998,36.261180000000024],[-76.10251399999999,36.26120300000002],[-76.10251399999999,36.261371],[-76.10250000000002,36.26150000000001],[-76.10251399999999,36.261585000000025],[-76.10248000000001,36.261641],[-76.10242399999998,36.26166899999998],[-76.10234100000002,36.261690999999985],[-76.10223000000002,36.26169700000003],[-76.10216000000003,36.261708],[-76.102126,36.26171900000003],[-76.10211199999998,36.261735999999985],[-76.10211199999998,36.261758999999984],[-76.10211900000002,36.261798],[-76.102195,36.26185400000003],[-76.10225100000002,36.26187700000003],[-76.10229199999998,36.261888],[-76.102348,36.261888],[-76.10240299999998,36.261837000000014],[-76.10244499999999,36.26178700000003],[-76.102487,36.26177000000001],[-76.10252100000002,36.261776],[-76.10259100000002,36.261803999999984],[-76.102688,36.261882000000014],[-76.102757,36.261972000000014],[-76.10279200000002,36.262062000000014],[-76.10282000000001,36.26216899999997],[-76.102868,36.262332000000015],[-76.10289599999999,36.26236499999999],[-76.102979,36.262399000000016],[-76.10303499999998,36.26243299999999],[-76.10305599999998,36.26247799999999],[-76.103049,36.262517],[-76.10301399999997,36.262562],[-76.10298599999999,36.26260100000002],[-76.10298599999999,36.26264600000002],[-76.10299300000003,36.262684999999976],[-76.10301399999997,36.26272499999999],[-76.10307699999998,36.262760000000014],[-76.10325699999999,36.262833],[-76.10328500000003,36.262850000000014],[-76.10329899999999,36.262872000000016],[-76.10329899999999,36.262917000000016],[-76.10330599999998,36.262962000000016],[-76.103316,36.26301799999999],[-76.10337199999998,36.26310799999999],[-76.10349000000002,36.26329900000002],[-76.103545,36.26345600000002],[-76.103587,36.26366999999999],[-76.103587,36.26383800000002],[-76.103566,36.26387199999999],[-76.10353099999998,36.26388300000002],[-76.10346900000002,36.26384999999999],[-76.10342000000003,36.26382100000001],[-76.10335099999998,36.26380999999998],[-76.10326800000001,36.26382100000001],[-76.10321900000002,36.263844000000006],[-76.10319099999998,36.26387799999998],[-76.10316999999998,36.26391699999999],[-76.103184,36.26401800000002],[-76.10319800000002,36.26405199999999],[-76.10324000000003,36.26409100000001],[-76.103316,36.26410800000002],[-76.103455,36.26414199999999],[-76.10357299999998,36.26420300000001],[-76.10366299999998,36.26426500000002],[-76.10370799999998,36.264320999999995],[-76.10378500000002,36.264467000000025],[-76.10383999999999,36.264580000000024],[-76.103882,36.26463000000001],[-76.10394400000001,36.26470899999998],[-76.103993,36.264793],[-76.10401999999999,36.26488899999998],[-76.104014,36.265000999999984],[-76.10398600000002,36.26510200000001],[-76.103951,36.265175],[-76.103882,36.265242],[-76.103812,36.265287],[-76.10372899999999,36.26532099999997],[-76.10356200000001,36.26536599999997],[-76.10347200000001,36.26538799999997],[-76.10341699999998,36.265427999999986],[-76.10337500000003,36.26545599999997],[-76.10328500000003,36.265472999999986],[-76.103229,36.26547799999997],[-76.10316699999998,36.265512],[-76.103139,36.265579],[-76.10312900000002,36.265664000000015],[-76.103184,36.265984],[-76.10328800000002,36.26637099999999],[-76.10332299999999,36.266388000000006],[-76.10339199999999,36.26638200000002],[-76.103476,36.26635399999998],[-76.10351000000003,36.26635399999998],[-76.103587,36.26641599999999],[-76.10364199999998,36.26645000000002],[-76.10370499999999,36.266482999999994],[-76.10373199999998,36.26650599999999],[-76.103726,36.26657899999998],[-76.10373900000002,36.266662999999994],[-76.10377399999999,36.26669700000002],[-76.103816,36.26671399999998],[-76.10476299999999,36.26701700000001],[-76.105367,36.267229999999984],[-76.105748,36.26735400000001],[-76.10583200000002,36.267404],[-76.10586,36.267472],[-76.10585300000002,36.267499999999984],[-76.10581100000002,36.267544999999984],[-76.10564399999998,36.267679999999984],[-76.10550599999999,36.267791999999986],[-76.10535299999998,36.267966],[-76.10529000000002,36.26809500000002],[-76.105277,36.268123],[-76.10524900000001,36.26814000000002],[-76.10520700000001,36.26814000000002],[-76.105166,36.26813499999997],[-76.10501299999999,36.26808399999999],[-76.10490900000002,36.268066999999974],[-76.10488800000002,36.268066999999974],[-76.10485999999997,36.268078],[-76.10483900000003,36.26810599999999],[-76.10477700000001,36.26814000000002],[-76.10463099999998,36.26817399999999],[-76.10456199999999,36.268201999999974],[-76.10450600000001,36.26824099999999],[-76.10447199999999,36.268313999999975],[-76.10444000000001,36.26843200000002],[-76.10444000000001,36.26860099999999],[-76.10445399999998,36.26883700000002],[-76.104468,36.26906100000002],[-76.10445399999998,36.269251999999994],[-76.10444000000001,36.269645000000025],[-76.10445099999998,36.269836],[-76.104513,36.269975999999986],[-76.10456900000003,36.270088999999984],[-76.10470099999998,36.27024],[-76.10486830000002,36.27041869999999],[-76.104964,36.270520999999974],[-76.10501299999999,36.270565999999974],[-76.105054,36.270572000000016],[-76.105096,36.27056099999999],[-76.10520700000001,36.27056099999999],[-76.10527000000002,36.270617000000016],[-76.105346,36.27067299999999],[-76.10542900000002,36.27073999999999],[-76.105568,36.270835999999974],[-76.10570000000001,36.27097600000002],[-76.10572989999997,36.271017400000005],[-76.10580099999999,36.271116000000006],[-76.105863,36.27120600000001],[-76.10592500000001,36.27134100000001],[-76.10599500000001,36.27156000000002],[-76.106064,36.27169500000002],[-76.10611999999998,36.27176800000001],[-76.10620999999998,36.271862999999996],[-76.10625199999998,36.271919000000025],[-76.10629999999998,36.27207099999998],[-76.106383,36.272223],[-76.10645299999999,36.27228500000001],[-76.10652199999998,36.27230100000003],[-76.10656399999999,36.272324000000026],[-76.10663699999998,36.27239100000003],[-76.10677600000002,36.272504000000026],[-76.10685899999999,36.27257700000001],[-76.10691400000002,36.27263799999997],[-76.10695600000003,36.272717],[-76.10704600000003,36.272789999999986],[-76.10724699999997,36.272942],[-76.10739999999998,36.273031],[-76.10751099999999,36.27308199999999],[-76.10770500000001,36.273278000000005],[-76.10794800000002,36.27347500000002],[-76.10798299999999,36.27352000000002],[-76.10798999999997,36.273581999999976],[-76.10796900000003,36.27366000000001],[-76.10798299999999,36.27369399999998],[-76.10799300000002,36.273728000000006],[-76.10807699999998,36.27378900000002],[-76.10821600000003,36.27386200000001],[-76.10847899999999,36.27398599999998],[-76.10887500000001,36.274171000000024],[-76.10922900000003,36.27433400000001],[-76.10942999999997,36.27441299999998],[-76.110048,36.274621000000025],[-76.110773,36.274816999999985],[-76.11109900000002,36.274873000000014],[-76.111425,36.274913000000026],[-76.11148100000003,36.274906999999985],[-76.11152900000002,36.274883999999986],[-76.11158499999999,36.27484500000003],[-76.111647,36.274823000000026],[-76.111696,36.274816999999985],[-76.11173100000002,36.27480000000003],[-76.111737,36.274778000000026],[-76.11175100000003,36.274688000000026],[-76.111786,36.27462600000001],[-76.11182100000002,36.274609],[-76.11186900000001,36.274609],[-76.11190399999998,36.27461499999998],[-76.11193200000002,36.27461499999998],[-76.11194599999999,36.27460400000001],[-76.11194599999999,36.274564],[-76.11196000000001,36.27449100000001],[-76.11199399999998,36.27438999999998],[-76.112078,36.27429999999998],[-76.11215399999998,36.27422200000001],[-76.112279,36.274171000000024],[-76.11237599999998,36.274159999999995],[-76.11244499999998,36.27416599999998],[-76.11254200000002,36.274182999999994],[-76.11260499999997,36.27419900000001],[-76.11266699999999,36.27419400000002],[-76.11276500000002,36.27416599999998],[-76.112799,36.27415400000001],[-76.11284799999999,36.27415400000001],[-76.11290300000002,36.27417700000001],[-76.11294500000002,36.27419900000001],[-76.11298699999998,36.27424400000001],[-76.11302799999999,36.27431200000001],[-76.11309799999998,36.27440200000001],[-76.11326400000002,36.274542],[-76.113403,36.27467100000001],[-76.11346500000002,36.27471000000003],[-76.11354899999998,36.274726999999984],[-76.11361099999999,36.27473800000001],[-76.11365999999998,36.27479499999998],[-76.113677,36.27483999999998],[-76.11369100000002,36.274973999999986],[-76.11363599999999,36.275143000000014],[-76.113587,36.27526599999999],[-76.113587,36.275338999999974],[-76.11361499999998,36.27541200000002],[-76.113629,36.27542399999999],[-76.11364900000001,36.27542399999999],[-76.11368399999998,36.27541200000002],[-76.11370499999998,36.27541200000002],[-76.113719,36.275435000000016],[-76.11370499999998,36.27550200000002],[-76.113698,36.275563999999974],[-76.11369100000002,36.27558099999999],[-76.11369100000002,36.27560299999999],[-76.11371200000002,36.27562],[-76.11372599999999,36.27562599999999],[-76.113767,36.275643],[-76.11378100000002,36.27567099999999],[-76.113767,36.275698999999975],[-76.113767,36.27572700000002],[-76.11377520000002,36.2757398],[-76.11378100000002,36.27574900000002],[-76.11383000000001,36.27575999999999],[-76.11389200000002,36.27577200000002],[-76.11391300000003,36.275810999999976],[-76.11390599999999,36.275845000000004],[-76.11383000000001,36.275912000000005],[-76.11369400000001,36.27602999999999],[-76.113542,36.27616499999999],[-76.11352099999999,36.27620999999999],[-76.11351400000001,36.27624900000001],[-76.11353500000001,36.27631600000001],[-76.113583,36.27638400000001],[-76.11360400000001,36.27642900000001],[-76.113583,36.27651300000002],[-76.11357700000002,36.27656300000001],[-76.113583,36.276635999999996],[-76.11360400000001,36.27668699999998],[-76.11364600000002,36.27672100000001],[-76.113674,36.276760000000024],[-76.11368670000002,36.27681009999998],[-76.11369400000001,36.276838999999995],[-76.113743,36.27692300000001],[-76.11377099999999,36.277018],[-76.113764,36.277086],[-76.11371500000001,36.277192000000014],[-76.11370099999999,36.277243],[-76.11371500000001,36.277292999999986],[-76.113767,36.277355],[-76.113948,36.277484000000015],[-76.114059,36.27753999999999],[-76.11418789999999,36.277573200000006],[-76.114191,36.277574000000016],[-76.11431599999997,36.277657999999974],[-76.11448200000001,36.277804],[-76.11453990000001,36.2778371],[-76.11471799999998,36.277939],[-76.114912,36.27805699999999],[-76.11492070000003,36.27808110000001],[-76.11492600000003,36.278096000000005],[-76.11492600000003,36.278129999999976],[-76.11494699999997,36.27815199999998],[-76.11502999999999,36.27819699999998],[-76.11512800000003,36.278254000000004],[-76.11529180000002,36.27834339999998],[-76.11544700000002,36.27842800000002],[-76.11557479999999,36.27847750000001],[-76.11561999999998,36.27849500000002],[-76.115704,36.27852899999999],[-76.11577299999999,36.27856200000002],[-76.11580909999998,36.27859289999998],[-76.115905,36.27867500000002],[-76.116019,36.27874200000002],[-76.11613,36.27878700000002],[-76.11620699999997,36.27883200000002],[-76.11631290000003,36.27891010000002],[-76.116512,36.27905700000002],[-76.11656799999997,36.27901700000001],[-76.11662999999999,36.27904000000001],[-76.11661600000002,36.27909],[-76.116672,36.279112999999995],[-76.11709789999998,36.27937220000001],[-76.11720600000001,36.27943800000003],[-76.11735199999998,36.279525999999976],[-76.11756329999997,36.279653499999995],[-76.11780299999998,36.27979800000003],[-76.11796900000002,36.279899],[-76.11801100000002,36.279944],[-76.11803900000001,36.280011],[-76.11804790000002,36.280019100000004],[-76.11806999999999,36.28003899999999],[-76.11825700000003,36.280146],[-76.118424,36.28025200000002],[-76.11853400000001,36.28030699999999],[-76.118604,36.28034200000002],[-76.1187301,36.28041380000002],[-76.11879199999998,36.280448999999976],[-76.11884900000001,36.28047400000003],[-76.11897199999999,36.280528000000004],[-76.11906199999999,36.280583999999976],[-76.11917999999997,36.28067900000002],[-76.11931199999998,36.28076299999998],[-76.11947199999997,36.28085900000002],[-76.1195209,36.28088120000001],[-76.119708,36.28096599999998],[-76.11994399999998,36.28104999999999],[-76.12002510000002,36.2810776],[-76.12004100000001,36.281083000000024],[-76.12012399999998,36.28109999999998],[-76.120159,36.28113400000001],[-76.12016599999998,36.28118999999998],[-76.120159,36.281228999999996],[-76.12011000000001,36.281263000000024],[-76.12008300000002,36.281273999999996],[-76.120069,36.281308000000024],[-76.12006500000001,36.28136999999998],[-76.120135,36.28149300000001],[-76.12018999999998,36.281521],[-76.12023199999999,36.281521],[-76.12030099999998,36.28152699999998],[-76.12034299999999,36.281555000000026],[-76.120405,36.281593999999984],[-76.12050900000003,36.28161699999998],[-76.12059299999999,36.281623000000025],[-76.12064099999998,36.28160600000001],[-76.12069000000002,36.281566],[-76.12073099999998,36.28154999999998],[-76.120766,36.28154999999998],[-76.12080099999997,36.28157199999998],[-76.12082199999998,36.28165100000001],[-76.12084199999998,36.281701],[-76.12087000000002,36.28171800000001],[-76.12091199999998,36.28171800000001],[-76.12095299999999,36.281728999999984],[-76.12095299999999,36.28175199999998],[-76.120947,36.28179699999998],[-76.12095299999999,36.281858],[-76.12097399999999,36.28189800000001],[-76.12118900000002,36.28213899999997],[-76.12125900000001,36.28218399999997],[-76.12130000000002,36.28218399999997],[-76.12134900000001,36.282167000000015],[-76.12158499999998,36.282010000000014],[-76.121689,36.282105],[-76.12196699999998,36.28240899999997],[-76.12203599999998,36.282520999999974],[-76.12206400000002,36.28255999999999],[-76.12205699999998,36.28258299999999],[-76.12196,36.28264999999999],[-76.12194599999998,36.282677999999976],[-76.121939,36.28270600000002],[-76.12196,36.28275100000002],[-76.12217500000003,36.28293100000002],[-76.12225799999999,36.28296399999999],[-76.12230699999998,36.28296399999999],[-76.12235500000003,36.28295300000002],[-76.122432,36.282914000000005],[-76.12253600000003,36.282902999999976],[-76.12263999999999,36.282914000000005],[-76.12270899999999,36.28295300000002],[-76.12278600000002,36.28300899999999],[-76.12286899999998,36.28311000000002],[-76.12293799999998,36.28317199999998],[-76.1229831,36.2831989],[-76.123042,36.28323399999999],[-76.12328500000001,36.283345999999995],[-76.123403,36.28338600000001],[-76.12346600000001,36.283390999999995],[-76.12352099999998,36.28339699999998],[-76.12366700000001,36.28338600000001],[-76.12381399999998,36.283381899999995],[-76.12388199999998,36.28338000000002],[-76.12403699999999,36.28339399999999],[-76.12412799999998,36.28342199999997],[-76.12430799999998,36.283500000000004],[-76.124371,36.28356200000002],[-76.12453699999998,36.28372999999999],[-76.124641,36.28381999999999],[-76.12482499999999,36.28394900000001],[-76.1248802,36.28399280000002],[-76.125,36.28408780000001],[-76.125,36.2949041],[-76.124976,36.29492299999998],[-76.12490700000001,36.29494],[-76.124844,36.294951000000026],[-76.12480299999999,36.294962999999996],[-76.124754,36.29499099999998],[-76.12472700000001,36.295041000000026],[-76.12471299999999,36.29506900000001],[-76.12471299999999,36.295109000000025],[-76.12472000000002,36.29515900000001],[-76.12469900000002,36.29521],[-76.12462199999999,36.29531100000003],[-76.12458800000002,36.295344],[-76.12455299999999,36.295361000000014],[-76.124435,36.29538400000001],[-76.12420600000002,36.295439999999985],[-76.12405999999999,36.29548999999997],[-76.124012,36.295496000000014],[-76.12399099999999,36.295496000000014],[-76.123963,36.295479],[-76.12394899999998,36.295439999999985],[-76.123921,36.295367],[-76.123921,36.295232],[-76.123942,36.295131000000026],[-76.12393500000002,36.295097],[-76.12390099999999,36.295075],[-76.12384500000002,36.29506900000001],[-76.12381699999997,36.295052],[-76.12379700000002,36.295007999999996],[-76.123783,36.29494599999998],[-76.12375500000002,36.29486200000002],[-76.12375500000002,36.29480000000001],[-76.123804,36.294749000000024],[-76.123921,36.294647999999995],[-76.12394899999998,36.29459200000002],[-76.123942,36.29457000000002],[-76.12392799999998,36.294557999999995],[-76.123894,36.294557999999995],[-76.12384500000002,36.294602999999995],[-76.12379700000002,36.294670999999994],[-76.123741,36.294715999999994],[-76.12366500000002,36.294737999999995],[-76.12351899999999,36.294760999999994],[-76.12344999999999,36.294749000000024],[-76.12341600000002,36.294730000000015],[-76.12338499999998,36.29463900000002],[-76.12336599999998,36.29460899999998],[-76.123335,36.29459400000002],[-76.12329199999999,36.29459400000002],[-76.122999,36.294579],[-76.122949,36.29456399999998],[-76.12293599999998,36.294554000000005],[-76.12293,36.29452900000001],[-76.12293599999998,36.29451799999998],[-76.12297999999998,36.294483000000014],[-76.12297999999998,36.29445800000002],[-76.122974,36.29442799999998],[-76.12284299999999,36.294352],[-76.122818,36.294347000000016],[-76.12277999999998,36.294347000000016],[-76.12275499999998,36.29435699999999],[-76.12274300000001,36.29438699999997],[-76.12272999999999,36.294422999999995],[-76.122706,36.29445800000002],[-76.122656,36.294483000000014],[-76.1225,36.294497999999976],[-76.12244399999997,36.294497999999976],[-76.12240600000001,36.294488],[-76.12239399999999,36.294467999999995],[-76.12239399999999,36.294433000000026],[-76.12237499999998,36.29441300000002],[-76.122319,36.29438699999997],[-76.12216899999999,36.29431199999999],[-76.12201299999998,36.294216000000006],[-76.121914,36.29415],[-76.121801,36.294100000000014],[-76.12167099999999,36.29405400000002],[-76.121533,36.29401899999999],[-76.121465,36.294014000000004],[-76.12140900000003,36.29400399999997],[-76.121377,36.29398900000001],[-76.12134600000002,36.293969000000004],[-76.121309,36.293927999999994],[-76.12127099999998,36.29392300000001],[-76.12110899999999,36.29395899999997],[-76.120904,36.294043999999985],[-76.12089099999997,36.29406999999998],[-76.12089099999997,36.29408000000001],[-76.12089639999999,36.294084199999986],[-76.12090999999998,36.29409500000003],[-76.12094100000002,36.29409500000003],[-76.12097799999998,36.29408999999998],[-76.12114700000001,36.29404899999997],[-76.12123400000002,36.29402399999998],[-76.12127800000002,36.29402900000002],[-76.121328,36.294039],[-76.121377,36.294084999999995],[-76.121421,36.29412500000001],[-76.12145199999998,36.29414000000003],[-76.12149,36.29413499999998],[-76.121533,36.294129999999996],[-76.12159600000001,36.29413499999998],[-76.121621,36.29415499999999],[-76.12166400000001,36.29416500000002],[-76.12169499999999,36.294174999999996],[-76.12176399999998,36.29420099999999],[-76.12183900000002,36.294241],[-76.12188300000003,36.294250999999974],[-76.12194499999998,36.294286],[-76.12203799999997,36.294336999999985],[-76.12210099999999,36.294397000000004],[-76.12228800000003,36.294467999999995],[-76.122319,36.29450300000002],[-76.12230599999998,36.29454900000002],[-76.1223,36.29459400000002],[-76.12231300000002,36.294614000000024],[-76.12233800000001,36.294624],[-76.122388,36.294624],[-76.12244399999997,36.294633999999974],[-76.12256200000002,36.294614000000024],[-76.12268699999998,36.294583999999986],[-76.122749,36.29455899999999],[-76.12277999999998,36.29454900000002],[-76.122818,36.29454900000002],[-76.12287400000002,36.294569000000024],[-76.12292400000001,36.294624],[-76.12299200000001,36.29469999999998],[-76.12304799999998,36.294735],[-76.123111,36.29475000000002],[-76.12316099999998,36.294730000000015],[-76.12317300000001,36.294719999999984],[-76.12319200000002,36.294715],[-76.123223,36.294730000000015],[-76.123245,36.294760999999994],[-76.12345099999999,36.294892000000004],[-76.12349999999998,36.294937000000004],[-76.12358799999998,36.29509300000001],[-76.12365,36.29520400000001],[-76.12366300000002,36.295275000000004],[-76.12365,36.295345999999995],[-76.12361900000002,36.29538600000001],[-76.123582,36.295406000000014],[-76.12345099999999,36.29545200000001],[-76.123264,36.295492000000024],[-76.12308300000001,36.29551700000002],[-76.122995,36.295522000000005],[-76.12290200000001,36.295506999999986],[-76.12279000000001,36.295506999999986],[-76.12270899999999,36.29552699999999],[-76.12262099999998,36.295568],[-76.12247200000002,36.295694000000026],[-76.12240300000002,36.295758999999975],[-76.12238400000001,36.295794],[-76.12237499999998,36.29589499999997],[-76.12234999999998,36.295996],[-76.12233800000001,36.29612700000001],[-76.12233800000001,36.29624799999999],[-76.12234999999998,36.29634900000002],[-76.12232499999999,36.29644999999999],[-76.12229400000001,36.29655600000001],[-76.12218200000001,36.296707000000026],[-76.122051,36.29683899999998],[-76.122007,36.29689400000001],[-76.12194499999998,36.296919],[-76.12188300000003,36.29693400000002],[-76.12181399999997,36.29693900000001],[-76.12176399999998,36.29693900000001],[-76.12172700000002,36.296955000000025],[-76.12170200000003,36.29698500000001],[-76.12167699999998,36.297019999999975],[-76.121621,36.29705000000001],[-76.12156800000002,36.297064999999975],[-76.121125,36.297207000000014],[-76.12075099999998,36.29732799999999],[-76.12062600000002,36.29735299999999],[-76.12052599999998,36.297348],[-76.12046400000003,36.29732799999999],[-76.12040200000001,36.297303],[-76.12035200000003,36.29726199999999],[-76.12024000000002,36.29717099999999],[-76.12012700000002,36.297105999999985],[-76.120046,36.297076000000004],[-76.11991499999999,36.29705999999999],[-76.11976600000003,36.297064999999975],[-76.11961600000001,36.29708599999998],[-76.119373,36.29716100000002],[-76.11920500000002,36.297212],[-76.11914200000001,36.29724700000003],[-76.11911400000002,36.29726699999998],[-76.119077,36.297312999999974],[-76.11904600000003,36.297393],[-76.11902700000002,36.297499000000016],[-76.11902099999998,36.29753499999998],[-76.118989,36.29755499999999],[-76.11895199999998,36.29757000000001],[-76.11877099999998,36.29763000000003],[-76.11852800000003,36.29771099999999],[-76.11841600000002,36.29775599999999],[-76.118335,36.29780199999999],[-76.11811,36.297999000000004],[-76.11796099999998,36.29815000000002],[-76.11792300000002,36.29818],[-76.117861,36.29819500000002],[-76.11767400000002,36.298220000000015],[-76.117481,36.29825599999998],[-76.11737499999998,36.298291000000006],[-76.11731200000003,36.29832099999999],[-76.117256,36.298362],[-76.11719699999998,36.298411999999985],[-76.117097,36.298513000000014],[-76.11697299999997,36.298674000000005],[-76.116873,36.29879],[-76.11684200000002,36.298820999999975],[-76.11679199999998,36.29883100000001],[-76.11674199999999,36.298835999999994],[-76.116692,36.298846000000026],[-76.11667299999999,36.298856],[-76.11661099999998,36.29892100000001],[-76.11654900000002,36.29902199999998],[-76.11645499999997,36.29918900000001],[-76.11642999999998,36.29926899999998],[-76.11642999999998,36.29937000000001],[-76.11643600000002,36.299623],[-76.11642999999998,36.299683000000016],[-76.11641100000003,36.29972299999997],[-76.11634900000001,36.29978399999999],[-76.116174,36.29993000000002],[-76.11608080000002,36.30000000000001],[-76.095,36.30000000000001],[-76.095,36.25412237288135],[-76.095054,36.25414799999999]]]}},{"type":"Feature","properties":{},"geometry":{"type":"Polygon","coordinates":[[[-76.125,36.23054880000001],[-76.124932,36.23038300000002],[-76.12487900000002,36.230256999999995],[-76.12481700000001,36.230170999999984],[-76.12475110000003,36.23008090000002],[-76.12471099999999,36.23002600000001],[-76.12465800000001,36.22995900000001],[-76.12464599999998,36.22991999999999],[-76.124638,36.229817000000025],[-76.12460900000002,36.22974099999999],[-76.12453199999999,36.22964200000001],[-76.12445400000001,36.229602],[-76.124368,36.229579],[-76.12429500000002,36.229513],[-76.12422500000002,36.22942699999999],[-76.124213,36.22935799999999],[-76.124233,36.22929799999997],[-76.12422500000002,36.229228999999975],[-76.12416400000001,36.22907300000003],[-76.12411500000002,36.228994],[-76.124033,36.22891800000002],[-76.12395600000002,36.22885500000001],[-76.12391100000002,36.22882499999997],[-76.12390699999997,36.22880500000002],[-76.12389000000002,36.22877599999998],[-76.12388600000003,36.22869700000001],[-76.12390699999997,36.228639999999984],[-76.12391100000002,36.228564000000006],[-76.12388600000003,36.22846500000003],[-76.12387000000001,36.228376000000026],[-76.12387000000001,36.22832199999999],[-76.12387000000001,36.228256999999985],[-76.123854,36.22813100000002],[-76.123809,36.22801199999998],[-76.12380580000001,36.227982],[-76.12379600000003,36.22789],[-76.123784,36.22774399999997],[-76.12374699999998,36.227581999999984],[-76.12367799999998,36.22733099999999],[-76.12365299999999,36.22720199999998],[-76.12363699999997,36.22713199999998],[-76.12361700000002,36.22708299999999],[-76.12360000000001,36.22705300000001],[-76.12356799999998,36.22704299999998],[-76.12350600000002,36.227022999999974],[-76.12345299999998,36.226984000000016],[-76.12342100000001,36.22694100000001],[-76.12338799999998,36.22687400000001],[-76.12332300000003,36.22665000000001],[-76.12331180000001,36.22660810000002],[-76.12326100000001,36.226418000000024],[-76.12324899999999,36.226342999999986],[-76.12321600000001,36.22629999999998],[-76.12316700000002,36.22624999999999],[-76.12315100000001,36.22618699999998],[-76.12315100000001,36.22607799999997],[-76.12313,36.225999],[-76.12306899999999,36.225909],[-76.12302,36.22576400000003],[-76.12295499999999,36.225558999999976],[-76.122881,36.225356999999974],[-76.12287090000001,36.22531600000002],[-76.12283200000002,36.22515900000002],[-76.12276980000001,36.22500000000002],[-76.125,36.22500000000002],[-76.125,36.23054880000001]]]}},{"type":"Feature","properties":{},"geometry":{"type":"Polygon","coordinates":[[[-76.125,36.30000000000001],[-76.1161768,36.30000000000001],[-76.116287,36.299919999999986],[-76.11639300000002,36.299848999999995],[-76.11644899999999,36.299803999999995],[-76.11648600000001,36.299717999999984],[-76.116514,36.29958199999999],[-76.116533,36.29933999999997],[-76.11658299999999,36.29913800000003],[-76.11662000000001,36.29904800000003],[-76.11667,36.298992],[-76.11671999999999,36.29895699999997],[-76.116782,36.29893199999998],[-76.11688800000002,36.298901],[-76.11694399999999,36.298865999999975],[-76.11699399999998,36.29881599999999],[-76.11706299999997,36.29871000000003],[-76.11718100000002,36.298572999999976],[-76.11728699999998,36.298473],[-76.117368,36.29841699999997],[-76.117478,36.298366999999985],[-76.11768999999998,36.29833100000002],[-76.117908,36.298291000000006],[-76.11799500000001,36.298271],[-76.118089,36.29820999999998],[-76.11823199999998,36.29810400000002],[-76.118338,36.298028999999985],[-76.11844400000001,36.297957999999994],[-76.118606,36.297871999999984],[-76.11884900000001,36.297781999999984],[-76.11900500000002,36.29771599999998],[-76.119099,36.297661000000005],[-76.11915499999998,36.29761000000002],[-76.11919799999998,36.29755499999999],[-76.11924800000003,36.29747900000001],[-76.11929800000001,36.29739799999999],[-76.119373,36.29732799999999],[-76.11942299999998,36.29729200000003],[-76.11949800000002,36.29726199999999],[-76.11959100000001,36.29723200000001],[-76.119819,36.297212],[-76.11989399999999,36.297212],[-76.119937,36.29722199999998],[-76.11998699999998,36.297236999999996],[-76.120049,36.29727700000001],[-76.12022400000001,36.29742399999998],[-76.12029899999999,36.297484],[-76.12035500000002,36.29750899999999],[-76.120473,36.29751900000002],[-76.12061699999998,36.29752400000001],[-76.12077900000003,36.29749399999997],[-76.12097799999998,36.297459],[-76.12118400000003,36.29742399999998],[-76.121328,36.29737299999999],[-76.12149,36.297297000000015],[-76.121602,36.297252000000015],[-76.12167699999998,36.29724199999998],[-76.12177000000003,36.29723200000001],[-76.12188300000003,36.29722700000002],[-76.12202000000002,36.29722700000002],[-76.12213200000002,36.29723200000001],[-76.12219399999998,36.29722700000002],[-76.12223799999998,36.29719699999998],[-76.12229400000001,36.297121000000004],[-76.12233500000002,36.297045000000026],[-76.12239699999998,36.296903999999984],[-76.12246499999998,36.296798000000024],[-76.12250899999998,36.29675800000001],[-76.12255299999998,36.296717],[-76.12262800000002,36.296672],[-76.12266499999998,36.296651999999995],[-76.12267700000001,36.29662200000001],[-76.12268399999999,36.296561],[-76.12268999999998,36.296491],[-76.12270899999999,36.29635400000001],[-76.12273399999998,36.29623800000002],[-76.12273399999998,36.29604699999999],[-76.12276500000002,36.29596600000002],[-76.12279000000001,36.29592600000001],[-76.12282099999999,36.29590000000002],[-76.12289600000003,36.29588000000001],[-76.122971,36.295875000000024],[-76.12310100000002,36.29586999999998],[-76.12317000000002,36.295860000000005],[-76.12321400000002,36.295844999999986],[-76.12330700000001,36.29583500000001],[-76.12346300000002,36.29581999999999],[-76.12361299999998,36.29581999999999],[-76.12375600000001,36.29583500000001],[-76.123875,36.29585500000002],[-76.12390599999998,36.29585500000002],[-76.12393700000001,36.29584],[-76.123962,36.29581000000002],[-76.12398100000001,36.295784000000026],[-76.124012,36.295784000000026],[-76.12406199999998,36.29578900000001],[-76.124124,36.29582499999998],[-76.124168,36.29584],[-76.12422400000003,36.29583500000001],[-76.12429900000001,36.29581999999999],[-76.12439799999999,36.295799999999986],[-76.12446999999997,36.29578900000001],[-76.124526,36.29577899999998],[-76.12457,36.29576400000002],[-76.12462,36.29572400000001],[-76.12466999999998,36.295694000000026],[-76.12472600000001,36.29567800000001],[-76.124776,36.29566299999999],[-76.12479400000001,36.29561799999999],[-76.12483200000003,36.29557799999998],[-76.12490000000003,36.295537000000024],[-76.12496299999998,36.295506999999986],[-76.125,36.295504300000005],[-76.125,36.30000000000001]]]}},{"type":"Feature","properties":{},"geometry":{"type":"Polygon","coordinates":[[[-76.25764299999997,36.3749727],[-76.25761080000001,36.374917400000015],[-76.25751259999998,36.374783200000024],[-76.25749189999999,36.37475949999998],[-76.25738949999999,36.37459519999999],[-76.2573377,36.37444540000001],[-76.25730809999999,36.37430230000001],[-76.25728950000001,36.374262999999985],[-76.2572333,36.37414009999998],[-76.25720159999997,36.37406329999999],[-76.25717600000002,36.373981800000024],[-76.25709649999999,36.373876499999994],[-76.25693460000002,36.37377300000003],[-76.25676140000002,36.37367690000002],[-76.25674959999998,36.373568499999976],[-76.25678390000002,36.37336119999998],[-76.25688070000001,36.37334199999998],[-76.25695009999998,36.373288],[-76.25700549999999,36.373214899999994],[-76.25705190000002,36.3730223],[-76.25708250000002,36.372914700000024],[-76.2571706,36.37274819999999],[-76.25719170000002,36.37266119999998],[-76.25720949999999,36.37249830000002],[-76.25726309999999,36.37236469999999],[-76.25730320000002,36.37227150000001],[-76.25738539999998,36.37222800000001],[-76.25743519999997,36.37220339999999],[-76.25746900000001,36.37219479999999],[-76.25751409999998,36.372174099999995],[-76.25754590000003,36.37214799999998],[-76.25756380000001,36.37211830000001],[-76.25757340000001,36.372035900000014],[-76.2576042,36.371950500000025],[-76.25762680000003,36.371876199999974],[-76.2576636,36.37177029999998],[-76.2576952,36.371710699999994],[-76.2577513,36.371668899999975],[-76.25786440000002,36.37157939999997],[-76.25790039999998,36.37153289999998],[-76.25790890000002,36.371518700000024],[-76.25792200000001,36.37147420000002],[-76.25791950000001,36.37142610000001],[-76.25795199999999,36.37126860000001],[-76.25794330000002,36.371192699999995],[-76.2579245,36.371106699999984],[-76.25790740000002,36.37106349999999],[-76.2579121,36.37101180000002],[-76.25794769999999,36.37093279999999],[-76.25794159999998,36.3708302],[-76.25791199999998,36.37071079999998],[-76.25785209999998,36.3706052],[-76.257745,36.3705339],[-76.25768349999998,36.370490099999984],[-76.25763410000002,36.3704444],[-76.25754690000002,36.370348999999976],[-76.25754389999997,36.37030600000003],[-76.25754649999999,36.370156899999984],[-76.2575587,36.37001780000003],[-76.25761519999998,36.369945900000005],[-76.2577154,36.369823800000006],[-76.25783230000002,36.36971269999998],[-76.2579374,36.369615099999976],[-76.2581523,36.36953490000002],[-76.2582175,36.369481199999996],[-76.25826030000002,36.369416899999976],[-76.25836199999998,36.369270900000004],[-76.2585613,36.36910899999998],[-76.25889890000002,36.368989],[-76.25921820000002,36.36887159999998],[-76.25938009999999,36.36880100000002],[-76.2594494,36.368793900000014],[-76.2595364,36.368789100000015],[-76.25956020000001,36.368774900000005],[-76.25968289999997,36.36859870000001],[-76.25979949999999,36.36841149999998],[-76.25987329999998,36.36826180000003],[-76.2599482,36.36825060000001],[-76.25998709999999,36.36823149999998],[-76.26002519999997,36.36817669999999],[-76.2600703,36.368009400000005],[-76.26010280000003,36.367963299999985],[-76.2601391,36.3679439],[-76.26018190000002,36.3679171],[-76.2602076,36.36788139999999],[-76.2603029,36.36771449999998],[-76.26035159999998,36.36763259999998],[-76.26037000000002,36.367553199999975],[-76.26037280000003,36.36752009999998],[-76.26039429999997,36.367431599999975],[-76.26043720000001,36.367359599999986],[-76.2605327,36.36725139999999],[-76.26058610000001,36.367166],[-76.26062510000003,36.367087200000014],[-76.26063099999999,36.366986199999985],[-76.2606242,36.36690349999998],[-76.26059040000001,36.36682560000003],[-76.26056569999997,36.3667605],[-76.26055680000002,36.366707899999994],[-76.26055780000002,36.366644099999974],[-76.2605782,36.36654179999999],[-76.260562,36.366473600000006],[-76.2604857,36.36636820000001],[-76.26041220000002,36.366268400000024],[-76.26031949999998,36.366167099999984],[-76.2602521,36.366069100000004],[-76.26020799999998,36.36601719999999],[-76.26021070000002,36.36597769999997],[-76.26025429999999,36.36592150000001],[-76.26025770000001,36.365865299999996],[-76.26024059999997,36.36578850000001],[-76.26015940000002,36.365675099999976],[-76.2601229,36.36559169999998],[-76.26008059999998,36.3655043],[-76.2600946,36.365447399999994],[-76.2601017,36.365340300000014],[-76.26011649999998,36.36525929999999],[-76.26011110000002,36.365208199999984],[-76.2600473,36.36516419999998],[-76.2599899,36.36515259999999],[-76.25992580000002,36.36516829999999],[-76.25987830000003,36.36521779999998],[-76.25985359999999,36.365270099999975],[-76.25985129999998,36.365340100000026],[-76.25986289999997,36.365405599999974],[-76.25987709999998,36.36551659999998],[-76.2599133,36.36564720000001],[-76.25993799999998,36.36577740000001],[-76.25991970000001,36.365822700000024],[-76.25990460000003,36.36586010000002],[-76.25987930000002,36.365889400000015],[-76.25983939999998,36.36590719999998],[-76.25963669999999,36.365902800000015],[-76.25960040000001,36.365889700000025],[-76.25956939999998,36.36585000000002],[-76.25956300000001,36.36581030000002],[-76.25958550000001,36.36574300000001],[-76.25956209999998,36.36570339999997],[-76.25955060000001,36.36568390000002],[-76.25949809999997,36.365635],[-76.25944550000003,36.36561879999999],[-76.25931409999998,36.36558170000001],[-76.25925469999999,36.36554769999998],[-76.2590879,36.36540839999998],[-76.25899340000001,36.36531550000001],[-76.25885699999998,36.36513489999999],[-76.25880180000001,36.36502810000002],[-76.25875810000002,36.36494160000001],[-76.25864969999998,36.36478260000001],[-76.25861930000002,36.36474620000001],[-76.25855530000001,36.364609299999984],[-76.25851110000002,36.36451490000002],[-76.25849879999998,36.36446599999999],[-76.25851469999998,36.36441880000001],[-76.25853080000002,36.36432380000002],[-76.25852700000002,36.364245700000026],[-76.2585181,36.364218300000005],[-76.25847929999998,36.364153999999985],[-76.258378,36.36406310000001],[-76.2582557,36.3639412],[-76.25812239999999,36.363829399999986],[-76.25800629999998,36.36372189999997],[-76.25798079999998,36.36369339999999],[-76.257813,36.36355329999998],[-76.25780200000003,36.36353939999998],[-76.25780680000003,36.36349719999998],[-76.2578297,36.363468599999976],[-76.25789309999999,36.363437499999975],[-76.25794000000002,36.363429999999994],[-76.25824219999998,36.363410699999974],[-76.25832329999997,36.36341390000001],[-76.2585482,36.36345060000002],[-76.25870889999999,36.36353559999998],[-76.25884789999998,36.363573599999995],[-76.25903240000002,36.3636176],[-76.25914770000003,36.363696600000026],[-76.25931270000001,36.36378639999998],[-76.2594507,36.363835800000004],[-76.25966629999999,36.36393220000002],[-76.25971620000001,36.363988000000006],[-76.2597642,36.36404399999998],[-76.25980559999999,36.364065400000015],[-76.25988269999999,36.36407680000002],[-76.25995069999999,36.3640805],[-76.2600205,36.364167399999985],[-76.26005479999998,36.36425459999998],[-76.2600377,36.36428799999999],[-76.2599922,36.3643146],[-76.25991690000001,36.36438029999999],[-76.2598863,36.36443609999998],[-76.25988239999998,36.36448180000002],[-76.25989879999997,36.36451010000002],[-76.2599161,36.364529600000026],[-76.25992100000002,36.36453510000001],[-76.25997819999998,36.36455410000002],[-76.260063,36.364538900000014],[-76.26018859999999,36.36449440000001],[-76.26023559999999,36.36446699999999],[-76.2602857,36.36447559999999],[-76.26036290000002,36.364491999999984],[-76.26043140000002,36.3644736],[-76.2604945,36.36443680000002],[-76.26055869999999,36.36438850000002],[-76.2606467,36.36433699999998],[-76.26072570000002,36.36433779999999],[-76.26082450000001,36.364336200000025],[-76.26093129999998,36.364347899999984],[-76.26099829999998,36.36439539999998],[-76.26106320000002,36.364427999999975],[-76.26112389999997,36.36443589999999],[-76.26118109999999,36.36440249999998],[-76.26130130000001,36.36433950000003],[-76.26141339999998,36.364293299999986],[-76.2614266,36.364284699999985],[-76.26145580000002,36.364252299999976],[-76.2614686,36.36422909999999],[-76.26148660000001,36.36420420000002],[-76.26165049999997,36.364162599999986],[-76.26169670000002,36.3641571],[-76.26173929999999,36.36414129999997],[-76.26177439999998,36.364112499999976],[-76.26179430000002,36.36408110000002],[-76.26179610000003,36.36404529999999],[-76.26177480000001,36.36400149999997],[-76.26177339999998,36.363962500000014],[-76.26186460000002,36.363889400000005],[-76.2619588,36.3638072],[-76.26204949999999,36.36376869999998],[-76.26211949999998,36.363762099999974],[-76.26215830000001,36.36376150000001],[-76.26219859999998,36.363733000000025],[-76.26221759999999,36.36371270000001],[-76.26222360000003,36.363679400000024],[-76.26222339999998,36.363665200000014],[-76.26220769999998,36.36363849999998],[-76.26217439999999,36.363623399999994],[-76.26211169999999,36.363593200000025],[-76.26206939999997,36.36360339999999],[-76.26198799999997,36.36364739999999],[-76.2618986,36.363712299999975],[-76.26186810000002,36.36372829999999],[-76.26183179999998,36.363735099999985],[-76.26175210000002,36.36371839999998],[-76.261707,36.36372299999999],[-76.26160850000002,36.36378780000001],[-76.2615998,36.36383810000001],[-76.2615912,36.363913500000024],[-76.2615682,36.363937799999974],[-76.26151420000002,36.36395490000001],[-76.261506,36.363955299999986],[-76.26145000000002,36.36395809999999],[-76.261417,36.36396109999998],[-76.26137970000002,36.363991899999974],[-76.26135849999997,36.364033199999994],[-76.26125730000001,36.364104999999995],[-76.26121760000001,36.36412819999998],[-76.261189,36.364128600000015],[-76.26108099999999,36.36411909999998],[-76.2610411,36.36411559999999],[-76.2609458,36.36408640000002],[-76.2608639,36.364087299999994],[-76.26072290000002,36.36410460000002],[-76.260626,36.36412089999999],[-76.26061420000002,36.364122899999984],[-76.26055869999999,36.364140899999995],[-76.2604298,36.36422160000001],[-76.26037960000002,36.36424549999998],[-76.26034440000001,36.364246200000025],[-76.260314,36.36422959999999],[-76.2602842,36.36418379999998],[-76.26027549999998,36.36416780000002],[-76.26023099999998,36.36408660000001],[-76.2602023,36.364009399999986],[-76.2601343,36.36395329999999],[-76.25994939999998,36.36384629999998],[-76.25980950000002,36.363767199999984],[-76.2597796,36.363741300000015],[-76.25977499999999,36.3637061],[-76.25979990000002,36.363658999999984],[-76.25983589999998,36.36358919999998],[-76.2598246,36.36350900000002],[-76.25977319999998,36.363461400000006],[-76.25973909999999,36.36346320000001],[-76.25970719999998,36.36347999999998],[-76.25967259999999,36.36356890000002],[-76.25963680000001,36.3635989],[-76.25960120000002,36.36360159999998],[-76.25956029999998,36.36358569999999],[-76.25951020000002,36.3635572],[-76.25945589999998,36.36352390000002],[-76.25941010000003,36.363480100000004],[-76.25929719999999,36.363376200000005],[-76.2592515,36.363345100000004],[-76.2592032,36.36335350000002],[-76.25911239999999,36.36334690000001],[-76.25898840000002,36.36328559999998],[-76.25885090000003,36.36321409999999],[-76.25882389999998,36.36317389999999],[-76.2588202,36.36312720000001],[-76.25880769999998,36.363077299999986],[-76.2587911,36.36305349999998],[-76.25876249999999,36.363041599999974],[-76.25871969999997,36.36304280000002],[-76.2586278,36.363076999999976],[-76.25859220000001,36.3630996],[-76.25853380000001,36.363115100000016],[-76.25852650000002,36.36311699999999],[-76.25844510000002,36.36313849999999],[-76.25841689999999,36.36314599999997],[-76.25832430000003,36.363154899999984],[-76.25819189999999,36.36311660000001],[-76.25812300000001,36.36311710000001],[-76.25799230000001,36.363128399999994],[-76.25783469999999,36.3631446],[-76.25769070000001,36.363138400000025],[-76.25761990000001,36.3631441],[-76.25758569999999,36.363159800000005],[-76.25755570000001,36.36319830000002],[-76.25753279999998,36.36322259999997],[-76.25749610000003,36.36322310000003],[-76.2574639,36.36320219999999],[-76.25732620000002,36.36310550000002],[-76.25725190000003,36.36307479999999],[-76.25719529999998,36.36307900000003],[-76.25711439999998,36.36310099999997],[-76.25700979999999,36.363078900000005],[-76.25683839999999,36.363067],[-76.25675159999997,36.363059899999996],[-76.25669770000002,36.36303720000001],[-76.2566797,36.36298449999998],[-76.25663509999998,36.3629545],[-76.25657560000002,36.362940400000014],[-76.2564094,36.3629219],[-76.25617519999997,36.362912300000005],[-76.25598680000002,36.362881500000015],[-76.25580530000002,36.36284840000002],[-76.25567419999999,36.36282920000002],[-76.25559570000001,36.362798999999995],[-76.25548950000001,36.362705300000016],[-76.25542139999999,36.3626764],[-76.25537259999999,36.362646900000016],[-76.2552078,36.362559499999975],[-76.255067,36.362536999999975],[-76.25502440000002,36.3625217],[-76.2549841,36.36248929999999],[-76.25484929999999,36.36240570000001],[-76.25471149999998,36.362414],[-76.25457669999997,36.36241319999999],[-76.2545308,36.362409300000024],[-76.25443680000001,36.362399100000005],[-76.25438919999999,36.362390800000014],[-76.25437970000002,36.36239269999999],[-76.25434369999999,36.36241740000003],[-76.25432210000002,36.36246080000001],[-76.25428920000002,36.36248899999998],[-76.2541764,36.36252050000002],[-76.25406859999998,36.36251279999999],[-76.25398589999998,36.36246849999998],[-76.25393150000002,36.36255219999998],[-76.25384709999997,36.36268180000002],[-76.25391960000002,36.3627328],[-76.2539056,36.36279189999999],[-76.25386200000003,36.36284310000002],[-76.25362059999998,36.36312889999999],[-76.25360849999998,36.3631383],[-76.25359300000002,36.363150399999995],[-76.2535724,36.36316240000002],[-76.25351469999998,36.363178500000004],[-76.25351339999997,36.36317889999998],[-76.25343329999998,36.36316420000003],[-76.25342280000001,36.363144999999975],[-76.25340219999998,36.36306689999998],[-76.25334040000001,36.3630617],[-76.25330279999997,36.36308029999998],[-76.25328869999998,36.36308730000002],[-76.2532238,36.36315029999997],[-76.2531894,36.3631838],[-76.25316809999998,36.363212499999975],[-76.2531113,36.363224],[-76.2530759,36.363217899999995],[-76.25306110000002,36.36321529999998],[-76.25286640000002,36.3631249],[-76.2527174,36.36306560000003],[-76.25267100000002,36.36305110000001],[-76.25193109999998,36.36313530000001],[-76.2513386,36.3631651],[-76.25132330000002,36.36316590000001],[-76.25118500000002,36.36317869999999],[-76.2508211,36.36328400000002],[-76.25078059999998,36.36329540000003],[-76.2505784,36.363352599999985],[-76.24993740000002,36.36362789999998],[-76.24985989999999,36.36367469999999],[-76.24975949999998,36.36375609999999],[-76.24961300000001,36.363794600000006],[-76.2495341,36.3638072],[-76.24947309999999,36.36383030000002],[-76.2494489,36.36385200000001],[-76.2494342,36.36387480000002],[-76.2494256,36.36389759999997],[-76.24942659999999,36.363920399999984],[-76.2494418,36.36394710000002],[-76.24946649999998,36.363973699999974],[-76.24946649999998,36.36398580000002],[-76.24946130000001,36.36399719999997],[-76.24945129999998,36.36400630000003],[-76.24942750000002,36.364016600000014],[-76.2493993,36.36402820000001],[-76.24933659999999,36.364059499999996],[-76.2491918,36.36414359999998],[-76.24895900000001,36.36428319999999],[-76.24886939999999,36.36435540000002],[-76.24868670000001,36.3644711],[-76.24853180000002,36.3645454],[-76.24841220000002,36.36462799999998],[-76.2483115,36.3647191],[-76.24822999999998,36.36478090000003],[-76.2481904,36.36477239999999],[-76.24815059999997,36.36476379999999],[-76.2480903,36.36472680000003],[-76.24794179999998,36.36476529999999],[-76.24783380000002,36.36479939999998],[-76.24777920000002,36.36482590000003],[-76.24773290000002,36.36488910000003],[-76.24773859999999,36.364958],[-76.24766090000003,36.36499620000001],[-76.24757210000001,36.36501850000002],[-76.24748290000002,36.364951899999994],[-76.24740480000003,36.36494699999997],[-76.24730399999999,36.3649643],[-76.2472823,36.36499500000002],[-76.247275,36.3650318],[-76.24713689999999,36.36503499999998],[-76.24691159999998,36.365032600000006],[-76.24676529999999,36.3650265],[-76.24669799999998,36.365023699999995],[-76.24661200000003,36.365022099999976],[-76.24652099999997,36.365020500000014],[-76.24644540000003,36.36500640000003],[-76.24639669999999,36.36498640000002],[-76.24639230000002,36.36498039999998],[-76.24630810000002,36.36486669999999],[-76.24622540000001,36.36484789999997],[-76.24617719999998,36.36487069999998],[-76.2461318,36.36487740000001],[-76.24607070000002,36.364904000000024],[-76.24606440000002,36.36491280000001],[-76.24602390000001,36.36496920000002],[-76.24595440000002,36.365031499999986],[-76.24589759999998,36.3650629],[-76.24572219999999,36.36512920000001],[-76.24557440000001,36.36513530000002],[-76.24545549999999,36.365178300000025],[-76.24539249999998,36.365227800000014],[-76.24510140000001,36.365182800000014],[-76.24501370000002,36.36513980000001],[-76.2448948,36.3651299],[-76.24484030000002,36.36512540000001],[-76.24471540000002,36.365138],[-76.24461250000002,36.36515029999998],[-76.24456079999999,36.365182000000004],[-76.24452489999999,36.36520410000003],[-76.24436700000001,36.365254300000004],[-76.24416020000001,36.365304700000024],[-76.24405819999998,36.365271199999995],[-76.24395329999999,36.36527380000001],[-76.24374219999999,36.36533930000002],[-76.24367050000001,36.36541799999998],[-76.24340749999999,36.36551259999999],[-76.24332550000003,36.3655306],[-76.24326029999997,36.365544899999975],[-76.2431896,36.3655751],[-76.2431545,36.3655943],[-76.24306100000001,36.365653099999975],[-76.2429922,36.365710200000024],[-76.24290439999999,36.36572430000001],[-76.24280929999998,36.36574280000002],[-76.24276529999997,36.365797799999996],[-76.24276759999998,36.365847099999996],[-76.242775,36.36590960000001],[-76.24274170000001,36.36603059999999],[-76.24256509999998,36.36615410000002],[-76.24249839999999,36.366218300000014],[-76.24240859999998,36.36633119999999],[-76.2423991,36.36635389999998],[-76.24238029999998,36.36639869999999],[-76.24237490000002,36.3664814],[-76.24227610000003,36.366512899999975],[-76.24218400000001,36.36657659999997],[-76.24207840000003,36.366711599999974],[-76.24200860000002,36.3667873],[-76.24194080000001,36.366752599999984],[-76.2419334,36.36674879999998],[-76.2418558,36.366695400000026],[-76.2417658,36.366687300000024],[-76.24165040000003,36.366744900000015],[-76.24162039999999,36.366780800000015],[-76.241646,36.36689039999999],[-76.24136279999999,36.36706379999998],[-76.24123580000003,36.3671554],[-76.24119430000002,36.36719729999999],[-76.24109420000002,36.367371400000025],[-76.24100120000003,36.36747350000002],[-76.24087479999997,36.3676299],[-76.24065969999998,36.36791310000001],[-76.24055570000002,36.36807959999999],[-76.24043749999998,36.36839739999999],[-76.24028759999999,36.368636400000014],[-76.24016130000001,36.36886679999998],[-76.24008300000003,36.3690072],[-76.23995309999998,36.36920909999998],[-76.23984339999998,36.36927050000003],[-76.2397732,36.369341099999986],[-76.23968960000002,36.36942349999998],[-76.23967640000001,36.369436500000006],[-76.2395985,36.369574899999975],[-76.23953119999999,36.36967809999999],[-76.23928419999999,36.3699259],[-76.23928000000001,36.36993510000002],[-76.2391591,36.370197099999984],[-76.23904060000001,36.37032529999999],[-76.23882429999998,36.37054760000001],[-76.23865890000002,36.37070540000002],[-76.2384045,36.37093770000001],[-76.23822949999999,36.371056399999986],[-76.2380599,36.37119039999999],[-76.23800219999998,36.37123600000001],[-76.23786319999999,36.37127090000001],[-76.2377047,36.371353699999986],[-76.23754659999997,36.37149679999999],[-76.23750769999998,36.37156220000003],[-76.237461,36.37162030000002],[-76.237392,36.37161070000002],[-76.23735249999999,36.37159780000002],[-76.23731780000003,36.37158640000001],[-76.2372264,36.37158640000001],[-76.2370851,36.3716364],[-76.23691769999999,36.37177170000001],[-76.23680439999998,36.37184480000002],[-76.2367049,36.37192049999999],[-76.23628889999998,36.372134700000004],[-76.23618320000003,36.372188300000005],[-76.23586089999998,36.37225160000003],[-76.23558009999999,36.372301600000014],[-76.23534030000002,36.37232],[-76.23531830000002,36.372321699999986],[-76.23496160000002,36.37227840000003],[-76.23475939999997,36.37226989999999],[-76.23455439999998,36.37225590000003],[-76.23433410000001,36.372281699999974],[-76.23414919999999,36.37230460000001],[-76.23403660000002,36.372335599999985],[-76.23381990000001,36.372395100000006],[-76.23365619999998,36.37236739999997],[-76.2334669,36.372318800000016],[-76.23331919999998,36.37225460000002],[-76.23317450000002,36.37223],[-76.2330665,36.372192900000016],[-76.2330761,36.372148100000004],[-76.23308960000003,36.372085200000015],[-76.2330265,36.37203040000003],[-76.23295669999999,36.37201759999999],[-76.23284080000002,36.37205740000002],[-76.23273769999997,36.37211129999997],[-76.23258279999999,36.372098300000005],[-76.232531,36.3720965],[-76.23236120000001,36.37209059999998],[-76.23220839999999,36.37199859999998],[-76.2321705,36.37198050000001],[-76.2320239,36.37191100000001],[-76.23185699999999,36.3718422],[-76.2318062,36.37182130000002],[-76.23169000000001,36.37172029999999],[-76.23168500000003,36.37171219999999],[-76.23162079999997,36.37160949999998],[-76.2315883,36.37153660000001],[-76.23162450000001,36.37141380000003],[-76.23166509999999,36.371207200000015],[-76.23174,36.3709422],[-76.2317117,36.370874000000015],[-76.23164759999997,36.37081810000001],[-76.23167210000003,36.37073659999999],[-76.23185419999999,36.37032119999998],[-76.23188520000002,36.3702303],[-76.23188199999998,36.37004619999999],[-76.23193470000001,36.36985770000001],[-76.2319544,36.36975380000001],[-76.231964,36.3696559],[-76.23204249999998,36.36947379999998],[-76.23210920000002,36.3693945],[-76.23213190000001,36.36936450000002],[-76.232147,36.36932039999999],[-76.2321346,36.369247299999984],[-76.23211049999998,36.36919769999997],[-76.2320962,36.36916830000001],[-76.2320808,36.3691063],[-76.23213529999998,36.36904870000001],[-76.23216580000002,36.369004200000006],[-76.23217949999997,36.36893700000002],[-76.23220040000001,36.36881030000001],[-76.23219749999998,36.36867999999998],[-76.23218889999998,36.368553299999974],[-76.2322671,36.368359999999996],[-76.23230430000001,36.36823609999999],[-76.23231820000001,36.367926599999976],[-76.23237540000002,36.36772789999998],[-76.2324051,36.36760320000002],[-76.23246929999999,36.36735429999999],[-76.23249199999998,36.3672871],[-76.23255449999999,36.36697140000001],[-76.23256190000001,36.36689530000001],[-76.23260859999999,36.366814999999974],[-76.23270100000002,36.36662949999999],[-76.2327156,36.36658010000002],[-76.23270980000001,36.366513999999995],[-76.23264649999999,36.36636779999998],[-76.23270810000002,36.36631269999998],[-76.23275230000002,36.366272700000025],[-76.2327881,36.36619589999998],[-76.23279509999998,36.366068600000006],[-76.23277460000003,36.365857500000004],[-76.23278959999999,36.36575090000002],[-76.2328008,36.36555870000001],[-76.23278440000001,36.36534690000002],[-76.23275890000002,36.365221399999996],[-76.23275230000002,36.3651208],[-76.2327871,36.365004],[-76.23282690000002,36.364957300000015],[-76.2329047,36.36491480000001],[-76.23294759999999,36.36484969999998],[-76.23297969999999,36.364725299999975],[-76.23298929999999,36.36462660000001],[-76.2329765,36.36457380000002],[-76.23292120000002,36.36448810000002],[-76.2328837,36.364435300000025],[-76.23287649999997,36.36440390000001],[-76.2328908,36.3643811],[-76.23291790000002,36.364361099999996],[-76.23295080000003,36.364341000000024],[-76.23300970000003,36.36428319999999],[-76.23306960000002,36.36418900000001],[-76.23315129999997,36.36407609999998],[-76.23321279999999,36.3639996],[-76.2332897,36.36388419999997],[-76.23337850000001,36.36375959999998],[-76.23340619999999,36.36366170000002],[-76.23345569999998,36.36357240000001],[-76.23346959999998,36.36348859999998],[-76.2334545,36.36333100000002],[-76.23346020000002,36.36303939999999],[-76.2334275,36.36272389999999],[-76.23338009999998,36.36264490000002],[-76.23334190000003,36.3624868],[-76.23338389999998,36.36231040000001],[-76.23339979999997,36.36223380000001],[-76.23339120000003,36.36217670000002],[-76.233339,36.36206120000003],[-76.23329269999999,36.36191120000001],[-76.23323429999999,36.3617223],[-76.23327979999999,36.361584300000004],[-76.23328459999999,36.361479599999996],[-76.23325979999998,36.36136520000002],[-76.23327269999999,36.36115360000002],[-76.2332988,36.36098149999998],[-76.23330920000001,36.360879599999976],[-76.23330390000001,36.360706100000016],[-76.23326930000002,36.36060689999999],[-76.2332227,36.360537299999976],[-76.23312329999999,36.360339599999975],[-76.2330384,36.36016089999998],[-76.23303140000002,36.3601175],[-76.23310950000001,36.36007289999998],[-76.23315200000002,36.36000259999997],[-76.2331274,36.35993339999999],[-76.23307849999998,36.35987920000002],[-76.23300610000001,36.359850600000016],[-76.23291979999999,36.35992959999999],[-76.23284710000001,36.35978549999999],[-76.2327742,36.35968200000002],[-76.23270710000003,36.359644600000024],[-76.23253460000001,36.359692499999994],[-76.23243500000001,36.3597431],[-76.23229220000002,36.359735899999976],[-76.2321791,36.35972370000002],[-76.2320297,36.359698200000025],[-76.23199360000001,36.35965729999998],[-76.23194030000002,36.359538799999996],[-76.2318019,36.35941150000002],[-76.2317028,36.35928740000003],[-76.23164700000001,36.359228299999984],[-76.23153339999999,36.35909129999999],[-76.23152019999998,36.35904620000002],[-76.23149539999997,36.35892389999998],[-76.23148229999998,36.358809099999974],[-76.23143779999998,36.35876689999998],[-76.23132370000002,36.35871079999998],[-76.2312086,36.358618999999976],[-76.23110589999999,36.35847669999998],[-76.23107720000002,36.35843749999998],[-76.23107620000002,36.3584103],[-76.23112889999999,36.35833919999999],[-76.23112889999999,36.358289300000024],[-76.2310718,36.3582179],[-76.23084649999998,36.358041300000025],[-76.230639,36.357937400000026],[-76.2303708,36.357860500000015],[-76.23024450000003,36.357779300000004],[-76.2301367,36.357689600000015],[-76.22999720000001,36.357541500000025],[-76.2299463,36.35745170000001],[-76.22981779999998,36.35731370000002],[-76.2297087,36.35717069999998],[-76.22966550000001,36.35704720000001],[-76.22962749999999,36.35699249999999],[-76.22952099999998,36.35692119999999],[-76.22944080000002,36.3568664],[-76.2293798,36.35680309999998],[-76.22926369999999,36.35665640000002],[-76.22921109999999,36.35655700000001],[-76.22920540000001,36.356541100000015],[-76.22918149999998,36.356474100000014],[-76.22915619999998,36.35643060000001],[-76.22913249999999,36.356409499999984],[-76.22908489999998,36.356390499999975],[-76.22902399999998,36.35640000000001],[-76.22900120000003,36.35639709999998],[-76.22898409999999,36.356377099999975],[-76.22897979999999,36.35633999999999],[-76.2289788,36.35632140000001],[-76.2289652,36.3562852],[-76.2289336,36.3562422],[-76.22889839999999,36.35621209999999],[-76.22889759999998,36.35621140000001],[-76.22887320000001,36.35619639999999],[-76.22875169999998,36.35610109999999],[-76.2286724,36.35592380000003],[-76.22860639999999,36.355843400000026],[-76.2285334,36.35569170000002],[-76.22847810000002,36.355591600000025],[-76.22845230000001,36.3554924],[-76.22836610000002,36.35531950000001],[-76.22833459999998,36.35528160000001],[-76.22830479999999,36.355247899999995],[-76.22821479999999,36.35512360000001],[-76.2281992,36.35509990000003],[-76.22810199999998,36.35499010000001],[-76.22805490000002,36.35494779999999],[-76.22801950000002,36.354924600000004],[-76.22796870000002,36.35490149999998],[-76.22794399999998,36.35488729999997],[-76.2279259,36.3548639],[-76.2279097,36.35474449999998],[-76.2278867,36.3546508],[-76.2278617,36.35460180000001],[-76.22781429999998,36.35453690000003],[-76.2277689,36.35446660000002],[-76.22773940000002,36.354398],[-76.22772780000003,36.354347399999995],[-76.2277527,36.35427720000001],[-76.2277479,36.354242899999974],[-76.22771039999998,36.35418470000002],[-76.22763409999999,36.354062699999986],[-76.22757469999999,36.35393929999998],[-76.2275616,36.353851299999974],[-76.22753469999998,36.35378029999998],[-76.22751570000003,36.35374039999999],[-76.22747709999999,36.35370510000001],[-76.22743270000001,36.353668500000026],[-76.22743059999999,36.35364019999997],[-76.22751,36.35348299999998],[-76.22753879999999,36.3534401],[-76.227551,36.35341390000002],[-76.22755949999998,36.353369199999975],[-76.22755519999998,36.3532773],[-76.22755180000001,36.35326070000002],[-76.22754680000003,36.35310129999999],[-76.22756759999999,36.35299950000001],[-76.22762669999997,36.352806999999984],[-76.2276587,36.35277389999999],[-76.22772889999999,36.352735199999984],[-76.2277717,36.3526918],[-76.22777580000002,36.35266200000001],[-76.22776870000001,36.35264030000002],[-76.22775439999998,36.35261550000001],[-76.2277277,36.3525889],[-76.22770009999999,36.352569800000026],[-76.22768400000001,36.35255460000002],[-76.22767160000001,36.35252989999998],[-76.22766969999998,36.352508899999975],[-76.22768589999998,36.3524984],[-76.22770489999999,36.352485100000024],[-76.22773539999997,36.35247179999999],[-76.22777530000002,36.352455599999985],[-76.2278048,36.352436599999976],[-76.227825,36.35240859999999],[-76.2278412,36.35236880000002],[-76.22784960000001,36.35233390000002],[-76.22792750000002,36.3521111],[-76.2280073,36.35203489999998],[-76.22810270000002,36.35187309999998],[-76.22816999999998,36.35171989999998],[-76.22820050000001,36.35159729999998],[-76.2282133,36.35145410000001],[-76.22824830000002,36.35134340000002],[-76.22827660000002,36.351268300000015],[-76.22835079999999,36.35116979999998],[-76.22839290000002,36.3511211],[-76.22840100000002,36.35107720000002],[-76.22837249999998,36.350952800000016],[-76.22846470000002,36.350754300000006],[-76.22851960000003,36.350614399999984],[-76.22853409999999,36.35047759999998],[-76.2285415,36.350393999999994],[-76.2285066,36.350138300000026],[-76.22852790000002,36.3500315],[-76.22854699999999,36.34988679999998],[-76.22854699999999,36.3497936],[-76.22851000000003,36.349681499999974],[-76.2284818,36.349597700000004],[-76.22846870000001,36.349415599999986],[-76.2284927,36.34921259999999],[-76.22847510000003,36.349123299999974],[-76.22844379999998,36.34898399999997],[-76.22844020000002,36.3489146],[-76.22843990000001,36.348908800000004],[-76.22848699999997,36.34883669999999],[-76.2285698,36.348799299999996],[-76.22869459999998,36.34880559999999],[-76.22885309999998,36.348861],[-76.22901159999998,36.34894969999999],[-76.22908940000002,36.34899669999999],[-76.22913729999999,36.34902570000003],[-76.22924069999999,36.349054799999976],[-76.22928990000003,36.3490774],[-76.2293608,36.349151000000006],[-76.22942230000001,36.34919350000001],[-76.22946719999999,36.34920219999998],[-76.22950400000002,36.349188200000015],[-76.22953749999999,36.349121000000025],[-76.22954529999998,36.34901989999997],[-76.22954090000002,36.34895590000002],[-76.22951239999998,36.3489012],[-76.229424,36.34882049999999],[-76.22936959999998,36.34879239999998],[-76.22926210000003,36.348740099999986],[-76.22910960000002,36.34866240000002],[-76.22909659999999,36.34862989999999],[-76.2290868,36.34857699999998],[-76.22912489999999,36.348479],[-76.22917990000002,36.348389],[-76.2292165,36.34830849999997],[-76.22927609999999,36.34823540000002],[-76.22925500000002,36.34817829999997],[-76.2291856,36.3481706],[-76.22912509999998,36.34821449999998],[-76.22909429999999,36.3482583],[-76.22906169999999,36.3483569],[-76.22898070000002,36.34842689999999],[-76.22891820000001,36.34845919999998],[-76.2288633,36.34849009999999],[-76.2287933,36.34851570000001],[-76.22869459999998,36.34854760000002],[-76.2286454,36.34843799999999],[-76.22859290000002,36.348350900000014],[-76.22857060000001,36.348321999999996],[-76.2284841,36.3482659],[-76.22845690000003,36.34826609999999],[-76.22843219999999,36.34827569999999],[-76.2283875,36.3483023],[-76.2283372,36.34836139999999],[-76.22831530000002,36.348348699999974],[-76.2282945,36.34832849999998],[-76.22828370000002,36.348310000000026],[-76.2282783,36.34826529999998],[-76.22827480000001,36.34822500000001],[-76.22827719999998,36.348127799999986],[-76.22827719999998,36.34807860000001],[-76.22826889999999,36.3480596],[-76.22824689999999,36.34804650000001],[-76.2282118,36.34804059999999],[-76.22818760000001,36.34802810000002],[-76.22814039999997,36.34798230000001],[-76.22810470000002,36.3479418],[-76.22808079999999,36.34790880000003],[-76.2281074,36.347867699999995],[-76.22812090000002,36.34782030000002],[-76.22810570000001,36.34776690000001],[-76.22807069999999,36.347752000000014],[-76.22801140000001,36.34776190000002],[-76.22797259999999,36.347791900000004],[-76.22793810000002,36.347813900000006],[-76.2279125,36.347826399999974],[-76.22789110000002,36.34782910000001],[-76.22787799999998,36.34780740000002],[-76.22787319999998,36.347717699999976],[-76.22786070000001,36.3476445],[-76.22782849999999,36.347576000000004],[-76.2278162,36.347519499999976],[-76.22780230000001,36.34742369999998],[-76.227799,36.34741109999999],[-76.22778829999999,36.347362299999986],[-76.2277565,36.347308399999974],[-76.22770000000003,36.34727379999998],[-76.22763409999999,36.34725079999998],[-76.22759009999999,36.34726210000002],[-76.2275439,36.34731909999999],[-76.22751699999998,36.34734980000002],[-76.22749199999998,36.34736770000001],[-76.2274663,36.347374100000025],[-76.22744349999999,36.34737339999998],[-76.22741989999997,36.34736479999998],[-76.22741059999998,36.347352],[-76.2274028,36.34733060000002],[-76.22740349999998,36.34729770000001],[-76.22741639999998,36.347272499999974],[-76.22743159999999,36.34723730000002],[-76.22745500000002,36.347202100000004],[-76.22746489999997,36.34715829999999],[-76.22745959999997,36.347113200000024],[-76.22744469999998,36.34709129999999],[-76.22740160000001,36.34701849999999],[-76.22734919999999,36.3469647],[-76.22733590000001,36.34689900000001],[-76.22732480000002,36.346800299999984],[-76.2272959,36.346709299999986],[-76.22724390000002,36.34662739999999],[-76.2272082,36.3465741],[-76.22714830000001,36.34656210000003],[-76.22706720000002,36.34654690000002],[-76.22700689999999,36.346512399999995],[-76.2269612,36.346475199999986],[-76.22688570000003,36.34641199999999],[-76.2268489,36.346342900000025],[-76.2268019,36.3462399],[-76.22676039999999,36.34615539999999],[-76.22672849999998,36.34607799999998],[-76.2267119,36.34602890000002],[-76.22667949999999,36.34598319999998],[-76.2266472,36.3459527],[-76.22662279999997,36.34593389999998],[-76.22657479999998,36.34592700000002],[-76.22653350000002,36.345912699999985],[-76.22650149999998,36.34583470000001],[-76.22648729999997,36.34578520000002],[-76.2264831,36.34573339999997],[-76.2265064,36.34568899999999],[-76.22657729999997,36.34558270000002],[-76.22659829999998,36.34549329999999],[-76.22657400000003,36.34542349999998],[-76.2265079,36.34535790000001],[-76.2264333,36.34533299999998],[-76.2263666,36.345332799999994],[-76.2262647,36.3453624],[-76.22615189999999,36.345387800000026],[-76.22612029999999,36.34528979999999],[-76.22609749999998,36.345174199999974],[-76.2260632,36.345088499999974],[-76.22599609999997,36.34502140000001],[-76.22592989999998,36.34499920000002],[-76.22591010000002,36.34499260000001],[-76.2258665,36.34496660000002],[-76.22578909999999,36.34492],[-76.22570400000001,36.34484179999998],[-76.22568439999998,36.34477579999998],[-76.22568560000002,36.34469130000002],[-76.22567609999999,36.344602099999975],[-76.22564749999998,36.3445509],[-76.22561430000002,36.34452060000001],[-76.22557769999997,36.344516],[-76.22551600000003,36.34449969999997],[-76.22545600000001,36.344427199999984],[-76.22540129999999,36.34435930000001],[-76.2253743,36.34430420000001],[-76.2253632,36.3442642],[-76.22534059999998,36.3442225],[-76.22529179999998,36.344176800000014],[-76.22518830000001,36.344086800000014],[-76.22514189999998,36.3440119],[-76.22508119999998,36.343959600000005],[-76.22502409999998,36.34392630000002],[-76.22497170000003,36.343894499999976],[-76.22501890000001,36.34381810000002],[-76.2250502,36.343763000000024],[-76.225031,36.343719599999986],[-76.22492499999998,36.343707300000005],[-76.22485790000002,36.34369240000001],[-76.22480000000002,36.343684800000005],[-76.22472099999999,36.34364590000001],[-76.22457550000001,36.34362349999998],[-76.22453510000003,36.34358129999998],[-76.22449710000001,36.343537200000014],[-76.22444200000001,36.343476599999974],[-76.22431390000003,36.3433397],[-76.22424990000002,36.343274199999996],[-76.22422820000003,36.34325660000002],[-76.2242215,36.34311889999998],[-76.22421989999998,36.343113500000015],[-76.22420799999998,36.34307209999997],[-76.22419129999997,36.343050600000026],[-76.22415439999997,36.34304109999999],[-76.22410559999997,36.34304589999999],[-76.22399990000002,36.34309940000003],[-76.22396049999998,36.343102199999976],[-76.2239442,36.34310340000002],[-76.2238628,36.343080999999984],[-76.2239083,36.3430075],[-76.22411469999997,36.34284480000002],[-76.22421700000001,36.34272600000003],[-76.22425989999999,36.34268759999998],[-76.22437150000002,36.34261839999999],[-76.22438629999999,36.34260649999999],[-76.2244561,36.34254979999997],[-76.22453230000002,36.34245129999999],[-76.22470220000002,36.34224870000003],[-76.22485699999999,36.3420706],[-76.22496690000003,36.34195249999999],[-76.22505339999998,36.3418623],[-76.2251402,36.34177],[-76.2251559,36.34172480000001],[-76.2251311,36.341675699999996],[-76.22507819999998,36.34164249999998],[-76.22505380000001,36.34164099999998],[-76.22501970000002,36.34163890000002],[-76.22496910000001,36.34165999999999],[-76.22495329999998,36.341697899999986],[-76.22492210000001,36.34176960000002],[-76.22485010000003,36.34186540000002],[-76.22461629999998,36.342075299999976],[-76.22452729999998,36.342181900000014],[-76.22442280000001,36.34227249999998],[-76.2243901,36.34232850000001],[-76.22439220000001,36.34239200000002],[-76.22431499999999,36.34242819999997],[-76.22424430000001,36.3425158],[-76.2241942,36.34256800000003],[-76.2240999,36.34265019999998],[-76.22407579999998,36.3426915],[-76.2240233,36.34276010000002],[-76.22395799999998,36.34281090000002],[-76.22385989999998,36.34290249999998],[-76.22380700000002,36.3429453],[-76.2237728,36.34295530000003],[-76.22374559999997,36.34295100000003],[-76.22373040000002,36.34294890000001],[-76.22372139999999,36.34294110000002],[-76.22370660000001,36.342928400000005],[-76.2236633,36.34284250000002],[-76.22356739999998,36.34272729999998],[-76.2235053,36.342681700000014],[-76.22346959999999,36.3426662],[-76.2234315,36.34266509999998],[-76.22336430000001,36.34266919999999],[-76.22332949999998,36.34267829999999],[-76.22327630000001,36.34268250000002],[-76.22318050000001,36.342662700000005],[-76.22309380000002,36.34264089999999],[-76.2230649,36.34263709999999],[-76.2230025,36.34259880000002],[-76.22291280000002,36.34255200000001],[-76.2228212,36.34250800000001],[-76.22275769999999,36.342463399999986],[-76.22273209999997,36.3424407],[-76.22272370000002,36.342401499999994],[-76.22273200000001,36.342308100000025],[-76.22275580000002,36.34221980000001],[-76.22279830000002,36.34211490000001],[-76.22282849999999,36.34200670000001],[-76.22291259999997,36.34184570000002],[-76.22299629999998,36.341679399999975],[-76.22309899999999,36.341497300000015],[-76.22314699999998,36.34140739999998],[-76.22320660000003,36.34133430000003],[-76.22330749999998,36.341268300000024],[-76.22345410000003,36.34116210000002],[-76.22361039999998,36.341051600000014],[-76.2237556,36.340946299999985],[-76.22390159999998,36.34080160000002],[-76.22404169999999,36.34062039999998],[-76.2241444,36.34044690000002],[-76.22428450000001,36.34008069999999],[-76.22432600000002,36.34002939999999],[-76.2244025,36.33993659999999],[-76.22452019999997,36.33954560000001],[-76.22454099999999,36.339189799999986],[-76.22452479999998,36.33868960000001],[-76.22409190000002,36.338219200000026],[-76.22409169999997,36.338181899999995],[-76.22413440000003,36.33814100000001],[-76.22433669999998,36.337883999999974],[-76.22434850000002,36.33784750000001],[-76.22436959999999,36.33778219999999],[-76.22440019999999,36.33774549999998],[-76.2244389,36.33772399999998],[-76.2244814,36.337731899999994],[-76.22450070000002,36.337733800000024],[-76.22455860000002,36.337739699999986],[-76.22472950000002,36.33769760000001],[-76.22482760000003,36.33766370000001],[-76.22488520000002,36.3376169],[-76.22494010000003,36.33756060000002],[-76.22499850000003,36.33751699999999],[-76.2250469,36.33750980000002],[-76.22515379999999,36.33749640000002],[-76.22523790000002,36.337471600000015],[-76.22542099999998,36.337367400000005],[-76.22561760000002,36.337267499999996],[-76.22583589999999,36.337163499999974],[-76.22587499999997,36.3371449],[-76.22591110000002,36.33713089999998],[-76.22604530000001,36.33707900000002],[-76.22607900000003,36.337057000000016],[-76.22613369999999,36.336984099999995],[-76.2262475,36.33686130000001],[-76.22626760000003,36.33680709999999],[-76.22629439999997,36.33675040000003],[-76.22638819999997,36.336700500000006],[-76.22642300000001,36.3366704],[-76.2264156,36.336630300000024],[-76.2263625,36.33658630000002],[-76.2263284,36.33657290000002],[-76.22628229999998,36.3365824],[-76.22619750000001,36.3366226],[-76.22612140000001,36.336674000000016],[-76.2260526,36.336728100000016],[-76.22598679999999,36.33681769999998],[-76.2259646,36.33684299999999],[-76.22590659999997,36.33690919999998],[-76.22583700000001,36.3369601],[-76.22574479999997,36.33700470000002],[-76.22568289999998,36.337034700000004],[-76.22565739999999,36.337046999999984],[-76.22534100000001,36.33717999999999],[-76.2248401,36.33734129999999],[-76.22467929999999,36.33740289999997],[-76.22461279999999,36.3374336],[-76.2245605,36.33745779999998],[-76.22444009999998,36.337553000000014],[-76.22443379999999,36.337559399999975],[-76.2242622,36.33773230000003],[-76.22415230000001,36.337854400000026],[-76.22405040000001,36.33793559999998],[-76.2239437,36.33801440000002],[-76.22390639999998,36.33802559999998],[-76.223883,36.33801840000001],[-76.2238314,36.33796849999999],[-76.2238228,36.3379602],[-76.22364829999998,36.33777070000002],[-76.22359160000002,36.33772529999999],[-76.22356150000002,36.337711300000024],[-76.22352799999999,36.33771250000001],[-76.22349709999997,36.33773259999998],[-76.22347439999999,36.33775859999997],[-76.2234798,36.337794299999985],[-76.22352280000001,36.33784680000002],[-76.22366419999997,36.3379961],[-76.2237556,36.338096699999994],[-76.22376250000002,36.3381043],[-76.22389179999999,36.33823899999999],[-76.22396270000002,36.33832189999998],[-76.2241444,36.3385442],[-76.22419960000002,36.3386299],[-76.22433790000002,36.33903190000001],[-76.2243454,36.33915810000002],[-76.22432780000003,36.33937529999997],[-76.22430220000001,36.33955659999998],[-76.22424869999998,36.339735399999995],[-76.22419550000001,36.33988419999997],[-76.22400379999999,36.34023339999999],[-76.22385400000002,36.34052919999999],[-76.22376500000001,36.34061889999998],[-76.2231377,36.34113000000002],[-76.22310540000001,36.341151000000025],[-76.22302389999999,36.34117600000002],[-76.22294790000001,36.340888199999995],[-76.22287519999998,36.3406124],[-76.22255849999999,36.340135599999996],[-76.22225930000002,36.339862600000004],[-76.22223209999999,36.33980730000002],[-76.22216429999997,36.3397205],[-76.22211090000002,36.33966909999998],[-76.22203400000001,36.33963130000001],[-76.2218858,36.33958919999998],[-76.22175290000001,36.33957650000002],[-76.22161010000002,36.33956499999999],[-76.2207684,36.33954399999999],[-76.22052730000001,36.33958480000001],[-76.22000029999998,36.33967389999998],[-76.2199291,36.33968599999997],[-76.219809,36.3397071],[-76.21956139999998,36.33975049999998],[-76.21944869999999,36.3397703],[-76.21942150000001,36.3397918],[-76.21939930000002,36.33979499999998],[-76.2193598,36.339764600000024],[-76.21931139999998,36.339762399999984],[-76.2191899,36.33978910000002],[-76.21905070000003,36.3398148],[-76.21890730000001,36.33987939999997],[-76.21874550000001,36.33989930000001],[-76.21862379999999,36.339929100000006],[-76.21852760000002,36.33992999999998],[-76.21849800000001,36.33992119999999],[-76.2184833,36.33990640000002],[-76.21843410000002,36.33981499999999],[-76.21835420000002,36.33983699999999],[-76.21841540000003,36.339945],[-76.21789430000001,36.34016059999999],[-76.2178945,36.34022590000001],[-76.21789460000002,36.34025389999999],[-76.21783909999999,36.34031440000001],[-76.21774770000002,36.340431799999976],[-76.21771749999999,36.34058060000001],[-76.21763170000003,36.340771099999984],[-76.21756390000002,36.3409704],[-76.21748409999998,36.34116460000001],[-76.21733319999998,36.341505900000016],[-76.21721400000001,36.341821100000004],[-76.21715899999998,36.34195410000001],[-76.21712020000001,36.342070999999976],[-76.21706979999999,36.34222729999999],[-76.21705109999999,36.34228059999998],[-76.21701780000001,36.34232850000001],[-76.2169925,36.3423449],[-76.21695089999997,36.34234959999998],[-76.21692460000003,36.3423348],[-76.21690969999997,36.342247199999974],[-76.2168906,36.34221630000002],[-76.21684850000003,36.34219719999999],[-76.2168011,36.342175699999984],[-76.21675970000001,36.3421596],[-76.21668840000001,36.34215210000002],[-76.21661510000001,36.342158299999994],[-76.2165468,36.342138999999975],[-76.21649330000002,36.342121099999986],[-76.21640180000003,36.342085699999984],[-76.21640280000003,36.34202119999998],[-76.21639090000002,36.341978400000016],[-76.2163564,36.341950999999995],[-76.21629100000001,36.34193699999997],[-76.21622930000001,36.34191920000001],[-76.21622200000002,36.34186410000001],[-76.21620300000001,36.3418403],[-76.21617049999998,36.34180850000001],[-76.2161319,36.341798900000015],[-76.21599250000003,36.34179260000002],[-76.21592220000002,36.34175110000001],[-76.215846,36.341697599999975],[-76.21577589999998,36.34163050000001],[-76.21572229999998,36.34153930000002],[-76.21567490000001,36.34146609999999],[-76.21564139999998,36.341407300000014],[-76.21561259999999,36.34132890000001],[-76.21561860000003,36.3412745],[-76.21563730000003,36.34122120000001],[-76.21573519999998,36.341045199999996],[-76.21582489999997,36.34092140000001],[-76.21585299999998,36.340826400000026],[-76.21585249999998,36.34073510000002],[-76.21586389999999,36.34061350000002],[-76.2158963,36.340484000000004],[-76.21597050000003,36.34036409999999],[-76.2160278,36.34028810000001],[-76.21606539999999,36.340256099999976],[-76.2161635,36.340231500000016],[-76.21619670000001,36.34022829999998],[-76.21621420000002,36.34022670000002],[-76.21623729999999,36.340244799999994],[-76.2162768,36.34027570000001],[-76.21635229999998,36.34030519999999],[-76.21646329999999,36.340328399999976],[-76.2165506,36.340355699999975],[-76.2165827,36.34037410000002],[-76.21665710000002,36.340402400000016],[-76.21671409999999,36.34037439999997],[-76.216749,36.3403543],[-76.21677690000001,36.34032669999999],[-76.21678429999997,36.34031010000001],[-76.21678270000001,36.34028039999998],[-76.2167657,36.3402461],[-76.21673870000001,36.34021469999999],[-76.21668060000002,36.34016580000002],[-76.2166229,36.34013270000003],[-76.21655090000002,36.340104800000006],[-76.21649769999999,36.3400815],[-76.21639440000001,36.340051500000015],[-76.21639040000002,36.34005029999997],[-76.21628750000002,36.339995699999974],[-76.21629039999999,36.33999010000002],[-76.21640939999997,36.33976480000001],[-76.21643510000001,36.3396022],[-76.21646040000002,36.33957290000001],[-76.21651700000001,36.33950770000001],[-76.2171204,36.3397923],[-76.21720040000002,36.33983009999997],[-76.21727040000002,36.33979579999999],[-76.21730129999997,36.339698999999996],[-76.21724069999999,36.33966479999998],[-76.2172382,36.339663299999984],[-76.21716329999998,36.33964850000001],[-76.21702320000003,36.339575000000025],[-76.21688619999998,36.339507000000026],[-76.21674300000001,36.33943740000001],[-76.2167316,36.33938869999997],[-76.21674130000002,36.339344900000015],[-76.21676400000001,36.33932349999998],[-76.21679269999998,36.33929660000001],[-76.21682950000002,36.33921270000002],[-76.21684820000002,36.33915940000003],[-76.21688139999998,36.33905549999997],[-76.2169677,36.33895630000001],[-76.21705379999997,36.33884039999998],[-76.21708849999999,36.3387917],[-76.21716659999998,36.338744599999984],[-76.21720670000002,36.33869420000002],[-76.21720699999997,36.33869349999998],[-76.21723739999999,36.33862740000001],[-76.21725049999998,36.338568399999986],[-76.2173108,36.33856450000002],[-76.217374,36.338583400000005],[-76.21747440000001,36.33862850000003],[-76.21781770000001,36.338853700000016],[-76.2180257,36.33899009999999],[-76.2180904,36.33891799999998],[-76.21810529999999,36.33888400000001],[-76.2181099,36.33884920000003],[-76.2180907,36.3388205],[-76.21769330000001,36.33854409999998],[-76.21763470000002,36.33850369999999],[-76.21758840000001,36.338466400000016],[-76.2175274,36.33841439999998],[-76.21750600000001,36.33838229999998],[-76.21749260000001,36.338339399999995],[-76.21750379999997,36.33831379999998],[-76.21755150000001,36.33827500000001],[-76.21759320000001,36.33825350000001],[-76.21761099999998,36.338235699999984],[-76.21762790000002,36.33819890000001],[-76.21762890000002,36.3381857],[-76.21762289999998,36.338141699999994],[-76.2176265,36.33809170000001],[-76.21763959999998,36.33806679999998],[-76.21766450000001,36.338055999999995],[-76.21769069999999,36.338055999999995],[-76.21774190000002,36.33807869999998],[-76.21784079999998,36.33813600000002],[-76.21784430000002,36.338135299999976],[-76.21792319999997,36.338168199999984],[-76.21798260000003,36.338174400000014],[-76.21809760000002,36.33815750000002],[-76.2181152,36.338141500000006],[-76.2179069,36.33800289999999],[-76.2179706,36.337948400000016],[-76.21818300000001,36.33807940000003],[-76.21818960000002,36.33807330000002],[-76.21814540000003,36.33804040000001],[-76.21811220000001,36.33798239999999],[-76.21807030000002,36.33789280000002],[-76.2180548,36.337874899999974],[-76.2179913,36.33781329999999],[-76.21795680000002,36.337764600000014],[-76.21794590000002,36.33770249999998],[-76.21794069999999,36.33764609999997],[-76.21795429999997,36.33760160000003],[-76.2179739,36.337570200000016],[-76.21805619999998,36.337511000000006],[-76.21817379999999,36.3373072],[-76.21822049999997,36.33727399999998],[-76.21813379999998,36.3372114],[-76.21818589999998,36.337165200000015],[-76.21827489999998,36.337235299999975],[-76.2183063,36.33720010000002],[-76.21838439999999,36.3371075],[-76.21842909999998,36.3370544],[-76.21847580000002,36.337039000000004],[-76.2185991,36.33701359999998],[-76.21867909999997,36.33701450000001],[-76.21880199999998,36.33700499999998],[-76.21885250000003,36.3370443],[-76.2189037,36.3370597],[-76.21895599999999,36.33705850000001],[-76.21907570000002,36.33702740000001],[-76.21931230000001,36.33703400000002],[-76.2193868,36.33704369999998],[-76.21955029999998,36.337046999999984],[-76.21966939999999,36.33705400000002],[-76.2197152,36.337056700000005],[-76.21989280000003,36.33705329999998],[-76.21997779999998,36.33706219999999],[-76.22003669999998,36.337079500000016],[-76.22007250000001,36.33712539999999],[-76.22009050000003,36.33718399999998],[-76.22009270000001,36.33719389999999],[-76.2201154,36.33729870000002],[-76.2201149,36.337410499999976],[-76.22012000000001,36.33747690000001],[-76.2201235,36.33752229999999],[-76.2201422,36.33762059999998],[-76.22015379999999,36.3376356],[-76.22020579999997,36.33765519999997],[-76.2202623,36.33765030000001],[-76.22029989999999,36.337627499999996],[-76.22032159999998,36.337592400000005],[-76.2203351,36.3375312],[-76.22032159999998,36.337461399999995],[-76.22031420000002,36.33742319999999],[-76.22030569999998,36.33727479999999],[-76.22032890000003,36.3371803],[-76.22038759999998,36.337104599999975],[-76.2204524,36.33706719999998],[-76.22060649999997,36.337043300000005],[-76.22073089999998,36.337019],[-76.22078590000001,36.33703689999999],[-76.22090109999999,36.337069499999984],[-76.22134030000001,36.33714520000001],[-76.22154280000001,36.3371305],[-76.22155620000001,36.337129600000026],[-76.22188310000001,36.33702699999998],[-76.22193759999999,36.3369864],[-76.22199760000001,36.336897599999986],[-76.22205500000001,36.3367379],[-76.22209550000002,36.33664160000001],[-76.22218650000002,36.336542699999995],[-76.22220750000002,36.3364656],[-76.22221259999998,36.33642930000002],[-76.22219660000002,36.33628859999999],[-76.22222699999998,36.336182099999974],[-76.22205650000001,36.336111500000015],[-76.22193750000002,36.336240499999974],[-76.22189880000002,36.33632060000002],[-76.22189159999999,36.336332200000015],[-76.22182989999999,36.336431800000014],[-76.22177499999998,36.33663339999998],[-76.22167639999998,36.33669209999999],[-76.22152210000002,36.33676109999999],[-76.2214444,36.3367973],[-76.22138360000002,36.33681259999997],[-76.22124960000002,36.336816999999996],[-76.22109010000003,36.3368155],[-76.2208928,36.33681360000003],[-76.22058299999998,36.336809200000005],[-76.22039649999999,36.336814000000004],[-76.2201791,36.336815899999976],[-76.21993909999998,36.3368213],[-76.21959249999998,36.33685350000002],[-76.21953960000002,36.336850500000025],[-76.21945219999998,36.336827200000016],[-76.21938410000001,36.336817499999995],[-76.21934379999999,36.33681339999998],[-76.21929829999999,36.336800600000004],[-76.2192374,36.33679289999998],[-76.2191191,36.336782200000016],[-76.2190814,36.336769100000026],[-76.21897200000001,36.33674109999998],[-76.21886380000001,36.33675360000001],[-76.2188127,36.33675840000001],[-76.21876759999998,36.336776999999984],[-76.21871779999998,36.33679749999999],[-76.21858789999999,36.336836500000004],[-76.2185528,36.3367849],[-76.21855149999999,36.336776999999984],[-76.2185311,36.3366532],[-76.21861469999999,36.336534900000004],[-76.21874889999998,36.33659269999998],[-76.2188241,36.33654539999998],[-76.21882879999998,36.33650829999999],[-76.21880850000002,36.33646809999999],[-76.2187399,36.3364062],[-76.21869809999998,36.336294099999975],[-76.21872530000002,36.33621440000002],[-76.218842,36.336055699999974],[-76.21880449999998,36.33599609999999],[-76.21870740000003,36.3359749],[-76.21867630000003,36.33593969999998],[-76.21867780000002,36.335892899999976],[-76.21872230000002,36.33585590000001],[-76.21876070000002,36.335860000000025],[-76.21880220000003,36.33586439999999],[-76.21887829999997,36.33583900000002],[-76.21886990000002,36.33575259999998],[-76.21885120000002,36.3356642],[-76.21878939999999,36.335581400000024],[-76.21882240000002,36.335506899999984],[-76.21888630000001,36.335438599999975],[-76.21891440000002,36.33539919999998],[-76.21906660000002,36.335223600000006],[-76.21909199999999,36.335072000000025],[-76.21913430000001,36.33498370000001],[-76.2191666,36.334923600000025],[-76.21918840000001,36.334864400000015],[-76.21920080000001,36.3348072],[-76.21920540000002,36.33470519999997],[-76.21924949999999,36.33463499999999],[-76.21935810000002,36.33461369999998],[-76.21936499999998,36.33455909999998],[-76.21932729999997,36.33447749999999],[-76.21930659999998,36.334387400000026],[-76.21932049999998,36.33434399999999],[-76.21934720000002,36.33431669999999],[-76.21940560000002,36.33426989999998],[-76.21942580000001,36.33424289999999],[-76.2193959,36.334198800000024],[-76.2193671,36.33416310000001],[-76.21936929999998,36.33410479999998],[-76.2194045,36.334042899999986],[-76.2194293,36.33398920000002],[-76.21942530000001,36.33391449999999],[-76.21940560000002,36.33380360000001],[-76.21940460000002,36.33374909999998],[-76.21944480000002,36.33368039999999],[-76.21941809999998,36.33361050000002],[-76.2193944,36.333507499999996],[-76.21943950000002,36.33336659999998],[-76.21941570000001,36.3332461],[-76.21931310000002,36.33329379999998],[-76.2193014,36.33330059999997],[-76.21926639999998,36.3333207],[-76.2192427,36.33330050000001],[-76.2192086,36.333224099999995],[-76.2192071,36.333175900000015],[-76.21922060000003,36.33309700000001],[-76.21921400000002,36.333023000000026],[-76.2192139,36.33301130000001],[-76.21920669999997,36.33296569999999],[-76.21918699999998,36.33290890000001],[-76.21913080000002,36.33287560000002],[-76.2191009,36.33284609999998],[-76.21911310000002,36.33281299999999],[-76.21915949999999,36.332784600000025],[-76.2191795,36.33277240000001],[-76.21931610000001,36.33272920000002],[-76.21934829999998,36.33271719999999],[-76.21941659999999,36.33266520000001],[-76.21943800000003,36.332639099999994],[-76.21945149999999,36.3326045],[-76.21945499999998,36.33256640000002],[-76.21944880000001,36.332547799999986],[-76.21940560000002,36.332509200000004],[-76.2193686,36.3324528],[-76.21931330000001,36.33238189999997],[-76.2192298,36.33237980000001],[-76.21920460000001,36.33238779999999],[-76.21915469999999,36.33240360000002],[-76.21915180000002,36.332320700000025],[-76.21918099999999,36.33222380000001],[-76.21920419999998,36.332177100000024],[-76.2192885,36.332167700000014],[-76.21932900000002,36.33215919999998],[-76.21938899999998,36.33214659999999],[-76.21943629999998,36.332119499999976],[-76.21944159999998,36.33208880000001],[-76.21943149999998,36.33201029999998],[-76.21940510000002,36.33198299999998],[-76.21939989999998,36.33197769999998],[-76.2193474,36.331923500000016],[-76.21916549999997,36.331795399999976],[-76.21901000000003,36.331734400000016],[-76.21900010000002,36.33173049999999],[-76.21901009999999,36.33167839999999],[-76.2190291,36.33164620000002],[-76.2190751,36.33159690000002],[-76.21916829999998,36.331529699999976],[-76.21918579999999,36.331504499999994],[-76.2191977,36.33145669999999],[-76.21918019999998,36.33136669999999],[-76.21915139999999,36.331314299999974],[-76.21912099999997,36.33129229999997],[-76.21904009999997,36.331280400000026],[-76.2189884,36.331252500000005],[-76.21896650000002,36.33119429999999],[-76.21892100000002,36.33108979999997],[-76.2189133,36.33106429999998],[-76.2189353,36.331041700000014],[-76.21894429999998,36.331035799999995],[-76.21898040000002,36.3310123],[-76.21900959999999,36.330985199999986],[-76.21903070000002,36.33093739999998],[-76.21899839999998,36.330915000000005],[-76.21892050000002,36.330887399999995],[-76.2188693,36.33086179999998],[-76.21884169999998,36.33078130000001],[-76.21882249999999,36.33069760000001],[-76.2187745,36.3305709],[-76.21874530000002,36.330440099999976],[-76.2188198,36.330427499999985],[-76.2188276,36.33043409999999],[-76.21888410000003,36.33048179999997],[-76.21892609999998,36.3304708],[-76.21895549999999,36.330419800000016],[-76.218953,36.330351500000006],[-76.2189095,36.33032680000002],[-76.21888280000002,36.33032320000001],[-76.2188577,36.330319900000006],[-76.21878770000001,36.33029110000001],[-76.2187586,36.330181400000015],[-76.2187586,36.33013199999999],[-76.21876689999999,36.33010159999998],[-76.21889049999999,36.33011060000001],[-76.21892170000001,36.330112799999995],[-76.21897310000003,36.330107699999985],[-76.21905750000002,36.330082000000004],[-76.2191229,36.33005489999999],[-76.21918240000002,36.330023900000015],[-76.21925440000001,36.330003799999986],[-76.21935239999999,36.329982400000006],[-76.2194174,36.32995729999999],[-76.21946079999998,36.329938500000026],[-76.21953050000002,36.3299083],[-76.21957789999999,36.3298959],[-76.21972319999998,36.3298547],[-76.2198462,36.32983810000002],[-76.22000309999999,36.32979],[-76.2201384,36.3297647],[-76.2202479,36.3297412],[-76.22039330000001,36.3297],[-76.22040929999997,36.3296952],[-76.2204941,36.32966950000002],[-76.22057439999998,36.32964620000001],[-76.22064879999999,36.32962629999997],[-76.2209105,36.32956660000002],[-76.22115960000002,36.329541500000005],[-76.22119729999997,36.3295478],[-76.22127080000001,36.32955279999999],[-76.22134720000003,36.32955370000002],[-76.22143929999999,36.329539899999986],[-76.221542,36.329504299999996],[-76.22164029999999,36.32945860000001],[-76.22175049999998,36.329395799999986],[-76.22181169999999,36.32933539999999],[-76.22183080000002,36.329319999999996],[-76.22188649999998,36.32930429999999],[-76.2219624,36.32929089999999],[-76.2220701,36.329258100000004],[-76.22216209999999,36.329218000000026],[-76.22216370000001,36.329217400000005],[-76.22217660000001,36.32919479999998],[-76.2221591,36.32916879999999],[-76.2221586,36.3291686],[-76.2221002,36.32914929999998],[-76.22208699999999,36.32914499999998],[-76.22195740000001,36.3291471],[-76.22183799999999,36.329172400000004],[-76.2217513,36.32919609999999],[-76.22166959999998,36.32922769999999],[-76.22153259999999,36.32925829999999],[-76.2214042,36.32929089999999],[-76.2213486,36.32931389999999],[-76.22127360000002,36.32937449999997],[-76.2212414,36.329395999999974],[-76.22123970000001,36.32939649999997],[-76.22119229999998,36.329411400000026],[-76.2211868,36.32941099999999],[-76.2211155,36.32940689999998],[-76.2210106,36.32941599999998],[-76.22083329999998,36.32943999999998],[-76.22071039999997,36.32947849999999],[-76.22048539999997,36.32951700000001],[-76.22037010000003,36.32954160000003],[-76.22028660000001,36.329568800000004],[-76.22016830000001,36.329595299999994],[-76.22003280000001,36.32963960000001],[-76.21979549999998,36.329689299999984],[-76.21961759999999,36.32973199999998],[-76.2193671,36.32980629999997],[-76.21919759999997,36.32986779999999],[-76.2190273,36.329904],[-76.21891299999999,36.329912999999976],[-76.21884310000002,36.32987700000001],[-76.21877899999998,36.32982900000002],[-76.21870710000002,36.32975829999998],[-76.2185715,36.329635499999995],[-76.21842939999999,36.32953900000001],[-76.21841760000001,36.32952590000002],[-76.21830449999999,36.3294004],[-76.21831529999997,36.32932920000002],[-76.21832640000002,36.329289500000016],[-76.21833620000001,36.3292543],[-76.21836189999999,36.3292113],[-76.21836880000001,36.32916740000002],[-76.21835449999998,36.329130599999985],[-76.2183111,36.32909160000003],[-76.2182568,36.329051100000015],[-76.21817959999998,36.32899370000001],[-76.21811300000002,36.328961600000014],[-76.21806409999999,36.3289216],[-76.21803790000001,36.328893600000015],[-76.21804279999998,36.32887219999998],[-76.21818789999998,36.328772500000014],[-76.21840930000002,36.328664600000025],[-76.21869199999998,36.32850819999999],[-76.2189492,36.32839489999998],[-76.21928509999998,36.328229799999974],[-76.21936679999999,36.328198199999974],[-76.21938560000001,36.32819230000001],[-76.21953109999998,36.328110400000014],[-76.21954840000001,36.32809630000003],[-76.21963069999998,36.32804599999997],[-76.21976899999999,36.32799249999999],[-76.2198702,36.327952700000026],[-76.22006629999998,36.32784190000001],[-76.2202168,36.327762699999994],[-76.22034059999999,36.327674100000024],[-76.22050289999999,36.327610100000015],[-76.22061159999998,36.327570700000024],[-76.22072400000002,36.3275405],[-76.22079480000002,36.3275046],[-76.22087320000003,36.32746209999999],[-76.22107490000002,36.327369799999985],[-76.22110789999999,36.327378599999975],[-76.22127890000002,36.32742430000002],[-76.22144759999998,36.327335000000005],[-76.22136389999997,36.32722430000001],[-76.22130290000001,36.32714349999998],[-76.22126680000002,36.32709569999997],[-76.22120530000001,36.3271307],[-76.2211259,36.32717919999999],[-76.22098870000002,36.327248499999996],[-76.22070480000002,36.327389100000005],[-76.2204347,36.32752499999998],[-76.22030289999998,36.327585399999975],[-76.22005769999998,36.327711599999986],[-76.21988219999997,36.32780059999999],[-76.21960009999998,36.32793090000001],[-76.219513,36.327978599999994],[-76.21930550000002,36.32809639999999],[-76.21922339999998,36.32812280000002],[-76.21903020000002,36.32821710000002],[-76.21887199999998,36.328288199999974],[-76.21858020000002,36.32843730000002],[-76.21852580000001,36.3284587],[-76.218479,36.32847720000001],[-76.21835470000002,36.32852380000003],[-76.2182469,36.32854930000002],[-76.21811930000001,36.32857050000001],[-76.2180975,36.328545099999985],[-76.21809100000002,36.32850989999997],[-76.21808220000003,36.32848849999999],[-76.21806650000002,36.32845020000002],[-76.21803499999999,36.328395899999975],[-76.21796599999999,36.32831909999999],[-76.21785219999998,36.32822399999998],[-76.21774629999999,36.32815390000002],[-76.21765729999998,36.32809099999997],[-76.21755610000002,36.32782580000003],[-76.21747449999998,36.327678100000014],[-76.21739830000001,36.32759540000001],[-76.217377,36.32757220000002],[-76.2173712,36.32754879999999],[-76.2173793,36.327533700000004],[-76.2174235,36.3275036],[-76.21745149999998,36.327484500000025],[-76.21748960000002,36.327457100000004],[-76.21751130000001,36.327429800000004],[-76.2175181,36.327401699999996],[-76.21750400000002,36.32736349999999],[-76.21748179999997,36.32734160000001],[-76.21742649999999,36.32733630000001],[-76.21739680000002,36.327331000000015],[-76.21738010000001,36.327322700000025],[-76.21735960000001,36.32730570000001],[-76.21739020000001,36.32723349999998],[-76.21738549999998,36.32720610000001],[-76.21736470000002,36.327171599999986],[-76.21731999999997,36.32711519999998],[-76.2172693,36.327034200000014],[-76.21719990000003,36.32697710000002],[-76.2171381,36.32691799999998],[-76.21707620000001,36.32686100000001],[-76.21704899999997,36.32683650000001],[-76.21698980000002,36.3268003],[-76.216902,36.32677319999999],[-76.2168825,36.326772300000016],[-76.21680279999998,36.32675280000001],[-76.21670410000002,36.32672500000001],[-76.21670139999998,36.3267242],[-76.2166426,36.326670999999976],[-76.21660830000002,36.32663880000001],[-76.21659740000001,36.32657640000002],[-76.21657649999997,36.32654409999998],[-76.21653839999999,36.326523099999974],[-76.21649239999999,36.32650560000002],[-76.21640710000003,36.32648979999999],[-76.21636230000001,36.326501199999996],[-76.21633780000002,36.32651579999998],[-76.2163104,36.32654659999997],[-76.21630920000001,36.326548],[-76.2163036,36.32655770000002],[-76.2162788,36.326609099999985],[-76.2162591,36.32667040000001],[-76.21624530000003,36.32669729999998],[-76.21622430000002,36.32670869999998],[-76.21620239999999,36.32670780000001],[-76.21618339999998,36.32669440000001],[-76.21605799999998,36.32662570000002],[-76.21590830000002,36.326513499999976],[-76.21565980000003,36.326380099999994],[-76.21537280000001,36.32626970000001],[-76.21533870000002,36.32625660000002],[-76.21528970000003,36.326249700000005],[-76.21514810000002,36.3262297],[-76.2150924,36.326217799999995],[-76.21504620000002,36.326207899999986],[-76.21498489999999,36.32619999999997],[-76.21497620000002,36.32619890000001],[-76.21507459999998,36.32608049999999],[-76.21514880000001,36.32601729999999],[-76.21535510000001,36.32590010000001],[-76.2157459,36.32565540000002],[-76.21590329999998,36.325556800000015],[-76.2160063,36.325480500000026],[-76.2160859,36.32542699999999],[-76.21608980000002,36.325424399999974],[-76.21609139999998,36.32539329999997],[-76.216073,36.325358300000005],[-76.21599459999999,36.32530029999998],[-76.21595489999999,36.32527909999999],[-76.21569729999999,36.32544280000002],[-76.2154764,36.3255686],[-76.21537310000002,36.325632900000016],[-76.2152145,36.32573980000001],[-76.21490829999999,36.325919999999996],[-76.21474699999999,36.326033300000006],[-76.21469359999998,36.326070800000025],[-76.21462250000002,36.3261114],[-76.21461749999997,36.326112799999976],[-76.21453439999999,36.3261349],[-76.21448600000002,36.3261306],[-76.21443679999999,36.32608110000001],[-76.21442139999999,36.32606559999999],[-76.21438519999998,36.326038400000016],[-76.21430629999998,36.32602209999999],[-76.21420510000002,36.3260277],[-76.2141297,36.326061700000025],[-76.21408930000001,36.326081699999975],[-76.21402819999997,36.326038400000016],[-76.21397250000001,36.32600980000001],[-76.21393280000001,36.3259989],[-76.21389319999997,36.32600359999998],[-76.21384260000002,36.326028399999984],[-76.2137798,36.32606550000003],[-76.21368840000002,36.32609880000001],[-76.2136084,36.32610549999998],[-76.2135513,36.32609689999998],[-76.21348649999999,36.3260684],[-76.21341230000002,36.32600769999999],[-76.21337299999999,36.32599379999999],[-76.21326729999998,36.32599490000001],[-76.21319410000001,36.326003000000014],[-76.21313049999998,36.325987999999995],[-76.2130745,36.3259913],[-76.21302309999999,36.32601269999998],[-76.2129888,36.326034100000015],[-76.2129334,36.32605610000002],[-76.21288720000001,36.3260348],[-76.21273380000002,36.32594139999998],[-76.21265290000002,36.32588479999998],[-76.21260180000002,36.32579449999997],[-76.21258690000002,36.325714000000005],[-76.21255120000001,36.32567340000003],[-76.21249260000002,36.32567319999998],[-76.21249069999999,36.32567319999998],[-76.21244760000002,36.3257069],[-76.2124129,36.325735099999974],[-76.21241090000001,36.32579370000002],[-76.21241079999999,36.32579850000002],[-76.21242139999998,36.32586459999999],[-76.21242369999999,36.3259008],[-76.21241300000003,36.32593509999998],[-76.2123987,36.32596080000002],[-76.21238369999998,36.325978599999985],[-76.2123545,36.32599379999999],[-76.21227970000001,36.325911899999994],[-76.21226039999999,36.32591120000001],[-76.21217960000001,36.325927999999976],[-76.21212459999998,36.32596380000001],[-76.21206339999998,36.32607300000001],[-76.21173340000001,36.3261018],[-76.21144249999998,36.326144899999974],[-76.21115450000002,36.32625410000003],[-76.21107840000002,36.32622600000002],[-76.2110447,36.326221299999986],[-76.2110103,36.32622199999997],[-76.21096999999997,36.32622900000001],[-76.2109289,36.32623940000002],[-76.21082610000002,36.326270799999975],[-76.21074190000002,36.32628649999998],[-76.21068259999998,36.32628089999997],[-76.21066619999999,36.326279399999976],[-76.21060340000002,36.326270799999975],[-76.2105249,36.326250800000025],[-76.21049199999999,36.326215400000024],[-76.21042640000002,36.326165600000024],[-76.21031040000003,36.326123199999984],[-76.21015419999998,36.32610089999997],[-76.21007420000001,36.32611229999998],[-76.209969,36.3261703],[-76.20981499999999,36.32609769999999],[-76.20969910000002,36.32608449999998],[-76.20954740000002,36.32608929999998],[-76.20944400000002,36.32608329999999],[-76.20927749999998,36.326095699999996],[-76.20922180000002,36.326088700000014],[-76.2091441,36.32608290000002],[-76.20904719999999,36.32608579999999],[-76.2089861,36.32608040000002],[-76.20894229999999,36.32606190000001],[-76.20882979999999,36.326025300000026],[-76.20877109999998,36.326027899999985],[-76.2087151,36.32604950000001],[-76.20864640000002,36.3260889],[-76.20853920000002,36.326167999999996],[-76.20845309999999,36.32620509999998],[-76.20832130000002,36.3261612],[-76.2082709,36.32613379999998],[-76.20817649999998,36.326118199999996],[-76.2080555,36.32612399999999],[-76.20802359999999,36.32612549999999],[-76.20793070000002,36.32613709999998],[-76.20788440000001,36.3261559],[-76.20784500000002,36.32618880000001],[-76.2078133,36.3262153],[-76.20774440000002,36.32629600000001],[-76.20771919999999,36.32635859999999],[-76.20765929999999,36.326357299999984],[-76.20761829999998,36.32635160000001],[-76.20756899999998,36.326339700000005],[-76.2074667,36.326306699999975],[-76.20742130000002,36.3263058],[-76.2073633,36.32632030000002],[-76.20725759999999,36.32637260000001],[-76.20708910000002,36.32648510000001],[-76.2069917,36.326574600000015],[-76.20694099999997,36.32661239999999],[-76.20691110000001,36.3266218],[-76.20681539999998,36.32665170000001],[-76.20673520000003,36.32665450000002],[-76.20669270000002,36.32666790000002],[-76.20663780000001,36.326710100000014],[-76.20661260000003,36.32675390000003],[-76.20647960000002,36.326812099999984],[-76.206434,36.32685780000003],[-76.20640400000002,36.32689579999999],[-76.2063738,36.32693410000002],[-76.20632280000001,36.32692739999999],[-76.20623219999999,36.32691540000002],[-76.20619269999997,36.32692179999998],[-76.20612069999999,36.32694950000001],[-76.20608010000001,36.32696379999999],[-76.20603269999998,36.32698049999999],[-76.2059678,36.326991299999975],[-76.2059208,36.326979300000005],[-76.20584229999997,36.32693879999999],[-76.20580519999999,36.32691460000001],[-76.20573760000002,36.32690070000001],[-76.20569369999998,36.3269052],[-76.20560460000002,36.32694090000001],[-76.20553890000002,36.326955],[-76.20548059999999,36.3269674],[-76.20541279999998,36.32697209999998],[-76.20531340000002,36.3269689],[-76.20519109999998,36.32691160000002],[-76.20513069999998,36.32687499999997],[-76.20511119999998,36.32686319999999],[-76.20507550000002,36.32684169999999],[-76.20502169999997,36.326808099999994],[-76.20494660000003,36.32674609999998],[-76.20491929999997,36.32671149999999],[-76.20488660000001,36.326682800000015],[-76.20487259999999,36.32667049999998],[-76.20482820000001,36.326680899999985],[-76.20481460000002,36.32670469999999],[-76.20476609999997,36.32678929999997],[-76.2046522,36.326856099999986],[-76.20458660000003,36.326863],[-76.20453450000002,36.3268779],[-76.2045172,36.32688280000002],[-76.20448069999998,36.32691779999999],[-76.20446049999998,36.326951099999974],[-76.20442759999997,36.32698579999999],[-76.2043759,36.3270177],[-76.20429639999998,36.32705579999998],[-76.20422930000001,36.32708530000002],[-76.204137,36.327126299999975],[-76.20407890000001,36.32714720000001],[-76.20404359999998,36.327149899999995],[-76.20400569999998,36.32713480000001],[-76.20398180000001,36.327099799999985],[-76.20396899999997,36.32697839999997],[-76.20396410000001,36.32690280000003],[-76.20396319999998,36.32688910000002],[-76.20394140000002,36.326853099999994],[-76.20388589999999,36.326839199999995],[-76.20382039999998,36.32680959999999],[-76.20375840000003,36.326817800000015],[-76.20368610000003,36.32685409999999],[-76.20364719999998,36.32688239999999],[-76.20362540000002,36.326912900000025],[-76.20362,36.32693899999998],[-76.20363259999999,36.326982799999996],[-76.20362970000002,36.3269957],[-76.20361259999999,36.32700349999999],[-76.20357619999999,36.32700849999998],[-76.20353119999999,36.3270071],[-76.2034969,36.327004999999986],[-76.20347600000002,36.32698970000001],[-76.20346740000002,36.32696499999997],[-76.20346719999998,36.32693870000003],[-76.2035055,36.32688889999997],[-76.20351540000001,36.326871100000005],[-76.20351879999998,36.32685329999998],[-76.20352170000001,36.32683780000002],[-76.20351820000002,36.32679999999999],[-76.20348969999998,36.3267505],[-76.2034233,36.326674500000024],[-76.20337510000002,36.32665179999998],[-76.2033242,36.326646400000016],[-76.20326260000002,36.32664540000002],[-76.2031748,36.326611000000014],[-76.2031283,36.326599999999985],[-76.20305589999998,36.32660659999999],[-76.20302939999999,36.32661669999999],[-76.20294100000001,36.3266557],[-76.20290469999998,36.32667170000002],[-76.20287439999998,36.32667809999998],[-76.20285619999999,36.326682000000005],[-76.20282580000003,36.326687900000024],[-76.20276869999998,36.32669729999998],[-76.20268349999998,36.326712999999984],[-76.202655,36.32673440000002],[-76.2026338,36.32675599999999],[-76.2026234,36.326766599999985],[-76.20256360000002,36.32680149999999],[-76.20251789999998,36.32681580000002],[-76.2024591,36.32681280000003],[-76.20238369999998,36.32680720000002],[-76.20231089999999,36.326808700000015],[-76.20219859999997,36.326842399999975],[-76.20203420000001,36.32683960000003],[-76.2019664,36.32683530000003],[-76.20194759999998,36.3268339],[-76.2019368,36.326831500000026],[-76.20191970000002,36.32682299999999],[-76.20191349999999,36.326812099999984],[-76.20190919999999,36.32679780000001],[-76.20191019999999,36.3267831],[-76.20192020000002,36.3267707],[-76.20194240000001,36.32675740000002],[-76.20194350000003,36.3267563],[-76.2019929,36.32673590000002],[-76.2020157,36.326715200000024],[-76.2020283,36.32670380000002],[-76.20203609999999,36.326693499999976],[-76.20204319999999,36.32665709999998],[-76.20204130000002,36.326622499999985],[-76.2020273,36.326592000000005],[-76.2019947,36.32657610000001],[-76.20190259999998,36.32658409999999],[-76.20186419999999,36.32654000000002],[-76.20179710000002,36.326547600000026],[-76.20172589999999,36.326577799999995],[-76.20172910000002,36.32663389999999],[-76.20175,36.326662],[-76.20177890000002,36.32668210000003],[-76.20180149999999,36.32670409999997],[-76.20180649999998,36.32671979999998],[-76.20180499999998,36.32674050000003],[-76.20179860000002,36.326749800000016],[-76.2017836,36.32675760000001],[-76.20175219999999,36.32675690000002],[-76.20169800000002,36.326742000000024],[-76.20155460000001,36.326677399999994],[-76.20151040000002,36.32664629999999],[-76.2014974,36.32663719999999],[-76.201436,36.326577799999995],[-76.20140270000002,36.32657130000001],[-76.20136009999999,36.32657649999999],[-76.20130590000002,36.326600600000006],[-76.2012679,36.3266089],[-76.20121449999999,36.326605700000016],[-76.2012009,36.32658700000002],[-76.20119460000001,36.326569000000006],[-76.20119199999999,36.32653299999998],[-76.20117620000002,36.326498500000014],[-76.20111600000001,36.32644490000001],[-76.2010889,36.3264198],[-76.20106129999999,36.3264097],[-76.20103280000001,36.32640620000001],[-76.20100639999998,36.326412600000026],[-76.20097779999998,36.326425400000005],[-76.20094499999999,36.326436899999976],[-76.200917,36.32644110000001],[-76.20080960000001,36.326429399999995],[-76.20068140000001,36.326400999999976],[-76.20065390000002,36.32640120000002],[-76.20060990000002,36.326410899999985],[-76.2005876,36.32642129999999],[-76.20054290000002,36.32645719999999],[-76.200515,36.326476000000014],[-76.20047949999997,36.32648899999998],[-76.2004417,36.326497500000016],[-76.2003909,36.3264997],[-76.20026460000003,36.32644260000001],[-76.20026439999998,36.326442499999985],[-76.20024089999998,36.32643180000002],[-76.2002349,36.32643059999998],[-76.2001515,36.32641289999998],[-76.20015110000003,36.32641239999998],[-76.20008790000003,36.326367600000026],[-76.20005459999999,36.32635140000002],[-76.2000213,36.32635240000002],[-76.19999999999999,36.32636179999997],[-76.19999999999999,36.3188839],[-76.20024489999997,36.31879529999998],[-76.20025040000002,36.318793400000004],[-76.20059470000001,36.318674699999974],[-76.20075329999997,36.3186652],[-76.20070099999998,36.3188093],[-76.20070370000002,36.318905400000006],[-76.20070390000001,36.31891280000002],[-76.20070390000001,36.31891300000001],[-76.20071860000002,36.31896660000001],[-76.20077359999999,36.319026199999996],[-76.20080630000001,36.31903620000003],[-76.2009458,36.3190788],[-76.20103369999998,36.31907890000002],[-76.20121990000001,36.31902550000001],[-76.20142850000002,36.31890149999998],[-76.20151069999997,36.31883190000002],[-76.20157560000001,36.31870500000002],[-76.20157569999998,36.31870309999999],[-76.2015821,36.31856879999998],[-76.20158029999999,36.3185441],[-76.20157160000002,36.31841739999999],[-76.20149079999999,36.318285600000024],[-76.20149020000002,36.31827270000002],[-76.20147320000001,36.318130499999995],[-76.20146779999999,36.318084899999974],[-76.20147259999999,36.31799749999999],[-76.20154960000002,36.31787650000001],[-76.20160429999999,36.31780279999998],[-76.2016926,36.31770340000003],[-76.20176470000001,36.317656699999986],[-76.20189770000002,36.3175612],[-76.20201960000003,36.317477999999994],[-76.20203950000001,36.31746450000003],[-76.20209139999997,36.317418299999986],[-76.20221520000001,36.317265099999986],[-76.20226339999999,36.31719529999998],[-76.20235539999999,36.31702919999998],[-76.20243829999998,36.31684310000003],[-76.20246450000002,36.316755],[-76.20247369999998,36.3166124],[-76.2025061,36.316496400000005],[-76.20256169999999,36.316411800000026],[-76.2026156,36.31635799999998],[-76.20265840000002,36.3163146],[-76.20273830000002,36.316195600000015],[-76.20274169999999,36.31618550000002],[-76.20279199999999,36.3161303],[-76.20281349999999,36.31612039999999],[-76.20298400000001,36.31601499999999],[-76.20303439999998,36.31597909999999],[-76.20314259999998,36.315884100000005],[-76.20318780000002,36.31582229999998],[-76.20324699999998,36.31564479999997],[-76.2032557,36.315618700000016],[-76.2033568,36.3154844],[-76.20338770000001,36.31541060000001],[-76.20339009999998,36.31532729999998],[-76.2033806,36.31523929999997],[-76.20338320000002,36.3151421],[-76.20340340000001,36.315082700000005],[-76.20345200000003,36.31500369999998],[-76.2035257,36.31491569999997],[-76.20358950000002,36.31479460000003],[-76.2036397,36.314742799999976],[-76.20365509999999,36.31469720000001],[-76.20365379999998,36.31464699999998],[-76.20363600000002,36.3146218],[-76.20360269999998,36.314601700000026],[-76.2035674,36.31456459999998],[-76.20358169999997,36.31450030000002],[-76.20360970000002,36.314479199999994],[-76.20366089999999,36.31444800000003],[-76.20374609999999,36.31442579999998],[-76.2037646,36.314417900000024],[-76.203847,36.31438270000001],[-76.20390120000002,36.31431950000001],[-76.2039345,36.31424929999997],[-76.2039393,36.31420650000001],[-76.20392349999997,36.314143899999976],[-76.20390329999998,36.314100999999994],[-76.20388159999999,36.31405169999999],[-76.20396160000001,36.31405189999998],[-76.20399930000002,36.31402659999998],[-76.20406200000002,36.31395809999998],[-76.20406480000003,36.313937099999976],[-76.2040475,36.313903100000005],[-76.20401199999998,36.31388759999999],[-76.20399040000001,36.31387810000001],[-76.20395350000001,36.313851899999975],[-76.20394160000001,36.31383349999999],[-76.20394060000001,36.313822000000016],[-76.20394379999999,36.31381440000001],[-76.20395710000003,36.313802399999986],[-76.2040273,36.31377930000002],[-76.20407,36.31375800000001],[-76.20408359999999,36.313739],[-76.20409039999998,36.313715100000024],[-76.20408950000001,36.313687200000004],[-76.2040796,36.313663700000006],[-76.20404630000002,36.31361750000002],[-76.20401659999999,36.31359140000001],[-76.20400339999998,36.31357250000002],[-76.20400389999998,36.313552500000014],[-76.20401340000001,36.313543100000004],[-76.20412700000003,36.3135145],[-76.20416030000001,36.31348730000002],[-76.2041772,36.313450999999986],[-76.204182,36.313376000000005],[-76.20417259999999,36.31332470000001],[-76.204161,36.31329010000002],[-76.20415379999997,36.3132822],[-76.20414099999999,36.31327599999997],[-76.20413159999998,36.31327140000002],[-76.20410659999999,36.31326539999998],[-76.20408250000003,36.313262899999984],[-76.20405870000002,36.31325720000001],[-76.20404769999999,36.31324319999999],[-76.20405319999998,36.31320119999998],[-76.2040816,36.313084],[-76.20408320000001,36.31304970000002],[-76.20408040000001,36.313025900000014],[-76.20407180000001,36.313002600000004],[-76.20404960000002,36.3129692],[-76.20399809999998,36.31293520000003],[-76.20399040000001,36.312928],[-76.20396399999998,36.31280609999999],[-76.20394440000001,36.3126891],[-76.20394160000001,36.312672099999986],[-76.20396310000001,36.3126034],[-76.20398260000002,36.312520000000006],[-76.20398790000002,36.31243469999998],[-76.20398110000002,36.312341],[-76.20395680000001,36.312257699999975],[-76.203937,36.312235999999984],[-76.2038531,36.31214360000001],[-76.20384710000002,36.31205720000003],[-76.20386739999998,36.31200610000002],[-76.20393710000002,36.3119375],[-76.20398010000002,36.311872100000016],[-76.2040073,36.31180790000002],[-76.20402009999998,36.311736499999995],[-76.20401900000002,36.311639000000014],[-76.20402890000003,36.31148539999998],[-76.20402009999998,36.311438099999975],[-76.203982,36.311382400000014],[-76.20396970000002,36.311349500000006],[-76.20396690000001,36.31133249999999],[-76.20396829999999,36.311318700000015],[-76.2039901,36.3112625],[-76.2040192,36.31122779999998],[-76.20404919999999,36.31120299999998],[-76.2040915,36.311184000000026],[-76.20416569999998,36.311188200000004],[-76.20421149999999,36.311180999999976],[-76.20423849999997,36.31116830000002],[-76.20424279999997,36.31113060000001],[-76.20423140000003,36.311083999999994],[-76.20422400000001,36.31102920000001],[-76.2042222,36.31091679999997],[-76.20422159999998,36.31090799999998],[-76.20421929999998,36.31087600000001],[-76.20421700000003,36.31085200000001],[-76.20418899999999,36.310820999999976],[-76.20411769999998,36.310809500000005],[-76.20407460000001,36.31082020000002],[-76.20402530000001,36.31084470000002],[-76.20395300000001,36.310890400000005],[-76.2038882,36.31091429999998],[-76.2038154,36.31091429999998],[-76.20373649999999,36.310901899999976],[-76.2035765,36.31080159999999],[-76.20343200000002,36.31069350000001],[-76.2033798,36.310635400000024],[-76.20339539999998,36.310589100000016],[-76.2035583,36.31058100000001],[-76.20359509999997,36.31058669999999],[-76.20365570000001,36.31058359999997],[-76.20366899999999,36.31057729999998],[-76.20371119999999,36.310524499999985],[-76.20372259999999,36.31047030000002],[-76.20371770000003,36.31044250000002],[-76.2036913,36.310406],[-76.20365429999998,36.310380399999985],[-76.20362790000001,36.31033769999999],[-76.20360879999998,36.31029059999997],[-76.203618,36.31021320000002],[-76.20359769999999,36.31011160000003],[-76.20359059999998,36.31007010000002],[-76.20352980000001,36.310044800000014],[-76.20345459999999,36.31004630000001],[-76.20335569999997,36.310044800000014],[-76.20329429999998,36.31003340000001],[-76.20324770000002,36.31002769999998],[-76.20322959999999,36.31001629999997],[-76.20321819999998,36.309998199999995],[-76.2032125,36.309970599999986],[-76.20321439999998,36.30994770000001],[-76.20322670000002,36.3099297],[-76.20326770000003,36.3099249],[-76.20336200000003,36.309931000000006],[-76.20343159999999,36.30992800000001],[-76.20344549999999,36.30992739999999],[-76.20353440000002,36.309913300000005],[-76.20355510000002,36.30988120000001],[-76.20355740000002,36.30983629999997],[-76.20353110000002,36.30974980000002],[-76.20350330000002,36.309708],[-76.2034203,36.3096486],[-76.2033826,36.30958900000002],[-76.20337949999998,36.30954109999999],[-76.20337899999998,36.30945600000001],[-76.2034008,36.309325],[-76.20340770000001,36.309283600000015],[-76.20340650000003,36.30928],[-76.2034443,36.30924759999999],[-76.2034964,36.309244999999976],[-76.20353870000002,36.309263999999985],[-76.20358290000001,36.309283900000025],[-76.2036857,36.309279600000025],[-76.2037158,36.3091857],[-76.203618,36.3091225],[-76.20358870000001,36.30908899999997],[-76.20356129999999,36.30904529999998],[-76.20355619999998,36.30903719999998],[-76.20354859999998,36.30893709999998],[-76.20354980000002,36.308899499999995],[-76.2035745,36.30888809999999],[-76.20363529999997,36.308859900000016],[-76.20366869999998,36.30882279999997],[-76.20365149999998,36.30874879999999],[-76.20362019999999,36.308674199999984],[-76.20360899999997,36.308652499999994],[-76.20356959999998,36.308576500000015],[-76.20357109999998,36.308537],[-76.20358099999999,36.30851910000001],[-76.2036048,36.308511899999985],[-76.20364519999998,36.30850600000002],[-76.20366419999999,36.30849410000002],[-76.20368630000002,36.30845900000003],[-76.20368919999999,36.3084417],[-76.20368209999998,36.308404800000005],[-76.20366439999998,36.30836740000001],[-76.2036142,36.308335699999986],[-76.2036258,36.308289100000025],[-76.20363630000003,36.308246499999996],[-76.20365290000001,36.30816920000001],[-76.2036582,36.30811720000003],[-76.20366009999998,36.30809900000003],[-76.20364940000002,36.30804790000002],[-76.20360770000002,36.30801220000001],[-76.20354709999998,36.30798600000003],[-76.20352300000002,36.307975],[-76.20351299999999,36.307962299999986],[-76.20351720000002,36.30794559999998],[-76.20354099999997,36.30788660000002],[-76.2036392,36.307749100000024],[-76.20367649999997,36.30769670000001],[-76.20374020000003,36.307676300000026],[-76.20375739999997,36.30764629999999],[-76.2037588,36.30761209999997],[-76.2037302,36.30756070000001],[-76.20368309999998,36.30752210000003],[-76.2036589,36.30749209999999],[-76.20365199999998,36.307459800000004],[-76.20374759999999,36.30741389999997],[-76.20379050000003,36.307382099999984],[-76.2038086,36.30734899999999],[-76.20381479999998,36.307337700000005],[-76.2038101,36.307281699999976],[-76.2037952,36.30725530000001],[-76.20375250000001,36.307179099999985],[-76.20370500000001,36.307005600000025],[-76.20368539999998,36.30680469999999],[-76.2037034,36.30676149999999],[-76.20371740000002,36.30672770000001],[-76.2037421,36.306683899999996],[-76.2037661,36.30665049999999],[-76.20378160000001,36.306638599999985],[-76.2038091,36.30662389999998],[-76.20383270000002,36.3066369],[-76.20388179999998,36.30667920000002],[-76.20396469999997,36.30671960000001],[-76.20408259999999,36.30674829999998],[-76.20412090000002,36.30675289999999],[-76.20419020000003,36.306761300000005],[-76.20424020000002,36.306753000000015],[-76.20425010000002,36.306751399999996],[-76.2042846,36.3067456],[-76.20429619999999,36.30673890000003],[-76.20438630000001,36.30668689999999],[-76.20446140000001,36.306662800000026],[-76.20453120000002,36.30665479999999],[-76.20454519999998,36.30666830000001],[-76.2045458,36.30666889999998],[-76.2045546,36.30667729999999],[-76.20456030000003,36.30672709999999],[-76.20458439999999,36.30675280000003],[-76.2046297,36.306759899999975],[-76.2047035,36.30675129999997],[-76.20478559999998,36.3067322],[-76.20482659999999,36.30670329999998],[-76.2048433,36.30668859999997],[-76.20489500000002,36.306642899999986],[-76.2049566,36.306599500000004],[-76.2050367,36.30656140000002],[-76.20513390000002,36.30657530000002],[-76.2052066,36.30657289999999],[-76.20529390000002,36.30657630000002],[-76.20540640000002,36.306567900000005],[-76.20546869999998,36.30656640000001],[-76.2055406,36.306599500000004],[-76.20555919999998,36.30661930000002],[-76.20555580000001,36.30664469999999],[-76.20554959999998,36.3066915],[-76.20556870000001,36.30673860000002],[-76.2056088,36.30682250000001],[-76.2056574,36.3068404],[-76.2057896,36.30683829999998],[-76.2058505,36.30680640000003],[-76.2058917,36.30677850000001],[-76.2059089,36.306766900000014],[-76.20593630000002,36.30675000000002],[-76.2059744,36.30674720000002],[-76.20599820000001,36.3067686],[-76.20602559999998,36.306816200000014],[-76.2060553,36.30686259999999],[-76.20609580000001,36.30689000000001],[-76.2061559,36.306925999999976],[-76.20617549999997,36.30693400000001],[-76.20619570000002,36.3069423],[-76.20623740000002,36.30695300000002],[-76.20631100000003,36.306955800000026],[-76.20636150000001,36.30697809999998],[-76.206456,36.30707640000003],[-76.2064861,36.307126900000014],[-76.20650460000002,36.30714280000001],[-76.20651889999999,36.30715509999999],[-76.20655529999999,36.307169199999976],[-76.2066365,36.30720100000002],[-76.20670050000001,36.307242599999995],[-76.20673470000003,36.30726709999999],[-76.20678229999999,36.3073076],[-76.20685329999998,36.307347400000026],[-76.20689529999999,36.3073584],[-76.20698959999999,36.3074201],[-76.206995,36.30746629999999],[-76.20699689999998,36.30748449999999],[-76.20701409999998,36.30752289999998],[-76.2070223,36.307535299999984],[-76.20704890000002,36.3075657],[-76.20709290000002,36.30759569999998],[-76.20717589999998,36.307708400000024],[-76.20726830000001,36.30777310000002],[-76.20733389999998,36.307828400000005],[-76.20738649999998,36.307899099999986],[-76.207401,36.30795819999997],[-76.20740810000001,36.30803850000001],[-76.2074192,36.30807140000002],[-76.2074364,36.3080923],[-76.2074657,36.308112900000026],[-76.20746930000001,36.3081153],[-76.20749919999997,36.308125200000006],[-76.2075666,36.308125099999984],[-76.20757229999998,36.308126800000025],[-76.20758169999999,36.308129699999995],[-76.20766850000001,36.30815630000001],[-76.20769810000002,36.30823959999998],[-76.20771400000001,36.308291999999994],[-76.20774399999999,36.30836199999999],[-76.20777170000002,36.30839789999999],[-76.20779110000001,36.30840740000002],[-76.20784029999999,36.30843149999998],[-76.2079372,36.308462099999986],[-76.20799469999997,36.308458099999996],[-76.20813170000002,36.3083666],[-76.2082471,36.308516399999974],[-76.20831800000002,36.30852420000002],[-76.2083993,36.3085332],[-76.20849420000002,36.3085375],[-76.20866419999999,36.30851769999998],[-76.20882440000003,36.308487300000024],[-76.20886719999999,36.30846930000001],[-76.208976,36.308423600000026],[-76.20907010000002,36.30836399999998],[-76.2091504,36.30829449999999],[-76.20918540000002,36.30825770000001],[-76.20928099999998,36.30815769999998],[-76.20928229999998,36.30815639999997],[-76.20939950000002,36.30804389999997],[-76.209451,36.30799940000003],[-76.20952790000001,36.307950500000004],[-76.2095349,36.307946000000015],[-76.20957379999999,36.307907399999976],[-76.20958580000001,36.3078883],[-76.20960380000002,36.307859500000006],[-76.2096383,36.30780290000001],[-76.20964140000001,36.3077978],[-76.20967510000003,36.30775139999997],[-76.20970490000002,36.307720200000006],[-76.2097569,36.30769559999999],[-76.20979779999999,36.3076739],[-76.20986620000002,36.30763760000002],[-76.20993040000002,36.3076092],[-76.20997699999998,36.30758609999998],[-76.21003730000001,36.307565599999975],[-76.21009620000001,36.30755340000002],[-76.21023339999999,36.3075518],[-76.21031160000001,36.307545300000015],[-76.2103894,36.307538799999975],[-76.21044119999999,36.307538299999976],[-76.21046180000002,36.30753850000002],[-76.2105368,36.307563500000015],[-76.2106061,36.307571199999984],[-76.21071840000002,36.307579499999974],[-76.21083329999999,36.3075953],[-76.21090279999999,36.307606799999974],[-76.21093009999998,36.30761130000002],[-76.21099900000002,36.307631500000014],[-76.21109480000001,36.30770009999998],[-76.2111516,36.307727899999975],[-76.211163,36.30773340000002],[-76.21126149999998,36.30776270000001],[-76.21134210000002,36.30780679999998],[-76.21140459999998,36.3078711],[-76.2114444,36.307908399999974],[-76.2115895,36.30798420000002],[-76.2115943,36.307986099999994],[-76.2116537,36.30802940000001],[-76.21170030000002,36.3080635],[-76.21170339999998,36.308065699999986],[-76.21176559999998,36.3081358],[-76.21177999999998,36.30814570000001],[-76.21191859999999,36.30822999999998],[-76.2119257,36.30823429999998],[-76.21201960000002,36.30829970000002],[-76.21208949999999,36.30833009999998],[-76.21216120000003,36.308381499999996],[-76.2122185,36.308417899999995],[-76.21224749999999,36.30847010000002],[-76.21227040000002,36.308503900000005],[-76.21242059999997,36.30860439999998],[-76.2125155,36.30866359999999],[-76.21256640000001,36.3086763],[-76.21264789999998,36.30876219999999],[-76.21268250000003,36.30880350000001],[-76.2127044,36.30886750000002],[-76.21274410000001,36.30893329999998],[-76.2127941,36.30894280000001],[-76.21286170000002,36.308932200000015],[-76.212919,36.3089205],[-76.21309880000001,36.3090378],[-76.2131238,36.309066599999994],[-76.21312990000001,36.30911630000003],[-76.21314919999998,36.309172699999976],[-76.21317950000002,36.30919260000002],[-76.2132737,36.30917649999998],[-76.21332740000003,36.309187399999985],[-76.21336539999999,36.3092082],[-76.21342010000001,36.309268299999985],[-76.21345500000001,36.3093556],[-76.21352359999997,36.30952159999998],[-76.2135429,36.30960929999998],[-76.21354530000002,36.30968089999999],[-76.21355169999998,36.309873400000015],[-76.21353929999998,36.3099421],[-76.21348749999999,36.3102217],[-76.2134747,36.31028509999999],[-76.21345539999999,36.31033209999998],[-76.21339640000002,36.310409400000026],[-76.21330410000002,36.31050929999998],[-76.21319949999997,36.31061310000001],[-76.21312119999999,36.310681999999986],[-76.2130151,36.310676],[-76.21284969999999,36.310701300000005],[-76.21274319999998,36.31072130000001],[-76.21264880000001,36.310722699999985],[-76.21255539999999,36.310725400000024],[-76.21240970000002,36.31068479999999],[-76.2123378,36.31066670000001],[-76.2122425,36.31060230000003],[-76.21212839999998,36.310518100000024],[-76.21204560000001,36.3104477],[-76.21197760000001,36.310349599999995],[-76.21195640000002,36.310281499999974],[-76.2119702,36.31021199999998],[-76.21195360000002,36.31016319999998],[-76.2119128,36.310120299999994],[-76.2118567,36.310092399999974],[-76.21180290000001,36.31007410000001],[-76.21179039999998,36.31006689999998],[-76.21176270000001,36.31005110000001],[-76.21174710000003,36.310020099999974],[-76.21174020000001,36.30994320000002],[-76.21174109999998,36.309939299999996],[-76.21175729999999,36.3098698],[-76.21175210000001,36.30978249999998],[-76.2117409,36.309756300000004],[-76.2117055,36.3097358],[-76.21165739999998,36.3097219],[-76.2116426,36.3097176],[-76.2116426,36.309685],[-76.21164270000003,36.30964560000001],[-76.2116292,36.309585700000014],[-76.21159699999998,36.30953729999999],[-76.21155040000002,36.309490600000004],[-76.21144320000002,36.30941130000002],[-76.21142780000002,36.30939510000002],[-76.21143310000002,36.30933820000001],[-76.21142909999998,36.30930749999999],[-76.21137979999997,36.3092772],[-76.21128520000002,36.30923999999999],[-76.2112358,36.3092264],[-76.21118480000001,36.30923039999999],[-76.21116189999998,36.309227899999996],[-76.21110729999998,36.3091991],[-76.2109843,36.309153700000024],[-76.21089339999997,36.30912519999998],[-76.21082999999999,36.30914250000001],[-76.21060510000001,36.30908099999999],[-76.2105702,36.30907509999997],[-76.21049979999998,36.30907769999999],[-76.21044920000003,36.309087499999976],[-76.21034179999998,36.309121000000005],[-76.21022049999999,36.30916869999999],[-76.21011750000002,36.30923080000002],[-76.20998559999998,36.3093202],[-76.20986190000002,36.309430299999974],[-76.20981119999999,36.30948030000002],[-76.20978689999998,36.30955080000001],[-76.20976389999998,36.30966849999999],[-76.20976130000003,36.30974029999999],[-76.20978059999999,36.30985199999998],[-76.2098201,36.31000660000001],[-76.2098545,36.310167999999976],[-76.20987179999997,36.310236599999996],[-76.2099465,36.31032499999998],[-76.2099538,36.3104093],[-76.20994669999999,36.310472300000015],[-76.20995499999998,36.31052110000002],[-76.2099728,36.310562800000014],[-76.2100102,36.31063260000002],[-76.2100299,36.310749499999986],[-76.21002249999998,36.310835399999974],[-76.20997540000002,36.31093490000001],[-76.21002929999997,36.31098450000002],[-76.2100638,36.31101840000002],[-76.210082,36.31105689999998],[-76.2100752,36.31111470000002],[-76.21006399999999,36.31119180000002],[-76.21005020000001,36.31126139999998],[-76.21004929999998,36.31136029999999],[-76.21004829999998,36.31146380000001],[-76.20998259999999,36.311837000000025],[-76.21002529999998,36.3120179],[-76.21003919999998,36.31207699999999],[-76.2102246,36.31221470000003],[-76.21042060000002,36.3122879],[-76.21050200000002,36.31232670000003],[-76.21061580000003,36.31238889999997],[-76.21074579999998,36.31244659999999],[-76.2108356,36.31247380000002],[-76.21091259999997,36.31249250000002],[-76.21115809999998,36.31254560000002],[-76.21125419999998,36.31256639999998],[-76.21136389999998,36.3125905],[-76.21150310000002,36.312609099999975],[-76.21171729999998,36.3126072],[-76.21190810000002,36.312663999999984],[-76.21202260000001,36.31269809999998],[-76.21209520000002,36.3127121],[-76.21221259999999,36.312744399999985],[-76.2122986,36.312762899999996],[-76.21236019999998,36.312765300000024],[-76.212444,36.312757499999975],[-76.21250270000002,36.31276159999999],[-76.21253910000001,36.31277590000002],[-76.21257320000001,36.31280459999999],[-76.21264580000002,36.31284260000001],[-76.21271919999998,36.312841400000025],[-76.21272210000001,36.3128413],[-76.21277750000002,36.31281799999999],[-76.21285790000002,36.31283020000001],[-76.21289209999998,36.31283539999998],[-76.2129291,36.312862300000006],[-76.2129291,36.31286260000002],[-76.21294030000001,36.31291249999998],[-76.21293029999998,36.31297410000002],[-76.21283870000002,36.313125300000024],[-76.21277450000002,36.31326730000001],[-76.21277309999999,36.31330809999997],[-76.21278059999997,36.31333460000002],[-76.21282339999999,36.3133512],[-76.2128581,36.313339600000006],[-76.21288779999998,36.31331449999999],[-76.2129056,36.31327750000003],[-76.21300009999999,36.31312459999998],[-76.2130525,36.31302720000002],[-76.21308479999999,36.312920599999984],[-76.21311050000003,36.31287320000001],[-76.2131483,36.3128519],[-76.21317299999998,36.312838],[-76.21321160000002,36.31281869999998],[-76.21321940000001,36.31281480000001],[-76.2134163,36.31281790000003],[-76.21358939999999,36.31284879999998],[-76.21383129999998,36.312884999999994],[-76.21398399999998,36.312906399999974],[-76.2141681,36.31294889999998],[-76.21427290000003,36.31298720000001],[-76.21436619999997,36.313022699999976],[-76.2143835,36.31302920000002],[-76.21449189999998,36.31304490000002],[-76.2145099,36.313042300000006],[-76.21458580000001,36.3130309],[-76.21473259999999,36.31301719999999],[-76.21487259999998,36.313037399999985],[-76.21501599999999,36.31304419999998],[-76.21513729999998,36.313072499999976],[-76.2151801,36.31308250000001],[-76.21524290000002,36.31309329999999],[-76.2153611,36.313136199999974],[-76.21540570000002,36.31313990000001],[-76.21544890000001,36.3131204],[-76.21547829999997,36.31308790000003],[-76.21550230000003,36.31306139999998],[-76.21556450000003,36.313091799999995],[-76.21563859999998,36.31312809999997],[-76.21577029999997,36.313199499999996],[-76.2158349,36.3132387],[-76.21590270000002,36.3132981],[-76.21599559999999,36.31339359999998],[-76.21603349999998,36.313438399999995],[-76.21604489999999,36.31347199999999],[-76.21603870000001,36.31352559999999],[-76.21597170000001,36.313676199999975],[-76.2159398,36.31374599999998],[-76.21589419999998,36.313796500000024],[-76.2156961,36.313943600000016],[-76.2153199,36.31421069999999],[-76.21505819999999,36.31439180000001],[-76.2148583,36.3145346],[-76.214766,36.31461039999999],[-76.21454799999998,36.31483270000001],[-76.21447640000002,36.31489190000002],[-76.21436419999998,36.31500140000003],[-76.2143079,36.31507979999998],[-76.21423859999999,36.31514870000001],[-76.2141742,36.315203499999996],[-76.21410780000002,36.31526330000003],[-76.2140382,36.315334199999995],[-76.21402160000002,36.315351599999985],[-76.21386560000002,36.31551539999998],[-76.21373,36.315682700000025],[-76.21361589999998,36.31580530000002],[-76.21362640000001,36.31583669999998],[-76.2136266,36.3158373],[-76.21362820000002,36.315842299999986],[-76.21363939999998,36.31587569999999],[-76.21364590000002,36.31589939999998],[-76.21363170000001,36.315922899999975],[-76.2136314,36.31596080000003],[-76.2136314,36.315965500000004],[-76.21363500000001,36.31598170000001],[-76.21364,36.31600420000001],[-76.213641,36.31600589999999],[-76.21367140000001,36.3160585],[-76.21368899999999,36.316081800000006],[-76.2137055,36.316103699999985],[-76.2137515,36.316145199999994],[-76.21391019999999,36.31625020000001],[-76.21391799999998,36.31625600000001],[-76.21394600000002,36.316277000000014],[-76.21394880000003,36.316274899999996],[-76.21414629999998,36.316121899999985],[-76.21421450000003,36.31606909999999],[-76.21409260000001,36.3160575],[-76.21402740000002,36.3160297],[-76.2140043,36.31602240000001],[-76.213956,36.316007300000024],[-76.21391160000002,36.31598819999999],[-76.21388910000002,36.31597850000003],[-76.21385650000002,36.31595920000001],[-76.21384389999997,36.31595170000003],[-76.21383600000001,36.31593029999999],[-76.21382949999997,36.31591259999999],[-76.2138382,36.31588260000001],[-76.21384130000001,36.31587209999998],[-76.21385559999999,36.31583180000001],[-76.21391649999998,36.31581419999998],[-76.21390330000003,36.31578400000001],[-76.21389199999999,36.315758200000005],[-76.21388539999998,36.31574310000002],[-76.21389529999999,36.31572219999998],[-76.21395810000001,36.315684999999974],[-76.21400210000002,36.31565210000002],[-76.21407850000003,36.315605600000026],[-76.21413530000001,36.31557120000002],[-76.2141426,36.31556790000002],[-76.21422990000002,36.315529000000026],[-76.21430889999999,36.31548720000001],[-76.21438519999998,36.31543060000001],[-76.214492,36.315329099999985],[-76.214561,36.31526960000002],[-76.21472069999999,36.31512049999998],[-76.2147407,36.31510420000001],[-76.21495399999998,36.31493119999999],[-76.2151316,36.31479619999999],[-76.21518070000002,36.314758900000015],[-76.21527359999999,36.314678000000015],[-76.21531900000002,36.3146385],[-76.2154031,36.314565200000004],[-76.21559230000003,36.314408800000024],[-76.21569140000003,36.31432330000001],[-76.21589990000001,36.31419920000002],[-76.21592750000002,36.31418159999998],[-76.21607799999998,36.31408590000001],[-76.21615309999999,36.314038100000005],[-76.21634519999998,36.313903900000014],[-76.21659540000002,36.3137059],[-76.21675479999999,36.31361420000002],[-76.2170274,36.31331],[-76.217084,36.31324360000002],[-76.21712459999998,36.313196000000005],[-76.21714120000001,36.3131654],[-76.21712159999998,36.31313510000001],[-76.2170552,36.31309879999998],[-76.21702060000001,36.3130893],[-76.21696250000002,36.313073299999985],[-76.21686160000002,36.3130271],[-76.21682929999997,36.31300809999999],[-76.21679440000003,36.312987599999985],[-76.21672949999999,36.31295039999998],[-76.21666699999997,36.31293019999998],[-76.21659770000002,36.31291970000001],[-76.2164861,36.31291520000002],[-76.21635400000002,36.3128964],[-76.2162515,36.31288189999998],[-76.21615050000003,36.3128524],[-76.21605570000003,36.31280779999997],[-76.21604539999998,36.312805500000024],[-76.21598599999999,36.312792100000024],[-76.2158925,36.3127801],[-76.21561009999999,36.31277829999999],[-76.2152848,36.31277920000002],[-76.21511980000002,36.31278579999997],[-76.21500709999998,36.31277269999998],[-76.21487450000001,36.31273879999998],[-76.21476849999999,36.31271609999999],[-76.21465940000002,36.312704499999995],[-76.21458189999998,36.31270460000002],[-76.2144854,36.3127111],[-76.21439020000003,36.312709299999995],[-76.21425310000001,36.312687400000016],[-76.21411389999997,36.312646599999994],[-76.21379030000003,36.31257249999999],[-76.21348069999999,36.31250829999999],[-76.2133207,36.31249550000001],[-76.21320170000001,36.31248599999998],[-76.21293070000002,36.312462400000015],[-76.212741,36.31245339999998],[-76.21259379999998,36.31244650000002],[-76.21244689999997,36.312445500000024],[-76.2122051,36.31241670000003],[-76.2121876,36.31241269999998],[-76.212085,36.31236949999999],[-76.2119912,36.31234280000001],[-76.2116681,36.312274],[-76.21148340000002,36.31223560000001],[-76.21141139999997,36.312217499999974],[-76.211276,36.312185399999976],[-76.21114369999998,36.31214940000001],[-76.2109896,36.31209749999999],[-76.21086600000001,36.312039500000026],[-76.21071949999998,36.3119403],[-76.21062599999999,36.31185629999999],[-76.21055330000002,36.311755600000026],[-76.21050430000003,36.31164380000001],[-76.21044369999998,36.311421199999984],[-76.21044380000001,36.31130109999998],[-76.2104655,36.31118789999999],[-76.21046869999998,36.311171100000024],[-76.21047019999997,36.311168699999996],[-76.21054199999998,36.31105359999998],[-76.21056620000002,36.31097569999997],[-76.210557,36.3108891],[-76.2104994,36.310679300000004],[-76.2104051,36.31037789999999],[-76.2103252,36.31007490000002],[-76.21027299999997,36.3098536],[-76.2102686,36.3098349],[-76.21027299999997,36.30981889999998],[-76.21027889999999,36.309797600000024],[-76.21029370000002,36.30974359999999],[-76.210351,36.30966919999997],[-76.21042139999997,36.309632799999974],[-76.21042829999999,36.309631000000024],[-76.21053999999998,36.30958930000003],[-76.2105709,36.309579600000006],[-76.21066990000003,36.309548500000005],[-76.2108002,36.309556999999984],[-76.21089619999998,36.3095778],[-76.2109135,36.30958420000002],[-76.21096669999997,36.3096041],[-76.21112,36.30969349999998],[-76.21121740000001,36.309848999999986],[-76.21125469999998,36.3099292],[-76.21131439999999,36.310030600000005],[-76.21139529999999,36.31017600000001],[-76.21147209999998,36.3102834],[-76.21152030000002,36.31038460000002],[-76.21159599999999,36.310625500000015],[-76.2116335,36.31071309999999],[-76.21169450000002,36.3108062],[-76.21177549999999,36.31090360000002],[-76.2118769,36.31098650000001],[-76.21200099999999,36.31105710000003],[-76.21221559999998,36.31115820000002],[-76.21230889999998,36.3111796],[-76.21237710000003,36.311164899999994],[-76.21247590000002,36.311112700000024],[-76.21250859999998,36.31109700000002],[-76.212515,36.3110939],[-76.21255289999999,36.31109700000002],[-76.21255710000003,36.31109729999997],[-76.21260649999999,36.31113499999998],[-76.21264580000002,36.3111548],[-76.21268780000003,36.31115089999997],[-76.21273660000003,36.31112059999998],[-76.21275530000003,36.31110940000002],[-76.21281950000002,36.311070900000004],[-76.2128783,36.31105830000001],[-76.21291830000001,36.311074099999985],[-76.21293960000003,36.31109409999999],[-76.21294519999998,36.3111078],[-76.2129516,36.31112359999997],[-76.2129463,36.31113099999999],[-76.2129165,36.31117979999999],[-76.2128927,36.31121189999999],[-76.21289030000003,36.3112405],[-76.21289780000001,36.31126410000002],[-76.21292249999999,36.31127379999998],[-76.21298309999997,36.31129279999999],[-76.2130545,36.31128899999999],[-76.21310249999999,36.3112721],[-76.21316669999999,36.311237300000016],[-76.21321490000003,36.31120240000001],[-76.21323489999997,36.311188000000016],[-76.2132939,36.31114530000002],[-76.2133455,36.31110430000001],[-76.21348649999999,36.310992399999975],[-76.21356159999999,36.31095290000002],[-76.21360069999997,36.31093249999998],[-76.21361780000001,36.31091700000002],[-76.21367179999999,36.310867900000005],[-76.21376249999997,36.3107923],[-76.2138195,36.31074469999999],[-76.21384169999999,36.31072110000002],[-76.2139272,36.310629800000015],[-76.21399389999999,36.31050529999999],[-76.2140101,36.3104424],[-76.21401370000001,36.31040200000001],[-76.21401179999998,36.310339],[-76.21400990000001,36.31027929999999],[-76.21399960000002,36.310143400000015],[-76.21400569999997,36.31011380000001],[-76.21405600000003,36.31000399999999],[-76.21405750000002,36.30983259999999],[-76.21407010000001,36.30978019999998],[-76.21411840000002,36.30969529999999],[-76.21414570000002,36.30962629999999],[-76.2141474,36.30960240000002],[-76.2141393,36.30956789999999],[-76.21411260000002,36.309533999999985],[-76.2140966,36.3095151],[-76.21407470000003,36.30948919999997],[-76.21406030000003,36.3094428],[-76.21407040000003,36.30938850000001],[-76.2140948,36.30932530000001],[-76.214136,36.309268599999996],[-76.21413639999997,36.3092681],[-76.21414670000001,36.30922850000002],[-76.21412320000002,36.30918209999999],[-76.21408589999999,36.30914619999999],[-76.21407069999998,36.3091316],[-76.21399539999999,36.309078699999986],[-76.21395239999998,36.30905739999997],[-76.2138979,36.309043299999985],[-76.21388159999998,36.309016499999984],[-76.21386580000001,36.30898589999998],[-76.21385409999999,36.30896339999998],[-76.21379489999998,36.30892269999998],[-76.21370889999997,36.30888010000001],[-76.21363689999998,36.30885469999998],[-76.21343589999998,36.30879679999998],[-76.2133713,36.308781599999975],[-76.2132742,36.30875150000003],[-76.21326140000002,36.308742800000005],[-76.21312169999999,36.30863909999999],[-76.21286859999998,36.30845149999999],[-76.21266250000002,36.30828229999997],[-76.2124215,36.308081200000004],[-76.2123396,36.30801070000001],[-76.21229929999998,36.30797519999999],[-76.21220899999997,36.30789570000002],[-76.21202299999999,36.30777690000002],[-76.21160750000001,36.30751140000001],[-76.2114598,36.30741699999999],[-76.2114034,36.3073809],[-76.2113895,36.30739510000001],[-76.2113587,36.30739390000002],[-76.21134699999999,36.30739490000002],[-76.21132069999999,36.307397200000025],[-76.21131000000003,36.30739670000003],[-76.21128490000001,36.307395499999984],[-76.21126400000003,36.30738070000001],[-76.211252,36.30735120000003],[-76.21124650000002,36.307334500000024],[-76.21123469999998,36.30729880000001],[-76.2112252,36.30727009999998],[-76.21123239999997,36.3072416],[-76.21131530000002,36.30721590000002],[-76.21136660000002,36.30718009999998],[-76.21139629999999,36.307144300000004],[-76.21140860000003,36.3071132],[-76.21141039999998,36.307079199999976],[-76.2114024,36.30706409999999],[-76.2113951,36.30705039999998],[-76.21136760000002,36.30703879999999],[-76.21131589999999,36.30703399999999],[-76.21127159999998,36.30695270000001],[-76.21125849999999,36.306899999999985],[-76.2112735,36.30686509999998],[-76.21132720000003,36.3068303],[-76.21145539999998,36.3067901],[-76.21151120000002,36.306796299999974],[-76.21156409999998,36.306796899999995],[-76.21163960000001,36.306777899999986],[-76.21165050000002,36.30677509999998],[-76.21172180000002,36.3067633],[-76.2117528,36.30675819999999],[-76.2118539,36.30671819999998],[-76.2118901,36.306692999999996],[-76.21196809999998,36.30663879999997],[-76.212106,36.306526599999984],[-76.21223550000002,36.306410200000016],[-76.21230400000002,36.306325800000025],[-76.21235189999999,36.30624119999999],[-76.21238549999998,36.30612669999999],[-76.21239459999998,36.306080699999995],[-76.2124359,36.306027700000016],[-76.21245720000002,36.3059705],[-76.2124781,36.30590310000002],[-76.21247979999998,36.3058977],[-76.21246129999997,36.30588820000003],[-76.21238770000002,36.30585050000002],[-76.21234850000002,36.305812100000026],[-76.21232029999999,36.3057713],[-76.21231069999999,36.30575399999998],[-76.21227959999999,36.305698800000016],[-76.21227140000002,36.305663400000014],[-76.2123062,36.305618100000004],[-76.21237500000001,36.30550959999999],[-76.21244739999997,36.305463299999985],[-76.21252659999999,36.3053999],[-76.21259550000002,36.30536669999998],[-76.2127413,36.3052993],[-76.21294619999998,36.3051954],[-76.21303210000002,36.305161],[-76.21304479999998,36.305157099999974],[-76.2131417,36.3051274],[-76.21316280000002,36.3051145],[-76.21326959999999,36.305049699999984],[-76.21332690000003,36.3050149],[-76.2135715,36.30495109999998],[-76.2136931,36.304896600000006],[-76.21408020000001,36.304747099999986],[-76.21418240000003,36.30470819999999],[-76.21429210000002,36.304655500000024],[-76.21438979999999,36.30459730000001],[-76.2146841,36.30439260000003],[-76.21485410000003,36.30426610000001],[-76.2149526,36.30417970000002],[-76.21517870000002,36.30399670000003],[-76.21564519999998,36.30366780000003],[-76.2165741,36.30299200000002],[-76.21686720000002,36.30272930000001],[-76.21727499999997,36.302289299999984],[-76.21779600000002,36.30154599999997],[-76.21825949999999,36.30161859999998],[-76.2182755,36.30162109999998],[-76.21830549999999,36.3015125],[-76.21828690000001,36.30148539999999],[-76.2182613,36.301469699999984],[-76.21825130000002,36.30146359999998],[-76.21824939999999,36.30146239999999],[-76.2182386,36.30135960000001],[-76.21823699999999,36.301343900000006],[-76.21823439999997,36.30131940000001],[-76.2182239,36.30121919999999],[-76.21822309999999,36.30121150000002],[-76.21820009999999,36.30119029999997],[-76.2181741,36.30116650000002],[-76.2181359,36.30098029999999],[-76.21818280000002,36.300776799999994],[-76.21819420000003,36.30072740000003],[-76.21804270000001,36.30070749999999],[-76.21804120000002,36.3007073],[-76.2180424,36.30061649999999],[-76.2180444,36.30058819999999],[-76.21804600000002,36.30056459999997],[-76.21799600000003,36.300551900000016],[-76.21798039999999,36.300547900000026],[-76.21799909999999,36.3002917],[-76.21799679999998,36.300219500000026],[-76.2178371,36.30023190000003],[-76.21782569999999,36.30023269999998],[-76.2178351,36.30008529999998],[-76.21786029999998,36.30000000000001],[-76.27499999999998,36.30000000000001],[-76.27499999999998,36.36681629999998],[-76.27499999999998,36.37221169999998],[-76.27499999999998,36.375],[-76.25766549999997,36.375],[-76.25764299999997,36.3749727]]]}},{"type":"Feature","properties":{},"geometry":{"type":"Polygon","coordinates":[[[-76.2055934,36.30098779999997],[-76.20533610000001,36.30098079999999],[-76.20529269999997,36.3009854],[-76.20523780000002,36.300993000000005],[-76.20516789999999,36.30097890000002],[-76.20504060000002,36.30097410000002],[-76.20488189999998,36.30101689999998],[-76.2047647,36.30105809999998],[-76.20469800000001,36.3010855],[-76.20465230000002,36.30113160000002],[-76.20464390000001,36.301212299999975],[-76.20461799999998,36.30129649999998],[-76.2045956,36.30135990000002],[-76.20460889999998,36.30139589999999],[-76.20465159999998,36.30143399999997],[-76.20466429999999,36.301444300000014],[-76.20471629999997,36.30145950000002],[-76.2047685,36.301474799999994],[-76.20483410000003,36.30149660000001],[-76.204857,36.301514699999984],[-76.20485789999998,36.30154420000002],[-76.2048446,36.3015661],[-76.20482179999999,36.301583300000004],[-76.20476660000003,36.30159470000001],[-76.2046904,36.30159850000001],[-76.20455529999998,36.30159070000002],[-76.20454330000001,36.30158490000002],[-76.2043511,36.301491699999985],[-76.20428620000001,36.30147090000003],[-76.20423540000002,36.3014579],[-76.20411969999998,36.301484800000026],[-76.20406600000001,36.3014986],[-76.2040346,36.30152140000001],[-76.2040318,36.30153949999999],[-76.20403750000003,36.3015671],[-76.20407369999998,36.30161370000002],[-76.2041155,36.3016432],[-76.20412909999999,36.30166969999999],[-76.20412979999998,36.30170129999999],[-76.2041193,36.301723200000026],[-76.20409840000002,36.30173739999998],[-76.20407269999998,36.3017413],[-76.2040518,36.30174060000002],[-76.20404020000001,36.30173610000003],[-76.20402089999999,36.30172870000001],[-76.20400699999999,36.301717499999995],[-76.20396040000003,36.30166800000001],[-76.20387570000003,36.30151949999998],[-76.20384519999999,36.3014862],[-76.2038081,36.30147950000003],[-76.2037714,36.30147440000002],[-76.2037259,36.301552000000015],[-76.20369570000003,36.30157059999999],[-76.20360679999999,36.301572299999975],[-76.20349390000001,36.301556600000026],[-76.20336850000001,36.30154160000001],[-76.20334059999999,36.3015312],[-76.20318750000001,36.30143579999998],[-76.20304390000001,36.30135289999998],[-76.20296380000002,36.30133039999998],[-76.20285030000002,36.30131369999998],[-76.20267860000001,36.301297799999986],[-76.2026735,36.3012961],[-76.2025941,36.30127060000001],[-76.20249760000002,36.3012526],[-76.20239140000001,36.30122410000001],[-76.2023345,36.30122399999999],[-76.20226450000001,36.301248699999974],[-76.20218039999997,36.30123409999999],[-76.20208650000001,36.301262399999985],[-76.20190200000002,36.301344400000005],[-76.2018673,36.30135100000001],[-76.2018137,36.301339799999994],[-76.20176959999998,36.30130980000001],[-76.2017204,36.30131060000002],[-76.20166310000002,36.30135139999999],[-76.20160870000001,36.30138299999999],[-76.2015649,36.3013823],[-76.20152030000003,36.30137109999998],[-76.2014886,36.30136520000002],[-76.20139970000002,36.30137339999999],[-76.2012992,36.30139459999998],[-76.20126340000002,36.30144610000002],[-76.201258,36.3015082],[-76.20125610000002,36.30154249999998],[-76.201256,36.301573899999994],[-76.20128390000002,36.3016303],[-76.20130119999999,36.301672999999994],[-76.20125730000001,36.301695499999994],[-76.2011842,36.30172279999999],[-76.20111839999998,36.301745900000014],[-76.20108699999997,36.3017744],[-76.20105960000001,36.301817700000015],[-76.2010353,36.301862099999994],[-76.20100129999997,36.30192060000002],[-76.20099950000002,36.3019314],[-76.20100300000001,36.30197670000001],[-76.2010118,36.3020133],[-76.2010194,36.30207330000002],[-76.20101369999998,36.3021076],[-76.20100029999998,36.302123800000004],[-76.20096890000002,36.30213199999997],[-76.20094,36.30212899999998],[-76.20091280000003,36.3021066],[-76.20089089999999,36.30205430000001],[-76.20087280000001,36.302014299999996],[-76.20085469999998,36.30199809999999],[-76.20080230000002,36.301979500000016],[-76.20070390000001,36.30198840000003],[-76.20064150000002,36.30196960000001],[-76.2005466,36.30192499999998],[-76.20049410000001,36.30186889999999],[-76.2004349,36.30184459999998],[-76.20035639999998,36.3018505],[-76.20023680000003,36.30188529999998],[-76.20014070000002,36.30191129999997],[-76.20006230000001,36.3019319],[-76.19999999999999,36.301919399999974],[-76.19999999999999,36.30000000000001],[-76.20397580000002,36.30000000000001],[-76.20404250000001,36.30003770000002],[-76.2041428,36.300060900000005],[-76.20415179999998,36.30006300000002],[-76.20416360000002,36.300068599999975],[-76.20436539999997,36.300163399999974],[-76.20442459999998,36.30022079999998],[-76.20453129999999,36.30026670000001],[-76.20459670000002,36.300282100000004],[-76.20463949999998,36.30029710000002],[-76.20466470000002,36.300312099999985],[-76.20468929999998,36.30034549999999],[-76.2047139,36.30037170000003],[-76.2047412,36.300388999999996],[-76.20477269999998,36.30039649999998],[-76.20483480000001,36.300394299999994],[-76.2049058,36.30038480000002],[-76.2049202,36.3003741],[-76.204926,36.300347199999976],[-76.20489309999999,36.30023649999998],[-76.20488289999997,36.30019800000002],[-76.20485930000001,36.30010820000001],[-76.2048605,36.300078799999994],[-76.2048752,36.300058999999976],[-76.20489070000002,36.3000495],[-76.2049639,36.300056600000005],[-76.2050208,36.30007010000003],[-76.20509370000002,36.300086299999975],[-76.20522519999997,36.30010600000003],[-76.20522540000002,36.300113899999985],[-76.2052261,36.30013769999999],[-76.20521430000002,36.30021499999998],[-76.2052076,36.300254800000005],[-76.20520629999999,36.30031339999999],[-76.20520970000001,36.3003559],[-76.20521769999999,36.30038880000001],[-76.20522649999998,36.30044079999999],[-76.20533280000001,36.30036209999997],[-76.20535210000003,36.30036209999997],[-76.2054147,36.30036200000001],[-76.20549419999998,36.3003688],[-76.20564589999998,36.300388699999985],[-76.20568459999998,36.300392699999975],[-76.20582050000002,36.30040700000001],[-76.20588229999998,36.300406699999996],[-76.20594069999999,36.30038159999998],[-76.20594060000002,36.3003152],[-76.20631680000002,36.3003152],[-76.20639940000001,36.30031509999998],[-76.20641990000001,36.30031330000003],[-76.2064436,36.300366999999994],[-76.20645439999998,36.30037600000003],[-76.20649550000002,36.3004105],[-76.20654839999997,36.30043649999999],[-76.20666269999998,36.30048249999999],[-76.20679689999997,36.300506799999994],[-76.20700959999999,36.3005354],[-76.20720949999998,36.3005397],[-76.20742360000003,36.300528199999974],[-76.20752470000002,36.30053370000002],[-76.2075762,36.300516500000015],[-76.2076222,36.30047289999999],[-76.20762769999999,36.30043460000002],[-76.20769610000002,36.300406599999974],[-76.2077716,36.30042179999998],[-76.2078535,36.30046299999998],[-76.20798259999998,36.30048310000001],[-76.20800750000001,36.30048260000001],[-76.20802900000001,36.30048210000001],[-76.20806290000002,36.3004813],[-76.20809689999999,36.300484100000006],[-76.20812489999997,36.30053099999998],[-76.20826620000003,36.300530400000014],[-76.20834100000002,36.300565199999994],[-76.208394,36.300579200000016],[-76.20849679999998,36.30057529999999],[-76.20860240000002,36.30056969999998],[-76.20867279999999,36.3005632],[-76.20874320000001,36.300556700000016],[-76.20875960000001,36.300552900000014],[-76.20882540000002,36.30053770000001],[-76.20887779999998,36.3005392],[-76.20891440000003,36.3005665],[-76.20892090000001,36.300571400000024],[-76.20897969999999,36.300589100000025],[-76.20900039999998,36.30058869999999],[-76.20912770000001,36.300586099999975],[-76.2094505,36.300592300000005],[-76.20964229999998,36.300584000000015],[-76.20966099999998,36.300582599999984],[-76.2097291,36.300577299999986],[-76.20977979999998,36.30056050000002],[-76.20983969999997,36.300534500000026],[-76.20987810000003,36.3005235],[-76.20994239999999,36.30051630000003],[-76.21002809999999,36.30050849999998],[-76.21011440000001,36.30052010000003],[-76.21026260000002,36.30055279999999],[-76.21028239999998,36.300554799999986],[-76.21037289999998,36.30056400000001],[-76.21046790000003,36.30056130000003],[-76.21049420000003,36.300561200000004],[-76.21066459999997,36.300560700000005],[-76.21073209999997,36.30057119999998],[-76.21079809999998,36.3005541],[-76.21085149999999,36.30052119999999],[-76.21088279999998,36.30049309999998],[-76.21090279999999,36.30047889999997],[-76.21095009999999,36.300475000000006],[-76.2109997,36.300494800000024],[-76.2111185,36.30052230000001],[-76.21110979999997,36.30045960000001],[-76.21111760000002,36.30044370000002],[-76.2111567,36.30044179999999],[-76.21116840000002,36.30050269999998],[-76.21118150000001,36.3005167],[-76.21120400000001,36.300521300000014],[-76.21124120000002,36.300514899999996],[-76.211274,36.300588600000026],[-76.21129059999998,36.30058889999998],[-76.21131489999999,36.30058930000001],[-76.21144020000003,36.30059139999997],[-76.21150820000003,36.300586399999986],[-76.21152510000002,36.300577799999985],[-76.2115344,36.30055370000002],[-76.21154009999998,36.300489500000026],[-76.21156180000003,36.30049760000003],[-76.211568,36.30049989999998],[-76.21162779999997,36.3005129],[-76.21170089999998,36.30050840000001],[-76.21174029999997,36.30048979999998],[-76.21180709999999,36.300476300000014],[-76.21186920000002,36.30044550000002],[-76.21188740000002,36.300452699999994],[-76.21191190000002,36.30047059999998],[-76.21194489999999,36.3004947],[-76.21196830000002,36.30050449999999],[-76.21198229999999,36.300510299999985],[-76.2120304,36.300515700000005],[-76.21206260000002,36.30050879999999],[-76.21209529999999,36.30046850000002],[-76.2121171,36.30046090000002],[-76.21211970000002,36.30046090000002],[-76.21216479999998,36.300460999999984],[-76.21216850000002,36.300484100000006],[-76.21217230000002,36.300483799999995],[-76.21221209999999,36.30048069999998],[-76.21221259999999,36.30047300000001],[-76.21221400000002,36.30045389999998],[-76.2122402,36.30044939999999],[-76.21227649999997,36.300443099999995],[-76.21228639999998,36.30030820000002],[-76.2125891,36.300320899999974],[-76.21257839999998,36.30044520000001],[-76.2125949,36.30044429999998],[-76.21266059999999,36.300440700000024],[-76.21268120000002,36.30043360000002],[-76.2128318,36.300429399999985],[-76.21289619999999,36.300430199999994],[-76.21296969999997,36.30043970000003],[-76.21297040000002,36.300336200000004],[-76.2131192,36.300334899999996],[-76.2131286,36.300424899999996],[-76.21316059999998,36.30042279999998],[-76.21355949999997,36.30039740000001],[-76.21361300000001,36.30037800000002],[-76.213615,36.30037709999999],[-76.21373069999999,36.3003296],[-76.21385579999998,36.30033550000002],[-76.21385900000001,36.3003612],[-76.21387140000002,36.30036560000002],[-76.21388389999998,36.30036990000002],[-76.2139176,36.3003683],[-76.2141762,36.30035570000001],[-76.21437279999998,36.300402899999995],[-76.21447180000001,36.3004042],[-76.2146338,36.300407500000006],[-76.21479,36.30035620000001],[-76.21506900000003,36.30026459999999],[-76.2150694,36.30026459999999],[-76.21520190000001,36.30028040000002],[-76.2153882,36.30025599999999],[-76.2154514,36.3002338],[-76.21555130000002,36.300231199999985],[-76.2156008,36.3002343],[-76.2156357,36.30023640000002],[-76.21569720000002,36.3002391],[-76.21576270000003,36.300226399999985],[-76.21590529999997,36.300200700000005],[-76.2159471,36.30019429999999],[-76.21596620000003,36.30019140000002],[-76.21599739999999,36.30019549999997],[-76.21615059999999,36.30021599999998],[-76.21618949999998,36.300172299999986],[-76.21619550000003,36.30011280000002],[-76.21612850000002,36.30004059999999],[-76.216091,36.30000000000001],[-76.21638380000002,36.30000000000001],[-76.2163971,36.3000414],[-76.21641110000002,36.30014970000002],[-76.21641499999998,36.300221799999974],[-76.21641799999998,36.30027819999998],[-76.2164042,36.3003435],[-76.21634340000003,36.30044190000001],[-76.21634010000002,36.30044720000001],[-76.2163256,36.300443900000005],[-76.2161984,36.3004148],[-76.21611200000001,36.30038780000001],[-76.21608049999998,36.300433199999986],[-76.21611510000002,36.30048979999998],[-76.216205,36.30063630000001],[-76.21625849999998,36.30072489999998],[-76.21626750000001,36.300763500000016],[-76.2162601,36.30078980000002],[-76.2162576,36.300798999999984],[-76.21623210000001,36.30082759999999],[-76.2161726,36.30086590000002],[-76.21609239999998,36.30088949999998],[-76.21607699999998,36.30094070000001],[-76.21604989999997,36.301030500000024],[-76.21601909999998,36.301133100000015],[-76.21601720000001,36.30117580000001],[-76.21601720000001,36.301176199999986],[-76.21603429999999,36.30121430000003],[-76.2160551,36.301227100000006],[-76.21606580000002,36.30123370000001],[-76.2160743,36.30123900000001],[-76.21609000000001,36.30124289999998],[-76.21612379999999,36.30125140000001],[-76.2161362,36.30127520000002],[-76.2161362,36.301299900000004],[-76.21612240000002,36.30132850000001],[-76.21609310000002,36.3013646],[-76.21598289999997,36.30150070000002],[-76.21597059999999,36.30150839999999],[-76.21595630000002,36.301514999999995],[-76.21593539999998,36.30151410000002],[-76.2158872,36.30148150000002],[-76.21579220000001,36.30142710000001],[-76.21572789999999,36.30139489999999],[-76.21567820000001,36.3013904],[-76.2156405,36.30143020000003],[-76.21562540000002,36.30148919999999],[-76.21561750000001,36.30155100000002],[-76.2155252,36.30160769999998],[-76.21546710000001,36.30165019999998],[-76.21539949999999,36.301694199999986],[-76.21530999999999,36.30168839999999],[-76.21525650000001,36.30169919999997],[-76.2152317,36.30173100000002],[-76.2152456,36.301801599999976],[-76.2152274,36.301825699999995],[-76.21517519999998,36.301867000000016],[-76.21510330000001,36.301906900000006],[-76.21509020000002,36.301928299999986],[-76.21510110000003,36.301961199999994],[-76.2151485,36.302013999999986],[-76.21515799999997,36.30204370000001],[-76.21515679999999,36.30208060000001],[-76.21514730000001,36.302110400000004],[-76.2151293,36.3021291],[-76.21509170000002,36.302150900000015],[-76.21507300000002,36.302157799999975],[-76.21504240000002,36.30216919999998],[-76.21498639999999,36.30219629999999],[-76.2148345,36.302276800000016],[-76.21472169999998,36.30234059999998],[-76.2146583,36.30239419999998],[-76.21452649999998,36.30250890000002],[-76.21449319999999,36.30253800000003],[-76.21442230000002,36.302552100000014],[-76.21437759999998,36.30257499999999],[-76.21435020000001,36.30258909999998],[-76.21429410000002,36.302645600000005],[-76.21427890000001,36.30269720000001],[-76.21424409999997,36.30273519999997],[-76.214113,36.30281580000002],[-76.21409699999998,36.302825600000006],[-76.21405499999997,36.302821900000026],[-76.21401880000002,36.30280579999999],[-76.2140081,36.30280110000001],[-76.21397350000001,36.30281500000001],[-76.21392989999998,36.30284360000002],[-76.21390530000002,36.3029047],[-76.21387770000001,36.30294559999999],[-76.21380879999998,36.30301780000002],[-76.21380549999998,36.30302119999999],[-76.21374609999998,36.303066899999976],[-76.21362850000003,36.30312809999998],[-76.21347830000002,36.30320499999999],[-76.2134489,36.303220099999976],[-76.21336339999999,36.30324710000002],[-76.21336330000003,36.30324719999999],[-76.21328249999999,36.30327269999998],[-76.2132823,36.30327269999998],[-76.21307080000003,36.30335489999999],[-76.21286950000001,36.30340910000001],[-76.21282580000002,36.303420800000026],[-76.21259900000001,36.3034859],[-76.21241020000002,36.30353550000001],[-76.21199189999999,36.30366950000001],[-76.21190769999998,36.30367799999999],[-76.2118663,36.30367799999999],[-76.21184060000002,36.30367519999999],[-76.21181630000001,36.303653699999984],[-76.21180349999997,36.30360519999999],[-76.21181339999998,36.30357809999998],[-76.2118863,36.3035567],[-76.21210300000001,36.30350600000003],[-76.21230730000002,36.303447800000015],[-76.212336,36.30341679999998],[-76.21233740000002,36.3033896],[-76.2123148,36.30335580000002],[-76.2122817,36.303330200000005],[-76.212264,36.303289500000005],[-76.21226840000003,36.30327089999997],[-76.21227320000003,36.3032508],[-76.21233619999998,36.303199199999995],[-76.21241609999998,36.30313910000001],[-76.21245629999999,36.3030923],[-76.21246159999998,36.303081299999974],[-76.21248020000002,36.303042600000026],[-76.21249319999998,36.3029813],[-76.21246209999998,36.30278340000001],[-76.21243529999998,36.302522099999976],[-76.21236800000003,36.30202630000002],[-76.21233050000001,36.30178999999998],[-76.21232359999999,36.30163240000002],[-76.21232780000003,36.301569099999995],[-76.212355,36.30152290000001],[-76.21244109999998,36.30152959999998],[-76.21245060000001,36.30153039999999],[-76.21250850000001,36.301516900000024],[-76.21255730000001,36.30146480000002],[-76.21263299999998,36.301401999999996],[-76.21263399999998,36.30140119999999],[-76.21267230000001,36.30134270000002],[-76.212673,36.30129260000001],[-76.21266429999997,36.3012372],[-76.21262230000002,36.30118759999999],[-76.21255230000003,36.301120200000014],[-76.21239079999998,36.3011128],[-76.2123292,36.301095499999974],[-76.21226469999999,36.301087300000006],[-76.21223839999999,36.30110530000002],[-76.212223,36.30113499999999],[-76.2122005,36.301176399999974],[-76.21212939999998,36.301313900000025],[-76.2120974,36.30133540000003],[-76.21203830000002,36.30132570000001],[-76.21193699999998,36.30128309999998],[-76.21188810000001,36.30128189999999],[-76.21183969999998,36.30130059999999],[-76.21183480000002,36.30132930000002],[-76.2118405,36.30136440000001],[-76.21184090000003,36.30146910000002],[-76.2118668,36.3014991],[-76.211908,36.30150689999999],[-76.21199949999999,36.30152429999998],[-76.21212270000001,36.30154420000002],[-76.2121267,36.30157989999998],[-76.2121305,36.3016131],[-76.21215089999998,36.30168329999998],[-76.21215480000001,36.301782],[-76.21217489999998,36.30199970000001],[-76.21217569999999,36.302162899999985],[-76.21223529999997,36.30245179999997],[-76.2122546,36.302680899999984],[-76.2122865,36.30282870000002],[-76.21228730000001,36.30294600000002],[-76.2122976,36.30301509999998],[-76.21226130000002,36.3030612],[-76.21220199999999,36.303114300000004],[-76.2121348,36.30319050000003],[-76.21192989999997,36.303270199999986],[-76.21184690000001,36.3033269],[-76.21176650000001,36.30337450000002],[-76.2116737,36.30340389999998],[-76.21166310000001,36.303443500000014],[-76.21168510000001,36.303488800000025],[-76.21169950000001,36.303513599999974],[-76.2117111,36.30353359999998],[-76.21169650000002,36.30355909999997],[-76.2116107,36.30356949999998],[-76.2115154,36.30355259999999],[-76.21144379999998,36.3035562],[-76.21138680000001,36.30358749999999],[-76.21133830000002,36.3036376],[-76.2112578,36.30367050000001],[-76.2111157,36.30370069999998],[-76.21101149999998,36.30370590000001],[-76.21081989999999,36.30370770000002],[-76.21080319999999,36.3036922],[-76.21078979999999,36.303648899999985],[-76.21078970000002,36.3036252],[-76.21078940000001,36.303583],[-76.21075939999997,36.30354620000003],[-76.21070179999998,36.303535599999975],[-76.2106392,36.3035357],[-76.2106268,36.3035357],[-76.21054659999999,36.303505900000005],[-76.2105487,36.30346259999999],[-76.21054909999998,36.3034528],[-76.21053460000002,36.303393700000015],[-76.21049920000002,36.30335839999998],[-76.21043250000002,36.30334049999999],[-76.2103811,36.30334629999999],[-76.21036049999998,36.303364999999985],[-76.21031099999999,36.303409699999975],[-76.21024560000001,36.30343690000001],[-76.21016680000002,36.30345219999998],[-76.21008979999999,36.303418599999986],[-76.2100155,36.303402500000004],[-76.20995269999997,36.303402500000004],[-76.20985280000002,36.30343099999999],[-76.20975429999999,36.303446699999995],[-76.20965430000001,36.30344100000002],[-76.2095572,36.30342250000001],[-76.20949159999998,36.30338819999997],[-76.2094558,36.303339300000005],[-76.20945019999999,36.303333899999984],[-76.20944450000002,36.303304000000026],[-76.20945160000002,36.30327110000002],[-76.2094702,36.30325690000001],[-76.20950579999999,36.30324969999998],[-76.20966659999999,36.30330889999999],[-76.20969689999998,36.3033145],[-76.20976180000002,36.30331480000001],[-76.2097971,36.303308300000026],[-76.20983849999999,36.3032968],[-76.2098699,36.30328109999999],[-76.2098785,36.30326539999999],[-76.2098775,36.303248800000006],[-76.20987659999997,36.30323120000003],[-76.20983519999999,36.30320130000001],[-76.20972790000002,36.303182900000024],[-76.20959770000002,36.303085899999985],[-76.20949869999998,36.303018399999985],[-76.2094424,36.302946299999974],[-76.2094037,36.30290020000001],[-76.20939770000001,36.30287440000001],[-76.20939729999998,36.302811399999996],[-76.2093774,36.302758600000004],[-76.20935359999999,36.302698599999985],[-76.20928149999997,36.30261469999999],[-76.20918569999998,36.30253929999998],[-76.20904869999998,36.30246340000002],[-76.20892950000001,36.30239690000002],[-76.2089135,36.302392],[-76.20888459999998,36.3023417],[-76.20885470000002,36.30231229999998],[-76.20878979999998,36.30229880000002],[-76.20871039999997,36.30228679999999],[-76.20861789999998,36.30226090000002],[-76.20850250000001,36.30222509999999],[-76.20838500000002,36.302187],[-76.20830590000003,36.30221899999998],[-76.20827029999998,36.3022464],[-76.20806770000002,36.302221799999984],[-76.2080373,36.30221849999998],[-76.20792340000003,36.30218910000002],[-76.20788349999998,36.30218050000002],[-76.20782159999999,36.30218159999998],[-76.20773459999998,36.30221560000001],[-76.2077117,36.302248399999996],[-76.20770169999997,36.30229700000001],[-76.20769940000002,36.30231509999999],[-76.20766800000001,36.302359000000024],[-76.20758319999999,36.30238259999999],[-76.20750190000001,36.30238120000001],[-76.20742910000001,36.30237549999998],[-76.20737910000003,36.302355499999976],[-76.2073648,36.302334099999996],[-76.20738619999997,36.30230210000002],[-76.2074705,36.30224420000002],[-76.2075342,36.302195100000006],[-76.20754970000002,36.3021832],[-76.20758899999998,36.302125699999976],[-76.20761750000003,36.30206279999999],[-76.20761040000002,36.302009999999996],[-76.20756749999998,36.30195579999997],[-76.20750609999999,36.30192149999999],[-76.20742580000001,36.301908000000026],[-76.20739029999999,36.3019041],[-76.2072149,36.30193270000001],[-76.20712830000002,36.301971200000025],[-76.20707549999997,36.30195950000001],[-76.2070536,36.30195459999999],[-76.20697619999999,36.30189919999998],[-76.20687049999998,36.30182239999999],[-76.2067983,36.30175689999999],[-76.20674830000002,36.30173559999997],[-76.2065437,36.30167740000002],[-76.20630310000001,36.301602600000024],[-76.20629409999998,36.30159800000001],[-76.20622379999998,36.30156240000002],[-76.20611280000003,36.301506200000006],[-76.20593109999999,36.301419099999976],[-76.2058399,36.3013813],[-76.20578990000001,36.30136060000001],[-76.2057337,36.301303099999984],[-76.20568759999998,36.3012248],[-76.2056801,36.30119259999998],[-76.20572570000002,36.301144299999976],[-76.20573839999997,36.301092400000016],[-76.2057332,36.30105359999999],[-76.2057327,36.30104990000001],[-76.2057307,36.301047400000016],[-76.2057269,36.30104260000002],[-76.20568589999999,36.300990300000024],[-76.2055934,36.30098779999997]]]}},{"type":"Feature","properties":{},"geometry":{"type":"Polygon","coordinates":[[[-76.21323319999999,36.342384700000025],[-76.21323790000002,36.34238929999998],[-76.21331629999997,36.342444899999975],[-76.21333220000002,36.34247019999998],[-76.2133488,36.342512],[-76.21335479999999,36.342523700000015],[-76.21337299999999,36.342541900000015],[-76.21338830000002,36.34255089999999],[-76.21340650000002,36.342555300000015],[-76.21343739999998,36.34255730000001],[-76.21348740000002,36.342559600000016],[-76.21350050000001,36.34256909999999],[-76.21350519999999,36.34258219999998],[-76.21350460000002,36.342599500000006],[-76.2134987,36.34261609999999],[-76.21348619999998,36.34263099999998],[-76.21345350000001,36.342661899999996],[-76.21343680000001,36.34268930000002],[-76.21343560000003,36.342702599999996],[-76.21343380000002,36.342720799999995],[-76.213438,36.342753000000016],[-76.21344870000001,36.342776800000024],[-76.21347909999997,36.3428136],[-76.21350580000001,36.3428351],[-76.213574,36.34286470000001],[-76.2136193,36.34294749999998],[-76.2136954,36.343068200000005],[-76.21375360000002,36.34317540000001],[-76.2138028,36.34323219999999],[-76.2138693,36.343289200000015],[-76.2139391,36.34333370000002],[-76.21396750000002,36.34334200000001],[-76.2141408,36.343397700000025],[-76.21418870000002,36.3434029],[-76.21423679999998,36.3434082],[-76.21438799999999,36.34347709999997],[-76.21442939999997,36.34351129999999],[-76.21444350000002,36.343548699999985],[-76.21442080000003,36.343591300000014],[-76.2144098,36.343616199999985],[-76.21439370000002,36.34365270000001],[-76.21439700000002,36.34368749999999],[-76.2144121,36.34373169999998],[-76.21447840000002,36.34382340000002],[-76.21454169999998,36.3440104],[-76.21451789999998,36.34409950000003],[-76.21451359999998,36.34414090000001],[-76.21453079999998,36.3441909],[-76.21455079999998,36.34422940000002],[-76.214585,36.34426079999997],[-76.21463210000002,36.34428079999998],[-76.2146907,36.34429799999998],[-76.21469919999998,36.34431649999999],[-76.21468499999997,36.3443408],[-76.21466070000002,36.344360800000004],[-76.21462780000002,36.344383600000015],[-76.21451230000002,36.3444351],[-76.21448509999999,36.3444513],[-76.21443649999998,36.34447920000002],[-76.21437209999999,36.34449119999999],[-76.21425620000002,36.3445064],[-76.21416199999999,36.34454210000001],[-76.2140412,36.34457930000002],[-76.21397350000001,36.34456779999999],[-76.21391929999999,36.34455609999998],[-76.2138215,36.34453509999997],[-76.21377310000003,36.3445236],[-76.21371529999999,36.34449569999998],[-76.2136208,36.3444356],[-76.21349149999998,36.34437750000001],[-76.21342979999997,36.34436899999997],[-76.21330669999998,36.34442660000002],[-76.2132456,36.34442339999998],[-76.21317779999998,36.34441320000002],[-76.21306370000002,36.3443752],[-76.21301640000001,36.344364799999994],[-76.21283039999997,36.3443661],[-76.21278669999998,36.34433840000003],[-76.2127294,36.34428780000002],[-76.2126543,36.34422619999998],[-76.21258590000002,36.34420160000002],[-76.2124753,36.34421359999999],[-76.21240940000001,36.344198500000005],[-76.21234399999997,36.34416060000001],[-76.21232309999999,36.34404890000002],[-76.21233760000001,36.344026299999996],[-76.21239300000002,36.343986599999994],[-76.2124134,36.34394900000001],[-76.21240260000002,36.343905500000005],[-76.21237020000001,36.34388919999998],[-76.2122956,36.34390960000002],[-76.21218770000002,36.343940499999974],[-76.21210359999998,36.34396529999998],[-76.21209349999998,36.34399239999999],[-76.21211879999998,36.344043399999975],[-76.21210100000002,36.34409770000002],[-76.21209700000003,36.34410989999998],[-76.212062,36.34415139999999],[-76.21201910000002,36.344117600000004],[-76.2119343,36.34409040000003],[-76.21183209999998,36.344085500000006],[-76.2118031,36.344084099999975],[-76.21166499999998,36.34409160000001],[-76.21155019999998,36.3440971],[-76.2114942,36.34410359999998],[-76.21140839999998,36.344131300000015],[-76.21135040000001,36.34414939999999],[-76.21132549999999,36.344157199999984],[-76.21125699999999,36.34420929999999],[-76.21109869999998,36.344271100000014],[-76.21100000000001,36.34431230000001],[-76.21096970000002,36.344325000000026],[-76.21086439999999,36.34441220000002],[-76.21079689999999,36.34447130000001],[-76.21079200000003,36.34449169999999],[-76.21079500000002,36.34450650000002],[-76.210805,36.344523700000025],[-76.21082330000002,36.34453480000002],[-76.21086059999999,36.344537100000025],[-76.21087779999999,36.3445322],[-76.21097630000003,36.344523700000025],[-76.2111415,36.344467699999996],[-76.2112912,36.34446009999999],[-76.21136050000001,36.344460000000026],[-76.211408,36.344440299999974],[-76.21145330000002,36.34440510000002],[-76.21146800000002,36.34439370000001],[-76.21151550000002,36.344374000000016],[-76.21157069999998,36.344373700000006],[-76.21163469999999,36.344414099999995],[-76.21167000000003,36.344436299999984],[-76.21185150000002,36.344449199999985],[-76.21192610000003,36.3444447],[-76.2119846,36.344441200000006],[-76.21205350000002,36.344433700000025],[-76.2121851,36.34438929999999],[-76.21225299999998,36.344399399999986],[-76.2122708,36.344447600000024],[-76.2122994,36.34449269999999],[-76.2123704,36.34451760000002],[-76.2124968,36.344512099999974],[-76.21258619999998,36.344590400000016],[-76.21264839999998,36.344680900000014],[-76.21267510000001,36.34475900000001],[-76.2126596,36.344775500000026],[-76.21261229999999,36.34482600000001],[-76.21261659999999,36.344870000000014],[-76.21266880000002,36.34491079999998],[-76.21272979999998,36.34489550000001],[-76.21278990000002,36.3448396],[-76.2128371,36.344819400000006],[-76.21294899999998,36.3447716],[-76.21306340000001,36.3447309],[-76.21315010000001,36.34473430000003],[-76.21328299999999,36.34478999999999],[-76.21346720000003,36.344806800000015],[-76.21360049999998,36.34487339999998],[-76.2136504,36.34490269999998],[-76.21372509999998,36.34498000000002],[-76.2137315,36.344986500000005],[-76.21378249999998,36.345007599999974],[-76.2138764,36.345004500000016],[-76.21400030000001,36.34499870000002],[-76.21417070000001,36.34497019999998],[-76.21421559999999,36.34495850000002],[-76.21436189999997,36.34492060000002],[-76.21438180000001,36.34491730000002],[-76.21460309999998,36.34483289999997],[-76.2146803,36.344809199999986],[-76.21483169999999,36.34476280000001],[-76.21495199999998,36.34481169999998],[-76.21503899999999,36.34481310000001],[-76.21513140000002,36.3447549],[-76.2152031,36.344717600000024],[-76.21525050000002,36.344679299999996],[-76.2152337,36.34460419999999],[-76.2152916,36.34459500000003],[-76.21539339999998,36.34457880000002],[-76.21556959999998,36.34457459999999],[-76.21569879999998,36.34458590000003],[-76.2157512,36.34458740000002],[-76.21580940000001,36.344612600000005],[-76.2158642,36.34464120000001],[-76.21593200000001,36.34466020000002],[-76.21602250000001,36.34467649999999],[-76.21609619999998,36.34471619999999],[-76.2161557,36.34473159999999],[-76.21624359999998,36.34473320000001],[-76.21630010000001,36.34472790000001],[-76.21639240000002,36.34473700000001],[-76.2165493,36.34478089999999],[-76.2166282,36.34480439999999],[-76.21685450000001,36.34490060000002],[-76.2169781,36.34495879999997],[-76.2171667,36.345011],[-76.21726330000001,36.34508299999999],[-76.21733280000001,36.34514899999999],[-76.21739839999998,36.34521139999998],[-76.21749249999999,36.3452671],[-76.2175762,36.34529199999997],[-76.21766459999998,36.3453222],[-76.21775459999998,36.34535290000002],[-76.2178515,36.345401100000004],[-76.217892,36.3454213],[-76.2180725,36.345493799999986],[-76.21821419999998,36.34555949999998],[-76.2182798,36.34561639999998],[-76.2183829,36.345676500000025],[-76.21846870000002,36.34570129999997],[-76.21859490000003,36.34570129999997],[-76.2186322,36.34578690000001],[-76.21865789999998,36.34580269999998],[-76.21866640000002,36.34580790000001],[-76.21873779999999,36.345810700000015],[-76.21884039999998,36.34576770000001],[-76.21897480000001,36.34576199999998],[-76.21905429999998,36.345770800000025],[-76.21909959999999,36.34580319999998],[-76.21925829999998,36.34588400000001],[-76.21937639999999,36.345918299999994],[-76.2195921,36.34593510000002],[-76.21971939999997,36.345941900000014],[-76.21975889999999,36.345943999999974],[-76.21987760000002,36.34594820000001],[-76.2200853,36.3459757],[-76.22024049999999,36.34601980000002],[-76.2204074,36.346097199999974],[-76.22044779999999,36.34611080000002],[-76.22052969999999,36.346138199999984],[-76.22055230000001,36.34613669999999],[-76.22061389999999,36.34613280000002],[-76.22075050000001,36.34609419999998],[-76.22103679999998,36.34611990000002],[-76.22108120000001,36.34612320000002],[-76.22117539999999,36.34621529999998],[-76.22124960000002,36.34622569999999],[-76.22146880000003,36.34622719999999],[-76.22169919999999,36.34624020000001],[-76.22188010000002,36.346292000000005],[-76.2221897,36.34635109999999],[-76.22233519999997,36.34642550000001],[-76.222373,36.34646650000002],[-76.22239780000001,36.34649350000001],[-76.22245620000001,36.346531700000014],[-76.22263629999998,36.346593799999994],[-76.22278929999999,36.3466305],[-76.22288959999997,36.346642599999996],[-76.22306500000002,36.346642599999996],[-76.22316039999998,36.34664249999997],[-76.2232416,36.34669339999999],[-76.22326220000002,36.34670620000003],[-76.22337040000002,36.346747300000004],[-76.22341920000002,36.34675800000002],[-76.22350160000002,36.34677879999998],[-76.22368749999998,36.34680580000003],[-76.22377690000002,36.34683000000001],[-76.2239328,36.34685200000001],[-76.2240923,36.34684920000001],[-76.2242215,36.34689100000003],[-76.2243373,36.346928400000024],[-76.22450980000002,36.34693850000002],[-76.22458920000003,36.346943099999976],[-76.22482980000001,36.346999700000026],[-76.22498289999999,36.34708410000002],[-76.22499490000001,36.34709379999998],[-76.225054,36.34713260000001],[-76.22508570000002,36.3471462],[-76.22516619999999,36.3471548],[-76.22526729999998,36.347148000000004],[-76.2253354,36.34723200000002],[-76.22539560000001,36.34727579999998],[-76.22545539999999,36.34729909999999],[-76.22562390000002,36.34735699999999],[-76.22570289999999,36.347421800000006],[-76.22581709999997,36.3474827],[-76.22589729999999,36.347529899999984],[-76.22592350000002,36.34758690000001],[-76.22593230000001,36.347605999999985],[-76.2259654,36.347642399999984],[-76.22604059999998,36.347689100000025],[-76.226045,36.347691],[-76.22617739999998,36.347744999999975],[-76.22620849999998,36.34777709999997],[-76.22631460000002,36.34790989999999],[-76.2263663,36.34797500000002],[-76.22640630000001,36.348019299999976],[-76.22643479999999,36.34806900000001],[-76.2264341,36.348134200000004],[-76.22643420000003,36.34815520000001],[-76.2264581,36.34822600000001],[-76.22648099999998,36.348264900000004],[-76.22654829999999,36.34830740000001],[-76.22664700000001,36.34836050000001],[-76.22671960000002,36.3484292],[-76.22673780000002,36.34850119999999],[-76.2267425,36.34858150000002],[-76.22674439999997,36.34865389999999],[-76.22676150000001,36.348699599999975],[-76.2268153,36.34880879999997],[-76.22683790000002,36.34886110000002],[-76.2268669,36.348938299999986],[-76.22686270000003,36.34894509999998],[-76.2268348,36.3489902],[-76.22682989999998,36.34904899999998],[-76.22683999999998,36.34911119999998],[-76.2268684,36.349239599999976],[-76.22689550000001,36.34934290000001],[-76.2269339,36.34940369999998],[-76.22697749999998,36.349480400000004],[-76.22702759999999,36.3495686],[-76.22706920000002,36.349814700000024],[-76.22707229999997,36.350012400000026],[-76.22708030000001,36.35013670000001],[-76.22708569999998,36.350294099999985],[-76.22700730000003,36.35039180000001],[-76.2268934,36.3505169],[-76.22674230000001,36.35049759999998],[-76.2266778,36.35053260000001],[-76.22664070000002,36.350561500000026],[-76.22661629999999,36.35058049999998],[-76.22661390000002,36.3506074],[-76.22661060000001,36.3506433],[-76.22660530000002,36.350728000000004],[-76.22653200000002,36.35091490000002],[-76.2264078,36.350978199999986],[-76.22637359999999,36.35097080000003],[-76.22630320000002,36.35095530000001],[-76.22625069999998,36.35092930000002],[-76.22619889999999,36.35089909999999],[-76.226132,36.3508827],[-76.22612709999999,36.350881500000014],[-76.22607190000002,36.35091440000002],[-76.22607140000002,36.35091540000002],[-76.22603529999998,36.35098549999998],[-76.2261565,36.351099499999975],[-76.22603240000001,36.35133109999998],[-76.22597130000003,36.351451],[-76.22591799999998,36.35162500000001],[-76.22574120000002,36.35164579999997],[-76.22565530000003,36.35168700000003],[-76.22556020000002,36.35177090000002],[-76.22545819999999,36.35189989999998],[-76.22537679999999,36.351919699999996],[-76.22530699999999,36.35197299999999],[-76.22523560000002,36.352086299999996],[-76.22515770000001,36.35215019999998],[-76.2250052,36.35220529999998],[-76.22494339999997,36.35223619999999],[-76.22488470000002,36.35230560000002],[-76.22474820000002,36.35235829999999],[-76.22463959999999,36.35243780000002],[-76.22457279999998,36.352513199999976],[-76.22451310000002,36.3525788],[-76.22448650000001,36.352666899999974],[-76.22449130000001,36.35271690000002],[-76.2245021,36.352781300000004],[-76.22444819999998,36.35285590000001],[-76.2243919,36.3529302],[-76.22431180000001,36.352991799999984],[-76.22426139999999,36.35304389999999],[-76.22423090000001,36.35309999999998],[-76.2242455,36.353122299999995],[-76.22429879999999,36.353168100000005],[-76.22429870000002,36.353194099999996],[-76.22427420000002,36.35324459999998],[-76.2242248,36.35335709999998],[-76.224201,36.35345339999998],[-76.22408819999998,36.353677800000014],[-76.22397050000001,36.35376680000002],[-76.2239113,36.3538595],[-76.22393069999998,36.353934200000026],[-76.22397339999998,36.353973800000006],[-76.224018,36.35401780000001],[-76.22409800000003,36.35417439999998],[-76.22406260000002,36.35420399999998],[-76.22395319999998,36.354213800000025],[-76.22386089999998,36.35421289999999],[-76.22377160000002,36.35426719999998],[-76.22371470000002,36.35431970000002],[-76.22368940000001,36.35435530000001],[-76.22365739999998,36.354400199999986],[-76.22365869999999,36.35442519999998],[-76.22371720000001,36.35446230000002],[-76.22382379999999,36.35450420000001],[-76.22399389999998,36.35445060000001],[-76.22403700000001,36.35444560000002],[-76.2240554,36.35449319999998],[-76.2240635,36.35451849999998],[-76.22408630000001,36.35454679999998],[-76.22410730000001,36.35455660000002],[-76.22413990000001,36.35456190000002],[-76.22417159999998,36.35454920000001],[-76.22423020000002,36.35451449999999],[-76.22426580000001,36.35448650000001],[-76.22428489999999,36.354482700000005],[-76.2243163,36.35448459999998],[-76.2243353,36.35448939999998],[-76.22434099999998,36.354499799999985],[-76.22435239999999,36.35452079999999],[-76.22435719999999,36.3545398],[-76.22435339999998,36.3545608],[-76.22434670000001,36.354582600000015],[-76.22432099999997,36.35460360000002],[-76.22428869999999,36.35462260000003],[-76.22426200000001,36.35465019999998],[-76.22424910000001,36.35467999999997],[-76.2242531,36.3546915],[-76.22427160000001,36.35472429999999],[-76.22433230000001,36.35478069999999],[-76.22433799999999,36.35481040000002],[-76.22432070000002,36.35487310000002],[-76.22430050000003,36.354954099999986],[-76.22431460000001,36.3549878],[-76.22435050000001,36.35501319999997],[-76.22439270000001,36.35501429999999],[-76.2244571,36.355021799999975],[-76.22473029999998,36.35514899999998],[-76.22474779999999,36.35520270000001],[-76.22478219999999,36.355371400000024],[-76.22476660000001,36.355414499999995],[-76.22474169999998,36.355476399999986],[-76.22476669999998,36.3555308],[-76.22480990000003,36.355559099999994],[-76.22484100000003,36.355562899999995],[-76.22490820000002,36.355571],[-76.224966,36.35563619999999],[-76.22500450000001,36.355694700000015],[-76.22503139999998,36.35575590000002],[-76.22505949999999,36.355905699999994],[-76.225056,36.356013899999994],[-76.22503640000002,36.356041000000005],[-76.2250113,36.35606469999999],[-76.2249132,36.356157499999995],[-76.22491109999999,36.356337999999994],[-76.2249334,36.35638490000002],[-76.22500259999998,36.356444899999985],[-76.22513900000001,36.356577000000016],[-76.22517349999998,36.35662000000002],[-76.22518009999999,36.3567501],[-76.22519749999998,36.35679920000001],[-76.22520809999997,36.35682910000003],[-76.22524829999998,36.35694990000002],[-76.2252545,36.356968499999994],[-76.22529379999997,36.356998799999985],[-76.22531190000001,36.3570484],[-76.22531420000001,36.35705899999999],[-76.22539360000002,36.35710110000002],[-76.22542470000002,36.357145600000024],[-76.22543289999999,36.357239900000025],[-76.22536539999999,36.35734359999998],[-76.22534719999999,36.35738650000002],[-76.22532460000002,36.35756700000002],[-76.22526010000001,36.35771119999998],[-76.22523710000002,36.35779400000001],[-76.22522450000002,36.35789249999999],[-76.225233,36.357962999999984],[-76.22524900000002,36.358005100000014],[-76.22525669999999,36.35802560000002],[-76.22527780000001,36.35806409999998],[-76.22526549999998,36.358093999999994],[-76.22524750000002,36.35817739999999],[-76.2252474,36.3582366],[-76.22527330000003,36.35829430000001],[-76.22531409999999,36.358329500000025],[-76.22535629999999,36.35836389999997],[-76.22536079999998,36.358401800000024],[-76.22530799999998,36.3584563],[-76.2253058,36.358458600000006],[-76.22525610000002,36.358506499999976],[-76.22520050000003,36.35856740000003],[-76.22519749999998,36.35857859999999],[-76.22522520000001,36.35860730000002],[-76.22528269999998,36.35861729999999],[-76.22535160000001,36.35860339999999],[-76.22543289999999,36.35857629999998],[-76.22549190000001,36.358526100000006],[-76.22552200000001,36.358531200000016],[-76.22556420000001,36.35856560000002],[-76.22569950000002,36.35866329999999],[-76.22583600000002,36.35880270000001],[-76.225888,36.35889070000002],[-76.2259047,36.3589073],[-76.2259335,36.358937200000014],[-76.22600249999999,36.35898989999998],[-76.2260556,36.35899519999998],[-76.2261461,36.35899180000001],[-76.22623490000001,36.35908979999999],[-76.22629180000001,36.35915499999999],[-76.22630989999999,36.359214699999995],[-76.22635389999999,36.35926710000001],[-76.22639079999999,36.35927299999997],[-76.22648370000002,36.35926890000002],[-76.2264955,36.35932780000002],[-76.22651450000001,36.35937419999999],[-76.22656519999998,36.35945220000002],[-76.22662279999997,36.35948000000002],[-76.22668110000001,36.35949549999998],[-76.22676369999999,36.35948610000003],[-76.22687889999997,36.35957239999999],[-76.2270206,36.359619899999984],[-76.227125,36.359692800000005],[-76.22719210000002,36.35974110000001],[-76.22719369999999,36.359827199999984],[-76.2272036,36.35987979999999],[-76.227216,36.3599069],[-76.22723380000002,36.35993669999999],[-76.22725880000002,36.359954500000015],[-76.22735039999998,36.35999800000002],[-76.22740190000002,36.36010599999997],[-76.22738149999998,36.36016319999999],[-76.22739480000001,36.36021019999998],[-76.2274342,36.36022980000001],[-76.22747659999999,36.36022159999999],[-76.22750830000001,36.36019049999999],[-76.22756679999998,36.360161000000005],[-76.22759459999997,36.36016380000001],[-76.2276473,36.3602138],[-76.22771560000001,36.36032970000002],[-76.22772989999999,36.36036389999998],[-76.22775719999999,36.36040430000003],[-76.22780169999999,36.36043810000001],[-76.22785920000001,36.36046470000002],[-76.2279742,36.3605096],[-76.22818260000003,36.3606413],[-76.22827819999998,36.36071609999999],[-76.2283951,36.36079619999998],[-76.22840830000001,36.3608706],[-76.22846679999998,36.360944500000016],[-76.22852289999997,36.36100160000001],[-76.22861110000002,36.36105170000002],[-76.2286661,36.3611075],[-76.22874130000002,36.36118950000002],[-76.2287925,36.36126059999998],[-76.22889889999999,36.36139480000003],[-76.22900290000001,36.36150479999998],[-76.2291361,36.36165549999998],[-76.22919150000001,36.36177170000002],[-76.22921889999998,36.36183920000002],[-76.22927720000001,36.361960899999985],[-76.2293075,36.3620578],[-76.22935469999999,36.362234],[-76.22938319999997,36.362283400000024],[-76.22950079999998,36.36238229999998],[-76.22954349999998,36.36256689999999],[-76.22956119999998,36.36266269999999],[-76.22958979999999,36.36270680000001],[-76.22965670000002,36.362792300000024],[-76.22966819999999,36.362948500000016],[-76.2296604,36.36305279999999],[-76.22965749999997,36.36318449999999],[-76.22964560000003,36.36321750000002],[-76.22962410000002,36.3632308],[-76.22954650000003,36.36325670000002],[-76.22954040000002,36.3632935],[-76.22955280000002,36.36333539999998],[-76.22959659999998,36.36337150000003],[-76.229624,36.363379699999996],[-76.22968259999999,36.36337750000001],[-76.22974820000002,36.36337400000002],[-76.2297916,36.36338410000002],[-76.22979750000002,36.36341540000001],[-76.22977320000001,36.363506700000016],[-76.22971860000001,36.36369450000001],[-76.22971690000003,36.36370360000001],[-76.22968500000002,36.36381560000001],[-76.22968500000002,36.363856],[-76.22969920000003,36.36388820000002],[-76.22976190000003,36.363952900000015],[-76.22980660000002,36.36407939999998],[-76.22980280000002,36.364133100000004],[-76.22978169999999,36.36420670000001],[-76.2296791,36.36432150000002],[-76.22966580000002,36.36434430000003],[-76.22965799999997,36.364375800000005],[-76.22967310000001,36.36441880000001],[-76.22969110000003,36.364462600000024],[-76.229694,36.3644845],[-76.22968639999999,36.36449590000001],[-76.22965690000001,36.36450159999998],[-76.22960260000002,36.36451779999999],[-76.22955309999998,36.3645454],[-76.22950739999999,36.364588200000014],[-76.22949510000001,36.3646129],[-76.22949599999998,36.364639599999975],[-76.2295196,36.364685899999984],[-76.22953439999998,36.36469890000001],[-76.22962949999999,36.36475389999998],[-76.22963499999997,36.36478899999997],[-76.2296283,36.36480899999998],[-76.22960940000002,36.364828699999975],[-76.2294918,36.364987600000006],[-76.22945069999997,36.365049699999986],[-76.2294311,36.365137000000004],[-76.2294288,36.36522100000002],[-76.22945750000002,36.365273],[-76.22955819999999,36.36531719999999],[-76.22958069999999,36.365362000000005],[-76.22958740000001,36.36539720000002],[-76.22958360000001,36.365432399999975],[-76.22957120000001,36.36546670000001],[-76.22953510000002,36.36550399999999],[-76.22940519999997,36.36552740000002],[-76.22936040000002,36.36555679999998],[-76.22934570000001,36.36562279999998],[-76.22936399999998,36.36571429999998],[-76.22937430000002,36.365761099999986],[-76.22956540000001,36.36589620000001],[-76.22959259999999,36.36598029999999],[-76.22946189999999,36.36611799999997],[-76.22942490000003,36.36617009999998],[-76.2293861,36.36624180000001],[-76.2293153,36.36634620000001],[-76.22930960000002,36.366405199999974],[-76.22931720000003,36.36646230000002],[-76.22937730000001,36.36655189999999],[-76.22943409999999,36.36662919999998],[-76.22949449999999,36.366690800000015],[-76.22949449999999,36.36670700000002],[-76.22948159999999,36.36672950000002],[-76.22941150000003,36.366780199999994],[-76.22937760000002,36.36680849999999],[-76.22934889999999,36.366844000000015],[-76.2293431,36.36687069999999],[-76.22935460000002,36.36690399999998],[-76.22936820000001,36.366923299999996],[-76.22939170000001,36.366942800000004],[-76.2294708,36.36699010000001],[-76.22949019999999,36.367006],[-76.2294938,36.36701369999997],[-76.22955919999998,36.367147699999975],[-76.2295795,36.36723410000002],[-76.22960499999999,36.367287999999974],[-76.229622,36.367347499999994],[-76.22963440000001,36.36742559999999],[-76.229623,36.367515500000025],[-76.229602,36.367571699999985],[-76.22958590000002,36.367615],[-76.2295823,36.36763020000001],[-76.22957589999999,36.36768009999997],[-76.22959049999997,36.367829099999994],[-76.22962150000001,36.36796029999999],[-76.22962510000002,36.367975899999976],[-76.2296389,36.36803409999999],[-76.22966650000001,36.368154600000025],[-76.22965590000001,36.36816959999999],[-76.22960440000003,36.36824250000001],[-76.22958240000003,36.368305599999985],[-76.22958410000001,36.36838899999998],[-76.2295944,36.368474400000025],[-76.22961830000003,36.3685165],[-76.2295967,36.3686472],[-76.22961609999999,36.36877099999998],[-76.22972099999998,36.368968499999994],[-76.2296761,36.36917440000002],[-76.2296733,36.36918700000001],[-76.22967310000001,36.369234800000015],[-76.2296806,36.36929070000002],[-76.2297269,36.369337299999984],[-76.229805,36.369386299999974],[-76.22976879999999,36.369472900000005],[-76.22977709999998,36.36950810000002],[-76.22980530000001,36.3695788],[-76.22985949999998,36.36965529999998],[-76.22986320000001,36.36974350000003],[-76.22983720000002,36.36982139999998],[-76.22981119999997,36.36991640000002],[-76.22974470000003,36.37006200000002],[-76.22966209999998,36.37011860000001],[-76.22960360000002,36.37020799999999],[-76.22955250000001,36.37031630000001],[-76.2295461,36.37032970000001],[-76.22947540000001,36.37040480000002],[-76.22946830000001,36.37043190000003],[-76.22947399999998,36.37045760000001],[-76.2295011,36.370481900000016],[-76.22955530000002,36.37050449999998],[-76.2296364,36.37049960000002],[-76.22970299999997,36.3704621],[-76.22975530000002,36.37039490000001],[-76.229826,36.37030900000002],[-76.22985829999999,36.370286799999974],[-76.22992909999999,36.37023799999997],[-76.23000130000003,36.370275900000024],[-76.23002650000001,36.3703577],[-76.23003920000002,36.37048179999999],[-76.23005139999998,36.37057149999998],[-76.23004859999998,36.370701499999996],[-76.23005810000001,36.370746499999996],[-76.23009339999999,36.37088649999998],[-76.23012019999999,36.371009800000024],[-76.2301468,36.37107359999999],[-76.23017140000002,36.37114759999997],[-76.23020430000003,36.371307100000024],[-76.2302641,36.3714741],[-76.23027400000001,36.37156399999998],[-76.23034610000002,36.37173899999999],[-76.23042700000002,36.371836599999995],[-76.23055970000001,36.37196770000003],[-76.2306183,36.372112500000014],[-76.23065159999999,36.3721554],[-76.2307447,36.3722358],[-76.23089490000001,36.372300300000006],[-76.2310521,36.372355400000004],[-76.23109820000002,36.372439199999974],[-76.23116010000001,36.37249630000002],[-76.2312905,36.37258910000003],[-76.23131669999998,36.372601299999985],[-76.23137209999999,36.372612100000026],[-76.23161329999999,36.372693200000015],[-76.23176360000002,36.372750499999995],[-76.23188499999998,36.37281009999998],[-76.23195709999999,36.37284549999998],[-76.23213529999998,36.37291069999998],[-76.23228979999999,36.372939599999995],[-76.2324145,36.372962900000005],[-76.23246440000003,36.37298449999997],[-76.23247609999999,36.37298959999998],[-76.2326296,36.37303659999998],[-76.2327568,36.373061800000016],[-76.23296349999998,36.37307449999997],[-76.2329636,36.37307449999997],[-76.233022,36.37307809999999],[-76.23325679999999,36.373097900000005],[-76.23344850000001,36.373134600000014],[-76.23356790000003,36.373157400000025],[-76.23368390000002,36.37318929999998],[-76.23385380000002,36.3732895],[-76.23401589999997,36.37339250000002],[-76.23430130000003,36.373621000000014],[-76.23449729999999,36.3737337],[-76.23468129999998,36.37381319999997],[-76.23478790000001,36.373876499999994],[-76.23487390000003,36.3739195],[-76.23498219999999,36.37393300000002],[-76.23510520000002,36.373930599999994],[-76.23521779999999,36.373948799999994],[-76.23531170000001,36.37400259999998],[-76.23539149999999,36.37403920000003],[-76.23548799999998,36.37408140000002],[-76.23552189999998,36.374242100000004],[-76.2355387,36.37452680000001],[-76.23550419999998,36.374599699999976],[-76.23550660000001,36.37468869999998],[-76.23552510000002,36.374788000000024],[-76.23555019999998,36.37486100000001],[-76.23559649999999,36.3749282],[-76.23566019999998,36.375],[-76.19999999999999,36.375],[-76.19999999999999,36.32967259999998],[-76.20003029999998,36.32968030000001],[-76.2000721,36.32969880000002],[-76.20008869999998,36.329710999999975],[-76.2000969,36.32971479999998],[-76.2001649,36.32974589999998],[-76.20021659999998,36.329761099999985],[-76.20024009999997,36.329765099999975],[-76.2003315,36.32977349999999],[-76.20040929999999,36.329770999999994],[-76.2005254,36.329752799999994],[-76.20066430000003,36.32973279999999],[-76.20064939999997,36.32982900000002],[-76.20067710000001,36.3298542],[-76.20073860000002,36.32989170000002],[-76.20083160000001,36.32989029999999],[-76.2008654,36.32985359999998],[-76.20086709999998,36.329794400000026],[-76.20103160000002,36.329768],[-76.2011415,36.32980190000001],[-76.20113939999999,36.32986319999998],[-76.2011599,36.329941700000006],[-76.201235,36.32993290000002],[-76.2013273,36.32992819999998],[-76.2013892,36.329878199999996],[-76.20142170000003,36.32979130000001],[-76.20153399999998,36.32984010000001],[-76.2016817,36.32987850000001],[-76.2017715,36.32988080000001],[-76.20185850000001,36.32986299999999],[-76.2019128,36.32982670000001],[-76.20208489999999,36.3298418],[-76.20222159999997,36.3298643],[-76.20228600000002,36.32992089999999],[-76.202315,36.32994630000002],[-76.20241729999998,36.329972],[-76.20251760000002,36.32998079999999],[-76.2026482,36.329963899999996],[-76.20277099999998,36.329919099999984],[-76.20281770000003,36.329889200000025],[-76.20284029999999,36.329852200000005],[-76.20287430000002,36.3297968],[-76.20294869999998,36.3297948],[-76.20311779999997,36.32979030000001],[-76.20317210000002,36.32978370000001],[-76.2032954,36.329768899999976],[-76.20348480000001,36.329727400000024],[-76.20356029999999,36.329702],[-76.2036675,36.32968649999998],[-76.20398970000002,36.3296507],[-76.20403160000001,36.329647299999976],[-76.20404960000002,36.3296502],[-76.20415009999999,36.32964370000002],[-76.20425660000001,36.32964279999999],[-76.20436419999999,36.32956999999999],[-76.2044856,36.3295243],[-76.20457119999998,36.32950290000002],[-76.2046598,36.32949810000002],[-76.20470260000002,36.32952999999998],[-76.20472969999997,36.329550900000015],[-76.20477970000002,36.3295708],[-76.20480099999997,36.3295698],[-76.20485109999998,36.32956739999997],[-76.204949,36.32951379999997],[-76.20508239999998,36.32941010000002],[-76.2051295,36.329395799999986],[-76.20515369999998,36.32940289999999],[-76.20517230000002,36.3294358],[-76.2051894,36.32947999999999],[-76.20519739999997,36.32949810000002],[-76.20521689999998,36.3295286],[-76.20524699999999,36.329550600000005],[-76.2052683,36.32956610000002],[-76.20529420000003,36.329577700000016],[-76.20535919999998,36.3295966],[-76.20540199999999,36.32959720000002],[-76.20544369999999,36.32957950000002],[-76.20548050000002,36.32954489999997],[-76.2055009,36.32950440000002],[-76.2055047,36.329497],[-76.20556429999999,36.3294161],[-76.20565959999999,36.329387199999985],[-76.20567140000003,36.32938230000002],[-76.20570420000001,36.32936460000002],[-76.2057423,36.32933639999999],[-76.20576949999997,36.329308000000026],[-76.2057843,36.329287299999976],[-76.20580139999998,36.329273],[-76.20581950000002,36.329273],[-76.2058328,36.3292768],[-76.20585190000003,36.32929869999998],[-76.20587899999998,36.32934799999998],[-76.20589749999999,36.32936969999997],[-76.20591300000001,36.32937959999998],[-76.20592429999999,36.329386899999975],[-76.205961,36.329396599999995],[-76.20599520000002,36.32940079999997],[-76.20608700000003,36.32940239999999],[-76.20613259999999,36.32940239999999],[-76.20618780000001,36.329391999999984],[-76.20621640000002,36.329365300000006],[-76.2062373,36.329339600000026],[-76.2062401,36.32932899999997],[-76.20624780000003,36.32929869999998],[-76.20624500000002,36.32924439999999],[-76.20624880000003,36.329199700000004],[-76.20626299999998,36.329180699999995],[-76.20628590000001,36.32917400000002],[-76.20630970000002,36.32919020000003],[-76.2063268,36.329203500000006],[-76.2063554,36.32923490000002],[-76.20637440000002,36.32925399999999],[-76.2064158,36.329276600000014],[-76.20644879999998,36.32928199999998],[-76.20646799999997,36.32928500000003],[-76.20653959999999,36.329279299999996],[-76.20670180000002,36.32924689999999],[-76.20680390000001,36.32922050000002],[-76.20682849999997,36.329179899999986],[-76.20684640000002,36.329150200000015],[-76.20686119999999,36.329091500000004],[-76.20700590000001,36.32907180000001],[-76.20713,36.329044599999975],[-76.20714609999999,36.3290672],[-76.20717610000003,36.329109200000005],[-76.2072076,36.32913580000002],[-76.20723609999999,36.32914920000002],[-76.20726309999998,36.32915730000002],[-76.20728409999998,36.32915439999999],[-76.20732500000003,36.329116699999986],[-76.20738929999999,36.329062299999975],[-76.2075524,36.32900919999997],[-76.20760469999999,36.32900380000001],[-76.207649,36.32900380000001],[-76.2076846,36.32898949999998],[-76.2077127,36.3289413],[-76.20774,36.32888409999998],[-76.20775689999999,36.32882089999998],[-76.207761,36.3287856],[-76.20777290000001,36.328759400000024],[-76.20778840000003,36.328743900000006],[-76.20781579999999,36.32872850000001],[-76.20784429999998,36.32872850000001],[-76.20786450000003,36.328735600000016],[-76.20787639999998,36.32875109999998],[-76.20788119999997,36.328774899999985],[-76.20788169999997,36.328815299999974],[-76.2078899,36.328840000000014],[-76.20791220000001,36.3288675],[-76.2079503,36.32888059999999],[-76.2080249,36.32887310000001],[-76.2080679,36.328860599999985],[-76.20809100000002,36.32884730000001],[-76.2080982,36.328839500000015],[-76.2081025,36.328816399999994],[-76.20809500000001,36.328776600000026],[-76.2080929,36.328764999999976],[-76.20806679999998,36.3287206],[-76.20807489999999,36.328688899999975],[-76.20808779999999,36.328671799999995],[-76.20810849999998,36.32866109999998],[-76.2081306,36.3286554],[-76.20814990000002,36.3286554],[-76.20818270000001,36.32867040000002],[-76.20821480000001,36.32868530000002],[-76.2082739,36.32872040000001],[-76.20835469999997,36.32878290000002],[-76.20839560000002,36.32879869999999],[-76.20845209999999,36.32880749999998],[-76.20852930000001,36.32879250000002],[-76.20859739999997,36.32876700000003],[-76.20863220000001,36.32873510000002],[-76.2086572,36.3286875],[-76.20865429999998,36.32861980000001],[-76.2086516,36.32860679999999],[-76.2086478,36.3285889],[-76.2086483,36.328531699999985],[-76.20867859999998,36.32848760000002],[-76.2087214,36.328459099999975],[-76.2087702,36.32843409999998],[-76.2087975,36.328441199999986],[-76.20881730000002,36.328465800000004],[-76.20885670000001,36.32852320000001],[-76.2088642,36.32853399999999],[-76.20891890000001,36.32856609999999],[-76.2089876,36.32857200000001],[-76.20901850000001,36.328569000000016],[-76.20906359999998,36.328553699999986],[-76.20909740000002,36.32852889999998],[-76.20910950000001,36.32849829999998],[-76.2091049,36.3284678],[-76.20909599999999,36.328438000000006],[-76.20908589999999,36.32840429999999],[-76.20930149999998,36.328313200000025],[-76.20942050000002,36.328254300000026],[-76.20951919999999,36.32827959999997],[-76.2095971,36.32832300000001],[-76.2096004,36.32832480000002],[-76.20967619999999,36.328332999999986],[-76.20973939999999,36.32830319999999],[-76.20980229999998,36.3282638],[-76.20982579999998,36.32823289999999],[-76.20983419999999,36.32820989999999],[-76.20985030000003,36.32818709999998],[-76.2098858,36.32817240000003],[-76.21004879999998,36.32815649999998],[-76.2101576,36.32813279999999],[-76.21027959999998,36.32807309999998],[-76.21035060000003,36.328048799999976],[-76.2103902,36.328029500000014],[-76.2104387,36.32799460000001],[-76.21051110000002,36.32798810000003],[-76.210533,36.3279862],[-76.21059530000002,36.32801460000002],[-76.21061689999999,36.328024500000026],[-76.21063720000001,36.328035],[-76.21068509999998,36.328047200000015],[-76.21071169999999,36.32805289999999],[-76.21074299999998,36.328045799999984],[-76.21078210000002,36.32802149999998],[-76.21086559999998,36.327954499999976],[-76.2109734,36.32795490000001],[-76.21102780000001,36.32794849999999],[-76.21105999999997,36.32793809999998],[-76.2110801,36.32792430000001],[-76.21125239999998,36.3278067],[-76.2113028,36.32779879999998],[-76.21133229999998,36.32781299999999],[-76.21136180000002,36.327835900000025],[-76.2113837,36.32786920000001],[-76.2113842,36.32789960000002],[-76.21138439999999,36.327909499999976],[-76.2113827,36.32797099999999],[-76.21138489999998,36.32800279999998],[-76.21138730000001,36.32801319999999],[-76.2113951,36.32803180000002],[-76.21141260000002,36.32804329999999],[-76.21142889999999,36.328045900000006],[-76.2114651,36.32803999999999],[-76.21152360000002,36.32803580000001],[-76.2116021,36.328035399999976],[-76.2116555,36.32802140000001],[-76.21167129999998,36.32798109999999],[-76.21164759999999,36.327908200000024],[-76.21164959999999,36.32788340000002],[-76.2116512,36.327862700000026],[-76.21167839999998,36.327812300000005],[-76.21169839999999,36.32778880000001],[-76.21173199999998,36.327766999999994],[-76.21184950000003,36.327822500000025],[-76.2119247,36.32786659999999],[-76.21195180000001,36.32788249999999],[-76.21199680000001,36.327896099999975],[-76.21203109999999,36.327897500000006],[-76.2120582,36.32788820000002],[-76.21207170000002,36.327871800000025],[-76.21207820000001,36.32785719999998],[-76.21209090000002,36.327828599999975],[-76.2121234,36.32780989999998],[-76.21215330000001,36.32780489999999],[-76.212376,36.32781419999998],[-76.21240130000001,36.3278368],[-76.21241739999999,36.3278512],[-76.21246430000002,36.327916200000004],[-76.2124973,36.32793579999998],[-76.21252349999997,36.32794059999998],[-76.2125633,36.32793650000002],[-76.2125959,36.32791800000001],[-76.21262719999999,36.327889500000026],[-76.21272140000002,36.32781749999998],[-76.2127764,36.327775599999995],[-76.21283460000001,36.327735200000006],[-76.21291869999999,36.32772640000002],[-76.21299299999998,36.32773639999999],[-76.21307430000002,36.327753599999994],[-76.21320379999997,36.3277923],[-76.21318309999998,36.327871500000015],[-76.21317770000002,36.32789220000001],[-76.21316999999999,36.32796860000002],[-76.21320120000001,36.32800470000001],[-76.21324929999997,36.328020400000014],[-76.21332749999999,36.3280034],[-76.21336500000001,36.32797340000002],[-76.21340120000002,36.327882999999986],[-76.2134077,36.327866700000015],[-76.2134208,36.32783869999997],[-76.21343510000003,36.327833],[-76.21345309999998,36.327835900000025],[-76.21347029999998,36.32786060000001],[-76.21348669999998,36.327882999999986],[-76.21349409999999,36.32789300000002],[-76.21353499999998,36.327908200000024],[-76.21354930000001,36.327908200000024],[-76.21357719999997,36.327901],[-76.2135963,36.3278856],[-76.21362870000002,36.327812600000016],[-76.21364440000002,36.32778539999998],[-76.2136582,36.32778350000001],[-76.21367199999997,36.32778689999998],[-76.21369679999998,36.32779640000001],[-76.21372580000002,36.32781490000002],[-76.21373820000002,36.3278335],[-76.2137444,36.32784830000003],[-76.21374630000003,36.32786629999998],[-76.2137447,36.327888099999996],[-76.21374400000002,36.32789330000003],[-76.2137396,36.32792920000003],[-76.2137396,36.32793909999998],[-76.21374650000001,36.327969800000005],[-76.2137634,36.3279996],[-76.21380529999999,36.32802620000001],[-76.2138415,36.32802809999998],[-76.2140182,36.327997700000026],[-76.21411440000003,36.32801039999998],[-76.21431849999999,36.328033600000026],[-76.21440819999998,36.32802379999998],[-76.21448670000001,36.32798819999999],[-76.21449849999999,36.32797290000002],[-76.21453050000002,36.32794569999999],[-76.21454949999998,36.327935000000025],[-76.2145721,36.32793079999999],[-76.21459229999999,36.327935000000025],[-76.214606,36.32794439999998],[-76.21462209999999,36.32797310000001],[-76.21463640000002,36.327989100000025],[-76.2146578,36.32800400000002],[-76.21469109999998,36.32801710000001],[-76.2147339,36.328020700000025],[-76.21477499999997,36.328023599999995],[-76.21479870000002,36.328033300000016],[-76.21481010000002,36.328042700000026],[-76.21481299999999,36.32805459999997],[-76.21481240000003,36.328101600000025],[-76.21481840000001,36.32812180000002],[-76.21483819999997,36.328137200000015],[-76.21485159999997,36.328144399999985],[-76.2149018,36.32815210000001],[-76.21492699999999,36.3281508],[-76.21503089999999,36.32813399999998],[-76.21508740000002,36.328136099999995],[-76.21512039999999,36.32814719999999],[-76.21517030000001,36.328217600000016],[-76.21520609999999,36.32828749999999],[-76.2152236,36.328306199999986],[-76.21533269999998,36.3283404],[-76.21537360000002,36.32838559999999],[-76.21540329999999,36.328418399999975],[-76.21539739999997,36.32844399999999],[-76.2153859,36.32849340000001],[-76.2153793,36.32852680000002],[-76.21538399999997,36.328546700000004],[-76.21540399999998,36.32856959999998],[-76.21543350000002,36.32858010000001],[-76.21550189999999,36.32860410000001],[-76.21554359999999,36.3286172],[-76.21558970000001,36.32864219999999],[-76.21568639999998,36.32872630000003],[-76.21573009999997,36.328780300000005],[-76.21573280000001,36.32880990000001],[-76.21571010000002,36.3288513],[-76.21571719999997,36.32888550000001],[-76.21574229999999,36.32891969999997],[-76.21578369999997,36.32894219999997],[-76.21584669999999,36.32894399999998],[-76.21585979999998,36.32894959999999],[-76.21587679999999,36.328956800000014],[-76.21588430000003,36.32899179999998],[-76.21589369999998,36.329035499999975],[-76.2158976,36.32905929999998],[-76.21591510000002,36.329101200000025],[-76.21593730000001,36.3291236],[-76.21596599999998,36.3291519],[-76.2159891,36.32920569999999],[-76.21598890000001,36.3292371],[-76.21594700000003,36.32927000000001],[-76.21593089999999,36.329296399999976],[-76.21595180000003,36.329347900000016],[-76.21602030000003,36.329397900000004],[-76.21602669999999,36.32940120000001],[-76.21606200000002,36.32941249999999],[-76.21608600000002,36.329414299999996],[-76.21621090000002,36.32941499999998],[-76.21626659999998,36.32941169999998],[-76.2162927,36.32941599999998],[-76.2163089,36.32942550000001],[-76.2163137,36.32944020000002],[-76.2163099,36.329452100000026],[-76.21624229999998,36.32953520000001],[-76.21623190000003,36.32956100000001],[-76.21622589999998,36.329595600000005],[-76.21622660000003,36.32960559999998],[-76.2162323,36.32963269999999],[-76.21624589999999,36.32964909999998],[-76.2162758,36.329663400000015],[-76.21636080000002,36.3296727],[-76.21641929999998,36.32968340000002],[-76.21642859999997,36.329706999999985],[-76.21642859999997,36.329731200000026],[-76.2164272,36.329757700000016],[-76.21641219999998,36.329783299999974],[-76.21638719999999,36.32980329999998],[-76.21634219999999,36.32982900000002],[-76.21633079999998,36.329853300000025],[-76.21633509999998,36.32989329999998],[-76.21635939999999,36.32994179999997],[-76.21639970000001,36.32998379999998],[-76.21643840000002,36.3300064],[-76.2164467,36.33002429999999],[-76.21644609999998,36.33004510000001],[-76.21643840000002,36.33006710000001],[-76.21643419999998,36.33010159999998],[-76.21643599999999,36.330130199999985],[-76.21644550000002,36.33014559999998],[-76.21645869999998,36.330158600000004],[-76.21647680000001,36.33017080000002],[-76.2165192,36.33018800000002],[-76.2165645,36.330206299999986],[-76.21662450000002,36.33022340000002],[-76.21666909999999,36.330249400000014],[-76.21666390000001,36.330287399999975],[-76.2166052,36.33036550000003],[-76.21658489999999,36.330438500000014],[-76.21657549999998,36.33046030000003],[-76.21656130000002,36.33049340000002],[-76.21649580000002,36.330573800000025],[-76.21651200000002,36.330629999999985],[-76.21653679999997,36.3306652],[-76.21654009999997,36.33066980000001],[-76.21661310000002,36.33072609999999],[-76.21670929999999,36.330782899999974],[-76.21677319999998,36.3308255],[-76.21681210000003,36.33094399999999],[-76.2168332,36.33102450000001],[-76.21687539999999,36.33109189999999],[-76.21689479999998,36.331108900000004],[-76.21691900000002,36.331138899999985],[-76.21692189999999,36.33115750000002],[-76.21691479999998,36.33118239999999],[-76.21690059999997,36.331196499999976],[-76.21684699999997,36.33125130000002],[-76.2168383,36.331260199999974],[-76.21681419999999,36.331293200000005],[-76.21680700000002,36.331336599999986],[-76.21680700000002,36.331360200000006],[-76.21681840000002,36.33138450000001],[-76.21683569999999,36.33140079999998],[-76.2168638,36.3314062],[-76.21688160000002,36.33140129999998],[-76.21690389999998,36.33138730000002],[-76.21691800000002,36.33137390000002],[-76.21695970000002,36.33134230000002],[-76.21699610000002,36.331336599999986],[-76.2170233,36.33134159999997],[-76.2170461,36.33136380000002],[-76.21705609999998,36.33138730000002],[-76.21705680000002,36.33141440000003],[-76.21704720000002,36.331441100000006],[-76.21703550000001,36.33145810000002],[-76.21703009999999,36.331462199999976],[-76.21701680000001,36.33147229999997],[-76.2169561,36.331509400000016],[-76.21692639999998,36.331544199999996],[-76.21691149999998,36.331566099999975],[-76.2169017,36.33160379999998],[-76.21690389999998,36.33163719999999],[-76.216905,36.331639199999984],[-76.21690969999997,36.33164799999997],[-76.2169237,36.33166449999999],[-76.21699419999999,36.33170469999999],[-76.21702399999998,36.331714999999974],[-76.21703330000003,36.33172710000002],[-76.21703250000002,36.331742099999985],[-76.2170016,36.3317821],[-76.216993,36.331814399999985],[-76.21699489999997,36.331862],[-76.21700340000001,36.33190029999997],[-76.21701489999998,36.33195280000001],[-76.21701739999997,36.33196370000002],[-76.21701560000002,36.33197259999997],[-76.2170089,36.3319803],[-76.21694350000001,36.33204380000001],[-76.21688640000002,36.332086600000025],[-76.21684640000001,36.332121599999994],[-76.21683719999999,36.33213380000001],[-76.2168241,36.33215999999999],[-76.21681910000001,36.332179499999995],[-76.21682040000002,36.33224250000001],[-76.21681660000002,36.332255299999986],[-76.21680980000002,36.33226480000002],[-76.21679849999998,36.33227240000002],[-76.21673220000002,36.33228170000001],[-76.21669070000002,36.33230529999997],[-76.2166651,36.332358899999974],[-76.21666340000002,36.33238879999999],[-76.2166717,36.33241600000002],[-76.21671650000002,36.33246389999999],[-76.21672769999998,36.332478400000014],[-76.21675399999998,36.33250079999999],[-76.21677720000002,36.33252049999999],[-76.21684429999999,36.33255459999998],[-76.2168441,36.33258599999999],[-76.2168178,36.332696999999996],[-76.21680179999998,36.3327529],[-76.21676730000001,36.33281469999997],[-76.2166957,36.33279900000002],[-76.21667889999998,36.33279529999999],[-76.2166178,36.33281979999998],[-76.21659590000002,36.33285710000001],[-76.21662479999998,36.3329147],[-76.21669939999998,36.33299210000001],[-76.21670669999997,36.333016999999984],[-76.21666299999998,36.33302359999999],[-76.21657110000001,36.33304670000001],[-76.2165109,36.33310369999998],[-76.21648729999998,36.33316589999998],[-76.21645919999997,36.333269400000006],[-76.21641699999998,36.333386899999994],[-76.21640289999999,36.333459600000026],[-76.21639549999998,36.3334974],[-76.2163741,36.33364449999999],[-76.2163721,36.333737299999996],[-76.21635099999997,36.33380920000002],[-76.2163041,36.33384160000003],[-76.21623240000002,36.33385240000001],[-76.21615550000001,36.33388179999997],[-76.21615220000001,36.33388309999998],[-76.21608320000001,36.33391610000001],[-76.21602189999999,36.33395730000001],[-76.21600790000002,36.33400069999999],[-76.21600990000002,36.3340417],[-76.21594440000001,36.334046899999976],[-76.21577489999999,36.33401839999999],[-76.21562840000001,36.33396110000001],[-76.21554090000001,36.333906300000024],[-76.21546380000001,36.33383600000002],[-76.21536409999999,36.33373899999998],[-76.21531429999999,36.333697900000004],[-76.21521919999998,36.333642199999986],[-76.21516450000001,36.33362979999998],[-76.2150742,36.33366669999998],[-76.2150259,36.33370200000002],[-76.21499110000002,36.33374930000002],[-76.21489689999999,36.33376820000001],[-76.21477829999998,36.333768899999995],[-76.21471300000002,36.33376700000002],[-76.21466750000002,36.33375480000001],[-76.21463440000002,36.3337679],[-76.21458000000001,36.333832700000016],[-76.21453250000002,36.33390250000002],[-76.2144884,36.33396570000002],[-76.2144786,36.333979899999974],[-76.21445360000001,36.3340063],[-76.21437889999999,36.33400139999998],[-76.21435689999998,36.334],[-76.21427399999999,36.33396499999998],[-76.21417639999999,36.33394099999998],[-76.21409990000001,36.333929599999976],[-76.21403079999999,36.333891300000005],[-76.2139479,36.33381429999997],[-76.21391060000002,36.333760299999994],[-76.21384560000001,36.3337252],[-76.2137578,36.33373549999999],[-76.21375599999999,36.33376959999998],[-76.21378979999997,36.33385329999999],[-76.2138387,36.3339148],[-76.21390100000002,36.33397359999998],[-76.21394559999999,36.3339919],[-76.21400219999998,36.33399910000003],[-76.21404380000001,36.334010999999975],[-76.21407140000002,36.33403010000001],[-76.21409990000001,36.33405770000002],[-76.21410789999999,36.334089000000006],[-76.21410889999999,36.33409280000001],[-76.2140104,36.334120600000006],[-76.21389549999998,36.33418619999998],[-76.21378800000002,36.334268099999974],[-76.21369670000001,36.33440089999999],[-76.21358420000001,36.3345291],[-76.21345819999999,36.334638299999995],[-76.21336439999999,36.33466870000001],[-76.21329480000003,36.33470590000002],[-76.213277,36.33471539999999],[-76.21321840000002,36.33476630000001],[-76.21308040000002,36.334831399999985],[-76.21296819999998,36.33488840000001],[-76.21295359999999,36.33491909999998],[-76.21294979999999,36.33494289999999],[-76.21295170000002,36.33496200000002],[-76.21296219999999,36.334980099999996],[-76.2129784,36.334994300000005],[-76.21301640000001,36.33500859999998],[-76.2130712,36.33501150000001],[-76.21312990000001,36.334975199999974],[-76.21322090000001,36.334891400000004],[-76.21331909999998,36.33484170000003],[-76.21336070000001,36.334854500000006],[-76.21341410000002,36.33488],[-76.21348030000001,36.3349116],[-76.2135169,36.3349159],[-76.21354659999997,36.334904800000004],[-76.21356639999999,36.334890099999996],[-76.21357699999999,36.33486820000002],[-76.21357510000001,36.3347789],[-76.2136132,36.33476969999998],[-76.21364369999998,36.33476109999998],[-76.21368560000002,36.334729700000025],[-76.2137189,36.33469259999998],[-76.21377539999997,36.33460910000002],[-76.21380049999999,36.33461219999998],[-76.2139115,36.33462589999999],[-76.21396290000001,36.334610699999985],[-76.2139952,36.334570499999984],[-76.2140144,36.33450909999999],[-76.21401409999999,36.3345046],[-76.21401029999998,36.33443269999998],[-76.21404849999999,36.3343984],[-76.21407799999997,36.33437839999999],[-76.21413089999999,36.334356300000024],[-76.21424769999999,36.33432629999999],[-76.21436540000002,36.33430679999998],[-76.21441779999998,36.334283200000016],[-76.21444539999999,36.33425940000001],[-76.21447369999999,36.334219700000006],[-76.21454519999998,36.334206600000016],[-76.21463770000003,36.334210900000016],[-76.21472790000001,36.334198300000025],[-76.21479849999997,36.3341757],[-76.21483569999998,36.334157600000026],[-76.21489759999997,36.334096999999986],[-76.21498350000002,36.33403659999999],[-76.2150236,36.334011799999985],[-76.21506920000002,36.334000100000026],[-76.21514439999999,36.33405090000002],[-76.21524699999998,36.33413789999997],[-76.21530489999998,36.33418469999998],[-76.21534489999999,36.33421329999999],[-76.21541539999998,36.33423929999998],[-76.21553790000002,36.3342682],[-76.21561329999997,36.334316100000024],[-76.21564139999998,36.33432800000003],[-76.21569310000001,36.334339],[-76.21573840000002,36.33433630000002],[-76.2158925,36.334326499999975],[-76.21593560000002,36.33431669999999],[-76.21601399999997,36.3342816],[-76.21607260000002,36.33427139999998],[-76.21615539999999,36.33425570000003],[-76.21618610000002,36.3342351],[-76.21622389999999,36.334188100000006],[-76.21626029999999,36.33416390000002],[-76.21635179999998,36.334114],[-76.21642759999997,36.334061599999984],[-76.21645339999998,36.33403709999999],[-76.21658200000002,36.333969000000025],[-76.2166464,36.33389469999997],[-76.21669279999998,36.3338205],[-76.2167541,36.33377200000001],[-76.21681849999999,36.3337583],[-76.21693210000001,36.333831299999986],[-76.21701519999999,36.33393719999998],[-76.2170352,36.33396349999998],[-76.2170147,36.333985299999995],[-76.21693040000002,36.33400929999999],[-76.216882,36.33403520000002],[-76.21680700000002,36.3340958],[-76.21677690000001,36.334165600000006],[-76.2167715,36.33424230000003],[-76.2167738,36.33427399999999],[-76.21681969999997,36.33432299999998],[-76.21689300000003,36.33435530000003],[-76.2168972,36.33440059999998],[-76.21689750000002,36.334403899999984],[-76.2169131,36.334486200000015],[-76.2168097,36.33465960000001],[-76.21680040000001,36.33468370000003],[-76.21679870000003,36.334873800000025],[-76.21675429999999,36.33496709999997],[-76.21668979999998,36.33500950000001],[-76.216677,36.33501799999999],[-76.21664720000001,36.335056399999985],[-76.21665669999999,36.33509099999998],[-76.2166689,36.33511379999999],[-76.21669580000002,36.3351644],[-76.21670089999998,36.33520600000003],[-76.2166962,36.3352453],[-76.2166808,36.33528919999998],[-76.216679,36.335296200000016],[-76.21667380000002,36.33530139999999],[-76.2166676,36.33530400000001],[-76.21665739999997,36.33530539999998],[-76.21662709999998,36.33529340000001],[-76.21659770000002,36.335281699999996],[-76.21656239999999,36.3352769],[-76.21652260000002,36.33528519999999],[-76.2164919,36.33530639999998],[-76.21648090000002,36.33533360000001],[-76.21647869999998,36.335355900000025],[-76.21647209999998,36.33541200000002],[-76.2164348,36.33546940000002],[-76.21642980000001,36.33549979999998],[-76.21645050000001,36.335543900000005],[-76.21652740000002,36.33559739999998],[-76.21654080000002,36.335606799999994],[-76.21657190000002,36.33565199999998],[-76.21657959999999,36.3357087],[-76.21654719999998,36.33575760000002],[-76.21649869999999,36.33580699999999],[-76.21643970000002,36.33585399999998],[-76.21643499999999,36.3358485],[-76.21635889999999,36.33575880000001],[-76.21627180000002,36.3357967],[-76.2162401,36.33583229999999],[-76.21627860000001,36.33590830000003],[-76.21630640000001,36.33597809999998],[-76.21631989999997,36.33601169999997],[-76.21631980000001,36.33603240000002],[-76.2163089,36.33605510000001],[-76.2162884,36.336051699999985],[-76.21623690000001,36.33604309999998],[-76.21618269999999,36.33602880000001],[-76.2161185,36.336012400000016],[-76.2160513,36.33600310000003],[-76.21601420000002,36.336005],[-76.2159876,36.336021200000005],[-76.21595109999998,36.336064799999974],[-76.21590959999997,36.336146499999984],[-76.21583900000002,36.33625230000001],[-76.2157363,36.33633040000001],[-76.2156632,36.33646390000001],[-76.21564310000002,36.33649459999998],[-76.2155917,36.33662459999999],[-76.21547650000002,36.336691299999984],[-76.2154056,36.33677929999999],[-76.21536709999998,36.33689420000002],[-76.21530089999999,36.33703459999998],[-76.21516600000001,36.33718959999999],[-76.2149556,36.3373153],[-76.2148934,36.337347799999975],[-76.21486379999999,36.33737070000001],[-76.2148426,36.33740319999998],[-76.21480600000001,36.33750429999998],[-76.21480639999999,36.337564999999984],[-76.21479299999999,36.337623199999996],[-76.21478889999997,36.337640799999974],[-76.21468859999999,36.33773389999999],[-76.2146674,36.33775350000002],[-76.21458740000003,36.337710200000004],[-76.21452369999997,36.337688000000014],[-76.2144692,36.33770290000001],[-76.21442760000002,36.33773550000001],[-76.21443199999999,36.337798099999986],[-76.21441429999999,36.3378826],[-76.21419830000002,36.337925900000016],[-76.21414829999998,36.3379453],[-76.2141211,36.33797609999999],[-76.21412800000002,36.33802960000003],[-76.21414650000003,36.338092399999994],[-76.2141464,36.338128100000006],[-76.2141363,36.33816380000002],[-76.21411610000001,36.33819110000002],[-76.2140875,36.3382125],[-76.21405909999999,36.33821849999998],[-76.21401150000003,36.33823389999998],[-76.21398040000003,36.33824820000001],[-76.21395489999998,36.338270799999975],[-76.21393289999997,36.33830710000001],[-76.21391319999998,36.338344000000006],[-76.2138966,36.33836480000002],[-76.21387520000002,36.338375499999984],[-76.2138147,36.338388699999996],[-76.21378929999997,36.3384039],[-76.21377819999998,36.33841480000001],[-76.21377389999998,36.338439100000016],[-76.21377740000003,36.33846699999998],[-76.2138124,36.33851759999999],[-76.21383659999998,36.33853340000002],[-76.2138817,36.33856259999999],[-76.21391019999999,36.3385897],[-76.21392159999999,36.33862190000002],[-76.2139181,36.33864829999999],[-76.2139009,36.338671799999986],[-76.21387379999999,36.33868469999999],[-76.2138488,36.33868610000002],[-76.21382310000001,36.338678300000026],[-76.21377460000002,36.33864679999999],[-76.21374250000002,36.33862929999998],[-76.2137353,36.33862540000001],[-76.21369249999998,36.33861189999999],[-76.2136036,36.338595399999974],[-76.21353169999998,36.3385859],[-76.21347209999999,36.33860040000002],[-76.21346240000003,36.33863480000002],[-76.2134853,36.33868339999998],[-76.21354960000002,36.3387295],[-76.21355460000001,36.33879780000001],[-76.21354600000001,36.33890960000002],[-76.21351040000002,36.33898310000001],[-76.21346799999998,36.33907069999998],[-76.2134383,36.339110600000026],[-76.21336760000003,36.33929310000002],[-76.21335299999998,36.339351299999976],[-76.21336029999998,36.33947189999998],[-76.21334230000002,36.339494],[-76.21331379999998,36.339497600000016],[-76.21320129999998,36.339470500000004],[-76.21317429999999,36.33947949999998],[-76.21314719999998,36.33952110000001],[-76.21313609999999,36.3395726],[-76.21313409999999,36.339581599999974],[-76.21309309999998,36.3397056],[-76.2130598,36.339753400000006],[-76.21302359999999,36.33977779999998],[-76.21298089999999,36.3398067],[-76.21287710000001,36.33985689999997],[-76.21286759999998,36.33989380000003],[-76.21287239999998,36.33993179999999],[-76.21291209999998,36.33999510000001],[-76.21296280000001,36.34007580000002],[-76.21295800000001,36.340124600000024],[-76.21293379999997,36.3401571],[-76.21282389999999,36.34019310000002],[-76.21278999999998,36.340245100000004],[-76.21278560000002,36.34027789999999],[-76.21285820000003,36.340357900000015],[-76.21284220000001,36.34045809999998],[-76.21278740000002,36.34059739999998],[-76.21277789999999,36.340667800000006],[-76.21278999999998,36.34078950000003],[-76.21271489999998,36.3408814],[-76.21271250000001,36.34094649999997],[-76.21274829999999,36.3410336],[-76.2127726,36.341072],[-76.21278999999998,36.341180099999974],[-76.21279829999997,36.341221700000006],[-76.21279229999999,36.34126450000002],[-76.21276690000002,36.341324499999985],[-76.21268049999998,36.34137870000001],[-76.2126662,36.34140960000002],[-76.2126662,36.34144300000003],[-76.2126963,36.34150890000001],[-76.21276019999999,36.34153570000001],[-76.21281320000003,36.3415339],[-76.21284109999999,36.34152390000003],[-76.2128816,36.34151429999997],[-76.21290420000003,36.34152979999999],[-76.2129137,36.3415655],[-76.2129137,36.34159519999997],[-76.2128985,36.341684499999985],[-76.21289969999998,36.34174519999999],[-76.21294879999999,36.341858],[-76.21299190000002,36.34190210000003],[-76.21312180000001,36.34206080000001],[-76.2131139,36.34215760000001],[-76.21311589999999,36.34221439999999],[-76.2131445,36.3422903],[-76.21317440000001,36.34232780000002],[-76.21323319999999,36.342384700000025]]]}},{"type":"Feature","properties":{},"geometry":{"type":"Polygon","coordinates":[[[-76.21878329999998,36.342615799999976],[-76.218728,36.342615799999976],[-76.21863480000002,36.342627400000026],[-76.21854839999997,36.34262189999998],[-76.2183776,36.34261509999999],[-76.21832380000001,36.34261459999999],[-76.21824930000002,36.342590099999995],[-76.21819119999998,36.34256340000002],[-76.21811020000001,36.34251599999999],[-76.21804470000001,36.34244080000002],[-76.21798100000001,36.342420000000004],[-76.21794419999998,36.34241850000001],[-76.21788759999998,36.34242699999999],[-76.21779880000003,36.342458599999986],[-76.2177734,36.34238449999998],[-76.21774959999999,36.342355],[-76.2177211,36.3423464],[-76.21766079999998,36.34235000000001],[-76.21760590000002,36.34238069999998],[-76.21756970000001,36.34240540000002],[-76.21752909999998,36.34242449999999],[-76.21742599999999,36.342406400000016],[-76.21733749999999,36.34239020000001],[-76.21730430000002,36.342379900000026],[-76.21728230000002,36.3423578],[-76.21726990000002,36.34232830000002],[-76.21726669999998,36.34229779999998],[-76.21731469999997,36.34218800000002],[-76.21743529999998,36.34196730000002],[-76.21752429999998,36.34172419999999],[-76.21769189999998,36.341315899999984],[-76.2178298,36.3409848],[-76.21792649999998,36.34067490000001],[-76.21796799999998,36.34054689999999],[-76.21799349999998,36.34049110000001],[-76.21809560000003,36.340398400000026],[-76.2181711,36.34030419999999],[-76.21819570000002,36.3402734],[-76.21826279999999,36.34023159999998],[-76.2184537,36.3401561],[-76.21874580000002,36.34008010000002],[-76.2190718,36.340019600000005],[-76.21930750000001,36.33999160000002],[-76.21978710000002,36.3399134],[-76.2198151,36.33990840000001],[-76.22039769999998,36.3398042],[-76.22072170000001,36.339776099999995],[-76.22082560000001,36.33976710000002],[-76.22098540000002,36.33976969999998],[-76.2213554,36.33975349999997],[-76.22142580000002,36.3397564],[-76.2215122,36.33976000000001],[-76.22166759999999,36.339786000000004],[-76.22172339999997,36.339809600000024],[-76.22192380000001,36.33990180000001],[-76.22209190000001,36.34000579999997],[-76.22218809999998,36.34009090000001],[-76.2222711,36.3401528],[-76.22231399999998,36.34017619999997],[-76.22239630000001,36.340199900000016],[-76.22243350000002,36.3402188],[-76.22245880000003,36.34024590000001],[-76.22246330000002,36.34026770000003],[-76.22246389999998,36.340302699999995],[-76.22247340000001,36.340349300000014],[-76.2224852,36.34038800000002],[-76.22250129999998,36.340440899999976],[-76.22255469999999,36.340520200000014],[-76.22260419999998,36.340590899999995],[-76.2226526,36.34067920000001],[-76.22269640000002,36.340811599999995],[-76.2227421,36.34093899999999],[-76.2227666,36.34101529999998],[-76.22279850000001,36.34109969999997],[-76.22284200000001,36.341248199999995],[-76.2228604,36.34134119999999],[-76.22286150000002,36.3413683],[-76.22283879999998,36.34140869999999],[-76.22278799999998,36.34144839999999],[-76.22273899999999,36.3415018],[-76.2226263,36.34169639999999],[-76.2226129,36.3417632],[-76.2226187,36.3418059],[-76.2226306,36.34188560000001],[-76.22261680000003,36.34192810000002],[-76.22258069999998,36.3419475],[-76.2225176,36.34195349999999],[-76.2224536,36.34194880000001],[-76.22241530000002,36.34196539999999],[-76.22239380000002,36.34198859999998],[-76.22238119999997,36.34202640000001],[-76.22238540000001,36.34206419999998],[-76.22240190000002,36.342117900000005],[-76.2224043,36.342145800000026],[-76.22237480000001,36.34222990000001],[-76.22234650000001,36.34228760000002],[-76.22229670000002,36.34235589999997],[-76.22221250000001,36.34243909999998],[-76.22219799999999,36.3424483],[-76.2221884,36.34245440000001],[-76.22216049999997,36.34246109999998],[-76.2219508,36.34238449999998],[-76.22176280000002,36.342381999999986],[-76.22167289999999,36.34240160000002],[-76.22160050000002,36.3424473],[-76.22154740000002,36.34250229999998],[-76.22147489999998,36.34249490000002],[-76.22136180000001,36.34245520000002],[-76.22127669999998,36.34241479999997],[-76.22121659999999,36.342378800000006],[-76.22110939999999,36.3423487],[-76.22104539999998,36.34233010000003],[-76.22099329999998,36.342335400000024],[-76.22092850000001,36.3423914],[-76.22080419999998,36.34244269999999],[-76.2207732,36.3424698],[-76.22068680000001,36.34252470000001],[-76.22061550000001,36.34255519999999],[-76.22050990000002,36.3425833],[-76.22046690000002,36.34257919999999],[-76.22035240000002,36.342555600000026],[-76.2203154,36.3425105],[-76.22025200000002,36.34247690000001],[-76.22020070000002,36.34246719999999],[-76.2199875,36.342508699999996],[-76.21995129999999,36.34252099999998],[-76.2199253,36.342580999999996],[-76.2198917,36.34262159999997],[-76.21973489999999,36.34261509999999],[-76.2195959,36.34261939999999],[-76.21948750000001,36.34261509999999],[-76.21939459999999,36.3425914],[-76.21926489999998,36.34261220000002],[-76.21914040000001,36.34265199999999],[-76.21905040000001,36.34269180000001],[-76.21898599999997,36.3426867],[-76.21893240000003,36.342677400000014],[-76.21886849999999,36.342662399999995],[-76.21882699999998,36.342626199999984],[-76.21878329999998,36.342615799999976]]]}},{"type":"Feature","properties":{},"geometry":{"type":"Polygon","coordinates":[[[-76.20799690000001,36.307743000000016],[-76.20799499999998,36.307739200000015],[-76.20794999999998,36.307649000000026],[-76.20794990000002,36.307648900000004],[-76.20792449999999,36.307597999999984],[-76.2078952,36.307503699999984],[-76.20781899999997,36.307383000000016],[-76.20775959999997,36.307323999999994],[-76.20770149999998,36.30727059999998],[-76.20767160000003,36.307243099999994],[-76.20763799999997,36.30720960000002],[-76.20760259999997,36.3071741],[-76.20754649999998,36.30706620000001],[-76.20751200000001,36.306971799999985],[-76.20749410000002,36.306907000000024],[-76.20747699999998,36.306868899999984],[-76.2074437,36.30682899999999],[-76.20739630000003,36.30678019999999],[-76.20736199999999,36.306692699999985],[-76.20736149999999,36.30665950000002],[-76.2073613,36.3066508],[-76.20738510000001,36.30663249999998],[-76.20741429999998,36.306620099999975],[-76.2074589,36.30663959999998],[-76.20751380000002,36.306681200000014],[-76.20756720000003,36.306724900000006],[-76.20758519999998,36.30674299999998],[-76.20763210000001,36.30681179999999],[-76.20765110000002,36.306851800000004],[-76.20766830000002,36.306907000000024],[-76.20767849999999,36.306950700000016],[-76.20768989999999,36.306999399999995],[-76.20770829999998,36.30704220000001],[-76.2077425,36.3070907],[-76.20777299999997,36.30712970000002],[-76.20781770000002,36.307163],[-76.20787189999999,36.30719499999998],[-76.20791680000002,36.30720939999998],[-76.2079804,36.30720680000002],[-76.2080224,36.30720309999998],[-76.20806199999998,36.30722109999999],[-76.20811989999999,36.307268299999976],[-76.20817770000002,36.30730080000001],[-76.20824340000001,36.3073248],[-76.20834079999997,36.307329400000015],[-76.20847379999998,36.30729919999999],[-76.20855260000002,36.3072765],[-76.20873619999998,36.307230000000004],[-76.20882840000002,36.307184800000016],[-76.20885290000001,36.30716960000001],[-76.208864,36.30716260000003],[-76.20890100000003,36.30714160000002],[-76.20893769999998,36.307154000000025],[-76.20894759999999,36.30715980000002],[-76.20899800000001,36.307189600000015],[-76.20899880000002,36.307190100000014],[-76.20904769999999,36.307216700000026],[-76.20908270000001,36.307237999999984],[-76.209135,36.307257600000014],[-76.2091714,36.3072631],[-76.2092523,36.30725690000003],[-76.20931300000001,36.30723569999998],[-76.20933819999999,36.30721369999998],[-76.2093461,36.30715329999998],[-76.2093506,36.307126600000004],[-76.2093855,36.307103299999994],[-76.20943469999997,36.307095100000026],[-76.2094763,36.30713500000002],[-76.2094803,36.307138899999984],[-76.20949949999999,36.307186],[-76.20953229999998,36.30727430000002],[-76.20953730000002,36.30732089999998],[-76.20951989999998,36.30736289999999],[-76.2094856,36.307382099999984],[-76.20942960000002,36.30739990000001],[-76.2092682,36.30746049999999],[-76.20923900000003,36.30747289999999],[-76.20917689999999,36.3074914],[-76.20915120000001,36.30750710000001],[-76.2091269,36.30755140000002],[-76.20909569999998,36.30763999999999],[-76.20907469999997,36.30768790000002],[-76.20903149999998,36.307775100000015],[-76.20900999999998,36.30780299999998],[-76.2089598,36.307824700000026],[-76.20887599999998,36.30784670000003],[-76.20879300000001,36.30788669999998],[-76.2087439,36.30791679999999],[-76.20869800000003,36.3080205],[-76.20863400000002,36.30803950000001],[-76.2085419,36.30801150000002],[-76.20847509999999,36.3079937],[-76.2084317,36.30799830000001],[-76.20840099999998,36.308011599999986],[-76.2083748,36.30804419999998],[-76.2083503,36.308059300000025],[-76.20830059999997,36.30804019999999],[-76.20822090000001,36.30799159999998],[-76.2081718,36.3079611],[-76.20811450000002,36.307941099999994],[-76.20807960000002,36.3079257],[-76.20805739999997,36.30790450000001],[-76.20803210000003,36.307863],[-76.20801410000001,36.307801600000005],[-76.20799690000001,36.307743000000016]]]}},{"type":"Feature","properties":{},"geometry":{"type":"Polygon","coordinates":[[[-76.22280189999998,36.34543200000002],[-76.2227163,36.34543200000002],[-76.22260139999997,36.34543930000001],[-76.22250789999998,36.34544679999999],[-76.222419,36.345414300000016],[-76.22231210000001,36.345356200000026],[-76.22225730000002,36.34532810000002],[-76.22217849999998,36.34527059999999],[-76.22215829999999,36.345256500000005],[-76.22203109999998,36.34521910000001],[-76.22184069999997,36.345203500000025],[-76.2215041,36.34517090000003],[-76.22115609999997,36.34510289999997],[-76.22089749999998,36.34507259999998],[-76.2206678,36.34502950000001],[-76.22044190000003,36.34495989999999],[-76.2199526,36.344814799999995],[-76.21976030000002,36.34478519999999],[-76.21958180000001,36.344773799999984],[-76.2193967,36.34474740000002],[-76.2193034,36.3447228],[-76.21917020000001,36.34467289999998],[-76.21909149999999,36.34462430000002],[-76.2189262,36.34452729999998],[-76.21891390000002,36.344409799999994],[-76.21892100000002,36.34433610000002],[-76.2189353,36.344275900000014],[-76.21894900000001,36.34421800000001],[-76.21896120000002,36.34420469999998],[-76.21915009999998,36.3441454],[-76.2191583,36.34414229999999],[-76.21933969999998,36.34410120000001],[-76.21950930000003,36.34406580000001],[-76.2197377,36.344048499999985],[-76.219761,36.34404430000001],[-76.21995650000002,36.34400950000003],[-76.22012189999998,36.34396140000001],[-76.22023769999998,36.343879000000015],[-76.22038730000003,36.34386540000003],[-76.2205194,36.34385750000001],[-76.22061309999998,36.34383129999998],[-76.2206946,36.343792500000006],[-76.2207219,36.34377469999998],[-76.22083370000001,36.34370209999997],[-76.22089490000002,36.34369659999999],[-76.22094870000001,36.343689900000015],[-76.22103670000001,36.34369349999997],[-76.22111719999998,36.34369429999998],[-76.22118560000001,36.34369529999998],[-76.22123060000001,36.3436959],[-76.2212644,36.3436878],[-76.2213056,36.34367800000001],[-76.2214123,36.343634699999996],[-76.2215309,36.34367270000001],[-76.22164409999999,36.343663400000025],[-76.22170649999998,36.3436423],[-76.22179929999999,36.34360370000002],[-76.2218249,36.34360409999999],[-76.22194710000002,36.34362850000002],[-76.22199060000003,36.3436638],[-76.22208239999998,36.34371110000001],[-76.22219639999997,36.343764799999974],[-76.22233640000002,36.343833399999994],[-76.2223917,36.3438668],[-76.22251699999998,36.34396509999999],[-76.2226655,36.34408020000001],[-76.22271360000002,36.34411080000001],[-76.22279730000002,36.344126200000005],[-76.22286079999998,36.34419159999999],[-76.2230257,36.344299999999976],[-76.2231491,36.34441989999999],[-76.22327680000001,36.34450190000001],[-76.2233455,36.344561999999996],[-76.22340209999999,36.34462619999999],[-76.2233683,36.34465510000001],[-76.2232841,36.3446864],[-76.2232646,36.34472290000002],[-76.22329539999998,36.344792299999995],[-76.22333200000003,36.344826599999976],[-76.2233898,36.34484120000002],[-76.22344120000002,36.34484409999999],[-76.22352969999997,36.34484259999999],[-76.22356539999998,36.344851199999994],[-76.2235824,36.34487309999997],[-76.22357820000002,36.34490970000002],[-76.22356400000001,36.3449554],[-76.2235483,36.34501110000002],[-76.22354969999998,36.345063900000014],[-76.22356969999998,36.34512819999998],[-76.22361289999998,36.3452135],[-76.22365589999998,36.34529550000002],[-76.22368160000002,36.345338500000025],[-76.22376320000001,36.34542010000001],[-76.22385889999998,36.34549279999999],[-76.22397059999997,36.34557940000002],[-76.22382110000001,36.34566139999998],[-76.22378850000001,36.34566539999997],[-76.22351529999997,36.345698200000015],[-76.22334080000002,36.345697900000005],[-76.22320400000001,36.34562549999998],[-76.22311819999999,36.34558190000001],[-76.22302250000001,36.34555569999998],[-76.22291519999999,36.345547599999975],[-76.22288850000001,36.345494099999996],[-76.22285140000002,36.34545109999999],[-76.22280189999998,36.34543200000002]]]}},{"type":"Feature","properties":{},"geometry":{"type":"Polygon","coordinates":[[[-76.2401102,36.370281999999975],[-76.24018439999998,36.370203600000025],[-76.2402601,36.370205699999985],[-76.24040259999998,36.370175399999994],[-76.24047949999999,36.3702184],[-76.24053320000002,36.37022089999999],[-76.2405761,36.370172000000025],[-76.24057779999998,36.37009499999999],[-76.2405506,36.37004780000001],[-76.24046600000003,36.36998410000001],[-76.240386,36.369903299999976],[-76.2403918,36.36989160000002],[-76.24045039999999,36.36977460000003],[-76.24054960000001,36.36976820000001],[-76.2405781,36.36974049999998],[-76.2406411,36.369612700000005],[-76.2406709,36.36948289999998],[-76.24077110000002,36.369349399999976],[-76.24081810000001,36.36914969999998],[-76.2409022,36.3689172],[-76.24096370000001,36.368824700000005],[-76.2410845,36.36863010000002],[-76.24118279999999,36.368521799999996],[-76.2412852,36.368306700000005],[-76.24137769999999,36.368242099999975],[-76.24140820000002,36.36819830000002],[-76.24144039999999,36.368127800000025],[-76.2415502,36.36800490000002],[-76.24165269999997,36.36788619999999],[-76.24177789999999,36.36774320000001],[-76.24186909999997,36.36777230000001],[-76.24193480000002,36.36776579999997],[-76.24204830000002,36.367637100000024],[-76.24214970000003,36.36762570000002],[-76.24229609999998,36.36762199999998],[-76.24236259999998,36.3675844],[-76.24239540000002,36.36750710000001],[-76.24233989999999,36.367418799999996],[-76.24233759999998,36.36737679999999],[-76.24236860000002,36.36734940000002],[-76.2424906,36.36725710000002],[-76.24262090000002,36.3671617],[-76.2428026,36.3669726],[-76.24287320000002,36.36685670000003],[-76.24291929999998,36.36675869999999],[-76.2430104,36.36668659999998],[-76.2431077,36.3666288],[-76.24322619999998,36.36652779999997],[-76.24334909999999,36.366478400000005],[-76.243426,36.36650150000003],[-76.24346500000001,36.36646569999999],[-76.2436042,36.36626919999998],[-76.24363599999998,36.36621059999999],[-76.24360460000003,36.36613160000002],[-76.24366759999998,36.36605079999998],[-76.2438267,36.36599439999998],[-76.24399979999998,36.36598570000001],[-76.24422679999998,36.36597210000002],[-76.24437769999997,36.365951300000006],[-76.2445758,36.365967599999976],[-76.24479960000002,36.3659505],[-76.24492320000002,36.365951300000006],[-76.24496040000002,36.3659184],[-76.24501880000003,36.365869299999986],[-76.24515070000001,36.36581269999999],[-76.24524070000001,36.36580090000001],[-76.2453552,36.36586629999999],[-76.24540489999998,36.365879699999994],[-76.24548329999999,36.36587509999998],[-76.24550749999997,36.365864199999976],[-76.24554560000001,36.36583089999999],[-76.24555809999998,36.36581159999997],[-76.24557629999998,36.36576880000001],[-76.24561219999998,36.36572619999998],[-76.24565339999998,36.365695200000005],[-76.2458365,36.36575269999997],[-76.24595540000001,36.365765899999985],[-76.24614659999997,36.365767800000015],[-76.24667970000002,36.365759000000025],[-76.2471117,36.36571759999998],[-76.24734489999997,36.365767300000016],[-76.24750549999999,36.365755200000024],[-76.24766920000002,36.365708600000005],[-76.24777840000002,36.36568820000002],[-76.24796129999999,36.36563619999998],[-76.24803220000001,36.36560459999998],[-76.24810489999999,36.36558170000001],[-76.24828050000002,36.36547760000002],[-76.24842410000002,36.365415600000006],[-76.24848960000003,36.365393900000015],[-76.24853890000003,36.365361500000006],[-76.2485888,36.36533229999998],[-76.24880230000002,36.365198599999985],[-76.2488702,36.365144499999985],[-76.2490563,36.365010100000006],[-76.24909639999998,36.36494720000002],[-76.24913500000002,36.3648958],[-76.24936739999998,36.3647656],[-76.24943789999998,36.364691900000025],[-76.2495371,36.36459789999998],[-76.24956100000003,36.36458210000001],[-76.24961250000001,36.364562999999976],[-76.24971640000001,36.364551000000006],[-76.24981509999998,36.3645942],[-76.249865,36.3645798],[-76.24990559999998,36.36455219999999],[-76.24989900000003,36.36448200000001],[-76.24989729999999,36.36438930000003],[-76.2500162,36.36432880000001],[-76.25007,36.3643065],[-76.2502652,36.364236800000015],[-76.25032800000002,36.36419719999998],[-76.25035730000002,36.3641604],[-76.25053530000002,36.364029800000026],[-76.2505746,36.36400090000001],[-76.25064609999998,36.363948300000004],[-76.2507473,36.3639091],[-76.25079269999998,36.36390239999997],[-76.25103739999997,36.36386620000002],[-76.25125539999999,36.3638201],[-76.25137799999999,36.36380750000001],[-76.2514845,36.36379649999998],[-76.25159539999999,36.36383699999999],[-76.25169119999998,36.36384029999999],[-76.25179480000003,36.36383330000001],[-76.25200160000003,36.36379260000001],[-76.252162,36.36381260000002],[-76.25231989999997,36.36378380000002],[-76.2523784,36.363769400000024],[-76.25249659999997,36.363756799999976],[-76.2526858,36.36376360000003],[-76.2527652,36.36374039999998],[-76.2528203,36.36380389999999],[-76.25287179999998,36.36385899999999],[-76.25295190000003,36.36387359999998],[-76.25304440000002,36.363852099999974],[-76.253105,36.36384020000003],[-76.25318399999998,36.36381899999998],[-76.2532271,36.363884600000006],[-76.25333869999997,36.363944000000004],[-76.25342970000003,36.36395590000001],[-76.2535527,36.36392460000002],[-76.2536407,36.36390230000001],[-76.2539195,36.36379629999999],[-76.25408040000002,36.363785500000006],[-76.25418439999999,36.36373709999998],[-76.25420880000001,36.363685499999974],[-76.2542014,36.36356410000002],[-76.2543048,36.363359100000025],[-76.2543417,36.363285899999994],[-76.2543819,36.36322080000002],[-76.2544355,36.36321129999999],[-76.2547356,36.363122499999974],[-76.25490389999999,36.36313769999998],[-76.25510009999999,36.36323470000002],[-76.2552705,36.36332520000002],[-76.25543770000002,36.363415299999986],[-76.25550229999999,36.363424699999996],[-76.2555643,36.36338660000001],[-76.2556285,36.36333830000001],[-76.25571409999998,36.36330240000001],[-76.25583139999998,36.36330889999999],[-76.25613170000003,36.363394200000016],[-76.25648009999998,36.363556200000005],[-76.2565783,36.36364900000001],[-76.2566195,36.36370260000001],[-76.25672830000002,36.36385949999999],[-76.25680240000003,36.36391739999999],[-76.25704760000002,36.36403439999998],[-76.25709799999998,36.36404829999998],[-76.25717889999999,36.364046299999984],[-76.2572242,36.364059499999996],[-76.25734790000001,36.36412439999998],[-76.2574459,36.36415770000002],[-76.25751150000002,36.364173600000015],[-76.2575789,36.36420650000002],[-76.25777419999997,36.364385200000015],[-76.25786540000001,36.36451979999998],[-76.25790490000003,36.364601600000015],[-76.25791450000003,36.364690199999984],[-76.25794259999998,36.364825999999994],[-76.2579508,36.36486559999997],[-76.257972,36.36492190000001],[-76.25798359999999,36.36498740000002],[-76.25800190000001,36.3651203],[-76.2580582,36.36524539999999],[-76.25809400000003,36.365298800000005],[-76.2581136,36.3653405],[-76.25815599999999,36.36540880000001],[-76.258197,36.36545109999997],[-76.25828419999999,36.365496699999994],[-76.2583161,36.3655124],[-76.25845470000002,36.36562600000002],[-76.25857760000002,36.36571459999999],[-76.2586258,36.36577410000001],[-76.2586569,36.365826500000026],[-76.25870750000001,36.36589809999998],[-76.2587072,36.36599039999999],[-76.25869770000003,36.3660448],[-76.25872229999999,36.366109900000026],[-76.25874829999998,36.36615499999999],[-76.2587628,36.366180199999974],[-76.25880719999998,36.366217500000005],[-76.2588685,36.36624849999998],[-76.25897959999998,36.36627040000002],[-76.25909109999998,36.36625759999998],[-76.2591127,36.366253400000005],[-76.25917299999998,36.36624160000002],[-76.2592386,36.366272700000025],[-76.25931739999999,36.366313400000024],[-76.2594082,36.366352500000005],[-76.25952059999997,36.3663808],[-76.25960079999999,36.36642180000001],[-76.25970949999999,36.36648730000002],[-76.25974450000001,36.36652650000002],[-76.25980390000001,36.366577199999995],[-76.25983919999999,36.3666288],[-76.25988239999998,36.36671339999998],[-76.25991629999999,36.36680719999998],[-76.2599128,36.366859999999974],[-76.25990730000001,36.36694640000002],[-76.25989909999998,36.366974700000014],[-76.25982920000001,36.36703419999998],[-76.25981239999999,36.367062799999985],[-76.25979289999998,36.36715370000002],[-76.25979230000002,36.36716530000001],[-76.2597834,36.36722529999997],[-76.25977269999998,36.36727380000002],[-76.25975590000002,36.36733479999998],[-76.259705,36.367384000000015],[-76.25964670000002,36.367432199999996],[-76.259615,36.36745830000001],[-76.2595751,36.3675025],[-76.25951199999997,36.36758200000003],[-76.2594095,36.367725199999995],[-76.2593273,36.36785800000001],[-76.2592942,36.36792409999998],[-76.25923019999999,36.36805199999998],[-76.2591744,36.368117100000006],[-76.25910699999997,36.3681818],[-76.2590088,36.36826450000001],[-76.25892399999998,36.368332099999975],[-76.25891610000002,36.36837830000002],[-76.25893200000002,36.36846109999999],[-76.25883900000002,36.36850290000001],[-76.25876840000001,36.36849050000001],[-76.25871230000001,36.36849849999999],[-76.2586374,36.36851669999999],[-76.25854829999997,36.368540800000005],[-76.25853660000001,36.368541300000004],[-76.25851499999999,36.36854210000001],[-76.25845859999998,36.36855609999998],[-76.25836270000002,36.36858710000001],[-76.25826899999998,36.36864800000001],[-76.25818020000003,36.36872030000001],[-76.25809550000002,36.368797900000004],[-76.25804670000002,36.36880839999998],[-76.2580112,36.36881490000002],[-76.25797449999999,36.36883019999999],[-76.25792030000002,36.368867799999975],[-76.25789639999999,36.368926999999985],[-76.25788360000001,36.3689622],[-76.257879,36.368999900000006],[-76.2578729,36.36905059999998],[-76.25777019999998,36.369102399999974],[-76.25773670000001,36.3691192],[-76.25765669999998,36.369189800000015],[-76.2576166,36.36920570000001],[-76.2575711,36.36919640000002],[-76.25753320000001,36.369171600000016],[-76.25749409999997,36.36917269999998],[-76.25745130000001,36.36919230000001],[-76.25743979999999,36.369257600000026],[-76.25743340000002,36.36932280000002],[-76.2573903,36.3693528],[-76.25731259999998,36.36936830000002],[-76.25723950000003,36.36939410000002],[-76.25720539999998,36.36941719999999],[-76.2571259,36.36953749999998],[-76.25711469999999,36.3695548],[-76.25708229999998,36.369630900000004],[-76.25707740000001,36.3696994],[-76.257026,36.36984960000001],[-76.25697630000002,36.36995350000001],[-76.25690739999999,36.37004780000001],[-76.25686810000002,36.37013480000002],[-76.2568498,36.37018210000002],[-76.25685140000002,36.37021659999999],[-76.25686760000002,36.370275400000025],[-76.25690839999999,36.37033330000003],[-76.25693289999998,36.370360600000026],[-76.2569398,36.37039349999998],[-76.2569388,36.370437200000026],[-76.25692959999998,36.37052349999999],[-76.25693389999998,36.370556299999976],[-76.25696099999999,36.37059340000002],[-76.25701850000002,36.37062159999999],[-76.25714269999997,36.370663200000024],[-76.25724259999998,36.370742699999994],[-76.25731889999997,36.37081180000001],[-76.25734979999999,36.370876099999975],[-76.25729050000001,36.3709523],[-76.2572735,36.37102659999999],[-76.25727369999998,36.371110199999976],[-76.25727089999998,36.3712074],[-76.25721370000002,36.37133019999999],[-76.25718160000002,36.3713846],[-76.2570895,36.37145320000002],[-76.25705060000001,36.371488],[-76.25699359999999,36.37153919999997],[-76.2569072,36.37160410000001],[-76.25687900000003,36.37165779999998],[-76.25688250000002,36.37172479999998],[-76.2569009,36.3717858],[-76.25688330000003,36.37181959999998],[-76.25680540000002,36.37188550000002],[-76.25679129999997,36.371900100000005],[-76.25674830000003,36.37197629999997],[-76.25673749999999,36.37204059999999],[-76.25673060000003,36.372181599999976],[-76.25672909999997,36.37226509999999],[-76.25673460000002,36.372327299999995],[-76.2567338,36.37240589999999],[-76.25668000000002,36.372497099999975],[-76.25667270000002,36.3725197],[-76.25665379999998,36.37257820000002],[-76.25664019999999,36.3726681],[-76.25662990000001,36.372704699999986],[-76.25659389999998,36.37281389999998],[-76.25657339999998,36.37282809999999],[-76.25652250000002,36.37286360000002],[-76.25643659999997,36.37292439999999],[-76.25641009999998,36.37297510000002],[-76.256303,36.373150599999974],[-76.25624290000002,36.3732847],[-76.25622659999999,36.37332700000002],[-76.25617999999997,36.373430499999984],[-76.25617640000002,36.37346400000001],[-76.25616589999998,36.37352920000001],[-76.25617410000001,36.37363570000002],[-76.25615470000002,36.373691199999996],[-76.2561354,36.37372800000003],[-76.25606549999998,36.37375800000001],[-76.25601560000001,36.373801300000025],[-76.2560049,36.37385870000003],[-76.25602570000001,36.373884499999974],[-76.25609839999998,36.373890200000005],[-76.25615979999998,36.373875],[-76.25618880000002,36.37388809999999],[-76.25628369999998,36.37400100000002],[-76.25634229999997,36.37406060000001],[-76.25635030000001,36.3741134],[-76.25636809999997,36.3742067],[-76.25640629999998,36.374283100000014],[-76.2564418,36.37432389999998],[-76.25649629999998,36.3743394],[-76.25659530000001,36.37432239999998],[-76.25663589999999,36.37435429999999],[-76.25667390000001,36.3744385],[-76.25669040000002,36.374525000000006],[-76.25670170000001,36.37457979999999],[-76.2567353,36.37466860000001],[-76.25677539999998,36.37473590000002],[-76.25678110000001,36.374805200000026],[-76.25679330000003,36.37487399999998],[-76.25680260000001,36.374897799999985],[-76.25686810000002,36.375],[-76.23586490000002,36.375],[-76.23586390000003,36.37491249999999],[-76.23584729999999,36.3748301],[-76.2357973,36.374713299999996],[-76.23575,36.37463650000001],[-76.23578370000001,36.37448640000002],[-76.23584649999998,36.37437319999998],[-76.23588319999999,36.37426820000002],[-76.23587520000001,36.374215100000015],[-76.23585259999999,36.3741852],[-76.2357748,36.374119199999996],[-76.23574500000001,36.37405910000001],[-76.23577,36.37402259999999],[-76.23582199999998,36.37398630000001],[-76.2358433,36.37392849999998],[-76.23583129999997,36.37385610000001],[-76.235746,36.373762],[-76.235636,36.37368270000002],[-76.23551750000001,36.373621000000014],[-76.23540409999998,36.37360690000003],[-76.2352578,36.37359600000002],[-76.23504780000002,36.3735542],[-76.23490079999999,36.373520299999996],[-76.23474060000001,36.3734743],[-76.23465199999998,36.3734053],[-76.23457819999999,36.37334579999998],[-76.23455209999997,36.37330050000003],[-76.23450550000001,36.37320519999997],[-76.23460519999998,36.37316229999999],[-76.234783,36.373129199999994],[-76.23509849999999,36.37307759999999],[-76.23523749999998,36.37305839999999],[-76.23560259999999,36.373017300000015],[-76.23571900000002,36.37299519999999],[-76.23594730000002,36.372960999999975],[-76.2362455,36.3728782],[-76.23652759999999,36.372812099999976],[-76.236715,36.37273529999999],[-76.2368634,36.37266720000002],[-76.23698669999999,36.37261569999998],[-76.23713040000001,36.37257210000001],[-76.23727000000002,36.372543500000006],[-76.23732669999998,36.37252969999997],[-76.2373662,36.3724919],[-76.23738150000003,36.372452099999975],[-76.23739110000002,36.37238129999997],[-76.23741150000001,36.37236189999999],[-76.23751270000002,36.372318199999995],[-76.23764010000002,36.37225160000003],[-76.2380344,36.37212440000002],[-76.23824450000001,36.372074],[-76.2383054,36.37204350000002],[-76.23839720000001,36.37195989999998],[-76.23861540000001,36.371816000000024],[-76.2387971,36.3717082],[-76.23891359999999,36.37165169999997],[-76.2390211,36.37158790000001],[-76.23914380000002,36.371471799999995],[-76.23924199999999,36.37135569999998],[-76.23932980000001,36.37122579999999],[-76.23939899999999,36.37111970000001],[-76.23948280000002,36.37102479999999],[-76.23955660000001,36.37101000000001],[-76.23962189999997,36.3709513],[-76.23977330000002,36.37081269999999],[-76.23982360000002,36.37066349999998],[-76.23994540000001,36.37072139999998],[-76.24000890000002,36.37069279999997],[-76.24005929999998,36.3706449],[-76.24005319999998,36.37058880000001],[-76.2400169,36.37054890000002],[-76.24003269999997,36.370418400000005],[-76.24004789999998,36.37039170000003],[-76.2401102,36.370281999999975]]]}},{"type":"Feature","properties":{},"geometry":{"type":"Polygon","coordinates":[[[-76.13141289999999,36.30000000000001],[-76.13140900000002,36.30011200000001],[-76.13147800000002,36.30047999999999],[-76.13153699999998,36.30078800000001],[-76.13159300000001,36.300929],[-76.131662,36.301094999999975],[-76.13173699999999,36.30130200000002],[-76.131756,36.301413000000025],[-76.13173699999999,36.301489000000004],[-76.131687,36.30158399999999],[-76.13162499999999,36.30167],[-76.13152500000001,36.301761],[-76.13138800000002,36.301856999999984],[-76.131325,36.30189200000001],[-76.131101,36.30192699999998],[-76.13104499999997,36.301942],[-76.13100700000001,36.30196799999999],[-76.13097599999998,36.302008],[-76.13095099999998,36.30203799999998],[-76.13092599999999,36.30204800000001],[-76.13087000000002,36.302053],[-76.13079499999998,36.30207899999999],[-76.13070199999999,36.302148999999986],[-76.13049000000001,36.30233099999998],[-76.13033999999999,36.30245200000002],[-76.13021500000002,36.302557999999976],[-76.130066,36.302674000000025],[-76.12994099999997,36.302764000000025],[-76.12991,36.30279999999999],[-76.12989099999999,36.30284999999998],[-76.12987900000002,36.302931],[-76.129884,36.303044],[-76.12987099999998,36.30318],[-76.12990200000002,36.303291],[-76.129931,36.30337700000001],[-76.12993699999998,36.30345799999998],[-76.12994300000003,36.303574000000026],[-76.12994300000003,36.30364400000002],[-76.12996199999998,36.30369000000002],[-76.12996800000002,36.30372],[-76.12996800000002,36.30374999999998],[-76.12996199999998,36.30376000000001],[-76.12994650000002,36.30376180000002],[-76.12994900000001,36.30379599999998],[-76.130018,36.30383599999999],[-76.130068,36.303871000000015],[-76.13014299999998,36.304002000000025],[-76.13016099999999,36.304058],[-76.13016699999997,36.30412899999999],[-76.13017400000001,36.304214],[-76.13016699999997,36.304250000000025],[-76.13014900000002,36.304269999999974],[-76.130086,36.304295000000025],[-76.13003700000002,36.30432999999999],[-76.13001200000002,36.30437599999999],[-76.12997999999999,36.30442099999999],[-76.12997589999998,36.3044385],[-76.130018,36.304461],[-76.13005500000003,36.30442099999999],[-76.13009899999997,36.30438099999998],[-76.130155,36.304340000000025],[-76.13018,36.30433499999998],[-76.13021099999997,36.304340000000025],[-76.13022999999998,36.304371],[-76.13024200000001,36.304441],[-76.130202,36.304561999999976],[-76.130158,36.304688],[-76.13011399999999,36.30476399999998],[-76.13005199999998,36.30482999999998],[-76.13002699999998,36.30486500000001],[-76.13002699999998,36.30490500000002],[-76.13003300000003,36.30495100000002],[-76.130046,36.305026],[-76.13007099999999,36.30509699999999],[-76.13008300000001,36.30516699999998],[-76.13009,36.305319],[-76.13010200000002,36.30554599999999],[-76.130133,36.30571200000003],[-76.13016699999997,36.305813],[-76.13022999999998,36.30591900000002],[-76.13024899999999,36.305969000000005],[-76.13024899999999,36.30603500000001],[-76.13022999999998,36.306126000000006],[-76.13021700000002,36.30621100000002],[-76.13024899999999,36.306377999999995],[-76.130267,36.30650400000002],[-76.13026100000002,36.306674999999984],[-76.13024899999999,36.30681099999998],[-76.130224,36.30688199999997],[-76.13019200000002,36.30691200000001],[-76.13014299999998,36.306921999999986],[-76.13008000000002,36.306921999999986],[-76.13002999999998,36.306907000000024],[-76.12991799999998,36.30692699999997],[-76.129862,36.30695800000001],[-76.12983100000002,36.30699800000002],[-76.12981200000002,36.30706900000001],[-76.12978099999998,36.307143999999994],[-76.12978099999998,36.307230000000004],[-76.12980599999997,36.307316000000014],[-76.12982840000001,36.307344899999975],[-76.12986799999999,36.30732599999999],[-76.12985600000002,36.307275000000004],[-76.12986799999999,36.307164],[-76.12989299999998,36.30708900000002],[-76.12991799999998,36.30704800000001],[-76.12994300000003,36.307028],[-76.130021,36.30701299999998],[-76.13011399999999,36.30699299999998],[-76.13019600000001,36.306983],[-76.13025800000003,36.306962999999996],[-76.13030199999997,36.30693200000002],[-76.13032600000003,36.30686700000001],[-76.13034499999998,36.30676599999998],[-76.13037000000003,36.30669],[-76.13039500000002,36.306640000000016],[-76.13041399999997,36.306595000000016],[-76.13041399999997,36.30654900000002],[-76.130401,36.306479000000024],[-76.13036399999999,36.30638299999998],[-76.13031999999998,36.30628200000001],[-76.13029499999999,36.306220999999994],[-76.130289,36.30619100000001],[-76.13031999999998,36.30606999999998],[-76.13033300000001,36.305984000000024],[-76.13030500000002,36.305867999999975],[-76.13024200000001,36.30573700000002],[-76.130199,36.305615999999986],[-76.13019200000002,36.305484999999976],[-76.130199,36.305368999999985],[-76.13024899999999,36.30530399999998],[-76.130267,36.30527799999999],[-76.13027299999999,36.305248000000006],[-76.13027299999999,36.30520799999999],[-76.130267,36.305092],[-76.13024899999999,36.30493000000001],[-76.13026100000002,36.30489],[-76.13030500000002,36.304869999999994],[-76.130336,36.30484999999999],[-76.13035500000001,36.30482999999998],[-76.13035500000001,36.304783999999984],[-76.13034199999998,36.30472900000001],[-76.13034800000003,36.304688],[-76.130379,36.304663000000005],[-76.13039500000002,36.30462299999999],[-76.13040799999999,36.30456700000002],[-76.130401,36.304445999999984],[-76.13042000000002,36.304314999999974],[-76.13047,36.30426],[-76.13048199999997,36.304250000000025],[-76.13048199999997,36.30422900000002],[-76.130451,36.30417399999999],[-76.13037000000003,36.30397199999999],[-76.13035100000002,36.30384099999998],[-76.130358,36.303786],[-76.130383,36.30374499999999],[-76.13043900000002,36.303710000000024],[-76.13047599999999,36.303695000000005],[-76.130538,36.30368499999997],[-76.13057600000002,36.30369000000002],[-76.130607,36.30372],[-76.13064400000002,36.30372999999997],[-76.130694,36.30379099999999],[-76.13075049999998,36.3038224],[-76.13078200000001,36.30379099999999],[-76.13074999999998,36.303755000000024],[-76.13072499999998,36.30369000000002],[-76.13072499999998,36.303638999999976],[-76.13070699999997,36.30359900000002],[-76.13063199999999,36.303563999999994],[-76.13055100000003,36.30355900000001],[-76.13047599999999,36.303522999999984],[-76.130448,36.303473],[-76.130448,36.30342300000001],[-76.130473,36.30338699999999],[-76.13047899999998,36.30335200000002],[-76.13047899999998,36.303291],[-76.13042300000001,36.303201],[-76.130404,36.30314499999997],[-76.13039800000001,36.303110000000004],[-76.13042300000001,36.30300399999999],[-76.13046100000003,36.302756999999986],[-76.130473,36.30272200000002],[-76.130517,36.302706],[-76.13059800000002,36.302661],[-76.13067899999999,36.302606000000026],[-76.13081,36.302479000000005],[-76.13090299999999,36.30242900000002],[-76.13104700000002,36.302373999999986],[-76.13122700000002,36.30233800000002],[-76.13132999999999,36.30229800000001],[-76.13140499999997,36.302273000000014],[-76.13149199999998,36.302216999999985],[-76.13173599999999,36.302021000000025],[-76.13177300000001,36.301985],[-76.131779,36.301964999999996],[-76.131779,36.301935000000014],[-76.13175999999999,36.30189899999999],[-76.131754,36.30186900000001],[-76.131779,36.30183899999997],[-76.131842,36.30181900000002],[-76.13198499999999,36.30179399999997],[-76.13206600000001,36.30180899999999],[-76.132116,36.301829],[-76.13215300000002,36.301874],[-76.13221600000003,36.30190499999998],[-76.13234699999998,36.30195500000002],[-76.13249000000002,36.30199499999998],[-76.13266499999997,36.30205599999999],[-76.13271400000002,36.30205599999999],[-76.13273299999997,36.302051000000006],[-76.13273299999997,36.3020454],[-76.13273299999997,36.30203599999999],[-76.132721,36.302021000000025],[-76.13263999999998,36.30196999999998],[-76.13257700000003,36.30191000000002],[-76.13250900000003,36.301849000000004],[-76.132365,36.30179900000002],[-76.132228,36.30176799999998],[-76.13212800000002,36.30174299999999],[-76.132091,36.301728000000026],[-76.13208500000002,36.30170800000002],[-76.13209699999999,36.301647],[-76.132116,36.30156199999999],[-76.13215300000002,36.301466000000005],[-76.13215300000002,36.30137500000001],[-76.132135,36.301293999999984],[-76.13212199999998,36.301244],[-76.13213100000002,36.301153],[-76.13211899999999,36.30102199999999],[-76.132094,36.30093599999998],[-76.13203199999998,36.30084499999998],[-76.13198799999998,36.30078500000002],[-76.13196900000003,36.30074000000002],[-76.13196900000003,36.300658999999996],[-76.13194399999998,36.30058300000002],[-76.13185099999998,36.30031100000002],[-76.13180699999998,36.30012900000003],[-76.13178900000003,36.300032999999985],[-76.13179339999999,36.30000000000001],[-76.1402511,36.30000000000001],[-76.16682420000001,36.30000000000001],[-76.1686019,36.30000000000001],[-76.16860200000002,36.30000039999999],[-76.1685956,36.300064599999985],[-76.168564,36.3001883],[-76.1685723,36.30022170000001],[-76.1685961,36.30024780000002],[-76.16862700000001,36.300264500000026],[-76.16866390000001,36.300264500000026],[-76.1687432,36.300238999999976],[-76.16876960000002,36.300236100000006],[-76.1687842,36.30023449999999],[-76.16882120000002,36.300239499999975],[-76.16883899999999,36.30025519999998],[-76.16884759999999,36.300281600000005],[-76.16884649999997,36.30030429999999],[-76.16883869999998,36.300318600000026],[-76.16882220000002,36.30033470000001],[-76.16874239999999,36.30039420000003],[-76.1687293,36.30042150000003],[-76.1687311,36.3004378],[-76.16873290000001,36.300453600000026],[-76.16874000000001,36.300471500000015],[-76.16874719999998,36.30048929999998],[-76.16877729999999,36.3004942],[-76.16880630000003,36.30049309999998],[-76.16882199999998,36.30049250000002],[-76.16887530000002,36.30047569999999],[-76.1689025,36.30046170000003],[-76.16893340000001,36.30042470000001],[-76.16894789999998,36.300367900000026],[-76.16916570000001,36.30034810000001],[-76.16922899999997,36.300338099999976],[-76.1692898,36.30037570000002],[-76.1693328,36.30042300000002],[-76.16936140000001,36.300446799999975],[-76.1694018,36.30045630000001],[-76.16944109999997,36.30044800000002],[-76.1694708,36.30042900000001],[-76.16948819999999,36.30038830000001],[-76.1695636,36.3003683],[-76.16960360000002,36.30036910000001],[-76.16962319999999,36.30038239999999],[-76.16963019999997,36.30041829999999],[-76.16964330000002,36.300476600000025],[-76.16967779999999,36.30052890000002],[-76.16971230000001,36.300552700000026],[-76.16975919999999,36.300565500000005],[-76.16987640000002,36.30054039999999],[-76.16998089999998,36.3005857],[-76.1700396,36.30062830000003],[-76.17009109999998,36.300691900000004],[-76.1701304,36.30069500000002],[-76.17022880000002,36.30066690000001],[-76.17034510000002,36.30066249999999],[-76.17044609999999,36.30064190000002],[-76.17050920000003,36.30064119999997],[-76.17059119999999,36.300674800000024],[-76.17066469999997,36.30069709999998],[-76.17073399999998,36.30076539999999],[-76.17079469999999,36.30079030000002],[-76.17087170000002,36.30081660000002],[-76.17110550000001,36.3008974],[-76.1711535,36.30091909999999],[-76.17118959999999,36.30095699999998],[-76.1712498,36.30099610000002],[-76.17125490000001,36.30099940000002],[-76.1712834,36.30119380000002],[-76.17129419999998,36.301267800000005],[-76.17136729999999,36.30133890000002],[-76.17144639999998,36.30141600000002],[-76.17144869999998,36.3014182],[-76.1714508,36.30141880000002],[-76.17153990000003,36.30144230000002],[-76.17158310000002,36.301461200000006],[-76.17162159999998,36.301477999999975],[-76.17166800000001,36.30153330000002],[-76.1716922,36.301587600000005],[-76.17176119999999,36.301665300000025],[-76.1717964,36.301700400000016],[-76.17184780000002,36.30173339999999],[-76.17190169999998,36.30175079999998],[-76.17202989999998,36.30179240000001],[-76.17207489999998,36.301808600000015],[-76.1721048,36.301942800000006],[-76.17206090000002,36.302016200000025],[-76.17204909999998,36.30204930000002],[-76.17206700000003,36.30208240000002],[-76.17215069999997,36.3021536],[-76.17225939999997,36.30221280000001],[-76.1723978,36.3022555],[-76.17245359999998,36.302268200000015],[-76.1724946,36.30225999999999],[-76.17254739999998,36.30224720000001],[-76.17260049999999,36.30221749999998],[-76.1726554,36.30215559999999],[-76.17268489999998,36.30213170000002],[-76.17283279999998,36.3021655],[-76.17302059999997,36.302208500000006],[-76.17322300000001,36.302254800000014],[-76.17328420000001,36.3022737],[-76.17328129999999,36.302294700000004],[-76.17326530000003,36.30241239999998],[-76.17324769999999,36.302541399999996],[-76.17325290000002,36.302541899999994],[-76.1733185,36.30254880000001],[-76.17336440000003,36.3023599],[-76.17338649999999,36.3022689],[-76.17390820000003,36.30220509999998],[-76.17391229999998,36.30220639999999],[-76.17412089999999,36.3022732],[-76.17407809999997,36.30234780000001],[-76.17429240000001,36.302353700000026],[-76.1743265,36.3023513],[-76.17456600000003,36.30233449999997],[-76.1746281,36.302338599999985],[-76.17472370000002,36.30234489999998],[-76.17473760000001,36.30234710000002],[-76.1748149,36.30234109999998],[-76.17505790000001,36.302308100000005],[-76.17508989999999,36.30230289999997],[-76.17521629999999,36.30228219999998],[-76.17534920000003,36.30225969999998],[-76.175432,36.30230319999998],[-76.1755382,36.302370800000006],[-76.17559590000002,36.30241269999999],[-76.17572589999997,36.302376100000004],[-76.17582379999999,36.30228949999997],[-76.1759121,36.302224799999976],[-76.17595519999998,36.30221929999999],[-76.17604310000002,36.30228010000002],[-76.17612359999998,36.30228210000001],[-76.17622510000001,36.30226859999999],[-76.17627729999998,36.30226470000002],[-76.17637239999999,36.30227209999998],[-76.17649879999999,36.3022388],[-76.17658290000003,36.302221599999996],[-76.17668259999999,36.3022168],[-76.17683349999999,36.30221060000002],[-76.17702070000001,36.30226670000002],[-76.1771564,36.30229650000001],[-76.17726679999998,36.30229889999998],[-76.1774145,36.30225630000001],[-76.17753900000002,36.302258800000004],[-76.17754200000002,36.30225890000003],[-76.17765000000003,36.30226110000001],[-76.17770940000003,36.30223799999999],[-76.17772580000002,36.30222170000002],[-76.17779839999997,36.30214940000002],[-76.17790109999999,36.30215720000001],[-76.178023,36.3021665],[-76.1780382,36.302167699999984],[-76.17804339999998,36.30217429999999],[-76.17805679999998,36.30219119999998],[-76.17808000000002,36.30226590000001],[-76.17811269999999,36.30229889999998],[-76.17820870000003,36.3023096],[-76.17827820000002,36.30230749999998],[-76.17834240000002,36.30228829999999],[-76.1784121,36.302237400000024],[-76.1785951,36.302240299999994],[-76.17872740000001,36.30217320000003],[-76.178787,36.30215879999997],[-76.17886920000001,36.302185899999984],[-76.17899119999998,36.30218309999998],[-76.17906249999999,36.30216410000003],[-76.1791465,36.30210890000001],[-76.17927930000002,36.30208449999998],[-76.1794744,36.30205480000001],[-76.17957050000001,36.30201920000002],[-76.1797785,36.301893500000006],[-76.17984410000003,36.30188270000002],[-76.17993109999998,36.301912300000026],[-76.18003019999998,36.3019845],[-76.18014199999999,36.30202969999999],[-76.18024170000001,36.30204170000002],[-76.18033880000002,36.30202550000001],[-76.18040159999998,36.3020166],[-76.18050399999998,36.30195200000003],[-76.1805875,36.30190349999998],[-76.18065480000001,36.301899100000014],[-76.18073450000003,36.301888599999984],[-76.18079979999999,36.30193589999999],[-76.18091500000003,36.30203130000001],[-76.1810049,36.30204040000001],[-76.18108089999998,36.302037799999994],[-76.1812109,36.30201520000003],[-76.18127559999999,36.30199190000002],[-76.18132739999999,36.30193220000001],[-76.18139609999997,36.30191450000001],[-76.1814655,36.3019061],[-76.18174219999997,36.301833199999976],[-76.18177709999998,36.30182180000003],[-76.18190900000002,36.30182669999999],[-76.18201579999999,36.301813200000026],[-76.18212949999997,36.301767100000006],[-76.18243960000001,36.301702499999976],[-76.18263769999999,36.301721499999985],[-76.1828188,36.301700700000026],[-76.18289870000001,36.301673900000026],[-76.1832665,36.30158119999999],[-76.18372369999997,36.30156699999998],[-76.18409309999998,36.30164150000002],[-76.18417529999999,36.301669300000015],[-76.18426720000002,36.30166680000002],[-76.18438959999997,36.3016245],[-76.1844782,36.30160919999997],[-76.18457540000003,36.301588400000014],[-76.1848182,36.30149940000001],[-76.18487829999998,36.30148539999999],[-76.1849403,36.30147579999999],[-76.18502280000001,36.30148489999999],[-76.1851054,36.30147520000003],[-76.18516399999999,36.3014455],[-76.18519140000001,36.30140010000002],[-76.18522630000001,36.30138069999998],[-76.18528700000002,36.3013469],[-76.18535079999998,36.30133430000001],[-76.1854285,36.30134079999999],[-76.18553070000002,36.3013206],[-76.18556790000002,36.30128769999999],[-76.18560109999999,36.30122929999999],[-76.1856568,36.301201400000025],[-76.18575759999999,36.30119139999999],[-76.18587910000002,36.301198],[-76.18594209999998,36.30117289999998],[-76.18600679999997,36.301128000000006],[-76.1860524,36.301072999999974],[-76.18610159999997,36.30104540000002],[-76.18621139999999,36.30101860000002],[-76.1862822,36.301001499999984],[-76.18637569999999,36.30091040000002],[-76.18648660000002,36.30083259999998],[-76.18650109999999,36.30077870000002],[-76.18652320000001,36.30075160000001],[-76.186621,36.300674500000014],[-76.18669670000003,36.30063389999998],[-76.1867588,36.30061490000003],[-76.1868149,36.300611],[-76.18694690000001,36.3006072],[-76.18697659999998,36.3005809],[-76.18701220000003,36.30051550000002],[-76.18712470000003,36.300460699999974],[-76.1872247,36.30039529999999],[-76.18735459999999,36.300284799999986],[-76.1874618,36.30018890000002],[-76.18758630000002,36.30010600000003],[-76.18769709999998,36.300028199999986],[-76.18774150000002,36.30000740000003],[-76.18776279999997,36.30000000000001],[-76.19914849999998,36.30000000000001],[-76.1992315,36.30001470000002],[-76.19930319999997,36.30000080000002],[-76.19930529999999,36.30000000000001],[-76.19999999999999,36.30000000000001],[-76.19999999999999,36.301919399999974],[-76.19999230000002,36.30191780000001],[-76.1999227,36.30189439999998],[-76.19983020000001,36.30186839999999],[-76.19971429999998,36.30186600000002],[-76.1996236,36.301897800000006],[-76.19954899999999,36.30194180000001],[-76.1995091,36.3019865],[-76.19940919999999,36.3019817],[-76.19932849999998,36.30198530000001],[-76.19926779999997,36.30200789999998],[-76.1991769,36.302056300000004],[-76.19912040000003,36.3021076],[-76.19910720000001,36.30213229999998],[-76.199116,36.302202299999976],[-76.19909689999997,36.3022158],[-76.1990351,36.30223769999998],[-76.19901370000002,36.3022699],[-76.19901249999998,36.302304400000025],[-76.19903749999997,36.30235909999999],[-76.19905469999998,36.30238659999998],[-76.1990836,36.302418699999976],[-76.19909360000003,36.302437],[-76.19910199999998,36.302452500000015],[-76.19910549999997,36.30246519999997],[-76.19910110000001,36.30248769999997],[-76.19909339999998,36.30249709999998],[-76.19906609999998,36.302508999999986],[-76.19903490000002,36.30251129999999],[-76.19901729999998,36.3025126],[-76.19896729999999,36.302498300000025],[-76.19890190000001,36.302464999999984],[-76.19882430000001,36.30245860000002],[-76.19877819999999,36.302470099999994],[-76.19875189999999,36.30248289999997],[-76.19857459999997,36.302599199999975],[-76.19853369999998,36.30264269999998],[-76.19849799999997,36.30266280000001],[-76.1984445,36.302680899999984],[-76.19837000000001,36.3026936],[-76.1983361,36.30271069999998],[-76.19833599999998,36.30274209999999],[-76.19834459999998,36.30278279999999],[-76.19832760000003,36.302791300000024],[-76.19828089999999,36.302785099999994],[-76.1981955,36.302740099999994],[-76.19811650000003,36.302687400000025],[-76.19804210000001,36.30265400000002],[-76.19794910000002,36.30260820000001],[-76.19784920000001,36.302564700000005],[-76.19780279999998,36.302556400000014],[-76.19775850000002,36.30252840000003],[-76.19772369999998,36.302546500000005],[-76.1975617,36.30262579999999],[-76.19755989999999,36.302625999999975],[-76.19748140000002,36.302634599999976],[-76.19746520000001,36.30264770000002],[-76.197453,36.302657599999975],[-76.19742930000001,36.30268319999999],[-76.19741110000001,36.30272200000002],[-76.19741340000002,36.302746300000024],[-76.19743340000002,36.3027563],[-76.19749080000003,36.30278520000002],[-76.19754280000001,36.30279899999999],[-76.19754519999998,36.302799600000014],[-76.19762450000002,36.302804200000026],[-76.19767380000002,36.302818100000025],[-76.19772089999998,36.3028683],[-76.19777149999999,36.30295860000001],[-76.1978201,36.30302990000001],[-76.19790130000001,36.30309949999997],[-76.19795340000002,36.303188999999975],[-76.19796559999997,36.3032771],[-76.19794769999999,36.30330650000002],[-76.19791090000001,36.30333280000002],[-76.19784659999999,36.303293199999985],[-76.1978067,36.303284599999984],[-76.19775370000002,36.30331530000001],[-76.19772310000002,36.30338929999999],[-76.197723,36.30341370000002],[-76.19774080000002,36.30343629999999],[-76.1977551,36.3034619],[-76.1977559,36.30347760000001],[-76.19774799999999,36.30349460000002],[-76.19773429999998,36.30350470000002],[-76.19772110000002,36.30351230000002],[-76.19771459999998,36.303520100000014],[-76.1977071,36.30353680000002],[-76.19769769999999,36.30359979999997],[-76.19769939999998,36.3036889],[-76.19769179999997,36.3037698],[-76.1976975,36.303793299999995],[-76.1977061,36.30382759999998],[-76.19772130000001,36.30384950000001],[-76.1977508,36.30386370000002],[-76.19776619999999,36.3038737],[-76.19778889999998,36.30388850000003],[-76.19779649999998,36.30390940000001],[-76.19779460000001,36.303934200000015],[-76.19778129999997,36.30395609999999],[-76.1977556,36.30396940000003],[-76.19773700000002,36.30397740000001],[-76.19770160000002,36.30399249999999],[-76.1976871,36.30400750000001],[-76.19766800000002,36.304040799999996],[-76.19766609999999,36.304068400000006],[-76.19767480000002,36.30408460000001],[-76.1977005,36.30410280000001],[-76.1977119,36.304107199999976],[-76.19774230000002,36.304118800000026],[-76.19780129999998,36.304145500000004],[-76.19782409999999,36.30418450000002],[-76.19782409999999,36.30421689999997],[-76.19780789999999,36.304240600000014],[-76.197767,36.304254000000014],[-76.19773370000001,36.30425489999999],[-76.19770519999997,36.30424319999997],[-76.19765369999999,36.30424449999998],[-76.1976252,36.30425020000001],[-76.19759379999999,36.304266299999995],[-76.1975802,36.30428269999999],[-76.19756669999998,36.30431950000002],[-76.1975615,36.304419199999984],[-76.19757299999998,36.304465400000026],[-76.19761629999999,36.304538200000025],[-76.19767730000001,36.3046276],[-76.19767080000003,36.30467390000001],[-76.19761670000003,36.30481020000002],[-76.1976075,36.30494090000002],[-76.19760559999997,36.3050892],[-76.19765439999998,36.30518239999998],[-76.19768570000002,36.305210999999986],[-76.19775770000001,36.305319],[-76.1978014,36.30537579999998],[-76.19785180000002,36.30545719999998],[-76.19783840000002,36.30550040000003],[-76.19776100000001,36.30552660000001],[-76.19767030000003,36.30553650000002],[-76.1975516,36.305523600000015],[-76.19735459999998,36.305532200000016],[-76.19723470000002,36.30557809999999],[-76.1969934,36.305606599999976],[-76.19695100000001,36.30562689999999],[-76.19694240000001,36.30563710000001],[-76.19691419999998,36.305670599999985],[-76.19690300000002,36.305701699999986],[-76.19688159999998,36.30572790000002],[-76.1968435,36.30573270000002],[-76.1967396,36.3056588],[-76.19671790000001,36.30564340000001],[-76.19668250000001,36.30562629999997],[-76.1965654,36.30560780000002],[-76.19641389999998,36.30561269999998],[-76.19600500000001,36.30562090000001],[-76.1958856,36.305590300000006],[-76.19583469999998,36.30559740000001],[-76.19575709999998,36.30563590000003],[-76.19574219999998,36.30567819999999],[-76.19574829999999,36.30572590000003],[-76.1956477,36.30582450000003],[-76.19561479999999,36.305875800000024],[-76.19561390000001,36.30590489999997],[-76.19561900000002,36.30592439999998],[-76.19564810000003,36.30596860000003],[-76.195673,36.30601439999998],[-76.1956629,36.30602759999999],[-76.19564759999997,36.306039999999996],[-76.19563,36.3060509],[-76.19561429999999,36.3060552],[-76.19556419999998,36.30605600000001],[-76.1954882,36.306064100000015],[-76.19538779999999,36.306100000000015],[-76.19530659999998,36.30614430000003],[-76.19490300000001,36.30620829999998],[-76.19480659999999,36.3061902],[-76.19468260000002,36.30615970000002],[-76.19461799999999,36.30613690000001],[-76.1945359,36.30610669999999],[-76.19446199999999,36.306050500000026],[-76.19435249999998,36.305919200000005],[-76.19422689999999,36.305814199999986],[-76.1941071,36.30571309999999],[-76.19397459999999,36.30559950000003],[-76.19388709999998,36.30552449999999],[-76.19386889999998,36.30551209999999],[-76.1938245,36.305481999999984],[-76.19377630000002,36.30542329999997],[-76.19374909999999,36.30536280000001],[-76.1937744,36.30529760000002],[-76.19378019999999,36.305248000000006],[-76.19376219999998,36.305209400000024],[-76.19373130000002,36.30519349999997],[-76.1936814,36.30520569999999],[-76.19364890000003,36.30526800000001],[-76.19361140000001,36.30533700000001],[-76.1935317,36.305441099999996],[-76.19354099999998,36.305476699999986],[-76.19354750000002,36.30550149999999],[-76.19356820000002,36.30553179999998],[-76.19359079999998,36.30555390000001],[-76.19361709999998,36.30558550000001],[-76.193644,36.30560939999998],[-76.19366939999998,36.30566390000001],[-76.19369699999999,36.3056972],[-76.19373789999997,36.30572669999998],[-76.1938341,36.30579089999998],[-76.19387189999998,36.30584279999999],[-76.1939051,36.30588310000002],[-76.19398339999998,36.3059399],[-76.1940874,36.306012099999975],[-76.194166,36.30607409999999],[-76.1942406,36.306122200000004],[-76.1943344,36.3062319],[-76.1943655,36.306284500000004],[-76.19442240000001,36.30635319999999],[-76.19447489999999,36.306386499999974],[-76.19456600000001,36.3064],[-76.19460839999999,36.30640629999999],[-76.19461109999997,36.306405900000016],[-76.19469930000002,36.30642719999997],[-76.1947523,36.306445999999994],[-76.19497059999998,36.306469100000015],[-76.19498950000002,36.30646780000001],[-76.19507670000002,36.30647750000003],[-76.19507829999998,36.306477599999994],[-76.19507950000002,36.30647729999998],[-76.19512850000001,36.306463399999984],[-76.1951884,36.30642289999997],[-76.19523520000001,36.30639050000002],[-76.1953284,36.306358999999986],[-76.195449,36.306363999999974],[-76.19556010000002,36.306363799999986],[-76.19567590000003,36.30634420000001],[-76.19575400000002,36.306332999999995],[-76.19579329999999,36.306307100000026],[-76.19582700000001,36.30626059999997],[-76.19588149999998,36.30623650000001],[-76.1958912,36.30623220000001],[-76.19597160000001,36.30618470000002],[-76.19601519999998,36.306148699999994],[-76.19607409999998,36.30608310000002],[-76.19607930000001,36.30608000000001],[-76.1961263,36.306052299999976],[-76.196257,36.30610999999999],[-76.196348,36.30615019999999],[-76.196369,36.30620470000002],[-76.19639030000002,36.306260399999985],[-76.19647809999998,36.30628380000002],[-76.19654480000003,36.306259899999986],[-76.19656070000002,36.30625429999998],[-76.19677250000001,36.306242699999984],[-76.19677940000003,36.306246199999975],[-76.19705219999997,36.30633690000002],[-76.19712779999998,36.30633690000002],[-76.19721779999998,36.30631119999998],[-76.19729460000002,36.30625880000002],[-76.19730220000002,36.30625359999999],[-76.1973145,36.30626560000002],[-76.19734,36.30629060000001],[-76.1973749,36.30634880000002],[-76.1974184,36.306446300000005],[-76.19742289999999,36.306536300000005],[-76.19713250000001,36.30658840000001],[-76.19706000000002,36.30660139999998],[-76.19705920000001,36.3067049],[-76.1970546,36.306816200000014],[-76.1970536,36.30682139999999],[-76.19706050000002,36.30686609999998],[-76.19706839999998,36.3068854],[-76.19709899999998,36.30690959999998],[-76.19711469999999,36.3069208],[-76.19713259999997,36.306938100000025],[-76.19715300000001,36.3069673],[-76.1971264,36.30701909999999],[-76.19712370000002,36.30707910000001],[-76.19715209999998,36.307124199999976],[-76.19719570000001,36.307160099999976],[-76.197249,36.307186100000024],[-76.1972548,36.30722850000001],[-76.1972538,36.30727109999998],[-76.19726480000003,36.30733329999998],[-76.1972733,36.30734769999998],[-76.1973226,36.307407599999976],[-76.19741399999998,36.30751989999999],[-76.19745210000002,36.30755060000001],[-76.1974826,36.307585700000004],[-76.19750950000002,36.30761239999998],[-76.19753509999998,36.307628799999975],[-76.19755830000003,36.307635000000005],[-76.1975736,36.3076312],[-76.19758689999998,36.3076279],[-76.19760150000002,36.307608500000015],[-76.19760630000002,36.30756330000003],[-76.19759190000002,36.307496000000015],[-76.1976158,36.30744729999998],[-76.19762480000003,36.3074034],[-76.1976252,36.307384300000024],[-76.19761569999997,36.30735329999999],[-76.19759549999998,36.307333099999994],[-76.19753020000002,36.3073048],[-76.1974798,36.30730369999998],[-76.1974487,36.30728929999998],[-76.1974361,36.3072439],[-76.19741699999997,36.30713559999998],[-76.1973921,36.30706780000003],[-76.19733500000001,36.30697620000001],[-76.19729210000003,36.306910800000026],[-76.19730279999999,36.306870300000014],[-76.19734570000003,36.30683699999997],[-76.19740039999999,36.30681559999999],[-76.1974361,36.30681559999999],[-76.1974611,36.30683579999999],[-76.19748609999999,36.30688700000002],[-76.19750749999997,36.306961899999976],[-76.19752770000002,36.30704159999999],[-76.19754180000001,36.30708249999998],[-76.19757879999997,36.30713609999998],[-76.19761030000001,36.307152299999984],[-76.1976262,36.307153200000016],[-76.1976616,36.30714119999999],[-76.19771500000002,36.307102799999996],[-76.19776250000001,36.30705330000001],[-76.19780630000002,36.3070457],[-76.19784440000001,36.30705990000001],[-76.19785960000002,36.30709230000002],[-76.19784920000001,36.30713989999998],[-76.197813,36.3071903],[-76.19779510000001,36.307224599999984],[-76.19777260000001,36.3072813],[-76.1977508,36.307389899999976],[-76.19774660000002,36.30746540000001],[-76.1977549,36.30751750000002],[-76.197768,36.307556799999986],[-76.19778229999997,36.30757820000002],[-76.19783189999998,36.3076231],[-76.1978426,36.30764929999998],[-76.1978426,36.30767780000002],[-76.1978307,36.30769570000001],[-76.19779740000001,36.307707600000015],[-76.19773350000003,36.30771249999998],[-76.19764900000001,36.30774359999998],[-76.19763499999999,36.30775640000002],[-76.19762050000003,36.307769699999994],[-76.19761690000001,36.30779949999999],[-76.19763010000003,36.30789549999997],[-76.19761829999999,36.30793699999998],[-76.19761749999998,36.30795979999999],[-76.19763060000002,36.30799910000002],[-76.1976469,36.308023100000014],[-76.1976856,36.308062800000016],[-76.19777149999999,36.308121400000005],[-76.19784609999999,36.308184100000005],[-76.19803339999999,36.30829899999998],[-76.19805680000002,36.30833610000002],[-76.19802850000002,36.30838110000002],[-76.1979945,36.30842960000001],[-76.1979948,36.30847349999999],[-76.1980178,36.3085054],[-76.19808790000002,36.308541400000024],[-76.19809029999999,36.30867239999998],[-76.19809129999999,36.3087122],[-76.19802229999999,36.308898],[-76.19798580000003,36.308953599999995],[-76.19792030000002,36.309012199999984],[-76.1979154,36.30909430000003],[-76.19792389999998,36.309166300000015],[-76.19795499999998,36.309211600000026],[-76.19805020000001,36.3092671],[-76.198081,36.30939599999999],[-76.1980623,36.30948740000002],[-76.1980605,36.30949620000001],[-76.1979854,36.309612000000016],[-76.19798170000001,36.30965850000001],[-76.19799710000001,36.30969520000002],[-76.19808069999999,36.3098038],[-76.19814730000002,36.30989169999998],[-76.19820229999999,36.30994070000003],[-76.1982893,36.3099608],[-76.19833640000002,36.30996499999998],[-76.19835510000001,36.3099995],[-76.19841509999998,36.3100877],[-76.19844210000002,36.310118999999986],[-76.19845020000002,36.3101858],[-76.1984223,36.310296600000015],[-76.19832910000002,36.31042020000001],[-76.19834079999998,36.31054899999998],[-76.1982463,36.3106626],[-76.19824790000001,36.31070319999998],[-76.19826899999998,36.31084329999999],[-76.1983017,36.31088949999997],[-76.19836090000001,36.310941300000025],[-76.198374,36.310993999999994],[-76.1983942,36.311088299999994],[-76.19841259999998,36.311132199999975],[-76.19844030000002,36.311159299999986],[-76.19847770000001,36.311174900000026],[-76.1985287,36.31122549999998],[-76.19854149999998,36.31129390000001],[-76.1984832,36.311348099999975],[-76.19842060000002,36.31139760000002],[-76.19840160000001,36.311425799999995],[-76.1984319,36.311467900000025],[-76.19845249999997,36.31149670000002],[-76.19847870000001,36.311502700000005],[-76.1985881,36.31148009999998],[-76.1986101,36.31147679999998],[-76.19868450000001,36.31146580000001],[-76.19871660000001,36.311489600000016],[-76.1987345,36.311524099999986],[-76.19874329999999,36.3115631],[-76.19874040000002,36.311593800000026],[-76.19872830000003,36.311618099999976],[-76.19871189999998,36.31163809999998],[-76.1986425,36.31163220000002],[-76.1986144,36.311633900000004],[-76.19858599999998,36.31164369999999],[-76.19857150000001,36.31165379999999],[-76.19853840000002,36.3116857],[-76.19852049999997,36.31172099999998],[-76.1985201,36.3117565],[-76.19853339999997,36.31178699999998],[-76.19858099999999,36.311813599999994],[-76.1986124,36.3118422],[-76.19862940000002,36.3118743],[-76.1986334,36.31190240000001],[-76.1986329,36.31191899999999],[-76.19859659999997,36.31209630000001],[-76.1985942,36.31211300000001],[-76.1985841,36.31212959999999],[-76.19855189999998,36.312152200000014],[-76.19849670000002,36.31219520000002],[-76.19847549999997,36.31222109999999],[-76.19845800000002,36.312252],[-76.19841259999998,36.31239019999998],[-76.19838700000003,36.31251070000002],[-76.198395,36.31256289999999],[-76.19842290000003,36.312612],[-76.19847449999997,36.312733700000024],[-76.1985052,36.312835500000006],[-76.19851619999997,36.312895500000025],[-76.19851949999997,36.312972100000025],[-76.19850780000002,36.312992699999995],[-76.19847809999999,36.31302069999998],[-76.19844069999999,36.313047900000015],[-76.19838060000001,36.31309040000002],[-76.19838040000002,36.31312919999999],[-76.19839660000002,36.31316340000001],[-76.1984387,36.313227600000005],[-76.19846669999998,36.31327929999998],[-76.19851060000002,36.31333110000003],[-76.19852200000003,36.31338599999998],[-76.19849920000001,36.313402499999995],[-76.19846109999997,36.313414799999975],[-76.1984344,36.31343290000001],[-76.19840520000002,36.313473999999985],[-76.19839869999998,36.31354219999997],[-76.19839580000001,36.313569099999995],[-76.19840199999999,36.313632600000005],[-76.19841680000002,36.3136629],[-76.19844180000001,36.313699799999995],[-76.19844510000001,36.313716699999986],[-76.198418,36.313745600000004],[-76.19839139999999,36.313763300000005],[-76.1983727,36.313785199999984],[-76.1983639,36.313800300000025],[-76.19835089999998,36.313834799999995],[-76.19834500000002,36.31386450000002],[-76.19832869999999,36.313961000000006],[-76.19833,36.314052100000026],[-76.19836939999999,36.314101900000026],[-76.19838549999997,36.314127600000006],[-76.19838429999999,36.314143899999976],[-76.19836170000002,36.31418380000002],[-76.19835510000001,36.31421899999998],[-76.1983621,36.31428260000001],[-76.19838399999998,36.314412600000026],[-76.19838750000002,36.314452700000004],[-76.19836750000002,36.3145121],[-76.19836750000002,36.314555900000016],[-76.1983783,36.31461789999997],[-76.19840040000003,36.31467670000001],[-76.19842590000002,36.31471429999999],[-76.1984718,36.314801999999986],[-76.19849929999998,36.3149214],[-76.19852209999999,36.314961400000016],[-76.1985631,36.31500729999999],[-76.19858520000002,36.315032099999996],[-76.19856820000001,36.31507929999998],[-76.1984842,36.31513269999999],[-76.19839159999998,36.31515280000002],[-76.19836429999998,36.315177000000006],[-76.19837949999999,36.31523199999998],[-76.19842899999998,36.31531380000001],[-76.19841059999999,36.31533059999998],[-76.19829670000001,36.315400599999975],[-76.1982324,36.315447000000006],[-76.19819530000001,36.31548120000002],[-76.19817979999999,36.31551230000002],[-76.198173,36.31553839999998],[-76.1981796,36.31558260000003],[-76.19823330000003,36.31568629999998],[-76.19823680000002,36.31569300000001],[-76.1982352,36.3157377],[-76.1982342,36.31576480000001],[-76.19819790000003,36.31581319999998],[-76.19815549999998,36.3158358],[-76.198103,36.31585740000003],[-76.1980757,36.315898300000015],[-76.19808669999998,36.31595800000002],[-76.19812289999999,36.316013],[-76.19817169999999,36.31606210000001],[-76.19822779999998,36.316089999999974],[-76.19827520000001,36.31608460000001],[-76.19832059999999,36.316055000000006],[-76.19833720000003,36.31604420000002],[-76.1983735,36.316051200000004],[-76.19840429999999,36.31607389999999],[-76.19841159999999,36.31607919999999],[-76.19846009999998,36.31616150000002],[-76.19849699999997,36.31627020000002],[-76.19850880000001,36.31635490000002],[-76.19848910000002,36.316420600000015],[-76.1984314,36.31646569999998],[-76.19840319999997,36.3164888],[-76.19839769999999,36.31653840000001],[-76.19840499999998,36.316582700000026],[-76.19841960000002,36.31660790000001],[-76.1984306,36.31662030000001],[-76.19846910000001,36.316639399999985],[-76.19854029999999,36.31665140000001],[-76.19856329999999,36.31665529999998],[-76.1986607,36.31668309999998],[-76.19872379999998,36.31671399999999],[-76.19874399999998,36.3167378],[-76.19875589999998,36.31677000000002],[-76.19875589999998,36.316793700000005],[-76.19874759999999,36.31682110000003],[-76.1987059,36.3168354],[-76.19865829999998,36.316824699999984],[-76.19855899999999,36.3167914],[-76.19851080000001,36.316793700000005],[-76.19847629999998,36.316811599999994],[-76.19845249999997,36.31683659999999],[-76.19844649999999,36.316871100000014],[-76.1984488,36.31695389999999],[-76.19845179999999,36.31700030000002],[-76.19844319999999,36.3170384],[-76.19842870000002,36.31707039999998],[-76.19839180000002,36.31711309999997],[-76.1982898,36.31712240000002],[-76.1982281,36.31706759999997],[-76.19818409999999,36.31701049999998],[-76.19811829999998,36.316936699999985],[-76.19810869999998,36.316926000000024],[-76.19792260000003,36.3168493],[-76.19791040000001,36.31684419999999],[-76.19789680000002,36.3167823],[-76.19789379999997,36.31670359999998],[-76.19789209999999,36.31661409999998],[-76.1978795,36.31657150000001],[-76.19785689999998,36.316540599999996],[-76.19777729999998,36.31649590000001],[-76.19772010000003,36.31646319999999],[-76.19765940000002,36.3164089],[-76.19765719999998,36.3164084],[-76.19764900000001,36.316344000000015],[-76.1976502,36.316291999999976],[-76.19766120000003,36.316217300000005],[-76.19767330000002,36.316135299999985],[-76.19767130000002,36.31607989999998],[-76.19765009999998,36.316030599999976],[-76.19754499999999,36.31598330000003],[-76.19748700000002,36.31598409999998],[-76.19744850000001,36.31593809999998],[-76.19739340000001,36.3158694],[-76.19730550000003,36.31584839999999],[-76.19727169999999,36.31593299999997],[-76.19726809999997,36.31594200000001],[-76.19728750000002,36.31611179999999],[-76.197224,36.31613490000001],[-76.19714549999998,36.316148],[-76.19704630000001,36.316124],[-76.19698599999998,36.31609800000001],[-76.1969444,36.31606110000001],[-76.19690609999998,36.31598969999999],[-76.19687879999998,36.315666599999986],[-76.19685879999997,36.31555079999998],[-76.1968354,36.31546179999998],[-76.1967689,36.31535459999998],[-76.19668430000002,36.31524239999999],[-76.19658850000002,36.31516199999999],[-76.19640659999999,36.315037399999994],[-76.19625810000002,36.31495080000002],[-76.19624950000002,36.31488569999999],[-76.19622809999998,36.31484280000001],[-76.19619690000002,36.31479810000002],[-76.19614480000001,36.314807099999996],[-76.19608929999998,36.314840100000026],[-76.1960484,36.31489399999998],[-76.19602279999998,36.31494650000002],[-76.19596280000002,36.31494279999998],[-76.1958985,36.31491299999999],[-76.19580689999998,36.31483539999999],[-76.19582359999998,36.31472389999999],[-76.19582700000001,36.314694599999996],[-76.19583210000002,36.31465179999998],[-76.19580689999998,36.314610800000025],[-76.19576289999998,36.314590599999974],[-76.19569630000001,36.31459109999997],[-76.19564400000002,36.314593100000025],[-76.19560610000002,36.31459610000002],[-76.19551790000003,36.314540299999976],[-76.19545149999999,36.31452239999999],[-76.1953747,36.31452730000001],[-76.19531289999998,36.31446319999998],[-76.19530370000001,36.3144537],[-76.19530320000001,36.31445100000002],[-76.1952756,36.31440909999998],[-76.1952432,36.314398600000004],[-76.1952023,36.31439949999998],[-76.19517680000001,36.31440859999998],[-76.1951201,36.31442879999997],[-76.19507629999998,36.31438429999997],[-76.1949942,36.31424800000002],[-76.19497849999999,36.314200099999994],[-76.19494859999998,36.31410949999997],[-76.1948777,36.31401690000001],[-76.19477389999997,36.31398039999999],[-76.19476070000002,36.31391789999998],[-76.1947477,36.31389489999998],[-76.19471520000002,36.313866399999995],[-76.19467209999999,36.31385039999998],[-76.1946537,36.31384400000002],[-76.19459979999999,36.313825399999985],[-76.19457119999998,36.31379720000001],[-76.1945902,36.31376180000001],[-76.19463200000001,36.31372679999998],[-76.19464729999999,36.31371410000003],[-76.19469420000001,36.31367130000001],[-76.19473269999997,36.313636299999985],[-76.1947528,36.31361199999998],[-76.1947783,36.313581],[-76.19476479999997,36.313532599999974],[-76.1946878,36.31348639999999],[-76.19465869999999,36.31344560000002],[-76.1946127,36.31339150000002],[-76.19455979999998,36.313400100000024],[-76.1945217,36.31342710000001],[-76.1945078,36.313470300000006],[-76.1944633,36.31353039999999],[-76.19445180000002,36.313545799999986],[-76.1943976,36.31358289999997],[-76.19433900000001,36.313618599999984],[-76.1942919,36.313628600000015],[-76.19422200000002,36.31361720000001],[-76.19417679999998,36.3135848],[-76.19416339999998,36.31353960000001],[-76.1941706,36.313511000000005],[-76.1941979,36.3134991],[-76.19424429999998,36.31348839999998],[-76.19427409999997,36.31347299999999],[-76.1942818,36.3134455],[-76.19427530000002,36.3134182],[-76.19425380000001,36.313375399999984],[-76.19421979999998,36.313347299999975],[-76.19418009999998,36.31335039999999],[-76.19415980000002,36.313361199999974],[-76.19407380000001,36.313424699999985],[-76.1940447,36.31344619999999],[-76.1939825,36.31347149999999],[-76.19392529999999,36.31344189999999],[-76.1938697,36.31338260000001],[-76.19389610000002,36.313348099999985],[-76.19391710000002,36.3133206],[-76.19387660000001,36.31327219999997],[-76.19380439999998,36.3132124],[-76.19376069999998,36.313186400000006],[-76.19372120000003,36.31320240000002],[-76.19366559999997,36.31338310000001],[-76.19359730000002,36.31336729999998],[-76.19353740000003,36.3133201],[-76.19350409999998,36.313213099999984],[-76.19344330000001,36.3132167],[-76.19335910000001,36.313266899999974],[-76.19333219999999,36.31327959999999],[-76.19318520000002,36.313413500000024],[-76.19304790000001,36.313289499999996],[-76.19295160000001,36.31327520000002],[-76.1929116,36.31328669999999],[-76.1928964,36.3133095],[-76.19288110000002,36.3133962],[-76.19285930000001,36.31341379999998],[-76.19283089999999,36.313415599999985],[-76.1924386,36.313439500000015],[-76.19235700000002,36.313436000000024],[-76.19227430000001,36.31341880000002],[-76.19223829999999,36.313412700000015],[-76.19215079999998,36.313420399999984],[-76.19205820000002,36.313461700000005],[-76.19189219999998,36.313367099999994],[-76.1917982,36.31332500000002],[-76.19173560000002,36.31329629999999],[-76.19166380000001,36.31322949999998],[-76.1916167,36.31321839999998],[-76.1915204,36.313196000000005],[-76.19147620000001,36.31320010000002],[-76.1913156,36.31322849999998],[-76.19118989999998,36.31325720000001],[-76.1911485,36.31327970000001],[-76.19110719999998,36.31333799999999],[-76.19108990000001,36.313387999999975],[-76.19109220000001,36.3134182],[-76.19109420000001,36.31344389999998],[-76.1910656,36.313520600000004],[-76.19105250000001,36.31354010000001],[-76.19095929999997,36.31350120000002],[-76.1909197,36.3134852],[-76.19078480000002,36.31347529999999],[-76.19065010000003,36.31349269999998],[-76.19063310000001,36.31349490000002],[-76.19042919999998,36.313520700000026],[-76.19033780000001,36.31351410000002],[-76.1902217,36.313510699999995],[-76.18998520000002,36.31350359999999],[-76.18973030000001,36.31356260000001],[-76.18966449999999,36.3135211],[-76.1895988,36.31348680000002],[-76.18950109999997,36.31348800000001],[-76.18941710000001,36.313510199999996],[-76.18932050000001,36.31347720000002],[-76.18922800000001,36.3134695],[-76.18914130000002,36.313465399999984],[-76.18911780000002,36.313450699999976],[-76.18908060000001,36.3133704],[-76.18900889999998,36.31336049999999],[-76.18891230000003,36.31336279999999],[-76.18887360000002,36.313426600000014],[-76.18885569999998,36.313469199999986],[-76.18881540000001,36.31350800000001],[-76.18881370000003,36.31350889999999],[-76.1887403,36.31361229999999],[-76.18868079999999,36.313669000000004],[-76.1886366,36.31367319999998],[-76.18848250000002,36.31358660000001],[-76.18843450000003,36.31355960000002],[-76.1882046,36.313581399999975],[-76.18817689999997,36.31360560000002],[-76.18812960000002,36.31364689999998],[-76.18806080000002,36.31370700000002],[-76.18797130000002,36.31369539999997],[-76.18789659999999,36.31364079999997],[-76.18783439999999,36.313595299999974],[-76.1877854,36.313552200000004],[-76.18773870000001,36.31354679999998],[-76.18766749999998,36.313586799999996],[-76.18759260000002,36.313644099999976],[-76.1875154,36.3137026],[-76.18747380000002,36.31372399999998],[-76.18741110000002,36.31375459999998],[-76.18728060000001,36.31377859999998],[-76.1872411,36.313785300000006],[-76.18716590000002,36.31376469999998],[-76.18712449999998,36.31380230000002],[-76.187115,36.31387719999998],[-76.18712399999998,36.31395259999999],[-76.1871243,36.3139549],[-76.18712399999998,36.31395509999999],[-76.18711439999998,36.31396130000002],[-76.18700990000002,36.31397420000002],[-76.18693459999997,36.313998200000015],[-76.18689169999999,36.314046099999985],[-76.18685670000002,36.31410199999999],[-76.186824,36.31415079999999],[-76.1867828,36.314249700000005],[-76.18675280000002,36.31425730000001],[-76.18662039999998,36.31429050000003],[-76.18652250000002,36.314319599999976],[-76.18644920000003,36.31433870000001],[-76.1863884,36.3143776],[-76.18636099999998,36.314421700000025],[-76.18635039999998,36.314470400000005],[-76.18634550000002,36.31447939999998],[-76.18633260000001,36.31448390000003],[-76.18630050000002,36.31448369999998],[-76.18626590000002,36.31447800000001],[-76.18619710000002,36.31447689999999],[-76.18610589999997,36.3144858],[-76.18604959999999,36.31451370000002],[-76.1859766,36.31454630000002],[-76.1859091,36.31457499999999],[-76.1857688,36.3146347],[-76.18549990000002,36.314684],[-76.18536019999999,36.314659199999994],[-76.18529969999997,36.314648499999976],[-76.1852361,36.31469850000002],[-76.1851772,36.31474179999998],[-76.1851456,36.314798499999995],[-76.18506459999998,36.314944000000025],[-76.18500649999999,36.31485859999998],[-76.18498520000003,36.31482740000001],[-76.18489060000002,36.314789399999995],[-76.18481889999998,36.314779499999986],[-76.18476709999999,36.31486289999998],[-76.18472430000003,36.31499070000001],[-76.184685,36.3150311],[-76.18461880000001,36.3150991],[-76.1845424,36.31509490000002],[-76.1845386,36.315094699999975],[-76.18450480000001,36.31506239999999],[-76.18443589999998,36.31500599999998],[-76.18437410000001,36.31499910000002],[-76.18417979999998,36.31496729999998],[-76.18409700000001,36.31497189999999],[-76.18406240000002,36.3150071],[-76.18406779999998,36.31504080000002],[-76.18407689999998,36.31504960000001],[-76.1841106,36.315082200000006],[-76.18416760000002,36.31509590000002],[-76.18421599999999,36.3151489],[-76.1842398,36.3151977],[-76.18425330000002,36.315258400000005],[-76.18424859999999,36.31526980000001],[-76.1842365,36.315276900000015],[-76.18415750000003,36.31527269999998],[-76.18401110000002,36.31526489999999],[-76.18369990000002,36.31525210000001],[-76.18369919999998,36.315251699999976],[-76.1835724,36.31520260000002],[-76.18337250000002,36.31513480000001],[-76.18326969999998,36.31510800000001],[-76.18320019999999,36.3150665],[-76.18317569999999,36.31505199999998],[-76.18312200000003,36.315015800000026],[-76.18298920000001,36.31495749999999],[-76.18286010000003,36.31491],[-76.18279669999998,36.31487800000002],[-76.18271729999998,36.31479680000001],[-76.18249609999998,36.31466690000002],[-76.18239699999998,36.314614000000006],[-76.18226170000003,36.31457230000001],[-76.18215079999999,36.31454389999999],[-76.18211819999999,36.31450649999999],[-76.18207369999999,36.314455599999974],[-76.18200990000003,36.314399700000024],[-76.1819764,36.31437269999998],[-76.18180999999998,36.314504],[-76.18181909999998,36.3145116],[-76.18183770000002,36.31452710000002],[-76.1818414,36.31453019999998],[-76.18184339999999,36.314533100000006],[-76.18187649999999,36.31458029999999],[-76.1818427,36.314627900000005],[-76.18180669999998,36.31469929999997],[-76.18174190000002,36.31483750000001],[-76.18172040000002,36.314923799999974],[-76.18171999999998,36.3149798],[-76.18193070000001,36.315190599999994],[-76.18213479999997,36.3153949],[-76.18246749999997,36.31572130000001],[-76.18265839999998,36.31591900000001],[-76.1829075,36.31619280000001],[-76.18291049999999,36.3161968],[-76.18296220000002,36.31626749999998],[-76.18292730000002,36.31634939999998],[-76.1828577,36.31636040000001],[-76.1828061,36.316371100000026],[-76.18272589999998,36.31640199999998],[-76.18267020000002,36.31647670000001],[-76.1825983,36.31657469999999],[-76.18254810000002,36.31662920000002],[-76.1825422,36.31667049999999],[-76.1825369,36.31670700000001],[-76.18248310000001,36.3167368],[-76.18243360000002,36.316761499999984],[-76.1823655,36.3167833],[-76.1823086,36.31679439999999],[-76.1822229,36.31681129999998],[-76.18206659999998,36.31686300000001],[-76.18170400000002,36.31699279999998],[-76.18164839999997,36.317093399999976],[-76.18156219999997,36.31721920000001],[-76.18152950000001,36.317303400000014],[-76.18149970000002,36.31738569999999],[-76.18148380000002,36.317445099999986],[-76.1814774,36.317468700000006],[-76.1814554,36.317523800000004],[-76.18142490000002,36.31757490000001],[-76.18138750000003,36.317632],[-76.18134750000002,36.31769320000001],[-76.1812357,36.317783299999974],[-76.18117050000001,36.31779899999998],[-76.18107049999998,36.31776819999999],[-76.18100959999998,36.31774949999999],[-76.18095799999998,36.31772489999997],[-76.18087000000003,36.31769459999998],[-76.1808125,36.31767480000002],[-76.18079110000002,36.31766959999999],[-76.180723,36.31765330000002],[-76.18049130000003,36.31759770000002],[-76.18013760000002,36.3175061],[-76.18003870000001,36.317470800000024],[-76.1799517,36.31743349999999],[-76.17987649999998,36.31739759999999],[-76.17987010000002,36.3173946],[-76.17983450000003,36.317373599999996],[-76.17976720000001,36.31733400000002],[-76.17971399999999,36.31729360000003],[-76.179712,36.317291599999976],[-76.17967709999999,36.31725590000002],[-76.17965609999999,36.3172323],[-76.1796296,36.317213700000025],[-76.17960540000001,36.317201599999976],[-76.17957330000002,36.3171959],[-76.17953010000002,36.31719939999999],[-76.1794911,36.31720259999997],[-76.179465,36.31721479999999],[-76.17918020000002,36.3174363],[-76.1791407,36.31748759999999],[-76.17913329999999,36.31751700000001],[-76.17912849999999,36.31753629999997],[-76.17917219999998,36.31757160000001],[-76.1792175,36.317568600000016],[-76.17936370000001,36.31747130000002],[-76.17940249999998,36.31745910000001],[-76.17942090000003,36.31745339999998],[-76.17943229999997,36.31744980000002],[-76.17950969999998,36.317446700000005],[-76.17962619999997,36.31749300000001],[-76.17985829999998,36.3175918],[-76.17988680000002,36.31760209999999],[-76.1799944,36.317608800000016],[-76.18003199999998,36.317663400000015],[-76.18005490000002,36.31769659999998],[-76.1801357,36.31773229999999],[-76.18024630000002,36.31773959999998],[-76.1802735,36.317746399999976],[-76.18038619999999,36.31777469999997],[-76.1805885,36.31782179999999],[-76.18069300000002,36.31786290000002],[-76.18082859999998,36.31790999999998],[-76.180905,36.317931699999974],[-76.18100980000003,36.31799669999998],[-76.1810764,36.31804740000001],[-76.18114259999999,36.31809980000003],[-76.18119330000002,36.318165599999986],[-76.18117480000001,36.31820090000002],[-76.18113310000001,36.31828039999999],[-76.1811391,36.31831],[-76.18118349999997,36.3183578],[-76.18125300000003,36.318410099999994],[-76.1813209,36.31847260000001],[-76.18125989999999,36.31866409999998],[-76.18120699999997,36.31878160000002],[-76.18110899999999,36.318909399999995],[-76.18110460000003,36.318940199999986],[-76.1811179,36.318998599999986],[-76.18110480000001,36.31906270000002],[-76.1810984,36.319089099999985],[-76.1810762,36.31912749999998],[-76.18100379999998,36.31918510000003],[-76.18091759999999,36.31922159999999],[-76.18088669999997,36.31929339999999],[-76.1808724,36.31933049999998],[-76.18086679999999,36.31936009999998],[-76.18087109999999,36.319437300000004],[-76.1809007,36.319516899999996],[-76.180903,36.31961439999998],[-76.18090319999999,36.31961910000001],[-76.18090330000001,36.3196236],[-76.18090569999998,36.31972200000001],[-76.18085430000002,36.31974930000001],[-76.18082650000002,36.319781999999975],[-76.18081030000002,36.319831299999976],[-76.1808135,36.31989809999999],[-76.18082049999998,36.3199922],[-76.18080739999999,36.32004699999999],[-76.18076689999998,36.32007850000002],[-76.1807311,36.320086600000025],[-76.18063560000002,36.32009929999998],[-76.18057950000002,36.3201148],[-76.1805498,36.32013380000001],[-76.18054059999997,36.32016199999998],[-76.18054310000002,36.32020690000002],[-76.180567,36.32026300000001],[-76.18057429999999,36.32028009999999],[-76.18058050000002,36.32029449999999],[-76.18060300000002,36.320369400000004],[-76.1806128,36.320426399999974],[-76.18062400000002,36.3204432],[-76.18064229999999,36.32047069999999],[-76.18066040000002,36.3204958],[-76.18066149999999,36.32049740000002],[-76.18065949999999,36.32050529999998],[-76.18065030000002,36.320539999999994],[-76.18063130000002,36.32055580000002],[-76.18053839999999,36.320575099999985],[-76.1805109,36.320580800000016],[-76.1803458,36.320604600000024],[-76.18032140000003,36.32064919999999],[-76.18031079999997,36.320691899999986],[-76.18032399999998,36.320736899999986],[-76.18034649999998,36.320768999999984],[-76.18035529999997,36.32078150000001],[-76.18037020000003,36.3207984],[-76.18043499999999,36.320842200000016],[-76.180451,36.320849899999985],[-76.18046520000001,36.320865000000026],[-76.1804707,36.32088379999999],[-76.18046829999997,36.320910000000026],[-76.18045640000003,36.32093020000002],[-76.18043849999998,36.32094089999998],[-76.18041360000001,36.32094810000001],[-76.18034219999998,36.320936200000006],[-76.1802687,36.32091009999999],[-76.18022239999999,36.320905100000004],[-76.18015789999998,36.32091079999998],[-76.18006919999999,36.3209564],[-76.18002739999997,36.3210148],[-76.17999379999998,36.32114039999999],[-76.17999379999998,36.32130030000002],[-76.18003800000002,36.321351900000025],[-76.1800455,36.32136059999999],[-76.1800412,36.32138570000001],[-76.17999509999999,36.32165730000003],[-76.18003119999997,36.32173879999999],[-76.18006259999999,36.32176800000002],[-76.1800902,36.32180690000001],[-76.1801107,36.32190459999998],[-76.18011100000001,36.32198599999998],[-76.18009849999999,36.322057900000004],[-76.18006020000001,36.32212329999999],[-76.18005770000002,36.32221989999999],[-76.18005219999998,36.32229640000003],[-76.18010040000001,36.322352799999976],[-76.18017459999999,36.32240159999998],[-76.1801941,36.32241449999998],[-76.180249,36.322546999999986],[-76.18027890000002,36.3226439],[-76.1802884,36.32269980000001],[-76.1802783,36.32272499999999],[-76.18024680000002,36.32274389999998],[-76.18021340000001,36.3227498],[-76.1801936,36.322738300000026],[-76.18014899999997,36.322683299999994],[-76.18009510000002,36.3226449],[-76.1799873,36.32263590000002],[-76.17986869999999,36.32265899999999],[-76.17977079999997,36.3226823],[-76.1797115,36.32274960000001],[-76.17965850000002,36.32283319999999],[-76.17955030000002,36.32283339999998],[-76.179397,36.322804700000006],[-76.1790924,36.32274219999999],[-76.178857,36.322673899999984],[-76.17865080000001,36.32259340000002],[-76.17844120000001,36.32248010000001],[-76.17833130000002,36.322422500000016],[-76.1782824,36.32241479999999],[-76.17821429999998,36.3224156],[-76.17817450000001,36.3224118],[-76.17815610000002,36.32241010000001],[-76.17811089999998,36.322385],[-76.17811069999999,36.32238480000001],[-76.1781052,36.3223797],[-76.17808489999999,36.32236080000001],[-76.17807590000001,36.32231630000001],[-76.17810120000001,36.322248100000024],[-76.17817509999998,36.32214499999998],[-76.17827340000002,36.321986700000025],[-76.1782804,36.32197530000002],[-76.17832120000003,36.32190650000001],[-76.17830600000002,36.3218698],[-76.17826710000003,36.321837000000016],[-76.178226,36.32182790000002],[-76.17815819999998,36.32186200000001],[-76.17811160000002,36.321927200000005],[-76.1780473,36.3221059],[-76.17803190000001,36.322153000000014],[-76.17801179999998,36.32221470000002],[-76.17801050000003,36.32221870000001],[-76.17795130000002,36.3222993],[-76.17784699999999,36.322319600000014],[-76.17779669999999,36.322300299999995],[-76.17776170000002,36.32227929999999],[-76.1775149,36.322149000000024],[-76.17722759999998,36.32197960000002],[-76.1767264,36.3216736],[-76.17648209999999,36.3216329],[-76.17643470000002,36.32165020000002],[-76.17637239999999,36.32173460000001],[-76.17628509999997,36.321868600000016],[-76.17648880000002,36.3219699],[-76.17653530000001,36.32199300000002],[-76.1768356,36.32217429999997],[-76.17750360000002,36.32257750000002],[-76.17767780000003,36.32268260000001],[-76.1776719,36.32268929999998],[-76.1776423,36.322722899999974],[-76.17763339999999,36.32275709999999],[-76.17763609999997,36.32280220000001],[-76.17764870000002,36.32283699999999],[-76.17766619999998,36.322864100000004],[-76.177686,36.32287489999999],[-76.1777133,36.322889799999984],[-76.17775619999998,36.322901],[-76.17781050000002,36.32289730000002],[-76.17786439999998,36.32287650000001],[-76.17789399999998,36.3228661],[-76.17795799999999,36.322830899999985],[-76.1780058,36.32278830000001],[-76.1780971,36.3227215],[-76.1781636,36.3226717],[-76.17823679999998,36.3226727],[-76.1782986,36.32269530000002],[-76.17830400000003,36.322697600000026],[-76.17839679999997,36.32273759999998],[-76.17840310000003,36.32277579999999],[-76.17841370000002,36.32281870000003],[-76.1784553,36.32285359999997],[-76.17848880000003,36.3228464],[-76.17850609999999,36.322842700000024],[-76.17856269999999,36.32284279999999],[-76.17861549999998,36.32285810000002],[-76.1786363,36.32286979999998],[-76.17870110000001,36.3229063],[-76.17877440000001,36.322936500000026],[-76.178834,36.32296400000001],[-76.17890949999997,36.3229819],[-76.17893550000002,36.32298270000001],[-76.17899779999999,36.322984599999984],[-76.17901360000002,36.322998900000016],[-76.1790279,36.323012000000006],[-76.17910139999998,36.323085900000024],[-76.17914769999999,36.32313069999998],[-76.17918420000001,36.32314309999998],[-76.17921910000001,36.32313620000002],[-76.17922420000002,36.323135200000024],[-76.17929980000002,36.323121800000024],[-76.17936900000001,36.32311609999999],[-76.17943509999998,36.32313599999998],[-76.17946360000002,36.32315999999997],[-76.17949809999999,36.32318900000001],[-76.17955920000003,36.32323029999998],[-76.17967540000001,36.32325800000001],[-76.17970659999997,36.323260800000014],[-76.1797742,36.32326699999999],[-76.17981959999997,36.32325759999998],[-76.17987249999999,36.3232271],[-76.17993799999999,36.32319799999999],[-76.17998360000001,36.32318429999998],[-76.18002630000001,36.3231715],[-76.1801112,36.323170800000014],[-76.18015730000002,36.32317039999998],[-76.18021779999998,36.3231806],[-76.18028379999998,36.3232673],[-76.1803443,36.32331570000002],[-76.18040389999999,36.3233429],[-76.1805205,36.323396],[-76.18054990000002,36.32343470000001],[-76.18057090000002,36.32346209999997],[-76.18062409999999,36.32351190000003],[-76.18072419999999,36.32358049999999],[-76.1808067,36.32364710000002],[-76.18090139999998,36.32368509999998],[-76.18094029999997,36.32370070000002],[-76.18095699999998,36.32372650000002],[-76.18099619999998,36.32378720000003],[-76.1810332,36.3238341],[-76.181059,36.32395109999999],[-76.18104920000002,36.32404730000002],[-76.18102119999998,36.32406809999998],[-76.18096789999998,36.324042599999984],[-76.18092730000001,36.3240232],[-76.18085109999998,36.32400940000002],[-76.18073229999999,36.32406370000001],[-76.18069730000002,36.32407599999999],[-76.18068299999999,36.32408099999998],[-76.18057110000001,36.32405799999998],[-76.18050190000002,36.324004100000025],[-76.18043949999998,36.32395559999998],[-76.18038419999999,36.32392540000001],[-76.18033759999997,36.32391180000002],[-76.18019070000003,36.323890000000006],[-76.18005069999998,36.32387210000002],[-76.17995780000001,36.323875199999975],[-76.1798877,36.32386309999998],[-76.17979179999998,36.323866899999985],[-76.17970860000003,36.32387940000001],[-76.17966740000003,36.32391059999998],[-76.17964640000002,36.32392650000003],[-76.1796109,36.323961],[-76.17952609999998,36.323967100000004],[-76.17933690000001,36.3239519],[-76.17930139999999,36.32394900000003],[-76.179213,36.32393910000002],[-76.17915110000001,36.323962300000005],[-76.17903740000003,36.32400990000002],[-76.17885819999998,36.32410110000001],[-76.17877220000003,36.324159099999974],[-76.17861690000001,36.324275899999975],[-76.17849469999999,36.32437249999998],[-76.1783873,36.32447289999999],[-76.1783294,36.32458509999998],[-76.17827490000002,36.32476650000001],[-76.17826109999999,36.32490660000002],[-76.17828020000002,36.32500449999998],[-76.17830420000001,36.325141599999995],[-76.17835400000001,36.32532329999998],[-76.178405,36.325438399999996],[-76.17845460000001,36.32557630000002],[-76.17848809999998,36.32565820000002],[-76.17863019999999,36.3258419],[-76.17864420000001,36.32591020000001],[-76.17867539999997,36.32596790000002],[-76.17875170000002,36.3260181],[-76.17878839999997,36.326074300000016],[-76.17876539999997,36.32610299999999],[-76.1787031,36.326135599999986],[-76.1786806,36.32618409999998],[-76.17869780000001,36.32624850000002],[-76.17872260000001,36.32630649999999],[-76.1787099,36.3263728],[-76.17868140000002,36.3264633],[-76.1786583,36.326552400000026],[-76.17862689999998,36.326622799999996],[-76.17858639999997,36.326768200000004],[-76.17851259999998,36.32692500000002],[-76.17841609999999,36.32709890000001],[-76.17827679999999,36.32725720000002],[-76.17817400000001,36.3273456],[-76.17805329999999,36.327441299999975],[-76.17795519999999,36.32753960000002],[-76.17772029999998,36.327684999999974],[-76.17763120000001,36.32775409999999],[-76.1776046,36.3277726],[-76.17751340000001,36.327869899999996],[-76.17737369999998,36.32802290000001],[-76.17730440000003,36.32809630000003],[-76.17726399999998,36.32815950000003],[-76.1771769,36.32829129999999],[-76.1771296,36.328376400000025],[-76.17710629999999,36.3284481],[-76.17708879999998,36.328533400000026],[-76.17702500000001,36.32873230000001],[-76.17701929999998,36.32879079999998],[-76.17703460000001,36.32887729999999],[-76.17701779999999,36.32895350000001],[-76.17702070000001,36.32902059999998],[-76.17703829999999,36.3290738],[-76.17707380000002,36.32914010000002],[-76.17708590000001,36.32915489999999],[-76.17717970000001,36.3292457],[-76.17726110000001,36.32932570000003],[-76.17736530000002,36.32940830000001],[-76.17745350000001,36.329464099999996],[-76.17755790000001,36.32950090000003],[-76.17765750000001,36.32951320000001],[-76.17774559999998,36.32953250000003],[-76.17783300000002,36.329585099999974],[-76.1778984,36.32961640000002],[-76.17800949999997,36.32962170000002],[-76.17805570000002,36.329622700000016],[-76.17806159999998,36.329624799999976],[-76.17815280000002,36.32965660000002],[-76.178157,36.32966329999999],[-76.1781881,36.32971370000001],[-76.17825090000002,36.329730100000006],[-76.17830079999999,36.32972330000001],[-76.17830099999998,36.32972330000001],[-76.1783883,36.32974669999999],[-76.17843699999997,36.32978539999999],[-76.17845849999998,36.32980250000003],[-76.17852069999998,36.329837699999985],[-76.17860230000002,36.329857300000015],[-76.17864550000002,36.329845999999975],[-76.17868040000002,36.329837],[-76.17882509999998,36.32985639999998],[-76.1788426,36.329868799999986],[-76.17885840000002,36.32988],[-76.17892,36.32994839999998],[-76.17899080000001,36.32998550000002],[-76.17907780000002,36.32999640000003],[-76.17910039999998,36.329996300000005],[-76.17920400000003,36.329995999999994],[-76.17924219999998,36.3299983],[-76.17927049999997,36.330028500000026],[-76.1792729,36.33003530000002],[-76.17932150000001,36.330172800000014],[-76.17932990000003,36.3302314],[-76.17935970000002,36.3304387],[-76.17936049999997,36.3304397],[-76.17936049999997,36.3304402],[-76.1793591,36.330544799999984],[-76.17932960000002,36.330827899999974],[-76.17926870000002,36.33091999999999],[-76.17921719999998,36.331031800000005],[-76.1791417,36.33117120000003],[-76.17910330000001,36.33129709999997],[-76.17906870000002,36.331376999999975],[-76.17906319999997,36.33140329999998],[-76.17906169999998,36.331457899999975],[-76.17907029999998,36.331525699999986],[-76.1791493,36.331654000000015],[-76.17915900000003,36.331699000000015],[-76.17920800000002,36.33175899999998],[-76.17922399999998,36.331811000000016],[-76.17920800000002,36.33185800000001],[-76.17915440000002,36.33200449999998],[-76.1794074,36.332090300000004],[-76.17941200000001,36.332048999999984],[-76.17941619999999,36.33195219999999],[-76.17939960000001,36.331908999999996],[-76.1793935,36.331862899999976],[-76.17942190000002,36.331820900000025],[-76.17942290000002,36.33181939999997],[-76.17949090000002,36.331783299999984],[-76.17948810000001,36.33171010000001],[-76.1794327,36.331658000000004],[-76.17937840000002,36.331607099999985],[-76.17936500000002,36.33158049999997],[-76.17936400000002,36.331519000000014],[-76.17940570000002,36.3314039],[-76.17945639999999,36.331274199999996],[-76.17947729999997,36.331190100000015],[-76.17951470000003,36.33107769999998],[-76.17959050000002,36.330921699999976],[-76.17962219999998,36.330812700000024],[-76.1797176,36.33069230000001],[-76.1797153,36.33055660000002],[-76.17969470000003,36.33045950000002],[-76.17970430000003,36.330351199999996],[-76.17965980000002,36.330228499999976],[-76.17966999999999,36.330154600000014],[-76.17969620000002,36.3301118],[-76.17970220000001,36.33010200000001],[-76.17969699999998,36.330090900000016],[-76.17968150000002,36.33005800000001],[-76.17962030000001,36.330002200000024],[-76.17955260000002,36.32993929999998],[-76.17950480000002,36.32988080000001],[-76.17947099999998,36.32983009999998],[-76.17945980000002,36.32981319999999],[-76.1794112,36.32975879999998],[-76.1793715,36.32975010000001],[-76.1792987,36.32974710000002],[-76.17925810000003,36.3297498],[-76.17923489999998,36.32975140000002],[-76.17920559999999,36.329749100000015],[-76.17917410000001,36.3297154],[-76.17911759999998,36.32964019999997],[-76.17905000000002,36.32960659999998],[-76.17887739999998,36.32954749999999],[-76.17867999999999,36.32951270000001],[-76.17862500000001,36.32948399999998],[-76.1786138,36.32947819999998],[-76.17860830000001,36.329475100000025],[-76.17851630000001,36.329424500000016],[-76.1784318,36.329374400000006],[-76.17840999999999,36.32936139999998],[-76.17825699999997,36.329337899999985],[-76.17823870000001,36.329335000000015],[-76.17812420000001,36.32931669999999],[-76.1781044,36.32923740000001],[-76.17808029999998,36.32916069999999],[-76.178042,36.32912169999997],[-76.17803429999998,36.329113800000016],[-76.17797619999999,36.329107299999976],[-76.17790409999998,36.329121999999984],[-76.177889,36.32913400000001],[-76.177843,36.32917040000001],[-76.1777649,36.32911569999999],[-76.17761719999999,36.329068800000016],[-76.17747880000002,36.32899070000002],[-76.1773963,36.328924099999995],[-76.17735090000002,36.328844000000004],[-76.17733199999998,36.328804400000024],[-76.17737440000002,36.32873699999999],[-76.17739940000001,36.32869740000001],[-76.17751900000002,36.3285932],[-76.1775629,36.328522899999996],[-76.17756300000002,36.32852270000001],[-76.17756880000002,36.32851340000002],[-76.17761569999999,36.328417100000024],[-76.17762069999998,36.32840679999998],[-76.17770710000002,36.32830089999999],[-76.17779209999998,36.32818129999998],[-76.1778706,36.328086799999994],[-76.1779156,36.32803280000002],[-76.17795519999999,36.32801089999998],[-76.17800799999998,36.327981799999975],[-76.17808309999998,36.32791209999999],[-76.17819630000002,36.32782279999998],[-76.17835359999998,36.327732200000014],[-76.17851150000001,36.32764479999997],[-76.1785395,36.32762070000001],[-76.17862789999998,36.32754449999999],[-76.17868420000002,36.327457100000004],[-76.17870290000002,36.327370599999995],[-76.17873639999999,36.327340100000015],[-76.17874569999998,36.3273317],[-76.1788472,36.32728800000001],[-76.17898559999998,36.32717960000002],[-76.1790441,36.3271019],[-76.17901999999998,36.32703980000002],[-76.17901970000003,36.327029700000026],[-76.17901790000002,36.326977],[-76.17906090000002,36.3268923],[-76.17913090000002,36.326822100000015],[-76.1791662,36.32672600000001],[-76.179194,36.326650099999995],[-76.1792155,36.32658309999999],[-76.17923200000001,36.326531999999986],[-76.17923280000002,36.32652940000003],[-76.17923200000001,36.326528199999984],[-76.17918459999999,36.32645839999998],[-76.1791447,36.32640600000002],[-76.17915249999999,36.326375600000006],[-76.1792317,36.32634180000002],[-76.17932200000001,36.326293899999996],[-76.17932239999999,36.32629370000001],[-76.17932939999997,36.32624559999999],[-76.17928949999998,36.32619319999998],[-76.17923289999999,36.326110700000015],[-76.17921810000001,36.3260674],[-76.17918839999999,36.3259807],[-76.17917399999999,36.325892599999975],[-76.1791293,36.32580840000003],[-76.179124,36.3256672],[-76.179122,36.325663299999974],[-76.1790451,36.3255125],[-76.17902320000002,36.325438099999985],[-76.17897579999999,36.3253995],[-76.1789536,36.32539200000002],[-76.1788967,36.325372800000025],[-76.17875950000001,36.32533960000001],[-76.17874769999997,36.325176899999974],[-76.1787291,36.32503830000002],[-76.17872169999998,36.324902099999974],[-76.17874030000002,36.324786500000016],[-76.17878389999998,36.32468299999999],[-76.17883080000001,36.32460500000002],[-76.17890699999998,36.324543800000015],[-76.1789789,36.3245058],[-76.17899619999997,36.324496599999975],[-76.17910649999999,36.324476800000014],[-76.17923860000002,36.32442709999998],[-76.17933729999999,36.324399700000015],[-76.1794243,36.32441779999999],[-76.17956079999999,36.324380099999985],[-76.17966280000002,36.3243708],[-76.17974600000002,36.32433200000003],[-76.17980139999997,36.324306200000024],[-76.17983850000002,36.324318000000005],[-76.17991369999999,36.32434180000001],[-76.1799906,36.32437340000001],[-76.1801044,36.32443000000001],[-76.18018030000002,36.32446049999999],[-76.18029999999999,36.32446040000002],[-76.18052310000002,36.324539800000025],[-76.18053450000002,36.324567],[-76.18056139999999,36.324631599999975],[-76.18063519999998,36.32468890000001],[-76.1807432,36.32473440000001],[-76.180766,36.32474100000002],[-76.18088899999998,36.32477690000002],[-76.18096359999998,36.324755100000004],[-76.1809652,36.324753999999984],[-76.1810395,36.32470319999999],[-76.18107479999998,36.32469259999999],[-76.18112539999998,36.3247202],[-76.18115419999998,36.32475649999998],[-76.18116450000002,36.32476939999998],[-76.1811978,36.32480029999999],[-76.18125079999999,36.32480629999998],[-76.18135969999997,36.324787300000025],[-76.18143850000001,36.32483780000001],[-76.18153840000002,36.32485539999999],[-76.18164940000003,36.324831399999994],[-76.18172429999998,36.324807599999986],[-76.18176299999999,36.32478500000002],[-76.18178569999998,36.324771699999985],[-76.1817944,36.324766599999975],[-76.18189280000001,36.324741200000005],[-76.18197529999998,36.3247255],[-76.1819974,36.324732900000015],[-76.1820313,36.32474430000002],[-76.18209030000003,36.324730199999976],[-76.18216319999999,36.3246436],[-76.18221840000001,36.32460850000001],[-76.18223690000002,36.32459669999997],[-76.18224129999999,36.32460070000002],[-76.18232269999999,36.32467409999998],[-76.1824097,36.32473090000002],[-76.1824714,36.3247566],[-76.1825,36.32476730000002],[-76.1825404,36.32476250000002],[-76.18258320000001,36.324748399999976],[-76.18259540000003,36.324744399999986],[-76.18268440000003,36.324715000000026],[-76.18269750000002,36.32471850000002],[-76.1827022,36.32473870000001],[-76.18271190000002,36.32481059999998],[-76.18272259999998,36.32486290000003],[-76.18274709999997,36.32491970000001],[-76.18276780000002,36.32493849999997],[-76.1828294,36.324953100000016],[-76.18293249999999,36.3249596],[-76.1830453,36.324984400000005],[-76.18311729999999,36.32500019999998],[-76.18320619999997,36.32503639999999],[-76.18336149999999,36.32509959999999],[-76.18338790000001,36.325127899999984],[-76.18347449999999,36.32522069999999],[-76.183495,36.32528860000002],[-76.18352110000001,36.32531660000001],[-76.1836136,36.32534579999998],[-76.18362359999998,36.32534900000002],[-76.1837066,36.325367700000015],[-76.18371389999999,36.325372800000025],[-76.18373880000001,36.32539009999999],[-76.18376699999999,36.32544660000002],[-76.18378130000002,36.325487099999975],[-76.1838242,36.32555180000003],[-76.18393470000001,36.325665300000026],[-76.18397540000001,36.32568420000001],[-76.18413370000002,36.32575750000001],[-76.184145,36.32577120000002],[-76.1841948,36.3258318],[-76.18420079999999,36.325839099999996],[-76.1843055,36.32589680000001],[-76.18431720000001,36.32590320000003],[-76.1843222,36.32591129999997],[-76.18434839999998,36.32595359999999],[-76.18434100000002,36.32598919999998],[-76.18432460000002,36.32603949999998],[-76.1844491,36.32613889999999],[-76.18451829999998,36.326133200000015],[-76.18452769999999,36.3261296],[-76.18464360000002,36.32608590000001],[-76.18475590000003,36.32612879999999],[-76.18477339999998,36.326158899999996],[-76.18479660000003,36.326198999999974],[-76.18482879999999,36.32623589999997],[-76.1849029,36.32627660000003],[-76.18492830000002,36.32627609999997],[-76.18499839999998,36.32627489999999],[-76.18504919999998,36.32625660000002],[-76.1850627,36.326208199999996],[-76.1851034,36.32618150000002],[-76.18519079999999,36.32622679999997],[-76.18520000000001,36.32623480000001],[-76.18529139999998,36.32631520000001],[-76.18535700000001,36.32638300000002],[-76.18546129999999,36.3264198],[-76.1855003,36.32642129999999],[-76.18563269999999,36.32642659999999],[-76.18566570000002,36.32643919999998],[-76.1857,36.32645230000003],[-76.18585009999998,36.326509499999986],[-76.1860249,36.3265854],[-76.18605350000001,36.32659910000001],[-76.18603280000002,36.326650099999995],[-76.18602879999997,36.326659800000016],[-76.18603480000002,36.32669279999999],[-76.18606770000002,36.32673299999999],[-76.18612289999999,36.32674129999998],[-76.18613499999998,36.326735600000006],[-76.1861902,36.326709300000005],[-76.18631060000001,36.32676559999999],[-76.1865641,36.3267879],[-76.18657130000003,36.32681050000002],[-76.18658499999998,36.32685379999998],[-76.18662990000001,36.326892199999975],[-76.18669019999999,36.32691569999997],[-76.1867312,36.32691620000003],[-76.18679550000002,36.3269171],[-76.18690629999998,36.32687129999999],[-76.1869168,36.32686890000002],[-76.18693480000002,36.32686480000001],[-76.18706450000002,36.32683500000002],[-76.1871802,36.32681359999998],[-76.1872045,36.32681050000002],[-76.18721040000003,36.32680979999998],[-76.18721119999998,36.32681229999997],[-76.1872262,36.32686050000001],[-76.18718940000002,36.326961600000004],[-76.18719370000002,36.3270412],[-76.18719759999999,36.32704960000001],[-76.18721340000002,36.32708400000001],[-76.187254,36.327139699999975],[-76.18722439999999,36.3272144],[-76.1872257,36.3272594],[-76.1872811,36.32731869999998],[-76.18741169999998,36.327344900000014],[-76.18752510000002,36.32738169999999],[-76.1874871,36.32752740000001],[-76.18760900000001,36.32770149999999],[-76.18759940000001,36.32773479999997],[-76.1875043,36.32783139999998],[-76.187501,36.32789559999998],[-76.18751459999999,36.32796589999998],[-76.1875627,36.32800780000002],[-76.18765000000002,36.32800930000002],[-76.18771930000003,36.328032699999994],[-76.1877548,36.32806590000001],[-76.18765409999997,36.32820240000001],[-76.18766829999998,36.32824670000002],[-76.18769909999997,36.328269999999975],[-76.18776179999998,36.32826460000001],[-76.18782959999999,36.328192],[-76.18789500000003,36.3281432],[-76.18812439999999,36.32805569999999],[-76.1881373,36.328093000000024],[-76.18815569999998,36.32814589999998],[-76.18821489999999,36.32821030000002],[-76.1882683,36.32819999999998],[-76.18828789999998,36.32816100000002],[-76.18829849999997,36.32814000000002],[-76.18834479999998,36.328104800000006],[-76.18849879999999,36.328108499999985],[-76.18856790000001,36.328148],[-76.18857000000003,36.32814930000001],[-76.18856549999998,36.328195600000015],[-76.1885446,36.32825359999998],[-76.18855500000001,36.328282],[-76.18864880000001,36.32834730000002],[-76.18872499999998,36.328388700000005],[-76.18883160000001,36.32842640000001],[-76.18886359999999,36.328363000000024],[-76.18886980000002,36.32835060000002],[-76.18895830000002,36.328324699999996],[-76.18904350000003,36.328380700000025],[-76.18909029999998,36.32847800000002],[-76.18920350000002,36.32847889999999],[-76.1892153,36.32847090000001],[-76.18925339999998,36.328445199999976],[-76.1892853,36.32842599999998],[-76.1894752,36.328522599999985],[-76.18955870000002,36.32857419999999],[-76.18959160000003,36.328596600000026],[-76.18963810000002,36.32862829999999],[-76.18971470000002,36.328680399999996],[-76.1897151,36.328690600000016],[-76.18971820000002,36.32876729999998],[-76.18977790000002,36.328815099999986],[-76.18982210000001,36.32884849999999],[-76.1899153,36.32888869999999],[-76.19004960000001,36.3289297],[-76.19011210000002,36.328904799999975],[-76.19011749999999,36.32888509999998],[-76.19014290000001,36.32879170000001],[-76.19019379999997,36.328788299999985],[-76.1903304,36.32888070000001],[-76.19034019999998,36.328887099999974],[-76.1904088,36.3289317],[-76.19045460000001,36.328920400000015],[-76.19049009999998,36.328885000000014],[-76.1905097,36.328865500000006],[-76.19056069999999,36.3288402],[-76.19070019999998,36.328852600000005],[-76.1907415,36.32888329999997],[-76.19081369999998,36.328936999999996],[-76.19084900000001,36.329016000000024],[-76.19086759999999,36.329048899999975],[-76.19091370000001,36.32908229999998],[-76.1909508,36.3290849],[-76.19106950000003,36.329093],[-76.19107919999999,36.32909369999999],[-76.19113570000002,36.32909169999999],[-76.19124249999999,36.32908800000001],[-76.19147149999998,36.32909749999999],[-76.1916913,36.32912879999998],[-76.19179709999997,36.329149599999994],[-76.19181200000003,36.32915250000002],[-76.19191180000001,36.329185499999994],[-76.19196110000001,36.32918619999998],[-76.19201170000002,36.32917930000002],[-76.192024,36.3291777],[-76.19214010000002,36.32918480000001],[-76.19223520000003,36.329206899999974],[-76.1922801,36.329230199999984],[-76.192387,36.32928559999999],[-76.19251430000003,36.329351599999995],[-76.19260159999999,36.32936960000001],[-76.19276400000001,36.32940309999998],[-76.1930466,36.329365800000005],[-76.19311069999998,36.329374400000006],[-76.19322469999997,36.32937129999999],[-76.1932908,36.32934060000002],[-76.19329190000002,36.329319399999974],[-76.19329599999998,36.32924109999999],[-76.1933262,36.329181000000005],[-76.19337719999999,36.32914119999998],[-76.19347420000003,36.32915379999997],[-76.19358849999998,36.3292156],[-76.1936882,36.32922100000002],[-76.19380000000001,36.329205],[-76.1938255,36.3292161],[-76.1939921,36.32928930000003],[-76.19417720000001,36.32927059999997],[-76.19430390000002,36.32918369999999],[-76.19435090000002,36.32915150000002],[-76.19457039999998,36.329099299999996],[-76.19466499999999,36.32906650000001],[-76.19479530000001,36.3290384],[-76.1948281,36.32906000000003],[-76.19488630000001,36.329098199999976],[-76.19495890000002,36.32915270000001],[-76.1950084,36.329135699999995],[-76.1950655,36.32909760000001],[-76.19508080000003,36.32906830000002],[-76.1951249,36.32898369999998],[-76.1952872,36.32904050000002],[-76.19539789999999,36.329055700000026],[-76.19558919999997,36.3290169],[-76.19563790000001,36.32909669999998],[-76.19564259999999,36.329099299999996],[-76.19571409999998,36.32913810000002],[-76.1957693,36.32913209999998],[-76.19579379999999,36.329110000000014],[-76.19584179999998,36.3290667],[-76.19598059999998,36.32906860000003],[-76.19614919999998,36.32910529999998],[-76.1962694,36.329143699999975],[-76.1963098,36.329149400000006],[-76.1963725,36.32914729999999],[-76.19641360000003,36.329130299999974],[-76.19646920000002,36.32908900000001],[-76.1965978,36.329111599999976],[-76.19667179999999,36.3291016],[-76.19679810000002,36.32908739999999],[-76.19690930000002,36.32912040000002],[-76.1970306,36.32917930000002],[-76.197092,36.329189299999996],[-76.19719359999999,36.3291729],[-76.1973241,36.329263500000025],[-76.19740999999999,36.329314099999976],[-76.19748720000001,36.32932349999999],[-76.19757170000003,36.32929919999998],[-76.1976517,36.32924079999998],[-76.19769439999999,36.329211499999985],[-76.19778930000001,36.3292634],[-76.19776489999998,36.32932720000002],[-76.19776200000001,36.32936339999998],[-76.19776180000002,36.329365499999994],[-76.1977933,36.329411900000025],[-76.19784149999998,36.32945940000002],[-76.19787819999999,36.32946270000002],[-76.19792050000001,36.32943540000002],[-76.1979738,36.32938819999998],[-76.19802340000001,36.329344400000025],[-76.19812960000002,36.32936489999997],[-76.19819380000001,36.32936489999997],[-76.1983338,36.32935199999997],[-76.19848400000001,36.32941260000001],[-76.19860499999999,36.32944880000002],[-76.19870250000002,36.32947919999998],[-76.19886050000002,36.329482299999995],[-76.1990657,36.32947330000002],[-76.19917679999998,36.32946449999997],[-76.19927310000003,36.32951689999999],[-76.19934139999998,36.32954430000001],[-76.19945439999998,36.32956840000003],[-76.19973629999998,36.32960600000001],[-76.19999999999999,36.32967259999998],[-76.19999999999999,36.375],[-76.1670954,36.375],[-76.125,36.375],[-76.125,36.36681629999998],[-76.125,36.33958319999999],[-76.125,36.30000000000001],[-76.13141289999999,36.30000000000001]]]}},{"type":"Feature","properties":{},"geometry":{"type":"Polygon","coordinates":[[[-76.1843915,36.323258899999985],[-76.18430009999997,36.3232759],[-76.18427980000001,36.32327959999998],[-76.18424420000002,36.32328319999999],[-76.1842198,36.323279000000014],[-76.18419779999999,36.323265900000024],[-76.1841743,36.32323439999999],[-76.18421000000001,36.323113999999975],[-76.1841786,36.32306160000002],[-76.18413479999998,36.32304160000001],[-76.18409739999998,36.32304110000001],[-76.18407289999999,36.32304069999998],[-76.18402909999998,36.32304449999998],[-76.18399390000002,36.323043600000005],[-76.18396919999998,36.3230274],[-76.18393170000002,36.322984099999985],[-76.18387510000002,36.32290169999999],[-76.18384359999999,36.32283580000001],[-76.18381770000002,36.32278150000002],[-76.18378890000002,36.32275920000001],[-76.18373279999997,36.3227478],[-76.18370290000001,36.3227521],[-76.18368040000001,36.322755400000005],[-76.1836338,36.322778200000016],[-76.18361379999999,36.322785899999985],[-76.18359830000003,36.32278650000001],[-76.18358660000001,36.32278070000001],[-76.1835767,36.32276300000001],[-76.18356979999999,36.32267869999998],[-76.18355100000002,36.322616400000015],[-76.18352720000001,36.322565999999995],[-76.18348200000003,36.32250499999998],[-76.18343399999998,36.32247760000001],[-76.18340439999997,36.32246889999999],[-76.18336929999998,36.32246900000001],[-76.1833509,36.32247360000002],[-76.18331110000003,36.32249180000002],[-76.18328159999999,36.3225041],[-76.1832645,36.322508200000016],[-76.1832493,36.32250749999997],[-76.18324209999997,36.3225056],[-76.18323220000002,36.32249619999999],[-76.18321700000001,36.3224702],[-76.18319630000002,36.32236849999998],[-76.18317029999997,36.32231189999999],[-76.1831373,36.322264099999984],[-76.18308000000002,36.322209799999996],[-76.18305570000001,36.32219570000001],[-76.18300069999998,36.32218499999999],[-76.1829821,36.32218390000003],[-76.18295260000002,36.322182],[-76.18292889999998,36.322121200000026],[-76.1829103,36.322092199999986],[-76.18289440000001,36.322075299999995],[-76.1828749,36.322062200000005],[-76.18283589999999,36.32205069999998],[-76.18274910000002,36.322049600000014],[-76.18270030000002,36.32204660000002],[-76.18267989999998,36.3220417],[-76.18264010000001,36.32202389999998],[-76.18265079999998,36.32190939999998],[-76.1826456,36.321847100000014],[-76.18264199999999,36.3218033],[-76.18261319999999,36.32176270000002],[-76.18253950000002,36.32173599999999],[-76.18248340000002,36.32173019999999],[-76.18235859999999,36.32170769999999],[-76.18226650000003,36.32166710000001],[-76.18221979999998,36.32154209999999],[-76.18218769999999,36.321459300000015],[-76.18215429999998,36.32130969999997],[-76.18215279999998,36.3212633],[-76.1821526,36.32125719999999],[-76.18215140000001,36.32122190000001],[-76.18215579999998,36.32115879999998],[-76.18221510000001,36.32091969999999],[-76.18224959999998,36.32082359999998],[-76.1822697,36.320714399999986],[-76.18229710000003,36.320629999999994],[-76.18234619999998,36.32060719999998],[-76.1823556,36.32059880000003],[-76.18237699999997,36.320579599999974],[-76.1823867,36.32054299999999],[-76.18237979999998,36.320500400000014],[-76.1823637,36.32046630000002],[-76.18234469999999,36.32044680000001],[-76.1823397,36.32042009999998],[-76.18233850000001,36.32041349999997],[-76.18234339999998,36.32039370000001],[-76.18235729999998,36.320377399999984],[-76.18240270000001,36.32035569999999],[-76.18250519999998,36.320333300000016],[-76.18253069999997,36.32032570000001],[-76.18254359999997,36.3203173],[-76.18255470000003,36.320310000000006],[-76.18257940000001,36.32028439999999],[-76.18262049999998,36.32017710000002],[-76.18262220000003,36.320161600000006],[-76.1826256,36.32013030000002],[-76.18263459999997,36.3200478],[-76.18262290000001,36.31994150000003],[-76.1826211,36.31991850000003],[-76.1826289,36.31981760000002],[-76.18264620000002,36.31971829999998],[-76.1826542,36.319685900000025],[-76.1826676,36.31963209999998],[-76.18268690000002,36.31958689999999],[-76.18271390000001,36.31954510000003],[-76.18275670000003,36.31947109999999],[-76.18276530000003,36.319436499999995],[-76.18277139999998,36.31936669999999],[-76.18281089999999,36.319301199999984],[-76.18282010000001,36.31927969999998],[-76.18282060000001,36.319278699999984],[-76.18283530000002,36.31920539999999],[-76.18283780000002,36.31914990000001],[-76.18283100000002,36.319102999999984],[-76.1828208,36.3190323],[-76.18279840000002,36.3189648],[-76.18278559999999,36.31890779999998],[-76.18278830000003,36.31889530000001],[-76.18279790000003,36.318885799999975],[-76.18282269999997,36.318871],[-76.1828554,36.318857200000025],[-76.18288690000003,36.31883579999999],[-76.18290309999998,36.318820200000005],[-76.18292170000001,36.318796299999974],[-76.18293829999999,36.31872629999998],[-76.18297089999999,36.31857150000002],[-76.18307149999998,36.31842820000003],[-76.18309290000002,36.31837389999998],[-76.18312789999999,36.31817719999998],[-76.18315799999999,36.31808139999998],[-76.18316399999998,36.318046100000004],[-76.18317810000002,36.3179629],[-76.18320110000002,36.317927699999984],[-76.18327649999998,36.31784959999999],[-76.1833211,36.31779879999999],[-76.18336219999998,36.31776000000002],[-76.1834015,36.3177053],[-76.18343620000002,36.31764149999998],[-76.18348759999998,36.317498899999975],[-76.18352800000002,36.31743210000002],[-76.1835916,36.31740070000001],[-76.1836341,36.31739019999998],[-76.1836821,36.3173936],[-76.18371439999999,36.317387999999994],[-76.18374970000002,36.31737149999998],[-76.1837855,36.31735470000001],[-76.1838009,36.31734560000001],[-76.18383269999998,36.317316300000016],[-76.18385160000003,36.31729250000001],[-76.18386140000001,36.317272100000025],[-76.18386450000003,36.31724059999999],[-76.18386079999999,36.31721540000001],[-76.18389109999998,36.317196000000024],[-76.18393300000002,36.31719029999999],[-76.18395900000002,36.31718810000001],[-76.18398719999999,36.317185600000016],[-76.18403769999998,36.31717889999999],[-76.18407189999999,36.31716369999998],[-76.18409380000003,36.317130399999996],[-76.1841455,36.31702419999999],[-76.18415759999999,36.316999399999986],[-76.18418170000001,36.3169747],[-76.18424859999999,36.3169451],[-76.18427689999999,36.3169259],[-76.18428790000002,36.31691489999997],[-76.18431029999999,36.316877499999975],[-76.18432250000001,36.31684369999999],[-76.18439610000001,36.31675200000001],[-76.18449040000002,36.31669699999998],[-76.18459949999999,36.316639899999984],[-76.184619,36.31662979999999],[-76.1848096,36.31650029999997],[-76.18488819999999,36.31648910000001],[-76.18495150000001,36.31646970000003],[-76.18497559999997,36.31645900000001],[-76.18500690000002,36.31643509999998],[-76.18501809999998,36.31642119999998],[-76.18504280000002,36.31636040000001],[-76.18510070000002,36.316297299999974],[-76.18525499999998,36.31625070000001],[-76.1852677,36.31624369999997],[-76.18537329999998,36.316186000000016],[-76.1854199,36.31616839999998],[-76.18545890000001,36.31615360000001],[-76.18556840000002,36.3161058],[-76.18581999999998,36.316034100000024],[-76.18586670000002,36.31603949999999],[-76.18598909999997,36.316041799999994],[-76.1860795,36.31602509999999],[-76.18622920000001,36.315919099999974],[-76.18626089999998,36.31589029999998],[-76.1862706,36.31588149999999],[-76.18638069999997,36.31582959999997],[-76.18642690000001,36.31582959999997],[-76.18643589999999,36.31582959999997],[-76.18648059999998,36.31583999999998],[-76.1865115,36.3158727],[-76.18656479999999,36.31589009999999],[-76.1866119,36.31590319999998],[-76.18664869999998,36.31590349999999],[-76.18670300000002,36.315896599999974],[-76.18672909999998,36.31588740000001],[-76.18683909999999,36.31588249999999],[-76.18688070000002,36.315871300000026],[-76.18694349999998,36.31583949999998],[-76.18702059999998,36.31577570000002],[-76.18706700000001,36.3157453],[-76.18711200000001,36.31570019999998],[-76.18713480000002,36.315663099999995],[-76.18715429999997,36.3156171],[-76.18716560000001,36.315613799999994],[-76.18719709999999,36.31560459999997],[-76.18730970000001,36.31564220000001],[-76.18735659999999,36.31566429999998],[-76.1874125,36.315686200000016],[-76.18749639999999,36.315682700000025],[-76.1875733,36.315665000000024],[-76.18758229999997,36.31562960000002],[-76.18758159999999,36.31561770000002],[-76.18757729999999,36.31553980000001],[-76.18758960000002,36.31549660000002],[-76.18759010000002,36.315495],[-76.18759269999998,36.31548570000001],[-76.18759290000003,36.31548520000001],[-76.18759310000002,36.3154849],[-76.1876097,36.315457700000024],[-76.1877672,36.31538849999998],[-76.18777080000001,36.31538760000001],[-76.18782700000003,36.315374399999996],[-76.18791929999998,36.31541010000001],[-76.18796229999998,36.3154275],[-76.18806719999998,36.31546989999998],[-76.18813999999998,36.31548359999999],[-76.18819830000001,36.31547189999998],[-76.18828209999998,36.31538619999998],[-76.18842890000002,36.31533780000001],[-76.1884928,36.3153198],[-76.1885145,36.31531369999999],[-76.18873789999998,36.315240500000016],[-76.18883299999999,36.315173500000014],[-76.18888290000001,36.31516160000001],[-76.18892740000001,36.315201],[-76.18897140000001,36.315237000000025],[-76.18901779999999,36.315258099999994],[-76.1890606,36.31526170000001],[-76.18912499999999,36.315237000000025],[-76.18922889999999,36.31517050000002],[-76.18931300000003,36.315070400000025],[-76.18936439999999,36.315043100000025],[-76.18941319999999,36.31506949999999],[-76.189456,36.31509369999998],[-76.1894623,36.3150971],[-76.1895245,36.31511790000002],[-76.18956170000001,36.31511790000002],[-76.18967120000002,36.31509590000002],[-76.18975010000003,36.31510650000001],[-76.1897788,36.315100099999995],[-76.18982440000002,36.3150708],[-76.18983300000002,36.31505929999997],[-76.18989199999999,36.31500779999999],[-76.18992109999999,36.314982499999985],[-76.1899874,36.31495860000001],[-76.19006830000001,36.314973399999985],[-76.19009360000001,36.314977999999996],[-76.19010639999999,36.3150498],[-76.19011840000002,36.31507800000003],[-76.19012700000002,36.31509799999998],[-76.19015839999997,36.315136499999994],[-76.19020979999999,36.315157899999974],[-76.19030370000002,36.3151671],[-76.1904781,36.31517480000002],[-76.190518,36.31517659999997],[-76.19054990000001,36.31517689999998],[-76.19062489999999,36.315208900000016],[-76.19067130000002,36.315212599999995],[-76.190718,36.31520189999998],[-76.19076610000002,36.315172399999994],[-76.19080389999999,36.31512409999999],[-76.1908042,36.315123700000015],[-76.19082309999999,36.31510500000002],[-76.19083540000003,36.3150928],[-76.19092940000002,36.31510800000001],[-76.19095060000001,36.315132800000015],[-76.19096780000001,36.315153099999975],[-76.19102220000002,36.31521650000002],[-76.1910608,36.31524460000003],[-76.19111049999998,36.31525970000001],[-76.19115199999999,36.31526059999999],[-76.19125489999999,36.31525069999998],[-76.19132630000001,36.31521650000002],[-76.1913427,36.31520610000001],[-76.19139710000002,36.3151714],[-76.19144499999999,36.31514759999999],[-76.19147750000002,36.31517530000002],[-76.19149920000001,36.31521500000002],[-76.19154220000001,36.31525570000002],[-76.19158320000003,36.315264300000024],[-76.19166860000001,36.3152614],[-76.1916913,36.315253799999994],[-76.19182169999999,36.31520990000001],[-76.19187290000002,36.31523340000001],[-76.19190020000002,36.31526789999998],[-76.191938,36.31529949999998],[-76.19201420000002,36.315331800000024],[-76.19205540000002,36.31534140000002],[-76.19215430000003,36.31534850000003],[-76.1921949,36.315358600000025],[-76.19227430000001,36.31537830000002],[-76.1923314,36.3154002],[-76.19246379999998,36.315464599999984],[-76.1926168,36.315577700000006],[-76.1926512,36.31560769999999],[-76.19268360000001,36.315649399999984],[-76.19269120000001,36.315659100000005],[-76.19273429999998,36.3157233],[-76.19282390000001,36.31583210000002],[-76.19286679999999,36.315861100000006],[-76.1928987,36.3158737],[-76.19293479999999,36.31587710000002],[-76.19297469999998,36.31587259999998],[-76.19300040000002,36.31586970000001],[-76.19305700000001,36.3158641],[-76.19308109999997,36.315870700000005],[-76.1931146,36.31590210000002],[-76.19315460000001,36.31594990000002],[-76.19319030000003,36.31599779999999],[-76.19322119999998,36.316065200000025],[-76.19322260000001,36.316068400000006],[-76.19323170000001,36.31611620000001],[-76.19324310000002,36.31617189999997],[-76.193261,36.31621689999997],[-76.19327950000002,36.316238999999996],[-76.1934028,36.316307300000005],[-76.1934516,36.316361700000016],[-76.19351940000001,36.31645900000001],[-76.19354759999999,36.31652919999999],[-76.1935603,36.316555300000005],[-76.1935838,36.31658570000002],[-76.19360799999998,36.316601100000014],[-76.19366259999998,36.316617699999995],[-76.19369549999999,36.31663129999998],[-76.19371619999998,36.31664699999999],[-76.19372190000001,36.31666130000002],[-76.19372190000001,36.3166827],[-76.19371189999998,36.316699099999994],[-76.19369119999999,36.31670839999998],[-76.19365340000002,36.31671690000002],[-76.19362339999998,36.31672839999999],[-76.19360699999999,36.31674620000001],[-76.19360139999998,36.31677330000002],[-76.1936091,36.31680399999999],[-76.19362269999999,36.316844],[-76.19367,36.31689920000002],[-76.1937216,36.316924700000015],[-76.19374169999998,36.31692670000001],[-76.19377020000002,36.316929500000015],[-76.19389100000001,36.31693059999998],[-76.19396890000002,36.31693419999999],[-76.194077,36.317001600000026],[-76.19412089999997,36.317068000000006],[-76.19413170000001,36.31714729999999],[-76.19409200000001,36.317221399999994],[-76.19407480000001,36.31725340000003],[-76.19407799999999,36.3173079],[-76.19409610000002,36.31732920000002],[-76.1941463,36.31735420000001],[-76.1941764,36.31735179999998],[-76.1942115,36.31734899999998],[-76.1942884,36.31729109999998],[-76.19432669999998,36.3172735],[-76.19435049999998,36.3172773],[-76.19437429999999,36.31730399999998],[-76.19438960000002,36.31732779999999],[-76.19438930000001,36.31736280000001],[-76.1943857,36.317477199999985],[-76.19438860000002,36.317510500000026],[-76.1944029,36.31753429999998],[-76.19443330000001,36.31754760000001],[-76.19448089999997,36.31754380000001],[-76.1945561,36.317525699999976],[-76.19458279999998,36.317530499999975],[-76.19459699999999,36.31754289999998],[-76.19460090000001,36.317563800000016],[-76.19459610000001,36.3175923],[-76.1945675,36.31762570000001],[-76.19451140000001,36.3176742],[-76.1944823,36.3177096],[-76.19447430000002,36.31774180000002],[-76.194479,36.31777629999999],[-76.19456430000002,36.317894000000024],[-76.1946016,36.31793570000002],[-76.19465380000003,36.317969600000026],[-76.19469709999998,36.317972699999984],[-76.19474739999998,36.31796830000002],[-76.19480170000003,36.31794450000001],[-76.19485020000002,36.31789789999999],[-76.19487830000003,36.31785930000001],[-76.1949075,36.317839400000025],[-76.19493130000001,36.3178413],[-76.19496079999999,36.31785639999998],[-76.1949922,36.31788030000001],[-76.19499409999997,36.31789930000002],[-76.19497430000001,36.31796270000001],[-76.19496629999998,36.318008299999974],[-76.19496099999998,36.31806710000001],[-76.19497430000001,36.318122500000015],[-76.19498069999997,36.31814919999999],[-76.19499869999999,36.31817769999998],[-76.19502590000002,36.31822089999997],[-76.19507429999999,36.318255299999976],[-76.19511499999999,36.31826860000001],[-76.19520510000001,36.31827149999998],[-76.19520590000002,36.31827149999998],[-76.19535389999999,36.318309],[-76.19552499999998,36.3183616],[-76.1955754,36.31849540000002],[-76.19560940000002,36.31852220000002],[-76.19571589999998,36.318554000000006],[-76.19586900000002,36.318531699999994],[-76.19591150000002,36.318550200000004],[-76.1959253,36.31855619999999],[-76.19592540000002,36.31855619999999],[-76.19595279999999,36.318568200000016],[-76.19600880000002,36.31866200000002],[-76.19610360000001,36.318739300000004],[-76.19619690000002,36.31877229999998],[-76.19623990000002,36.3187714],[-76.19629370000001,36.31875659999997],[-76.19634539999998,36.31872490000001],[-76.19640559999999,36.31871189999998],[-76.1965482,36.318765499999984],[-76.19658390000001,36.3188351],[-76.19663709999998,36.31887760000001],[-76.1967338,36.318935899999985],[-76.19674550000002,36.318942900000025],[-76.19679359999998,36.31896130000001],[-76.1968473,36.31894410000001],[-76.19685620000001,36.318935599999975],[-76.1968655,36.31883670000002],[-76.19704869999998,36.318849],[-76.1970809,36.31887870000003],[-76.19708969999999,36.318909899999994],[-76.1970968,36.31896590000002],[-76.19710309999999,36.3190022],[-76.1971072,36.31902539999999],[-76.19714019999998,36.31908010000001],[-76.19721629999998,36.31908659999999],[-76.19727849999998,36.319070599999975],[-76.19731460000003,36.31906129999999],[-76.19739770000001,36.31901959999999],[-76.19747109999997,36.318982000000005],[-76.19757340000001,36.319083999999975],[-76.19765530000001,36.31910499999998],[-76.19774719999998,36.31911309999998],[-76.1979404,36.3190846],[-76.1980034,36.31907530000001],[-76.19811090000002,36.319038999999975],[-76.19819059999998,36.31901210000001],[-76.198556,36.31896790000002],[-76.1985947,36.31900109999998],[-76.19864799999999,36.31902489999999],[-76.19871940000002,36.31903340000002],[-76.1987838,36.31903519999997],[-76.198846,36.31902489999999],[-76.1989135,36.31900489999998],[-76.1989754,36.3189754],[-76.19902689999998,36.318955500000015],[-76.1990434,36.31895509999998],[-76.19940020000001,36.31895939999998],[-76.1997144,36.31895709999998],[-76.19973429999999,36.31895689999999],[-76.19991140000002,36.318916],[-76.19999999999999,36.3188839],[-76.19999999999999,36.32636179999997],[-76.19996889999999,36.326375600000006],[-76.19989559999999,36.32642950000002],[-76.19988289999998,36.32644979999998],[-76.19987880000002,36.32646749999998],[-76.19987680000003,36.32647659999998],[-76.19988860000001,36.326505699999984],[-76.19994639999999,36.32654789999998],[-76.19996780000002,36.32657640000002],[-76.19997710000001,36.32661139999999],[-76.19997280000001,36.326646400000016],[-76.1999571,36.326672099999996],[-76.19993290000002,36.32668560000002],[-76.19990289999998,36.326689199999976],[-76.1998739,36.32667679999997],[-76.19986290000003,36.32666210000002],[-76.1998408,36.326627099999996],[-76.1998269,36.32661250000001],[-76.19979560000002,36.326593600000024],[-76.19977369999998,36.3265864],[-76.19971779999997,36.32657569999998],[-76.1997091,36.326576999999986],[-76.19964729999998,36.326578299999994],[-76.19959779999999,36.32656930000002],[-76.1995422,36.32653979999998],[-76.19949129999998,36.32651600000003],[-76.1994163,36.326481],[-76.19931430000003,36.32644210000001],[-76.1992975,36.326439900000025],[-76.19927280000002,36.32644149999999],[-76.19925599999999,36.326445999999976],[-76.19922960000002,36.32645919999999],[-76.19918769999998,36.326503],[-76.1991784,36.32651320000002],[-76.1991544,36.32653920000001],[-76.19914349999999,36.32654930000001],[-76.19913170000001,36.32655360000001],[-76.19911960000002,36.326554999999985],[-76.19910420000002,36.32654710000003],[-76.1990897,36.32653160000001],[-76.1990773,36.32650469999999],[-76.1990715,36.32649220000002],[-76.19905729999999,36.32646110000002],[-76.19904229999997,36.32645359999998],[-76.19902300000001,36.326451099999986],[-76.19898119999999,36.326456399999984],[-76.19894820000002,36.32646629999999],[-76.1989241,36.32647350000002],[-76.1988963,36.326470400000005],[-76.19889010000003,36.32645830000001],[-76.1989054,36.32642729999998],[-76.1989117,36.32641469999999],[-76.19892099999998,36.326381000000026],[-76.19891769999998,36.326351199999976],[-76.19884889999997,36.32626979999998],[-76.1987853,36.3262153],[-76.1987231,36.32618919999999],[-76.1986091,36.32627050000002],[-76.19846039999999,36.3263379],[-76.19845040000001,36.32634239999999],[-76.1983525,36.326344500000005],[-76.19822870000002,36.32632860000001],[-76.19811779999998,36.32631170000002],[-76.19807450000002,36.32630510000001],[-76.1979177,36.3262886],[-76.19776239999999,36.326334799999984],[-76.19761920000002,36.32635010000001],[-76.1974538,36.32631700000002],[-76.19732290000002,36.32633820000001],[-76.19730909999998,36.326340500000015],[-76.19729690000003,36.32633920000001],[-76.1971562,36.3263245],[-76.1970384,36.32631980000002],[-76.19700840000002,36.32630080000001],[-76.19697739999998,36.326292000000024],[-76.1969507,36.326292000000024],[-76.19690079999998,36.32629639999999],[-76.19682269999998,36.32632239999998],[-76.19675369999999,36.326343099999974],[-76.19669599999997,36.32636050000002],[-76.19664560000001,36.3263728],[-76.1966299,36.3263766],[-76.19653870000002,36.32636789999998],[-76.19647709999998,36.32635800000003],[-76.19643839999998,36.32635749999997],[-76.19642320000003,36.326357299999984],[-76.19632669999999,36.32636459999998],[-76.196279,36.32637149999999],[-76.19620939999999,36.3263814],[-76.19617219999998,36.32639849999998],[-76.19614000000001,36.32641339999998],[-76.1959898,36.3264456],[-76.195808,36.326413100000025],[-76.19577909999998,36.326410599999974],[-76.19576660000001,36.326411500000006],[-76.19567999999998,36.32642759999999],[-76.19559459999999,36.32644349999998],[-76.1955762,36.32644800000003],[-76.19553400000001,36.32645819999999],[-76.19548099999997,36.326444700000025],[-76.19547130000001,36.32643940000003],[-76.19540940000002,36.3264059],[-76.19531749999999,36.32639399999999],[-76.1952425,36.32639549999999],[-76.19516670000002,36.32642299999998],[-76.19508819999999,36.326443900000015],[-76.19504749999999,36.32647709999998],[-76.1950352,36.3264873],[-76.19500160000001,36.326551499999994],[-76.1949171,36.3265801],[-76.1948271,36.32661009999998],[-76.19476370000001,36.32662019999998],[-76.19475460000001,36.32647109999999],[-76.19474559999998,36.326461800000004],[-76.19471229999999,36.32642750000002],[-76.19464060000001,36.32640329999998],[-76.19452589999997,36.3264178],[-76.19444670000001,36.326456399999984],[-76.19436380000002,36.3265227],[-76.19427009999998,36.32651370000002],[-76.19412899999998,36.3265313],[-76.1940821,36.32657590000002],[-76.1940247,36.32663050000002],[-76.1938753,36.32664410000001],[-76.1937337,36.32663100000002],[-76.19371819999998,36.32662959999999],[-76.19359600000001,36.326614000000006],[-76.19344130000002,36.32658670000001],[-76.1933588,36.326594],[-76.19323229999998,36.3266433],[-76.19307120000002,36.32670810000002],[-76.19296459999998,36.32668510000002],[-76.19294150000002,36.32667750000002],[-76.1928959,36.326683100000025],[-76.19286110000002,36.32669870000001],[-76.19281410000002,36.32673089999997],[-76.19278969999999,36.32674750000001],[-76.1927786,36.32677690000003],[-76.19277949999997,36.326808700000015],[-76.19279089999998,36.32683909999997],[-76.19280739999999,36.3269052],[-76.19278969999999,36.3269176],[-76.19274209999998,36.32691169999998],[-76.19272219999999,36.32690580000002],[-76.19268149999999,36.32689379999999],[-76.1926186,36.326889300000005],[-76.1925564,36.326903500000014],[-76.19242170000001,36.32694279999998],[-76.19237090000001,36.32695100000001],[-76.19232590000001,36.326978699999984],[-76.19227810000001,36.327042500000005],[-76.1922687,36.32705499999997],[-76.19219249999998,36.32708659999997],[-76.19206969999999,36.32710750000001],[-76.19198699999998,36.32713000000001],[-76.19192650000002,36.327122799999984],[-76.19182210000002,36.32707290000002],[-76.1917982,36.32702210000002],[-76.1917656,36.326996699999995],[-76.19171369999998,36.326974500000006],[-76.1915894,36.326949300000024],[-76.19142679999999,36.32694359999999],[-76.19122060000001,36.32692220000001],[-76.19118049999997,36.32691999999997],[-76.1910959,36.326915499999984],[-76.19095859999999,36.32689629999999],[-76.19086390000001,36.326862000000006],[-76.19078180000002,36.326834599999984],[-76.19068140000002,36.3267831],[-76.19067009999998,36.32673169999998],[-76.19066780000003,36.3266203],[-76.19066780000003,36.32661680000001],[-76.19066520000001,36.326530400000024],[-76.19065510000001,36.3265093],[-76.1906411,36.32650369999999],[-76.1906295,36.32649909999998],[-76.19060000000002,36.326493400000004],[-76.19056569999998,36.32650289999998],[-76.19050679999998,36.3265313],[-76.1904902,36.32653929999998],[-76.19042100000001,36.32657710000001],[-76.19032229999999,36.32661940000003],[-76.1902991,36.32661940000003],[-76.19028839999999,36.32661519999999],[-76.1902781,36.32660499999997],[-76.19013899999999,36.32635909999999],[-76.19013480000001,36.326254000000006],[-76.19008050000002,36.32620830000002],[-76.18999630000002,36.32618980000001],[-76.1899249,36.32620689999999],[-76.1898784,36.326268500000026],[-76.1898521,36.3263025],[-76.18982540000002,36.32630390000003],[-76.18979789999997,36.326277300000015],[-76.1897798,36.32620969999999],[-76.18977719999998,36.3261579],[-76.1897664,36.326124100000015],[-76.18974359999999,36.3260889],[-76.18970839999997,36.3260793],[-76.18961639999998,36.326082499999984],[-76.18957519999998,36.32609289999999],[-76.18952089999999,36.32610030000001],[-76.18948879999999,36.32609100000002],[-76.18933729999998,36.326006199999995],[-76.18929059999999,36.325919399999975],[-76.1892709,36.325894800000015],[-76.18926099999999,36.32588229999999],[-76.18920889999998,36.32588229999999],[-76.18912399999999,36.32590329999999],[-76.1890722,36.32590859999999],[-76.188966,36.325857600000006],[-76.18889080000002,36.325823300000025],[-76.18883090000003,36.3257878],[-76.18878610000002,36.32573550000001],[-76.18874140000003,36.325667899999985],[-76.18868529999997,36.3256298],[-76.18861120000003,36.325618099999986],[-76.18851089999998,36.325602600000025],[-76.1884617,36.32555230000003],[-76.18841220000002,36.32545090000002],[-76.18841520000001,36.3253995],[-76.1884162,36.32538260000001],[-76.18841229999998,36.32534140000001],[-76.18838929999998,36.325301000000024],[-76.1883277,36.325272600000005],[-76.1882493,36.325271799999996],[-76.18808580000001,36.32534320000002],[-76.18798329999998,36.325318100000004],[-76.18792029999997,36.32527249999998],[-76.18788860000001,36.3251899],[-76.18785150000002,36.325158999999985],[-76.18778959999997,36.32514939999999],[-76.18767730000002,36.32513849999998],[-76.18755879999998,36.32512989999998],[-76.1875397,36.325128199999995],[-76.18747760000002,36.325122599999986],[-76.18737320000002,36.32506999999998],[-76.1873238,36.325025700000026],[-76.1872775,36.32498429999998],[-76.18724200000003,36.32492100000002],[-76.18721490000001,36.32489229999999],[-76.187185,36.32487370000001],[-76.1871319,36.324852799999974],[-76.18706329999998,36.32484410000001],[-76.18701920000001,36.32483960000002],[-76.18682769999998,36.32469579999997],[-76.18681520000001,36.32468640000002],[-76.18669360000001,36.324656000000004],[-76.186623,36.32464590000001],[-76.1865937,36.32464169999997],[-76.18654759999998,36.32460309999999],[-76.18652500000002,36.32454009999998],[-76.1865431,36.32447969999998],[-76.18654429999998,36.324470700000006],[-76.18655150000001,36.32441610000001],[-76.18652420000001,36.32435779999997],[-76.18646530000001,36.32432610000001],[-76.18636270000002,36.32427910000001],[-76.18626890000002,36.32427059999998],[-76.1861988,36.32425569999998],[-76.1861548,36.32426880000003],[-76.18613929999998,36.32429259999998],[-76.18613779999998,36.324321999999995],[-76.18613690000001,36.32433900000001],[-76.18612539999998,36.32442470000001],[-76.1860997,36.32443890000002],[-76.18606119999998,36.32443890000002],[-76.1860226,36.32441749999998],[-76.18598830000002,36.32437040000002],[-76.18595979999998,36.324309200000016],[-76.18594839999997,36.32428479999999],[-76.18591409999999,36.3242348],[-76.18587980000001,36.32420910000002],[-76.1858441,36.324202000000014],[-76.18582479999998,36.32420400000001],[-76.18578580000002,36.3242209],[-76.18576610000002,36.324237900000014],[-76.18569600000001,36.32423799999998],[-76.1856214,36.324224800000025],[-76.18554289999997,36.32419620000002],[-76.18547439999998,36.324138300000016],[-76.18548149999998,36.324112000000014],[-76.1855299,36.324079600000005],[-76.1855526,36.3240644],[-76.18556239999998,36.324025199999994],[-76.1855382,36.323976800000025],[-76.1854687,36.32390959999998],[-76.1854156,36.323886200000004],[-76.18540719999999,36.32388259999999],[-76.1853539,36.32385909999999],[-76.18520139999998,36.32379500000002],[-76.18519429999998,36.3237919],[-76.18512950000002,36.32376399999998],[-76.18509110000002,36.32372529999998],[-76.18506680000002,36.3236799],[-76.1850619,36.32366089999999],[-76.18505040000002,36.32361659999998],[-76.18502180000002,36.32359229999997],[-76.18495760000002,36.3235909],[-76.18483680000003,36.323595599999976],[-76.18477669999999,36.32360699999998],[-76.1846238,36.32363609999999],[-76.18455499999999,36.32361229999998],[-76.18448210000003,36.32354950000001],[-76.1844577,36.32348719999999],[-76.18445780000002,36.323422300000004],[-76.18445780000002,36.3234195],[-76.18447049999997,36.32336049999998],[-76.18447509999999,36.323342000000025],[-76.1844716,36.32329720000001],[-76.1844499,36.32327070000002],[-76.18443769999999,36.32326819999997],[-76.1843915,36.323258899999985]]]}},{"type":"Feature","properties":{},"geometry":{"type":"Polygon","coordinates":[[[-76.23566019999998,36.375],[-76.23567159999999,36.3750129],[-76.2356886,36.375084300000026],[-76.2357012,36.375137300000006],[-76.2356871,36.37519090000001],[-76.23566490000002,36.375314300000014],[-76.23560959999998,36.375435700000025],[-76.2355986,36.37550729999998],[-76.23552369999999,36.37558250000001],[-76.23550560000001,36.37561679999999],[-76.2355369,36.37564880000002],[-76.23560400000002,36.37566859999998],[-76.23566579999999,36.375662799999986],[-76.23573390000001,36.37558259999997],[-76.23574819999999,36.37553430000003],[-76.23574289999999,36.375447099999974],[-76.23583079999997,36.375425699999994],[-76.23588590000003,36.3754002],[-76.23593169999998,36.37534959999999],[-76.23591900000002,36.37530099999998],[-76.23589140000001,36.3752288],[-76.23589040000002,36.375119100000006],[-76.23586510000001,36.375014799999974],[-76.23586490000002,36.375],[-76.25686810000002,36.375],[-76.25687140000002,36.375005199999976],[-76.2569537,36.375098200000025],[-76.25709210000002,36.37521370000002],[-76.25719279999998,36.37526600000001],[-76.25741959999999,36.37541190000002],[-76.25760380000003,36.37554039999998],[-76.25790169999999,36.37579390000002],[-76.25803280000002,36.375889400000005],[-76.25812239999999,36.37599230000001],[-76.25818170000002,36.37607300000002],[-76.2582367,36.376141399999995],[-76.25823400000002,36.376169300000015],[-76.25821200000001,36.3762433],[-76.25821300000001,36.37629129999999],[-76.25822249999999,36.3763338],[-76.2582673,36.376353600000016],[-76.25833399999999,36.3763649],[-76.25844869999997,36.3763922],[-76.2584905,36.37641580000002],[-76.25855189999999,36.376473499999975],[-76.25861839999999,36.37653180000001],[-76.2586791,36.37655819999998],[-76.25876629999999,36.3765975],[-76.25884109999998,36.37665229999999],[-76.258896,36.37670109999999],[-76.25887669999997,36.37678690000001],[-76.25886000000003,36.37684760000002],[-76.25883850000002,36.37691769999998],[-76.2587929,36.37701240000001],[-76.2587067,36.37709410000002],[-76.25863299999997,36.3771696],[-76.25859530000002,36.37722739999998],[-76.25855739999997,36.37728550000003],[-76.25849829999999,36.37734610000001],[-76.25845079999999,36.37738059999998],[-76.2583793,36.377415299999996],[-76.25833460000001,36.37743089999998],[-76.25831019999998,36.377437799999996],[-76.25826,36.37745189999998],[-76.25804629999999,36.377530200000024],[-76.25790849999998,36.3775976],[-76.25777720000002,36.377675599999975],[-76.25757750000002,36.37783680000001],[-76.25748870000001,36.377948100000026],[-76.25744029999998,36.3780496],[-76.25739600000003,36.378247199999976],[-76.2575127,36.378509399999984],[-76.25747239999998,36.378550399999995],[-76.25736139999998,36.37854850000002],[-76.25733439999999,36.37854800000002],[-76.2572654,36.37859959999997],[-76.25727690000002,36.37865360000001],[-76.2573175,36.37869269999999],[-76.25740860000002,36.37874579999999],[-76.25741929999998,36.37875200000002],[-76.25746830000003,36.378830300000004],[-76.2575266,36.37895090000001],[-76.25752210000002,36.37901049999999],[-76.25751960000002,36.379044599999986],[-76.2574725,36.379184399999986],[-76.25744070000002,36.37932549999999],[-76.2574472,36.37940500000002],[-76.25748440000001,36.379485199999976],[-76.25757170000003,36.3795743],[-76.25760020000001,36.37961419999999],[-76.25763999999998,36.379669999999976],[-76.2576497,36.37969450000003],[-76.2576616,36.379724899999985],[-76.25769489999999,36.37979619999999],[-76.25770319999998,36.379872999999975],[-76.2577111,36.379916200000025],[-76.25765000000001,36.3800018],[-76.2576497,36.38000240000002],[-76.25759479999999,36.38010029999998],[-76.25755980000002,36.38020999999998],[-76.25746600000002,36.3803537],[-76.25738619999998,36.3804528],[-76.25731480000002,36.38057479999998],[-76.2573112,36.380588699999976],[-76.25725899999998,36.380794700000024],[-76.25724589999999,36.38086120000003],[-76.25722439999998,36.38097060000001],[-76.25722080000003,36.38105150000001],[-76.257203,36.381192899999974],[-76.25717420000001,36.38134889999998],[-76.25698679999999,36.38171110000002],[-76.25698699999998,36.38171410000001],[-76.25695139999999,36.381783299999995],[-76.25684560000002,36.3820015],[-76.25679300000002,36.382135600000026],[-76.25677239999999,36.38226950000001],[-76.25678240000002,36.382323299999996],[-76.25679559999998,36.3823941],[-76.25681759999998,36.38247289999998],[-76.2568278,36.38254439999997],[-76.25680749999998,36.38259640000001],[-76.25673219999999,36.38270970000002],[-76.25657960000001,36.382905900000026],[-76.2563877,36.383090100000004],[-76.25627100000003,36.38316099999997],[-76.25616409999998,36.38319969999998],[-76.25606190000002,36.383250299999986],[-76.2559933,36.38333510000001],[-76.25598450000001,36.38343179999998],[-76.25602120000002,36.383497499999976],[-76.25609659999998,36.38354399999997],[-76.25614359999997,36.383547299999975],[-76.25618859999997,36.38351110000002],[-76.25621910000001,36.383450700000026],[-76.25624099999999,36.383315900000014],[-76.25630080000002,36.38330180000003],[-76.25641339999999,36.38328539999998],[-76.25651779999998,36.383246499999984],[-76.2566061,36.383212300000025],[-76.25671019999999,36.38312139999999],[-76.25677250000001,36.383018400000026],[-76.25686380000002,36.3828206],[-76.25692700000002,36.382711400000005],[-76.25697170000001,36.38267719999999],[-76.25699709999998,36.38267730000001],[-76.25701780000003,36.38267739999998],[-76.2571029,36.38275490000001],[-76.2571666,36.38281999999998],[-76.25724179999997,36.382948399999975],[-76.25732140000002,36.383080199999995],[-76.25732670000002,36.38308919999997],[-76.25740619999999,36.38317030000002],[-76.2574773,36.38319439999998],[-76.25749910000002,36.383201799999995],[-76.25757240000002,36.38322740000001],[-76.25759820000002,36.3832587],[-76.25763239999998,36.383300399999996],[-76.25778079999998,36.383419100000026],[-76.25788619999997,36.383489199999985],[-76.25809459999999,36.38360110000002],[-76.25813900000003,36.38365820000001],[-76.25819619999999,36.38377759999997],[-76.25824899999998,36.3838925],[-76.25823869999999,36.38396419999998],[-76.25815490000002,36.38403820000002],[-76.2580663,36.38411910000002],[-76.2580491,36.38417659999999],[-76.25806540000002,36.38421440000002],[-76.25811920000001,36.38425059999997],[-76.2581677,36.38424379999998],[-76.25823939999998,36.384209],[-76.2583323,36.384160699999995],[-76.25841830000002,36.384124199999974],[-76.2584665,36.384164],[-76.25851790000002,36.384225300000026],[-76.2585846,36.38428670000002],[-76.2586278,36.38432640000002],[-76.25871590000003,36.38447259999998],[-76.25883040000002,36.384613],[-76.25886919999999,36.384660199999985],[-76.2589155,36.384716500000025],[-76.25900810000002,36.38479080000002],[-76.25911719999999,36.384830799999975],[-76.25929550000001,36.38488389999998],[-76.25965000000002,36.3849525],[-76.25994530000003,36.384977100000015],[-76.2600999,36.38498759999999],[-76.26010280000003,36.384987799999976],[-76.26024239999998,36.384998800000005],[-76.26031030000001,36.38502590000002],[-76.26036110000001,36.38504449999999],[-76.26055000000002,36.38511360000001],[-76.26065030000001,36.3851502],[-76.260716,36.385175100000026],[-76.2609238,36.385300400000006],[-76.26096480000001,36.38535400000001],[-76.26101640000002,36.38542319999999],[-76.26107109999998,36.38545319999997],[-76.26114949999999,36.385469899999975],[-76.26129270000001,36.38549569999998],[-76.26143889999997,36.38552800000002],[-76.26146060000002,36.38553280000002],[-76.26153369999997,36.3855509],[-76.26163580000002,36.385600599999975],[-76.26172150000002,36.3856571],[-76.2617687,36.38566759999998],[-76.26199079999998,36.38559140000001],[-76.26207069999998,36.385588299999995],[-76.26216240000002,36.385620500000016],[-76.26220649999999,36.385634900000014],[-76.26224789999998,36.38559509999999],[-76.26225620000002,36.385535800000014],[-76.26227990000001,36.38548509999998],[-76.26232190000002,36.38546919999999],[-76.2624442,36.38548350000002],[-76.26261340000002,36.385510599999975],[-76.2630436,36.385579500000006],[-76.26319339999998,36.385617000000025],[-76.2632817,36.38568299999997],[-76.26332739999998,36.385750400000006],[-76.26337699999999,36.385800700000004],[-76.2633836,36.385807399999976],[-76.2634415,36.385833400000024],[-76.26348059999998,36.3858376],[-76.26350079999997,36.385839799999985],[-76.26354950000001,36.38585870000003],[-76.26355469999999,36.385864000000026],[-76.26358540000001,36.38589519999999],[-76.26360799999998,36.385938399999986],[-76.26362690000002,36.3859746],[-76.26368250000002,36.386045000000024],[-76.26373160000003,36.386078499999996],[-76.2637851,36.3860626],[-76.26383379999999,36.38606290000001],[-76.2639125,36.38609600000001],[-76.26399120000002,36.386119699999995],[-76.26406750000001,36.38610590000002],[-76.26412490000001,36.3860894],[-76.26423679999999,36.38615140000002],[-76.26429619999999,36.38614849999999],[-76.26435830000003,36.38614380000001],[-76.26447300000001,36.386056800000006],[-76.26457670000002,36.386131499999976],[-76.2646494,36.38620759999998],[-76.264702,36.3862259],[-76.26475520000002,36.386174700000026],[-76.26486010000002,36.386032],[-76.2649204,36.38597149999998],[-76.2649965,36.38597900000002],[-76.26516729999997,36.386042299999986],[-76.26527979999997,36.38603569999998],[-76.26533710000001,36.38606420000002],[-76.2653464,36.38616059999998],[-76.26543700000002,36.38635979999998],[-76.2654918,36.386476000000016],[-76.26564509999997,36.38652669999999],[-76.2656753,36.38654839999998],[-76.26576840000001,36.386629200000016],[-76.26586479999997,36.38668280000002],[-76.26607810000002,36.3866946],[-76.26610269999998,36.38669399999998],[-76.26625680000001,36.386765500000024],[-76.26637360000001,36.38686089999999],[-76.2664423,36.3869358],[-76.26646570000003,36.38698410000001],[-76.26650869999997,36.38702380000001],[-76.26658250000003,36.3870551],[-76.26662019999998,36.38704419999999],[-76.26666499999999,36.387012200000015],[-76.2667472,36.3870177],[-76.2668878,36.38708500000001],[-76.266911,36.38709080000001],[-76.2670182,36.3871044],[-76.2670857,36.3870996],[-76.2672119,36.38710400000002],[-76.2672748,36.387133000000006],[-76.26738039999998,36.38720999999998],[-76.26743040000002,36.38724639999998],[-76.26750140000001,36.387303299999985],[-76.2675974,36.38743520000003],[-76.26765119999999,36.387478199999975],[-76.26768779999998,36.387492099999974],[-76.26774289999997,36.387512800000025],[-76.26777479999998,36.387516800000014],[-76.2678206,36.38751350000001],[-76.26788370000003,36.3875089],[-76.26814639999998,36.3874821],[-76.26827530000003,36.38749059999998],[-76.26841130000003,36.387480100000005],[-76.26855030000002,36.387451399999975],[-76.26863120000002,36.38744589999999],[-76.26890300000002,36.38747239999998],[-76.2697321,36.38767619999999],[-76.26994000000002,36.387721399999975],[-76.27017749999999,36.387786800000015],[-76.27079099999997,36.3880001],[-76.27095109999999,36.38811470000002],[-76.27116740000002,36.38824970000002],[-76.27128160000001,36.38828430000001],[-76.27142300000003,36.38832150000002],[-76.27183289999999,36.38830630000001],[-76.27184160000002,36.388306],[-76.272018,36.38829950000002],[-76.2721497,36.38832159999998],[-76.27224610000002,36.38830840000003],[-76.27231080000001,36.38829279999999],[-76.27247219999998,36.388269200000025],[-76.2725648,36.38827859999998],[-76.2726422,36.388293499999975],[-76.27277759999998,36.388338999999974],[-76.2729491,36.388377100000014],[-76.27303080000002,36.388389399999994],[-76.27314059999998,36.38837360000002],[-76.27322229999999,36.38837130000002],[-76.27341239999998,36.38838329999999],[-76.27351040000002,36.3883912],[-76.27362579999999,36.388403100000005],[-76.27378850000002,36.38842460000001],[-76.27378920000001,36.38842490000002],[-76.27411180000001,36.388430400000004],[-76.2741532,36.388419699999986],[-76.27430370000002,36.38838449999997],[-76.27434419999997,36.388381700000025],[-76.27446509999999,36.38836459999999],[-76.27450329999999,36.388358700000026],[-76.274607,36.388328899999976],[-76.27465519999998,36.38830150000001],[-76.27495599999997,36.38817899999998],[-76.27499999999998,36.388165000000015],[-76.27499999999998,36.44999999999999],[-76.25623819999998,36.44999999999999],[-76.19999999999999,36.44999999999999],[-76.19999999999999,36.40268420000001],[-76.19999999999999,36.375],[-76.23566019999998,36.375]]]}},{"type":"Feature","properties":{},"geometry":{"type":"Polygon","coordinates":[[[-76.44441669999998,36.074435300000005],[-76.44322340000002,36.07447139999999],[-76.44249300000001,36.07452569999998],[-76.44187470000003,36.07459799999998],[-76.44107550000001,36.07463419999999],[-76.43950260000003,36.074167699999975],[-76.4392133,36.0741496],[-76.43901440000002,36.074254499999995],[-76.43881549999998,36.074399099999994],[-76.43779949999998,36.07470649999999],[-76.4362916,36.07497410000002],[-76.4357817,36.07493790000001],[-76.43496449999998,36.0746522],[-76.43476199999998,36.07467029999998],[-76.43443300000001,36.0747571],[-76.43398819999999,36.0749017],[-76.43368079999999,36.074955999999986],[-76.4335036,36.0749017],[-76.43323609999999,36.074435300000005],[-76.4330842,36.07430870000002],[-76.43283830000001,36.074218299999984],[-76.43268280000001,36.074095399999976],[-76.43255260000001,36.07396879999999],[-76.43250560000001,36.07386029999998],[-76.43266110000002,36.07352040000001],[-76.43281660000002,36.0730901],[-76.43277319999999,36.072873200000004],[-76.43259599999999,36.072692399999994],[-76.4321693,36.07249710000002],[-76.4312653,36.0725152],[-76.4308206,36.07249710000002],[-76.43051320000001,36.07231630000001],[-76.42967069999997,36.07150630000001],[-76.42956220000002,36.07136170000001],[-76.42951520000003,36.07107239999999],[-76.4296056,36.070374500000014],[-76.42958390000001,36.07013949999998],[-76.42951520000003,36.07003099999997],[-76.4294501,36.069976699999984],[-76.42922950000002,36.069940599999995],[-76.42881010000002,36.06995869999997],[-76.42874139999998,36.070012899999995],[-76.42876310000003,36.070121400000005],[-76.4291174,36.0705155],[-76.42920779999997,36.07066020000002],[-76.42925120000001,36.07085910000001],[-76.42916079999998,36.070967499999995],[-76.4290957,36.07103619999998],[-76.42709969999999,36.071488199999976],[-76.4257293,36.072030600000005],[-76.42500000000001,36.0721547],[-76.42500000000001,36.059520099999986],[-76.42652479999998,36.05832959999998],[-76.43077720000002,36.05480399999999],[-76.43164139999999,36.05399399999999],[-76.43277319999999,36.05280800000003],[-76.4333699,36.051998000000026],[-76.43507299999999,36.0502515],[-76.43682669999998,36.048834],[-76.43746679999998,36.048222899999985],[-76.43830930000001,36.047427400000004],[-76.4397449,36.04688859999999],[-76.44067419999999,36.04665720000003],[-76.44196149999999,36.046422199999995],[-76.4423592,36.0462594],[-76.44260509999998,36.04613649999999],[-76.4436212,36.04534460000002],[-76.44401900000003,36.04500469999999],[-76.44561720000002,36.04354380000001],[-76.44570399999998,36.0433486],[-76.44568229999999,36.0424663],[-76.4458161,36.042144399999984],[-76.44590290000002,36.042035999999996],[-76.44605840000003,36.041927499999986],[-76.4478302,36.041424800000016],[-76.4481376,36.04109940000001],[-76.44831479999999,36.0409909],[-76.4485353,36.04090050000002],[-76.4494249,36.04064740000001],[-76.44962379999998,36.04045209999998],[-76.4498226,36.04019899999997],[-76.44991299999998,36.040000099999986],[-76.45002149999999,36.03949749999998],[-76.4501553,36.039320299999986],[-76.45039759999997,36.039139499999976],[-76.45146069999998,36.03908530000001],[-76.45194880000003,36.038763500000016],[-76.45230320000002,36.03827530000001],[-76.45241170000003,36.038025800000014],[-76.45243340000002,36.03750150000002],[-76.45256719999998,36.03726649999999],[-76.45334100000002,36.036836100000016],[-76.45352179999998,36.03672769999997],[-76.45387620000002,36.0364601],[-76.45407499999999,36.03631539999998],[-76.45476209999998,36.0353427],[-76.45597709999998,36.033545600000025],[-76.4565303,36.032554800000014],[-76.45715230000002,36.03110120000002],[-76.45732939999999,36.03041409999997],[-76.45737279999997,36.03005619999999],[-76.4572607,36.02930040000001],[-76.4572824,36.02899309999998],[-76.45739450000002,36.02870739999997],[-76.45763679999999,36.028562799999975],[-76.4579731,36.02870739999997],[-76.45828410000001,36.02870739999997],[-76.45843960000002,36.02865320000001],[-76.4585697,36.028562799999975],[-76.45866009999997,36.02845430000002],[-76.45896750000003,36.02761170000002],[-76.45901450000002,36.02744899999999],[-76.45903620000001,36.02726819999998],[-76.4590579,36.026671599999986],[-76.45912299999998,36.02602430000002],[-76.45925679999999,36.025254099999984],[-76.45934360000001,36.02512760000002],[-76.4594123,36.025037199999986],[-76.45954599999999,36.02494680000001],[-76.46007400000002,36.0247334],[-76.46051879999999,36.024715300000025],[-76.461025,36.02475149999998],[-76.4613794,36.024516500000004],[-76.46159990000001,36.02406810000002],[-76.46224719999998,36.023362899999995],[-76.46264500000001,36.02323639999997],[-76.46302100000003,36.023218299999996],[-76.46419259999999,36.02300500000001],[-76.46454699999998,36.022733800000026],[-76.4652557,36.022769900000014],[-76.46556670000001,36.02275179999998],[-76.4658523,36.02267949999998],[-76.4662573,36.022625300000016],[-76.46645619999998,36.02267949999998],[-76.4668974,36.0228965],[-76.46709620000001,36.0229688],[-76.46780510000002,36.02277809999998],[-76.46881689999998,36.022548099999995],[-76.46909390000002,36.02250249999997],[-76.4693332,36.02240069999999],[-76.46949699999999,36.022314600000016],[-76.46982939999998,36.02211110000002],[-76.47020520000001,36.021719700000006],[-76.47048469999999,36.02149659999998],[-76.4707689,36.02136350000001],[-76.47103390000001,36.021355700000015],[-76.47125069999998,36.02140270000001],[-76.47156869999998,36.021610099999975],[-76.47186740000001,36.021801900000014],[-76.47215649999998,36.02184490000002],[-76.47259059999999,36.02179910000001],[-76.47306759999998,36.021732499999985],[-76.4735253,36.02166599999998],[-76.47393,36.02161510000002],[-76.47426239999999,36.02153290000001],[-76.47530310000002,36.021137599999975],[-76.47640159999997,36.02070709999998],[-76.47758679999998,36.02032750000001],[-76.47819859999998,36.0202453],[-76.47962469999999,36.02019439999998],[-76.48003419999998,36.02015519999998],[-76.48066060000002,36.019987000000015],[-76.48137839999998,36.0197599],[-76.4822264,36.01956819999998],[-76.48254609999998,36.01953090000001],[-76.48297050000002,36.0195119],[-76.483585,36.019329400000004],[-76.4839801,36.01916499999999],[-76.4842691,36.0189967],[-76.48445220000002,36.01891060000003],[-76.4846594,36.01884799999999],[-76.48490959999998,36.01879969999999],[-76.48572480000001,36.018760799999995],[-76.486516,36.01869260000001],[-76.48721130000001,36.018527000000006],[-76.48773640000002,36.0183801],[-76.4880473,36.01832589999998],[-76.48846680000003,36.0183078],[-76.4887091,36.01832589999998],[-76.48915019999998,36.018202900000006],[-76.48948289999998,36.017967899999974],[-76.48975050000001,36.01785940000002],[-76.49067980000001,36.0178052],[-76.49172119999997,36.017356800000016],[-76.49300490000002,36.01642020000003],[-76.49318199999999,36.016329799999994],[-76.49462119999998,36.01616710000002],[-76.4954818,36.01595020000002],[-76.4963497,36.015664500000014],[-76.49657020000001,36.015483700000004],[-76.49723560000001,36.014623099999994],[-76.49739110000002,36.014442299999985],[-76.49747780000001,36.014388],[-76.49781050000001,36.014333799999974],[-76.5,36.0142429],[-76.5,36.07499999999999],[-76.44802700000002,36.07499999999999],[-76.44785189999999,36.07486560000001],[-76.4473638,36.0745799],[-76.4470781,36.07427259999997],[-76.4469226,36.07396879999999],[-76.4469009,36.073646999999994],[-76.4470311,36.073213099999975],[-76.44727699999999,36.072999700000025],[-76.44838349999998,36.07240669999999],[-76.4487125,36.07229819999998],[-76.44884630000001,36.07222589999998],[-76.44884630000001,36.072189700000024],[-76.4487595,36.072117400000025],[-76.44793870000001,36.072066800000016],[-76.44745419999998,36.072189700000024],[-76.44714320000003,36.0724429],[-76.44667670000001,36.0729455],[-76.44652480000002,36.07317690000002],[-76.44645609999998,36.073538499999984],[-76.44641280000002,36.074254499999995],[-76.446326,36.07448950000003],[-76.44625730000001,36.074561800000026],[-76.44619219999998,36.07459799999998],[-76.44603669999998,36.07459799999998],[-76.4454834,36.074507600000004],[-76.44521950000001,36.074435300000005],[-76.4448145,36.07441720000003],[-76.44441669999998,36.074435300000005]]]}},{"type":"Feature","properties":{},"geometry":{"type":"Polygon","coordinates":[[[-76.41680500000001,36.064599799999996],[-76.4172461,36.06440450000002],[-76.41766919999998,36.06413329999998],[-76.4184864,36.063399300000015],[-76.4204608,36.06266160000001],[-76.42152019999997,36.0621951],[-76.4221422,36.061746700000015],[-76.42355600000002,36.060647500000016],[-76.42500000000001,36.059520099999986],[-76.42500000000001,36.0721547],[-76.42468780000002,36.0722078],[-76.42409120000002,36.0722078],[-76.42389229999998,36.0721355],[-76.4237549,36.072030600000005],[-76.42366809999999,36.07190050000003],[-76.42366809999999,36.07173770000003],[-76.42371150000002,36.071574999999996],[-76.42387059999999,36.07128940000001],[-76.42398270000001,36.07114469999999],[-76.42402609999999,36.07100009999999],[-76.4240044,36.07091329999997],[-76.42393570000002,36.07087710000002],[-76.4237549,36.070822899999996],[-76.42355600000002,36.070895199999995],[-76.42342589999998,36.071054300000014],[-76.42236279999997,36.072533299999975],[-76.42200839999998,36.07272849999998],[-76.42171910000002,36.072746600000016],[-76.42063789999997,36.072638100000006],[-76.4202836,36.07267430000002],[-76.41977370000001,36.07265619999998],[-76.41950609999998,36.07242480000002],[-76.4192602,36.072117400000025],[-76.4189963,36.07191849999998],[-76.41852979999999,36.071792000000016],[-76.41822239999999,36.07181009999999],[-76.41735820000002,36.07190050000003],[-76.41696050000002,36.07188239999999],[-76.41638549999999,36.07166539999997],[-76.41616490000001,36.07150630000001],[-76.4157419,36.0713255],[-76.41563339999999,36.07121699999999],[-76.41563339999999,36.070895199999995],[-76.41567680000003,36.070786699999985],[-76.41569850000002,36.07056979999999],[-76.41572020000001,36.06988999999999],[-76.41596609999999,36.069419900000014],[-76.41596609999999,36.06931500000002],[-76.4158974,36.069116099999974],[-76.41572020000001,36.0690257],[-76.41559000000001,36.068971499999975],[-76.415232,36.0688811],[-76.41511989999998,36.06891730000001],[-76.41500780000001,36.069043799999974],[-76.41476560000001,36.06958259999999],[-76.4146101,36.070085199999994],[-76.4144799,36.07024790000003],[-76.41441120000002,36.070302200000015],[-76.41425570000001,36.070374500000014],[-76.41387959999997,36.07047940000001],[-76.4137025,36.07055170000001],[-76.41368080000001,36.070642099999986],[-76.41361569999998,36.07069630000001],[-76.41350360000001,36.070714399999986],[-76.41328299999998,36.070642099999986],[-76.4128852,36.07055170000001],[-76.41279850000001,36.07049749999999],[-76.41242240000003,36.07049749999999],[-76.41233199999999,36.070410700000025],[-76.41224519999997,36.07028409999998],[-76.41204629999999,36.07021179999998],[-76.4118004,36.07021179999998],[-76.41167030000003,36.07024790000003],[-76.41151480000002,36.07035639999998],[-76.41144609999998,36.07046129999998],[-76.41149309999997,36.07080480000002],[-76.41167030000003,36.07098559999997],[-76.4118221,36.0712532],[-76.4118221,36.07153890000001],[-76.41164859999998,36.07208129999998],[-76.41149309999997,36.07237049999998],[-76.4112255,36.072605599999974],[-76.4106903,36.07265619999998],[-76.4105131,36.072692399999994],[-76.4104264,36.07276469999999],[-76.41033599999997,36.07276469999999],[-76.41020580000003,36.07272849999998],[-76.4101154,36.072117400000025],[-76.41022750000002,36.07121699999999],[-76.41020580000003,36.07094949999998],[-76.4099382,36.07035639999998],[-76.409808,36.070229900000015],[-76.4096308,36.07015749999999],[-76.4093633,36.07013949999998],[-76.4088534,36.070012899999995],[-76.40783729999998,36.06949220000001],[-76.40732750000001,36.069079999999985],[-76.40724069999999,36.06893530000002],[-76.40726239999998,36.0686316],[-76.40710689999997,36.06851949999998],[-76.40706349999999,36.06844719999998],[-76.40706349999999,36.06823379999997],[-76.40726239999998,36.068016899999975],[-76.40741789999998,36.0679265],[-76.40766009999999,36.0678542],[-76.40783729999998,36.06787220000001],[-76.40803620000003,36.067944599999976],[-76.4082568,36.06796259999999],[-76.4087015,36.0679265],[-76.4089004,36.0679265],[-76.40907759999999,36.06803500000001],[-76.40940669999998,36.068161499999974],[-76.4097827,36.0681434],[-76.4100937,36.0680711],[-76.41062520000003,36.06783610000002],[-76.41106639999998,36.067441900000006],[-76.41124719999999,36.06719240000001],[-76.41124719999999,36.06690320000001],[-76.41120380000001,36.066635599999984],[-76.4112255,36.066508999999996],[-76.4112725,36.066472799999985],[-76.411381,36.066454799999974],[-76.4117137,36.06654520000001],[-76.41186909999999,36.066472799999985],[-76.41191250000003,36.06641860000002],[-76.4119776,36.065916000000016],[-76.4120246,36.06578940000003],[-76.41228860000001,36.06546759999998],[-76.4123103,36.06506619999999],[-76.41237539999997,36.064925200000005],[-76.41255260000003,36.064816699999994],[-76.41284180000002,36.06479860000002],[-76.4133951,36.06516019999998],[-76.41352890000002,36.065178300000014],[-76.41359399999999,36.06512409999999],[-76.41368080000001,36.064888999999994],[-76.4137025,36.06454550000001],[-76.4137278,36.06445869999999],[-76.41518500000001,36.063956099999984],[-76.4154562,36.063919999999996],[-76.41559000000001,36.063956099999984],[-76.41611790000002,36.06458170000002],[-76.41622999999998,36.06465400000002],[-76.416541,36.06465400000002],[-76.4166965,36.06461780000001],[-76.41680500000001,36.064599799999996]]]}},{"type":"Feature","properties":{},"geometry":{"type":"Polygon","coordinates":[[[-76.4063294,36.069369300000005],[-76.40623900000003,36.06927889999997],[-76.40623900000003,36.069116099999974],[-76.40639449999998,36.069007699999986],[-76.40652829999999,36.068971499999975],[-76.4066368,36.06898960000001],[-76.40677060000002,36.06906190000001],[-76.4068393,36.069188499999996],[-76.4066838,36.06940179999998],[-76.40648490000001,36.069419900000014],[-76.4063294,36.069369300000005]]]}},{"type":"Feature","properties":{},"geometry":{"type":"Polygon","coordinates":[[[-76.42692249999999,36.09002379999998],[-76.42696949999998,36.090005700000006],[-76.42696949999998,36.089951499999984],[-76.42685740000002,36.0896803],[-76.42621739999998,36.08888839999997],[-76.4259715,36.0886534],[-76.42559549999999,36.08854489999999],[-76.42502050000002,36.08847259999999],[-76.42500000000001,36.08846699999998],[-76.42500000000001,36.080023100000005],[-76.42511089999999,36.080152199999986],[-76.4252194,36.08020640000001],[-76.42533150000003,36.080224499999986],[-76.4253966,36.0800979],[-76.42540919999999,36.07999369999999],[-76.42543999999998,36.07973989999999],[-76.42543999999998,36.07968570000003],[-76.42568590000002,36.079508499999974],[-76.4266369,36.0794181],[-76.42736730000001,36.07938200000001],[-76.42760959999998,36.07925540000002],[-76.4279206,36.07887929999998],[-76.42810129999998,36.078843199999994],[-76.4282351,36.078843199999994],[-76.42949349999998,36.07921920000001],[-76.4308206,36.07961340000003],[-76.43148589999998,36.07979419999998],[-76.43197049999998,36.0799207],[-76.43214760000001,36.07997499999999],[-76.43263940000003,36.08031490000002],[-76.4327298,36.080369099999984],[-76.43299380000002,36.080369099999984],[-76.43317100000002,36.08024260000002],[-76.43325779999998,36.080115999999975],[-76.43328309999998,36.07993879999998],[-76.4333699,36.079812300000015],[-76.43354699999998,36.07968570000003],[-76.43392310000002,36.07968570000003],[-76.43463179999998,36.079830300000026],[-76.43496449999998,36.07993879999998],[-76.4355395,36.080115999999975],[-76.43569129999997,36.08024260000002],[-76.43584679999998,36.080405299999995],[-76.43606740000001,36.08094410000001],[-76.43633499999999,36.08132010000003],[-76.43655919999998,36.081374400000016],[-76.436758,36.081301999999994],[-76.43687010000002,36.081193600000006],[-76.4369352,36.0810525],[-76.4369135,36.08078130000001],[-76.43684839999997,36.080405299999995],[-76.4369352,36.080224499999986],[-76.4370907,36.08004729999999],[-76.43733300000002,36.0798484],[-76.4377091,36.079631500000005],[-76.43843950000002,36.07938200000001],[-76.43859500000002,36.0794181],[-76.43861670000001,36.07945430000001],[-76.4386384,36.07997499999999],[-76.43872879999998,36.08007980000002],[-76.43919160000002,36.08027870000001],[-76.43961109999998,36.08031490000002],[-76.43976659999998,36.08027870000001],[-76.43987859999999,36.080152199999986],[-76.43992200000002,36.07997499999999],[-76.4399654,36.07990269999999],[-76.44009920000002,36.07986649999998],[-76.4406525,36.07986649999998],[-76.44078630000001,36.079830300000026],[-76.4410322,36.079631500000005],[-76.44132139999999,36.07952660000001],[-76.44162879999999,36.079472399999986],[-76.44169749999998,36.079436199999975],[-76.44185299999998,36.07921920000001],[-76.44211689999997,36.07900590000003],[-76.44244959999997,36.07880340000003],[-76.44293420000002,36.07871299999999],[-76.44333189999998,36.07873110000003],[-76.44357780000001,36.07886130000003],[-76.44382009999998,36.0790384],[-76.44401900000003,36.07940000000002],[-76.4441094,36.07990269999999],[-76.44413109999999,36.08020640000001],[-76.4441961,36.08031490000002],[-76.44479280000002,36.08087169999999],[-76.44492659999997,36.08103449999999],[-76.44508569999999,36.081374400000016],[-76.44526289999999,36.08157319999998],[-76.44537500000001,36.08166],[-76.4456606,36.081750399999976],[-76.44619219999998,36.08169620000001],[-76.44639110000003,36.08173240000002],[-76.44647780000003,36.08173240000002],[-76.44670200000002,36.0818228],[-76.4469009,36.08194930000002],[-76.4470528,36.08207590000001],[-76.4472553,36.082437500000026],[-76.44751919999999,36.08295820000001],[-76.44758430000002,36.08301239999997],[-76.4478049,36.082994299999996],[-76.4481159,36.082813499999986],[-76.44824970000002,36.082795499999975],[-76.44880289999998,36.082867799999974],[-76.44947189999999,36.082976299999984],[-76.4499998,36.08303050000001],[-76.45022399999999,36.08301239999997],[-76.4506869,36.0828497],[-76.45082070000001,36.08263640000001],[-76.45110629999999,36.081858899999986],[-76.45130519999998,36.081627500000025],[-76.45150410000002,36.081555200000025],[-76.45175,36.08150089999998],[-76.45192709999998,36.08153709999999],[-76.4521911,36.08166],[-76.45243340000002,36.08202160000002],[-76.4526793,36.08313900000002],[-76.45278780000001,36.08322939999999],[-76.45320720000001,36.08324379999999],[-76.4536339,36.08376449999997],[-76.4537894,36.08446600000002],[-76.4537894,36.08516750000001],[-76.45354350000002,36.08570630000003],[-76.45334100000002,36.086013700000024],[-76.45329759999998,36.086194499999976],[-76.4534061,36.086462100000006],[-76.4534061,36.08669709999998],[-76.45323250000001,36.0868418],[-76.45314209999998,36.08698279999999],[-76.45316380000003,36.087055099999986],[-76.45331929999998,36.0870913],[-76.45356880000003,36.087055099999986],[-76.45374240000001,36.08696470000001],[-76.4542088,36.0869285],[-76.45447280000002,36.087018899999975],[-76.45476209999998,36.087199699999985],[-76.45491759999999,36.087344400000006],[-76.45509479999998,36.08858099999998],[-76.4553153,36.08868949999999],[-76.4557782,36.08904749999999],[-76.45586859999997,36.089340400000026],[-76.45569139999998,36.08966220000002],[-76.455648,36.08986110000001],[-76.45597709999998,36.09020099999998],[-76.4559554,36.09039990000002],[-76.45597709999998,36.09054450000002],[-76.45599879999997,36.090558999999985],[-76.45646520000003,36.090558999999985],[-76.45739450000002,36.090631299999984],[-76.45804179999999,36.090776000000005],[-76.45812860000001,36.090848300000005],[-76.45819369999998,36.09093869999998],[-76.45824069999998,36.09111589999998],[-76.45826240000002,36.09145940000002],[-76.45843960000002,36.09183539999998],[-76.45850460000003,36.09194389999999],[-76.45883730000003,36.09224769999997],[-76.4590796,36.092265699999984],[-76.4592351,36.09224769999997],[-76.45974489999998,36.09217530000001],[-76.46113709999997,36.09176309999998],[-76.46127089999999,36.091672700000004],[-76.46129259999998,36.091332799999975],[-76.4613794,36.09111589999998],[-76.46146979999997,36.09101099999998],[-76.46159990000001,36.09101099999998],[-76.46171199999998,36.091029100000014],[-76.46273539999999,36.09187159999999],[-76.46299929999998,36.092229599999996],[-76.46335370000003,36.09304320000001],[-76.46339710000001,36.09309739999998],[-76.46348749999999,36.09316610000002],[-76.46355260000001,36.09316610000002],[-76.4637515,36.09306129999999],[-76.46503510000002,36.092916600000024],[-76.46527739999999,36.0928624],[-76.46556670000001,36.09268159999999],[-76.46632240000002,36.092446499999994],[-76.46694079999997,36.092410400000006],[-76.46733849999998,36.092446499999994],[-76.46782669999999,36.092663500000015],[-76.46793880000001,36.09259479999997],[-76.4679822,36.09231999999997],[-76.46804730000002,36.09221150000002],[-76.46849200000003,36.09210300000001],[-76.46933089999999,36.09199819999998],[-76.47050610000002,36.09201619999999],[-76.47112809999999,36.092301899999995],[-76.47221289999999,36.09275389999999],[-76.47293969999998,36.09302509999998],[-76.473229,36.093256499999995],[-76.47384729999999,36.09420749999998],[-76.47402449999998,36.09437029999998],[-76.47417999999999,36.09444259999998],[-76.47467180000001,36.09455109999999],[-76.47522500000002,36.09464150000002],[-76.47553240000002,36.094800599999985],[-76.47593010000003,36.09533929999998],[-76.47615430000002,36.095733499999994],[-76.47628450000002,36.096868900000004],[-76.4763532,36.09769699999998],[-76.47644000000003,36.0982358],[-76.47659549999997,36.09852139999998],[-76.47708360000001,36.099132499999996],[-76.47732589999998,36.099530300000026],[-76.47734759999997,36.09971109999998],[-76.47714869999999,36.10040900000001],[-76.47705830000001,36.100821199999984],[-76.47708360000001,36.10102010000003],[-76.47730419999999,36.101291300000014],[-76.4778791,36.101703499999985],[-76.4782118,36.10198919999999],[-76.47832030000001,36.1022423],[-76.47865300000001,36.10325110000002],[-76.47876509999998,36.1033415],[-76.47887350000002,36.10348260000001],[-76.47873980000003,36.10405750000001],[-76.47873980000003,36.10409370000002],[-76.47889520000001,36.10412980000001],[-76.47905429999997,36.10409370000002],[-76.4791447,36.10412980000001],[-76.47923150000003,36.104220199999986],[-76.4793219,36.10446969999998],[-76.47903259999998,36.10693220000002],[-76.47912300000002,36.10741680000001],[-76.47927490000001,36.107687999999996],[-76.47952079999999,36.10797359999998],[-76.4796293,36.10842200000002],[-76.47969799999998,36.10849430000002],[-76.4798065,36.10849430000002],[-76.47985349999999,36.10849430000002],[-76.47985349999999,36.10817250000002],[-76.47974140000002,36.10770600000001],[-76.4796293,36.10651999999999],[-76.47969799999998,36.10554730000001],[-76.47987519999998,36.105062799999985],[-76.47987519999998,36.104881999999975],[-76.4796293,36.10400329999999],[-76.47956420000003,36.103554900000006],[-76.47918809999999,36.10297989999998],[-76.47836369999999,36.101522699999975],[-76.47801290000001,36.101182800000004],[-76.47794420000002,36.101038200000005],[-76.47790079999999,36.10057169999999],[-76.47805629999999,36.10012330000001],[-76.47805629999999,36.09999670000002],[-76.47792249999998,36.09945429999999],[-76.47754650000002,36.09870219999999],[-76.47701489999997,36.09818150000001],[-76.47685940000002,36.097765700000025],[-76.47681599999999,36.097461899999985],[-76.47685940000002,36.09712200000001],[-76.47699319999998,36.09695929999998],[-76.47705830000001,36.09683269999999],[-76.47947740000001,36.09514410000003],[-76.47954249999998,36.094981399999995],[-76.4796293,36.09453300000001],[-76.47969799999998,36.0944968],[-76.479962,36.0944245],[-76.48016080000002,36.094225600000016],[-76.481289,36.09280810000001],[-76.48177720000001,36.092265699999984],[-76.4827065,36.09187159999999],[-76.48299220000001,36.091708900000015],[-76.48359599999998,36.091188199999976],[-76.48578370000001,36.089011400000004],[-76.4867817,36.08829539999999],[-76.48746879999999,36.08777470000001],[-76.48873079999998,36.086389800000006],[-76.48937439999997,36.08599559999999],[-76.48934910000003,36.08502290000001],[-76.48915019999998,36.08509520000001],[-76.4887091,36.08520370000002],[-76.48837639999999,36.085435099999984],[-76.48811239999998,36.085579800000005],[-76.48726629999999,36.08599559999999],[-76.48658280000001,36.08630299999999],[-76.48596090000001,36.08644399999997],[-76.48558480000003,36.08658860000003],[-76.48525219999999,36.08707320000002],[-76.48518710000002,36.08725399999997],[-76.4851003,36.08744919999998],[-76.48445659999999,36.08796990000002],[-76.48395040000003,36.0884906],[-76.48357429999999,36.08885220000002],[-76.48319830000003,36.08911979999999],[-76.4814662,36.090005700000006],[-76.4805586,36.09061320000001],[-76.48035970000001,36.090956800000015],[-76.48029459999998,36.09135090000001],[-76.4802512,36.09153170000002],[-76.48018250000001,36.091636600000015],[-76.48000539999998,36.091672700000004],[-76.47923150000003,36.091708900000015],[-76.47918809999999,36.09176309999998],[-76.47923150000003,36.09213920000002],[-76.47894589999999,36.092193399999985],[-76.47836369999999,36.09217530000001],[-76.4775899,36.09208860000001],[-76.4774127,36.0920524],[-76.4772355,36.09185350000001],[-76.4772355,36.09165460000003],[-76.4772825,36.091260499999976],[-76.47726080000001,36.09075790000003],[-76.47683769999998,36.09020099999998],[-76.47606389999999,36.08991529999997],[-76.47542390000001,36.089608],[-76.47506950000002,36.0895357],[-76.47424510000002,36.089485000000025],[-76.4739811,36.0894308],[-76.47384729999999,36.089340400000026],[-76.47376050000003,36.08924999999999],[-76.47371709999999,36.08910179999998],[-76.47351459999999,36.08885220000002],[-76.47300840000003,36.08836769999999],[-76.4725889,36.088060299999995],[-76.47245520000001,36.08768429999998],[-76.47210080000002,36.087235899999996],[-76.47161260000001,36.08696470000001],[-76.47112809999999,36.08687789999999],[-76.47055310000002,36.08685980000001],[-76.46899830000001,36.0869285],[-76.46811600000001,36.08707320000002],[-76.4676495,36.0871636],[-76.466543,36.0878108],[-76.46634410000001,36.087901199999976],[-76.46609819999998,36.08786509999999],[-76.46598610000001,36.08782889999998],[-76.4658523,36.08768429999998],[-76.46580899999998,36.0875216],[-76.4657656,36.08680559999999],[-76.46569690000001,36.086606700000004],[-76.46529909999998,36.0861764],[-76.46499169999998,36.08592329999999],[-76.464923,36.085746099999994],[-76.46497,36.08556170000003],[-76.4650785,36.08534470000001],[-76.4650785,36.085239899999976],[-76.46494469999999,36.0849867],[-76.4648363,36.08495060000001],[-76.46470249999999,36.0849867],[-76.46454699999998,36.08507709999998],[-76.46406239999999,36.08559789999998],[-76.4637515,36.08580030000002],[-76.46331029999999,36.08592329999999],[-76.46282209999998,36.0859595],[-76.46198320000002,36.08592329999999],[-76.4617771,36.08588709999998],[-76.46159990000001,36.08576420000003],[-76.46146979999997,36.085579800000005],[-76.4613794,36.08527600000002],[-76.4613794,36.085059100000024],[-76.46133600000002,36.084878300000014],[-76.46100330000002,36.08439370000002],[-76.46009570000001,36.08360540000001],[-76.45971960000003,36.08329809999998],[-76.459499,36.08290390000002],[-76.45936890000002,36.08275930000002],[-76.45843960000002,36.082401300000015],[-76.45812860000001,36.08200360000001],[-76.45806349999998,36.081446700000015],[-76.45804179999999,36.08070900000001],[-76.45792970000002,36.080586100000005],[-76.45765849999998,36.080513800000006],[-76.45730409999999,36.080369099999984],[-76.45624459999999,36.07925540000002],[-76.45582519999999,36.07914690000001],[-76.45549249999999,36.07898779999999],[-76.45522490000002,36.07878529999999],[-76.45524660000001,36.078640699999994],[-76.4554238,36.0783912],[-76.45557930000001,36.07810189999998],[-76.45566969999999,36.07768970000001],[-76.45579989999999,36.077617299999986],[-76.45597709999998,36.077544999999986],[-76.45597709999998,36.07749080000002],[-76.45591200000001,36.07741850000002],[-76.45569139999998,36.077313600000025],[-76.4554708,36.077313600000025],[-76.4546717,36.07810189999998],[-76.45440769999999,36.0781561],[-76.4536339,36.0781561],[-76.45320720000001,36.07810189999998],[-76.45254549999999,36.07781619999997],[-76.45152580000001,36.07756310000002],[-76.45132690000003,36.077544999999986],[-76.4507519,36.07763540000002],[-76.45039759999997,36.07776200000001],[-76.4494032,36.07833690000001],[-76.4492224,36.07833690000001],[-76.44906689999999,36.07830080000002],[-76.44895839999998,36.07821039999999],[-76.448868,36.07812000000001],[-76.44873419999999,36.077617299999986],[-76.4487125,36.076235999999994],[-76.4485823,36.075426100000016],[-76.44802700000002,36.07499999999999],[-76.5,36.07499999999999],[-76.5,36.14999999999998],[-76.42500000000001,36.14999999999998],[-76.42500000000001,36.089198099999976],[-76.42546529999998,36.089485000000025],[-76.42624610000001,36.08968229999999],[-76.4265307,36.08985080000002],[-76.42677070000002,36.089987699999995],[-76.42692249999999,36.09002379999998]]]}},{"type":"Feature","properties":{},"geometry":{"type":"Polygon","coordinates":[[[-76.40004119999998,36.07975800000003],[-76.3999761,36.079595299999994],[-76.3999978,36.079472399999986],[-76.40006290000002,36.07930959999999],[-76.40017499999999,36.07921920000001],[-76.4003088,36.07923729999999],[-76.40039560000002,36.07930959999999],[-76.40041730000002,36.07961340000003],[-76.40026180000001,36.07975800000003],[-76.4001533,36.079776100000004],[-76.40004119999998,36.07975800000003]]]}},{"type":"Feature","properties":{},"geometry":{"type":"Polygon","coordinates":[[[-76.40371870000001,36.078915499999994],[-76.40351980000003,36.07887929999998],[-76.40349809999998,36.07880340000003],[-76.40356320000001,36.07849599999997],[-76.40362829999998,36.07842729999999],[-76.40385250000003,36.0783189],[-76.40405140000001,36.07835499999999],[-76.4040948,36.07844540000002],[-76.4040948,36.078568399999995],[-76.40405140000001,36.078694900000016],[-76.40396099999998,36.078821500000004],[-76.40371870000001,36.078915499999994]]]}},{"type":"Feature","properties":{},"geometry":{"type":"Polygon","coordinates":[[[-76.42043910000001,36.087648100000024],[-76.42017149999998,36.087648100000024],[-76.4194157,36.08761199999998],[-76.4192385,36.08755769999999],[-76.41892760000002,36.087467300000014],[-76.41886249999999,36.087431200000026],[-76.41864190000001,36.087235899999996],[-76.41857679999998,36.0870913],[-76.41839959999999,36.08698279999999],[-76.4179332,36.08691049999999],[-76.41784639999997,36.086896000000024],[-76.41751369999997,36.08673329999999],[-76.41735820000002,36.08648019999998],[-76.41735820000002,36.08635720000001],[-76.4174233,36.08628490000001],[-76.41755710000001,36.086194499999976],[-76.41868529999999,36.08576420000003],[-76.41875399999998,36.085652100000004],[-76.41872869999997,36.08556170000003],[-76.4186636,36.08548939999997],[-76.41855149999998,36.085471299999995],[-76.41842129999998,36.085471299999995],[-76.41764749999999,36.08576420000003],[-76.4170039,36.08592329999999],[-76.41684839999999,36.08590520000001],[-76.4166712,36.08572800000002],[-76.4166495,36.085543599999994],[-76.41662780000001,36.08509520000001],[-76.416541,36.0849867],[-76.41645060000002,36.0849867],[-76.41642890000003,36.085059100000024],[-76.41642890000003,36.08520370000002],[-76.41647230000001,36.085471299999995],[-76.4166712,36.086013700000024],[-76.4166712,36.086194499999976],[-76.41656269999999,36.086375299999986],[-76.41638549999999,36.08651630000003],[-76.41559000000001,36.08680559999999],[-76.41518500000001,36.086896000000024],[-76.4147873,36.08685980000001],[-76.41452329999998,36.08676939999998],[-76.41423400000002,36.086498199999994],[-76.4139917,36.086266799999976],[-76.41363740000003,36.08614030000001],[-76.41326129999999,36.0861041],[-76.4129069,36.08614030000001],[-76.4126647,36.0860318],[-76.41237539999997,36.08444800000001],[-76.4121331,36.08405379999999],[-76.41191250000003,36.083963400000016],[-76.41160159999998,36.08392730000003],[-76.41071199999999,36.084017700000004],[-76.4105348,36.08394529999998],[-76.41046979999999,36.083854900000006],[-76.41046979999999,36.083750099999975],[-76.41033599999997,36.08351499999998],[-76.41013709999999,36.08340659999999],[-76.41002859999998,36.08324379999999],[-76.4100937,36.08288590000001],[-76.41024920000001,36.082093999999984],[-76.41020580000003,36.08198549999997],[-76.41018409999998,36.081931199999985],[-76.40991650000001,36.08166],[-76.40991650000001,36.081555200000025],[-76.40995989999999,36.0814828],[-76.41002859999998,36.081446700000015],[-76.41015879999998,36.08142859999998],[-76.4104264,36.081374400000016],[-76.41129419999999,36.08079939999999],[-76.41222349999998,36.080065400000024],[-76.41268639999998,36.07972189999998],[-76.4132396,36.07952660000001],[-76.41385789999998,36.07938200000001],[-76.4146571,36.079363899999976],[-76.41640719999998,36.079508499999974],[-76.416494,36.07945430000001],[-76.41660610000002,36.07921920000001],[-76.41671819999999,36.07909269999999],[-76.41693880000003,36.07898779999999],[-76.41715929999998,36.07898779999999],[-76.41749199999998,36.07909269999999],[-76.4181537,36.07945430000001],[-76.41830920000001,36.079508499999974],[-76.41844300000002,36.07945430000001],[-76.41839959999999,36.0793458],[-76.41826579999997,36.07918310000002],[-76.41822239999999,36.07905649999998],[-76.41822239999999,36.07893360000003],[-76.41835259999999,36.07873110000003],[-76.41890590000003,36.078409299999976],[-76.41935059999997,36.0781561],[-76.4196182,36.0781561],[-76.41975200000002,36.07822850000002],[-76.42004129999998,36.07849599999997],[-76.42010640000001,36.078640699999994],[-76.4201281,36.07880340000003],[-76.4199509,36.07916499999999],[-76.4199726,36.0792735],[-76.42006300000003,36.0793458],[-76.42026190000001,36.0794181],[-76.4205475,36.079436199999975],[-76.42083680000002,36.07938200000001],[-76.42094530000003,36.079363899999976],[-76.42116950000002,36.07940000000002],[-76.42125629999998,36.079508499999974],[-76.42129970000002,36.079631500000005],[-76.42125629999998,36.079830300000026],[-76.42125629999998,36.07997499999999],[-76.42129970000002,36.08007980000002],[-76.4214768,36.0801702],[-76.42161060000001,36.0801702],[-76.42174440000002,36.0800979],[-76.42189630000001,36.07995690000001],[-76.42200839999998,36.079812300000015],[-76.4222507,36.07966759999999],[-76.42264840000001,36.07966759999999],[-76.42355600000002,36.07972189999998],[-76.42442390000002,36.07975800000003],[-76.42475660000002,36.079776100000004],[-76.424912,36.0799207],[-76.42500000000001,36.080023100000005],[-76.42500000000001,36.08846699999998],[-76.42411290000001,36.08822309999999],[-76.42344759999997,36.088060299999995],[-76.42216389999999,36.08786509999999],[-76.42158890000002,36.08772040000002],[-76.4214768,36.087648100000024],[-76.42085850000001,36.087648100000024],[-76.42043910000001,36.087648100000024]]]}},{"type":"Feature","properties":{},"geometry":{"type":"Polygon","coordinates":[[[-76.35663840000001,36.1411215],[-76.35690599999998,36.14121189999997],[-76.35734719999999,36.14124800000002],[-76.35781359999999,36.14117570000002],[-76.35858739999998,36.14099850000002],[-76.35938299999998,36.14089000000001],[-76.36000130000002,36.140651400000024],[-76.36051479999998,36.14040189999997],[-76.36073529999999,36.139971600000024],[-76.36098120000003,36.13916519999998],[-76.361133,36.13893039999999],[-76.36217449999998,36.1390748],[-76.36263739999998,36.1391797],[-76.3630134,36.1391797],[-76.36312550000002,36.1391471],[-76.3631906,36.139056700000026],[-76.36325929999998,36.138930200000004],[-76.36328099999997,36.13880360000002],[-76.36308209999999,36.13853599999999],[-76.36303509999999,36.13844560000001],[-76.3630604,36.13821419999999],[-76.3631906,36.137961099999984],[-76.36332440000001,36.137906799999996],[-76.36347990000002,36.13792489999997],[-76.36354499999999,36.138015300000006],[-76.36358840000003,36.13816000000003],[-76.36376560000002,36.138246700000025],[-76.36411989999999,36.1382648],[-76.36485399999998,36.13805150000002],[-76.36593879999998,36.13763929999999],[-76.36622799999998,36.13763929999999],[-76.36688980000002,36.137780299999974],[-76.36857120000002,36.138246700000025],[-76.36872670000002,36.13828289999998],[-76.36899790000001,36.13828289999998],[-76.37021290000001,36.1382648],[-76.37056719999998,36.13830100000001],[-76.37107709999998,36.13839139999999],[-76.3715833,36.138590299999976],[-76.37171710000001,36.138590299999976],[-76.37193769999999,36.13855410000002],[-76.37218360000003,36.13844560000001],[-76.37275849999997,36.138246700000025],[-76.37306949999999,36.13822870000001],[-76.37322499999999,36.13830100000001],[-76.37344560000003,36.13844560000001],[-76.37433149999998,36.1397546],[-76.3744653,36.139899300000025],[-76.37481969999999,36.1399897],[-76.37494980000002,36.14009809999999],[-76.37501850000001,36.14036570000002],[-76.37510529999997,36.140528399999994],[-76.37545970000002,36.14103469999998],[-76.3759478,36.141606000000024],[-76.3763022,36.14203629999997],[-76.3768301,36.14247019999999],[-76.37814279999998,36.14322240000001],[-76.37882619999999,36.143562299999985],[-76.37907209999997,36.143743099999995],[-76.37909380000002,36.143815399999994],[-76.37915880000003,36.143920200000025],[-76.37929259999999,36.14449880000001],[-76.37942279999999,36.14507370000001],[-76.3795566,36.14554020000003],[-76.37964699999998,36.14586200000002],[-76.37982419999997,36.146187499999996],[-76.37997610000002,36.146491200000014],[-76.38010989999998,36.14665389999999],[-76.38039909999998,36.147011899999995],[-76.3806414,36.147192700000005],[-76.38101749999998,36.14746029999998],[-76.38157430000001,36.147767699999974],[-76.3825036,36.14811120000002],[-76.38259399999998,36.1482522],[-76.38261569999997,36.14845109999999],[-76.38254699999999,36.14861380000002],[-76.38236990000001,36.148989900000004],[-76.38223970000001,36.149384],[-76.38206250000002,36.149850500000014],[-76.3820083,36.14999999999998],[-76.37345160000001,36.14999999999998],[-76.353545,36.14999999999998],[-76.35000000000002,36.14999999999998],[-76.35000000000002,36.13986],[-76.35138799999999,36.14032959999997],[-76.35194489999998,36.14047420000003],[-76.35245470000001,36.140492300000005],[-76.35267529999999,36.140420000000006],[-76.35366970000001,36.1399897],[-76.35398070000002,36.14002579999999],[-76.35539449999999,36.140275299999985],[-76.355861,36.14051039999998],[-76.35613219999999,36.14076349999999],[-76.35655159999999,36.14110340000002],[-76.35663840000001,36.1411215]]]}},{"type":"Feature","properties":{},"geometry":{"type":"Polygon","coordinates":[[[-76.40657169999997,36.147351800000024],[-76.40661510000001,36.14726139999999],[-76.40670549999999,36.147207200000025],[-76.4068393,36.147084199999995],[-76.4068393,36.14697580000001],[-76.40677060000002,36.1468673],[-76.40617400000002,36.14632849999998],[-76.40562069999999,36.14606090000001],[-76.40495900000002,36.1459524],[-76.4048252,36.14586200000002],[-76.40464800000001,36.145666800000015],[-76.40438039999998,36.145449799999994],[-76.40400440000002,36.145326899999986],[-76.40318710000003,36.144806200000005],[-76.40181310000003,36.14388769999999],[-76.4010356,36.14329470000001],[-76.40092709999999,36.14327659999998],[-76.40075000000002,36.14327659999998],[-76.40057280000002,36.143168100000025],[-76.40050769999999,36.142987300000016],[-76.40010990000002,36.14221709999998],[-76.39948800000002,36.14142880000003],[-76.39886960000001,36.14090809999999],[-76.3982441,36.14043800000002],[-76.39769080000002,36.139414699999975],[-76.397539,36.1391797],[-76.39729310000001,36.13902059999998],[-76.39656259999998,36.13873130000002],[-76.3960998,36.13846369999999],[-76.39570200000003,36.138069599999994],[-76.39539109999998,36.137585],[-76.39503669999999,36.13709690000002],[-76.39497160000002,36.136952199999996],[-76.39512710000002,36.13592890000001],[-76.39526089999998,36.135339499999986],[-76.39521389999999,36.13483689999998],[-76.39510480000001,36.13447450000001],[-76.3947478,36.13416310000002],[-76.39377780000001,36.13343090000001],[-76.39253159999998,36.13268219999998],[-76.39185789999999,36.132356000000016],[-76.39087469999998,36.132012799999984],[-76.38965250000001,36.132067000000006],[-76.38877020000001,36.132320100000015],[-76.3879493,36.13239249999998],[-76.38735270000001,36.132356300000026],[-76.38669099999998,36.13221170000003],[-76.3861124,36.13187169999998],[-76.38606900000002,36.131709],[-76.38593880000002,36.13158249999998],[-76.38553380000002,36.131495700000016],[-76.3848251,36.13104370000002],[-76.38436230000002,36.13066759999998],[-76.38429719999999,36.130287899999985],[-76.3842502,36.129803400000014],[-76.384073,36.12921039999998],[-76.38400789999997,36.12913809999998],[-76.3839428,36.12910190000002],[-76.38363179999999,36.1290874],[-76.38354509999999,36.12903319999998],[-76.38256869999998,36.12810030000003],[-76.38248190000002,36.127829099999985],[-76.3825036,36.12768440000002],[-76.38254699999999,36.126643],[-76.38248190000002,36.126408000000026],[-76.3817732,36.12572460000001],[-76.381596,36.12545699999998],[-76.38145859999997,36.124722899999995],[-76.3809958,36.123609199999976],[-76.38086199999998,36.1234609],[-76.3804642,36.12326209999998],[-76.37986760000001,36.12322949999998],[-76.37959999999998,36.123175300000014],[-76.37942279999999,36.12308489999998],[-76.37933600000002,36.122994500000004],[-76.3792709,36.122763099999986],[-76.37915880000003,36.12261840000002],[-76.37891660000003,36.12241949999998],[-76.37831990000001,36.122242400000005],[-76.3780524,36.12200730000001],[-76.37747739999998,36.12159509999998],[-76.3770326,36.12135999999998],[-76.37656620000001,36.12087550000001],[-76.37603460000003,36.12026800000001],[-76.37517400000002,36.119635200000005],[-76.37424470000002,36.1192049],[-76.3736915,36.118988],[-76.3730478,36.11891559999998],[-76.37195939999998,36.11922299999998],[-76.37136279999999,36.1192772],[-76.37105539999999,36.119295299999976],[-76.3702563,36.1192772],[-76.36975000000001,36.119345899999985],[-76.36948239999998,36.119454399999995],[-76.36908469999997,36.119743700000015],[-76.3688424,36.1198847],[-76.36854949999997,36.11999320000001],[-76.36808669999999,36.119957],[-76.36788419999999,36.1198847],[-76.36775399999999,36.1198847],[-76.3671104,36.12010529999998],[-76.3658954,36.120390999999984],[-76.36567480000002,36.12049940000003],[-76.36529869999998,36.12085739999998],[-76.36485399999998,36.121092499999975],[-76.36445259999999,36.121110499999986],[-76.36421030000002,36.1210744],[-76.3630134,36.1208393],[-76.36232999999999,36.12087550000001],[-76.36188520000002,36.12094780000001],[-76.3616647,36.1210744],[-76.3615562,36.12120090000002],[-76.36135730000001,36.12146849999999],[-76.3610463,36.1217216],[-76.3606269,36.121953099999985],[-76.36053650000002,36.121953099999985],[-76.3602689,36.12200730000001],[-76.35969390000002,36.121916899999974],[-76.35949140000002,36.12186270000001],[-76.35938299999998,36.12177589999999],[-76.35924920000002,36.12161320000001],[-76.3591624,36.12159509999998],[-76.35781359999999,36.12175780000001],[-76.35730380000001,36.12173969999998],[-76.35655159999999,36.12166739999998],[-76.35506550000002,36.12134200000003],[-76.3544905,36.1211467],[-76.35413620000003,36.1210744],[-76.3538686,36.1211467],[-76.35349250000002,36.121273299999984],[-76.35327189999998,36.121414300000026],[-76.35254149999997,36.121577],[-76.35234259999999,36.121558900000025],[-76.35178580000002,36.12154079999999],[-76.35121079999999,36.121218999999996],[-76.3506142,36.121110499999986],[-76.35039360000002,36.121110499999986],[-76.35012599999999,36.12112860000002],[-76.35000000000002,36.12118349999997],[-76.35000000000002,36.120932100000005],[-76.35000000000002,36.08772349999998],[-76.35003920000003,36.08768429999998],[-76.3506142,36.0861764],[-76.35079139999999,36.08599559999999],[-76.35094679999997,36.085941400000024],[-76.35114570000002,36.08604989999998],[-76.35138799999999,36.086339099999975],[-76.35154349999999,36.08635720000001],[-76.35172069999999,36.086194499999976],[-76.3519015,36.08583650000003],[-76.35201,36.08576420000003],[-76.35207869999999,36.08576420000003],[-76.3521437,36.085818399999994],[-76.35223409999998,36.08599559999999],[-76.3522992,36.086339099999975],[-76.35245470000001,36.086715200000015],[-76.35261020000002,36.08691049999999],[-76.35285249999998,36.08703700000001],[-76.3532285,36.087127399999986],[-76.35378179999998,36.087199699999985],[-76.35615389999998,36.086946599999976],[-76.35816440000002,36.086896000000024],[-76.35907200000003,36.08676939999998],[-76.35949140000002,36.086642900000015],[-76.36265909999997,36.08651630000003],[-76.36503119999998,36.086339099999975],[-76.36620640000001,36.08621260000001],[-76.3669332,36.086013700000024],[-76.36733450000003,36.085818399999994],[-76.36779739999997,36.08567019999998],[-76.36819509999998,36.08561589999999],[-76.36892920000003,36.085688300000015],[-76.36975000000001,36.08590520000001],[-76.370701,36.08588709999998],[-76.37187260000002,36.085818399999994],[-76.37249100000002,36.085869100000025],[-76.37255970000001,36.085782300000005],[-76.37271149999998,36.08563400000003],[-76.37278020000002,36.08548939999997],[-76.37278020000002,36.0849867],[-76.3728236,36.08495060000001],[-76.37297910000001,36.08495060000001],[-76.37347089999997,36.08480960000003],[-76.37355769999999,36.08470110000002],[-76.37366980000002,36.084502199999974],[-76.3737782,36.0844841],[-76.37386859999998,36.0845564],[-76.37419770000002,36.08459260000001],[-76.37450869999998,36.0845564],[-76.37632389999999,36.084198500000014],[-76.3764794,36.084035700000015],[-76.37698560000001,36.0836597],[-76.37725319999998,36.08349700000002],[-76.37747739999998,36.0833523],[-76.37838499999998,36.08324379999999],[-76.37902509999998,36.082994299999996],[-76.38037739999999,36.082271100000014],[-76.38163939999998,36.08166],[-76.38248190000002,36.081410500000004],[-76.38436230000002,36.08096210000002],[-76.38522649999999,36.08087169999999],[-76.38555550000001,36.08096210000002],[-76.38568930000002,36.0810525],[-76.385805,36.08166],[-76.38584839999999,36.081678099999976],[-76.38606900000002,36.081627500000025],[-76.38622450000003,36.08160939999999],[-76.38660060000001,36.081627500000025],[-76.3870417,36.08171429999999],[-76.3873744,36.0818228],[-76.3877938,36.08184080000001],[-76.38814819999999,36.08180470000002],[-76.388282,36.0818228],[-76.38839410000003,36.081931199999985],[-76.38848089999999,36.08207590000001],[-76.38850259999998,36.082329000000016],[-76.38852429999997,36.082401300000015],[-76.38854600000002,36.08241939999999],[-76.3886147,36.08241939999999],[-76.3890341,36.082329000000016],[-76.38978630000003,36.082235000000026],[-76.38989839999999,36.08218069999998],[-76.38998880000003,36.08207590000001],[-76.38998880000003,36.08153709999999],[-76.39003580000002,36.08139240000003],[-76.39023459999999,36.08132010000003],[-76.39063240000002,36.08124780000003],[-76.39103019999999,36.081229699999994],[-76.39154000000002,36.08124780000003],[-76.39160509999999,36.08132010000003],[-76.39162679999998,36.081446700000015],[-76.39149300000003,36.0818228],[-76.39149300000003,36.081913199999974],[-76.39154000000002,36.08200360000001],[-76.39167020000002,36.08200360000001],[-76.39202460000001,36.081931199999985],[-76.39253439999999,36.081913199999974],[-76.39381809999998,36.08207590000001],[-76.39394829999998,36.082039699999996],[-76.39419420000002,36.08180470000002],[-76.39453040000001,36.081627500000025],[-76.3948595,36.08150089999998],[-76.39521389999999,36.08157319999998],[-76.39550309999998,36.081750399999976],[-76.3956369,36.081750399999976],[-76.39568029999998,36.08157319999998],[-76.39583579999999,36.08139240000003],[-76.39596599999999,36.08124780000003],[-76.3960998,36.081229699999994],[-76.39636380000002,36.08132010000003],[-76.39660959999998,36.081519000000014],[-76.39676509999998,36.081591300000014],[-76.39687359999999,36.08157319999998],[-76.39691699999997,36.0814828],[-76.39689529999998,36.08139240000003],[-76.39676509999998,36.081193600000006],[-76.39673979999998,36.081070599999975],[-76.39676509999998,36.080998299999976],[-76.39683020000001,36.0809079],[-76.3968519,36.0808356],[-76.39683020000001,36.080745200000024],[-76.39671809999999,36.080549899999994],[-76.39676509999998,36.080405299999995],[-76.3970291,36.08031490000002],[-76.39766909999997,36.080115999999975],[-76.3977812,36.080115999999975],[-76.39784630000003,36.08013410000001],[-76.39784630000003,36.080260599999974],[-76.39769080000002,36.080477599999995],[-76.39769080000002,36.080549899999994],[-76.39773780000002,36.08056800000003],[-76.3979584,36.08061859999998],[-76.3980669,36.08072709999999],[-76.3981139,36.0810525],[-76.39815729999998,36.08113930000002],[-76.39831279999999,36.08124780000003],[-76.3984213,36.081265900000005],[-76.39860570000002,36.081229699999994],[-76.3988046,36.08117549999997],[-76.39886960000001,36.08112490000002],[-76.39902510000002,36.081070599999975],[-76.3994012,36.080998299999976],[-76.39966520000002,36.0809079],[-76.40017499999999,36.08065479999999],[-76.40065959999998,36.080152199999986],[-76.4010356,36.07961340000003],[-76.4012381,36.0794904],[-76.40156719999999,36.07940000000002],[-76.4019432,36.0794181],[-76.40251819999997,36.079631500000005],[-76.40292319999998,36.079631500000005],[-76.40362829999998,36.07954109999997],[-76.40371870000001,36.079595299999994],[-76.4037404,36.079884600000014],[-76.40418149999999,36.07997499999999],[-76.40460460000003,36.08013410000001],[-76.40464800000001,36.080296799999985],[-76.40462630000002,36.08042339999997],[-76.40442739999997,36.08081750000002],[-76.40442739999997,36.08092599999998],[-76.40447080000001,36.080998299999976],[-76.40458289999998,36.081070599999975],[-76.40486859999999,36.08112490000002],[-76.4051579,36.08128399999998],[-76.4052663,36.081446700000015],[-76.4052446,36.081627500000025],[-76.40520120000002,36.08178659999999],[-76.40513249999998,36.0818951],[-76.40506749999997,36.08231089999998],[-76.40489029999998,36.08263640000001],[-76.4048469,36.082795499999975],[-76.4048469,36.0828497],[-76.40508920000002,36.08301239999997],[-76.40513249999998,36.08308469999997],[-76.40513249999998,36.08322939999999],[-76.40498070000001,36.08347889999999],[-76.40473480000003,36.084216500000025],[-76.40469139999999,36.08446600000002],[-76.40444910000002,36.08466490000001],[-76.40440569999998,36.08477340000002],[-76.40442739999997,36.084878300000014],[-76.40453589999998,36.0849144],[-76.40473480000003,36.08495060000001],[-76.40493370000002,36.08507709999998],[-76.40513249999998,36.085312199999976],[-76.4052663,36.085398999999995],[-76.40548690000003,36.08541709999997],[-76.4059317,36.085362799999984],[-76.40646320000002,36.085435099999984],[-76.4066368,36.085543599999994],[-76.40677060000002,36.08576420000003],[-76.40674890000003,36.08599559999999],[-76.40643790000001,36.08666099999999],[-76.40643790000001,36.0869285],[-76.40659340000002,36.0871636],[-76.4071973,36.087344400000006],[-76.40790240000001,36.087467300000014],[-76.40907759999999,36.0876662],[-76.4091861,36.0877385],[-76.40922949999998,36.08779279999999],[-76.40922949999998,36.08829539999999],[-76.40898720000001,36.08883420000001],[-76.40898720000001,36.08904749999999],[-76.4089004,36.089412700000025],[-76.4087015,36.089734599999986],[-76.40858939999998,36.09039990000002],[-76.40858939999998,36.09107970000002],[-76.40847730000002,36.091477499999996],[-76.40832549999999,36.091636600000015],[-76.4081266,36.09169079999998],[-76.40752629999997,36.091636600000015],[-76.40639449999998,36.09113389999999],[-76.40571110000002,36.090956800000015],[-76.4045142,36.090974800000026],[-76.40427190000003,36.09111589999998],[-76.40396099999998,36.0913147],[-76.4034547,36.09187159999999],[-76.4034294,36.09203430000002],[-76.40349809999998,36.09210300000001],[-76.40360659999999,36.09213920000002],[-76.40378379999999,36.09208860000001],[-76.40427190000003,36.09165460000003],[-76.40455759999998,36.091549799999996],[-76.40502409999999,36.091441299999985],[-76.4057545,36.091477499999996],[-76.40613059999998,36.09161849999998],[-76.40643790000001,36.09185350000001],[-76.40686099999999,36.0920524],[-76.40759500000001,36.09228380000002],[-76.40766009999999,36.092410400000006],[-76.40766009999999,36.092612900000006],[-76.40759500000001,36.09323840000002],[-76.4076167,36.09356389999999],[-76.40766009999999,36.09363619999999],[-76.40775050000002,36.09365070000001],[-76.40785899999997,36.09345539999998],[-76.40792770000002,36.093129999999974],[-76.40819169999997,36.092627300000004],[-76.40834719999998,36.09250079999998],[-76.40898720000001,36.092338100000006],[-76.40931990000001,36.09210300000001],[-76.40940669999998,36.09194389999999],[-76.40943199999998,36.091781200000014],[-76.40931990000001,36.091368999999986],[-76.4093416,36.091188199999976],[-76.40989480000002,36.090595199999996],[-76.40995989999999,36.09039990000002],[-76.40987310000003,36.09005639999998],[-76.40987310000003,36.08993340000001],[-76.4099382,36.08978880000001],[-76.41022750000002,36.089412700000025],[-76.41029259999999,36.089231900000016],[-76.41029259999999,36.08899330000003],[-76.41038300000002,36.08890650000001],[-76.41066860000001,36.088816099999974],[-76.4108675,36.08883420000001],[-76.41095790000003,36.088870299999996],[-76.41097960000002,36.088924599999984],[-76.41118210000002,36.089065600000026],[-76.4114027,36.089137900000026],[-76.4120246,36.08924999999999],[-76.4121331,36.08937659999998],[-76.41222349999998,36.0895031],[-76.41233199999999,36.08951760000002],[-76.41242240000003,36.08951760000002],[-76.41253089999998,36.08946700000001],[-76.41319620000002,36.08897880000001],[-76.41346019999997,36.08885220000002],[-76.41377119999999,36.088816099999974],[-76.41412550000001,36.088870299999996],[-76.4143244,36.089029400000015],[-76.41443290000001,36.08917769999999],[-76.4146318,36.089286200000004],[-76.4158974,36.08939459999999],[-76.41598779999998,36.0894308],[-76.41607449999998,36.0895357],[-76.41611790000002,36.08984299999997],[-76.41607449999998,36.09005639999998],[-76.41596609999999,36.09032760000002],[-76.4159444,36.09054450000002],[-76.41583229999998,36.09088439999999],[-76.41572020000001,36.090974800000026],[-76.41552130000002,36.09104719999999],[-76.41539110000002,36.091188199999976],[-76.41531880000002,36.091368999999986],[-76.41531880000002,36.091513599999985],[-76.41549959999998,36.09199819999998],[-76.41585400000002,36.09253690000003],[-76.41587570000002,36.092627300000004],[-76.41587570000002,36.09275389999999],[-76.4157889,36.092844300000024],[-76.41569850000002,36.093007],[-76.41565509999998,36.09327459999997],[-76.41567680000003,36.09345539999998],[-76.41572020000001,36.09359999999998],[-76.41585400000002,36.09377719999998],[-76.41614329999999,36.09390380000002],[-76.41713770000001,36.09390380000002],[-76.4172461,36.093939999999975],[-76.41731479999999,36.094012299999974],[-76.41737990000001,36.09424369999999],[-76.41735820000002,36.094872899999984],[-76.4174016,36.09496330000002],[-76.41753540000002,36.09514410000003],[-76.41755710000001,36.09526699999998],[-76.41751369999997,36.09539360000002],[-76.41749199999998,36.09561050000002],[-76.41760049999999,36.09609870000003],[-76.41779939999998,36.09642050000002],[-76.41782469999998,36.096528999999975],[-76.4175788,36.097085900000025],[-76.41760049999999,36.09719430000001],[-76.41764749999999,36.09723050000002],[-76.41777769999999,36.097317299999986],[-76.41795489999998,36.09753430000001],[-76.4181537,36.0978561],[-76.41830920000001,36.09826829999997],[-76.4183779,36.09875649999998],[-76.41842129999998,36.09927720000002],[-76.41864190000001,36.09971109999998],[-76.4186636,36.09999670000002],[-76.4213431,36.10064399999999],[-76.42110079999998,36.0997653],[-76.42096700000002,36.09958449999999],[-76.42076809999998,36.09922289999997],[-76.4207247,36.099078299999974],[-76.42081510000003,36.09855759999999],[-76.42059089999998,36.096565199999986],[-76.42052580000001,36.0963663],[-76.42039199999999,36.09623970000001],[-76.42004129999998,36.0957009],[-76.41977370000001,36.09514410000003],[-76.41975200000002,36.094818599999996],[-76.41981709999999,36.09460530000001],[-76.41983879999998,36.09403040000001],[-76.42019320000003,36.09352769999998],[-76.42021490000002,36.09298890000002],[-76.42014979999999,36.092916600000024],[-76.4199726,36.0928624],[-76.41988579999997,36.092772000000025],[-76.41968689999999,36.09257309999998],[-76.41948079999997,36.092301899999995],[-76.41935059999997,36.09217530000001],[-76.41895290000002,36.09199819999998],[-76.4185081,36.09165460000003],[-76.41842129999998,36.091549799999996],[-76.41842129999998,36.09142320000001],[-76.41846470000002,36.091368999999986],[-76.41910480000001,36.09111589999998],[-76.41921680000002,36.09104719999999],[-76.4192602,36.09086639999998],[-76.41913010000002,36.09064940000002],[-76.41910480000001,36.09054450000002],[-76.41915180000001,36.09045409999999],[-76.4192602,36.090418],[-76.41975200000002,36.09043609999998],[-76.4199509,36.09039990000002],[-76.42004129999998,36.09030949999999],[-76.42004129999998,36.0901829],[-76.41999429999998,36.090074500000014],[-76.41952780000003,36.089734599999986],[-76.41945909999998,36.089626099999975],[-76.41948079999997,36.08944889999998],[-76.41954950000002,36.089286200000004],[-76.4197954,36.089065600000026],[-76.42026190000001,36.088870299999996],[-76.42065960000002,36.08885220000002],[-76.42156720000003,36.08858099999998],[-76.4217878,36.08847259999999],[-76.42198669999999,36.08850869999998],[-76.42207350000001,36.08859910000001],[-76.4222977,36.08863530000002],[-76.42280390000002,36.08863530000002],[-76.4238019,36.08858099999998],[-76.42438049999998,36.088816099999974],[-76.42500000000001,36.089198099999976],[-76.42500000000001,36.14999999999998],[-76.41055540000002,36.14999999999998],[-76.41038300000002,36.14986859999999],[-76.40973930000001,36.14954669999997],[-76.4091861,36.149329799999975],[-76.4087015,36.14918510000001],[-76.40850269999999,36.149044100000026],[-76.40845560000002,36.14895369999999],[-76.40845560000002,36.14884519999998],[-76.40852430000001,36.14877289999998],[-76.4088787,36.14861380000002],[-76.40909929999998,36.14846920000002],[-76.4093633,36.14814369999999],[-76.409808,36.147785699999986],[-76.409808,36.14769530000001],[-76.409761,36.14760860000001],[-76.4096308,36.14753259999998],[-76.40949710000001,36.14755070000001],[-76.40931990000001,36.1476447],[-76.4090559,36.147894199999996],[-76.40863280000002,36.14819799999998],[-76.40845560000002,36.148234100000025],[-76.40839060000002,36.148234100000025],[-76.40823510000001,36.148002700000006],[-76.4081483,36.14749649999999],[-76.40805790000002,36.14738799999998],[-76.4079494,36.14731569999998],[-76.40750459999998,36.14749649999999],[-76.40715030000001,36.14769530000001],[-76.4070418,36.14769530000001],[-76.4066838,36.14749649999999],[-76.40657169999997,36.147351800000024]]]}},{"type":"Feature","properties":{},"geometry":{"type":"Polygon","coordinates":[[[-76.32215630000002,36.10398520000001],[-76.32209119999999,36.1041841],[-76.32195739999997,36.104220199999986],[-76.32158129999999,36.1041841],[-76.32149090000001,36.10409370000002],[-76.3214476,36.10400329999999],[-76.32149090000001,36.10386219999998],[-76.32122700000002,36.10368140000003],[-76.32043149999998,36.103374099999996],[-76.31967930000002,36.10316069999999],[-76.3195672,36.10316069999999],[-76.31950219999999,36.1031969],[-76.31936839999997,36.103410199999985],[-76.3193033,36.103446399999996],[-76.31919119999998,36.10346449999997],[-76.3189706,36.10342830000002],[-76.31877170000001,36.10330540000001],[-76.31872829999998,36.102817200000004],[-76.31859450000002,36.10269069999998],[-76.31835230000002,36.10265450000003],[-76.31824019999999,36.102708699999994],[-76.31797260000002,36.10297989999998],[-76.31777010000002,36.102961900000025],[-76.31761820000003,36.10286780000001],[-76.31730720000002,36.102564099999995],[-76.31480859999999,36.10195299999998],[-76.31454100000002,36.1019349],[-76.31425530000001,36.1020072],[-76.3139878,36.1020072],[-76.31376719999997,36.1019349],[-76.31358640000002,36.101703499999985],[-76.31352129999999,36.101558899999986],[-76.3134743,36.10148650000002],[-76.31289930000003,36.10134190000002],[-76.3115072,36.10114659999999],[-76.31095390000002,36.10094779999997],[-76.31079840000001,36.100929699999995],[-76.31064300000003,36.10094779999997],[-76.30960520000002,36.101522699999975],[-76.30940270000002,36.10161310000001],[-76.3092689,36.101594999999975],[-76.30869389999998,36.101450399999976],[-76.30842639999997,36.10146850000001],[-76.30723310000002,36.101739699999996],[-76.3069691,36.101775799999984],[-76.30661470000001,36.10175770000001],[-76.30601810000002,36.101594999999975],[-76.30568540000002,36.101594999999975],[-76.30533109999999,36.10164930000002],[-76.30473080000002,36.10172160000002],[-76.30448489999998,36.10168540000001],[-76.30437640000002,36.101594999999975],[-76.30430769999998,36.101450399999976],[-76.30422099999998,36.1013274],[-76.30349050000001,36.10109240000003],[-76.3030928,36.1006802],[-76.30298069999998,36.10058980000002],[-76.30269500000003,36.10058980000002],[-76.30198630000001,36.10078859999999],[-76.3018308,36.100821199999984],[-76.30163190000002,36.100770599999976],[-76.3015198,36.10066210000002],[-76.30145470000002,36.1005174],[-76.30143299999997,36.100032899999974],[-76.30178740000002,36.099327800000026],[-76.30196460000002,36.09870219999999],[-76.3022502,36.09825380000001],[-76.30236230000003,36.0979284],[-76.30244909999999,36.097158200000024],[-76.3029373,36.09542970000001],[-76.30300240000003,36.0952489],[-76.30340009999998,36.09458719999998],[-76.30364600000001,36.09431599999999],[-76.30386659999999,36.094138799999996],[-76.30406549999998,36.094012299999974],[-76.30432939999997,36.09390380000002],[-76.3050599,36.093292700000006],[-76.3057071,36.09302509999998],[-76.30798520000002,36.092193399999985],[-76.30998119999998,36.09135090000001],[-76.31053450000002,36.09113389999999],[-76.3108201,36.09115200000002],[-76.31199529999998,36.09138710000002],[-76.31287759999998,36.09161849999998],[-76.31338749999998,36.09169079999998],[-76.3152063,36.091745],[-76.31564750000001,36.09172699999999],[-76.31586809999999,36.091672700000004],[-76.3167757,36.0910978],[-76.3171734,36.09083020000003],[-76.31779540000002,36.09057710000002],[-76.31801960000001,36.090558999999985],[-76.31826189999998,36.090631299999984],[-76.31857280000003,36.09052650000001],[-76.31870659999998,36.09043609999998],[-76.3187934,36.09027329999998],[-76.32027599999998,36.089770699999974],[-76.32089430000002,36.089304200000015],[-76.32158129999999,36.0884906],[-76.32182360000002,36.0878108],[-76.321867,36.086570600000016],[-76.32197910000002,36.08623069999999],[-76.32213460000003,36.08606789999999],[-76.32253600000001,36.08588709999998],[-76.32293370000002,36.085782300000005],[-76.3304622,36.08527600000002],[-76.33139519999997,36.085362799999984],[-76.3315723,36.085435099999984],[-76.33183630000002,36.08570630000003],[-76.33212559999998,36.08623069999999],[-76.3322124,36.086462100000006],[-76.33230279999998,36.08736249999998],[-76.3324546,36.0877385],[-76.3326318,36.08796990000002],[-76.33327550000001,36.08843999999999],[-76.33411439999998,36.08883420000001],[-76.33513770000002,36.08896069999997],[-76.33664199999998,36.08885220000002],[-76.33690589999998,36.088816099999974],[-76.33878629999998,36.08847259999999],[-76.3392129,36.08852680000001],[-76.3395203,36.08863530000002],[-76.33967580000001,36.08858099999998],[-76.34005189999999,36.08847259999999],[-76.34036279999998,36.088349600000015],[-76.34091610000002,36.0884906],[-76.34107160000002,36.0884906],[-76.34184540000001,36.08836769999999],[-76.34215269999999,36.08843999999999],[-76.34288320000002,36.08858099999998],[-76.34355210000001,36.08852680000001],[-76.34503469999999,36.088277300000016],[-76.34527700000001,36.08822309999999],[-76.34563129999998,36.088241100000005],[-76.34602910000001,36.08831350000003],[-76.34640519999999,36.088277300000016],[-76.34751169999998,36.088060299999995],[-76.34835779999997,36.08795190000001],[-76.34955109999999,36.08791930000001],[-76.3498404,36.08788320000002],[-76.35000000000002,36.08772349999998],[-76.35000000000002,36.120932100000005],[-76.35000000000002,36.12118349999997],[-76.34959450000002,36.12135999999998],[-76.34835779999997,36.121631200000024],[-76.34715729999999,36.122025399999984],[-76.34651730000002,36.1223291],[-76.34636180000001,36.1223291],[-76.34618460000002,36.1223291],[-76.3460508,36.12227849999999],[-76.34594229999999,36.122133899999994],[-76.3459206,36.12204350000002],[-76.34607249999999,36.12082129999999],[-76.34602910000001,36.12048140000002],[-76.34596399999998,36.12031860000002],[-76.34567470000002,36.12014149999999],[-76.34536739999999,36.119671400000016],[-76.3453457,36.119382099999996],[-76.34541080000002,36.1190603],[-76.34543250000002,36.118861400000014],[-76.34541080000002,36.11850340000001],[-76.34514680000001,36.11737160000001],[-76.34519019999999,36.11701360000001],[-76.3451215,36.11683640000001],[-76.34490090000003,36.11659780000002],[-76.34494430000001,36.11616750000002],[-76.34507810000002,36.11575529999999],[-76.34492260000002,36.11536109999997],[-76.34472369999997,36.11518030000002],[-76.3442392,36.11469579999999],[-76.34317249999998,36.11415699999998],[-76.34250709999998,36.113976200000025],[-76.34151270000001,36.113817100000006],[-76.34025070000001,36.11361820000002],[-76.33992169999999,36.113527799999986],[-76.33961069999998,36.11333250000001],[-76.33934310000001,36.11300349999999],[-76.33929970000003,36.11262740000001],[-76.3393901,36.112124800000004],[-76.3394118,36.11173070000001],[-76.33919120000002,36.111372700000004],[-76.33880799999997,36.1109568],[-76.33865609999998,36.11081580000001],[-76.33838850000001,36.11059879999999],[-76.33796899999999,36.110472300000026],[-76.33741579999997,36.11007810000001],[-76.33706139999998,36.10996970000002],[-76.33555719999998,36.10993350000001],[-76.33498220000001,36.10990099999998],[-76.33471100000003,36.10984669999999],[-76.33446880000002,36.10971649999999],[-76.33436030000001,36.10953569999998],[-76.3342265,36.10912350000001],[-76.33398419999997,36.108874000000014],[-76.3332972,36.108657100000016],[-76.33247999999998,36.1082629],[-76.33165910000002,36.107796399999984],[-76.3282059,36.106104200000004],[-76.32605430000001,36.10515320000002],[-76.32295540000001,36.10409370000002],[-76.32225030000001,36.103949],[-76.32215630000002,36.10398520000001]]]}},{"type":"Feature","properties":{},"geometry":{"type":"Polygon","coordinates":[[[-76.27501089999998,36.1131843],[-76.2750977,36.11324209999998],[-76.27570159999999,36.113419299999975],[-76.27775910000003,36.11419310000002],[-76.27999740000001,36.114891],[-76.2811039,36.11507180000001],[-76.28134619999997,36.11507180000001],[-76.28165710000002,36.11494529999999],[-76.2821887,36.114891],[-76.28247440000001,36.11492720000001],[-76.28267319999998,36.1150538],[-76.283071,36.11544789999999],[-76.28329159999998,36.1155564],[-76.28351579999998,36.115610600000025],[-76.2838231,36.11564679999998],[-76.28406899999999,36.11571909999998],[-76.2842281,36.11582759999999],[-76.2842498,36.11591440000001],[-76.28420640000002,36.116004799999985],[-76.28353750000002,36.11674599999998],[-76.2834254,36.116959399999985],[-76.2834254,36.117067899999995],[-76.28344709999999,36.117140199999994],[-76.28362420000002,36.11723060000003],[-76.2836929,36.117248700000005],[-76.28375799999998,36.117248700000005],[-76.2838448,36.11719440000002],[-76.28395690000002,36.11704980000002],[-76.28420640000002,36.11685449999999],[-76.2845572,36.11680030000002],[-76.28480309999998,36.11685449999999],[-76.28504529999998,36.11697750000002],[-76.2852876,36.117212499999994],[-76.28537799999998,36.11744390000001],[-76.28542140000002,36.11762470000002],[-76.285642,36.11798270000003],[-76.28573239999997,36.118738500000006],[-76.28584080000002,36.118969900000025],[-76.28595289999998,36.11943630000002],[-76.2860397,36.119526699999994],[-76.28623859999999,36.11965329999998],[-76.28635070000001,36.11968949999999],[-76.28666170000002,36.11986660000002],[-76.28703769999998,36.12001129999999],[-76.28867939999998,36.120249899999976],[-76.28925429999998,36.120517500000005],[-76.2896738,36.1210021],[-76.28980760000002,36.12118290000001],[-76.2900282,36.12139619999999],[-76.2904259,36.12173969999998],[-76.29066820000003,36.12200730000001],[-76.29142030000003,36.122401500000024],[-76.29170959999999,36.12250990000001],[-76.29183979999999,36.12261840000002],[-76.29226290000003,36.12303059999999],[-76.29246169999999,36.12315719999998],[-76.29430230000003,36.123840599999994],[-76.29551729999997,36.123985300000015],[-76.2963815,36.12420220000001],[-76.29684789999999,36.12448790000002],[-76.29709380000003,36.12452400000001],[-76.2974916,36.124542099999985],[-76.29769049999999,36.124578299999996],[-76.29826539999999,36.12479159999998],[-76.2993285,36.12511710000001],[-76.29967929999998,36.12511710000001],[-76.3002578,36.124990500000024],[-76.30080750000002,36.1249363],[-76.3010099,36.12495430000001],[-76.3015451,36.12504469999999],[-76.3022719,36.12517129999998],[-76.30282519999997,36.125221899999985],[-76.30307110000001,36.12517129999998],[-76.30315780000001,36.12513510000002],[-76.30344710000003,36.12511710000001],[-76.30364600000001,36.12513510000002],[-76.30410890000002,36.125258099999996],[-76.30424260000001,36.125258099999996],[-76.30448489999998,36.125258099999996],[-76.3047525,36.12518940000001],[-76.30483930000003,36.1251532],[-76.3049297,36.1250809],[-76.30533109999999,36.12495430000001],[-76.30550820000002,36.1249363],[-76.3057071,36.12495430000001],[-76.3058843,36.12506280000002],[-76.3061917,36.12517129999998],[-76.3066364,36.12518940000001],[-76.30705590000002,36.1251532],[-76.30734519999999,36.1250086],[-76.30747530000002,36.124737400000015],[-76.30752239999998,36.124433599999975],[-76.3075657,36.124361299999975],[-76.3076959,36.12432519999999],[-76.30780800000002,36.124361299999975],[-76.30805029999999,36.12463250000002],[-76.30809729999999,36.124882000000014],[-76.30800690000001,36.1250809],[-76.3074537,36.125438900000006],[-76.30736689999998,36.125547400000016],[-76.30736689999998,36.125619700000016],[-76.30747530000002,36.12572460000001],[-76.30763080000003,36.12572460000001],[-76.30844810000002,36.12529430000001],[-76.30873730000002,36.12527619999997],[-76.30913509999999,36.12531230000002],[-76.30937740000002,36.12545699999998],[-76.30973899999998,36.12592339999998],[-76.310068,36.1264261],[-76.31015839999998,36.126643],[-76.310115,36.12698649999999],[-76.30998119999998,36.12727219999999],[-76.31000289999997,36.127507200000025],[-76.31002460000002,36.1275976],[-76.3102235,36.12788330000001],[-76.31101899999999,36.1281328],[-76.31137339999998,36.128187000000025],[-76.31155059999998,36.12824130000001],[-76.31164100000001,36.12831360000001],[-76.31192659999999,36.12842210000002],[-76.31219420000002,36.12842210000002],[-76.31228099999998,36.12838590000001],[-76.31245819999998,36.127901399999985],[-76.31265710000002,36.12775670000002],[-76.31281259999997,36.12768440000002],[-76.3131669,36.127720599999975],[-76.3132971,36.127792899999974],[-76.3133441,36.12810030000003],[-76.3133441,36.1285125],[-76.31343090000001,36.128617399999996],[-76.31354299999998,36.12867160000002],[-76.31374190000002,36.12870779999997],[-76.3140348,36.12870779999997],[-76.31454100000002,36.12867160000002],[-76.31467479999998,36.12863540000001],[-76.31480859999999,36.12870779999997],[-76.31485199999997,36.128870500000005],[-76.3147399,36.12930080000001],[-76.3147616,36.12940930000002],[-76.31480859999999,36.12948160000002],[-76.31500749999998,36.129535799999985],[-76.31558239999998,36.12955390000002],[-76.3158464,36.12960450000003],[-76.31598020000001,36.12971299999998],[-76.3160236,36.12989379999999],[-76.3160236,36.13003839999999],[-76.31611400000003,36.13016140000002],[-76.31620070000002,36.130251799999996],[-76.31651169999998,36.13043620000002],[-76.3165768,36.13055910000003],[-76.31655510000002,36.13126060000002],[-76.31662019999999,36.131350999999995],[-76.31668889999997,36.131350999999995],[-76.31706500000001,36.131278699999996],[-76.31726379999998,36.13122449999997],[-76.31739399999998,36.13124260000001],[-76.3175061,36.131350999999995],[-76.31748440000001,36.13151379999999],[-76.31728550000003,36.13208509999998],[-76.31726379999998,36.132302100000004],[-76.31726379999998,36.1324467],[-76.31744099999997,36.132641999999976],[-76.3176833,36.13280470000001],[-76.31890550000003,36.13303610000003],[-76.3191478,36.1331265],[-76.31941180000001,36.133538699999974],[-76.31961059999998,36.13373760000002],[-76.31965760000003,36.13380990000002],[-76.31981309999998,36.13409919999998],[-76.31996500000002,36.134225800000024],[-76.32016390000001,36.134457199999986],[-76.32058690000002,36.134637999999995],[-76.32118359999998,36.13480070000003],[-76.3220442,36.1352852],[-76.322272,36.13532140000001],[-76.32233710000003,36.135426300000006],[-76.32251430000002,36.135534800000016],[-76.32304579999999,36.135570900000005],[-76.3236642,36.13551669999998],[-76.32437290000001,36.13537200000002],[-76.32468390000003,36.135230999999976],[-76.32486110000002,36.13510439999999],[-76.3251684,36.13505020000002],[-76.32558790000002,36.13503209999999],[-76.32690050000002,36.134674099999984],[-76.3277177,36.134601799999984],[-76.3282926,36.134674099999984],[-76.3284698,36.13476450000002],[-76.32904480000002,36.1352852],[-76.32942079999998,36.13544439999998],[-76.3298873,36.135534800000016],[-76.33015130000001,36.135534800000016],[-76.33039350000001,36.13548050000003],[-76.33097570000001,36.134996],[-76.33104079999998,36.13495979999999],[-76.33119629999999,36.13495979999999],[-76.33132649999999,36.13503209999999],[-76.331594,36.135498600000005],[-76.3317025,36.135607100000016],[-76.33210389999999,36.13573359999998],[-76.33325380000002,36.13583849999998],[-76.3337383,36.13569749999999],[-76.33387210000001,36.13569749999999],[-76.33449050000002,36.13592890000001],[-76.3360887,36.1367027],[-76.33624420000001,36.13686180000002],[-76.3362659,36.137006499999984],[-76.33639970000002,36.13747649999999],[-76.33646479999999,36.13760309999998],[-76.3365516,36.13769350000001],[-76.3367288,36.13774410000002],[-76.33745920000001,36.13797920000002],[-76.33779190000001,36.138196100000016],[-76.33883329999998,36.13846369999999],[-76.33909720000003,36.138590299999976],[-76.33914060000001,36.13860829999999],[-76.33927799999998,36.13878549999998],[-76.33914060000001,36.13912909999999],[-76.33878629999998,36.139378599999986],[-76.33818960000002,36.140166799999975],[-76.3373037,36.14089000000001],[-76.33664199999998,36.14191340000002],[-76.33620079999997,36.142379800000015],[-76.33579939999998,36.142701699999975],[-76.3356693,36.142900499999996],[-76.33560060000002,36.143168100000025],[-76.33549210000001,36.14336700000001],[-76.3351811,36.14368880000001],[-76.33515940000001,36.14383350000003],[-76.3351811,36.14385149999998],[-76.3353583,36.14388769999999],[-76.33553549999999,36.14377919999998],[-76.33586810000003,36.14347190000001],[-76.33602359999998,36.14307769999999],[-76.33613209999999,36.14291859999997],[-76.33622250000002,36.1428282],[-76.33662029999999,36.14266550000002],[-76.33688419999999,36.14247019999999],[-76.3373507,36.1416964],[-76.3375026,36.14150110000003],[-76.3379473,36.141374600000006],[-76.33980960000002,36.14128419999997],[-76.34069549999998,36.141193799999996],[-76.34118000000001,36.1411215],[-76.34191049999998,36.14079959999998],[-76.3422215,36.14061520000001],[-76.34257580000002,36.140130699999986],[-76.34272770000001,36.14004390000002],[-76.34334960000001,36.13995349999999],[-76.3437293,36.139863100000014],[-76.34417050000002,36.13964979999997],[-76.34459349999997,36.13954130000002],[-76.34472369999997,36.13946900000002],[-76.34563129999998,36.1393243],[-76.34583020000002,36.13923390000002],[-76.34640519999999,36.13868070000001],[-76.34671609999998,36.1384999],[-76.34675950000002,36.13846369999999],[-76.34722599999998,36.13837330000001],[-76.34764910000001,36.13837330000001],[-76.3480902,36.13842749999998],[-76.34831439999999,36.13853599999999],[-76.34866520000003,36.13889399999999],[-76.3488423,36.139111000000014],[-76.34906649999999,36.139450899999986],[-76.34921839999998,36.139595499999984],[-76.35000000000002,36.13986],[-76.35000000000002,36.14999999999998],[-76.32744980000001,36.14999999999998],[-76.27499999999998,36.14999999999998],[-76.27499999999998,36.12151410000001],[-76.27499999999998,36.113176899999985],[-76.27501089999998,36.1131843]]]}},{"type":"Feature","properties":{},"geometry":{"type":"Polygon","coordinates":[[[-76.24863590000001,36.10409370000002],[-76.2487046,36.1040213],[-76.24879140000002,36.10398520000001],[-76.24901190000003,36.10398520000001],[-76.2491023,36.10403939999998],[-76.24914569999999,36.1041841],[-76.24908060000001,36.104274499999974],[-76.24883840000001,36.104415500000016],[-76.2487046,36.10443359999999],[-76.24859249999997,36.104292499999985],[-76.24863590000001,36.10409370000002]]]}},{"type":"Feature","properties":{},"geometry":{"type":"Polygon","coordinates":[[[-76.46609819999998,36.194934699999976],[-76.46607289999997,36.19482620000002],[-76.46611990000002,36.194772],[-76.4661228,36.194769099999974],[-76.46658639999998,36.194305499999984],[-76.4665908,36.19430110000002],[-76.46667680000002,36.19421510000001],[-76.46683230000002,36.1941971],[-76.4668974,36.19421510000001],[-76.46694079999997,36.194305499999984],[-76.46691909999998,36.19435979999997],[-76.4668757,36.194413999999995],[-76.4668739,36.19441560000001],[-76.46634410000001,36.19489859999999],[-76.46634189999997,36.194900399999995],[-76.46627899999999,36.19495280000001],[-76.4661633,36.19495280000001],[-76.46609819999998,36.194934699999976]]]}},{"type":"Feature","properties":{},"geometry":{"type":"Polygon","coordinates":[[[-76.45562269999999,36.1995306],[-76.45599879999997,36.19972949999999],[-76.45608920000001,36.19985250000002],[-76.45613250000002,36.200015199999996],[-76.45602409999998,36.20010559999997],[-76.45589030000002,36.20014170000002],[-76.45571310000003,36.20014170000002],[-76.45555760000002,36.200087499999995],[-76.45522490000002,36.19985250000002],[-76.45520320000003,36.19963910000001],[-76.45522490000002,36.19954869999998],[-76.45527190000001,36.19947639999998],[-76.45533699999999,36.1994583],[-76.45562269999999,36.1995306]]]}},{"type":"Feature","properties":{},"geometry":{"type":"Polygon","coordinates":[[[-76.46529909999998,36.19651490000001],[-76.46534609999998,36.19658720000001],[-76.46534609999998,36.19662340000002],[-76.46529909999998,36.19665950000001],[-76.46521230000002,36.19665950000001],[-76.4650785,36.19651490000001],[-76.46512189999999,36.1964787],[-76.46529909999998,36.19651490000001]]]}},{"type":"Feature","properties":{},"geometry":{"type":"Polygon","coordinates":[[[-76.42626080000002,36.18145070000003],[-76.4266369,36.18150489999999],[-76.42694419999998,36.18163149999998],[-76.42760959999998,36.18251379999998],[-76.42802899999998,36.183016399999985],[-76.42827849999998,36.183211700000015],[-76.42847740000002,36.18333819999998],[-76.428698,36.183392500000025],[-76.42881010000002,36.18351899999999],[-76.4290307,36.18378660000002],[-76.42918609999998,36.184144600000025],[-76.42951520000003,36.18464719999997],[-76.42989130000001,36.184882200000004],[-76.43040109999998,36.18538849999999],[-76.43101949999999,36.18615870000002],[-76.431287,36.18649859999999],[-76.4315944,36.18689269999999],[-76.43212599999998,36.18744959999998],[-76.43259599999999,36.18797030000002],[-76.43376760000001,36.18912019999999],[-76.43491749999998,36.190230299999996],[-76.43498620000003,36.19032069999997],[-76.43540569999999,36.19060999999999],[-76.43576000000002,36.19075099999998],[-76.43633499999999,36.19085949999999],[-76.43671469999998,36.190968],[-76.43684839999997,36.1910403],[-76.43715580000003,36.191235500000005],[-76.43881549999998,36.192548199999976],[-76.43948089999998,36.19256619999999],[-76.44255809999999,36.19229869999998],[-76.44280400000002,36.192186600000014],[-76.44300290000001,36.1921504],[-76.44306799999998,36.1921504],[-76.4435995,36.192334800000026],[-76.4440624,36.19242159999999],[-76.4443733,36.19237099999998],[-76.44459389999997,36.19237099999998],[-76.444706,36.192389100000014],[-76.44477110000003,36.19242159999999],[-76.4448615,36.19242159999999],[-76.44504230000001,36.192407100000025],[-76.44519780000002,36.1923529],[-76.4454184,36.19231669999999],[-76.44579440000001,36.192407100000025],[-76.44603669999998,36.19263860000001],[-76.44612710000001,36.193444899999974],[-76.44603669999998,36.193766700000026],[-76.44592460000001,36.19394749999998],[-76.44579440000001,36.19407410000002],[-76.44554849999997,36.19473579999999],[-76.4453967,36.19507570000002],[-76.4454184,36.19536499999998],[-76.44552679999998,36.19543729999998],[-76.44572570000003,36.19536499999998],[-76.4458161,36.19529269999998],[-76.44585949999998,36.195202300000005],[-76.44639110000003,36.1948443],[-76.44678879999998,36.194522500000005],[-76.4469226,36.194377900000006],[-76.44700940000001,36.194341699999995],[-76.4473638,36.19394749999998],[-76.44756260000003,36.19380289999998],[-76.4479604,36.19369799999998],[-76.4484486,36.19367999999997],[-76.44869080000001,36.193748700000015],[-76.44898010000003,36.193766700000026],[-76.44926939999999,36.193748700000015],[-76.45002149999999,36.19360760000001],[-76.45037589999998,36.193517199999974],[-76.45064350000001,36.193481099999985],[-76.4512618,36.193517199999974],[-76.45152580000001,36.193444899999974],[-76.45185839999999,36.1933545],[-76.45243340000002,36.19326769999998],[-76.45313390000001,36.19325989999999],[-76.45354350000002,36.19326769999998],[-76.45374240000001,36.19328580000001],[-76.45425219999998,36.1933545],[-76.45478379999997,36.19349920000002],[-76.4551381,36.193748700000015],[-76.45551419999998,36.19421510000001],[-76.45602409999998,36.194681600000024],[-76.4562229,36.19495280000001],[-76.4562229,36.195093799999995],[-76.4561759,36.195310800000016],[-76.4561759,36.19557839999999],[-76.45624459999999,36.1964787],[-76.45637479999999,36.19703559999999],[-76.45646520000003,36.197625000000016],[-76.45644349999998,36.197679300000004],[-76.45637479999999,36.197751600000004],[-76.45624459999999,36.19776969999998],[-76.45602409999998,36.197679300000004],[-76.45579989999999,36.19764309999999],[-76.455601,36.19771539999999],[-76.4554708,36.197805800000026],[-76.45540210000001,36.19810960000001],[-76.45535869999998,36.19818190000001],[-76.45520320000003,36.198344599999984],[-76.45496100000003,36.198453099999995],[-76.45487059999999,36.198557900000026],[-76.45476209999998,36.19886530000002],[-76.45429560000002,36.19924500000002],[-76.45418710000001,36.199603000000025],[-76.45400999999998,36.19978379999998],[-76.45400999999998,36.19992480000002],[-76.45407499999999,36.20006940000002],[-76.45416540000002,36.200159799999994],[-76.4546717,36.200355100000024],[-76.45522490000002,36.20053589999998],[-76.455648,36.20073120000001],[-76.4557565,36.20093000000003],[-76.45579989999999,36.201107200000024],[-76.45579989999999,36.2012699],[-76.45551419999998,36.202564499999994],[-76.45553589999997,36.20304900000002],[-76.455601,36.20319360000002],[-76.45572099999998,36.203414699999996],[-76.4564087,36.203335100000004],[-76.45646950000003,36.20275120000002],[-76.45662279999999,36.20215430000002],[-76.45672919999998,36.20179059999998],[-76.45679790000003,36.20164599999998],[-76.45699680000001,36.201505],[-76.45792970000002,36.200984300000016],[-76.45850460000003,36.200658799999985],[-76.45881559999998,36.20053589999998],[-76.45892409999999,36.20049970000002],[-76.45901450000002,36.20049970000002],[-76.45925679999999,36.20060819999998],[-76.45945560000001,36.20064439999999],[-76.46111539999998,36.20067690000002],[-76.4614264,36.20062630000001],[-76.46204829999999,36.20046359999998],[-76.46216040000002,36.20039129999998],[-76.46240269999998,36.2003009],[-76.46255819999999,36.2003009],[-76.46262330000002,36.20031890000001],[-76.46284379999997,36.20062630000001],[-76.4629342,36.20064439999999],[-76.46306440000001,36.200658799999985],[-76.46315479999998,36.20055400000001],[-76.4631331,36.200282800000025],[-76.4629342,36.19971140000001],[-76.4629342,36.19963910000001],[-76.46297759999999,36.199603000000025],[-76.4635743,36.19958489999999],[-76.46366469999998,36.19951259999999],[-76.46379480000002,36.199440200000026],[-76.46406239999999,36.19906420000001],[-76.4646808,36.1986483],[-76.46514719999999,36.198380799999995],[-76.4652557,36.19829040000002],[-76.46529909999998,36.198199999999986],[-76.46534609999998,36.197805800000026],[-76.46563179999998,36.19687290000002],[-76.46587399999999,36.19644260000001],[-76.46627899999999,36.195889299999976],[-76.46681059999997,36.19518420000003],[-76.46725170000002,36.19457670000003],[-76.46749399999999,36.19425130000002],[-76.4676278,36.19373059999998],[-76.46771460000002,36.19360760000001],[-76.46802559999998,36.193444899999974],[-76.46818100000002,36.19339070000001],[-76.46862220000003,36.19339070000001],[-76.46893319999998,36.193408799999986],[-76.46911039999998,36.193444899999974],[-76.46933089999999,36.193553399999985],[-76.46939600000002,36.19371610000002],[-76.46941770000001,36.1938571],[-76.4696419,36.19411029999998],[-76.46968529999998,36.19417900000002],[-76.46970700000003,36.19446829999998],[-76.4696419,36.194681600000024],[-76.46950809999998,36.19488050000001],[-76.46937430000003,36.19495280000001],[-76.46908869999999,36.19503959999997],[-76.46877769999998,36.19525650000003],[-76.46824609999999,36.19574469999998],[-76.4679605,36.196156900000005],[-76.46756269999997,36.19698140000003],[-76.46760610000001,36.19723090000002],[-76.4676495,36.19730320000002],[-76.4676495,36.19737550000002],[-76.46756269999997,36.19744780000002],[-76.46742890000002,36.197483999999974],[-76.46731679999999,36.197697300000016],[-76.46709759999999,36.198714499999994],[-76.46698550000002,36.199003800000014],[-76.46669980000001,36.19925690000002],[-76.46663469999999,36.19940150000002],[-76.46665639999998,36.19979569999998],[-76.46678659999998,36.20031640000002],[-76.46678659999998,36.20051160000003],[-76.4667432,36.200638200000014],[-76.46667810000002,36.20076110000002],[-76.4661863,36.201122699999985],[-76.46598610000001,36.20117950000002],[-76.4658306,36.20137840000001],[-76.46545459999999,36.20200399999999],[-76.46536780000002,36.202329399999996],[-76.46532079999997,36.202691000000016],[-76.46521230000002,36.20333470000003],[-76.46514719999999,36.20415910000003],[-76.46519060000003,36.20489679999997],[-76.46534609999998,36.20557659999997],[-76.46547629999998,36.206332299999985],[-76.46556670000001,36.20760519999999],[-76.46572220000002,36.207926999999984],[-76.46609819999998,36.208342800000025],[-76.466185,36.2084658],[-76.46634410000001,36.208556199999975],[-76.46645619999998,36.20857419999999],[-76.46696250000002,36.208556199999975],[-76.4674506,36.208628499999975],[-76.4676278,36.20864660000001],[-76.46811600000001,36.20887800000003],[-76.46824609999999,36.208841800000016],[-76.46886810000001,36.20844770000002],[-76.4702385,36.20782209999999],[-76.47041569999999,36.20767749999999],[-76.4711064,36.20731949999998],[-76.4718585,36.207120599999996],[-76.47225630000003,36.20710250000002],[-76.4725889,36.207192899999995],[-76.47303010000002,36.20739179999998],[-76.47334180000001,36.20772219999998],[-76.4740028,36.20859230000002],[-76.4749357,36.209546999999986],[-76.47502609999998,36.20976030000003],[-76.47506950000002,36.20997729999999],[-76.47511809999997,36.21033219999998],[-76.47491919999999,36.21158700000001],[-76.4747855,36.2119088],[-76.4745613,36.212320999999974],[-76.4742503,36.212791100000004],[-76.4742503,36.21295379999998],[-76.47433710000001,36.213203299999975],[-76.47409479999999,36.213384099999985],[-76.4740731,36.213470900000004],[-76.4740731,36.21366979999999],[-76.4745777,36.216182300000014],[-76.4748272,36.21686570000003],[-76.47515629999998,36.2173684],[-76.47584330000001,36.21788909999998],[-76.47659549999997,36.218337399999996],[-76.47708360000001,36.217100800000026],[-76.47655209999999,36.2165981],[-76.47597710000002,36.21582430000001],[-76.47582160000002,36.215357900000015],[-76.47576800000002,36.2139229],[-76.4758731,36.213339899999994],[-76.47613710000002,36.21265290000002],[-76.476383,36.21247570000003],[-76.47680250000002,36.21229490000002],[-76.4771351,36.212240699999995],[-76.4773123,36.212204499999984],[-76.47739910000001,36.21202729999999],[-76.47739910000001,36.21195499999999],[-76.4772653,36.2118284],[-76.4771098,36.211759700000016],[-76.47686750000003,36.211705499999994],[-76.4766904,36.21168740000002],[-76.47639659999999,36.211803299999985],[-76.47628450000002,36.211839499999996],[-76.47617600000001,36.21182140000002],[-76.47615430000002,36.211803299999985],[-76.47613260000003,36.21174910000002],[-76.47608559999998,36.21153570000001],[-76.47617600000001,36.211391100000014],[-76.4763749,36.21121390000002],[-76.47644000000003,36.211123499999985],[-76.4765304,36.21087399999999],[-76.47663890000001,36.21046180000002],[-76.4766823,36.210371399999985],[-76.47692810000001,36.21035330000001],[-76.47708360000001,36.210299099999986],[-76.47705830000001,36.210190599999976],[-76.47628450000002,36.209308299999975],[-76.47613260000003,36.208823800000005],[-76.47566669999998,36.20814309999997],[-76.4757318,36.207998499999974],[-76.47628500000002,36.2076586],[-76.47641879999998,36.20753560000003],[-76.47654899999998,36.20728250000002],[-76.47652729999999,36.207246399999974],[-76.4764839,36.20714149999998],[-76.47628500000002,36.2070511],[-76.47610780000002,36.20706919999998],[-76.47590889999998,36.2071234],[-76.47571010000001,36.20733680000001],[-76.47566669999998,36.20740910000001],[-76.4755763,36.207445199999995],[-76.4753991,36.207445199999995],[-76.47526529999999,36.207372899999996],[-76.4749574,36.20713869999997],[-76.47473680000002,36.20683500000001],[-76.47457750000001,36.206575499999985],[-76.4743138,36.206119],[-76.47411490000002,36.20593819999999],[-76.47393770000002,36.20586229999998],[-76.47369179999998,36.205826100000024],[-76.47318560000002,36.2058442],[-76.47293969999998,36.20580799999999],[-76.47283119999997,36.205739300000005],[-76.47280189999998,36.20568129999998],[-76.47268830000002,36.2055848],[-76.47256909999999,36.205562799999996],[-76.4724473,36.2055694],[-76.47227409999999,36.20562210000003],[-76.4721793,36.20569230000001],[-76.47200070000002,36.20579759999998],[-76.47174230000002,36.205888800000025],[-76.47146629999997,36.205941800000005],[-76.4707646,36.2059835],[-76.47028189999997,36.20613709999998],[-76.46975040000001,36.20613709999998],[-76.46955589999999,36.20618400000001],[-76.46937070000001,36.20628140000002],[-76.46919709999997,36.206332299999985],[-76.46835820000001,36.20635040000002],[-76.4681377,36.206332299999985],[-76.46787010000003,36.20627810000002],[-76.46776160000002,36.20624190000001],[-76.46758440000002,36.206100900000024],[-76.46749399999999,36.20597429999998],[-76.46751389999997,36.205818299999976],[-76.46768370000001,36.205516999999986],[-76.46784530000002,36.205104300000016],[-76.46826779999998,36.20333470000003],[-76.46833650000002,36.2031394],[-76.46849200000003,36.202618700000016],[-76.46862220000003,36.20229330000001],[-76.46869090000001,36.2019353],[-76.46875599999998,36.20116150000001],[-76.46897660000002,36.2004455],[-76.46919709999997,36.200159799999994],[-76.46921880000002,36.19962099999998],[-76.46928750000001,36.199082299999986],[-76.46952979999998,36.1985037],[-76.47017349999999,36.197294],[-76.47055310000002,36.1967588],[-76.4707737,36.196379200000024],[-76.47099789999999,36.19605730000001],[-76.47170299999999,36.195636200000024],[-76.47188019999999,36.19536499999998],[-76.47201039999999,36.195006999999976],[-76.47207909999997,36.194934699999976],[-76.4721659,36.19489859999999],[-76.47241179999997,36.19486239999998],[-76.47296290000003,36.194858599999975],[-76.47305180000001,36.19432360000002],[-76.47280949999998,36.19435979999997],[-76.47261800000001,36.194455000000005],[-76.4725522,36.194494399999996],[-76.4725067,36.1944982],[-76.47247379999999,36.19448799999998],[-76.4724488,36.19444229999999],[-76.4724488,36.194284900000014],[-76.47247229999999,36.19413500000002],[-76.47245659999999,36.19405499999999],[-76.4724253,36.19403089999997],[-76.47238850000002,36.19402960000002],[-76.47230280000002,36.1940548],[-76.47215,36.19422989999998],[-76.47203769999999,36.19427539999998],[-76.47196279999997,36.19427539999998],[-76.47187860000003,36.19419579999999],[-76.4716813,36.19396560000001],[-76.47161260000001,36.19391139999999],[-76.47159090000002,36.19383909999999],[-76.47159090000002,36.19373059999998],[-76.47165960000001,36.19360760000001],[-76.47172469999998,36.1933545],[-76.47174639999997,36.193249700000024],[-76.4716813,36.19315929999999],[-76.47161260000001,36.193105],[-76.47146079999999,36.19305079999998],[-76.47114979999998,36.1930327],[-76.47068330000002,36.192851899999994],[-76.47041569999999,36.1926024],[-76.47028189999997,36.19242159999999],[-76.47003969999997,36.19224439999999],[-76.46979379999999,36.192060000000026],[-76.4693092,36.19188279999997],[-76.4692536,36.191856900000005],[-76.46877769999998,36.1917201],[-76.46842329999998,36.19170200000002],[-76.46815939999999,36.1917201],[-76.46789180000002,36.1917924],[-76.46760610000001,36.19188279999997],[-76.46716129999999,36.19190090000001],[-76.46652130000001,36.19195509999997],[-76.46594270000003,36.19193710000002],[-76.4658523,36.19197320000001],[-76.4657656,36.19209619999998],[-76.4657656,36.193481099999985],[-76.46587399999999,36.193748700000015],[-76.46592099999998,36.19403790000001],[-76.46596440000002,36.19428749999997],[-76.46587399999999,36.194486299999994],[-76.46580899999998,36.19457670000003],[-76.46554500000002,36.19466349999999],[-76.46516889999998,36.19466349999999],[-76.46481460000001,36.1946274],[-76.46463740000002,36.19459119999999],[-76.46430470000001,36.194486299999994],[-76.4640407,36.19439590000002],[-76.46377310000003,36.19421510000001],[-76.4635743,36.19367999999997],[-76.4635743,36.193444899999974],[-76.46355260000001,36.19265660000002],[-76.46350919999998,36.19216849999998],[-76.46353090000002,36.191665899999975],[-76.4635743,36.19150669999999],[-76.4636036,36.19136400000002],[-76.46368639999997,36.19082329999998],[-76.46377310000003,36.19039299999997],[-76.46390689999998,36.1898362],[-76.4639937,36.18946010000002],[-76.4639937,36.18917440000001],[-76.46381650000001,36.188559699999985],[-76.4637515,36.18821980000001],[-76.46384189999998,36.18812939999998],[-76.46406239999999,36.18793410000001],[-76.46430470000001,36.187771399999974],[-76.4645036,36.187576200000024],[-76.4648363,36.18698310000002],[-76.46501339999998,36.1866071],[-76.46532560000003,36.185832000000005],[-76.46538950000001,36.18567410000003],[-76.4655884,36.18527640000002],[-76.46572220000002,36.184882200000004],[-76.46505680000001,36.1843073],[-76.46494469999999,36.18441580000001],[-76.46459399999998,36.18453870000002],[-76.46392859999997,36.18464719999997],[-76.46319820000002,36.18471950000003],[-76.46291250000002,36.184701399999994],[-76.46264500000001,36.18457489999997],[-76.46233760000001,36.18450619999999],[-76.4620266,36.18450619999999],[-76.46175540000002,36.18436150000002],[-76.46111539999998,36.18357329999998],[-76.46100330000002,36.18350090000001],[-76.4609165,36.183464800000024],[-76.4605621,36.18342860000001],[-76.46040670000002,36.1834829],[-76.4602729,36.18357329999998],[-76.4603199,36.1837324],[-76.46054040000001,36.184216900000024],[-76.46054040000001,36.18439769999998],[-76.4604971,36.184469999999976],[-76.46036329999998,36.18457489999997],[-76.46000889999999,36.18464719999997],[-76.45989680000002,36.184882200000004],[-76.45996550000001,36.185439099999996],[-76.45985339999999,36.185800700000016],[-76.45985339999999,36.1859417],[-76.45987509999998,36.18601410000002],[-76.4601644,36.186353999999994],[-76.46022950000003,36.186534800000004],[-76.46020779999998,36.18657089999999],[-76.4601644,36.186589000000026],[-76.4599872,36.1866071],[-76.45930019999997,36.186715600000014],[-76.4589024,36.18680230000001],[-76.45841789999997,36.1870735],[-76.45801649999999,36.1873592],[-76.45783929999999,36.1874315],[-76.45737279999997,36.18744959999998],[-76.45723900000002,36.18737729999998],[-76.45675089999997,36.18719650000003],[-76.45655199999999,36.187055499999985],[-76.45620639999999,36.1868523],[-76.45604580000003,36.186715600000014],[-76.45584689999998,36.186480500000016],[-76.45579989999999,36.18631779999998],[-76.45582519999999,36.18560179999997],[-76.4557565,36.18493649999999],[-76.45571310000003,36.184665300000006],[-76.45544910000001,36.1841627],[-76.45480550000002,36.18326589999998],[-76.45369899999997,36.18204730000002],[-76.45181500000001,36.18030440000001],[-76.45119670000003,36.17985599999997],[-76.45042289999998,36.17946189999998],[-76.44864740000003,36.17881460000001],[-76.44835819999997,36.178601300000025],[-76.44740719999999,36.177682800000014],[-76.44636939999998,36.17658719999997],[-76.4456606,36.17610259999998],[-76.44504230000001,36.17579890000002],[-76.44386350000002,36.175386600000024],[-76.44335719999998,36.17529619999999],[-76.44280400000002,36.175314300000025],[-76.4414299,36.1756542],[-76.44063080000001,36.17576270000001],[-76.44054039999997,36.175726499999996],[-76.44045360000001,36.17551320000001],[-76.44051869999998,36.175242000000026],[-76.44098880000001,36.17441389999999],[-76.44098880000001,36.173607600000025],[-76.44105380000002,36.17348099999998],[-76.44112260000003,36.1731049],[-76.4410105,36.17287349999998],[-76.4406525,36.172298599999976],[-76.44045360000001,36.172045500000024],[-76.44023299999998,36.17186830000003],[-76.44012090000001,36.171741699999984],[-76.4397449,36.17093169999998],[-76.439546,36.17076900000001],[-76.43866009999999,36.17019770000002],[-76.43700389999998,36.16944189999998],[-76.43677969999999,36.16933349999999],[-76.43662790000002,36.169192399999986],[-76.43651219999998,36.16895740000001],[-76.43615779999999,36.16769900000003],[-76.4359806,36.1672145],[-76.43582509999999,36.166675699999985],[-76.43576000000002,36.16542099999998],[-76.43582509999999,36.16493639999999],[-76.4357817,36.16443020000003],[-76.43566959999998,36.16351529999997],[-76.43551409999998,36.1631031],[-76.4352068,36.162636599999985],[-76.43485240000001,36.16245950000001],[-76.43403519999998,36.162188300000025],[-76.4327515,36.16206169999998],[-76.43244049999998,36.16197490000002],[-76.43117489999997,36.161363800000004],[-76.43108819999998,36.16134570000003],[-76.4294284,36.1608756],[-76.42838699999999,36.16083950000001],[-76.42743239999999,36.1608756],[-76.42736730000001,36.160893699999974],[-76.42575099999999,36.16145419999998],[-76.42515429999997,36.16149039999999],[-76.42500000000001,36.16149039999999],[-76.42500000000001,36.14999999999998],[-76.5,36.14999999999998],[-76.5,36.22500000000002],[-76.46756269999997,36.22500000000002],[-76.42500000000001,36.22500000000002],[-76.42500000000001,36.209622000000024],[-76.42500000000001,36.1815158],[-76.42626080000002,36.18145070000003]]]}},{"type":"Feature","properties":{},"geometry":{"type":"Polygon","coordinates":[[[-76.42500000000001,36.16149039999999],[-76.42462280000001,36.16149039999999],[-76.42413820000002,36.161418000000026],[-76.4235994,36.161038399999995],[-76.42353429999997,36.160821399999975],[-76.42342589999998,36.1605538],[-76.42309319999998,36.15933159999997],[-76.42295940000002,36.158742200000006],[-76.4227171,36.158113000000014],[-76.42236279999997,36.15771530000001],[-76.42161060000001,36.157013800000016],[-76.41713770000001,36.1551298],[-76.41616490000001,36.15489839999998],[-76.4157672,36.154681400000015],[-76.41554300000001,36.15433789999997],[-76.4154345,36.15403420000001],[-76.41511989999998,36.15365809999997],[-76.41483060000002,36.1534954],[-76.4144546,36.15320969999999],[-76.41381460000002,36.152671],[-76.41361569999998,36.1525082],[-76.41335170000002,36.15220449999998],[-76.41315279999998,36.152005599999995],[-76.41304070000001,36.15191520000002],[-76.41242240000003,36.15173800000002],[-76.41219819999998,36.15164759999999],[-76.41206799999998,36.15150299999999],[-76.4119776,36.15130770000002],[-76.41189079999998,36.150978699999996],[-76.4117137,36.15081959999998],[-76.41149309999997,36.15067490000001],[-76.41120380000001,36.1504941],[-76.41055540000002,36.14999999999998],[-76.42500000000001,36.14999999999998],[-76.42500000000001,36.16149039999999]]]}},{"type":"Feature","properties":{},"geometry":{"type":"Polygon","coordinates":[[[-76.353545,36.14999999999998],[-76.37345160000001,36.14999999999998],[-76.3820083,36.14999999999998],[-76.38197209999998,36.15010000000001],[-76.3819456,36.150847899999974],[-76.3819287,36.151325799999995],[-76.3819287,36.1516115],[-76.38204080000003,36.151879099999974],[-76.3827025,36.15306509999999],[-76.3831907,36.15327839999998],[-76.38329920000001,36.15336880000001],[-76.38354509999999,36.15387149999998],[-76.3836101,36.15396190000001],[-76.38367520000003,36.15401609999998],[-76.38400789999997,36.15422940000002],[-76.38473829999998,36.154576599999984],[-76.38620279999998,36.154808],[-76.38633659999999,36.154844200000014],[-76.38669099999998,36.1551154],[-76.38733100000002,36.15574090000001],[-76.38761670000002,36.15620740000003],[-76.38772879999999,36.1566196],[-76.38784090000001,36.15771530000001],[-76.38792760000001,36.15809489999998],[-76.38823860000002,36.1584891],[-76.38841580000002,36.158901300000025],[-76.38850259999998,36.1592268],[-76.3886147,36.15962089999999],[-76.38872320000002,36.1599789],[-76.38894729999998,36.160785299999986],[-76.38918960000001,36.16145419999998],[-76.38929810000002,36.16159520000002],[-76.38956569999999,36.16183030000002],[-76.39014420000001,36.16258240000002],[-76.39089639999997,36.16369609999998],[-76.39154000000002,36.16437589999998],[-76.39211499999999,36.16493639999999],[-76.39235719999999,36.16558370000001],[-76.39226680000002,36.165797],[-76.39154000000002,36.167681000000016],[-76.39131579999997,36.168635600000016],[-76.39133750000002,36.16895740000001],[-76.39151470000002,36.16940579999999],[-76.3917606,36.16994460000001],[-76.3918908,36.17039299999999],[-76.3919378,36.17087750000002],[-76.39186910000001,36.171669399999985],[-76.39169190000001,36.17209969999999],[-76.39156170000001,36.1723528],[-76.39144959999999,36.172479399999986],[-76.39129860000003,36.1729201],[-76.39097349999997,36.17374380000001],[-76.39040990000001,36.17441580000002],[-76.39010639999998,36.1747843],[-76.39023650000001,36.17526120000002],[-76.3905896,36.17534189999998],[-76.3909951,36.17543460000002],[-76.39188389999998,36.1751094],[-76.3924475,36.17441580000002],[-76.39259950000002,36.173752200000024],[-76.3926429,36.17344489999999],[-76.39328649999999,36.1721359],[-76.393395,36.171705599999996],[-76.3934203,36.17150670000001],[-76.393395,36.17130780000002],[-76.39330819999998,36.171004100000005],[-76.39328649999999,36.17062800000002],[-76.393395,36.169460000000015],[-76.39364089999998,36.16890319999999],[-76.39386150000001,36.168490899999995],[-76.3940604,36.1682414],[-76.39441829999998,36.1679522],[-76.39494989999997,36.167572500000006],[-76.39530430000002,36.16741339999999],[-76.39565859999999,36.16726870000002],[-76.39587920000002,36.16723259999998],[-76.39612149999999,36.16719640000002],[-76.39660959999998,36.1672145],[-76.39800179999997,36.16746760000001],[-76.398913,36.16769900000003],[-76.39944459999998,36.16780749999998],[-76.39960009999999,36.16780749999998],[-76.3999761,36.16759059999998],[-76.40006290000002,36.167572500000006],[-76.400439,36.167608599999994],[-76.40063789999999,36.167681000000016],[-76.40072830000003,36.167789400000004],[-76.40072830000003,36.168129299999976],[-76.40189980000002,36.16928280000002],[-76.4021204,36.16979989999999],[-76.4024748,36.17093169999998],[-76.4027026,36.17121739999999],[-76.40290149999998,36.1713982],[-76.40455759999998,36.172443199999975],[-76.4066621,36.17366179999999],[-76.40743959999998,36.173983599999985],[-76.40850269999999,36.17455860000001],[-76.40931990000001,36.174880400000006],[-76.4096308,36.17493459999997],[-76.4106903,36.1756542],[-76.41091089999998,36.17579890000002],[-76.41124719999999,36.175780799999984],[-76.41135930000002,36.175835000000006],[-76.4117137,36.176015800000016],[-76.41237539999997,36.17644610000002],[-76.412643,36.176569099999995],[-76.41332640000002,36.176677600000005],[-76.41381460000002,36.17684029999998],[-76.41419059999998,36.177144],[-76.41441120000002,36.177379099999996],[-76.41480890000003,36.177556200000026],[-76.41518500000001,36.17770089999999],[-76.41556830000002,36.17784549999999],[-76.41607449999998,36.178022699999985],[-76.41660610000002,36.178239700000006],[-76.41687009999998,36.17834449999998],[-76.41753540000002,36.178745900000024],[-76.4179115,36.17899540000002],[-76.4194157,36.18014169999998],[-76.41977370000001,36.18046709999999],[-76.42056919999999,36.181201199999975],[-76.42085850000001,36.181381999999985],[-76.42110079999998,36.181486800000016],[-76.4218095,36.1816134],[-76.42276049999998,36.18163149999998],[-76.42500000000001,36.1815158],[-76.42500000000001,36.209622000000024],[-76.42500000000001,36.22500000000002],[-76.35000000000002,36.22500000000002],[-76.35000000000002,36.15866840000001],[-76.35000000000002,36.14999999999998],[-76.353545,36.14999999999998]]]}},{"type":"Feature","properties":{},"geometry":{"type":"Polygon","coordinates":[[[-76.27521730000001,36.19879259999999],[-76.27536939999999,36.19886509999998],[-76.27541409999998,36.198981100000026],[-76.27539619999999,36.19914779999999],[-76.27526210000002,36.19947400000001],[-76.27525309999999,36.199916099999996],[-76.27529779999998,36.2004235],[-76.27533360000001,36.201046899999994],[-76.27538729999998,36.20142390000001],[-76.27551249999999,36.201829799999985],[-76.2755214,36.20213419999999],[-76.27547670000001,36.20238790000002],[-76.27538729999998,36.20262709999997],[-76.27530680000001,36.202982299999974],[-76.27534259999999,36.20321419999999],[-76.2754678,36.203373699999986],[-76.27576290000002,36.20356220000002],[-76.27615639999999,36.20388109999999],[-76.27648729999999,36.20414199999999],[-76.27680930000002,36.204337699999996],[-76.2768987,36.2045842],[-76.27693449999998,36.20480889999999],[-76.27709549999997,36.20507709999998],[-76.2772812,36.205369099999984],[-76.27743529999998,36.205598899999984],[-76.27758740000002,36.20568589999999],[-76.27789139999999,36.20573660000002],[-76.27824020000003,36.205823599999974],[-76.27859799999999,36.20591780000001],[-76.27935819999999,36.20615700000002],[-76.27985009999998,36.20637449999998],[-76.2804046,36.20663539999998],[-76.28076229999999,36.20674409999998],[-76.28101270000002,36.206816600000025],[-76.28112900000002,36.206932600000016],[-76.2811916,36.207048499999985],[-76.28129890000002,36.20732400000003],[-76.2813883,36.207642899999996],[-76.28146880000003,36.20782409999998],[-76.2816388,36.2079038],[-76.28181760000001,36.20796899999999],[-76.2819518,36.20807050000002],[-76.28202329999999,36.2082082],[-76.28210380000002,36.20844740000001],[-76.2822559,36.208592399999986],[-76.2824258,36.20865040000001],[-76.28272989999999,36.2088243],[-76.28294449999999,36.20903449999997],[-76.28307869999998,36.20923019999998],[-76.28320389999999,36.20946939999999],[-76.28332929999999,36.209687599999995],[-76.28348110000002,36.209795499999984],[-76.2837763,36.209911499999976],[-76.2842771,36.21009989999999],[-76.28479579999998,36.210346300000026],[-76.2850909,36.2104913],[-76.2853414,36.21067249999999],[-76.2855381,36.21083190000002],[-76.28575280000001,36.21102760000002],[-76.28586009999998,36.211266799999976],[-76.28603900000002,36.21167989999998],[-76.28623570000002,36.212129300000015],[-76.28639670000001,36.212390200000016],[-76.28660239999999,36.21260760000001],[-76.2867455,36.21284680000002],[-76.28670970000002,36.213114899999994],[-76.28664329999998,36.21330160000002],[-76.28657559999999,36.213528],[-76.28645929999999,36.2136802],[-76.28621779999997,36.213890400000025],[-76.28594950000002,36.2139411],[-76.28578149999998,36.213938799999994],[-76.28560069999997,36.21393389999997],[-76.28549340000001,36.213912100000016],[-76.28526090000003,36.213825199999974],[-76.28497470000002,36.2137237],[-76.2845633,36.21356429999997],[-76.28421450000002,36.213455599999975],[-76.28392830000001,36.213470099999995],[-76.2837399,36.21354339999999],[-76.28364210000001,36.213716499999975],[-76.28361530000001,36.213912100000016],[-76.28374050000002,36.21405709999999],[-76.28392830000001,36.21418030000001],[-76.28409820000002,36.21426730000002],[-76.28420549999998,36.21436870000002],[-76.28420549999998,36.21457170000002],[-76.28406899999999,36.2147468],[-76.2837882,36.215316900000005],[-76.28412179999998,36.21587299999999],[-76.2842331,36.216595900000016],[-76.28431649999999,36.217235500000015],[-76.2846978,36.21748480000002],[-76.28503940000002,36.21770809999998],[-76.28601259999999,36.21731890000001],[-76.28634620000003,36.217513499999995],[-76.28807010000003,36.21831980000002],[-76.2890433,36.21848670000003],[-76.28993300000002,36.21840329999998],[-76.28998860000002,36.21790279999999],[-76.2894326,36.2174857],[-76.28820910000002,36.2174301],[-76.287375,36.21681840000002],[-76.28665210000003,36.216234499999985],[-76.2863941,36.21528549999999],[-76.28724820000002,36.215132900000015],[-76.28756729999998,36.215077099999974],[-76.2879365,36.21501619999998],[-76.28844959999998,36.21500099999997],[-76.28867489999999,36.215046700000016],[-76.28893779999999,36.21509739999999],[-76.28920060000002,36.215138000000024],[-76.28938210000001,36.2151025],[-76.28956979999998,36.2150365],[-76.28975750000001,36.21490469999998],[-76.28983260000001,36.21471709999997],[-76.28987640000003,36.21456490000003],[-76.289964,36.21433669999999],[-76.29012669999997,36.21404769999998],[-76.29027070000001,36.21383980000002],[-76.29033320000002,36.213692700000024],[-76.29046469999997,36.21343409999997],[-76.29063359999998,36.21326670000002],[-76.29087140000001,36.21306900000002],[-76.29121559999999,36.2128611],[-76.29149089999999,36.212708899999996],[-76.29165360000002,36.212577099999976],[-76.291785,36.212419899999986],[-76.2918664,36.21213590000002],[-76.29186010000001,36.211983799999985],[-76.29177249999998,36.211816399999975],[-76.29152219999997,36.21167439999999],[-76.29131569999998,36.211583099999984],[-76.29066490000002,36.21137010000001],[-76.29040830000002,36.21128900000002],[-76.29009539999998,36.21107089999998],[-76.28962610000002,36.210508000000004],[-76.28906919999997,36.20987919999999],[-76.28813680000002,36.20877869999998],[-76.2874046,36.208053500000005],[-76.28693529999998,36.20767310000002],[-76.28650349999998,36.2073029],[-76.2862907,36.207064600000024],[-76.28615930000001,36.20682620000002],[-76.28604039999999,36.20653709999999],[-76.28577760000002,36.20603],[-76.28572129999998,36.20576119999998],[-76.28566489999997,36.20542649999999],[-76.28571499999998,36.20517289999998],[-76.28587140000002,36.20483309999997],[-76.28605290000002,36.20460989999998],[-76.28622810000002,36.204402000000016],[-76.28640960000001,36.20429039999999],[-76.28655350000002,36.204183899999975],[-76.28659729999998,36.20398610000001],[-76.28658480000001,36.20380349999999],[-76.2864346,36.20369699999998],[-76.28612170000002,36.20369699999998],[-76.28580260000001,36.203727500000014],[-76.28542709999999,36.20375790000003],[-76.28498910000002,36.20382890000002],[-76.2847701,36.20387449999998],[-76.2843383,36.204001300000016],[-76.28414429999998,36.20405199999999],[-76.2839065,36.20393539999998],[-76.28376259999999,36.20377309999998],[-76.28324939999999,36.20321009999998],[-76.28271749999999,36.20277900000002],[-76.28244219999999,36.20257620000001],[-76.28219189999999,36.20236319999998],[-76.2822294,36.20215009999998],[-76.28241709999998,36.201911800000005],[-76.28260490000002,36.201749500000005],[-76.28278010000002,36.20162269999997],[-76.28311179999997,36.2014959],[-76.28334949999999,36.20138939999998],[-76.28360609999999,36.20123210000003],[-76.28385020000002,36.201120600000024],[-76.28414429999998,36.20098359999997],[-76.28442589999997,36.20086190000001],[-76.28468249999997,36.20074519999997],[-76.28491400000001,36.20059309999999],[-76.2851268,36.200339499999984],[-76.28515800000002,36.20019239999999],[-76.2851594,36.20001960000002],[-76.28496530000001,36.20001289999999],[-76.2845557,36.20025750000002],[-76.28424310000003,36.20026630000001],[-76.28408150000001,36.20022260000002],[-76.28393060000002,36.200109],[-76.28389820000001,36.19988189999998],[-76.28397369999999,36.19962850000002],[-76.28427549999998,36.198912199999995],[-76.28443720000001,36.19860640000002],[-76.28457730000002,36.19831820000002],[-76.28459880000003,36.198056099999974],[-76.28452340000001,36.1978115],[-76.28413540000003,36.19706889999998],[-76.28381200000001,36.1966496],[-76.28359640000002,36.19636129999998],[-76.28308870000001,36.195971199999974],[-76.28280039999999,36.1957544],[-76.28268709999998,36.19564220000001],[-76.2825512,36.19535560000003],[-76.28246259999997,36.19510509999998],[-76.28246109999998,36.194777699999975],[-76.28268100000003,36.19438029999998],[-76.28279250000003,36.19412879999999],[-76.28281379999999,36.19403779999999],[-76.2827006,36.19392929999998],[-76.28256929999998,36.193857200000025],[-76.2822567,36.193895],[-76.28210059999998,36.193950400000006],[-76.28192309999997,36.19409669999999],[-76.28183639999997,36.194224399999996],[-76.28178980000001,36.19436639999998],[-76.28179119999999,36.19463919999998],[-76.28188440000002,36.19510789999998],[-76.28188569999998,36.195376899999985],[-76.2818426,36.19548630000003],[-76.28168679999999,36.195592499999975],[-76.2813964,36.19570299999998],[-76.2810872,36.19570449999998],[-76.28046080000001,36.1955112],[-76.28015090000002,36.19534900000002],[-76.280012,36.19520419999998],[-76.279855,36.19508130000003],[-76.2792976,36.1948658],[-76.2790536,36.19481250000001],[-76.27885359999999,36.19481339999999],[-76.2786974,36.194850599999995],[-76.27854109999998,36.19486949999998],[-76.2782972,36.19481619999999],[-76.2778702,36.194494599999985],[-76.27718119999997,36.19415609999999],[-76.2768671,36.1938849],[-76.27680090000001,36.19372520000002],[-76.27677829999999,36.19356149999999],[-76.27697469999998,36.19282240000001],[-76.27710489999998,36.19265810000002],[-76.27719560000003,36.192621299999985],[-76.27723880000002,36.19253379999998],[-76.27721589999999,36.19231209999998],[-76.27690139999999,36.19195359999998],[-76.27689900000001,36.19146619999998],[-76.2770964,36.190923399999974],[-76.27727320000002,36.190653499999996],[-76.277762,36.19020019999999],[-76.27776089999998,36.18996370000002],[-76.27800430000002,36.189908],[-76.27842959999998,36.18987329999999],[-76.2784729,36.1898185],[-76.27853750000003,36.18963630000002],[-76.27799620000002,36.188246100000015],[-76.2779951,36.18801339999999],[-76.27819219999998,36.187415999999985],[-76.27834730000001,36.187164300000006],[-76.27854509999997,36.18669419999998],[-76.27858709999998,36.18636670000001],[-76.27841180000001,36.18618939999999],[-76.27825489999998,36.18609930000002],[-76.27803310000002,36.18610030000002],[-76.27782930000001,36.18606490000002],[-76.27767610000001,36.185992999999996],[-76.2776068,36.18593870000001],[-76.2775408,36.185833600000024],[-76.27749649999998,36.18570649999998],[-76.27747310000001,36.18537930000002],[-76.277536,36.184837200000004],[-76.27764710000002,36.18451299999998],[-76.27764619999999,36.18431290000001],[-76.27746480000002,36.18366639999999],[-76.27743779999997,36.1833393],[-76.2775234,36.182760599999995],[-76.2775115,36.18253609999999],[-76.27743420000002,36.1823526],[-76.2770754,36.182093899999984],[-76.27700299999998,36.182003899999984],[-76.2769892,36.181741999999986],[-76.27710430000002,36.18136440000001],[-76.27724920000003,36.18105650000001],[-76.2770084,36.17983509999999],[-76.27672589999997,36.179186300000026],[-76.27643289999997,36.17875720000001],[-76.27499999999998,36.17760609999999],[-76.27499999999998,36.16004479999998],[-76.27499999999998,36.1501083],[-76.27499999999998,36.14999999999998],[-76.32744980000001,36.14999999999998],[-76.35000000000002,36.14999999999998],[-76.35000000000002,36.15866840000001],[-76.35000000000002,36.22500000000002],[-76.31855949999999,36.22500000000002],[-76.3044193,36.22500000000002],[-76.27499999999998,36.22500000000002],[-76.27499999999998,36.2209335],[-76.27499999999998,36.212577899999985],[-76.27499999999998,36.19874229999999],[-76.27521730000001,36.19879259999999]]]}},{"type":"Feature","properties":{},"geometry":{"type":"Polygon","coordinates":[[[-76.26932299999999,36.17560359999999],[-76.26932299999999,36.17498890000002],[-76.26912049999999,36.17448630000001],[-76.26905540000001,36.17371609999998],[-76.26883479999998,36.173426800000016],[-76.26863589999999,36.17328570000001],[-76.26843710000003,36.17306880000001],[-76.26810440000003,36.1723528],[-76.26794890000002,36.1722082],[-76.26772829999999,36.17208160000001],[-76.26701600000001,36.17186830000003],[-76.26677369999999,36.171669399999985],[-76.26659649999999,36.1713982],[-76.2661771,36.170967899999994],[-76.2659782,36.17085939999998],[-76.26462579999998,36.1705738],[-76.26418460000002,36.17037490000001],[-76.26374349999998,36.17008920000001],[-76.2630565,36.16960469999998],[-76.26263340000003,36.169246699999974],[-76.26205479999999,36.1688345],[-76.2611291,36.16791599999999],[-76.26103869999997,36.167753300000015],[-76.26099529999999,36.16750380000002],[-76.26095190000001,36.16739530000001],[-76.26064100000002,36.16719640000002],[-76.26057589999999,36.16717829999999],[-76.25971170000003,36.16691070000002],[-76.25904630000002,36.16682029999998],[-76.2588728,36.16672990000001],[-76.25868830000002,36.16655279999998],[-76.25840269999998,36.1658693],[-76.25829060000001,36.1655475],[-76.2581351,36.16529439999999],[-76.25771559999998,36.16488220000002],[-76.2572745,36.1645929],[-76.25696349999998,36.164448300000004],[-76.25663079999998,36.164448300000004],[-76.25641030000003,36.16453869999998],[-76.25596910000002,36.16491830000001],[-76.2558353,36.16493639999999],[-76.25561470000002,36.1649003],[-76.2554159,36.16480990000002],[-76.2547758,36.164394000000016],[-76.2545733,36.164307199999996],[-76.25408520000002,36.164180699999974],[-76.25302210000001,36.16380459999999],[-76.25158290000002,36.162600499999996],[-76.25112009999998,36.162224400000014],[-76.24932289999998,36.160929899999985],[-76.24764149999999,36.1599789],[-76.24591299999997,36.15895560000001],[-76.24526939999998,36.15866990000001],[-76.2450705,36.15854330000002],[-76.2449403,36.15839870000002],[-76.24469440000001,36.158113000000014],[-76.24462929999999,36.15795029999998],[-76.2446076,36.1571222],[-76.24467270000002,36.156080799999984],[-76.24462929999999,36.155632500000024],[-76.24456429999998,36.155292599999996],[-76.24443050000002,36.154808],[-76.24420989999999,36.154374099999984],[-76.24361320000003,36.15353160000001],[-76.24241640000002,36.15263479999999],[-76.24197520000001,36.152258700000004],[-76.24181970000001,36.152041800000006],[-76.24157380000003,36.15155720000001],[-76.2414617,36.1508738],[-76.2411725,36.15035310000002],[-76.24094930000001,36.14999999999998],[-76.26361839999998,36.14999999999998],[-76.27499999999998,36.14999999999998],[-76.27499999999998,36.1501083],[-76.27499999999998,36.16004479999998],[-76.27499999999998,36.178762500000005],[-76.2745228,36.178275799999994],[-76.27417200000002,36.17876039999999],[-76.27386109999998,36.179049599999985],[-76.27374900000001,36.179085799999996],[-76.27324270000003,36.17910389999997],[-76.27308720000002,36.17917619999997],[-76.27281959999999,36.179498000000024],[-76.2725557,36.17955230000001],[-76.27231339999997,36.179498000000024],[-76.272223,36.17946189999998],[-76.27202410000001,36.1794438],[-76.27193729999999,36.17947989999999],[-76.27182520000002,36.17957030000002],[-76.27169149999997,36.179765599999996],[-76.27153959999998,36.17980180000001],[-76.27140580000003,36.17978369999997],[-76.2710912,36.1796933],[-76.2707585,36.179657099999986],[-76.27040419999997,36.179711399999974],[-76.27007509999999,36.1796933],[-76.2697207,36.17957030000002],[-76.26956519999999,36.17946189999998],[-76.26938810000001,36.179194300000006],[-76.26929769999998,36.1789412],[-76.26923260000001,36.17766469999998],[-76.26921090000002,36.17642799999999],[-76.26923260000001,36.176015800000016],[-76.26932299999999,36.17560359999999]]]}},{"type":"Feature","properties":{},"geometry":{"type":"Polygon","coordinates":[[[-76.32524919999997,36.43507540000002],[-76.32527620000002,36.435072400000024],[-76.32526080000002,36.434475099999986],[-76.32528860000002,36.43417920000002],[-76.32530179999998,36.43410749999998],[-76.325332,36.43402500000002],[-76.3253641,36.43390410000001],[-76.32538620000003,36.433841599999994],[-76.32538060000002,36.433774400000004],[-76.32534420000002,36.43360319999999],[-76.32532579999997,36.43351689999997],[-76.32531219999998,36.4334437],[-76.3252756,36.433368299999984],[-76.32522849999998,36.433293900000024],[-76.32520749999998,36.43321789999999],[-76.3252061,36.433205199999975],[-76.32519819999999,36.43313260000002],[-76.32517039999999,36.43305909999998],[-76.32511399999999,36.43296090000001],[-76.32506310000002,36.43285179999998],[-76.3250347,36.432746899999984],[-76.32501509999997,36.43266999999997],[-76.324997,36.4326183],[-76.32492880000001,36.43253870000001],[-76.3248625,36.43245910000002],[-76.32484770000002,36.432441299999994],[-76.32480980000003,36.432379500000025],[-76.3247771,36.43232610000001],[-76.32471829999997,36.43223499999999],[-76.32468039999998,36.43212510000001],[-76.32467200000002,36.4320596],[-76.32465380000002,36.43201069999998],[-76.32462629999998,36.4319739],[-76.32457269999998,36.43192920000001],[-76.32451800000001,36.43185410000001],[-76.32449329999997,36.43180269999999],[-76.32448340000002,36.431747599999994],[-76.32447359999998,36.43166960000002],[-76.3244659,36.431639399999995],[-76.32444550000002,36.43160339999997],[-76.32440869999999,36.43156429999999],[-76.32439240000002,36.43152620000001],[-76.32438239999999,36.43149679999999],[-76.32436489999998,36.431462599999975],[-76.32434749999999,36.43142849999998],[-76.32431100000002,36.431378800000005],[-76.32428829999998,36.43133180000001],[-76.32428420000002,36.43126360000002],[-76.32426800000002,36.43119710000002],[-76.3242186,36.43109099999998],[-76.3241524,36.430995499999995],[-76.32411380000002,36.430904999999996],[-76.32410440000001,36.4308843],[-76.32409940000002,36.43087320000001],[-76.32409310000003,36.430823499999974],[-76.32407030000002,36.43078780000002],[-76.32388709999998,36.430608199999995],[-76.32378290000003,36.430499399999974],[-76.32365650000003,36.430376799999976],[-76.32355639999997,36.43027460000002],[-76.32349599999998,36.43021620000002],[-76.3234377,36.43017680000003],[-76.32335940000002,36.4301332],[-76.32330990000003,36.43011689999997],[-76.32328569999999,36.43010889999999],[-76.3232458,36.43008400000002],[-76.3231778,36.429991400000006],[-76.32315890000001,36.42997109999999],[-76.32309620000001,36.42990370000001],[-76.32299210000002,36.42977819999999],[-76.32287480000002,36.4296794],[-76.32275850000002,36.42955790000002],[-76.32259970000001,36.42943100000002],[-76.32256369999999,36.429402100000004],[-76.3225104,36.4293576],[-76.32244969999999,36.42930689999997],[-76.32235939999998,36.429224499999975],[-76.32232049999999,36.42917670000003],[-76.32230829999997,36.429149499999994],[-76.32230570000002,36.4291437],[-76.32229969999997,36.42911320000002],[-76.3222738,36.429050099999984],[-76.32220710000001,36.42895800000002],[-76.32214699999997,36.42890169999998],[-76.32206689999998,36.42883189999998],[-76.3219985,36.4287971],[-76.32196699999997,36.42877609999999],[-76.32193590000003,36.428743699999984],[-76.32193289999998,36.42871409999998],[-76.32194199999998,36.42865660000001],[-76.3219441,36.42862910000002],[-76.32193919999997,36.428607],[-76.3219211,36.42857809999998],[-76.3218908,36.428545799999995],[-76.32187379999999,36.42853280000003],[-76.32181539999999,36.42848600000002],[-76.32177239999999,36.42843149999999],[-76.32170259999998,36.428358600000024],[-76.32168159999998,36.4283466],[-76.3216428,36.428335600000025],[-76.321621,36.4283355],[-76.32158129999999,36.42832520000002],[-76.32155119999999,36.428306599999985],[-76.3215262,36.428268600000024],[-76.32155239999997,36.42821029999999],[-76.32155440000002,36.42818390000002],[-76.32154910000003,36.42815280000002],[-76.32152980000001,36.428118600000005],[-76.32149570000001,36.42807529999999],[-76.32143580000002,36.42800319999998],[-76.32139059999997,36.42796750000002],[-76.32134059999998,36.42794379999998],[-76.32130899999999,36.427909],[-76.32130110000003,36.42789349999998],[-76.32127530000002,36.4277773],[-76.32126799999998,36.427744099999984],[-76.32114130000002,36.4277323],[-76.321123,36.42773060000002],[-76.32108629999999,36.427745300000026],[-76.3210651,36.427753800000005],[-76.32077579999998,36.42740880000002],[-76.31946740000001,36.425848599999995],[-76.31752089999998,36.42363719999997],[-76.31327240000002,36.41881080000002],[-76.30844939999997,36.41333159999999],[-76.30401660000001,36.408295599999974],[-76.29750790000003,36.400901499999975],[-76.2948988,36.39793739999999],[-76.2945838,36.39757959999997],[-76.2919559,36.394737299999974],[-76.29159349999998,36.394292199999995],[-76.28868399999999,36.39103990000001],[-76.28726469999998,36.38939060000001],[-76.28706190000003,36.38909990000002],[-76.286903,36.38899429999998],[-76.28676410000003,36.388911399999984],[-76.28672369999998,36.38888730000002],[-76.28640209999998,36.38871519999998],[-76.28629280000001,36.38867909999999],[-76.28606070000001,36.3886392],[-76.2859666,36.3886311],[-76.2858382,36.3885813],[-76.28581919999999,36.38855210000003],[-76.28581559999998,36.388523899999996],[-76.28573269999998,36.38852220000001],[-76.2852555,36.38851249999999],[-76.28517040000003,36.388659399999995],[-76.28514710000002,36.38867529999999],[-76.28508979999998,36.38871419999998],[-76.28499199999999,36.38875159999998],[-76.28479620000002,36.38873480000001],[-76.28470709999999,36.38874049999998],[-76.28454579999999,36.388763299999994],[-76.28444209999998,36.3887752],[-76.28434920000001,36.38880660000001],[-76.28432859999998,36.388793899999996],[-76.28430270000001,36.38877550000001],[-76.28425270000002,36.38875180000002],[-76.28415159999997,36.38873000000001],[-76.28407770000001,36.38872479999998],[-76.2840114,36.38870700000001],[-76.2840081,36.38870600000001],[-76.28389570000002,36.38867160000001],[-76.28379760000001,36.388664199999994],[-76.28372039999999,36.388653999999974],[-76.28362390000001,36.38867060000001],[-76.28354780000001,36.38867499999998],[-76.28339920000002,36.388646800000004],[-76.28331750000001,36.38863950000001],[-76.28331730000002,36.38863950000001],[-76.28323390000003,36.38863199999997],[-76.28310859999999,36.38858970000001],[-76.28308900000002,36.388575600000024],[-76.28304989999998,36.388547500000016],[-76.28299829999997,36.38849859999999],[-76.28294779999999,36.38847770000001],[-76.28288250000003,36.388463100000024],[-76.28274440000001,36.388457700000004],[-76.28263609999999,36.38842599999998],[-76.28254179999999,36.38839760000002],[-76.28245609999999,36.38837050000001],[-76.28234329999998,36.3883055],[-76.28219910000001,36.388227700000016],[-76.28216989999999,36.388203499999975],[-76.28212400000001,36.388165500000014],[-76.28209420000002,36.388140799999974],[-76.28202349999998,36.38809429999998],[-76.28194930000001,36.38803159999998],[-76.28190110000003,36.38800140000001],[-76.28178759999997,36.3879627],[-76.28168590000001,36.38794159999998],[-76.2816009,36.38788790000001],[-76.28151839999998,36.38781319999998],[-76.28146049999998,36.38772949999998],[-76.28142170000001,36.387692800000025],[-76.28139340000001,36.387677199999985],[-76.28130470000002,36.387645299999974],[-76.2812338,36.387637299999994],[-76.28117120000002,36.38758389999998],[-76.28114779999999,36.387541],[-76.28107979999999,36.38745319999998],[-76.28106739999998,36.387442299999975],[-76.28096390000002,36.387338899999975],[-76.2808589,36.387214400000005],[-76.2806789,36.387060700000006],[-76.28059760000002,36.386993099999984],[-76.28052589999999,36.386952699999995],[-76.28044640000002,36.38683880000002],[-76.280395,36.38676029999999],[-76.28030539999997,36.386652500000025],[-76.28029170000002,36.38664160000002],[-76.2802332,36.38657660000001],[-76.28013429999999,36.38645389999999],[-76.28009639999999,36.38632860000001],[-76.28006520000002,36.386285499999985],[-76.27997049999999,36.38619870000002],[-76.27980050000002,36.386084700000026],[-76.27971969999999,36.38604429999998],[-76.27962910000002,36.38602400000002],[-76.2795506,36.38601590000002],[-76.27952729999998,36.38601349999999],[-76.27944530000002,36.386016900000016],[-76.27936469999997,36.38602750000001],[-76.27931610000002,36.38603610000001],[-76.27926939999998,36.38605940000002],[-76.27923449999997,36.38608260000001],[-76.27916119999998,36.386088900000004],[-76.2790918,36.38608740000001],[-76.27898549999998,36.386090000000024],[-76.27890250000002,36.38610779999999],[-76.27873260000001,36.38618050000002],[-76.27866619999998,36.38620700000001],[-76.2786633,36.3862082],[-76.27853779999998,36.38625560000003],[-76.27839119999999,36.38629750000001],[-76.2783526,36.386304800000005],[-76.2781832,36.386336700000015],[-76.27810599999998,36.38635290000002],[-76.27776369999998,36.386488499999984],[-76.27775350000002,36.386495000000025],[-76.2775959,36.386563799999976],[-76.27734679999998,36.38665359999999],[-76.27731799999998,36.386663999999996],[-76.27703659999997,36.38677000000001],[-76.27683680000001,36.38685190000001],[-76.2767599,36.38687870000001],[-76.27662379999998,36.38691240000003],[-76.27648779999998,36.38696809999999],[-76.27635729999997,36.387036799999976],[-76.27621049999999,36.3871173],[-76.27590889999999,36.38723570000002],[-76.27574270000002,36.387309800000025],[-76.2755967,36.38741249999998],[-76.27548330000002,36.387484700000016],[-76.27539100000001,36.38754669999997],[-76.27518950000001,36.38766800000002],[-76.27509029999999,36.38771939999998],[-76.27501089999998,36.38773140000001],[-76.27499999999998,36.387726799999996],[-76.27499999999998,36.375],[-76.2783149,36.375],[-76.35000000000002,36.375],[-76.35000000000002,36.4352973],[-76.35000000000002,36.44999999999999],[-76.32932749999998,36.44999999999999],[-76.32932240000002,36.44998509999999],[-76.32931789999998,36.44997569999998],[-76.32922109999998,36.44977449999999],[-76.32913000000002,36.449597600000004],[-76.32848410000003,36.44838119999997],[-76.32836789999999,36.44813340000002],[-76.32828260000002,36.44793759999999],[-76.32820279999999,36.44772069999999],[-76.32816389999999,36.4475645],[-76.32809420000001,36.44730759999999],[-76.32779950000003,36.446805600000005],[-76.32734110000001,36.44590529999999],[-76.32730550000002,36.44583540000002],[-76.32730509999999,36.44583449999999],[-76.3272038,36.445624399999986],[-76.32678529999998,36.444711900000016],[-76.32618020000001,36.443444],[-76.32552379999998,36.442077299999994],[-76.32521430000003,36.441396699999984],[-76.3251156,36.441179499999976],[-76.32509770000001,36.441140099999984],[-76.32490890000003,36.44062680000002],[-76.3248944,36.44054110000002],[-76.32475190000002,36.44027460000001],[-76.32470310000002,36.440248],[-76.32468649999998,36.4402202],[-76.32469300000002,36.44020160000002],[-76.32452569999998,36.44009310000001],[-76.32449070000001,36.44001880000002],[-76.32447810000002,36.43999179999997],[-76.32411630000001,36.4392325],[-76.3240644,36.43910140000003],[-76.3240609,36.4390927],[-76.32416460000002,36.439045799999974],[-76.32409719999998,36.43881249999998],[-76.32407660000001,36.438777200000004],[-76.32402450000001,36.438745299999994],[-76.32400949999999,36.4387236],[-76.32397709999998,36.438690199999996],[-76.32394779999998,36.438626899999974],[-76.32391460000002,36.43853810000002],[-76.32392470000002,36.43846989999997],[-76.32395709999997,36.43842510000002],[-76.32395709999997,36.43839910000003],[-76.32393189999999,36.438368500000024],[-76.3238963,36.438338999999985],[-76.3238134,36.43828930000001],[-76.32377120000001,36.43823420000001],[-76.32375080000003,36.43818010000001],[-76.32375680000001,36.43806089999998],[-76.32374670000002,36.43794550000001],[-76.32372650000002,36.437893900000006],[-76.32369360000001,36.437838399999976],[-76.32365659999999,36.437789699999996],[-76.32364569999999,36.4377781],[-76.32363149999998,36.4377566],[-76.32363379999998,36.437732900000015],[-76.3236622,36.43769830000002],[-76.32368009999999,36.43767650000001],[-76.32369089999997,36.43765669999999],[-76.32370859999997,36.43763000000001],[-76.32375200000001,36.43754339999998],[-76.323782,36.43746900000002],[-76.32380319999999,36.43740250000002],[-76.3238197,36.437290700000005],[-76.32382760000002,36.4372333],[-76.3238273,36.437156000000016],[-76.32380139999998,36.43698569999998],[-76.323803,36.43695739999998],[-76.3238136,36.43692779999998],[-76.32383140000002,36.4369021],[-76.32388099999997,36.43681830000003],[-76.32396699999998,36.43660240000003],[-76.32400009999998,36.436519299999986],[-76.32408679999998,36.43637690000003],[-76.3245311,36.435647500000016],[-76.32472719999998,36.43532540000001],[-76.32479810000001,36.43519470000001],[-76.32479999999998,36.43519279999998],[-76.32483459999997,36.4351413],[-76.32486019999999,36.4351097],[-76.32488840000002,36.435091],[-76.32491019999998,36.435090100000025],[-76.32493640000001,36.4350996],[-76.32495419999998,36.43510850000001],[-76.32524919999997,36.43507540000002]]]}},{"type":"Feature","properties":{},"geometry":{"type":"Polygon","coordinates":[[[-76.26955149999998,36.385893399999986],[-76.26956580000001,36.38583920000002],[-76.2695218,36.38571710000002],[-76.26948720000001,36.38558360000002],[-76.2694515,36.385550799999976],[-76.26940439999998,36.385530800000026],[-76.26936869999997,36.385533699999996],[-76.26932449999998,36.385580800000014],[-76.26924309999998,36.385673199999985],[-76.26918269999999,36.38572670000002],[-76.26908250000002,36.385848599999974],[-76.2689987,36.38597229999999],[-76.26892729999997,36.38605819999998],[-76.26889879999999,36.38608679999999],[-76.26887019999998,36.38610110000002],[-76.2688417,36.386110599999995],[-76.26881429999997,36.386110599999995],[-76.26879889999998,36.386108200000024],[-76.26879050000002,36.386092700000006],[-76.26879170000001,36.386056999999994],[-76.26879050000002,36.38601449999999],[-76.2687631,36.38597629999998],[-76.26869920000001,36.385942399999976],[-76.26860870000002,36.38590799999997],[-76.26854850000001,36.38584589999999],[-76.26854070000002,36.38572620000002],[-76.26853240000003,36.38564179999997],[-76.26852339999999,36.385628699999984],[-76.2684812,36.38561090000002],[-76.26841000000002,36.385603300000014],[-76.26830840000002,36.38561179999999],[-76.2680843,36.385598800000025],[-76.26800689999999,36.385605999999996],[-76.26786900000002,36.38561629999998],[-76.26786320000002,36.385616700000014],[-76.2678611,36.38561549999997],[-76.26742289999999,36.38561470000002],[-76.2668746,36.38559780000003],[-76.26607819999998,36.385564699999975],[-76.2656806,36.3855714],[-76.2655896,36.385559899999976],[-76.2654579,36.38554319999997],[-76.26521860000003,36.38549469999998],[-76.2650208,36.385466199999996],[-76.26485229999997,36.38544189999999],[-76.26475290000002,36.38546120000001],[-76.2646891,36.38548109999999],[-76.26463639999997,36.385488399999986],[-76.26456619999999,36.3855011],[-76.26434590000002,36.38549599999999],[-76.26423519999997,36.385481700000014],[-76.26395989999997,36.38540590000002],[-76.26380710000001,36.38535039999999],[-76.2637158,36.3853173],[-76.26352639999999,36.38523270000002],[-76.2634003,36.38511649999998],[-76.2633616,36.3850774],[-76.26328510000002,36.38502790000001],[-76.26314739999998,36.38498299999998],[-76.2630034,36.384964500000024],[-76.26297210000001,36.38496049999998],[-76.2625572,36.38490209999998],[-76.26231940000002,36.38490569999999],[-76.26228630000003,36.3849146],[-76.26211710000001,36.3849697],[-76.26192099999997,36.385013500000014],[-76.2619181,36.385013500000014],[-76.26172480000002,36.385012700000004],[-76.2616056,36.38499680000001],[-76.26153979999998,36.38498800000002],[-76.2613743,36.3849434],[-76.2612446,36.38490009999998],[-76.26123480000001,36.38489049999998],[-76.26118170000001,36.38483819999999],[-76.2611091,36.384735999999975],[-76.26103419999998,36.384659399999975],[-76.26077989999999,36.3845101],[-76.2606781,36.38448599999998],[-76.26040940000001,36.38440159999999],[-76.26020519999997,36.38437620000002],[-76.26005959999998,36.3843799],[-76.25992710000003,36.3843832],[-76.2598352,36.38441610000001],[-76.25975829999999,36.38440969999999],[-76.2597452,36.384408699999994],[-76.25945589999998,36.38431509999998],[-76.25932340000003,36.38421970000002],[-76.25927250000001,36.38417479999998],[-76.25918899999999,36.3841013],[-76.25908950000002,36.383990299999994],[-76.25911530000002,36.383917999999994],[-76.2591195,36.38384259999998],[-76.25910620000002,36.38378929999999],[-76.25907189999998,36.38372650000002],[-76.25892069999998,36.38354079999999],[-76.25882339999998,36.3834415],[-76.25870830000002,36.38330509999997],[-76.25858899999997,36.38320679999998],[-76.25849529999999,36.3831333],[-76.25848989999997,36.383129],[-76.25836980000003,36.38308139999998],[-76.25826919999997,36.3830509],[-76.25816700000001,36.38301990000002],[-76.2580438,36.382957499999975],[-76.25794000000002,36.38290310000002],[-76.2578284,36.38280550000002],[-76.2576196,36.382611699999984],[-76.25755550000002,36.38256200000001],[-76.25751459999998,36.382435799999996],[-76.25745799999999,36.38223240000002],[-76.25744850000001,36.382128799999975],[-76.2574821,36.38206450000001],[-76.25754799999999,36.382016799999974],[-76.25759799999997,36.38199980000002],[-76.25763419999998,36.3819876],[-76.25790710000001,36.382007999999985],[-76.25797060000002,36.38202230000002],[-76.25801280000002,36.38202860000001],[-76.2580471,36.38202580000001],[-76.2581146,36.38200380000001],[-76.25818500000003,36.38196169999998],[-76.25822010000002,36.38194520000002],[-76.25833139999997,36.38192029999999],[-76.2584933,36.381874400000015],[-76.2585967,36.381806299999994],[-76.25866300000001,36.381741999999974],[-76.2586781,36.3816501],[-76.25865149999998,36.3815055],[-76.25857559999997,36.38139050000001],[-76.25845570000001,36.38130560000002],[-76.25825350000002,36.3811953],[-76.25827809999998,36.3810866],[-76.25826419999999,36.381013800000005],[-76.25820540000001,36.380977099999996],[-76.25806999999998,36.380928100000006],[-76.25797419999998,36.38096159999998],[-76.2579614,36.38080070000001],[-76.25797870000002,36.38073379999997],[-76.25804900000003,36.38066379999998],[-76.2581366,36.380589499999985],[-76.25818420000002,36.38052290000002],[-76.2582175,36.380428499999994],[-76.25825270000001,36.380319199999974],[-76.25827800000002,36.38019430000003],[-76.25826799999999,36.3800832],[-76.25828130000002,36.37995849999999],[-76.25831879999998,36.37962590000001],[-76.25833799999998,36.37950749999999],[-76.2583457,36.379460600000016],[-76.25829370000002,36.37919649999998],[-76.25821830000001,36.37897409999999],[-76.25819439999998,36.37887919999997],[-76.25813579999999,36.37864539999998],[-76.25808260000002,36.3785044],[-76.25809349999997,36.378302899999994],[-76.2581161,36.378190399999994],[-76.25813799999997,36.37815389999997],[-76.25819330000002,36.378108999999995],[-76.25827090000001,36.37807029999999],[-76.2583783,36.3780031],[-76.2586245,36.377818400000024],[-76.25867069999998,36.3777925],[-76.2587939,36.377740500000016],[-76.2588672,36.377713400000005],[-76.25902150000002,36.37764349999998],[-76.25915199999997,36.37758530000002],[-76.25922480000003,36.37753509999999],[-76.25927309999997,36.377498600000024],[-76.2593362,36.37742270000001],[-76.25936789999997,36.37736799999999],[-76.25941719999997,36.377262900000005],[-76.25944959999998,36.37700649999999],[-76.25947300000001,36.37688450000002],[-76.25947459999998,36.3767838],[-76.2594421,36.3766938],[-76.25937970000001,36.37659020000001],[-76.2592937,36.376429400000006],[-76.25918960000001,36.37632630000002],[-76.25916669999998,36.376309900000024],[-76.25904309999999,36.376172499999996],[-76.25902300000001,36.37614309999998],[-76.25895320000001,36.37607220000001],[-76.25878010000002,36.37594519999999],[-76.258735,36.375908700000025],[-76.25863220000002,36.375799700000016],[-76.25858729999999,36.375758700000006],[-76.2584281,36.37560860000002],[-76.2583325,36.37554660000001],[-76.25828510000002,36.3755079],[-76.25825170000002,36.37545269999998],[-76.25819949999999,36.3753385],[-76.2581644,36.37527699999998],[-76.25810680000001,36.37524669999999],[-76.25798529999997,36.3752126],[-76.25787910000003,36.37515939999997],[-76.25783489999998,36.375137300000006],[-76.2578072,36.375117999999986],[-76.25770349999999,36.375046],[-76.25766549999997,36.375],[-76.27499999999998,36.375],[-76.27499999999998,36.387726799999996],[-76.27497360000001,36.3877157],[-76.27491950000001,36.387670000000014],[-76.2749172,36.38766930000003],[-76.27487789999998,36.38765699999999],[-76.27485009999998,36.387668399999995],[-76.2748082,36.387713399999996],[-76.27480259999999,36.38771939999998],[-76.27480550000001,36.38778550000001],[-76.27475679999998,36.38781340000003],[-76.27470520000003,36.38783569999998],[-76.27448950000002,36.3879273],[-76.274246,36.38802290000001],[-76.27411640000003,36.388071000000025],[-76.27395030000002,36.3880992],[-76.27387220000003,36.38809570000001],[-76.2736051,36.38806690000001],[-76.2734213,36.388046599999996],[-76.27327229999997,36.38803100000001],[-76.27315069999997,36.3880082],[-76.2731195,36.38800229999998],[-76.27300839999998,36.38794730000001],[-76.27285599999999,36.38790560000001],[-76.27283160000002,36.387902699999984],[-76.27259600000002,36.38787589999998],[-76.2723191,36.38788290000002],[-76.27202349999999,36.38786470000002],[-76.27174359999998,36.38781540000002],[-76.27150849999998,36.38780000000003],[-76.27131029999998,36.38778930000001],[-76.27121499999998,36.387766],[-76.27109990000002,36.38772749999998],[-76.271028,36.387698899999975],[-76.27098799999999,36.3876803],[-76.27093009999999,36.38765030000002],[-76.2709299,36.38762200000002],[-76.27092950000002,36.38757179999999],[-76.27091949999999,36.38752899999997],[-76.27090090000002,36.38749760000002],[-76.27085949999997,36.38746609999998],[-76.27076,36.38741909999999],[-76.27071749999999,36.38740799999999],[-76.27063930000003,36.3873825],[-76.27054179999999,36.387343199999975],[-76.27043149999997,36.38731510000002],[-76.270285,36.38730800000002],[-76.2701351,36.387293],[-76.2700355,36.3872447],[-76.269948,36.38714299999998],[-76.26986490000002,36.38708750000001],[-76.26982079999999,36.38706189999999],[-76.26965799999999,36.38697960000002],[-76.26957879999998,36.386970099999985],[-76.2695008,36.38696650000003],[-76.2694209,36.38697639999998],[-76.26926150000003,36.38697719999999],[-76.26915969999999,36.386991799999976],[-76.2689944,36.38703779999997],[-76.2689411,36.3870546],[-76.26890159999999,36.387067],[-76.26880799999998,36.387071100000014],[-76.26867600000003,36.38705829999998],[-76.26850139999999,36.38704389999998],[-76.2683715,36.38701529999997],[-76.2682542,36.38698959999999],[-76.2680527,36.38693760000001],[-76.26774619999998,36.38686569999999],[-76.26747990000001,36.38676939999999],[-76.26711289999997,36.386630000000025],[-76.26674930000001,36.38646139999997],[-76.2664509,36.38635879999998],[-76.26631889999999,36.386251000000016],[-76.2662125,36.386161200000004],[-76.26609509999997,36.38604620000001],[-76.26606809999998,36.385971900000015],[-76.2661051,36.38593179999998],[-76.2661771,36.38589000000002],[-76.26625530000001,36.38589250000001],[-76.2664198,36.38590900000003],[-76.26654559999997,36.38590169999998],[-76.2667361,36.38586529999998],[-76.26684490000002,36.38586570000001],[-76.2668726,36.38586859999998],[-76.26692029999998,36.38586509999999],[-76.26696800000002,36.385840099999996],[-76.2670028,36.38580400000001],[-76.2670177,36.38578860000001],[-76.26704910000001,36.38577429999998],[-76.26707190000002,36.38578289999998],[-76.26709460000001,36.38580400000001],[-76.2671133,36.38582150000002],[-76.2671818,36.38586140000001],[-76.26728150000002,36.3858788],[-76.267356,36.38587289999998],[-76.26744309999998,36.38588709999999],[-76.26754840000001,36.38591769999999],[-76.26763160000002,36.38595140000001],[-76.26767869999998,36.38595570000001],[-76.2677531,36.385953700000016],[-76.26783,36.38592569999997],[-76.26792569999998,36.38589480000002],[-76.26799160000002,36.3858649],[-76.2680087,36.385857199999975],[-76.26810979999999,36.38585260000002],[-76.26815169999998,36.385855900000024],[-76.26822879999997,36.3858965],[-76.2683017,36.385934899999995],[-76.26838090000001,36.38611179999998],[-76.26841389999998,36.38615779999998],[-76.26850389999998,36.386201099999994],[-76.26861830000001,36.386255199999994],[-76.26872150000003,36.3862881],[-76.26876629999998,36.38629479999997],[-76.26881300000002,36.38629370000001],[-76.2688463,36.38628990000001],[-76.26888250000002,36.386277500000006],[-76.26894779999998,36.38623460000002],[-76.26897830000001,36.38620750000001],[-76.2690134,36.38617979999998],[-76.26904710000002,36.386156400000004],[-76.26923310000001,36.38598480000002],[-76.2692793,36.385948299999995],[-76.26939700000003,36.385972100000004],[-76.26942910000002,36.385970799999996],[-76.26951860000003,36.3859291],[-76.2695354,36.3859109],[-76.26955149999998,36.385893399999986]]]}},{"type":"Feature","properties":{},"geometry":{"type":"Polygon","coordinates":[[[-76.28543680000001,36.389093],[-76.28550739999997,36.38904050000002],[-76.285615,36.38900289999998],[-76.28569449999998,36.38904050000002],[-76.28605099999999,36.38905990000001],[-76.28636080000001,36.38921269999997],[-76.28652640000001,36.38929439999998],[-76.28677499999998,36.389507200000025],[-76.2872706,36.390122700000006],[-76.28822930000001,36.39111389999999],[-76.28896229999998,36.3919573],[-76.2894794,36.392486599999984],[-76.29009500000001,36.39333379999999],[-76.29075569999998,36.393950399999994],[-76.2909765,36.394228399999974],[-76.29131130000002,36.39458939999997],[-76.29137530000003,36.39468770000002],[-76.29218079999998,36.39552809999998],[-76.29389329999998,36.39747849999998],[-76.29461909999998,36.39831529999998],[-76.29615109999997,36.40008169999999],[-76.29710060000002,36.40116019999999],[-76.29949429999999,36.40387930000003],[-76.30053900000001,36.40502240000001],[-76.3007078,36.40514300000001],[-76.30074639999998,36.40517060000002],[-76.30080049999998,36.40524970000001],[-76.30081969999998,36.40527780000002],[-76.3018831,36.406570699999975],[-76.30364700000001,36.40855690000001],[-76.30412289999998,36.409092799999996],[-76.3041662,36.4091239],[-76.3042312,36.409170500000016],[-76.3043093,36.40925800000002],[-76.30435549999999,36.40933949999999],[-76.30436329999998,36.40935569999999],[-76.30439619999999,36.409399399999984],[-76.3044347,36.40942949999999],[-76.30450480000002,36.40947130000001],[-76.30454559999998,36.409498499999984],[-76.30455990000002,36.409544400000016],[-76.30455760000001,36.40956920000002],[-76.30455510000002,36.409596799999974],[-76.30455799999999,36.409625300000016],[-76.30457130000002,36.40965390000002],[-76.30463229999998,36.409700999999984],[-76.30465750000002,36.40973220000001],[-76.30473690000002,36.40984580000003],[-76.304775,36.409905200000026],[-76.30487060000002,36.409994900000015],[-76.30500919999997,36.410128799999995],[-76.30508839999999,36.410224200000016],[-76.30514470000003,36.410296500000015],[-76.30535559999998,36.41054279999997],[-76.30543110000002,36.4106309],[-76.30571020000002,36.410879299999976],[-76.30573090000001,36.41089770000002],[-76.30572819999998,36.41089979999998],[-76.3057192,36.410906599999976],[-76.3057422,36.41093760000001],[-76.3062721,36.41153079999998],[-76.30631469999997,36.41157879999997],[-76.30672729999998,36.41204490000001],[-76.30706279999998,36.41249629999999],[-76.3073531,36.41285290000002],[-76.3078496,36.413374799999985],[-76.30809499999998,36.41364870000001],[-76.30881599999998,36.41445340000001],[-76.30923739999997,36.41488989999999],[-76.30924499999998,36.414897800000006],[-76.30930999999998,36.41497279999999],[-76.30938049999997,36.415054],[-76.30951270000003,36.415238999999985],[-76.30951160000001,36.415251599999976],[-76.30951049999999,36.41526809999999],[-76.30951049999999,36.415268200000014],[-76.30951049999999,36.4152823],[-76.30951620000002,36.41530999999998],[-76.3095323,36.415351699999974],[-76.3105521,36.41642580000001],[-76.31090510000001,36.4168545],[-76.31181900000001,36.41791979999999],[-76.31221169999998,36.41839920000001],[-76.31249730000002,36.4186813],[-76.31284210000001,36.419066799999996],[-76.31295,36.419186000000025],[-76.31343709999999,36.41972370000002],[-76.31369389999998,36.42000710000002],[-76.31392360000001,36.42029910000002],[-76.31421419999998,36.4206686],[-76.31443309999997,36.420901800000024],[-76.3149067,36.42140649999999],[-76.31502920000003,36.42158840000002],[-76.31514140000002,36.42175520000001],[-76.3154002,36.42200600000001],[-76.31585999999999,36.42245170000001],[-76.31654780000002,36.42326630000002],[-76.31661700000001,36.42337550000002],[-76.3166468,36.42342239999999],[-76.31673890000002,36.423595999999975],[-76.31680010000002,36.423708799999986],[-76.3168526,36.423778500000026],[-76.31716340000003,36.424119399999995],[-76.32056840000001,36.42785429999998],[-76.32184269999999,36.429252099999985],[-76.3219684,36.429338099999995],[-76.32212820000001,36.42948059999998],[-76.32219170000002,36.42952589999999],[-76.32227970000002,36.429648799999995],[-76.32239800000002,36.42974409999999],[-76.32251760000003,36.42981529999997],[-76.3226072,36.429852600000004],[-76.32264279999998,36.42986739999998],[-76.32266779999998,36.429877799999986],[-76.32267059999998,36.4298814],[-76.32276999999999,36.4299762],[-76.32286749999997,36.43006489999999],[-76.32288569999997,36.4300839],[-76.32292510000002,36.430143699999974],[-76.322947,36.43017789999999],[-76.322967,36.43020100000001],[-76.32299599999999,36.43022400000001],[-76.3230393,36.43024359999998],[-76.32305480000002,36.430251699999985],[-76.32309650000002,36.4302816],[-76.32312619999999,36.43031289999999],[-76.32314029999998,36.43033350000002],[-76.32317929999999,36.43041440000002],[-76.32321089999999,36.43048240000002],[-76.3232638,36.43053789999999],[-76.32332330000003,36.430581700000005],[-76.32337910000001,36.43062149999997],[-76.32346890000002,36.43068870000002],[-76.32349060000001,36.43072330000001],[-76.3235267,36.430796999999984],[-76.3235267,36.430806200000006],[-76.3235722,36.43086119999998],[-76.3236248,36.43090030000002],[-76.32367620000002,36.43093649999997],[-76.32378840000001,36.431027400000005],[-76.3238093,36.431041600000015],[-76.3238402,36.43107650000002],[-76.3238485,36.43109420000002],[-76.32386159999999,36.43114059999999],[-76.32388179999998,36.43122149999999],[-76.32390800000002,36.431273799999985],[-76.32396110000002,36.43133949999998],[-76.32401620000002,36.431427299999996],[-76.32408049999998,36.431499900000006],[-76.32416189999998,36.43157919999999],[-76.32417479999998,36.43161379999998],[-76.32414290000003,36.4316809],[-76.32413550000001,36.43169649999999],[-76.32413220000001,36.4317451],[-76.32413450000001,36.43179950000001],[-76.32420439999999,36.431989699999974],[-76.32424689999999,36.43203340000002],[-76.32430340000002,36.432070099999976],[-76.32429509999997,36.432134899999994],[-76.32431229999997,36.43219290000002],[-76.32434569999998,36.432246099999986],[-76.3243933,36.43229029999998],[-76.32446049999999,36.43233329999998],[-76.32448419999997,36.432364699999994],[-76.32450419999998,36.432482300000004],[-76.3245445,36.4326112],[-76.32461749999999,36.43274539999999],[-76.32469630000003,36.43292359999998],[-76.3247728,36.43310839999998],[-76.32481289999998,36.43323049999998],[-76.32481239999998,36.43335539999998],[-76.32481230000002,36.433364400000016],[-76.32482249999998,36.433592499999975],[-76.32482520000002,36.433801200000005],[-76.32480720000001,36.43401],[-76.32480579999998,36.434124499999996],[-76.32478739999999,36.43420500000002],[-76.32473879999998,36.43436809999997],[-76.32472689999997,36.43439460000002],[-76.32458930000001,36.43469959999999],[-76.3244707,36.43492570000001],[-76.32436430000001,36.4352093],[-76.3243405,36.43530079999999],[-76.32430349999998,36.435385800000006],[-76.32421040000003,36.435552900000005],[-76.32414569999997,36.43565460000002],[-76.32413480000002,36.4356717],[-76.32394140000002,36.435925],[-76.32388900000001,36.4359925],[-76.32382189999998,36.436079199999995],[-76.3237148,36.436262699999986],[-76.32365370000002,36.43637030000002],[-76.32360549999999,36.43649590000001],[-76.32360249999999,36.43650539999999],[-76.32356759999999,36.43661320000001],[-76.3235411,36.43668769999999],[-76.3234893,36.4368025],[-76.32344949999998,36.436879999999974],[-76.32341880000001,36.4369155],[-76.32337790000003,36.43696269999998],[-76.32330400000001,36.43702639999998],[-76.3232423,36.43708609999999],[-76.32321059999998,36.43714349999999],[-76.3231796,36.43722279999997],[-76.32316739999999,36.43739249999999],[-76.32315840000001,36.437610500000005],[-76.32315999999997,36.437635899999975],[-76.32316420000001,36.43770169999999],[-76.32315410000001,36.4377566],[-76.32314480000002,36.43780720000001],[-76.32310289999998,36.437899000000016],[-76.32305910000002,36.43796400000002],[-76.32304110000001,36.43799080000002],[-76.32302850000002,36.43800950000002],[-76.32300989999999,36.4380261],[-76.32311420000002,36.43815919999997],[-76.32315190000003,36.43813349999999],[-76.32324290000003,36.43804260000002],[-76.32327600000002,36.438022699999976],[-76.32332179999997,36.43801930000001],[-76.32334939999998,36.43807399999997],[-76.32341100000002,36.4382425],[-76.32346569999999,36.43837739999998],[-76.32346769999998,36.43838240000002],[-76.32348789999998,36.43843240000001],[-76.32353139999998,36.43853969999998],[-76.32361750000001,36.438758500000006],[-76.32366630000001,36.43894110000002],[-76.32371069999999,36.439032199999986],[-76.32378169999998,36.43916089999999],[-76.3238652,36.4391349],[-76.3238905,36.439164300000016],[-76.32389189999998,36.43916589999998],[-76.32430950000003,36.44004239999998],[-76.32432360000001,36.440071699999976],[-76.32435659999999,36.44014010000001],[-76.3243243,36.440324499999974],[-76.32436239999998,36.44041579999998],[-76.32437750000003,36.44048809999998],[-76.3243933,36.44054699999998],[-76.32441499999999,36.44058339999998],[-76.32445630000001,36.44063540000002],[-76.3244775,36.440666599999986],[-76.32450219999998,36.440708599999994],[-76.32452119999999,36.4407635],[-76.3245483,36.44085050000001],[-76.32457870000002,36.440924300000006],[-76.32461030000002,36.44098989999998],[-76.32464879999998,36.4410436],[-76.32469509999999,36.44107939999998],[-76.3247442,36.441113299999984],[-76.32476680000002,36.441143599999975],[-76.3248001,36.44120620000001],[-76.32481519999999,36.441247499999974],[-76.3248304,36.44128940000002],[-76.32489099999998,36.441446299999996],[-76.32491529999999,36.44149909999999],[-76.32494860000003,36.4415717],[-76.32504540000002,36.44176340000001],[-76.3250612,36.44180290000003],[-76.32513840000001,36.44198230000001],[-76.32517109999998,36.44205579999999],[-76.32525550000003,36.44227030000002],[-76.32528389999999,36.44232260000001],[-76.32531740000002,36.442368199999976],[-76.32537680000002,36.442487700000015],[-76.32541909999998,36.44257920000001],[-76.32545099999999,36.44264559999999],[-76.325469,36.44268299999999],[-76.32547770000002,36.44270110000002],[-76.32550529999997,36.44273229999999],[-76.32553680000001,36.442755799999986],[-76.3255646,36.44277579999999],[-76.32557809999997,36.44279569999998],[-76.32558390000003,36.44285580000002],[-76.3255896,36.44289570000001],[-76.32560610000002,36.44293720000002],[-76.325624,36.442976999999985],[-76.32565570000003,36.443027099999995],[-76.3256786,36.4430749],[-76.32571639999998,36.4431419],[-76.32575070000001,36.44318720000001],[-76.32576990000001,36.443260599999974],[-76.32577939999999,36.4433166],[-76.3257817,36.44335899999999],[-76.32583249999999,36.44337200000001],[-76.32621440000003,36.44408499999997],[-76.3263442,36.444335799999976],[-76.3264835,36.4446284],[-76.32653829999998,36.444759999999974],[-76.32657710000001,36.444901200000004],[-76.32659869999998,36.444948599999975],[-76.32662340000002,36.444984799999986],[-76.32664269999998,36.44500790000001],[-76.32667370000001,36.44502729999999],[-76.32680520000002,36.44526059999998],[-76.32691690000001,36.445526099999995],[-76.32690229999997,36.445595500000024],[-76.32705449999997,36.44591109999999],[-76.32707499999998,36.44595370000002],[-76.3270928,36.44599069999998],[-76.32720339999997,36.44621990000002],[-76.32720970000003,36.44623309999997],[-76.32726059999999,36.44632339999998],[-76.3273307,36.44640500000003],[-76.32737179999998,36.44644119999998],[-76.32737909999997,36.44644770000002],[-76.32738289999998,36.44646460000001],[-76.32739479999998,36.44651759999999],[-76.32742339999999,36.44659039999999],[-76.3274662,36.446670400000016],[-76.32756319999999,36.446845499999995],[-76.32760239999999,36.446970299999975],[-76.32764350000002,36.44706259999998],[-76.32767380000001,36.44711940000002],[-76.32771389999999,36.44720849999999],[-76.32775520000001,36.447306200000014],[-76.3278052,36.44740589999998],[-76.32794159999997,36.44769289999999],[-76.32797290000002,36.44775809999999],[-76.32799160000002,36.447814600000015],[-76.32802850000002,36.447963800000025],[-76.3282997,36.448528599999975],[-76.3283654,36.4486718],[-76.32852059999999,36.448998500000016],[-76.32876700000003,36.44948240000002],[-76.3290116,36.44999999999999],[-76.32811040000001,36.44999999999999],[-76.30885810000001,36.44999999999999],[-76.29329689999997,36.44999999999999],[-76.27499999999998,36.44999999999999],[-76.27499999999998,36.388165000000015],[-76.275172,36.388110400000016],[-76.27534759999998,36.38804060000001],[-76.27562160000002,36.387875099999974],[-76.27575619999999,36.38784270000002],[-76.27588709999998,36.38777019999998],[-76.27601679999998,36.38766679999998],[-76.27622739999998,36.38755149999997],[-76.27637979999997,36.387520600000016],[-76.27664729999998,36.38739559999999],[-76.2766813,36.387441799999976],[-76.27675920000001,36.3874404],[-76.2768183,36.387417200000016],[-76.2768577,36.38737099999997],[-76.27688869999997,36.387276499999984],[-76.27691270000003,36.3872518],[-76.27697439999997,36.38721399999997],[-76.27715119999999,36.38715359999998],[-76.27735180000002,36.387041099999976],[-76.2773565,36.38704310000003],[-76.27747779999999,36.387024199999985],[-76.2776361,36.38698360000001],[-76.27781570000002,36.38688309999998],[-76.2781402,36.38678629999998],[-76.27822570000001,36.38675699999999],[-76.27843380000002,36.3866501],[-76.27848449999999,36.386633700000004],[-76.27860040000002,36.386633500000016],[-76.2786989,36.3866089],[-76.278753,36.386586799999975],[-76.2788468,36.38656609999998],[-76.2789353,36.38655419999998],[-76.27904219999999,36.3865328],[-76.279132,36.38651970000001],[-76.27924969999998,36.38654150000002],[-76.27932190000001,36.386551999999995],[-76.279427,36.386567300000024],[-76.27962600000001,36.38663389999999],[-76.27975020000002,36.386701200000005],[-76.27984199999997,36.386751000000004],[-76.27990249999999,36.38679639999998],[-76.2799425,36.386841600000025],[-76.27995750000002,36.386868400000026],[-76.2800092,36.38694099999998],[-76.2801432,36.38709990000001],[-76.28018400000002,36.38716290000002],[-76.280239,36.38726300000002],[-76.28030760000001,36.38733639999998],[-76.28038709999998,36.387406899999974],[-76.28051240000002,36.38746579999997],[-76.28058090000002,36.38750270000003],[-76.28079109999999,36.387691200000006],[-76.28104789999998,36.3879005],[-76.28108730000002,36.38797169999998],[-76.28112520000002,36.388036399999976],[-76.28118899999998,36.3880853],[-76.28131180000003,36.388151300000004],[-76.28139970000001,36.388195499999995],[-76.28155229999999,36.388253399999996],[-76.28159649999998,36.38828139999998],[-76.28173299999997,36.38837369999999],[-76.28189630000003,36.38848089999999],[-76.28198040000001,36.388542599999994],[-76.28203029999997,36.388573399999984],[-76.28215840000001,36.38865229999999],[-76.28226169999999,36.388697200000024],[-76.2824822,36.38876449999998],[-76.2826293,36.388804100000016],[-76.28297140000001,36.38891990000002],[-76.28333379999998,36.38900219999999],[-76.2836327,36.38905440000002],[-76.28382520000002,36.38908750000002],[-76.2839811,36.3890935],[-76.28404289999997,36.389123900000016],[-76.28424460000002,36.389203899999984],[-76.28434299999998,36.38923399999999],[-76.2843499,36.38923799999998],[-76.2844485,36.38929569999999],[-76.28458189999998,36.389334399999996],[-76.28499449999998,36.38935170000002],[-76.2851359,36.389334899999994],[-76.28522909999998,36.38929940000003],[-76.28532139999999,36.38924020000002],[-76.28537260000002,36.3891898],[-76.28541630000001,36.38912399999998],[-76.28543680000001,36.389093]]]}}]}