{"type":"FeatureCollection","features":[{"type":"Feature","geometry":{"type":"LineString","coordinates":[[-81.47944,30.53122],[-81.48088,30.53198],[-81.48239,30.53285],[-81.48327,30.53398],[-81.48395,30.53507]]},"properties":{"catslc":"seawall","watlev":2}},{"type":"Feature","geometry":{"type":"LineString","coordinates":[[-81.49121,30.61627],[-81.48837,30.61542]]},"properties":{"catslc":"pier","watlev":2}},{"type":"Feature","geometry":{"type":"LineString","coordinates":[[-81.58707,30.41299],[-81.58994,30.41449]]},"properties":{"catslc":"pier","watlev":2}},{"type":"Feature","geometry":{"type":"LineString","coordinates":[[-81.37688,30.39632],[-81.37837,30.39647],[-81.38857,30.39747],[-81.39213,30.39714],[-81.3952,30.39646]]},"properties":{"catslc":"pier","watlev":2}},{"type":"Feature","geometry":{"type":"LineString","coordinates":[[-81.45135,30.72056],[-81.42647,30.71593],[-81.4101,30.71842]]},"properties":{"catslc":"pier","watlev":2}},{"type":"Feature","geometry":{"type":"LineString","coordinates":[[-81.5842,30.37711],[-81.58512,30.37824],[-81.58557,30.37946]]},"properties":{"catslc":"pier","watlev":2}},{"type":"Feature","geometry":{"type":"LineString","coordinates":[[-81.37607,30.40088],[-81.39495,30.40253],[-81.39959,30.40377],[-81.40304,30.40469]]},"properties":{"catslc":"pier","watlev":2}},{"type":"Feature","geometry":{"type":"LineString","coordinates":[[-81.41375,30.70723],[-81.42876,30.70224]]},"properties":{"catslc":"pier","watlev":2}},{"type":"Feature","geometry":{"type":"LineString","coordinates":[[-81.48933,30.39451],[-81.48549,30.39487],[-81.4811,30.39506]]},"properties":{"catslc":"breakwater","watlev":2}},{"type":"Feature","geometry":{"type":"LineString","coordinates":[[-81.46478,30.67436],[-81.46478,30.67437],[-81.46479,30.67436],[-81.46478,30.67436]]},"properties":{"catslc":"pier","watlev":4}},{"type":"Feature","geometry":{"type":"LineString","coordinates":[[-81.47087,30.66482],[-81.47084,30.66482],[-81.47082,30.66484],[-81.47063,30.66501],[-81.46917,30.6666],[-81.46838,30.66746],[-81.46834,30.66753],[-81.46837,30.66757],[-81.46842,30.66757],[-81.46984,30.66604],[-81.47038,30.66546],[-81.47091,30.66487],[-81.47087,30.66482]]},"properties":{"catslc":"pier","watlev":3}},{"type":"Feature","geometry":{"type":"LineString","coordinates":[[-81.46479,30.67436],[-81.46478,30.67437],[-81.46478,30.67437],[-81.46478,30.67439],[-81.46482,30.67441],[-81.46486,30.67437],[-81.46479,30.67436],[-81.46479,30.67436]]},"properties":{"catslc":"pier","watlev":3}},{"type":"Feature","geometry":{"type":"LineString","coordinates":[[-81.45954,30.69145],[-81.45942,30.69146],[-81.45943,30.69153],[-81.45951,30.69152],[-81.45954,30.69155],[-81.45955,30.69156],[-81.45955,30.69147],[-81.45954,30.69145]]},"properties":{"catslc":"pier","watlev":4}},{"type":"Feature","geometry":{"type":"LineString","coordinates":[[-81.45956,30.69145],[-81.45954,30.69145],[-81.45955,30.69147],[-81.45955,30.69156],[-81.45958,30.69157],[-81.45956,30.69145]]},"properties":{"catslc":"pier","watlev":3}},{"type":"Feature","geometry":{"type":"LineString","coordinates":[[-81.53905,30.35854],[-81.53903,30.3586],[-81.53909,30.35862],[-81.53911,30.35856],[-81.53905,30.35854]]},"properties":{"catslc":"pier","watlev":3}},{"type":"Feature","geometry":{"type":"LineString","coordinates":[[-81.55627,30.38923],[-81.55555,30.39067],[-81.55551,30.39076],[-81.55553,30.39076],[-81.55581,30.39087],[-81.55584,30.39078],[-81.55573,30.39074],[-81.55569,30.39062],[-81.556,30.39002],[-81.55612,30.39007],[-81.55615,30.38999],[-81.55615,30.38999],[-81.55603,30.38994],[-81.55631,30.38941],[-81.55635,30.3894],[-81.55641,30.38929],[-81.55627,30.38923]]},"properties":{"catslc":"pier","watlev":3}},{"type":"Feature","geometry":{"type":"LineString","coordinates":[[-81.55468,30.39287],[-81.55457,30.39288],[-81.55442,30.39288],[-81.55422,30.3929],[-81.55413,30.3927],[-81.55408,30.39271],[-81.55416,30.3929],[-81.55411,30.39292],[-81.55412,30.39301],[-81.55418,30.39301],[-81.55421,30.39301],[-81.55438,30.39299],[-81.55456,30.39295],[-81.5546,30.39295],[-81.55483,30.39293],[-81.55486,30.39286],[-81.55468,30.39287]]},"properties":{"catslc":"pier","watlev":3}},{"type":"Feature","geometry":{"type":"LineString","coordinates":[[-81.55615,30.38999],[-81.55615,30.38999],[-81.55612,30.39007],[-81.55631,30.39014],[-81.55633,30.39006],[-81.55615,30.38999]]},"properties":{"catslc":"pier","watlev":4}},{"type":"Feature","geometry":{"type":"LineString","coordinates":[[-81.55584,30.39078],[-81.55581,30.39087],[-81.55595,30.39091],[-81.55598,30.39084],[-81.55584,30.39078]]},"properties":{"catslc":"pier","watlev":4}},{"type":"Feature","geometry":{"type":"LineString","coordinates":[[-81.55641,30.38929],[-81.55635,30.3894],[-81.55643,30.3894],[-81.55661,30.38947],[-81.55668,30.38938],[-81.55642,30.38929],[-81.55641,30.38929]]},"properties":{"catslc":"pier","watlev":4}},{"type":"Feature","geometry":{"type":"LineString","coordinates":[[-81.58615,30.37661],[-81.58611,30.37665],[-81.58614,30.37667],[-81.58618,30.37664],[-81.58615,30.37661]]},"properties":{"catslc":"pier","watlev":7}},{"type":"Feature","geometry":{"type":"LineString","coordinates":[[-81.58566,30.37649],[-81.58562,30.37654],[-81.58565,30.37656],[-81.58569,30.37651],[-81.58566,30.37649]]},"properties":{"catslc":"pier","watlev":7}},{"type":"Feature","geometry":{"type":"LineString","coordinates":[[-81.45028,30.37862],[-81.45,30.37862],[-81.45,30.37871],[-81.45013,30.37871],[-81.45047,30.37872],[-81.4507,30.37873],[-81.45093,30.37874],[-81.45173,30.37879],[-81.45192,30.37881],[-81.45243,30.37888],[-81.4525,30.37889],[-81.45269,30.37891],[-81.45274,30.37892],[-81.45314,30.37899],[-81.45314,30.37899],[-81.45352,30.37906],[-81.45359,30.37908],[-81.45396,30.37917],[-81.45446,30.37933],[-81.45476,30.37946],[-81.45496,30.37955],[-81.45514,30.3796],[-81.45533,30.37965],[-81.45572,30.37979],[-81.45639,30.38005],[-81.45689,30.38028],[-81.45698,30.38032],[-81.45738,30.3805],[-81.45807,30.38087],[-81.45808,30.38085],[-81.45812,30.38078],[-81.45721,30.3803],[-81.45686,30.38017],[-81.45586,30.37975],[-81.45552,30.37962],[-81.455,30.37947],[-81.45482,30.3794],[-81.45469,30.37934],[-81.45451,30.37927],[-81.45401,30.37911],[-81.45351,30.37899],[-81.45309,30.3789],[-81.45286,30.37887],[-81.45209,30.37875],[-81.45094,30.37866],[-81.4505,30.37863],[-81.45028,30.37862]]},"properties":{"catslc":"pier","watlev":3}},{"type":"Feature","geometry":{"type":"LineString","coordinates":[[-81.4583,30.38067],[-81.4583,30.38068],[-81.45827,30.38068],[-81.45818,30.38071],[-81.45815,30.38074],[-81.45812,30.38078],[-81.45808,30.38085],[-81.45807,30.38087],[-81.45808,30.38094],[-81.45812,30.381],[-81.4583,30.38109],[-81.45844,30.38115],[-81.4585,30.38116],[-81.45859,30.38115],[-81.45866,30.38108],[-81.45869,30.38097],[-81.45868,30.38087],[-81.45862,30.38081],[-81.45846,30.38073],[-81.45832,30.38068],[-81.45831,30.38068],[-81.4583,30.38067]]},"properties":{"catslc":"rip rap","watlev":3}},{"type":"Feature","geometry":{"type":"LineString","coordinates":[[-81.44881,30.37864],[-81.44863,30.37872],[-81.44854,30.37875],[-81.44853,30.37876],[-81.44852,30.37876],[-81.44905,30.37872],[-81.44951,30.37871],[-81.45,30.37871],[-81.45,30.37862],[-81.44914,30.37863],[-81.44881,30.37864]]},"properties":{"catslc":"pier","watlev":3}},{"type":"Feature","geometry":{"type":"LineString","coordinates":[[-81.4351,30.39706],[-81.43505,30.39715],[-81.43504,30.39717],[-81.43504,30.39717],[-81.43506,30.39716],[-81.43509,30.39718],[-81.43515,30.39708],[-81.4351,30.39706]]},"properties":{"catslc":"pier","watlev":3}},{"type":"Feature","geometry":{"type":"LineString","coordinates":[[-81.39559,30.15205],[-81.39578,30.15234]]},"properties":{"catslc":"rip rap","watlev":2}},{"type":"Feature","geometry":{"type":"LineString","coordinates":[[-81.39759,30.15932],[-81.39764,30.15961]]},"properties":{"catslc":"rip rap","watlev":2}},{"type":"Feature","geometry":{"type":"LineString","coordinates":[[-81.40176,30.17616],[-81.40173,30.17637],[-81.40169,30.17669]]},"properties":{"catslc":"rip rap","watlev":2}},{"type":"Feature","geometry":{"type":"LineString","coordinates":[[-81.40314,30.1827],[-81.40327,30.18297]]},"properties":{"catslc":"rip rap","watlev":2}},{"type":"Feature","geometry":{"type":"LineString","coordinates":[[-81.40927,30.20791],[-81.40941,30.20837]]},"properties":{"catslc":"rip rap","watlev":2}},{"type":"Feature","geometry":{"type":"LineString","coordinates":[[-81.41117,30.21489],[-81.41135,30.21533]]},"properties":{"catslc":"rip rap","watlev":2}},{"type":"Feature","geometry":{"type":"LineString","coordinates":[[-81.41318,30.22021],[-81.41353,30.22073]]},"properties":{"catslc":"rip rap","watlev":2}},{"type":"Feature","geometry":{"type":"LineString","coordinates":[[-81.43041,30.24975],[-81.43045,30.25038],[-81.43055,30.25086],[-81.43059,30.25094],[-81.43088,30.25149],[-81.43093,30.25209],[-81.43087,30.25276]]},"properties":{"catslc":"rip rap","watlev":2}},{"type":"Feature","geometry":{"type":"LineString","coordinates":[[-81.42526,30.26748],[-81.42561,30.26734]]},"properties":{"catslc":"rip rap","watlev":2}},{"type":"Feature","geometry":{"type":"LineString","coordinates":[[-81.39177,30.14405],[-81.39201,30.14448],[-81.39226,30.14499]]},"properties":{"catslc":"seawall","watlev":2}},{"type":"Feature","geometry":{"type":"LineString","coordinates":[[-81.39441,30.14933],[-81.39469,30.14985],[-81.39494,30.15041],[-81.39509,30.15072],[-81.39525,30.15107]]},"properties":{"catslc":"seawall","watlev":2}},{"type":"Feature","geometry":{"type":"LineString","coordinates":[[-81.39538,30.15146],[-81.39559,30.15205]]},"properties":{"catslc":"seawall","watlev":2}},{"type":"Feature","geometry":{"type":"LineString","coordinates":[[-81.39578,30.15234],[-81.39589,30.15296],[-81.39618,30.15379],[-81.39618,30.15424]]},"properties":{"catslc":"seawall","watlev":2}},{"type":"Feature","geometry":{"type":"LineString","coordinates":[[-81.39242,30.1453],[-81.39266,30.14573],[-81.39283,30.14614],[-81.393,30.1467],[-81.39342,30.14743],[-81.39365,30.14804]]},"properties":{"catslc":"seawall","watlev":2}},{"type":"Feature","geometry":{"type":"LineString","coordinates":[[-81.39678,30.15611],[-81.39665,30.1564],[-81.39693,30.15669],[-81.39706,30.15718],[-81.39719,30.15787],[-81.39741,30.1586],[-81.39759,30.15932]]},"properties":{"catslc":"seawall","watlev":2}},{"type":"Feature","geometry":{"type":"LineString","coordinates":[[-81.39769,30.15999],[-81.39792,30.16083],[-81.39793,30.16132],[-81.39795,30.16161]]},"properties":{"catslc":"seawall","watlev":2}},{"type":"Feature","geometry":{"type":"LineString","coordinates":[[-81.40253,30.17959],[-81.40261,30.18002]]},"properties":{"catslc":"seawall","watlev":2}},{"type":"Feature","geometry":{"type":"LineString","coordinates":[[-81.40327,30.18297],[-81.40335,30.1833],[-81.40341,30.18372],[-81.40356,30.18399]]},"properties":{"catslc":"seawall","watlev":2}},{"type":"Feature","geometry":{"type":"LineString","coordinates":[[-81.40363,30.18448],[-81.4037,30.18479],[-81.40387,30.18531],[-81.40399,30.18575],[-81.40412,30.18633]]},"properties":{"catslc":"seawall","watlev":2}},{"type":"Feature","geometry":{"type":"LineString","coordinates":[[-81.40833,30.20402],[-81.40842,30.20454]]},"properties":{"catslc":"seawall","watlev":2}},{"type":"Feature","geometry":{"type":"LineString","coordinates":[[-81.4086,30.20512],[-81.40871,30.2055],[-81.40883,30.20593]]},"properties":{"catslc":"seawall","watlev":2}},{"type":"Feature","geometry":{"type":"LineString","coordinates":[[-81.41868,30.23338],[-81.41897,30.23378],[-81.41899,30.234],[-81.41902,30.23436],[-81.41953,30.23566]]},"properties":{"catslc":"seawall","watlev":2}},{"type":"Feature","geometry":{"type":"LineString","coordinates":[[-81.41003,30.21069],[-81.41015,30.21109]]},"properties":{"catslc":"seawall","watlev":2}},{"type":"Feature","geometry":{"type":"LineString","coordinates":[[-81.4276,30.26952],[-81.42712,30.26952],[-81.42712,30.26952],[-81.42712,30.26952],[-81.42745,30.27013],[-81.42747,30.27016],[-81.42756,30.27021],[-81.42792,30.27039],[-81.42793,30.2704],[-81.42799,30.27039],[-81.42838,30.27033]]},"properties":{"catslc":"seawall","watlev":2}},{"type":"Feature","geometry":{"type":"LineString","coordinates":[[-81.41047,30.2126],[-81.41047,30.2126],[-81.4106,30.2129]]},"properties":{"catslc":"seawall","watlev":2}},{"type":"Feature","geometry":{"type":"LineString","coordinates":[[-81.41206,30.21812],[-81.41245,30.21824],[-81.41247,30.21825],[-81.41261,30.21858],[-81.41261,30.21863],[-81.41262,30.21898],[-81.41285,30.2192],[-81.41303,30.21969]]},"properties":{"catslc":"seawall","watlev":2}},{"type":"Feature","geometry":{"type":"LineString","coordinates":[[-81.41353,30.22073],[-81.4138,30.22129],[-81.414,30.2218],[-81.41409,30.22208],[-81.41381,30.22226],[-81.41332,30.22225],[-81.41281,30.2226],[-81.41227,30.22257],[-81.41175,30.22276],[-81.41178,30.22336],[-81.41236,30.22355],[-81.4127,30.2239],[-81.41329,30.22393],[-81.41337,30.22344],[-81.4135,30.22273],[-81.4141,30.22249],[-81.41424,30.22243],[-81.41426,30.22243],[-81.41438,30.22277],[-81.41439,30.22278],[-81.41469,30.22361],[-81.41518,30.22464],[-81.41562,30.22576],[-81.41597,30.22655],[-81.41605,30.22696],[-81.41654,30.22779],[-81.41679,30.22843],[-81.4169,30.22868],[-81.41693,30.22874],[-81.4172,30.22933],[-81.4174,30.2299],[-81.41759,30.23043],[-81.41778,30.2308],[-81.41791,30.23106],[-81.4183,30.23201],[-81.41848,30.23272]]},"properties":{"catslc":"seawall","watlev":2}},{"type":"Feature","geometry":{"type":"LineString","coordinates":[[-81.40941,30.20837],[-81.4095,30.20873],[-81.40958,30.20907]]},"properties":{"catslc":"seawall","watlev":2}},{"type":"Feature","geometry":{"type":"LineString","coordinates":[[-81.43087,30.25276],[-81.43068,30.25325],[-81.43067,30.25327],[-81.43051,30.25353],[-81.43028,30.25419],[-81.43018,30.25448]]},"properties":{"catslc":"seawall","watlev":2}},{"type":"Feature","geometry":{"type":"LineString","coordinates":[[-81.39124,30.14329],[-81.3911,30.14289],[-81.39104,30.14272],[-81.3907,30.14241],[-81.39043,30.14201]]},"properties":{"catslc":"rip rap","watlev":2}},{"type":"Feature","geometry":{"type":"LineString","coordinates":[[-81.39177,30.14405],[-81.39153,30.14377]]},"properties":{"catslc":"rip rap","watlev":2}},{"type":"Feature","geometry":{"type":"LineString","coordinates":[[-81.39365,30.14804],[-81.39391,30.1485]]},"properties":{"catslc":"rip rap","watlev":2}},{"type":"Feature","geometry":{"type":"LineString","coordinates":[[-81.4241,30.28161],[-81.42458,30.28157],[-81.4252,30.28157],[-81.42558,30.28157],[-81.42599,30.28156],[-81.42664,30.28155],[-81.42711,30.28154]]},"properties":{"catslc":"seawall","watlev":2}},{"type":"Feature","geometry":{"type":"LineString","coordinates":[[-81.43301,30.26253],[-81.43339,30.26275],[-81.434,30.26322],[-81.43418,30.26338],[-81.43451,30.26367]]},"properties":{"catslc":"seawall","watlev":2}},{"type":"Feature","geometry":{"type":"LineString","coordinates":[[-81.43523,30.26473],[-81.43527,30.26555],[-81.43529,30.26583],[-81.43535,30.26654],[-81.43537,30.26684]]},"properties":{"catslc":"seawall","watlev":2}},{"type":"Feature","geometry":{"type":"LineString","coordinates":[[-81.42338,30.27318],[-81.42367,30.2733],[-81.42375,30.27333],[-81.42379,30.27334]]},"properties":{"catslc":"seawall","watlev":2}},{"type":"Feature","geometry":{"type":"LineString","coordinates":[[-81.38157,30.12762],[-81.38204,30.12827],[-81.38246,30.12866],[-81.38274,30.12902],[-81.38293,30.12934],[-81.38317,30.12973],[-81.3835,30.13031],[-81.38375,30.13073],[-81.38398,30.13114],[-81.38418,30.13147],[-81.38435,30.13176],[-81.38452,30.13209],[-81.38519,30.13286],[-81.38525,30.13293]]},"properties":{"catslc":"seawall","watlev":2}},{"type":"Feature","geometry":{"type":"LineString","coordinates":[[-81.38567,30.13226],[-81.38516,30.13106]]},"properties":{"catslc":"pier","watlev":null}},{"type":"Feature","geometry":{"type":"LineString","coordinates":[[-81.38758,30.13449],[-81.38715,30.13417],[-81.38706,30.13384],[-81.38638,30.13308],[-81.38609,30.13268]]},"properties":{"catslc":"pier","watlev":null}},{"type":"Feature","geometry":{"type":"LineString","coordinates":[[-81.39043,30.14201],[-81.39029,30.14166],[-81.3901,30.14133],[-81.38978,30.14084],[-81.38962,30.14056]]},"properties":{"catslc":"seawall","watlev":2}},{"type":"Feature","geometry":{"type":"LineString","coordinates":[[-81.41638,30.28518],[-81.41618,30.28515],[-81.41599,30.28512],[-81.41567,30.28507],[-81.41535,30.28503],[-81.41522,30.28505],[-81.41514,30.28512],[-81.41511,30.28523],[-81.41512,30.28532],[-81.41517,30.28537],[-81.41538,30.28543],[-81.41576,30.28549],[-81.41618,30.28562],[-81.41633,30.28567],[-81.41653,30.28577],[-81.41773,30.28695],[-81.41795,30.28713],[-81.4181,30.28719],[-81.41855,30.28722],[-81.41923,30.2872],[-81.41946,30.28717],[-81.42002,30.2871],[-81.42004,30.28709],[-81.42048,30.28706],[-81.42056,30.28708],[-81.4206,30.28712],[-81.42063,30.28752],[-81.42067,30.28796],[-81.42068,30.28811],[-81.42069,30.28819],[-81.42068,30.28832],[-81.42067,30.2884],[-81.42065,30.28845],[-81.42065,30.28846],[-81.42062,30.28854],[-81.42055,30.28862],[-81.42047,30.28865],[-81.42018,30.28866],[-81.41936,30.28864],[-81.41862,30.28886],[-81.41784,30.28895],[-81.41618,30.28895],[-81.41518,30.28895],[-81.41433,30.28896],[-81.41434,30.28929],[-81.41434,30.28976],[-81.41618,30.28975],[-81.41687,30.28974],[-81.41719,30.29027]]},"properties":{"catslc":"seawall","watlev":2}},{"type":"Feature","geometry":{"type":"LineString","coordinates":[[-81.56402,30.01496],[-81.56403,30.01501],[-81.56404,30.01509],[-81.56405,30.01517]]},"properties":{"catslc":"rip rap","watlev":2}},{"type":"Feature","geometry":{"type":"LineString","coordinates":[[-81.56369,30.01514],[-81.56369,30.0151],[-81.56369,30.01501],[-81.56369,30.01499]]},"properties":{"catslc":"rip rap","watlev":2}},{"type":"Feature","geometry":{"type":"LineString","coordinates":[[-81.37565,30.05369],[-81.37605,30.05377]]},"properties":{"catslc":"seawall","watlev":2}},{"type":"Feature","geometry":{"type":"LineString","coordinates":[[-81.42791,30.28184],[-81.428,30.28192],[-81.42821,30.282],[-81.42829,30.28202],[-81.42831,30.28203],[-81.42834,30.28203],[-81.42971,30.28203],[-81.43263,30.28197],[-81.43307,30.28198],[-81.43322,30.28204],[-81.43323,30.28207],[-81.43326,30.28216],[-81.43322,30.28224],[-81.43298,30.28231],[-81.43147,30.28238],[-81.42939,30.28235],[-81.42904,30.28237],[-81.4283,30.28241],[-81.42799,30.28234],[-81.42758,30.28214],[-81.42722,30.28199]]},"properties":{"catslc":"seawall","watlev":2}},{"type":"Feature","geometry":{"type":"LineString","coordinates":[[-81.42727,30.28144],[-81.42727,30.28144],[-81.42723,30.28148],[-81.42711,30.28154]]},"properties":{"catslc":"seawall","watlev":2}},{"type":"Feature","geometry":{"type":"LineString","coordinates":[[-81.41941,30.28978],[-81.41949,30.28978],[-81.42063,30.28977],[-81.42073,30.29042]]},"properties":{"catslc":"seawall","watlev":2}},{"type":"Feature","geometry":{"type":"LineString","coordinates":[[-81.40445,30.18762],[-81.40456,30.18814],[-81.40464,30.18852],[-81.40475,30.189],[-81.40495,30.18964],[-81.40496,30.19018],[-81.4051,30.1906],[-81.4052,30.19104],[-81.40541,30.19128],[-81.40547,30.19176],[-81.40551,30.19241]]},"properties":{"catslc":"seawall","watlev":2}},{"type":"Feature","geometry":{"type":"LineString","coordinates":[[-81.40624,30.19509],[-81.40638,30.19553],[-81.40648,30.19598],[-81.40656,30.1964],[-81.40672,30.19703],[-81.40695,30.19782],[-81.4071,30.19842],[-81.40715,30.19862],[-81.4073,30.1993]]},"properties":{"catslc":"seawall","watlev":2}},{"type":"Feature","geometry":{"type":"LineString","coordinates":[[-81.40743,30.19992],[-81.40753,30.20023],[-81.40763,30.20066],[-81.40765,30.20123],[-81.40783,30.20159],[-81.40797,30.20225],[-81.40802,30.2026],[-81.40813,30.20308]]},"properties":{"catslc":"seawall","watlev":2}},{"type":"Feature","geometry":{"type":"LineString","coordinates":[[-81.40893,30.20645],[-81.40914,30.20726]]},"properties":{"catslc":"seawall","watlev":2}},{"type":"Feature","geometry":{"type":"LineString","coordinates":[[-81.41066,30.21361],[-81.41081,30.21439]]},"properties":{"catslc":"seawall","watlev":2}},{"type":"Feature","geometry":{"type":"LineString","coordinates":[[-81.41135,30.21533],[-81.41145,30.21593]]},"properties":{"catslc":"seawall","watlev":2}},{"type":"Feature","geometry":{"type":"LineString","coordinates":[[-81.40966,30.20947],[-81.40966,30.2099]]},"properties":{"catslc":"seawall","watlev":2}},{"type":"Feature","geometry":{"type":"LineString","coordinates":[[-81.43036,30.24898],[-81.43041,30.24975]]},"properties":{"catslc":"seawall","watlev":2}},{"type":"Feature","geometry":{"type":"LineString","coordinates":[[-81.4299,30.25567],[-81.42983,30.25631],[-81.43039,30.25638],[-81.4307,30.25595],[-81.43145,30.25597],[-81.43197,30.25577],[-81.43408,30.25574],[-81.43392,30.25583],[-81.43329,30.25619],[-81.43267,30.2561],[-81.43243,30.25614],[-81.43157,30.25632],[-81.43157,30.25669],[-81.43084,30.2568],[-81.4298,30.25663]]},"properties":{"catslc":"seawall","watlev":2}},{"type":"Feature","geometry":{"type":"LineString","coordinates":[[-81.38567,30.13226],[-81.38585,30.13244],[-81.38603,30.13262],[-81.38609,30.13268]]},"properties":{"catslc":"rip rap","watlev":2}},{"type":"Feature","geometry":{"type":"LineString","coordinates":[[-81.38881,30.1391],[-81.38858,30.1385],[-81.38818,30.13803]]},"properties":{"catslc":"rip rap","watlev":2}},{"type":"Feature","geometry":{"type":"LineString","coordinates":[[-81.39525,30.15107],[-81.39538,30.15146]]},"properties":{"catslc":"rip rap","watlev":2}},{"type":"Feature","geometry":{"type":"LineString","coordinates":[[-81.39795,30.16161],[-81.39797,30.16191],[-81.39824,30.16225]]},"properties":{"catslc":"rip rap","watlev":2}},{"type":"Feature","geometry":{"type":"LineString","coordinates":[[-81.39844,30.16337],[-81.3986,30.16363]]},"properties":{"catslc":"rip rap","watlev":2}},{"type":"Feature","geometry":{"type":"LineString","coordinates":[[-81.39894,30.16526],[-81.39914,30.1658],[-81.39923,30.16653]]},"properties":{"catslc":"rip rap","watlev":2}},{"type":"Feature","geometry":{"type":"LineString","coordinates":[[-81.40426,30.18696],[-81.40445,30.18762]]},"properties":{"catslc":"rip rap","watlev":2}},{"type":"Feature","geometry":{"type":"LineString","coordinates":[[-81.40613,30.19457],[-81.40624,30.19509]]},"properties":{"catslc":"rip rap","watlev":2}},{"type":"Feature","geometry":{"type":"LineString","coordinates":[[-81.41015,30.21109],[-81.41037,30.2119],[-81.41043,30.21232],[-81.41047,30.2126]]},"properties":{"catslc":"rip rap","watlev":2}},{"type":"Feature","geometry":{"type":"LineString","coordinates":[[-81.4106,30.2129],[-81.4107,30.21326]]},"properties":{"catslc":"rip rap","watlev":2}},{"type":"Feature","geometry":{"type":"LineString","coordinates":[[-81.41145,30.21593],[-81.41165,30.21648],[-81.412,30.21691],[-81.41209,30.21737],[-81.41227,30.21783]]},"properties":{"catslc":"rip rap","watlev":2}},{"type":"Feature","geometry":{"type":"LineString","coordinates":[[-81.43046,30.23991],[-81.43096,30.24001],[-81.43169,30.2402],[-81.4322,30.24031]]},"properties":{"catslc":"rip rap","watlev":2}},{"type":"Feature","geometry":{"type":"LineString","coordinates":[[-81.43018,30.25448],[-81.42999,30.25496],[-81.42994,30.25531]]},"properties":{"catslc":"rip rap","watlev":2}},{"type":"Feature","geometry":{"type":"LineString","coordinates":[[-81.40842,30.20454],[-81.4086,30.20512]]},"properties":{"catslc":"rip rap","watlev":2}},{"type":"Feature","geometry":{"type":"LineString","coordinates":[[-81.40958,30.20907],[-81.40966,30.20947]]},"properties":{"catslc":"rip rap","watlev":2}},{"type":"Feature","geometry":{"type":"LineString","coordinates":[[-81.40966,30.2099],[-81.40994,30.21007],[-81.40995,30.21039],[-81.41003,30.21069]]},"properties":{"catslc":"rip rap","watlev":2}},{"type":"Feature","geometry":{"type":"LineString","coordinates":[[-81.39824,30.16225],[-81.39839,30.16288],[-81.39844,30.16337]]},"properties":{"catslc":"seawall","watlev":2}},{"type":"Feature","geometry":{"type":"LineString","coordinates":[[-81.3986,30.16363],[-81.3987,30.16422],[-81.39882,30.16464],[-81.39899,30.16491]]},"properties":{"catslc":"seawall","watlev":2}},{"type":"Feature","geometry":{"type":"LineString","coordinates":[[-81.39955,30.16715],[-81.39968,30.16778],[-81.39979,30.16832],[-81.39988,30.16873],[-81.39998,30.16931],[-81.40015,30.16984],[-81.40037,30.17053],[-81.40052,30.17121],[-81.4007,30.17193],[-81.40075,30.17223],[-81.4008,30.17256],[-81.40101,30.17325],[-81.40123,30.17409],[-81.40134,30.17442],[-81.40147,30.17481]]},"properties":{"catslc":"seawall","watlev":2}},{"type":"Feature","geometry":{"type":"LineString","coordinates":[[-81.40169,30.17669],[-81.40182,30.17723],[-81.40193,30.17767],[-81.40212,30.17795],[-81.4022,30.1783]]},"properties":{"catslc":"seawall","watlev":2}},{"type":"Feature","geometry":{"type":"LineString","coordinates":[[-81.40277,30.18101],[-81.40292,30.18145],[-81.40307,30.18199]]},"properties":{"catslc":"seawall","watlev":2}},{"type":"Feature","geometry":{"type":"LineString","coordinates":[[-81.40145,30.17587],[-81.40176,30.17616]]},"properties":{"catslc":"seawall","watlev":2}},{"type":"Feature","geometry":{"type":"LineString","coordinates":[[-81.38929,30.29238],[-81.38802,30.29239],[-81.38791,30.29239],[-81.38778,30.29239],[-81.38767,30.29215],[-81.38759,30.29197],[-81.38786,30.29198],[-81.38835,30.29199],[-81.38867,30.292],[-81.38925,30.292]]},"properties":{"catslc":"pier","watlev":2}},{"type":"Feature","geometry":{"type":"LineString","coordinates":[[-81.42991,30.29483],[-81.42992,30.29473],[-81.42999,30.29439],[-81.43008,30.29404],[-81.4303,30.29352],[-81.43039,30.29345],[-81.4304,30.29343],[-81.43055,30.29338],[-81.43055,30.29338],[-81.43082,30.29343],[-81.43086,30.29347],[-81.43089,30.2935],[-81.43095,30.29365],[-81.43096,30.29366],[-81.43104,30.29402],[-81.43104,30.29403],[-81.43115,30.29419],[-81.43124,30.29427],[-81.43146,30.29433],[-81.43166,30.29435],[-81.43201,30.29439],[-81.43268,30.2944],[-81.43588,30.29429],[-81.43587,30.29404],[-81.43404,30.294],[-81.43223,30.29401],[-81.4322,30.29401],[-81.43221,30.29363],[-81.43225,30.29331],[-81.43228,30.29331],[-81.43478,30.29325],[-81.43512,30.29325],[-81.43511,30.29289],[-81.43475,30.29289],[-81.43234,30.29291],[-81.43231,30.29291],[-81.43222,30.29292]]},"properties":{"catslc":"seawall","watlev":2}},{"type":"Feature","geometry":{"type":"LineString","coordinates":[[-81.38729,30.28379],[-81.38693,30.28376],[-81.38691,30.28376],[-81.38672,30.28378],[-81.38621,30.28383],[-81.38507,30.284],[-81.38453,30.28408],[-81.38448,30.28378],[-81.38446,30.28367],[-81.38443,30.28347],[-81.38477,30.28344],[-81.38644,30.28329],[-81.38663,30.28328],[-81.38665,30.28328],[-81.38667,30.28327],[-81.38686,30.28322],[-81.38692,30.2832]]},"properties":{"catslc":"pier","watlev":2}},{"type":"Feature","geometry":{"type":"LineString","coordinates":[[-81.43191,30.28956],[-81.43179,30.28955],[-81.43125,30.28955],[-81.43116,30.28954],[-81.43045,30.28931],[-81.43048,30.28903],[-81.43026,30.289],[-81.43016,30.28899],[-81.43013,30.28911],[-81.42997,30.28956],[-81.42996,30.28959]]},"properties":{"catslc":"seawall","watlev":2}},{"type":"Feature","geometry":{"type":"LineString","coordinates":[[-81.42647,30.28298],[-81.42666,30.28302],[-81.42685,30.28302],[-81.42695,30.283],[-81.42703,30.28298],[-81.42703,30.28298],[-81.4273,30.28291],[-81.42743,30.28291],[-81.42754,30.28295],[-81.42776,30.28314],[-81.42803,30.28334],[-81.42813,30.28336],[-81.42873,30.28333],[-81.42905,30.28333],[-81.43031,30.28332],[-81.43122,30.2833],[-81.43142,30.28329],[-81.43168,30.28328],[-81.43219,30.28328],[-81.43289,30.2833],[-81.43328,30.2833],[-81.43331,30.28332],[-81.43333,30.28335],[-81.43335,30.28338],[-81.43335,30.28338],[-81.43346,30.28708],[-81.43347,30.28743],[-81.43346,30.28746],[-81.43345,30.28747],[-81.43343,30.28748],[-81.43341,30.28749],[-81.43334,30.28749],[-81.43327,30.28749],[-81.43323,30.28748],[-81.43322,30.28747],[-81.4332,30.28747],[-81.4332,30.28745],[-81.43311,30.28367],[-81.43309,30.28362],[-81.43308,30.2836],[-81.43304,30.28358],[-81.43185,30.28359],[-81.43129,30.28359],[-81.42937,30.2836],[-81.42919,30.2836],[-81.42847,30.28362],[-81.42861,30.28376],[-81.42884,30.28401],[-81.42902,30.28422],[-81.4292,30.28446],[-81.42931,30.28452],[-81.42941,30.28452],[-81.43018,30.28449],[-81.43242,30.28449],[-81.43247,30.2845],[-81.4325,30.28452],[-81.43251,30.28454],[-81.43251,30.28456],[-81.43252,30.28457],[-81.43252,30.28464],[-81.43251,30.2847],[-81.4325,30.28471],[-81.43248,30.28472],[-81.4298,30.28475],[-81.42953,30.28475],[-81.42947,30.28478],[-81.4294,30.28494],[-81.42934,30.28509],[-81.42926,30.28539],[-81.42925,30.28549],[-81.42927,30.28551],[-81.43034,30.28551],[-81.432,30.28555],[-81.43208,30.28558],[-81.43211,30.28563],[-81.43213,30.28568],[-81.43213,30.28576],[-81.43212,30.2858],[-81.43213,30.28622],[-81.43216,30.28702],[-81.43217,30.28761],[-81.43216,30.28764],[-81.43215,30.28766],[-81.43213,30.28768],[-81.43201,30.28769],[-81.43189,30.28767],[-81.43185,30.28765],[-81.43185,30.28765],[-81.43184,30.28761],[-81.43177,30.28702],[-81.43175,30.28668],[-81.43175,30.28599],[-81.43175,30.28594],[-81.43174,30.28585],[-81.43172,30.28582],[-81.43169,30.28581],[-81.43163,30.28579],[-81.43128,30.28577],[-81.4309,30.28577],[-81.4308,30.28577],[-81.43075,30.28579],[-81.43071,30.28581],[-81.43069,30.28583],[-81.43069,30.28583],[-81.43068,30.28593],[-81.43068,30.28632],[-81.43072,30.28679],[-81.43074,30.28716],[-81.43076,30.28756],[-81.43075,30.2876],[-81.43075,30.2876],[-81.43073,30.28762],[-81.43067,30.28765],[-81.43061,30.28766],[-81.43054,30.28765],[-81.43051,30.28763],[-81.43048,30.2876],[-81.43048,30.28759],[-81.43047,30.28755],[-81.43047,30.28748],[-81.43047,30.28726],[-81.43046,30.28712],[-81.43045,30.28678],[-81.43043,30.28629],[-81.43042,30.28601],[-81.43042,30.28597],[-81.43041,30.28582],[-81.43039,30.28579],[-81.43037,30.28577],[-81.43031,30.28576],[-81.43004,30.28576],[-81.42946,30.28576],[-81.42932,30.28577],[-81.42927,30.28578],[-81.42924,30.2858],[-81.42922,30.28583],[-81.42921,30.28596],[-81.42923,30.28615],[-81.42928,30.28651],[-81.42934,30.28676],[-81.42934,30.28678],[-81.42938,30.28692],[-81.42938,30.28693],[-81.42944,30.28717],[-81.42944,30.28725],[-81.4294,30.28733],[-81.42932,30.28735],[-81.42907,30.28736],[-81.42895,30.28734],[-81.42892,30.28729],[-81.42889,30.287],[-81.4289,30.28643],[-81.42889,30.28579],[-81.42886,30.28494],[-81.42886,30.28483],[-81.42886,30.28481],[-81.42882,30.28478],[-81.42876,30.28477],[-81.42855,30.28478],[-81.4285,30.28478],[-81.42799,30.28479],[-81.42778,30.28479],[-81.42773,30.2848],[-81.42772,30.28482],[-81.42771,30.28487],[-81.42772,30.28534],[-81.42772,30.2854],[-81.42772,30.2854],[-81.42772,30.28554],[-81.42773,30.28605],[-81.42773,30.28621],[-81.42775,30.28705],[-81.42776,30.28729],[-81.42775,30.28735],[-81.42773,30.28739],[-81.42769,30.28742],[-81.42758,30.28742],[-81.42744,30.28741],[-81.42734,30.28735],[-81.42731,30.28731],[-81.42729,30.28608],[-81.42724,30.28607],[-81.42692,30.286],[-81.42684,30.28598],[-81.42674,30.286],[-81.42648,30.28605],[-81.42643,30.28606],[-81.42634,30.28674],[-81.42633,30.28697],[-81.4263,30.28704],[-81.42628,30.28707],[-81.42621,30.28709],[-81.42603,30.28708],[-81.42588,30.28706],[-81.4258,30.28704],[-81.42577,30.287],[-81.42574,30.28693],[-81.42564,30.28663],[-81.42549,30.28616],[-81.42547,30.28602],[-81.42547,30.28596],[-81.42547,30.28596]]},"properties":{"catslc":"seawall","watlev":2}},{"type":"Feature","geometry":{"type":"LineString","coordinates":[[-81.42647,30.28298],[-81.42597,30.28291],[-81.42543,30.28287],[-81.42508,30.28284],[-81.42472,30.28282],[-81.42407,30.28281],[-81.42356,30.28287],[-81.42335,30.28289],[-81.42279,30.28296],[-81.42275,30.28297],[-81.42273,30.28294],[-81.42267,30.28286],[-81.42248,30.28262],[-81.42234,30.28214],[-81.42257,30.28196],[-81.42259,30.28195],[-81.42261,30.28193],[-81.42436,30.28188],[-81.42485,30.28193],[-81.42502,30.28195],[-81.42563,30.28192],[-81.42585,30.28191],[-81.42654,30.28188],[-81.42671,30.28191],[-81.4272,30.28199],[-81.42722,30.28199]]},"properties":{"catslc":"seawall","watlev":2}},{"type":"Feature","geometry":{"type":"LineString","coordinates":[[-81.42561,30.26734],[-81.42619,30.26731],[-81.42627,30.26775],[-81.42638,30.26827],[-81.42644,30.2686],[-81.4266,30.26939],[-81.42683,30.27011],[-81.42686,30.27018],[-81.42709,30.27061],[-81.42711,30.27064],[-81.42722,30.27065],[-81.42751,30.27066],[-81.42779,30.27068],[-81.42864,30.27072]]},"properties":{"catslc":"seawall","watlev":2}},{"type":"Feature","geometry":{"type":"LineString","coordinates":[[-81.42946,30.27068],[-81.42899,30.27071]]},"properties":{"catslc":"seawall","watlev":2}},{"type":"Feature","geometry":{"type":"LineString","coordinates":[[-81.42344,30.268],[-81.4244,30.2677],[-81.42526,30.26748]]},"properties":{"catslc":"seawall","watlev":2}},{"type":"Feature","geometry":{"type":"LineString","coordinates":[[-81.42855,30.2655],[-81.42771,30.26578]]},"properties":{"catslc":"pier","watlev":2}},{"type":"Feature","geometry":{"type":"LineString","coordinates":[[-81.3862,30.13478],[-81.38637,30.1351],[-81.38653,30.13536],[-81.38686,30.13578],[-81.38699,30.13604],[-81.38723,30.13653],[-81.38726,30.13708],[-81.38768,30.13745],[-81.38818,30.13803]]},"properties":{"catslc":"seawall","watlev":2}},{"type":"Feature","geometry":{"type":"LineString","coordinates":[[-81.39391,30.1485],[-81.39413,30.14884]]},"properties":{"catslc":"seawall","watlev":2}},{"type":"Feature","geometry":{"type":"LineString","coordinates":[[-81.42428,30.26946],[-81.42476,30.26961],[-81.42477,30.26961],[-81.42519,30.26948],[-81.4252,30.2695],[-81.42538,30.26974]]},"properties":{"catslc":"seawall","watlev":2}},{"type":"Feature","geometry":{"type":"LineString","coordinates":[[-81.38948,30.14021],[-81.38929,30.13969],[-81.38905,30.1394],[-81.38881,30.1391]]},"properties":{"catslc":"seawall","watlev":2}},{"type":"Feature","geometry":{"type":"LineString","coordinates":[[-81.39153,30.14377],[-81.39124,30.14329]]},"properties":{"catslc":"seawall","watlev":2}},{"type":"Feature","geometry":{"type":"LineString","coordinates":[[-81.39634,30.15455],[-81.39643,30.15508],[-81.39654,30.15541],[-81.39669,30.15577]]},"properties":{"catslc":"seawall","watlev":2}},{"type":"Feature","geometry":{"type":"LineString","coordinates":[[-81.40577,30.19315],[-81.40584,30.19346]]},"properties":{"catslc":"seawall","watlev":2}},{"type":"Feature","geometry":{"type":"LineString","coordinates":[[-81.3862,30.13478],[-81.38588,30.13429],[-81.38583,30.13399],[-81.38564,30.13356],[-81.3854,30.13318],[-81.38533,30.13306],[-81.38525,30.13293]]},"properties":{"catslc":"rip rap","watlev":2}},{"type":"Feature","geometry":{"type":"LineString","coordinates":[[-81.38962,30.14056],[-81.38948,30.14021]]},"properties":{"catslc":"rip rap","watlev":2}},{"type":"Feature","geometry":{"type":"LineString","coordinates":[[-81.40551,30.19241],[-81.40554,30.19278],[-81.40577,30.19315]]},"properties":{"catslc":"rip rap","watlev":2}},{"type":"Feature","geometry":{"type":"LineString","coordinates":[[-81.42943,30.24658],[-81.42941,30.24713],[-81.42934,30.24747],[-81.4295,30.24778]]},"properties":{"catslc":"rip rap","watlev":2}},{"type":"Feature","geometry":{"type":"LineString","coordinates":[[-81.42343,30.26902],[-81.42344,30.268]]},"properties":{"catslc":"rip rap","watlev":2}},{"type":"Feature","geometry":{"type":"LineString","coordinates":[[-81.40316,30.40481],[-81.39818,30.40346],[-81.39793,30.4034],[-81.39629,30.40297],[-81.39549,30.40273],[-81.39524,30.4027],[-81.39277,30.40246],[-81.39244,30.4024],[-81.39119,30.40228],[-81.39082,30.40224],[-81.38477,30.40161],[-81.38429,30.40157],[-81.38228,30.40137],[-81.38202,30.40134],[-81.38129,30.40126],[-81.3811,30.40125],[-81.38041,30.40119],[-81.37721,30.40082]]},"properties":{"catslc":"pier","watlev":2}},{"type":"Feature","geometry":{"type":"LineString","coordinates":[[-81.43954,30.32377],[-81.43985,30.32473]]},"properties":{"catslc":"pier","watlev":2}},{"type":"Feature","geometry":{"type":"LineString","coordinates":[[-81.44055,30.35361],[-81.44048,30.35333],[-81.44058,30.35262],[-81.44067,30.35244],[-81.44093,30.35233],[-81.44095,30.35217],[-81.4409,30.35199],[-81.44067,30.35175],[-81.44103,30.35137]]},"properties":{"catslc":"rip rap","watlev":2}},{"type":"Feature","geometry":{"type":"LineString","coordinates":[[-81.42796,30.3559],[-81.42803,30.35596],[-81.42849,30.35595],[-81.4286,30.35603],[-81.42869,30.35633],[-81.42859,30.35663],[-81.42862,30.35686],[-81.42905,30.35839],[-81.42905,30.35875],[-81.42855,30.3613],[-81.42865,30.36207]]},"properties":{"catslc":"seawall","watlev":2}},{"type":"Feature","geometry":{"type":"LineString","coordinates":[[-81.57988,30.41763],[-81.5803,30.41718]]},"properties":{"catslc":"pier","watlev":2}},{"type":"Feature","geometry":{"type":"LineString","coordinates":[[-81.57075,30.37421],[-81.57,30.37543]]},"properties":{"catslc":"pier","watlev":2}},{"type":"Feature","geometry":{"type":"LineString","coordinates":[[-81.56615,30.37209],[-81.56584,30.37305]]},"properties":{"catslc":"pier","watlev":2}},{"type":"Feature","geometry":{"type":"LineString","coordinates":[[-81.56665,30.37219],[-81.56628,30.3731]]},"properties":{"catslc":"pier","watlev":2}},{"type":"Feature","geometry":{"type":"LineString","coordinates":[[-81.43044,30.39612],[-81.43027,30.39596],[-81.43,30.39569]]},"properties":{"catslc":"pier","watlev":2}},{"type":"Feature","geometry":{"type":"LineString","coordinates":[[-81.54619,30.36166],[-81.54564,30.36206]]},"properties":{"catslc":"pier","watlev":2}},{"type":"Feature","geometry":{"type":"LineString","coordinates":[[-81.43321,30.39099],[-81.43282,30.39086]]},"properties":{"catslc":"pier","watlev":2}},{"type":"Feature","geometry":{"type":"LineString","coordinates":[[-81.43337,30.39052],[-81.43352,30.38993],[-81.43406,30.38908]]},"properties":{"catslc":"pier","watlev":2}},{"type":"Feature","geometry":{"type":"LineString","coordinates":[[-81.55326,30.36628],[-81.55303,30.3671],[-81.55301,30.36715]]},"properties":{"catslc":"pier","watlev":2}},{"type":"Feature","geometry":{"type":"LineString","coordinates":[[-81.45,30.5276],[-81.4499,30.52769]]},"properties":{"catslc":"pier","watlev":2}},{"type":"Feature","geometry":{"type":"LineString","coordinates":[[-81.47119,30.52744],[-81.47141,30.5272],[-81.47164,30.52695]]},"properties":{"catslc":"pier","watlev":2}},{"type":"Feature","geometry":{"type":"LineString","coordinates":[[-81.49758,30.57292],[-81.49838,30.57286],[-81.49844,30.57286],[-81.49969,30.57277]]},"properties":{"catslc":"pier","watlev":2}},{"type":"Feature","geometry":{"type":"LineString","coordinates":[[-81.45217,30.52827],[-81.45207,30.52832],[-81.45099,30.52882]]},"properties":{"catslc":"pier","watlev":2}},{"type":"Feature","geometry":{"type":"LineString","coordinates":[[-81.4067,30.3969],[-81.40857,30.39731],[-81.40857,30.39746],[-81.41048,30.39783],[-81.41059,30.39759],[-81.41249,30.39797],[-81.41244,30.39822],[-81.41435,30.3986],[-81.41443,30.39837],[-81.41575,30.39441],[-81.41612,30.39332],[-81.41617,30.39315],[-81.41613,30.39314],[-81.41361,30.39252],[-81.4136,30.39239],[-81.4136,30.39238],[-81.41343,30.39234],[-81.41169,30.39191],[-81.40963,30.38835],[-81.40912,30.38836],[-81.40836,30.38837],[-81.40827,30.38839],[-81.40806,30.38845],[-81.40791,30.38849],[-81.40912,30.39205],[-81.40924,30.39239],[-81.40925,30.39243],[-81.40637,30.39366],[-81.4063,30.39364],[-81.40618,30.39341],[-81.40625,30.39334],[-81.40611,30.39307],[-81.40606,30.39312],[-81.40586,30.39321],[-81.40578,30.39315],[-81.40572,30.39305],[-81.40554,30.39313],[-81.40539,30.39288],[-81.405,30.39289],[-81.40499,30.39289],[-81.40437,30.39293],[-81.40438,30.39394],[-81.40444,30.39394],[-81.40444,30.39401],[-81.40473,30.39401]]},"properties":{"catslc":" ","watlev":2}},{"type":"Feature","geometry":{"type":"LineString","coordinates":[[-81.55664,30.36854],[-81.5566,30.36922]]},"properties":{"catslc":"pier","watlev":2}},{"type":"Feature","geometry":{"type":"LineString","coordinates":[[-81.5334,30.41713],[-81.53307,30.41712],[-81.53258,30.41705]]},"properties":{"catslc":" ","watlev":2}},{"type":"Feature","geometry":{"type":"LineString","coordinates":[[-81.4504,30.37732],[-81.45139,30.37582],[-81.45147,30.37555],[-81.4514,30.37513],[-81.45123,30.37473],[-81.45109,30.3745],[-81.45081,30.37435]]},"properties":{"catslc":"training wall","watlev":null}},{"type":"Feature","geometry":{"type":"LineString","coordinates":[[-81.52397,30.40102],[-81.5237,30.40088],[-81.52269,30.4003]]},"properties":{"catslc":"pier","watlev":2}},{"type":"Feature","geometry":{"type":"LineString","coordinates":[[-81.39186,30.39719],[-81.38978,30.39742],[-81.38917,30.39749],[-81.38788,30.39754],[-81.38452,30.39722],[-81.38197,30.397],[-81.38106,30.39688],[-81.38009,30.39675],[-81.37852,30.39659],[-81.37816,30.39656],[-81.3776,30.3965],[-81.37643,30.39639],[-81.37635,30.39638],[-81.37628,30.39637]]},"properties":{"catslc":"pier","watlev":2}},{"type":"Feature","geometry":{"type":"LineString","coordinates":[[-81.52172,30.39965],[-81.52208,30.39993],[-81.52189,30.40017],[-81.52352,30.40113],[-81.52485,30.40185],[-81.52595,30.40042],[-81.52596,30.40021],[-81.52572,30.40008],[-81.52334,30.3987],[-81.52334,30.3987]]},"properties":{"catslc":" ","watlev":2}},{"type":"Feature","geometry":{"type":"LineString","coordinates":[[-81.37628,30.39637],[-81.37519,30.39624]]},"properties":{"catslc":"pier","watlev":3}},{"type":"Feature","geometry":{"type":"LineString","coordinates":[[-81.53306,30.41718],[-81.53307,30.41712]]},"properties":{"catslc":" ","watlev":2}},{"type":"Feature","geometry":{"type":"LineString","coordinates":[[-81.57338,30.5715],[-81.57308,30.57125],[-81.57249,30.57093]]},"properties":{"catslc":"seawall","watlev":2}},{"type":"Feature","geometry":{"type":"LineString","coordinates":[[-81.59744,30.38299],[-81.59727,30.38405]]},"properties":{"catslc":"pier","watlev":2}},{"type":"Feature","geometry":{"type":"LineString","coordinates":[[-81.55036,30.36476],[-81.55019,30.36506],[-81.55005,30.36534]]},"properties":{"catslc":"pier","watlev":2}},{"type":"Feature","geometry":{"type":"LineString","coordinates":[[-81.56863,30.51604],[-81.56857,30.51497]]},"properties":{"catslc":"seawall","watlev":2}},{"type":"Feature","geometry":{"type":"LineString","coordinates":[[-81.37721,30.40082],[-81.37717,30.40081],[-81.37512,30.40053]]},"properties":{"catslc":"pier","watlev":3}},{"type":"Feature","geometry":{"type":"LineString","coordinates":[[-81.55676,30.38936],[-81.55636,30.38918],[-81.55551,30.39079],[-81.556,30.39096]]},"properties":{"catslc":"pier","watlev":3}},{"type":"Feature","geometry":{"type":"LineString","coordinates":[[-81.46033,30.38895],[-81.46053,30.38795]]},"properties":{"catslc":"slipway","watlev":2}},{"type":"Feature","geometry":{"type":"LineString","coordinates":[[-81.51109,30.39528],[-81.51213,30.39617],[-81.51276,30.39654],[-81.51349,30.39672],[-81.51507,30.39641],[-81.51538,30.39665],[-81.51565,30.39703],[-81.51595,30.39728],[-81.51754,30.39779],[-81.51929,30.39875],[-81.52152,30.39955],[-81.52164,30.3994],[-81.52167,30.39935],[-81.52167,30.39935],[-81.5217,30.39937],[-81.52179,30.39942],[-81.52186,30.39946],[-81.52186,30.39947],[-81.52172,30.39965]]},"properties":{"catslc":"pier","watlev":null}},{"type":"Feature","geometry":{"type":"LineString","coordinates":[[-81.54669,30.40404],[-81.54693,30.40339],[-81.54762,30.40281]]},"properties":{"catslc":"pier","watlev":2}},{"type":"Feature","geometry":{"type":"LineString","coordinates":[[-81.59573,30.38237],[-81.59526,30.38287]]},"properties":{"catslc":"pier","watlev":2}},{"type":"Feature","geometry":{"type":"LineString","coordinates":[[-81.54503,30.41231],[-81.5447,30.4121],[-81.54441,30.41191],[-81.54381,30.41258]]},"properties":{"catslc":"pier","watlev":2}},{"type":"Feature","geometry":{"type":"LineString","coordinates":[[-81.55388,30.36643],[-81.55357,30.36721]]},"properties":{"catslc":"pier","watlev":2}},{"type":"Feature","geometry":{"type":"LineString","coordinates":[[-81.42743,30.40497],[-81.42678,30.40459]]},"properties":{"catslc":"pier","watlev":2}},{"type":"Feature","geometry":{"type":"LineString","coordinates":[[-81.47994,30.53148],[-81.48048,30.53167],[-81.48118,30.53217],[-81.48192,30.53253],[-81.48239,30.53285],[-81.48358,30.53434],[-81.48395,30.53507]]},"properties":{"catslc":"rip rap","watlev":2}},{"type":"Feature","geometry":{"type":"LineString","coordinates":[[-81.52933,30.56226],[-81.52881,30.56215],[-81.52808,30.56183],[-81.52769,30.56178]]},"properties":{"catslc":"rip rap","watlev":2}},{"type":"Feature","geometry":{"type":"LineString","coordinates":[[-81.5447,30.4121],[-81.54433,30.41252]]},"properties":{"catslc":"pier","watlev":2}},{"type":"Feature","geometry":{"type":"LineString","coordinates":[[-81.4364,30.39493],[-81.43597,30.39462]]},"properties":{"catslc":"pier","watlev":2}},{"type":"Feature","geometry":{"type":"LineString","coordinates":[[-81.45071,30.52699],[-81.45,30.5276]]},"properties":{"catslc":"pier","watlev":2}},{"type":"Feature","geometry":{"type":"LineString","coordinates":[[-81.57164,30.37449],[-81.57162,30.37537]]},"properties":{"catslc":"pier","watlev":2}},{"type":"Feature","geometry":{"type":"LineString","coordinates":[[-81.56816,30.51416],[-81.56755,30.51369]]},"properties":{"catslc":"seawall","watlev":2}},{"type":"Feature","geometry":{"type":"LineString","coordinates":[[-81.55875,30.51103],[-81.55839,30.51102],[-81.55694,30.51152]]},"properties":{"catslc":"seawall","watlev":2}},{"type":"Feature","geometry":{"type":"LineString","coordinates":[[-81.59009,30.55062],[-81.5902,30.55009],[-81.59016,30.54936]]},"properties":{"catslc":"seawall","watlev":2}},{"type":"Feature","geometry":{"type":"LineString","coordinates":[[-81.59005,30.55099],[-81.58996,30.55138]]},"properties":{"catslc":"seawall","watlev":2}},{"type":"Feature","geometry":{"type":"LineString","coordinates":[[-81.5742,30.5734],[-81.57428,30.57296],[-81.57419,30.57258]]},"properties":{"catslc":"seawall","watlev":2}},{"type":"Feature","geometry":{"type":"LineString","coordinates":[[-81.56986,30.37374],[-81.56939,30.37489]]},"properties":{"catslc":"pier","watlev":2}},{"type":"Feature","geometry":{"type":"LineString","coordinates":[[-81.52352,30.40113],[-81.5237,30.40088]]},"properties":{"catslc":"pier","watlev":2}},{"type":"Feature","geometry":{"type":"LineString","coordinates":[[-81.50524,30.38819],[-81.50475,30.38865]]},"properties":{"catslc":"pier","watlev":2}},{"type":"Feature","geometry":{"type":"LineString","coordinates":[[-81.41242,30.39973],[-81.41191,30.39958]]},"properties":{"catslc":"rip rap","watlev":2}},{"type":"Feature","geometry":{"type":"LineString","coordinates":[[-81.43111,30.39408],[-81.43087,30.39447]]},"properties":{"catslc":"rip rap","watlev":2}},{"type":"Feature","geometry":{"type":"LineString","coordinates":[[-81.56521,30.37181],[-81.56502,30.37241]]},"properties":{"catslc":"pier","watlev":2}},{"type":"Feature","geometry":{"type":"LineString","coordinates":[[-81.57207,30.37459],[-81.57198,30.37554]]},"properties":{"catslc":"pier","watlev":2}},{"type":"Feature","geometry":{"type":"LineString","coordinates":[[-81.54066,30.3585],[-81.54023,30.35933]]},"properties":{"catslc":"pier","watlev":2}},{"type":"Feature","geometry":{"type":"LineString","coordinates":[[-81.49249,30.45151],[-81.49224,30.45172]]},"properties":{"catslc":"seawall","watlev":2}},{"type":"Feature","geometry":{"type":"LineString","coordinates":[[-81.54476,30.40358],[-81.54524,30.40371],[-81.54633,30.40399],[-81.54635,30.40393],[-81.54652,30.40399],[-81.54669,30.40404],[-81.546,30.40602],[-81.54565,30.40593],[-81.54625,30.40418],[-81.54517,30.40389],[-81.54468,30.40376]]},"properties":{"catslc":" ","watlev":2}},{"type":"Feature","geometry":{"type":"LineString","coordinates":[[-81.4926,30.51921],[-81.49239,30.51883]]},"properties":{"catslc":"seawall","watlev":2}},{"type":"Feature","geometry":{"type":"LineString","coordinates":[[-81.54875,30.36402],[-81.5487,30.36412],[-81.54846,30.36459]]},"properties":{"catslc":"pier","watlev":2}},{"type":"Feature","geometry":{"type":"LineString","coordinates":[[-81.59495,30.38175],[-81.59435,30.38221]]},"properties":{"catslc":"pier","watlev":2}},{"type":"Feature","geometry":{"type":"LineString","coordinates":[[-81.44936,30.52587],[-81.44872,30.52649],[-81.44867,30.52655]]},"properties":{"catslc":"pier","watlev":2}},{"type":"Feature","geometry":{"type":"LineString","coordinates":[[-81.42778,30.40477],[-81.42743,30.40497]]},"properties":{"catslc":"rip rap","watlev":2}},{"type":"Feature","geometry":{"type":"LineString","coordinates":[[-81.43017,30.4026],[-81.42977,30.40291]]},"properties":{"catslc":"seawall","watlev":2}},{"type":"Feature","geometry":{"type":"LineString","coordinates":[[-81.43203,30.39278],[-81.43167,30.39319]]},"properties":{"catslc":"rip rap","watlev":2}},{"type":"Feature","geometry":{"type":"LineString","coordinates":[[-81.42195,30.40087],[-81.42212,30.40085],[-81.42202,30.40028],[-81.42197,30.4]]},"properties":{"catslc":"pier","watlev":2}},{"type":"Feature","geometry":{"type":"LineString","coordinates":[[-81.52173,30.39759],[-81.52149,30.39789]]},"properties":{"catslc":"pier","watlev":2}},{"type":"Feature","geometry":{"type":"LineString","coordinates":[[-81.50943,30.39382],[-81.50967,30.3943]]},"properties":{"catslc":"breakwater","watlev":2}},{"type":"Feature","geometry":{"type":"LineString","coordinates":[[-81.43905,30.32099],[-81.43979,30.32023],[-81.4404,30.31972],[-81.4415,30.32072],[-81.44002,30.32194],[-81.43958,30.32154],[-81.43892,30.3217],[-81.43913,30.32295],[-81.43913,30.32315],[-81.43916,30.3235],[-81.43916,30.32354]]},"properties":{"catslc":"seawall","watlev":2}},{"type":"Feature","geometry":{"type":"LineString","coordinates":[[-81.42786,30.39824],[-81.4276,30.39801],[-81.4273,30.39774]]},"properties":{"catslc":"pier","watlev":2}},{"type":"Feature","geometry":{"type":"LineString","coordinates":[[-81.43352,30.38993],[-81.43324,30.38978]]},"properties":{"catslc":"pier","watlev":2}},{"type":"Feature","geometry":{"type":"LineString","coordinates":[[-81.43295,30.39054],[-81.43335,30.39072],[-81.43321,30.39099],[-81.43314,30.39115],[-81.43274,30.39104]]},"properties":{"catslc":"pier","watlev":2}},{"type":"Feature","geometry":{"type":"LineString","coordinates":[[-81.55617,30.36826],[-81.55603,30.36888]]},"properties":{"catslc":"pier","watlev":2}},{"type":"Feature","geometry":{"type":"LineString","coordinates":[[-81.50543,30.38834],[-81.50524,30.38819],[-81.50485,30.3879]]},"properties":{"catslc":"seawall","watlev":2}},{"type":"Feature","geometry":{"type":"LineString","coordinates":[[-81.46423,30.5917],[-81.46361,30.59137]]},"properties":{"catslc":"pier","watlev":2}},{"type":"Feature","geometry":{"type":"LineString","coordinates":[[-81.43071,30.39572],[-81.43053,30.39566],[-81.43012,30.39553]]},"properties":{"catslc":"pier","watlev":2}},{"type":"Feature","geometry":{"type":"LineString","coordinates":[[-81.54601,30.36147],[-81.54545,30.36177]]},"properties":{"catslc":"pier","watlev":2}},{"type":"Feature","geometry":{"type":"LineString","coordinates":[[-81.56394,30.39076],[-81.56439,30.39124]]},"properties":{"catslc":"rip rap","watlev":2}},{"type":"Feature","geometry":{"type":"LineString","coordinates":[[-81.42655,30.40562],[-81.42634,30.40546],[-81.42601,30.4052]]},"properties":{"catslc":"pier","watlev":2}},{"type":"Feature","geometry":{"type":"LineString","coordinates":[[-81.43441,30.52676],[-81.4342,30.52624],[-81.43421,30.52605]]},"properties":{"catslc":"breakwater","watlev":3}},{"type":"Feature","geometry":{"type":"LineString","coordinates":[[-81.44995,30.52634],[-81.44923,30.52692],[-81.44915,30.52698]]},"properties":{"catslc":"pier","watlev":2}},{"type":"Feature","geometry":{"type":"LineString","coordinates":[[-81.56561,30.37193],[-81.56534,30.37258]]},"properties":{"catslc":"pier","watlev":2}},{"type":"Feature","geometry":{"type":"LineString","coordinates":[[-81.51702,30.37896],[-81.51703,30.37789],[-81.51412,30.37783],[-81.51415,30.37821],[-81.5167,30.37818],[-81.51667,30.37974]]},"properties":{"catslc":" ","watlev":2}},{"type":"Feature","geometry":{"type":"LineString","coordinates":[[-81.45962,30.39455],[-81.4597,30.39443],[-81.45986,30.3943],[-81.46013,30.39416]]},"properties":{"catslc":"fender","watlev":2}},{"type":"Feature","geometry":{"type":"LineString","coordinates":[[-81.46371,30.58777],[-81.4634,30.58725]]},"properties":{"catslc":"seawall","watlev":2}},{"type":"Feature","geometry":{"type":"LineString","coordinates":[[-81.58287,30.40982],[-81.58354,30.40984]]},"properties":{"catslc":"pier","watlev":2}},{"type":"Feature","geometry":{"type":"LineString","coordinates":[[-81.59544,30.38214],[-81.59479,30.38266]]},"properties":{"catslc":"pier","watlev":2}},{"type":"Feature","geometry":{"type":"LineString","coordinates":[[-81.48727,30.53771],[-81.48717,30.53813],[-81.48713,30.53829]]},"properties":{"catslc":"pier","watlev":2}},{"type":"Feature","geometry":{"type":"LineString","coordinates":[[-81.47944,30.53122],[-81.47994,30.53148]]},"properties":{"catslc":"seawall","watlev":2}},{"type":"Feature","geometry":{"type":"LineString","coordinates":[[-81.48467,30.53571],[-81.48517,30.53596]]},"properties":{"catslc":"seawall","watlev":2}},{"type":"Feature","geometry":{"type":"LineString","coordinates":[[-81.53026,30.56165],[-81.53063,30.561],[-81.53126,30.56106]]},"properties":{"catslc":"seawall","watlev":2}},{"type":"Feature","geometry":{"type":"LineString","coordinates":[[-81.4653,30.58942],[-81.46462,30.58866]]},"properties":{"catslc":"seawall","watlev":2}},{"type":"Feature","geometry":{"type":"LineString","coordinates":[[-81.59619,30.4156],[-81.59702,30.41233],[-81.59702,30.41166],[-81.59702,30.4112],[-81.598,30.41084]]},"properties":{"catslc":"breakwater","watlev":2}},{"type":"Feature","geometry":{"type":"LineString","coordinates":[[-81.4363,30.39517],[-81.43563,30.39502]]},"properties":{"catslc":"pier","watlev":2}},{"type":"Feature","geometry":{"type":"LineString","coordinates":[[-81.54483,30.41139],[-81.54614,30.40977],[-81.54585,30.40967],[-81.54435,30.41136],[-81.5447,30.41157],[-81.54483,30.41139]]},"properties":{"catslc":"pier","watlev":2}},{"type":"Feature","geometry":{"type":"LineString","coordinates":[[-81.45294,30.5289],[-81.45179,30.52942]]},"properties":{"catslc":"pier","watlev":2}},{"type":"Feature","geometry":{"type":"LineString","coordinates":[[-81.45365,30.52913],[-81.45259,30.52993]]},"properties":{"catslc":"pier","watlev":2}},{"type":"Feature","geometry":{"type":"LineString","coordinates":[[-81.45419,30.52966],[-81.45332,30.53022]]},"properties":{"catslc":"pier","watlev":2}},{"type":"Feature","geometry":{"type":"LineString","coordinates":[[-81.54813,30.36343],[-81.54796,30.36365],[-81.54771,30.36398]]},"properties":{"catslc":"pier","watlev":2}},{"type":"Feature","geometry":{"type":"LineString","coordinates":[[-81.54885,30.39513],[-81.54918,30.39522],[-81.54981,30.39538],[-81.54948,30.3963]]},"properties":{"catslc":"wharf","watlev":2}},{"type":"Feature","geometry":{"type":"LineString","coordinates":[[-81.56369,30.3713],[-81.56353,30.37199]]},"properties":{"catslc":"pier","watlev":2}},{"type":"Feature","geometry":{"type":"LineString","coordinates":[[-81.546,30.40602],[-81.54591,30.40629],[-81.54556,30.40655],[-81.54541,30.40706]]},"properties":{"catslc":"pier","watlev":2}},{"type":"Feature","geometry":{"type":"LineString","coordinates":[[-81.47209,30.50546],[-81.47203,30.50444]]},"properties":{"catslc":"seawall","watlev":2}},{"type":"Feature","geometry":{"type":"LineString","coordinates":[[-81.45155,30.52774],[-81.45116,30.52805],[-81.45053,30.52856]]},"properties":{"catslc":"pier","watlev":2}},{"type":"Feature","geometry":{"type":"LineString","coordinates":[[-81.53195,30.39216],[-81.53165,30.39107],[-81.53161,30.39095],[-81.53159,30.39086],[-81.53377,30.39046],[-81.53378,30.39052],[-81.5339,30.39093]]},"properties":{"catslc":"pier","watlev":2}},{"type":"Feature","geometry":{"type":"LineString","coordinates":[[-81.56747,30.37236],[-81.56709,30.37326]]},"properties":{"catslc":"pier","watlev":2}},{"type":"Feature","geometry":{"type":"LineString","coordinates":[[-81.51024,30.39508],[-81.50994,30.3947],[-81.50981,30.39471],[-81.50967,30.3943],[-81.50993,30.39443],[-81.5105,30.39476],[-81.51109,30.39528]]},"properties":{"catslc":"rip rap","watlev":2}},{"type":"Feature","geometry":{"type":"LineString","coordinates":[[-81.59453,30.38148],[-81.59405,30.38192]]},"properties":{"catslc":"pier","watlev":2}},{"type":"Feature","geometry":{"type":"LineString","coordinates":[[-81.46537,30.51764],[-81.46599,30.51739]]},"properties":{"catslc":"pier","watlev":2}},{"type":"Feature","geometry":{"type":"LineString","coordinates":[[-81.44787,30.52449],[-81.44741,30.52496]]},"properties":{"catslc":"pier","watlev":2}},{"type":"Feature","geometry":{"type":"LineString","coordinates":[[-81.44825,30.52494],[-81.44819,30.525],[-81.4477,30.5255]]},"properties":{"catslc":"pier","watlev":2}},{"type":"Feature","geometry":{"type":"LineString","coordinates":[[-81.48606,30.53641],[-81.48589,30.53688],[-81.48585,30.53698]]},"properties":{"catslc":"pier","watlev":2}},{"type":"Feature","geometry":{"type":"LineString","coordinates":[[-81.53407,30.3908],[-81.53424,30.39042],[-81.53429,30.39032],[-81.5409,30.38922]]},"properties":{"catslc":"wharf","watlev":2}},{"type":"Feature","geometry":{"type":"LineString","coordinates":[[-81.51927,30.39657],[-81.51922,30.39654],[-81.51811,30.39592]]},"properties":{"catslc":" ","watlev":2}},{"type":"Feature","geometry":{"type":"LineString","coordinates":[[-81.5409,30.38922],[-81.55114,30.38751]]},"properties":{"catslc":" ","watlev":2}},{"type":"Feature","geometry":{"type":"LineString","coordinates":[[-81.42807,30.39808],[-81.42786,30.39824],[-81.4276,30.39844]]},"properties":{"catslc":"pier","watlev":2}},{"type":"Feature","geometry":{"type":"LineString","coordinates":[[-81.46083,30.39144],[-81.46106,30.39139],[-81.46106,30.39118],[-81.46083,30.39118],[-81.46083,30.39098],[-81.46126,30.39095],[-81.46127,30.39016],[-81.46128,30.38955],[-81.46128,30.38852],[-81.46151,30.38768],[-81.46161,30.38731],[-81.46143,30.3873],[-81.46138,30.38752],[-81.46131,30.38782],[-81.46126,30.38796],[-81.46106,30.38844],[-81.46091,30.38832],[-81.46101,30.38814],[-81.46053,30.38795],[-81.46034,30.38787],[-81.46001,30.38877],[-81.45979,30.38874],[-81.46007,30.38773],[-81.45956,30.38744],[-81.46003,30.38576],[-81.45986,30.38571],[-81.45933,30.3874]]},"properties":{"catslc":"pier","watlev":2}},{"type":"Feature","geometry":{"type":"LineString","coordinates":[[-81.46964,30.52656],[-81.46985,30.52637],[-81.4702,30.52606]]},"properties":{"catslc":"pier","watlev":2}},{"type":"Feature","geometry":{"type":"LineString","coordinates":[[-81.46909,30.52632],[-81.46925,30.52611],[-81.46945,30.52584]]},"properties":{"catslc":"pier","watlev":2}},{"type":"Feature","geometry":{"type":"LineString","coordinates":[[-81.57957,30.41741],[-81.58015,30.41694]]},"properties":{"catslc":"pier","watlev":2}},{"type":"Feature","geometry":{"type":"LineString","coordinates":[[-81.52159,30.56603],[-81.52195,30.56575],[-81.52316,30.56538],[-81.52355,30.56512]]},"properties":{"catslc":"seawall","watlev":2}},{"type":"Feature","geometry":{"type":"LineString","coordinates":[[-81.54483,30.41139],[-81.54549,30.41177]]},"properties":{"catslc":" ","watlev":2}},{"type":"Feature","geometry":{"type":"LineString","coordinates":[[-81.39554,30.33419],[-81.39474,30.3342],[-81.39421,30.33421]]},"properties":{"catslc":"pier","watlev":4}},{"type":"Feature","geometry":{"type":"LineString","coordinates":[[-81.44898,30.52556],[-81.44832,30.52627]]},"properties":{"catslc":"pier","watlev":2}},{"type":"Feature","geometry":{"type":"LineString","coordinates":[[-81.47109,30.36988],[-81.4709,30.36976]]},"properties":{"catslc":"pier","watlev":2}},{"type":"Feature","geometry":{"type":"LineString","coordinates":[[-81.53341,30.41889],[-81.53328,30.41959]]},"properties":{"catslc":"pier","watlev":2}},{"type":"Feature","geometry":{"type":"LineString","coordinates":[[-81.56952,30.37357],[-81.56924,30.37427]]},"properties":{"catslc":"pier","watlev":2}},{"type":"Feature","geometry":{"type":"LineString","coordinates":[[-81.42833,30.39716],[-81.42848,30.39731]]},"properties":{"catslc":" ","watlev":2}},{"type":"Feature","geometry":{"type":"LineString","coordinates":[[-81.43976,30.39038],[-81.43928,30.39006],[-81.43916,30.3902]]},"properties":{"catslc":" ","watlev":2}},{"type":"Feature","geometry":{"type":"LineString","coordinates":[[-81.4647,30.38152],[-81.45948,30.3783],[-81.45903,30.37783],[-81.45858,30.37655]]},"properties":{"catslc":"training wall","watlev":null}},{"type":"Feature","geometry":{"type":"LineString","coordinates":[[-81.43916,30.32354],[-81.43925,30.32379],[-81.43954,30.32377],[-81.44056,30.32353],[-81.44078,30.32437],[-81.44256,30.32389],[-81.44283,30.32458],[-81.4424,30.3247],[-81.44198,30.32482]]},"properties":{"catslc":"wharf","watlev":2}},{"type":"Feature","geometry":{"type":"LineString","coordinates":[[-81.46098,30.38766],[-81.46059,30.3876],[-81.4603,30.38756]]},"properties":{"catslc":"slipway","watlev":2}},{"type":"Feature","geometry":{"type":"LineString","coordinates":[[-81.46053,30.38795],[-81.46059,30.3876],[-81.46089,30.38595]]},"properties":{"catslc":"slipway","watlev":3}},{"type":"Feature","geometry":{"type":"LineString","coordinates":[[-81.59715,30.383],[-81.59703,30.38374]]},"properties":{"catslc":"pier","watlev":2}},{"type":"Feature","geometry":{"type":"LineString","coordinates":[[-81.51948,30.39618],[-81.51922,30.39654]]},"properties":{"catslc":" ","watlev":2}},{"type":"Feature","geometry":{"type":"LineString","coordinates":[[-81.42877,30.39691],[-81.4289,30.39703]]},"properties":{"catslc":" ","watlev":2}},{"type":"Feature","geometry":{"type":"LineString","coordinates":[[-81.56439,30.39124],[-81.5648,30.39167]]},"properties":{"catslc":"wharf","watlev":2}},{"type":"Feature","geometry":{"type":"LineString","coordinates":[[-81.55497,30.39283],[-81.55408,30.39268],[-81.55362,30.39177]]},"properties":{"catslc":"pier","watlev":2}},{"type":"Feature","geometry":{"type":"LineString","coordinates":[[-81.54948,30.3963],[-81.54925,30.39686],[-81.5491,30.39681],[-81.54849,30.39661],[-81.54829,30.39655]]},"properties":{"catslc":"pier","watlev":2}},{"type":"Feature","geometry":{"type":"LineString","coordinates":[[-81.42855,30.39708],[-81.42863,30.39716]]},"properties":{"catslc":" ","watlev":2}},{"type":"Feature","geometry":{"type":"LineString","coordinates":[[-81.53257,30.41736],[-81.53229,30.41719]]},"properties":{"catslc":" ","watlev":null}},{"type":"Feature","geometry":{"type":"LineString","coordinates":[[-81.45928,30.39421],[-81.45946,30.39415],[-81.45961,30.39403],[-81.45979,30.39383]]},"properties":{"catslc":"fender","watlev":2}},{"type":"Feature","geometry":{"type":"LineString","coordinates":[[-81.55461,30.36706],[-81.5547,30.36772]]},"properties":{"catslc":"pier","watlev":2}},{"type":"Feature","geometry":{"type":"LineString","coordinates":[[-81.5491,30.39681],[-81.54873,30.39765]]},"properties":{"catslc":"pier","watlev":2}},{"type":"Feature","geometry":{"type":"LineString","coordinates":[[-81.46405,30.59092],[-81.46465,30.59075],[-81.46494,30.59049]]},"properties":{"catslc":"seawall","watlev":2}},{"type":"Feature","geometry":{"type":"LineString","coordinates":[[-81.43844,30.32364],[-81.43844,30.32364],[-81.43852,30.3246],[-81.43847,30.32484],[-81.43778,30.32521],[-81.43754,30.32523],[-81.43743,30.32517],[-81.43723,30.32438],[-81.43703,30.324]]},"properties":{"catslc":"rip rap","watlev":2}},{"type":"Feature","geometry":{"type":"LineString","coordinates":[[-81.5703,30.37397],[-81.56985,30.37481]]},"properties":{"catslc":"pier","watlev":2}},{"type":"Feature","geometry":{"type":"LineString","coordinates":[[-81.5339,30.41902],[-81.53369,30.41997]]},"properties":{"catslc":"pier","watlev":2}},{"type":"Feature","geometry":{"type":"LineString","coordinates":[[-81.46367,30.37765],[-81.46275,30.37614],[-81.46144,30.37509],[-81.46043,30.37492],[-81.46031,30.37494],[-81.46017,30.37527]]},"properties":{"catslc":"training wall","watlev":null}},{"type":"Feature","geometry":{"type":"LineString","coordinates":[[-81.59671,30.38321],[-81.59674,30.38369]]},"properties":{"catslc":"pier","watlev":2}},{"type":"Feature","geometry":{"type":"LineString","coordinates":[[-81.57304,30.37449],[-81.57309,30.37521]]},"properties":{"catslc":"pier","watlev":2}},{"type":"Feature","geometry":{"type":"LineString","coordinates":[[-81.46463,30.39105],[-81.46425,30.39107],[-81.46392,30.39129],[-81.46345,30.39187],[-81.46335,30.39199],[-81.46353,30.39225],[-81.46358,30.39232]]},"properties":{"catslc":"rip rap","watlev":2}},{"type":"Feature","geometry":{"type":"LineString","coordinates":[[-81.43167,30.39319],[-81.43133,30.39356],[-81.43111,30.39408]]},"properties":{"catslc":"seawall","watlev":2}},{"type":"Feature","geometry":{"type":"LineString","coordinates":[[-81.44865,30.71963],[-81.44838,30.71959],[-81.44616,30.71926],[-81.44026,30.7183],[-81.43654,30.71773],[-81.43189,30.71702],[-81.4316,30.71698],[-81.42882,30.71653],[-81.4274,30.7163],[-81.42614,30.7161],[-81.42572,30.71608],[-81.42486,30.71604],[-81.42472,30.71603],[-81.42189,30.71636],[-81.42104,30.71646],[-81.42104,30.71646],[-81.41742,30.71688],[-81.41487,30.71718],[-81.41415,30.71729],[-81.41382,30.71734],[-81.41334,30.71739],[-81.41334,30.71739],[-81.41256,30.71746],[-81.41137,30.71761],[-81.40842,30.71797],[-81.40664,30.71819],[-81.40624,30.71824],[-81.40595,30.71827],[-81.4057,30.7183],[-81.40559,30.71832]]},"properties":{"catslc":"pier","watlev":2}},{"type":"Feature","geometry":{"type":"LineString","coordinates":[[-81.52402,30.81093],[-81.52375,30.81108]]},"properties":{"catslc":"pier","watlev":2}},{"type":"Feature","geometry":{"type":"LineString","coordinates":[[-81.56478,30.84991],[-81.56491,30.84985]]},"properties":{"catslc":"pier","watlev":2}},{"type":"Feature","geometry":{"type":"LineString","coordinates":[[-81.52535,30.80986],[-81.52535,30.80986],[-81.52571,30.80963],[-81.52547,30.80944]]},"properties":{"catslc":"wharf","watlev":2}},{"type":"Feature","geometry":{"type":"LineString","coordinates":[[-81.4252,30.70151],[-81.42398,30.70192],[-81.42353,30.70209],[-81.42108,30.70299],[-81.42033,30.70326],[-81.41733,30.70425],[-81.41715,30.70431],[-81.41284,30.70573],[-81.40838,30.70702],[-81.40806,30.70709],[-81.40696,30.70732],[-81.40644,30.70739],[-81.40542,30.70753],[-81.40492,30.7076],[-81.40443,30.70768]]},"properties":{"catslc":"pier","watlev":2}},{"type":"Feature","geometry":{"type":"LineString","coordinates":[[-81.49848,30.78893],[-81.49872,30.78908],[-81.49915,30.78881]]},"properties":{"catslc":"pier","watlev":2}},{"type":"Feature","geometry":{"type":"LineString","coordinates":[[-81.5251,30.65777],[-81.525,30.65774]]},"properties":{"catslc":"pier","watlev":2}},{"type":"Feature","geometry":{"type":"LineString","coordinates":[[-81.42896,30.7007],[-81.4269,30.70154],[-81.42233,30.70307]]},"properties":{"catslc":"pier","watlev":2}},{"type":"Feature","geometry":{"type":"LineString","coordinates":[[-81.55979,30.84525],[-81.55972,30.8454]]},"properties":{"catslc":"pier","watlev":2}},{"type":"Feature","geometry":{"type":"LineString","coordinates":[[-81.46597,30.67211],[-81.46603,30.67151]]},"properties":{"catslc":"pier","watlev":2}},{"type":"Feature","geometry":{"type":"LineString","coordinates":[[-81.54958,30.84765],[-81.54968,30.84764],[-81.54975,30.84763],[-81.54985,30.84762],[-81.54997,30.8476],[-81.55005,30.84757],[-81.55021,30.84749],[-81.55034,30.84745],[-81.55054,30.84739],[-81.55091,30.84728],[-81.55107,30.84723],[-81.55117,30.84718],[-81.55137,30.84705],[-81.55159,30.84695],[-81.55166,30.84689],[-81.55179,30.84684],[-81.55186,30.84679],[-81.55193,30.84672],[-81.55207,30.8466],[-81.55208,30.84659],[-81.55214,30.84648],[-81.5522,30.84643],[-81.55226,30.84639],[-81.55233,30.84637],[-81.55253,30.84626],[-81.55257,30.84623],[-81.55262,30.84619],[-81.55268,30.84613],[-81.55272,30.84607],[-81.55276,30.84602],[-81.55293,30.84588],[-81.55327,30.8457],[-81.55362,30.84552],[-81.55375,30.84545],[-81.55385,30.84541],[-81.55399,30.84537],[-81.55457,30.84524],[-81.55466,30.84523],[-81.55475,30.8452],[-81.55493,30.84513],[-81.55503,30.8451],[-81.5552,30.84508],[-81.55533,30.84506],[-81.55555,30.84496],[-81.55588,30.84487],[-81.55597,30.84485],[-81.55644,30.84481],[-81.55673,30.84478],[-81.55702,30.84476],[-81.55752,30.8448],[-81.55763,30.84481],[-81.55765,30.84481],[-81.55778,30.84481],[-81.55795,30.8448],[-81.55804,30.84479],[-81.5583,30.84478],[-81.55843,30.84479],[-81.55851,30.84482],[-81.55877,30.84486],[-81.55925,30.84497],[-81.5593,30.84499],[-81.55934,30.84503],[-81.55935,30.84508],[-81.55939,30.84512],[-81.55944,30.84514],[-81.55947,30.84515],[-81.55957,30.84519],[-81.55958,30.84519],[-81.55971,30.84524],[-81.55977,30.84524],[-81.55979,30.84525],[-81.55999,30.8453]]},"properties":{"catslc":"ramp","watlev":2}},{"type":"Feature","geometry":{"type":"LineString","coordinates":[[-81.56134,30.84571],[-81.56103,30.84591]]},"properties":{"catslc":"pier","watlev":2}},{"type":"Feature","geometry":{"type":"LineString","coordinates":[[-81.51647,30.80005],[-81.51626,30.79998],[-81.51566,30.79952],[-81.51508,30.80001],[-81.51383,30.7989],[-81.51383,30.7989],[-81.51413,30.79866],[-81.5121,30.79682],[-81.51181,30.79698],[-81.51046,30.79579],[-81.51103,30.79532]]},"properties":{"catslc":"pier","watlev":2}},{"type":"Feature","geometry":{"type":"LineString","coordinates":[[-81.4839,30.62906],[-81.48368,30.62854]]},"properties":{"catslc":"seawall","watlev":2}},{"type":"Feature","geometry":{"type":"LineString","coordinates":[[-81.56211,30.84647],[-81.56196,30.84656]]},"properties":{"catslc":"pier","watlev":2}},{"type":"Feature","geometry":{"type":"LineString","coordinates":[[-81.56375,30.84815],[-81.56363,30.84825],[-81.56356,30.84815]]},"properties":{"catslc":"pier","watlev":2}},{"type":"Feature","geometry":{"type":"LineString","coordinates":[[-81.48444,30.62809],[-81.48445,30.62781],[-81.48445,30.62771],[-81.48441,30.62749],[-81.48439,30.62735]]},"properties":{"catslc":"rip rap","watlev":2}},{"type":"Feature","geometry":{"type":"LineString","coordinates":[[-81.56257,30.84703],[-81.56262,30.8471],[-81.56275,30.84706]]},"properties":{"catslc":"pier","watlev":2}},{"type":"Feature","geometry":{"type":"LineString","coordinates":[[-81.48479,30.62899],[-81.48448,30.62864],[-81.4842,30.62821],[-81.48388,30.62774],[-81.48378,30.62751]]},"properties":{"catslc":"fender","watlev":2}},{"type":"Feature","geometry":{"type":"LineString","coordinates":[[-81.46557,30.67106],[-81.46607,30.67129],[-81.46603,30.67151],[-81.46554,30.6715]]},"properties":{"catslc":"pier","watlev":2}},{"type":"Feature","geometry":{"type":"LineString","coordinates":[[-81.46717,30.66929],[-81.46621,30.67092],[-81.46607,30.67129]]},"properties":{"catslc":"pier","watlev":2}},{"type":"Feature","geometry":{"type":"LineString","coordinates":[[-81.56384,30.84851],[-81.56389,30.84859],[-81.56401,30.84854]]},"properties":{"catslc":"pier","watlev":2}},{"type":"Feature","geometry":{"type":"LineString","coordinates":[[-81.5254,30.65752],[-81.525,30.65737]]},"properties":{"catslc":"pier","watlev":2}},{"type":"Feature","geometry":{"type":"LineString","coordinates":[[-81.5176,30.80206],[-81.51831,30.80154]]},"properties":{"catslc":"pier","watlev":2}},{"type":"Feature","geometry":{"type":"LineString","coordinates":[[-81.47915,30.63066],[-81.47864,30.63078],[-81.47809,30.6309],[-81.47761,30.63101],[-81.4772,30.6311],[-81.47663,30.63123],[-81.47664,30.63157],[-81.47665,30.63192],[-81.47667,30.63227],[-81.47669,30.63265],[-81.47727,30.63264],[-81.47768,30.63279],[-81.47765,30.63217],[-81.47763,30.63181],[-81.47832,30.63179]]},"properties":{"catslc":"seawall","watlev":2}},{"type":"Feature","geometry":{"type":"LineString","coordinates":[[-81.5185,30.80286],[-81.5176,30.80206],[-81.51679,30.80136]]},"properties":{"catslc":"pier","watlev":2}},{"type":"Feature","geometry":{"type":"LineString","coordinates":[[-81.56108,30.84537],[-81.5612,30.84554],[-81.56134,30.84571],[-81.56159,30.84603],[-81.56164,30.84607],[-81.56176,30.84617],[-81.56179,30.8462],[-81.56187,30.84623],[-81.56192,30.84627],[-81.56193,30.84627],[-81.56204,30.84634],[-81.56211,30.84647],[-81.56216,30.84651],[-81.56232,30.84671],[-81.56235,30.84674],[-81.5624,30.84678],[-81.56262,30.84692],[-81.56271,30.84702],[-81.56275,30.84706],[-81.56277,30.84708],[-81.5628,30.84712],[-81.56294,30.84728],[-81.56294,30.84728],[-81.56309,30.84745],[-81.56312,30.84748],[-81.56312,30.84749],[-81.56312,30.84751],[-81.56318,30.84756],[-81.56322,30.84761],[-81.56332,30.8477],[-81.56339,30.84778],[-81.5635,30.8479],[-81.56356,30.84797],[-81.56362,30.84802],[-81.56367,30.84807],[-81.56375,30.84815],[-81.56376,30.84816],[-81.56382,30.84822],[-81.56388,30.84828],[-81.56392,30.84834],[-81.56396,30.84841],[-81.56399,30.84848],[-81.56401,30.84854],[-81.56406,30.8486],[-81.5641,30.84866],[-81.56412,30.84868],[-81.56416,30.84874],[-81.56422,30.84882],[-81.56424,30.84885],[-81.56433,30.84897],[-81.56436,30.84902],[-81.56443,30.84911],[-81.5645,30.84919],[-81.56454,30.84922],[-81.56456,30.84925],[-81.56458,30.84927],[-81.56461,30.8493]]},"properties":{"catslc":"rip rap","watlev":2}},{"type":"Feature","geometry":{"type":"LineString","coordinates":[[-81.49792,30.78884],[-81.49866,30.78827],[-81.4963,30.78608],[-81.4965,30.78587],[-81.4966,30.78595],[-81.49707,30.78633],[-81.497,30.7864],[-81.49697,30.78644],[-81.49739,30.78683],[-81.49751,30.78694],[-81.49763,30.78691],[-81.49812,30.7873],[-81.49804,30.78743],[-81.49883,30.78805],[-81.49907,30.78789]]},"properties":{"catslc":"pier","watlev":2}},{"type":"Feature","geometry":{"type":"LineString","coordinates":[[-81.5618,30.84636],[-81.56187,30.84623]]},"properties":{"catslc":"pier","watlev":2}},{"type":"Feature","geometry":{"type":"LineString","coordinates":[[-81.49792,30.78884],[-81.49683,30.78848],[-81.49677,30.78846],[-81.49673,30.78845],[-81.49674,30.78849],[-81.49679,30.78861],[-81.49704,30.78931],[-81.49743,30.78978],[-81.4978,30.7901],[-81.49862,30.7903],[-81.49847,30.78954],[-81.49837,30.78925]]},"properties":{"catslc":"pier","watlev":2}},{"type":"Feature","geometry":{"type":"LineString","coordinates":[[-81.49837,30.78925],[-81.49827,30.78912],[-81.49848,30.78893],[-81.49898,30.78849],[-81.49936,30.78815]]},"properties":{"catslc":"pier","watlev":2}},{"type":"Feature","geometry":{"type":"LineString","coordinates":[[-81.49138,30.61633],[-81.49077,30.61616],[-81.48984,30.6159],[-81.48837,30.61542]]},"properties":{"catslc":"pier","watlev":2}},{"type":"Feature","geometry":{"type":"LineString","coordinates":[[-81.56159,30.84603],[-81.5614,30.84612]]},"properties":{"catslc":"pier","watlev":2}},{"type":"Feature","geometry":{"type":"LineString","coordinates":[[-81.525,30.65496],[-81.52512,30.65496],[-81.52517,30.65496]]},"properties":{"catslc":"pier","watlev":2}},{"type":"Feature","geometry":{"type":"LineString","coordinates":[[-81.48342,30.62768],[-81.48367,30.62796],[-81.4841,30.6286],[-81.48434,30.62895],[-81.4844,30.62904],[-81.48455,30.62937]]},"properties":{"catslc":"fender","watlev":2}},{"type":"Feature","geometry":{"type":"LineString","coordinates":[[-81.49124,30.61558],[-81.49043,30.61545],[-81.48936,30.61526],[-81.48907,30.61517]]},"properties":{"catslc":"pier","watlev":2}},{"type":"Feature","geometry":{"type":"LineString","coordinates":[[-81.43736,30.62061],[-81.43737,30.62061],[-81.43812,30.62073],[-81.43901,30.62087]]},"properties":{"catslc":"pier","watlev":2}},{"type":"Feature","geometry":{"type":"LineString","coordinates":[[-81.52547,30.80944],[-81.52547,30.80944],[-81.52502,30.80909],[-81.52332,30.8073],[-81.5231,30.80707],[-81.52092,30.80483],[-81.52108,30.80473],[-81.52114,30.8047]]},"properties":{"catslc":"pier","watlev":2}},{"type":"Feature","geometry":{"type":"LineString","coordinates":[[-81.52657,30.8136],[-81.52621,30.81355],[-81.52609,30.81343],[-81.52429,30.81167],[-81.52404,30.81142],[-81.52427,30.81108],[-81.52402,30.81093],[-81.52397,30.81089],[-81.52417,30.81074],[-81.52451,30.81048],[-81.5248,30.81027],[-81.52532,30.80987],[-81.52535,30.80986],[-81.52535,30.80986]]},"properties":{"catslc":"pier","watlev":2}},{"type":"Feature","geometry":{"type":"LineString","coordinates":[[-81.58177,30.96002],[-81.58184,30.96011]]},"properties":{"catslc":"pier","watlev":2}},{"type":"Feature","geometry":{"type":"LineString","coordinates":[[-81.48976,31.12462],[-81.48956,31.125],[-81.49004,31.125],[-81.49013,31.12483],[-81.49005,31.12476],[-81.48976,31.12462]]},"properties":{"catslc":"pier","watlev":4}},{"type":"Feature","geometry":{"type":"LineString","coordinates":[[-81.48282,31.12203],[-81.48274,31.122],[-81.48264,31.12196],[-81.48256,31.12212],[-81.4824,31.12245],[-81.48227,31.12272],[-81.48236,31.12273],[-81.48236,31.12273],[-81.48246,31.12272],[-81.48248,31.12272],[-81.48252,31.12265],[-81.48261,31.12246],[-81.48268,31.12231],[-81.48272,31.12223],[-81.48282,31.12203]]},"properties":{"catslc":"pier","watlev":4}},{"type":"Feature","geometry":{"type":"LineString","coordinates":[[-81.4902,31.12468],[-81.4898,31.12454],[-81.48976,31.12462],[-81.49005,31.12476],[-81.49013,31.12483],[-81.4902,31.12468]]},"properties":{"catslc":"pier","watlev":3}},{"type":"Feature","geometry":{"type":"LineString","coordinates":[[-81.49042,31.12586],[-81.4901,31.12624],[-81.49005,31.12633],[-81.49007,31.12636],[-81.49012,31.12638],[-81.49016,31.12642],[-81.49014,31.12645],[-81.49012,31.12652],[-81.49012,31.12668],[-81.49015,31.12685],[-81.49017,31.12694],[-81.49017,31.12697],[-81.49023,31.12684],[-81.49053,31.12627],[-81.49053,31.12626],[-81.4905,31.12622],[-81.49047,31.12613],[-81.49045,31.12607],[-81.49044,31.12604],[-81.49043,31.126],[-81.49043,31.12592],[-81.49042,31.12586]]},"properties":{"catslc":"pier","watlev":4}},{"type":"Feature","geometry":{"type":"LineString","coordinates":[[-81.49057,31.12619],[-81.49043,31.12584],[-81.49042,31.12586],[-81.49043,31.12592],[-81.49043,31.126],[-81.49044,31.12604],[-81.49045,31.12607],[-81.49047,31.12613],[-81.4905,31.12622],[-81.49053,31.12626],[-81.49053,31.12627],[-81.49057,31.12619]]},"properties":{"catslc":"pier","watlev":3}},{"type":"Feature","geometry":{"type":"LineString","coordinates":[[-81.48956,31.125],[-81.48938,31.12533],[-81.48941,31.12536],[-81.48943,31.12541],[-81.48948,31.12547],[-81.48951,31.12552],[-81.48955,31.12561],[-81.48958,31.1257],[-81.48959,31.12578],[-81.48962,31.12585],[-81.48978,31.12557],[-81.48977,31.12556],[-81.49004,31.125],[-81.48956,31.125]]},"properties":{"catslc":"pier","watlev":4}},{"type":"Feature","geometry":{"type":"LineString","coordinates":[[-81.52213,31.1728],[-81.52164,31.17279]]},"properties":{"catslc":"pier","watlev":2}},{"type":"Feature","geometry":{"type":"LineString","coordinates":[[-81.42265,31.04711],[-81.42277,31.0473],[-81.42277,31.04734],[-81.42278,31.04762],[-81.4227,31.04773],[-81.42266,31.0478]]},"properties":{"catslc":"fender","watlev":2}},{"type":"Feature","geometry":{"type":"LineString","coordinates":[[-81.40999,31.16935],[-81.40885,31.17031],[-81.40869,31.17076],[-81.40894,31.17081],[-81.40878,31.17125]]},"properties":{"catslc":"pier","watlev":2}},{"type":"Feature","geometry":{"type":"LineString","coordinates":[[-81.41524,31.16762],[-81.41568,31.16721],[-81.41611,31.16681],[-81.41621,31.16672]]},"properties":{"catslc":"pier","watlev":2}},{"type":"Feature","geometry":{"type":"LineString","coordinates":[[-81.42536,31.171],[-81.42513,31.17127],[-81.42512,31.17131],[-81.42506,31.17157],[-81.42508,31.17172],[-81.4251,31.17178]]},"properties":{"catslc":"fender","watlev":2}},{"type":"Feature","geometry":{"type":"LineString","coordinates":[[-81.48238,31.12241],[-81.48243,31.12228],[-81.48265,31.12236],[-81.48283,31.1221],[-81.48265,31.12198]]},"properties":{"catslc":"pier","watlev":3}},{"type":"Feature","geometry":{"type":"LineString","coordinates":[[-81.42461,31.17166],[-81.42467,31.17162],[-81.42477,31.1715],[-81.42484,31.17125],[-81.42487,31.17117],[-81.42489,31.17091]]},"properties":{"catslc":"fender","watlev":2}},{"type":"Feature","geometry":{"type":"LineString","coordinates":[[-81.48226,31.12271],[-81.48238,31.12241]]},"properties":{"catslc":"pier","watlev":4}},{"type":"Feature","geometry":{"type":"LineString","coordinates":[[-81.53093,31.04371],[-81.531,31.04373]]},"properties":{"catslc":"pier","watlev":2}},{"type":"Feature","geometry":{"type":"LineString","coordinates":[[-81.41778,31.16544],[-81.41734,31.16505],[-81.41732,31.16503],[-81.41698,31.16474]]},"properties":{"catslc":"pier","watlev":2}},{"type":"Feature","geometry":{"type":"LineString","coordinates":[[-81.5269,31.18667],[-81.52681,31.18644],[-81.52654,31.1857]]},"properties":{"catslc":"pier","watlev":3}},{"type":"Feature","geometry":{"type":"LineString","coordinates":[[-81.41827,31.11748],[-81.4182,31.11742],[-81.41721,31.11662]]},"properties":{"catslc":"pier","watlev":2}},{"type":"Feature","geometry":{"type":"LineString","coordinates":[[-81.4149,31.16821],[-81.41461,31.16798],[-81.41453,31.16792],[-81.41439,31.16804],[-81.41431,31.16798],[-81.414,31.16775],[-81.41363,31.16747]]},"properties":{"catslc":"pier","watlev":2}},{"type":"Feature","geometry":{"type":"LineString","coordinates":[[-81.41276,31.16635],[-81.41276,31.16634],[-81.41286,31.16625],[-81.41296,31.16615]]},"properties":{"catslc":"pier","watlev":2}},{"type":"Feature","geometry":{"type":"LineString","coordinates":[[-81.53157,31.18752],[-81.53139,31.1874],[-81.53108,31.18725],[-81.5309,31.18727]]},"properties":{"catslc":"fender","watlev":2}},{"type":"Feature","geometry":{"type":"LineString","coordinates":[[-81.34871,31.17525],[-81.34911,31.17462],[-81.34929,31.17438]]},"properties":{"catslc":"groin","watlev":2}},{"type":"Feature","geometry":{"type":"LineString","coordinates":[[-81.52294,31.18008],[-81.52298,31.17947],[-81.52285,31.17853],[-81.52263,31.17812]]},"properties":{"catslc":"pier","watlev":3}},{"type":"Feature","geometry":{"type":"LineString","coordinates":[[-81.52285,31.17853],[-81.52263,31.17855]]},"properties":{"catslc":"pier","watlev":3}},{"type":"Feature","geometry":{"type":"LineString","coordinates":[[-81.41232,31.16648],[-81.41267,31.1667]]},"properties":{"catslc":"pier","watlev":2}},{"type":"Feature","geometry":{"type":"LineString","coordinates":[[-81.41868,31.11673],[-81.4185,31.11728],[-81.41827,31.11748],[-81.41787,31.11776],[-81.41756,31.11781],[-81.41756,31.11803]]},"properties":{"catslc":"pier","watlev":2}},{"type":"Feature","geometry":{"type":"LineString","coordinates":[[-81.52471,31.18691],[-81.52515,31.18681]]},"properties":{"catslc":"pier","watlev":4}},{"type":"Feature","geometry":{"type":"LineString","coordinates":[[-81.5332,31.01754],[-81.53314,31.01746],[-81.53314,31.01745],[-81.53332,31.01729]]},"properties":{"catslc":"pier","watlev":2}},{"type":"Feature","geometry":{"type":"LineString","coordinates":[[-81.53186,31.01804],[-81.53191,31.01817]]},"properties":{"catslc":"pier","watlev":2}},{"type":"Feature","geometry":{"type":"LineString","coordinates":[[-81.34964,31.17486],[-81.3496,31.17484],[-81.34911,31.17462]]},"properties":{"catslc":"groin","watlev":2}},{"type":"Feature","geometry":{"type":"LineString","coordinates":[[-81.39694,31.13333],[-81.3968,31.13365],[-81.39663,31.13407]]},"properties":{"catslc":"pier","watlev":2}},{"type":"Feature","geometry":{"type":"LineString","coordinates":[[-81.50073,31.16141],[-81.50044,31.16193]]},"properties":{"catslc":"pier","watlev":2}},{"type":"Feature","geometry":{"type":"LineString","coordinates":[[-81.53125,31.18661],[-81.53137,31.18677],[-81.53169,31.1869],[-81.53174,31.18692],[-81.53192,31.18689]]},"properties":{"catslc":"fender","watlev":2}},{"type":"Feature","geometry":{"type":"LineString","coordinates":[[-81.52969,31.0176],[-81.52962,31.01769]]},"properties":{"catslc":"pier","watlev":2}},{"type":"Feature","geometry":{"type":"LineString","coordinates":[[-81.41671,31.16523],[-81.41684,31.16533],[-81.41704,31.16548],[-81.41744,31.16578],[-81.41717,31.16605],[-81.41694,31.16628],[-81.41659,31.16595]]},"properties":{"catslc":"pier","watlev":2}},{"type":"Feature","geometry":{"type":"LineString","coordinates":[[-81.52972,31.01762],[-81.52969,31.0176],[-81.52965,31.01757]]},"properties":{"catslc":"pier","watlev":2}},{"type":"Feature","geometry":{"type":"LineString","coordinates":[[-81.4924,31.12996],[-81.49176,31.12835]]},"properties":{"catslc":"pier","watlev":2}},{"type":"Feature","geometry":{"type":"LineString","coordinates":[[-81.39642,31.1331],[-81.39694,31.13333]]},"properties":{"catslc":"pier","watlev":2}},{"type":"Feature","geometry":{"type":"LineString","coordinates":[[-81.54031,31.04442],[-81.5402,31.04445]]},"properties":{"catslc":"pier","watlev":2}},{"type":"Feature","geometry":{"type":"LineString","coordinates":[[-81.54042,31.04468],[-81.54035,31.04471],[-81.54037,31.04478]]},"properties":{"catslc":"pier","watlev":2}},{"type":"Feature","geometry":{"type":"LineString","coordinates":[[-81.53957,31.04368],[-81.53946,31.0437]]},"properties":{"catslc":"pier","watlev":2}},{"type":"Feature","geometry":{"type":"LineString","coordinates":[[-81.42334,31.04706],[-81.42323,31.04728],[-81.42323,31.04735],[-81.42324,31.04764],[-81.42334,31.04775],[-81.42338,31.04779]]},"properties":{"catslc":"fender","watlev":2}},{"type":"Feature","geometry":{"type":"LineString","coordinates":[[-81.54006,31.04401],[-81.53996,31.04404]]},"properties":{"catslc":"pier","watlev":2}},{"type":"Feature","geometry":{"type":"LineString","coordinates":[[-81.53005,31.04488],[-81.53004,31.04487]]},"properties":{"catslc":"pier","watlev":2}},{"type":"Feature","geometry":{"type":"LineString","coordinates":[[-81.41766,31.16642],[-81.41749,31.1663],[-81.41717,31.16605]]},"properties":{"catslc":"pier","watlev":2}},{"type":"Feature","geometry":{"type":"LineString","coordinates":[[-81.34765,31.17549],[-81.34836,31.17458]]},"properties":{"catslc":"breakwater","watlev":2}},{"type":"Feature","geometry":{"type":"LineString","coordinates":[[-81.41419,31.16689],[-81.41407,31.16701]]},"properties":{"catslc":"pier","watlev":2}},{"type":"Feature","geometry":{"type":"LineString","coordinates":[[-81.52515,31.18681],[-81.52681,31.18644]]},"properties":{"catslc":"pier","watlev":3}},{"type":"Feature","geometry":{"type":"LineString","coordinates":[[-81.41548,31.16781],[-81.41524,31.16762],[-81.41503,31.16747],[-81.41458,31.16716],[-81.41436,31.16701],[-81.41419,31.16689],[-81.41507,31.16604],[-81.41524,31.16587]]},"properties":{"catslc":"pier","watlev":2}},{"type":"Feature","geometry":{"type":"LineString","coordinates":[[-81.44132,31.09417],[-81.44135,31.09368],[-81.44143,31.09228]]},"properties":{"catslc":"pier","watlev":3}},{"type":"Feature","geometry":{"type":"LineString","coordinates":[[-81.41286,31.16625],[-81.41263,31.1661]]},"properties":{"catslc":"pier","watlev":2}},{"type":"Feature","geometry":{"type":"LineString","coordinates":[[-81.54722,31.1523],[-81.54735,31.15216]]},"properties":{"catslc":"pier","watlev":2}},{"type":"Feature","geometry":{"type":"LineString","coordinates":[[-81.41381,31.16509],[-81.41365,31.16524],[-81.41361,31.16522],[-81.41334,31.16511]]},"properties":{"catslc":"pier","watlev":2}},{"type":"Feature","geometry":{"type":"LineString","coordinates":[[-81.41568,31.16721],[-81.41546,31.16702],[-81.41505,31.16666],[-81.41497,31.16659],[-81.41538,31.16622],[-81.41551,31.1661],[-81.41555,31.16607]]},"properties":{"catslc":"pier","watlev":2}},{"type":"Feature","geometry":{"type":"LineString","coordinates":[[-81.52213,31.17318],[-81.52213,31.1728],[-81.52213,31.17238]]},"properties":{"catslc":"pier","watlev":2}},{"type":"Feature","geometry":{"type":"LineString","coordinates":[[-81.39694,31.13333],[-81.39725,31.13345]]},"properties":{"catslc":"pier","watlev":2}},{"type":"Feature","geometry":{"type":"LineString","coordinates":[[-81.44694,31.32815],[-81.44714,31.32808],[-81.4473,31.32803]]},"properties":{"catslc":"pier","watlev":2}},{"type":"Feature","geometry":{"type":"LineString","coordinates":[[-81.4457,31.32866],[-81.4455,31.32815],[-81.44586,31.32803],[-81.44629,31.32788],[-81.44666,31.32841]]},"properties":{"catslc":"pier","watlev":2}},{"type":"Feature","geometry":{"type":"LineString","coordinates":[[-81.31527,31.20845],[-81.31541,31.20827],[-81.31487,31.20766]]},"properties":{"catslc":"groin","watlev":4}},{"type":"Feature","geometry":{"type":"LineString","coordinates":[[-81.31236,31.44388],[-81.31185,31.44409]]},"properties":{"catslc":"pier","watlev":2}},{"type":"Feature","geometry":{"type":"LineString","coordinates":[[-81.31461,31.20783],[-81.31487,31.20766],[-81.31523,31.20741]]},"properties":{"catslc":"groin","watlev":2}},{"type":"Feature","geometry":{"type":"LineString","coordinates":[[-81.46637,31.33634],[-81.46647,31.33636],[-81.46655,31.33643],[-81.46688,31.33669],[-81.46709,31.33685],[-81.46715,31.3369],[-81.46721,31.33699]]},"properties":{"catslc":"fender","watlev":2}},{"type":"Feature","geometry":{"type":"LineString","coordinates":[[-81.44714,31.32808],[-81.44701,31.3276],[-81.44616,31.32753]]},"properties":{"catslc":"pier","watlev":2}},{"type":"Feature","geometry":{"type":"LineString","coordinates":[[-81.46741,31.33666],[-81.46729,31.33663],[-81.46723,31.33657],[-81.46689,31.33631],[-81.46669,31.33616],[-81.46661,31.3361],[-81.46656,31.33601]]},"properties":{"catslc":"fender","watlev":2}},{"type":"Feature","geometry":{"type":"LineString","coordinates":[[-81.52321,31.21121],[-81.52321,31.21124],[-81.52333,31.21147],[-81.52341,31.21179]]},"properties":{"catslc":"pier","watlev":2}},{"type":"Feature","geometry":{"type":"LineString","coordinates":[[-81.32806,31.4049],[-81.32757,31.40536]]},"properties":{"catslc":"pier","watlev":2}},{"type":"Feature","geometry":{"type":"LineString","coordinates":[[-81.31901,31.44197],[-81.31931,31.44237]]},"properties":{"catslc":"pier","watlev":2}},{"type":"Feature","geometry":{"type":"LineString","coordinates":[[-81.33392,31.41],[-81.33402,31.41017],[-81.33419,31.41025],[-81.33464,31.41018]]},"properties":{"catslc":"pier","watlev":2}},{"type":"Feature","geometry":{"type":"LineString","coordinates":[[-81.39223,31.40566],[-81.3921,31.40562],[-81.39184,31.40555],[-81.39186,31.40531],[-81.3922,31.40539],[-81.39229,31.40541]]},"properties":{"catslc":"pier","watlev":2}},{"type":"Feature","geometry":{"type":"LineString","coordinates":[[-81.4358,31.36765],[-81.4351,31.36731]]},"properties":{"catslc":"pier","watlev":2}},{"type":"Feature","geometry":{"type":"LineString","coordinates":[[-81.46044,31.35443],[-81.46057,31.35458]]},"properties":{"catslc":"fender","watlev":2}},{"type":"Feature","geometry":{"type":"LineString","coordinates":[[-81.46003,31.35431],[-81.45981,31.35443]]},"properties":{"catslc":"fender","watlev":2}},{"type":"Feature","geometry":{"type":"LineString","coordinates":[[-81.44587,31.32768],[-81.44586,31.32803],[-81.44558,31.32783]]},"properties":{"catslc":"pier","watlev":2}},{"type":"Feature","geometry":{"type":"LineString","coordinates":[[-81.29626,31.41784],[-81.29596,31.41764]]},"properties":{"catslc":"pier","watlev":2}},{"type":"Feature","geometry":{"type":"LineString","coordinates":[[-81.2964,31.41763],[-81.29626,31.41784],[-81.29605,31.41812]]},"properties":{"catslc":"pier","watlev":2}},{"type":"Feature","geometry":{"type":"LineString","coordinates":[[-81.28086,31.43528],[-81.28062,31.43558]]},"properties":{"catslc":"pier","watlev":2}},{"type":"Feature","geometry":{"type":"LineString","coordinates":[[-81.27773,31.46053],[-81.27756,31.46004],[-81.27752,31.4599],[-81.27749,31.45982]]},"properties":{"catslc":"pier","watlev":2}},{"type":"Feature","geometry":{"type":"LineString","coordinates":[[-81.27345,31.37974],[-81.27345,31.37917]]},"properties":{"catslc":"pier","watlev":2}},{"type":"Feature","geometry":{"type":"LineString","coordinates":[[-81.26744,31.48511],[-81.26708,31.48473]]},"properties":{"catslc":"pier","watlev":2}},{"type":"Feature","geometry":{"type":"LineString","coordinates":[[-81.27059,31.48271],[-81.27021,31.48292]]},"properties":{"catslc":"pier","watlev":2}},{"type":"Feature","geometry":{"type":"LineString","coordinates":[[-81.27063,31.48163],[-81.27049,31.48192]]},"properties":{"catslc":"pier","watlev":2}},{"type":"Feature","geometry":{"type":"LineString","coordinates":[[-81.27701,31.46035],[-81.27718,31.45995],[-81.27724,31.4598],[-81.27727,31.45972]]},"properties":{"catslc":"pier","watlev":2}},{"type":"Feature","geometry":{"type":"LineString","coordinates":[[-81.27733,31.46043],[-81.27701,31.46035],[-81.27672,31.46028]]},"properties":{"catslc":"pier","watlev":2}},{"type":"Feature","geometry":{"type":"LineString","coordinates":[[-81.39052,31.53413],[-81.39032,31.53407],[-81.39,31.53398]]},"properties":{"catslc":"pier","watlev":2}},{"type":"Feature","geometry":{"type":"LineString","coordinates":[[-81.30147,31.59119],[-81.30149,31.5912],[-81.30161,31.59122]]},"properties":{"catslc":"pier","watlev":2}},{"type":"Feature","geometry":{"type":"LineString","coordinates":[[-81.41255,31.53323],[-81.41244,31.5334],[-81.41204,31.53333]]},"properties":{"catslc":"pier","watlev":2}},{"type":"Feature","geometry":{"type":"LineString","coordinates":[[-81.30579,31.65072],[-81.306,31.65083],[-81.30615,31.65091]]},"properties":{"catslc":"pier","watlev":2}},{"type":"Feature","geometry":{"type":"LineString","coordinates":[[-81.41459,31.53495],[-81.41442,31.53474],[-81.4144,31.53468],[-81.41437,31.53458],[-81.41417,31.53442]]},"properties":{"catslc":"pier","watlev":2}},{"type":"Feature","geometry":{"type":"LineString","coordinates":[[-81.38648,31.53753],[-81.38648,31.53735],[-81.38648,31.53675]]},"properties":{"catslc":"pier","watlev":2}},{"type":"Feature","geometry":{"type":"LineString","coordinates":[[-81.30167,31.59018],[-81.30171,31.59018],[-81.30176,31.59018],[-81.30181,31.59017]]},"properties":{"catslc":"pier","watlev":2}},{"type":"Feature","geometry":{"type":"LineString","coordinates":[[-81.31343,31.57757],[-81.31351,31.57764],[-81.31357,31.57769]]},"properties":{"catslc":"pier","watlev":2}},{"type":"Feature","geometry":{"type":"LineString","coordinates":[[-81.30135,31.59152],[-81.30147,31.59119],[-81.3016,31.59065]]},"properties":{"catslc":"pier","watlev":2}},{"type":"Feature","geometry":{"type":"LineString","coordinates":[[-81.30686,31.65065],[-81.30664,31.65093],[-81.30659,31.65099],[-81.3063,31.65137]]},"properties":{"catslc":"pier","watlev":2}},{"type":"Feature","geometry":{"type":"LineString","coordinates":[[-81.31077,31.58068],[-81.31055,31.58048],[-81.3104,31.58034]]},"properties":{"catslc":"pier","watlev":2}},{"type":"Feature","geometry":{"type":"LineString","coordinates":[[-81.30613,31.65039],[-81.30603,31.65072],[-81.30602,31.65076],[-81.306,31.65083]]},"properties":{"catslc":"pier","watlev":2}},{"type":"Feature","geometry":{"type":"LineString","coordinates":[[-81.30187,31.64913],[-81.30148,31.64895],[-81.30134,31.6489]]},"properties":{"catslc":"pier","watlev":2}},{"type":"Feature","geometry":{"type":"LineString","coordinates":[[-81.37303,31.54795],[-81.37298,31.54785],[-81.37287,31.54762]]},"properties":{"catslc":"pier","watlev":2}},{"type":"Feature","geometry":{"type":"LineString","coordinates":[[-81.37434,31.54282],[-81.37395,31.54273],[-81.37377,31.54268]]},"properties":{"catslc":"pier","watlev":2}},{"type":"Feature","geometry":{"type":"LineString","coordinates":[[-81.37176,31.54908],[-81.37168,31.54896],[-81.37146,31.54862]]},"properties":{"catslc":"pier","watlev":2}},{"type":"Feature","geometry":{"type":"LineString","coordinates":[[-81.30316,31.64918],[-81.30304,31.64943],[-81.30301,31.6495]]},"properties":{"catslc":"pier","watlev":2}},{"type":"Feature","geometry":{"type":"LineString","coordinates":[[-81.39,31.53493],[-81.38985,31.53483],[-81.38968,31.53473]]},"properties":{"catslc":"pier","watlev":2}},{"type":"Feature","geometry":{"type":"LineString","coordinates":[[-81.30163,31.5905],[-81.30167,31.59018],[-81.30178,31.58942],[-81.30181,31.58843]]},"properties":{"catslc":"pier","watlev":2}},{"type":"Feature","geometry":{"type":"LineString","coordinates":[[-81.30166,31.64865],[-81.30148,31.64895]]},"properties":{"catslc":"pier","watlev":2}},{"type":"Feature","geometry":{"type":"LineString","coordinates":[[-81.37202,31.54877],[-81.37193,31.54863],[-81.37177,31.54839]]},"properties":{"catslc":"pier","watlev":2}},{"type":"Feature","geometry":{"type":"LineString","coordinates":[[-81.3092,31.58189],[-81.30887,31.58161],[-81.30868,31.58145]]},"properties":{"catslc":"pier","watlev":2}},{"type":"Feature","geometry":{"type":"LineString","coordinates":[[-81.3133,31.57775],[-81.31343,31.57757],[-81.31356,31.57736]]},"properties":{"catslc":"pier","watlev":2}},{"type":"Feature","geometry":{"type":"LineString","coordinates":[[-81.23394,31.58852],[-81.23409,31.58852],[-81.2343,31.58852],[-81.2343,31.58845]]},"properties":{"catslc":"pier","watlev":2}},{"type":"Feature","geometry":{"type":"LineString","coordinates":[[-81.2355,31.58425],[-81.23534,31.58418]]},"properties":{"catslc":"pier","watlev":2}},{"type":"Feature","geometry":{"type":"LineString","coordinates":[[-81.28735,31.60177],[-81.28731,31.60163],[-81.28725,31.60144]]},"properties":{"catslc":"pier","watlev":2}},{"type":"Feature","geometry":{"type":"LineString","coordinates":[[-81.23593,31.58365],[-81.23583,31.58377],[-81.23561,31.58375]]},"properties":{"catslc":"pier","watlev":2}},{"type":"Feature","geometry":{"type":"LineString","coordinates":[[-81.23508,31.58504],[-81.23508,31.58501],[-81.23507,31.58492],[-81.23489,31.58481]]},"properties":{"catslc":"pier","watlev":2}},{"type":"Feature","geometry":{"type":"LineString","coordinates":[[-81.23499,31.58525],[-81.23499,31.58516],[-81.23496,31.58514],[-81.23475,31.58503]]},"properties":{"catslc":"pier","watlev":2}},{"type":"Feature","geometry":{"type":"LineString","coordinates":[[-81.23665,31.58269],[-81.23684,31.5825]]},"properties":{"catslc":"pier","watlev":2}},{"type":"Feature","geometry":{"type":"LineString","coordinates":[[-81.14546,31.76469],[-81.1452,31.76486]]},"properties":{"catslc":"pier","watlev":2}},{"type":"Feature","geometry":{"type":"LineString","coordinates":[[-81.23489,31.58554],[-81.2349,31.58539],[-81.23481,31.58534],[-81.23469,31.58528]]},"properties":{"catslc":"pier","watlev":2}},{"type":"Feature","geometry":{"type":"LineString","coordinates":[[-81.23462,31.58626],[-81.23456,31.58644],[-81.23436,31.58636],[-81.23432,31.58634]]},"properties":{"catslc":"pier","watlev":2}},{"type":"Feature","geometry":{"type":"LineString","coordinates":[[-81.28414,31.61459],[-81.2838,31.61442]]},"properties":{"catslc":"pier","watlev":2}},{"type":"Feature","geometry":{"type":"LineString","coordinates":[[-81.28731,31.60163],[-81.28716,31.60166],[-81.28699,31.60169]]},"properties":{"catslc":"pier","watlev":2}},{"type":"Feature","geometry":{"type":"LineString","coordinates":[[-81.23404,31.58706],[-81.23432,31.58713],[-81.23432,31.58718],[-81.23432,31.58725]]},"properties":{"catslc":"pier","watlev":2}},{"type":"Feature","geometry":{"type":"LineString","coordinates":[[-81.26357,31.61998],[-81.26341,31.61993],[-81.26343,31.61959]]},"properties":{"catslc":"pier","watlev":2}},{"type":"Feature","geometry":{"type":"LineString","coordinates":[[-81.23684,31.5825],[-81.2368,31.58248],[-81.23664,31.58245]]},"properties":{"catslc":"pier","watlev":2}},{"type":"Feature","geometry":{"type":"LineString","coordinates":[[-81.2718,31.69474],[-81.27169,31.6952],[-81.27166,31.69561]]},"properties":{"catslc":"pier","watlev":2}},{"type":"Feature","geometry":{"type":"LineString","coordinates":[[-81.28372,31.69699],[-81.28353,31.69686]]},"properties":{"catslc":"pier","watlev":2}},{"type":"Feature","geometry":{"type":"LineString","coordinates":[[-81.14067,31.61701],[-81.14085,31.61694]]},"properties":{"catslc":"pier","watlev":2}},{"type":"Feature","geometry":{"type":"LineString","coordinates":[[-81.28343,31.69694],[-81.28353,31.69686],[-81.28374,31.69669]]},"properties":{"catslc":"pier","watlev":2}},{"type":"Feature","geometry":{"type":"LineString","coordinates":[[-81.29622,31.69971],[-81.29623,31.69946],[-81.29625,31.69929],[-81.29628,31.69883],[-81.29628,31.69879]]},"properties":{"catslc":"pier","watlev":2}},{"type":"Feature","geometry":{"type":"LineString","coordinates":[[-81.18259,31.56162],[-81.18232,31.56137],[-81.1821,31.5611],[-81.1819,31.56073]]},"properties":{"catslc":"pier","watlev":2}},{"type":"Feature","geometry":{"type":"LineString","coordinates":[[-81.27146,31.69518],[-81.27166,31.6952],[-81.27169,31.6952]]},"properties":{"catslc":"pier","watlev":2}},{"type":"Feature","geometry":{"type":"LineString","coordinates":[[-81.27816,31.77055],[-81.27742,31.77057]]},"properties":{"catslc":"pier","watlev":2}},{"type":"Feature","geometry":{"type":"LineString","coordinates":[[-81.29603,31.6993],[-81.29621,31.69929],[-81.29625,31.69929]]},"properties":{"catslc":"pier","watlev":2}},{"type":"Feature","geometry":{"type":"LineString","coordinates":[[-81.23684,31.5825],[-81.23693,31.58241]]},"properties":{"catslc":"pier","watlev":2}},{"type":"Feature","geometry":{"type":"LineString","coordinates":[[-81.11642,31.9635],[-81.11634,31.96344],[-81.11609,31.96327]]},"properties":{"catslc":"pier","watlev":2}},{"type":"Feature","geometry":{"type":"LineString","coordinates":[[-81.29038,31.81657],[-81.29063,31.81651],[-81.29076,31.81648]]},"properties":{"catslc":"pier","watlev":2}},{"type":"Feature","geometry":{"type":"LineString","coordinates":[[-81.084,31.95204],[-81.08376,31.95191],[-81.08369,31.95169],[-81.08365,31.95157],[-81.08362,31.95146],[-81.08381,31.95124]]},"properties":{"catslc":"fender","watlev":2}},{"type":"Feature","geometry":{"type":"LineString","coordinates":[[-81.08324,31.95114],[-81.08346,31.95138],[-81.08349,31.9515],[-81.08351,31.95162],[-81.08358,31.9519],[-81.08345,31.95201]]},"properties":{"catslc":"fender","watlev":2}},{"type":"Feature","geometry":{"type":"LineString","coordinates":[[-81.08215,31.81602],[-81.08221,31.8155]]},"properties":{"catslc":"pier","watlev":2}},{"type":"Feature","geometry":{"type":"LineString","coordinates":[[-81.15231,31.93496],[-81.15271,31.93463]]},"properties":{"catslc":"pier","watlev":2}},{"type":"Feature","geometry":{"type":"LineString","coordinates":[[-81.15304,31.93536],[-81.1532,31.93497]]},"properties":{"catslc":"pier","watlev":2}},{"type":"Feature","geometry":{"type":"LineString","coordinates":[[-81.1534,31.93557],[-81.15348,31.93526],[-81.15352,31.9351]]},"properties":{"catslc":"pier","watlev":2}},{"type":"Feature","geometry":{"type":"LineString","coordinates":[[-81.12743,31.95873],[-81.12776,31.95879],[-81.12789,31.95882]]},"properties":{"catslc":"pier","watlev":2}},{"type":"Feature","geometry":{"type":"LineString","coordinates":[[-81.12606,31.9632],[-81.12602,31.96319],[-81.12586,31.96347],[-81.12592,31.96349]]},"properties":{"catslc":"seawall","watlev":2}},{"type":"Feature","geometry":{"type":"LineString","coordinates":[[-81.26197,31.90861],[-81.26198,31.90958]]},"properties":{"catslc":"pier","watlev":2}},{"type":"Feature","geometry":{"type":"LineString","coordinates":[[-81.20975,31.88592],[-81.20995,31.88633]]},"properties":{"catslc":"pier","watlev":2}},{"type":"Feature","geometry":{"type":"LineString","coordinates":[[-81.20863,31.8864],[-81.2089,31.88689]]},"properties":{"catslc":"pier","watlev":2}},{"type":"Feature","geometry":{"type":"LineString","coordinates":[[-81.01085,31.95788],[-81.01056,31.95825],[-81.01058,31.95841]]},"properties":{"catslc":"pier","watlev":2}},{"type":"Feature","geometry":{"type":"LineString","coordinates":[[-81.21096,31.97025],[-81.21027,31.96979]]},"properties":{"catslc":"pier","watlev":2}},{"type":"Feature","geometry":{"type":"LineString","coordinates":[[-81.01172,31.95883],[-81.01099,31.95907],[-81.01071,31.95867],[-81.01071,31.95849]]},"properties":{"catslc":"pier","watlev":2}},{"type":"Feature","geometry":{"type":"LineString","coordinates":[[-81.49043,31.12643],[-81.49048,31.12612],[-81.4902,31.12597],[-81.48995,31.12632],[-81.49006,31.12646],[-81.49015,31.12703],[-81.49043,31.12643]]},"properties":{"catslc":"pier","watlev":3}},{"type":"Feature","geometry":{"type":"LineString","coordinates":[[-81.48923,31.12536],[-81.48944,31.12547],[-81.48956,31.12577],[-81.4901,31.12489],[-81.49021,31.1247],[-81.48981,31.12455],[-81.48973,31.12466],[-81.48923,31.12536]]},"properties":{"catslc":"pier","watlev":3}},{"type":"Feature","geometry":{"type":"LineString","coordinates":[[-80.88893,32.03032],[-80.88136,32.03254],[-80.87381,32.03303],[-80.85641,32.0342]]},"properties":{"catslc":"pier","watlev":2}},{"type":"Feature","geometry":{"type":"LineString","coordinates":[[-80.88336,32.03931],[-80.85859,32.04143]]},"properties":{"catslc":"pier","watlev":2}},{"type":"Feature","geometry":{"type":"LineString","coordinates":[[-80.8969,32.04166],[-80.90193,32.04663],[-80.90545,32.0528]]},"properties":{"catslc":"pier","watlev":3}},{"type":"Feature","geometry":{"type":"LineString","coordinates":[[-81.10943,32.09677],[-81.11087,32.09824],[-81.112,32.09912]]},"properties":{"catslc":"wharf","watlev":null}},{"type":"Feature","geometry":{"type":"LineString","coordinates":[[-81.07834,32.09529],[-81.0815,32.09717]]},"properties":{"catslc":"rip rap","watlev":2}},{"type":"Feature","geometry":{"type":"LineString","coordinates":[[-80.68798,32.37024],[-80.68867,32.37046],[-80.69049,32.37103],[-80.69225,32.37158],[-80.69427,32.37415],[-80.69475,32.37475]]},"properties":{"catslc":"rip rap","watlev":2}},{"type":"Feature","geometry":{"type":"LineString","coordinates":[[-80.9257,32.04578],[-80.92563,32.04577],[-80.92418,32.04543],[-80.92301,32.04464]]},"properties":{"catslc":"rip rap","watlev":2}},{"type":"Feature","geometry":{"type":"LineString","coordinates":[[-81.08205,32.09995],[-81.08128,32.09983],[-81.08027,32.09967],[-81.07887,32.09942],[-81.07797,32.09925]]},"properties":{"catslc":"rip rap","watlev":2}},{"type":"Feature","geometry":{"type":"LineString","coordinates":[[-80.70661,32.25649],[-80.7082,32.25787],[-80.70831,32.25797],[-80.70896,32.25853],[-80.70956,32.25906],[-80.70959,32.25908],[-80.71009,32.25953],[-80.71123,32.26048],[-80.71224,32.26135],[-80.71298,32.2619],[-80.71342,32.26223],[-80.7148,32.26329],[-80.71593,32.26436],[-80.71636,32.26486],[-80.71636,32.26486],[-80.71681,32.26538],[-80.71739,32.26606],[-80.71743,32.26611],[-80.71748,32.26617],[-80.7178,32.26654],[-80.71798,32.26656],[-80.71889,32.26666],[-80.71922,32.2667],[-80.7212,32.26779],[-80.72292,32.26747]]},"properties":{"catslc":"rip rap","watlev":2}},{"type":"Feature","geometry":{"type":"LineString","coordinates":[[-81.02715,32.08604],[-81.02466,32.08608],[-81.02316,32.08643],[-81.02218,32.08725],[-81.0207,32.08759],[-81.02053,32.08762],[-81.01906,32.08819]]},"properties":{"catslc":"rip rap","watlev":2}},{"type":"Feature","geometry":{"type":"LineString","coordinates":[[-80.9941,32.09597],[-80.99416,32.09629],[-80.99455,32.09845],[-80.99456,32.09849],[-80.99464,32.09856],[-80.99549,32.09934],[-80.99668,32.10003],[-80.99671,32.10005],[-80.99678,32.10009],[-80.99782,32.10078],[-80.99785,32.10081],[-80.99789,32.10082],[-80.99903,32.10119],[-80.99912,32.10122],[-80.99917,32.10124],[-80.99924,32.1013],[-80.99963,32.10164],[-81.00023,32.10217],[-81.00159,32.10281],[-81.0016,32.10281],[-81.00164,32.10281],[-81.00299,32.10275],[-81.00493,32.1028]]},"properties":{"catslc":"rip rap","watlev":2}},{"type":"Feature","geometry":{"type":"LineString","coordinates":[[-80.98106,32.08109],[-80.97988,32.08031],[-80.97983,32.0803],[-80.97979,32.08029],[-80.97971,32.08028],[-80.97844,32.08004],[-80.97825,32.08001],[-80.97808,32.07994],[-80.97688,32.07949]]},"properties":{"catslc":"rip rap","watlev":2}},{"type":"Feature","geometry":{"type":"LineString","coordinates":[[-80.94889,32.06734],[-80.94745,32.06654],[-80.94667,32.0655],[-80.94588,32.06455],[-80.94419,32.0638],[-80.94377,32.0634],[-80.94311,32.06278],[-80.94139,32.06203],[-80.94046,32.06087],[-80.93879,32.05954],[-80.93786,32.05869],[-80.93731,32.05825],[-80.9367,32.05777],[-80.9357,32.05693],[-80.9354,32.05553],[-80.93526,32.05489]]},"properties":{"catslc":"rip rap","watlev":2}},{"type":"Feature","geometry":{"type":"LineString","coordinates":[[-81.29057,32.55538],[-81.29011,32.55512],[-81.28978,32.55491],[-81.28965,32.55482],[-81.28957,32.55481],[-81.28951,32.55485],[-81.28937,32.55511],[-81.28935,32.55515],[-81.2893,32.55524],[-81.28942,32.55528],[-81.28959,32.55534],[-81.28989,32.55545],[-81.2901,32.55556],[-81.29036,32.55567],[-81.29056,32.55572],[-81.29064,32.55573],[-81.29074,32.55573],[-81.29078,32.55562],[-81.2908,32.55554],[-81.29079,32.55551],[-81.29057,32.55538]]},"properties":{"catslc":"revetment","watlev":3}},{"type":"Feature","geometry":{"type":"LineString","coordinates":[[-81.04955,32.08154],[-81.04962,32.08149],[-81.04936,32.08152],[-81.04938,32.08153],[-81.04939,32.08153],[-81.04941,32.08154],[-81.04947,32.08158],[-81.04955,32.08154]]},"properties":{"catslc":"pier","watlev":3}},{"type":"Feature","geometry":{"type":"LineString","coordinates":[[-81.05001,32.08145],[-81.04962,32.08149],[-81.04955,32.08154],[-81.04947,32.08158],[-81.04947,32.08159],[-81.04948,32.08159],[-81.04971,32.08161],[-81.05036,32.08157],[-81.05028,32.08155],[-81.05022,32.08154],[-81.05013,32.08153],[-81.05011,32.08152],[-81.05001,32.08145]]},"properties":{"catslc":"pier","watlev":4}},{"type":"Feature","geometry":{"type":"LineString","coordinates":[[-81.06123,32.08222],[-81.06124,32.08223],[-81.06127,32.08226],[-81.06143,32.08229],[-81.06172,32.0822],[-81.06178,32.08216],[-81.06181,32.08216],[-81.06191,32.08224],[-81.06199,32.08221],[-81.06204,32.08222],[-81.06209,32.08225],[-81.06211,32.08214],[-81.06212,32.08208],[-81.06215,32.08204],[-81.06154,32.08207],[-81.06144,32.08209],[-81.06119,32.08211],[-81.06115,32.08211],[-81.06101,32.08211],[-81.06079,32.08211],[-81.06052,32.0821],[-81.06028,32.0821],[-81.0594,32.0821],[-81.05912,32.0821],[-81.05807,32.0821],[-81.05727,32.08209],[-81.05715,32.08209],[-81.05713,32.08192],[-81.0571,32.08173],[-81.05691,32.08173],[-81.0569,32.08182],[-81.05695,32.08183],[-81.05697,32.08206],[-81.05628,32.08204],[-81.05537,32.082],[-81.05541,32.08165],[-81.05523,32.08164],[-81.05522,32.08172],[-81.05528,32.08172],[-81.05524,32.08199],[-81.05455,32.08191],[-81.05388,32.08179],[-81.05382,32.08178],[-81.05307,32.08162],[-81.0528,32.08156],[-81.05277,32.08156],[-81.05255,32.08152],[-81.05229,32.08146],[-81.05156,32.08144],[-81.05138,32.08144],[-81.05097,32.08143],[-81.05043,32.08143],[-81.05043,32.08125],[-81.05043,32.0812],[-81.05045,32.0812],[-81.05045,32.08111],[-81.05031,32.08111],[-81.0503,32.08123],[-81.05034,32.08123],[-81.05034,32.08125],[-81.05033,32.08145],[-81.05026,32.08145],[-81.05016,32.08145],[-81.05009,32.08145],[-81.05001,32.08145],[-81.05011,32.08152],[-81.05013,32.08153],[-81.05022,32.08154],[-81.05028,32.08155],[-81.05036,32.08157],[-81.0506,32.08156],[-81.05069,32.08156],[-81.05089,32.08156],[-81.05134,32.08158],[-81.0514,32.08158],[-81.0514,32.08158],[-81.05144,32.08158],[-81.05147,32.08158],[-81.05149,32.08158],[-81.05153,32.08159],[-81.05159,32.08159],[-81.05224,32.08158],[-81.0525,32.08167],[-81.05261,32.08166],[-81.0527,32.08171],[-81.05284,32.08176],[-81.05296,32.08178],[-81.05306,32.08176],[-81.05313,32.08179],[-81.05315,32.0818],[-81.05316,32.0818],[-81.05318,32.08179],[-81.0532,32.08179],[-81.05323,32.08178],[-81.05326,32.08177],[-81.05328,32.08176],[-81.0533,32.08176],[-81.05334,32.08176],[-81.05337,32.08177],[-81.0534,32.08177],[-81.05341,32.08178],[-81.05344,32.08178],[-81.05345,32.08178],[-81.05347,32.08178],[-81.05348,32.08178],[-81.05349,32.08177],[-81.0535,32.08177],[-81.05353,32.08178],[-81.05355,32.08179],[-81.05359,32.08182],[-81.05362,32.08184],[-81.05364,32.08187],[-81.05366,32.08187],[-81.05367,32.08187],[-81.05371,32.08187],[-81.05374,32.0819],[-81.05458,32.08203],[-81.05491,32.08206],[-81.05555,32.08211],[-81.05611,32.08213],[-81.05712,32.08218],[-81.05774,32.08222],[-81.06002,32.08221],[-81.06087,32.08221],[-81.06105,32.08223],[-81.06115,32.08222],[-81.06115,32.08222],[-81.06123,32.08222],[-81.06123,32.08222]]},"properties":{"catslc":"pier","watlev":3}},{"type":"Feature","geometry":{"type":"LineString","coordinates":[[-81.04651,32.08189],[-81.04564,32.08203],[-81.04561,32.08197],[-81.04545,32.08197],[-81.04548,32.08204],[-81.04513,32.08212],[-81.04401,32.08225],[-81.04209,32.08289],[-81.04208,32.0829],[-81.04208,32.0829],[-81.04216,32.08303],[-81.04398,32.08247],[-81.04415,32.08241],[-81.04453,32.08235],[-81.04622,32.08211],[-81.04627,32.08205],[-81.04628,32.08204],[-81.04637,32.08198],[-81.04646,32.08194],[-81.04651,32.08194],[-81.04651,32.08189]]},"properties":{"catslc":"pier","watlev":3}},{"type":"Feature","geometry":{"type":"LineString","coordinates":[[-81.04746,32.08178],[-81.04746,32.08175],[-81.04744,32.08172],[-81.0473,32.08173],[-81.04731,32.0817],[-81.0473,32.08168],[-81.04716,32.0817],[-81.04716,32.08171],[-81.04716,32.08173],[-81.04718,32.08186],[-81.04694,32.0819],[-81.04695,32.0819],[-81.047,32.08191],[-81.04708,32.08191],[-81.04711,32.08192],[-81.04713,32.08195],[-81.04716,32.08194],[-81.04723,32.08192],[-81.04733,32.08188],[-81.04744,32.08183],[-81.04746,32.08182],[-81.04749,32.08182],[-81.04754,32.08181],[-81.04757,32.08181],[-81.04759,32.08181],[-81.0476,32.0818],[-81.04765,32.0818],[-81.04768,32.08179],[-81.04771,32.08178],[-81.04775,32.08175],[-81.04746,32.08178]]},"properties":{"catslc":"pier","watlev":3}},{"type":"Feature","geometry":{"type":"LineString","coordinates":[[-81.04711,32.08192],[-81.04708,32.08191],[-81.047,32.08191],[-81.04695,32.0819],[-81.04694,32.0819],[-81.04651,32.08194],[-81.04646,32.08194],[-81.04637,32.08198],[-81.04628,32.08204],[-81.04627,32.08205],[-81.04622,32.08211],[-81.04663,32.08204],[-81.04677,32.08205],[-81.04679,32.08204],[-81.0468,32.08203],[-81.04685,32.082],[-81.04689,32.08198],[-81.0469,32.08198],[-81.04693,32.08197],[-81.04696,32.08197],[-81.04698,32.08197],[-81.047,32.08197],[-81.04701,32.08197],[-81.04704,32.08198],[-81.04707,32.08198],[-81.04708,32.08198],[-81.04709,32.08198],[-81.0471,32.08197],[-81.04713,32.08195],[-81.04711,32.08192]]},"properties":{"catslc":"pier","watlev":4}},{"type":"Feature","geometry":{"type":"LineString","coordinates":[[-80.9042,32.05099],[-80.90311,32.04758],[-80.90296,32.04761],[-80.90285,32.04762],[-80.90286,32.04763],[-80.90394,32.05107],[-80.90399,32.05122],[-80.90428,32.05122],[-80.9042,32.05099]]},"properties":{"catslc":"pier","watlev":3}},{"type":"Feature","geometry":{"type":"LineString","coordinates":[[-80.90007,32.04368],[-80.90007,32.04369],[-80.90003,32.04371],[-80.9,32.04372],[-80.9,32.04395],[-80.90183,32.04615],[-80.90192,32.04602],[-80.90194,32.04587],[-80.90007,32.04368]]},"properties":{"catslc":"pier","watlev":4}},{"type":"Feature","geometry":{"type":"LineString","coordinates":[[-80.90399,32.05122],[-80.90437,32.05242],[-80.90463,32.05223],[-80.90428,32.05122],[-80.90399,32.05122]]},"properties":{"catslc":"pier","watlev":4}},{"type":"Feature","geometry":{"type":"LineString","coordinates":[[-80.82049,32.04551],[-80.81478,32.04139],[-80.81306,32.04021],[-80.8118,32.03944],[-80.81072,32.03879],[-80.81009,32.03852],[-80.809,32.03788],[-80.80763,32.0371],[-80.80693,32.03672],[-80.8056,32.03625],[-80.80441,32.03567],[-80.8036,32.03538],[-80.80233,32.03497],[-80.80224,32.03523],[-80.80289,32.03548],[-80.80424,32.03595],[-80.8059,32.0366],[-80.80718,32.0372],[-80.80855,32.03797],[-80.81011,32.03884],[-80.81104,32.03937],[-80.81207,32.03998],[-80.81379,32.04115],[-80.81697,32.04337],[-80.81733,32.04363],[-80.81775,32.044],[-80.81805,32.04422],[-80.81858,32.04462],[-80.81895,32.04484],[-80.81926,32.04509],[-80.8199,32.04553],[-80.82088,32.04628],[-80.82112,32.04602],[-80.82049,32.04551]]},"properties":{"catslc":"breakwater","watlev":3}},{"type":"Feature","geometry":{"type":"LineString","coordinates":[[-81.14239,32.13379],[-81.14228,32.13381],[-81.14221,32.13383],[-81.14258,32.13461],[-81.1426,32.1346],[-81.14263,32.1346],[-81.14279,32.13456],[-81.14278,32.1345],[-81.14274,32.13451],[-81.14274,32.13444],[-81.1427,32.13445],[-81.14265,32.13435],[-81.14256,32.13414],[-81.14239,32.13379]]},"properties":{"catslc":"pier","watlev":3}},{"type":"Feature","geometry":{"type":"LineString","coordinates":[[-81.1284,32.1135],[-81.12852,32.11341],[-81.12857,32.11337],[-81.12858,32.11333],[-81.12855,32.11329],[-81.12854,32.11327],[-81.12851,32.11328],[-81.12849,32.1133],[-81.12843,32.11332],[-81.12841,32.11333],[-81.12838,32.11335],[-81.1283,32.1134],[-81.12827,32.11341],[-81.12825,32.11342],[-81.12822,32.11344],[-81.12816,32.11346],[-81.12813,32.11347],[-81.12811,32.11347],[-81.12809,32.11348],[-81.12806,32.11348],[-81.12804,32.11348],[-81.12801,32.11348],[-81.12799,32.11347],[-81.12797,32.11347],[-81.12794,32.11345],[-81.12788,32.11343],[-81.12786,32.11342],[-81.12778,32.11338],[-81.12776,32.11336],[-81.12772,32.11333],[-81.1277,32.11332],[-81.12761,32.11326],[-81.12754,32.11321],[-81.12749,32.11317],[-81.12737,32.1131],[-81.12736,32.11309],[-81.12735,32.11308],[-81.12734,32.11306],[-81.12734,32.11305],[-81.12734,32.11304],[-81.12734,32.11303],[-81.12734,32.11302],[-81.12736,32.11296],[-81.12737,32.11291],[-81.12736,32.11288],[-81.12712,32.113],[-81.12779,32.11368],[-81.12785,32.11374],[-81.12837,32.11428],[-81.1285,32.11442],[-81.1286,32.11451],[-81.1288,32.11437],[-81.12861,32.11417],[-81.12852,32.11408],[-81.12832,32.11387],[-81.1284,32.11379],[-81.12848,32.11372],[-81.12855,32.11362],[-81.12857,32.11352],[-81.12848,32.11358],[-81.12848,32.11358],[-81.1284,32.1135]]},"properties":{"catslc":"pier","watlev":3}},{"type":"Feature","geometry":{"type":"LineString","coordinates":[[-80.89711,32.1234],[-80.89709,32.12347],[-80.89711,32.12347],[-80.89717,32.12349],[-80.89719,32.12345],[-80.89719,32.12342],[-80.89713,32.1234],[-80.89711,32.1234]]},"properties":{"catslc":"pier","watlev":2}},{"type":"Feature","geometry":{"type":"LineString","coordinates":[[-80.69619,32.37551],[-80.6963,32.37558],[-80.69644,32.37545],[-80.69615,32.37519],[-80.69599,32.37532],[-80.69619,32.37551]]},"properties":{"catslc":"pier","watlev":3}},{"type":"Feature","geometry":{"type":"LineString","coordinates":[[-80.66981,32.4261],[-80.66981,32.42676],[-80.66981,32.42693],[-80.67001,32.42692],[-80.67001,32.42679],[-80.66998,32.4261],[-80.66981,32.4261]]},"properties":{"catslc":" ","watlev":3}},{"type":"Feature","geometry":{"type":"LineString","coordinates":[[-80.66996,32.42968],[-80.67,32.42966],[-80.66999,32.42962],[-80.67001,32.42849],[-80.6698,32.42847],[-80.66982,32.42962],[-80.66984,32.42973],[-80.66988,32.42971],[-80.66996,32.42968]]},"properties":{"catslc":" ","watlev":3}},{"type":"Feature","geometry":{"type":"LineString","coordinates":[[-81.10283,32.09022],[-81.10594,32.09318],[-81.10596,32.0937]]},"properties":{"catslc":"wharf","watlev":2}},{"type":"Feature","geometry":{"type":"LineString","coordinates":[[-81.10074,32.08883],[-81.10095,32.08867],[-81.10212,32.08984],[-81.10283,32.09022]]},"properties":{"catslc":"wharf","watlev":2}},{"type":"Feature","geometry":{"type":"LineString","coordinates":[[-81.08128,32.09983],[-81.07951,32.09952],[-81.07922,32.09948],[-81.07887,32.09942],[-81.07795,32.09926],[-81.07794,32.09925],[-81.07768,32.09917],[-81.07732,32.09905]]},"properties":{"catslc":"rip rap","watlev":2}},{"type":"Feature","geometry":{"type":"LineString","coordinates":[[-81.04838,32.02338],[-81.04824,32.02346],[-81.04799,32.0236]]},"properties":{"catslc":"pier","watlev":2}},{"type":"Feature","geometry":{"type":"LineString","coordinates":[[-81.04999,32.03157],[-81.04953,32.03151]]},"properties":{"catslc":"pier","watlev":2}},{"type":"Feature","geometry":{"type":"LineString","coordinates":[[-81.05042,32.02946],[-81.05003,32.02942]]},"properties":{"catslc":"pier","watlev":2}},{"type":"Feature","geometry":{"type":"LineString","coordinates":[[-81.05031,32.03047],[-81.04982,32.03041]]},"properties":{"catslc":"pier","watlev":2}},{"type":"Feature","geometry":{"type":"LineString","coordinates":[[-81.10804,32.09547],[-81.10818,32.09541],[-81.10836,32.09557],[-81.1085,32.09559],[-81.10926,32.09618],[-81.10988,32.09624],[-81.10995,32.09637],[-81.1096,32.09678],[-81.1096,32.09678]]},"properties":{"catslc":"seawall","watlev":2}},{"type":"Feature","geometry":{"type":"LineString","coordinates":[[-81.1096,32.09678],[-81.10968,32.09684],[-81.11051,32.0975],[-81.1112,32.09688],[-81.11164,32.09699],[-81.11123,32.09736],[-81.11098,32.09758],[-81.11099,32.09761],[-81.11104,32.09775],[-81.11112,32.09799],[-81.11112,32.09799],[-81.11129,32.09812],[-81.11158,32.09833]]},"properties":{"catslc":"wharf","watlev":2}},{"type":"Feature","geometry":{"type":"LineString","coordinates":[[-81.04357,32.07924],[-81.0433,32.07935],[-81.04229,32.07975],[-81.04224,32.07977],[-81.04221,32.07975],[-81.042,32.07953],[-81.04189,32.07942]]},"properties":{"catslc":"rip rap","watlev":2}},{"type":"Feature","geometry":{"type":"LineString","coordinates":[[-81.02665,32.08517],[-81.02607,32.08558],[-81.02595,32.08558],[-81.02547,32.08559],[-81.02505,32.08545],[-81.02466,32.08608],[-81.02411,32.08621],[-81.0236,32.08624],[-81.02298,32.08651],[-81.02254,32.08675],[-81.02218,32.08725]]},"properties":{"catslc":"rip rap","watlev":2}},{"type":"Feature","geometry":{"type":"LineString","coordinates":[[-81.07852,32.09527],[-81.08054,32.09594],[-81.08084,32.09603],[-81.08235,32.09653]]},"properties":{"catslc":"rip rap","watlev":2}},{"type":"Feature","geometry":{"type":"LineString","coordinates":[[-81.04507,32.08268],[-81.04563,32.08252],[-81.04563,32.08252],[-81.04577,32.08248]]},"properties":{"catslc":"rip rap","watlev":2}},{"type":"Feature","geometry":{"type":"LineString","coordinates":[[-81.02118,32.08712],[-81.02053,32.08762],[-81.01987,32.08789],[-81.01946,32.08784],[-81.01931,32.08797],[-81.01922,32.08805],[-81.01906,32.08819]]},"properties":{"catslc":"rip rap","watlev":2}},{"type":"Feature","geometry":{"type":"LineString","coordinates":[[-81.00047,32.00237],[-81.00014,32.00256]]},"properties":{"catslc":"pier","watlev":2}},{"type":"Feature","geometry":{"type":"LineString","coordinates":[[-81.04507,32.08268],[-81.04347,32.08343],[-81.04271,32.08398]]},"properties":{"catslc":"pier","watlev":2}},{"type":"Feature","geometry":{"type":"LineString","coordinates":[[-81.04921,32.03116],[-81.04916,32.0313]]},"properties":{"catslc":"pier","watlev":2}},{"type":"Feature","geometry":{"type":"LineString","coordinates":[[-81.08473,32.08265],[-81.08461,32.08295],[-81.08461,32.08333],[-81.08466,32.08487],[-81.08454,32.08573],[-81.0845,32.08641],[-81.0846,32.08708],[-81.08457,32.08742],[-81.08446,32.08745],[-81.08432,32.08747],[-81.08441,32.08694],[-81.08438,32.08576],[-81.08406,32.08574],[-81.08405,32.08669],[-81.08377,32.08668],[-81.0838,32.08562],[-81.08377,32.08538]]},"properties":{"catslc":"seawall","watlev":2}},{"type":"Feature","geometry":{"type":"LineString","coordinates":[[-81.08945,32.08394],[-81.08937,32.08574],[-81.08947,32.08611],[-81.08948,32.08778],[-81.08935,32.08795],[-81.0889,32.08804],[-81.08858,32.08797],[-81.08843,32.08777],[-81.08844,32.08745],[-81.08859,32.0865],[-81.0886,32.08511],[-81.08865,32.08369]]},"properties":{"catslc":"seawall","watlev":2}},{"type":"Feature","geometry":{"type":"LineString","coordinates":[[-81.04873,32.02512],[-81.04839,32.02534],[-81.04871,32.02565]]},"properties":{"catslc":"pier","watlev":2}},{"type":"Feature","geometry":{"type":"LineString","coordinates":[[-81.04787,32.02446],[-81.04753,32.02465]]},"properties":{"catslc":"pier","watlev":2}},{"type":"Feature","geometry":{"type":"LineString","coordinates":[[-81.04802,32.0251],[-81.04753,32.02465],[-81.04699,32.02444]]},"properties":{"catslc":"pier","watlev":2}},{"type":"Feature","geometry":{"type":"LineString","coordinates":[[-81.04824,32.02346],[-81.04852,32.02378]]},"properties":{"catslc":"pier","watlev":2}},{"type":"Feature","geometry":{"type":"LineString","coordinates":[[-81.11158,32.09833],[-81.11204,32.09851],[-81.11219,32.0988],[-81.1122,32.09883],[-81.11225,32.09892]]},"properties":{"catslc":"rip rap","watlev":2}},{"type":"Feature","geometry":{"type":"LineString","coordinates":[[-81.08377,32.08538],[-81.08369,32.08499],[-81.0835,32.08399],[-81.08361,32.08332],[-81.08382,32.08279]]},"properties":{"catslc":"seawall","watlev":2}},{"type":"Feature","geometry":{"type":"LineString","coordinates":[[-81.09334,32.08273],[-81.09509,32.08371],[-81.09578,32.08423],[-81.0965,32.08454]]},"properties":{"catslc":"seawall","watlev":2}},{"type":"Feature","geometry":{"type":"LineString","coordinates":[[-81.05011,32.03119],[-81.04921,32.03116],[-81.04932,32.03066]]},"properties":{"catslc":"pier","watlev":2}},{"type":"Feature","geometry":{"type":"LineString","coordinates":[[-81.04937,32.03136],[-81.04953,32.03076],[-81.05026,32.03074]]},"properties":{"catslc":"pier","watlev":2}},{"type":"Feature","geometry":{"type":"LineString","coordinates":[[-80.99736,32.00786],[-80.99725,32.00848],[-80.99918,32.0099]]},"properties":{"catslc":"pier","watlev":null}},{"type":"Feature","geometry":{"type":"LineString","coordinates":[[-80.88227,32.09071],[-80.88162,32.09076],[-80.88094,32.09071],[-80.88039,32.09057]]},"properties":{"catslc":"seawall","watlev":2}},{"type":"Feature","geometry":{"type":"LineString","coordinates":[[-80.85416,32.02911],[-80.85382,32.02869]]},"properties":{"catslc":"pier","watlev":3}},{"type":"Feature","geometry":{"type":"LineString","coordinates":[[-80.84118,32.02453],[-80.8408,32.02459]]},"properties":{"catslc":"pier","watlev":3}},{"type":"Feature","geometry":{"type":"LineString","coordinates":[[-80.87944,32.0394],[-80.87921,32.0394],[-80.87837,32.03947],[-80.87723,32.03956],[-80.87675,32.0396],[-80.87675,32.0396],[-80.86688,32.04034],[-80.85879,32.0409],[-80.85472,32.04118],[-80.85206,32.04128],[-80.85015,32.04136],[-80.84937,32.04139],[-80.8492,32.04139]]},"properties":{"catslc":"pier","watlev":1}},{"type":"Feature","geometry":{"type":"LineString","coordinates":[[-80.86862,32.05801],[-80.86802,32.05851],[-80.86772,32.0588],[-80.86754,32.05927],[-80.86759,32.05957],[-80.86785,32.05989],[-80.86827,32.06006],[-80.86848,32.06008],[-80.86864,32.06009],[-80.869,32.05999],[-80.86932,32.05977],[-80.86986,32.05933]]},"properties":{"catslc":"rip rap","watlev":2}},{"type":"Feature","geometry":{"type":"LineString","coordinates":[[-80.99304,32.09672],[-80.99305,32.09672],[-80.99338,32.09714],[-80.9934,32.09717],[-80.9935,32.09729],[-80.99392,32.09776]]},"properties":{"catslc":"rip rap","watlev":2}},{"type":"Feature","geometry":{"type":"LineString","coordinates":[[-80.9946,32.09851],[-80.99464,32.09856],[-80.99494,32.09898],[-80.99549,32.09934],[-80.99608,32.09986],[-80.99655,32.1]]},"properties":{"catslc":"rip rap","watlev":2}},{"type":"Feature","geometry":{"type":"LineString","coordinates":[[-80.85382,32.02869],[-80.85331,32.02805]]},"properties":{"catslc":"pier","watlev":4}},{"type":"Feature","geometry":{"type":"LineString","coordinates":[[-80.84227,32.02586],[-80.84353,32.02519]]},"properties":{"catslc":"pier","watlev":3}},{"type":"Feature","geometry":{"type":"LineString","coordinates":[[-80.88243,32.03239],[-80.88136,32.03254]]},"properties":{"catslc":"pier","watlev":3}},{"type":"Feature","geometry":{"type":"LineString","coordinates":[[-80.88039,32.09057],[-80.88009,32.09035],[-80.87956,32.09002],[-80.87938,32.0897],[-80.87884,32.08932],[-80.87845,32.08898]]},"properties":{"catslc":"rip rap","watlev":2}},{"type":"Feature","geometry":{"type":"LineString","coordinates":[[-80.87688,32.08336],[-80.87686,32.08308],[-80.87683,32.08258]]},"properties":{"catslc":"seawall","watlev":2}},{"type":"Feature","geometry":{"type":"LineString","coordinates":[[-80.90763,32.02863],[-80.90781,32.02817]]},"properties":{"catslc":"pier","watlev":2}},{"type":"Feature","geometry":{"type":"LineString","coordinates":[[-80.98097,32.08124],[-80.98032,32.08064],[-80.97983,32.0803],[-80.97983,32.0803],[-80.97979,32.08029],[-80.97886,32.08016],[-80.97844,32.08004],[-80.97808,32.07994],[-80.97799,32.07992],[-80.97688,32.07949]]},"properties":{"catslc":"rip rap","watlev":2}},{"type":"Feature","geometry":{"type":"LineString","coordinates":[[-80.97305,32.07805],[-80.972,32.07756],[-80.97078,32.07753],[-80.96961,32.07745],[-80.9688,32.0771],[-80.96797,32.07641],[-80.96699,32.07614],[-80.96598,32.07594],[-80.9659,32.07593],[-80.96514,32.07565],[-80.96466,32.07548],[-80.9636,32.0752],[-80.96255,32.07578]]},"properties":{"catslc":"rip rap","watlev":2}},{"type":"Feature","geometry":{"type":"LineString","coordinates":[[-80.95613,32.07296],[-80.95581,32.07287],[-80.95547,32.07267],[-80.95519,32.07235]]},"properties":{"catslc":"rip rap","watlev":2}},{"type":"Feature","geometry":{"type":"LineString","coordinates":[[-80.95385,32.07172],[-80.95328,32.07163],[-80.9528,32.07127]]},"properties":{"catslc":"rip rap","watlev":2}},{"type":"Feature","geometry":{"type":"LineString","coordinates":[[-80.94892,32.0674],[-80.94776,32.06688],[-80.94693,32.0658],[-80.9457,32.06441],[-80.94452,32.06396],[-80.94363,32.06353],[-80.94307,32.06276],[-80.94225,32.0624],[-80.9412,32.06184],[-80.94055,32.06095],[-80.93965,32.06036],[-80.9393,32.06003],[-80.93914,32.05987],[-80.93874,32.05949],[-80.93767,32.05844],[-80.93701,32.05785]]},"properties":{"catslc":"rip rap","watlev":2}},{"type":"Feature","geometry":{"type":"LineString","coordinates":[[-80.9357,32.05693],[-80.93562,32.05594],[-80.93542,32.05541],[-80.93529,32.05493]]},"properties":{"catslc":"rip rap","watlev":2}},{"type":"Feature","geometry":{"type":"LineString","coordinates":[[-80.84365,32.0241],[-80.84292,32.02422],[-80.84118,32.02453]]},"properties":{"catslc":"pier","watlev":4}},{"type":"Feature","geometry":{"type":"LineString","coordinates":[[-80.80229,32.0351],[-80.80427,32.0358],[-80.807,32.03693],[-80.8119,32.03971],[-80.81468,32.04155],[-80.82099,32.04615]]},"properties":{"catslc":"breakwater","watlev":3}},{"type":"Feature","geometry":{"type":"LineString","coordinates":[[-80.88016,32.02297],[-80.87991,32.02291],[-80.8798,32.02285],[-80.87974,32.0228],[-80.87972,32.02266],[-80.87978,32.02261],[-80.87986,32.02257],[-80.88003,32.02251],[-80.88044,32.02244],[-80.88072,32.02236],[-80.8808,32.02236],[-80.88084,32.02238],[-80.88085,32.02245],[-80.88061,32.02249],[-80.88004,32.02259],[-80.88,32.02283],[-80.88031,32.0229],[-80.8803,32.02297],[-80.88025,32.02298],[-80.88016,32.02297]]},"properties":{"catslc":"rip rap","watlev":null}},{"type":"Feature","geometry":{"type":"LineString","coordinates":[[-80.89436,32.03808],[-80.89473,32.03808],[-80.8952,32.0381],[-80.89527,32.03824],[-80.89528,32.03828],[-80.8954,32.03853]]},"properties":{"catslc":"rip rap","watlev":2}},{"type":"Feature","geometry":{"type":"LineString","coordinates":[[-80.92575,32.04586],[-80.92518,32.04575],[-80.9243,32.04551],[-80.92379,32.04515],[-80.92337,32.04484],[-80.92301,32.04464]]},"properties":{"catslc":"rip rap","watlev":2}},{"type":"Feature","geometry":{"type":"LineString","coordinates":[[-80.84384,32.02418],[-80.84408,32.02489],[-80.84353,32.02519]]},"properties":{"catslc":"pier","watlev":4}},{"type":"Feature","geometry":{"type":"LineString","coordinates":[[-80.88444,32.03914],[-80.88164,32.03933],[-80.88153,32.03934],[-80.87944,32.0394]]},"properties":{"catslc":"rip rap","watlev":2}},{"type":"Feature","geometry":{"type":"LineString","coordinates":[[-80.87381,32.03303],[-80.87254,32.03314],[-80.86793,32.03346],[-80.86657,32.03355],[-80.85121,32.03456]]},"properties":{"catslc":"pier","watlev":3}},{"type":"Feature","geometry":{"type":"LineString","coordinates":[[-80.88136,32.03254],[-80.88068,32.0326],[-80.87999,32.03265],[-80.87959,32.03267],[-80.87896,32.0327],[-80.8786,32.03273],[-80.87792,32.03278],[-80.87747,32.0328],[-80.8768,32.03284],[-80.87606,32.0329],[-80.87537,32.03295],[-80.87502,32.03298],[-80.87468,32.033],[-80.87434,32.03303],[-80.87381,32.03303]]},"properties":{"catslc":"pier","watlev":4}},{"type":"Feature","geometry":{"type":"LineString","coordinates":[[-80.9033,32.04799],[-80.90296,32.04808],[-80.90423,32.05189],[-80.90472,32.05219],[-80.90467,32.05212],[-80.90463,32.05204],[-80.9033,32.04799]]},"properties":{"catslc":"pier","watlev":3}},{"type":"Feature","geometry":{"type":"LineString","coordinates":[[-80.89973,32.04373],[-80.89928,32.04385],[-80.89927,32.04385],[-80.9009,32.04543],[-80.90171,32.04643],[-80.90192,32.04613],[-80.90195,32.0461],[-80.90179,32.04589],[-80.89973,32.04373]]},"properties":{"catslc":"pier","watlev":4}},{"type":"Feature","geometry":{"type":"LineString","coordinates":[[-80.90304,32.04722],[-80.90268,32.04721],[-80.90296,32.04808],[-80.9033,32.04799],[-80.90304,32.04722]]},"properties":{"catslc":"pier","watlev":4}},{"type":"Feature","geometry":{"type":"LineString","coordinates":[[-80.90423,32.05189],[-80.90429,32.05207],[-80.9044,32.05243],[-80.90445,32.05239],[-80.90472,32.05219],[-80.90423,32.05189]]},"properties":{"catslc":"pier","watlev":4}},{"type":"Feature","geometry":{"type":"LineString","coordinates":[[-80.59713,32.27838],[-80.5959,32.27842],[-80.59555,32.27843],[-80.59423,32.2795],[-80.59427,32.28022]]},"properties":{"catslc":"rip rap","watlev":null}},{"type":"Feature","geometry":{"type":"LineString","coordinates":[[-80.50151,32.30715],[-80.49979,32.30612],[-80.49809,32.30624],[-80.49646,32.30706],[-80.49604,32.30727],[-80.49581,32.30739],[-80.49509,32.30776],[-80.4941,32.30828]]},"properties":{"catslc":"rip rap","watlev":2}},{"type":"Feature","geometry":{"type":"LineString","coordinates":[[-80.46091,32.33174],[-80.4595,32.33062],[-80.45752,32.32927],[-80.45669,32.32786],[-80.45538,32.32727],[-80.45424,32.32523],[-80.45354,32.32383],[-80.45301,32.32239],[-80.45486,32.32212],[-80.4569,32.32149]]},"properties":{"catslc":"rip rap","watlev":2}},{"type":"Feature","geometry":{"type":"LineString","coordinates":[[-80.53678,32.45138],[-80.53545,32.451],[-80.53534,32.45097],[-80.53391,32.45055]]},"properties":{"catslc":"seawall","watlev":2}},{"type":"Feature","geometry":{"type":"LineString","coordinates":[[-80.53389,32.44681],[-80.53212,32.44858]]},"properties":{"catslc":"seawall","watlev":2}},{"type":"Feature","geometry":{"type":"LineString","coordinates":[[-80.58142,32.48363],[-80.57924,32.48394]]},"properties":{"catslc":"seawall","watlev":2}},{"type":"Feature","geometry":{"type":"LineString","coordinates":[[-80.55102,32.43955],[-80.55111,32.43971],[-80.55178,32.44106],[-80.55196,32.44162],[-80.55248,32.44315],[-80.55322,32.44472],[-80.55324,32.44476],[-80.55401,32.44583]]},"properties":{"catslc":"seawall","watlev":2}},{"type":"Feature","geometry":{"type":"LineString","coordinates":[[-80.56788,32.43543],[-80.5666,32.43658],[-80.56538,32.43714]]},"properties":{"catslc":"pier","watlev":2}},{"type":"Feature","geometry":{"type":"LineString","coordinates":[[-79.83921,32.75473],[-79.83852,32.75294],[-79.83791,32.75146],[-79.8368,32.7493],[-79.83543,32.74676],[-79.83384,32.74367],[-79.83256,32.74173]]},"properties":{"catslc":"pier","watlev":3}},{"type":"Feature","geometry":{"type":"LineString","coordinates":[[-79.83256,32.74173],[-79.83189,32.74092],[-79.83146,32.74042]]},"properties":{"catslc":"pier","watlev":2}},{"type":"Feature","geometry":{"type":"LineString","coordinates":[[-79.83146,32.74042],[-79.83044,32.7393],[-79.82942,32.73833],[-79.82796,32.73709],[-79.8266,32.73609],[-79.82477,32.73493],[-79.82231,32.73365],[-79.82005,32.73247],[-79.81784,32.73132],[-79.81538,32.73],[-79.81309,32.72879],[-79.81164,32.72803]]},"properties":{"catslc":"pier","watlev":2}},{"type":"Feature","geometry":{"type":"LineString","coordinates":[[-79.8378,32.87601],[-79.83938,32.87451]]},"properties":{"catslc":"pier","watlev":2}},{"type":"Feature","geometry":{"type":"LineString","coordinates":[[-79.9808,32.84037],[-79.97942,32.84279]]},"properties":{"catslc":"pier","watlev":2}},{"type":"Feature","geometry":{"type":"LineString","coordinates":[[-79.98223,32.83821],[-79.98431,32.8353]]},"properties":{"catslc":"pier","watlev":2}},{"type":"Feature","geometry":{"type":"LineString","coordinates":[[-79.86901,32.7316],[-79.85483,32.73086],[-79.84643,32.73052],[-79.84402,32.73043],[-79.83567,32.72963],[-79.83229,32.72901],[-79.83104,32.72878],[-79.82944,32.72794],[-79.81386,32.71979],[-79.81357,32.71964],[-79.81324,32.71947]]},"properties":{"catslc":"pier","watlev":3}},{"type":"Feature","geometry":{"type":"LineString","coordinates":[[-80.01002,32.75322],[-80.00999,32.75302],[-80.00844,32.75318],[-80.00855,32.7532],[-80.00861,32.75327],[-80.00868,32.75333],[-80.0087,32.75337],[-80.01002,32.75322]]},"properties":{"catslc":" ","watlev":3}},{"type":"Feature","geometry":{"type":"LineString","coordinates":[[-80.01274,32.75275],[-80.01273,32.75274],[-80.01079,32.75293],[-80.01083,32.75314],[-80.01278,32.75294],[-80.01274,32.75275]]},"properties":{"catslc":" ","watlev":3}},{"type":"Feature","geometry":{"type":"LineString","coordinates":[[-79.9112,32.77313],[-79.9112,32.77288],[-79.91121,32.77261],[-79.91121,32.77261],[-79.91121,32.77256],[-79.9108,32.77255],[-79.9108,32.77258],[-79.9108,32.77259],[-79.9108,32.77262],[-79.9111,32.77264],[-79.9111,32.77286],[-79.91109,32.77306],[-79.91109,32.77329],[-79.91119,32.77329],[-79.9112,32.77313]]},"properties":{"catslc":"pier","watlev":3}},{"type":"Feature","geometry":{"type":"LineString","coordinates":[[-79.91119,32.77329],[-79.91109,32.77329],[-79.91109,32.77334],[-79.91111,32.77336],[-79.91118,32.77334],[-79.91119,32.77334],[-79.91119,32.77334],[-79.91119,32.7733],[-79.91119,32.77329]]},"properties":{"catslc":"pier","watlev":4}},{"type":"Feature","geometry":{"type":"LineString","coordinates":[[-79.87361,32.7383],[-79.87364,32.7384],[-79.87365,32.73844],[-79.87423,32.73847],[-79.87427,32.73846],[-79.87427,32.73835],[-79.87423,32.73832],[-79.87361,32.7383]]},"properties":{"catslc":"pier","watlev":3}},{"type":"Feature","geometry":{"type":"LineString","coordinates":[[-79.96337,32.82311],[-79.9636,32.82303],[-79.96365,32.82302],[-79.96368,32.82308],[-79.96378,32.82304],[-79.96367,32.82284],[-79.96359,32.82287],[-79.96358,32.82287],[-79.96359,32.82289],[-79.9636,32.82292],[-79.96359,32.82292],[-79.96334,32.823],[-79.96337,32.82311]]},"properties":{"catslc":"pier","watlev":3}},{"type":"Feature","geometry":{"type":"LineString","coordinates":[[-79.96753,32.80442],[-79.96747,32.80434],[-79.96661,32.80457],[-79.96665,32.80458],[-79.96666,32.80465],[-79.96753,32.80442]]},"properties":{"catslc":"pier","watlev":4}},{"type":"Feature","geometry":{"type":"LineString","coordinates":[[-79.96361,32.81448],[-79.96358,32.81455],[-79.96355,32.8146],[-79.96366,32.8146],[-79.9637,32.8146],[-79.9637,32.81474],[-79.96391,32.81472],[-79.96392,32.81449],[-79.96393,32.81446],[-79.96393,32.8144],[-79.96391,32.8144],[-79.96378,32.8144],[-79.96373,32.8144],[-79.96372,32.8144],[-79.96372,32.8144],[-79.96372,32.81448],[-79.96369,32.81448],[-79.96361,32.81448]]},"properties":{"catslc":"pier","watlev":3}},{"type":"Feature","geometry":{"type":"LineString","coordinates":[[-79.96348,32.81903],[-79.96346,32.81892],[-79.96343,32.8186],[-79.96332,32.81862],[-79.9633,32.81866],[-79.96321,32.81866],[-79.9632,32.81869],[-79.9632,32.81887],[-79.96327,32.819],[-79.96337,32.81902],[-79.96338,32.8191],[-79.9635,32.81908],[-79.96348,32.81903]]},"properties":{"catslc":"pier","watlev":4}},{"type":"Feature","geometry":{"type":"LineString","coordinates":[[-79.96753,32.83257],[-79.96734,32.83266],[-79.96738,32.83274],[-79.96759,32.83265],[-79.96753,32.83257]]},"properties":{"catslc":"pier","watlev":4}},{"type":"Feature","geometry":{"type":"LineString","coordinates":[[-79.9635,32.81908],[-79.96355,32.81908],[-79.96356,32.81907],[-79.96355,32.81893],[-79.96352,32.81859],[-79.96348,32.8186],[-79.96343,32.8186],[-79.96346,32.81892],[-79.96348,32.81903],[-79.9635,32.81908]]},"properties":{"catslc":"pier","watlev":3}},{"type":"Feature","geometry":{"type":"LineString","coordinates":[[-79.96361,32.81448],[-79.96333,32.81448],[-79.9633,32.81456],[-79.9633,32.81459],[-79.96355,32.8146],[-79.96358,32.81455],[-79.96361,32.81448]]},"properties":{"catslc":"pier","watlev":4}},{"type":"Feature","geometry":{"type":"LineString","coordinates":[[-79.96775,32.80486],[-79.96759,32.80486],[-79.96755,32.80493],[-79.96775,32.80492],[-79.96775,32.80486]]},"properties":{"catslc":"pier","watlev":3}},{"type":"Feature","geometry":{"type":"LineString","coordinates":[[-79.96792,32.83236],[-79.96787,32.83239],[-79.96753,32.83257],[-79.96759,32.83265],[-79.96762,32.83263],[-79.96765,32.83261],[-79.96782,32.83254],[-79.96793,32.8325],[-79.96801,32.83247],[-79.96802,32.83245],[-79.96792,32.83236]]},"properties":{"catslc":"pier","watlev":3}},{"type":"Feature","geometry":{"type":"LineString","coordinates":[[-79.96759,32.80486],[-79.96643,32.80487],[-79.96642,32.80497],[-79.96755,32.80493],[-79.96759,32.80486]]},"properties":{"catslc":"pier","watlev":4}},{"type":"Feature","geometry":{"type":"LineString","coordinates":[[-79.93152,32.81228],[-79.9315,32.81233],[-79.93149,32.81236],[-79.9317,32.81244],[-79.93172,32.81242],[-79.93178,32.81237],[-79.93152,32.81228]]},"properties":{"catslc":"pier","watlev":4}},{"type":"Feature","geometry":{"type":"LineString","coordinates":[[-79.9333,32.80652],[-79.93299,32.80664],[-79.93289,32.80668],[-79.93289,32.80668],[-79.93281,32.80671],[-79.9328,32.80671],[-79.93273,32.80673],[-79.93281,32.80681],[-79.93281,32.80681],[-79.93282,32.80681],[-79.93289,32.80679],[-79.93289,32.80679],[-79.93298,32.80676],[-79.93336,32.80663],[-79.9333,32.80652]]},"properties":{"catslc":"pier","watlev":3}},{"type":"Feature","geometry":{"type":"LineString","coordinates":[[-79.91658,32.8187],[-79.91635,32.81911],[-79.91654,32.81912],[-79.91674,32.81875],[-79.91658,32.8187]]},"properties":{"catslc":"pier","watlev":4}},{"type":"Feature","geometry":{"type":"LineString","coordinates":[[-79.92451,32.78004],[-79.92379,32.78013],[-79.92381,32.78027],[-79.92449,32.78017],[-79.92448,32.78008],[-79.92451,32.78004]]},"properties":{"catslc":"pier","watlev":3}},{"type":"Feature","geometry":{"type":"LineString","coordinates":[[-79.92993,32.81427],[-79.92995,32.81427],[-79.92998,32.8142],[-79.93004,32.81425],[-79.93013,32.81432],[-79.93007,32.81398],[-79.93088,32.81213],[-79.93149,32.81236],[-79.9315,32.81233],[-79.93152,32.81228],[-79.93107,32.81211],[-79.93092,32.81206],[-79.93122,32.81141],[-79.93134,32.81115],[-79.93125,32.81112],[-79.93097,32.81175],[-79.93085,32.812],[-79.92985,32.81418],[-79.92983,32.81424],[-79.92986,32.81425],[-79.92992,32.81426],[-79.92993,32.81427]]},"properties":{"catslc":"pier","watlev":3}},{"type":"Feature","geometry":{"type":"LineString","coordinates":[[-79.91692,32.81841],[-79.91716,32.8185],[-79.91722,32.81842],[-79.91648,32.81811],[-79.91645,32.81821],[-79.91677,32.81835],[-79.91677,32.81838],[-79.91673,32.81845],[-79.91673,32.81845],[-79.91666,32.81857],[-79.9166,32.81867],[-79.91658,32.8187],[-79.91674,32.81875],[-79.91682,32.81861],[-79.91686,32.81852],[-79.91686,32.81852],[-79.91692,32.81841]]},"properties":{"catslc":"pier","watlev":3}},{"type":"Feature","geometry":{"type":"LineString","coordinates":[[-79.94641,32.83664],[-79.94635,32.83672],[-79.94648,32.83676],[-79.94649,32.83674],[-79.94664,32.83679],[-79.94714,32.83692],[-79.94715,32.83687],[-79.94641,32.83664]]},"properties":{"catslc":"pier","watlev":3}},{"type":"Feature","geometry":{"type":"LineString","coordinates":[[-79.94518,32.83627],[-79.94499,32.83621],[-79.94495,32.83632],[-79.94616,32.83667],[-79.94619,32.83653],[-79.94518,32.83627]]},"properties":{"catslc":"pier","watlev":3}},{"type":"Feature","geometry":{"type":"LineString","coordinates":[[-79.93175,32.83287],[-79.93175,32.83294],[-79.93176,32.83376],[-79.93179,32.83375],[-79.93186,32.83375],[-79.93186,32.83355],[-79.93186,32.83319],[-79.93186,32.83304],[-79.93186,32.83268],[-79.93187,32.83207],[-79.93173,32.83207],[-79.93174,32.83217],[-79.93175,32.83287]]},"properties":{"catslc":"pier","watlev":3}},{"type":"Feature","geometry":{"type":"LineString","coordinates":[[-79.93522,32.92203],[-79.93522,32.92202],[-79.9352,32.922],[-79.93503,32.92208],[-79.93483,32.92218],[-79.93481,32.92219],[-79.93473,32.92224],[-79.93466,32.92227],[-79.93462,32.92229],[-79.93457,32.92232],[-79.93457,32.92232],[-79.93428,32.92247],[-79.93428,32.92247],[-79.93426,32.92247],[-79.93429,32.92251],[-79.93431,32.9225],[-79.93449,32.92243],[-79.9346,32.92237],[-79.93471,32.92232],[-79.93473,32.92231],[-79.93477,32.92229],[-79.93478,32.92228],[-79.93488,32.92223],[-79.93488,32.92223],[-79.93491,32.92222],[-79.93503,32.92215],[-79.93507,32.92212],[-79.93509,32.92212],[-79.93524,32.92206],[-79.93524,32.92205],[-79.93522,32.92203]]},"properties":{"catslc":"pier","watlev":3}},{"type":"Feature","geometry":{"type":"LineString","coordinates":[[-79.93485,32.92208],[-79.93485,32.92208],[-79.93481,32.92203],[-79.9348,32.92201],[-79.93476,32.92197],[-79.93474,32.92196],[-79.93472,32.92197],[-79.93472,32.92199],[-79.93473,32.92201],[-79.93475,32.92205],[-79.93478,32.9221],[-79.93479,32.9221],[-79.93481,32.92211],[-79.93483,32.92211],[-79.93484,32.92211],[-79.93485,32.9221],[-79.93485,32.92208]]},"properties":{"catslc":"pier","watlev":3}},{"type":"Feature","geometry":{"type":"LineString","coordinates":[[-79.93749,32.92808],[-79.93747,32.92811],[-79.93743,32.92816],[-79.93742,32.92817],[-79.9374,32.9282],[-79.93809,32.92857],[-79.93813,32.9285],[-79.93817,32.92844],[-79.93749,32.92808]]},"properties":{"catslc":"pier","watlev":4}},{"type":"Feature","geometry":{"type":"LineString","coordinates":[[-79.57478,32.95894],[-79.57191,32.96025],[-79.56829,32.96259],[-79.56564,32.96543],[-79.56334,32.96798]]},"properties":{"catslc":"pier","watlev":2}},{"type":"Feature","geometry":{"type":"LineString","coordinates":[[-78.67173,33.81735],[-78.67151,33.81694],[-78.6715,33.81692],[-78.67134,33.81663],[-78.6709,33.81583],[-78.6703,33.81474]]},"properties":{"catslc":"pier","watlev":2}},{"type":"Feature","geometry":{"type":"LineString","coordinates":[[-79.44209,33.0584],[-79.43866,33.05836]]},"properties":{"catslc":"pier","watlev":2}},{"type":"Feature","geometry":{"type":"LineString","coordinates":[[-79.26076,33.11984],[-79.25953,33.11881],[-79.25734,33.11839],[-79.25734,33.11839],[-79.25349,33.12006]]},"properties":{"catslc":"pier","watlev":2}},{"type":"Feature","geometry":{"type":"LineString","coordinates":[[-79.02918,33.53233],[-79.0286,33.52839],[-79.02855,33.52807]]},"properties":{"catslc":"pier","watlev":3}},{"type":"Feature","geometry":{"type":"LineString","coordinates":[[-79.03141,33.52667],[-79.02923,33.52482],[-79.02785,33.52363]]},"properties":{"catslc":"pier","watlev":2}},{"type":"Feature","geometry":{"type":"LineString","coordinates":[[-79.15098,33.20391],[-79.15348,33.20391],[-79.15454,33.20391],[-79.16308,33.20391],[-79.16407,33.20391],[-79.16782,33.20547],[-79.17166,33.20708],[-79.17191,33.20729],[-79.17198,33.20734],[-79.17541,33.21005],[-79.17542,33.21006],[-79.17579,33.21035],[-79.17591,33.21045],[-79.17601,33.21053],[-79.1761,33.21059]]},"properties":{"catslc":"pier","watlev":3}},{"type":"Feature","geometry":{"type":"LineString","coordinates":[[-79.13705,33.1905],[-79.14974,33.1905],[-79.14984,33.1905],[-79.14992,33.1905],[-79.16853,33.19049],[-79.1825,33.19049],[-79.18289,33.19049]]},"properties":{"catslc":"pier","watlev":3}},{"type":"Feature","geometry":{"type":"LineString","coordinates":[[-79.02855,33.52807],[-79.0283,33.5264],[-79.02738,33.52558],[-79.02646,33.52475],[-79.02645,33.52474]]},"properties":{"catslc":"pier","watlev":2}},{"type":"Feature","geometry":{"type":"LineString","coordinates":[[-79.1757,33.21001],[-79.17566,33.21003],[-79.17559,33.21004],[-79.17554,33.21004],[-79.17545,33.21004],[-79.1754,33.21004],[-79.17542,33.21006],[-79.17617,33.21065],[-79.17619,33.21067],[-79.17626,33.21043],[-79.17582,33.21011],[-79.1757,33.21001]]},"properties":{"catslc":"pier","watlev":4}},{"type":"Feature","geometry":{"type":"LineString","coordinates":[[-79.15098,33.20391],[-79.15466,33.20391],[-79.15735,33.20391],[-79.15745,33.20391],[-79.16308,33.20391],[-79.16407,33.20391],[-79.17166,33.20708],[-79.17198,33.20734],[-79.17245,33.20772],[-79.1754,33.21004],[-79.17545,33.21004],[-79.17554,33.21004],[-79.17559,33.21004],[-79.17566,33.21003],[-79.1757,33.21001],[-79.17295,33.2077],[-79.17177,33.20668],[-79.17045,33.20614],[-79.17044,33.20614],[-79.16523,33.204],[-79.16393,33.20346],[-79.15992,33.20349],[-79.15676,33.20351],[-79.15428,33.20353],[-79.15056,33.20355],[-79.15079,33.20383],[-79.15098,33.20391]]},"properties":{"catslc":"pier","watlev":3}},{"type":"Feature","geometry":{"type":"LineString","coordinates":[[-79.18332,33.19025],[-79.1832,33.19037],[-79.183,33.19046],[-79.18296,33.19049],[-79.18313,33.19049],[-79.18316,33.19046],[-79.18317,33.19045],[-79.18326,33.19034],[-79.18332,33.19025]]},"properties":{"catslc":"pier","watlev":4}},{"type":"Feature","geometry":{"type":"LineString","coordinates":[[-79.18321,33.1901],[-79.18303,33.1901],[-79.18067,33.1901],[-79.17417,33.1901],[-79.17166,33.1901],[-79.16127,33.1901],[-79.14984,33.1901],[-79.14984,33.19035],[-79.14984,33.1904],[-79.14984,33.19046],[-79.14984,33.19049],[-79.14984,33.1905],[-79.1499,33.1905],[-79.15108,33.1905],[-79.15455,33.1905],[-79.15505,33.1905],[-79.16125,33.1905],[-79.16677,33.19049],[-79.16853,33.19049],[-79.17573,33.19049],[-79.1825,33.19049],[-79.18296,33.19049],[-79.183,33.19046],[-79.1832,33.19037],[-79.18332,33.19025],[-79.18341,33.19013],[-79.18321,33.1901]]},"properties":{"catslc":"pier","watlev":3}},{"type":"Feature","geometry":{"type":"LineString","coordinates":[[-79.27851,33.28194],[-79.27951,33.28398],[-79.2795,33.28392],[-79.27954,33.28371],[-79.27944,33.28353],[-79.27929,33.28336],[-79.27916,33.28317],[-79.27904,33.28291],[-79.27897,33.28261],[-79.27889,33.28236],[-79.27868,33.28207],[-79.27851,33.28194]]},"properties":{"catslc":"pier","watlev":4}},{"type":"Feature","geometry":{"type":"LineString","coordinates":[[-79.27806,33.28064],[-79.27806,33.28064],[-79.27813,33.28091],[-79.27813,33.28108],[-79.27806,33.28117],[-79.27831,33.28159],[-79.27834,33.28157],[-79.2783,33.28133],[-79.27834,33.28123],[-79.2783,33.28115],[-79.27806,33.28064]]},"properties":{"catslc":"pier","watlev":4}},{"type":"Feature","geometry":{"type":"LineString","coordinates":[[-79.27951,33.28398],[-79.28075,33.28653],[-79.281,33.28846],[-79.28147,33.29211],[-79.28147,33.29222],[-79.28142,33.29453],[-79.28139,33.29595],[-79.28158,33.29595],[-79.28161,33.29426],[-79.28165,33.29213],[-79.28145,33.29059],[-79.28135,33.2898],[-79.28116,33.28841],[-79.28092,33.28649],[-79.27938,33.28336],[-79.27834,33.28123],[-79.2783,33.28133],[-79.27834,33.28157],[-79.27831,33.28159],[-79.27844,33.2818],[-79.27851,33.28194],[-79.27868,33.28207],[-79.27889,33.28236],[-79.27897,33.28261],[-79.27904,33.28291],[-79.27916,33.28317],[-79.27929,33.28336],[-79.27944,33.28353],[-79.27954,33.28371],[-79.2795,33.28392],[-79.27951,33.28398]]},"properties":{"catslc":"pier","watlev":3}},{"type":"Feature","geometry":{"type":"LineString","coordinates":[[-79.24656,33.26159],[-79.241,33.26035],[-79.24075,33.26029],[-79.24074,33.26048],[-79.24497,33.26139],[-79.24592,33.26159],[-79.24689,33.26177],[-79.24656,33.26159]]},"properties":{"catslc":"pier","watlev":4}},{"type":"Feature","geometry":{"type":"LineString","coordinates":[[-78.5434,33.84986],[-78.54362,33.84951],[-78.54405,33.84882],[-78.54478,33.84769],[-78.54537,33.84677],[-78.5455,33.84656],[-78.54552,33.84653],[-78.54553,33.84651],[-78.54553,33.84648],[-78.54552,33.84644],[-78.54545,33.84605]]},"properties":{"catslc":"pier","watlev":2}},{"type":"Feature","geometry":{"type":"LineString","coordinates":[[-78.54545,33.84605],[-78.54442,33.84283]]},"properties":{"catslc":"pier","watlev":3}},{"type":"Feature","geometry":{"type":"LineString","coordinates":[[-78.55186,33.84818],[-78.55173,33.84813],[-78.55069,33.84772],[-78.54993,33.84742],[-78.54974,33.84736],[-78.5496,33.8473],[-78.54939,33.84721],[-78.54928,33.84717],[-78.54924,33.84714],[-78.54921,33.84712],[-78.54919,33.8471],[-78.54918,33.84707],[-78.54912,33.84688],[-78.549,33.84649],[-78.54886,33.84607],[-78.54861,33.8453],[-78.54845,33.84483],[-78.54821,33.84407],[-78.54794,33.84322],[-78.54772,33.84253],[-78.54763,33.84226]]},"properties":{"catslc":"pier","watlev":2}},{"type":"Feature","geometry":{"type":"LineString","coordinates":[[-78.52288,33.87177],[-78.52322,33.86773]]},"properties":{"catslc":"pier","watlev":2}},{"type":"Feature","geometry":{"type":"LineString","coordinates":[[-78.21879,33.9162],[-78.22116,33.91637]]},"properties":{"catslc":"pier","watlev":2}},{"type":"Feature","geometry":{"type":"LineString","coordinates":[[-77.95039,33.94709],[-77.95228,33.95094],[-77.952,33.95437],[-77.94903,33.95765],[-77.94342,33.9588]]},"properties":{"catslc":"breakwater","watlev":2}},{"type":"Feature","geometry":{"type":"LineString","coordinates":[[-77.96758,33.91888],[-77.96205,33.92494],[-77.95723,33.93047],[-77.95381,33.93438],[-77.95003,33.9415]]},"properties":{"catslc":"breakwater","watlev":2}},{"type":"Feature","geometry":{"type":"LineString","coordinates":[[-77.80659,34.18399],[-77.80628,34.18364],[-77.80577,34.18309],[-77.80546,34.18253],[-77.80504,34.18178],[-77.80484,34.18141],[-77.80382,34.17961]]},"properties":{"catslc":"pier","watlev":2}},{"type":"Feature","geometry":{"type":"LineString","coordinates":[[-77.80912,34.18664],[-77.80906,34.18658],[-77.80879,34.18629],[-77.80822,34.1857],[-77.80789,34.18535],[-77.80755,34.18499],[-77.80726,34.18469],[-77.80685,34.18426],[-77.8068,34.18421],[-77.80665,34.18405],[-77.80662,34.18402],[-77.80659,34.18399]]},"properties":{"catslc":"pier","watlev":3}},{"type":"Feature","geometry":{"type":"LineString","coordinates":[[-77.81101,34.18076],[-77.80657,34.17754]]},"properties":{"catslc":"pier","watlev":2}},{"type":"Feature","geometry":{"type":"LineString","coordinates":[[-77.81577,34.18204],[-77.81445,34.18209],[-77.81393,34.18211],[-77.81312,34.18213],[-77.81306,34.18214],[-77.81296,34.18213],[-77.81286,34.18212],[-77.81278,34.1821],[-77.81278,34.1821],[-77.8127,34.18206],[-77.81258,34.18199],[-77.81253,34.18195],[-77.81242,34.18187],[-77.81217,34.18169],[-77.8121,34.18163],[-77.81197,34.18154],[-77.81094,34.18079]]},"properties":{"catslc":"rip rap","watlev":2}},{"type":"Feature","geometry":{"type":"LineString","coordinates":[[-77.61954,34.39655],[-77.61811,34.39827]]},"properties":{"catslc":"pier","watlev":2}},{"type":"Feature","geometry":{"type":"LineString","coordinates":[[-77.94299,34.0257],[-77.94298,34.02535],[-77.94281,34.02535],[-77.94281,34.02545],[-77.94262,34.02546],[-77.94263,34.02607],[-77.94294,34.02607],[-77.94293,34.0259],[-77.94323,34.0259],[-77.94324,34.0257],[-77.94299,34.0257]]},"properties":{"catslc":"pier","watlev":3}},{"type":"Feature","geometry":{"type":"LineString","coordinates":[[-77.94357,34.02694],[-77.94334,34.027],[-77.94374,34.02748],[-77.94399,34.02753],[-77.94368,34.02715],[-77.9448,34.0275],[-77.9448,34.02744],[-77.9448,34.02741],[-77.94483,34.02737],[-77.94492,34.0273],[-77.94357,34.02694]]},"properties":{"catslc":"pier","watlev":3}},{"type":"Feature","geometry":{"type":"LineString","coordinates":[[-77.94185,34.06792],[-77.94065,34.06798],[-77.94065,34.0678],[-77.94046,34.0678],[-77.94046,34.06824],[-77.94065,34.06824],[-77.94065,34.0681],[-77.94183,34.06806],[-77.94183,34.06797],[-77.94185,34.06792]]},"properties":{"catslc":"pier","watlev":3}},{"type":"Feature","geometry":{"type":"LineString","coordinates":[[-77.925,34.06492],[-77.925,34.06505],[-77.92559,34.0651],[-77.92558,34.06524],[-77.92578,34.06523],[-77.9258,34.0649],[-77.92558,34.0649],[-77.92558,34.06498],[-77.925,34.06492]]},"properties":{"catslc":"pier","watlev":3}},{"type":"Feature","geometry":{"type":"LineString","coordinates":[[-77.94195,34.06905],[-77.94081,34.06914],[-77.94078,34.06905],[-77.9406,34.06906],[-77.94061,34.06931],[-77.94082,34.06931],[-77.94082,34.06921],[-77.94204,34.0692],[-77.94195,34.06905]]},"properties":{"catslc":"pier","watlev":3}},{"type":"Feature","geometry":{"type":"LineString","coordinates":[[-77.9252,34.06988],[-77.92524,34.07002],[-77.92537,34.07008],[-77.92537,34.06994],[-77.9252,34.06988]]},"properties":{"catslc":"pier","watlev":4}},{"type":"Feature","geometry":{"type":"LineString","coordinates":[[-77.92537,34.06994],[-77.92537,34.07008],[-77.92684,34.07066],[-77.92676,34.07077],[-77.92691,34.07087],[-77.92712,34.07068],[-77.92717,34.07064],[-77.92711,34.07061],[-77.92537,34.06994]]},"properties":{"catslc":"pier","watlev":3}},{"type":"Feature","geometry":{"type":"LineString","coordinates":[[-77.94923,34.2517],[-77.94923,34.25171],[-77.94925,34.25176],[-77.94924,34.2518],[-77.94919,34.25181],[-77.94909,34.2518],[-77.94902,34.25182],[-77.94902,34.25182],[-77.94901,34.25182],[-77.94901,34.25182],[-77.949,34.25182],[-77.94897,34.25182],[-77.94895,34.25183],[-77.94895,34.25183],[-77.94895,34.25183],[-77.94949,34.2522],[-77.94965,34.25203],[-77.9497,34.25199],[-77.94968,34.25198],[-77.94923,34.2517]]},"properties":{"catslc":"pier","watlev":3}},{"type":"Feature","geometry":{"type":"LineString","coordinates":[[-77.94946,34.25734],[-77.94946,34.25715],[-77.94929,34.25714],[-77.94931,34.25745],[-77.94947,34.25747],[-77.94946,34.25734]]},"properties":{"catslc":"pier","watlev":3}},{"type":"Feature","geometry":{"type":"LineString","coordinates":[[-77.89071,34.03141],[-77.89068,34.03151],[-77.8907,34.03163],[-77.89171,34.03195],[-77.89175,34.03185],[-77.89181,34.03175],[-77.89071,34.03141]]},"properties":{"catslc":"pier","watlev":3}},{"type":"Feature","geometry":{"type":"LineString","coordinates":[[-77.8965,34.01809],[-77.89643,34.01807],[-77.89621,34.01801],[-77.8952,34.01772],[-77.8949,34.01763],[-77.89479,34.01783],[-77.89506,34.01792],[-77.89615,34.01822],[-77.89637,34.01828],[-77.89646,34.0183],[-77.89718,34.01852],[-77.89728,34.0183],[-77.8965,34.01809]]},"properties":{"catslc":"pier","watlev":3}},{"type":"Feature","geometry":{"type":"LineString","coordinates":[[-77.88796,34.05985],[-77.88789,34.05993],[-77.88784,34.05998],[-77.88776,34.06001],[-77.88762,34.06006],[-77.88746,34.06012],[-77.88742,34.06015],[-77.88738,34.06019],[-77.8873,34.06034],[-77.88721,34.0605],[-77.88715,34.06064],[-77.88713,34.0607],[-77.88709,34.0608],[-77.8885,34.06104],[-77.88869,34.06052],[-77.88889,34.05999],[-77.8891,34.05941],[-77.88899,34.059],[-77.88883,34.0584],[-77.88872,34.05866],[-77.88866,34.05888],[-77.88862,34.05895],[-77.88859,34.05901],[-77.88854,34.05907],[-77.88813,34.05939],[-77.88807,34.05944],[-77.88803,34.0595],[-77.88798,34.05962],[-77.88798,34.05974],[-77.88797,34.0598],[-77.88796,34.05985]]},"properties":{"catslc":"pier","watlev":3}},{"type":"Feature","geometry":{"type":"LineString","coordinates":[[-77.92225,34.06463],[-77.92206,34.06461],[-77.92208,34.06466],[-77.9221,34.06471],[-77.92211,34.06473],[-77.92211,34.06474],[-77.92213,34.06478],[-77.92214,34.06479],[-77.92225,34.0648],[-77.92279,34.06485],[-77.92276,34.06469],[-77.92225,34.06463]]},"properties":{"catslc":"pier","watlev":4}},{"type":"Feature","geometry":{"type":"LineString","coordinates":[[-77.92276,34.06469],[-77.92279,34.06485],[-77.92373,34.06494],[-77.925,34.06505],[-77.925,34.06492],[-77.92367,34.06478],[-77.92276,34.06469]]},"properties":{"catslc":"pier","watlev":3}},{"type":"Feature","geometry":{"type":"LineString","coordinates":[[-77.88834,34.06617],[-77.88818,34.06656],[-77.88893,34.06656],[-77.88893,34.0665],[-77.88893,34.06645],[-77.88894,34.06617],[-77.88834,34.06617]]},"properties":{"catslc":"pier","watlev":3}},{"type":"Feature","geometry":{"type":"LineString","coordinates":[[-77.03382,34.65998],[-77.0333,34.65796]]},"properties":{"catslc":"pier","watlev":2}},{"type":"Feature","geometry":{"type":"LineString","coordinates":[[-77.13044,34.66651],[-77.13197,34.66783]]},"properties":{"catslc":"pier","watlev":2}},{"type":"Feature","geometry":{"type":"LineString","coordinates":[[-77.30847,34.55413],[-77.30618,34.55453]]},"properties":{"catslc":"pier","watlev":2}},{"type":"Feature","geometry":{"type":"LineString","coordinates":[[-77.20673,34.63184],[-77.20319,34.63416]]},"properties":{"catslc":"pier","watlev":2}},{"type":"Feature","geometry":{"type":"LineString","coordinates":[[-77.12562,34.66942],[-77.1247,34.67048]]},"properties":{"catslc":"pier","watlev":2}},{"type":"Feature","geometry":{"type":"LineString","coordinates":[[-77.39956,34.57885],[-77.40003,34.57891],[-77.40023,34.57932],[-77.40003,34.57976],[-77.39727,34.58101],[-77.39685,34.58083],[-77.39677,34.58031],[-77.39717,34.57992],[-77.39956,34.57885]]},"properties":{"catslc":" ","watlev":2}},{"type":"Feature","geometry":{"type":"LineString","coordinates":[[-76.70746,34.72503],[-76.70501,34.72779]]},"properties":{"catslc":"pier","watlev":2}},{"type":"Feature","geometry":{"type":"LineString","coordinates":[[-76.68117,34.72617],[-76.68306,34.72751]]},"properties":{"catslc":"pier","watlev":2}},{"type":"Feature","geometry":{"type":"LineString","coordinates":[[-76.66993,34.7224],[-76.67278,34.72253]]},"properties":{"catslc":"pier","watlev":2}},{"type":"Feature","geometry":{"type":"LineString","coordinates":[[-76.66694,34.71337],[-76.65672,34.7128]]},"properties":{"catslc":"pier","watlev":2}},{"type":"Feature","geometry":{"type":"LineString","coordinates":[[-76.68347,34.78414],[-76.68516,34.78525]]},"properties":{"catslc":"pier","watlev":2}},{"type":"Feature","geometry":{"type":"LineString","coordinates":[[-76.72927,34.7198],[-76.72917,34.71979],[-76.72916,34.72],[-76.7292,34.72],[-76.72924,34.72],[-76.72925,34.72],[-76.72927,34.7198]]},"properties":{"catslc":"pier","watlev":4}},{"type":"Feature","geometry":{"type":"LineString","coordinates":[[-76.73648,34.71219],[-76.73643,34.71219],[-76.73634,34.71276],[-76.73643,34.71277],[-76.73653,34.71219],[-76.73649,34.71219],[-76.73648,34.71219]]},"properties":{"catslc":"pier","watlev":3}},{"type":"Feature","geometry":{"type":"LineString","coordinates":[[-76.73123,34.72041],[-76.73123,34.72036],[-76.7312,34.72032],[-76.73117,34.72029],[-76.73115,34.72029],[-76.73112,34.7203],[-76.73109,34.72033],[-76.73104,34.72041],[-76.731,34.72049],[-76.73101,34.72049],[-76.73106,34.72048],[-76.7311,34.72047],[-76.73112,34.72047],[-76.73114,34.72047],[-76.73118,34.72048],[-76.73121,34.72049],[-76.73123,34.72041]]},"properties":{"catslc":"pier","watlev":4}},{"type":"Feature","geometry":{"type":"LineString","coordinates":[[-76.68489,34.72023],[-76.68487,34.72023],[-76.6848,34.72025],[-76.68477,34.72026],[-76.68486,34.72053],[-76.685,34.72051],[-76.68489,34.72023]]},"properties":{"catslc":"pier","watlev":3}},{"type":"Feature","geometry":{"type":"LineString","coordinates":[[-76.70659,34.72351],[-76.70659,34.72352],[-76.70651,34.72362],[-76.70679,34.72375],[-76.70687,34.72365],[-76.70659,34.72351]]},"properties":{"catslc":"wharf","watlev":4}},{"type":"Feature","geometry":{"type":"LineString","coordinates":[[-76.67338,34.71718],[-76.67334,34.71726],[-76.67333,34.71731],[-76.67329,34.71741],[-76.67346,34.71743],[-76.67349,34.71721],[-76.67338,34.71718]]},"properties":{"catslc":"pier","watlev":3}},{"type":"Feature","geometry":{"type":"LineString","coordinates":[[-76.70748,34.72352],[-76.7074,34.72348],[-76.7074,34.72348],[-76.70736,34.72353],[-76.70715,34.72378],[-76.70705,34.72391],[-76.7073,34.72404],[-76.70743,34.72389],[-76.70749,34.72383],[-76.70766,34.72363],[-76.70767,34.72363],[-76.70748,34.72352]]},"properties":{"catslc":"wharf","watlev":4}},{"type":"Feature","geometry":{"type":"LineString","coordinates":[[-76.6573,34.71265],[-76.65716,34.71262],[-76.65712,34.71264],[-76.65706,34.71272],[-76.65711,34.71273],[-76.65716,34.71274],[-76.65723,34.71275],[-76.65731,34.71276],[-76.6573,34.71265]]},"properties":{"catslc":"pier","watlev":3}},{"type":"Feature","geometry":{"type":"LineString","coordinates":[[-76.76293,34.98324],[-76.76289,34.98324],[-76.76279,34.98332],[-76.76279,34.98336],[-76.76284,34.98345],[-76.76412,34.98503],[-76.76426,34.98527],[-76.76438,34.98505],[-76.76293,34.98324]]},"properties":{"catslc":"pier","watlev":3}},{"type":"Feature","geometry":{"type":"LineString","coordinates":[[-76.74067,34.99324],[-76.74045,34.99257],[-76.74027,34.9926],[-76.74047,34.99323],[-76.74125,34.99574],[-76.74149,34.99574],[-76.74067,34.99324]]},"properties":{"catslc":"pier","watlev":3}},{"type":"Feature","geometry":{"type":"LineString","coordinates":[[-76.55985,34.61825],[-76.55954,34.61803],[-76.55925,34.61783],[-76.55877,34.6175],[-76.55792,34.61693],[-76.55661,34.61598],[-76.5556,34.61528],[-76.55475,34.6147],[-76.55379,34.61402],[-76.55352,34.61382],[-76.55329,34.61366],[-76.553,34.61345]]},"properties":{"catslc":"breakwater","watlev":3}},{"type":"Feature","geometry":{"type":"LineString","coordinates":[[-76.41035,34.95771],[-76.41309,34.95834]]},"properties":{"catslc":"pier","watlev":2}},{"type":"Feature","geometry":{"type":"LineString","coordinates":[[-76.53768,34.61369],[-76.53765,34.61372],[-76.53754,34.61382],[-76.53781,34.614],[-76.53795,34.61387],[-76.53768,34.61369]]},"properties":{"catslc":"pier","watlev":3}},{"type":"Feature","geometry":{"type":"LineString","coordinates":[[-76.61456,35.28432],[-76.61659,35.2849]]},"properties":{"catslc":"pier","watlev":2}},{"type":"Feature","geometry":{"type":"LineString","coordinates":[[-77.04378,35.1219],[-77.04376,35.12182],[-77.04375,35.12179],[-77.04351,35.12192],[-77.04359,35.12203],[-77.04379,35.12192],[-77.04378,35.1219]]},"properties":{"catslc":"pier","watlev":3}},{"type":"Feature","geometry":{"type":"LineString","coordinates":[[-77.04677,35.12361],[-77.04666,35.12358],[-77.0463,35.12384],[-77.04611,35.1239],[-77.04554,35.1232],[-77.04543,35.12327],[-77.04604,35.12405],[-77.04625,35.12396],[-77.04639,35.12396],[-77.04692,35.12363],[-77.04677,35.12361]]},"properties":{"catslc":"pier","watlev":3}},{"type":"Feature","geometry":{"type":"LineString","coordinates":[[-77.02321,35.12053],[-77.0231,35.12044],[-77.02248,35.12073],[-77.02255,35.12075],[-77.02265,35.12077],[-77.02267,35.12079],[-77.02321,35.12053]]},"properties":{"catslc":"pier","watlev":3}},{"type":"Feature","geometry":{"type":"LineString","coordinates":[[-76.78733,35.3224],[-76.7871,35.32254],[-76.78725,35.32277],[-76.7875,35.32262],[-76.78733,35.3224]]},"properties":{"catslc":"pier","watlev":3}},{"type":"Feature","geometry":{"type":"LineString","coordinates":[[-76.80891,35.39554],[-76.80883,35.39549],[-76.80864,35.39536],[-76.80855,35.39529],[-76.80852,35.39528],[-76.80836,35.39553],[-76.80878,35.39572],[-76.80893,35.39555],[-76.80891,35.39554]]},"properties":{"catslc":"pier","watlev":3}},{"type":"Feature","geometry":{"type":"LineString","coordinates":[[-76.85789,35.37347],[-76.85789,35.37344],[-76.85733,35.37341],[-76.85732,35.37356],[-76.85792,35.37361],[-76.85789,35.37347]]},"properties":{"catslc":"pier","watlev":3}},{"type":"Feature","geometry":{"type":"LineString","coordinates":[[-76.85192,35.42532],[-76.85173,35.42531],[-76.85157,35.42529],[-76.85153,35.42576],[-76.85197,35.42578],[-76.852,35.42531],[-76.85192,35.42532]]},"properties":{"catslc":"pier","watlev":3}},{"type":"Feature","geometry":{"type":"LineString","coordinates":[[-76.84268,35.42267],[-76.84251,35.42261],[-76.84244,35.42256],[-76.84239,35.42253],[-76.84238,35.4225],[-76.84197,35.42274],[-76.84225,35.42298],[-76.8427,35.42268],[-76.84268,35.42267]]},"properties":{"catslc":"pier","watlev":3}}]}