{"type":"FeatureCollection","features":[{"type":"Feature","geometry":{"type":"LineString","coordinates":[[-76.73521110000001,34.717210500000874],[-76.7354047000008,34.717267599999104],[-76.73534189999918,34.71752259999994],[-76.73514749999958,34.717467899999974],[-76.73521110000001,34.717210500000874]]},"properties":{"k":"b","n":null,"c":"fixed bridge","v":19.8,"cc":null,"co":null}},{"type":"Feature","geometry":{"type":"LineString","coordinates":[[-76.6731478999991,34.71980710000025],[-76.67341579999993,34.72057060000043],[-76.67334599999958,34.72063789999993],[-76.67309469999964,34.71982899999966],[-76.6731478999991,34.71980710000025]]},"properties":{"k":"b","n":null,"c":"fixed bridge","v":2.1,"cc":null,"co":null}},{"type":"Feature","geometry":{"type":"LineString","coordinates":[[-76.67051790000005,34.72479200000089],[-76.6705423000003,34.725000000000364],[-76.67023750000044,34.725000000000364],[-76.67030599999998,34.72494890000053],[-76.67051790000005,34.72479200000089]]},"properties":{"k":"b","n":"Gallents Channel Bridge, HWY US 70","c":"fixed bridge","v":19.8,"cc":null,"co":null}},{"type":"Feature","geometry":{"type":"LineString","coordinates":[[-76.69472940000014,34.72077940000054],[-76.69472940000014,34.720864200000506],[-76.6871198000008,34.721381200000906],[-76.68719520000013,34.72128850000081],[-76.69472940000014,34.72077940000054]]},"properties":{"k":"b","n":null,"c":"fixed bridge","v":19.8,"cc":null,"co":null}},{"type":"Feature","geometry":{"type":"LineString","coordinates":[[-76.69364560000031,34.72044470000037],[-76.69365570000082,34.72052570000051],[-76.69337610000002,34.72055],[-76.69336459999977,34.720468999999866],[-76.69364560000031,34.72044470000037]]},"properties":{"k":"b","n":null,"c":"bascule bridge","v":null,"cc":1.2,"co":null}},{"type":"Feature","geometry":{"type":"LineString","coordinates":[[-76.57808210000076,34.71391699999913],[-76.57806460000029,34.714148600000044],[-76.57679830000052,34.71588460000021],[-76.57603080000081,34.71727800000008],[-76.57529699999941,34.71926069999972],[-76.57500000000073,34.720793599999524],[-76.57500000000073,34.719932199999676],[-76.57516509999914,34.7192242000001],[-76.57589999999982,34.717237200000454],[-76.57667570000012,34.71582269999999],[-76.57808210000076,34.71391699999913]]},"properties":{"k":"b","n":"Earl C. Davis Memorial Bridge / Harkers Island Bridge","c":"fixed bridge","v":13.7,"cc":null,"co":null}},{"type":"Feature","geometry":{"type":"LineString","coordinates":[[-76.57500000000073,34.719932199999676],[-76.57498889999988,34.72087210000063],[-76.57495030000064,34.72111109999969],[-76.57478900000024,34.721312699999544],[-76.57500000000073,34.719932199999676]]},"properties":{"k":"b","n":"Earl C. Davis Memorial Bridge / Harkers Island Bridge","c":"fixed bridge","v":13.7,"cc":null,"co":null}},{"type":"Feature","geometry":{"type":"LineString","coordinates":[[-76.67023750000044,34.725000000000364],[-76.6705423000003,34.725000000000364],[-76.6703039999993,34.725210000000516],[-76.66988730000048,34.72536290000062],[-76.66982169999937,34.72560899999917],[-76.66779289999977,34.72706830000061],[-76.66727680000076,34.72728900000038],[-76.66649700000016,34.727458999999726],[-76.66649900000084,34.72738299999946],[-76.66626800000085,34.727388999999675],[-76.66610129999935,34.72726150000017],[-76.6670178000004,34.72713619999922],[-76.66778800000066,34.72680299999956],[-76.67023750000044,34.725000000000364]]},"properties":{"k":"b","n":"Gallants Channel Bridge, HWY US 70.","c":"fixed bridge","v":19.8,"cc":null,"co":null}},{"type":"Feature","geometry":{"type":"LineString","coordinates":[[-76.61150000000089,34.78880299999946],[-76.61159899999984,34.788956000000326],[-76.60968200000025,34.78927350000049],[-76.60971269999936,34.789094199999454],[-76.61150000000089,34.78880299999946]]},"properties":{"k":"b","n":null,"c":"fixed bridge","v":2.4,"cc":null,"co":null}},{"type":"Feature","geometry":{"type":"LineString","coordinates":[[-76.50811339999927,34.78632280000056],[-76.50830189999942,34.78644229999918],[-76.5075981000009,34.78704459999972],[-76.5075680000009,34.78680329999952],[-76.50811339999927,34.78632280000056]]},"properties":{"k":"b","n":null,"c":"fixed bridge","v":2.1,"cc":null,"co":null}},{"type":"Feature","geometry":{"type":"LineString","coordinates":[[-76.45125999999982,34.81901400000061],[-76.45057199999974,34.82027899999957],[-76.45033700000022,34.8201140000001],[-76.45095699999911,34.81905200000074],[-76.45125999999982,34.81901400000061]]},"properties":{"k":"b","n":null,"c":"fixed bridge","v":2.1,"cc":null,"co":null}},{"type":"Feature","geometry":{"type":"LineString","coordinates":[[-76.48191600000064,34.80629600000066],[-76.48201399999925,34.80649900000026],[-76.48109599999952,34.806892000000516],[-76.48073210000075,34.80684529999962],[-76.48191600000064,34.80629600000066]]},"properties":{"k":"b","n":null,"c":"fixed bridge","v":2.1,"cc":null,"co":null}},{"type":"Feature","geometry":{"type":"LineString","coordinates":[[-77.55201320000015,34.42887730000075],[-77.5523291999998,34.4295817000002],[-77.55247889999919,34.43036369999936],[-77.55269319999934,34.43278359999931],[-77.55254319999949,34.43305160000091],[-77.55224740000085,34.42999339999915],[-77.5521559000008,34.42959879999944],[-77.55186610000055,34.42895689999932],[-77.55201320000015,34.42887730000075]]},"properties":{"k":"b","n":"Topsail Island Bridge NC 210 / 50","c":"fixed bridge","v":20.2,"cc":null,"co":null}},{"type":"Feature","geometry":{"type":"LineString","coordinates":[[-77.42800800000077,34.49700099999973],[-77.42934219999916,34.49961450000046],[-77.42953900000066,34.5],[-77.42930279999928,34.5],[-77.42791000000034,34.49722699999984],[-77.42800800000077,34.49700099999973]]},"properties":{"k":"b","n":null,"c":"fixed bridge","v":19.5,"cc":null,"co":null}},{"type":"Feature","geometry":{"type":"LineString","coordinates":[[-77.42930279999928,34.5],[-77.42953900000066,34.5],[-77.43102200000067,34.50290499999937],[-77.43078199999945,34.50294500000018],[-77.42930279999928,34.5]]},"properties":{"k":"b","n":null,"c":"fixed bridge","v":19.5,"cc":null,"co":null}},{"type":"Feature","geometry":{"type":"LineString","coordinates":[[-77.27148370000032,34.572862400000304],[-77.27165849999983,34.57303139999931],[-77.27150749999964,34.57314910000059],[-77.27133429999958,34.5729809000004],[-77.27148370000032,34.572862400000304]]},"properties":{"k":"b","n":null,"c":"swing bridge","v":null,"cc":3.6,"co":null}},{"type":"Feature","geometry":{"type":"LineString","coordinates":[[-77.39999999999964,34.57897260000027],[-77.39999999999964,34.57826670000031],[-77.39999999999964,34.57621309999922],[-77.40034799999921,34.579671999999846],[-77.40005799999926,34.5796590000009],[-77.39999999999964,34.57897260000027]]},"properties":{"k":"b","n":null,"c":"fixed bridge","v":19.8,"cc":null,"co":null}},{"type":"Feature","geometry":{"type":"LineString","coordinates":[[-77.39970299999914,34.57605800000056],[-77.39998500000002,34.57606400000077],[-77.39999999999964,34.57621309999922],[-77.39999999999964,34.57907080000041],[-77.39970299999914,34.57605800000056]]},"properties":{"k":"b","n":null,"c":"fixed bridge","v":19.8,"cc":null,"co":null}},{"type":"Feature","geometry":{"type":"LineString","coordinates":[[-77.35806600000069,34.6810119999991],[-77.3593579999997,34.68247599999995],[-77.35912400000052,34.68247599999995],[-77.35788200000025,34.68106599999919],[-77.35806600000069,34.6810119999991]]},"properties":{"k":"b","n":null,"c":"fixed bridge","v":2.1,"cc":null,"co":null}},{"type":"Feature","geometry":{"type":"LineString","coordinates":[[-77.06340799999998,34.66758999999911],[-77.06442950000019,34.671205000000555],[-77.06420029999936,34.671317700000145],[-77.0630770000007,34.66760400000021],[-77.06340799999998,34.66758999999911]]},"properties":{"k":"b","n":null,"c":"fixed bridge","v":19.8,"cc":null,"co":null}},{"type":"Feature","geometry":{"type":"LineString","coordinates":[[-77.06680830000005,34.67960060000041],[-77.06596899999931,34.67707100000007],[-77.0662398000004,34.67703360000087],[-77.06704560000071,34.67958320000071],[-77.06680830000005,34.67960060000041]]},"properties":{"k":"b","n":null,"c":"fixed bridge","v":19.8,"cc":null,"co":null}},{"type":"Feature","geometry":{"type":"LineString","coordinates":[[-77.06492000000071,34.673656999999366],[-77.06517800000074,34.67366000000038],[-77.0655769999994,34.67486800000006],[-77.06532399999924,34.67492099999981],[-77.06492000000071,34.673656999999366]]},"properties":{"k":"b","n":null,"c":"fixed bridge","v":19.8,"cc":null,"co":null}},{"type":"Feature","geometry":{"type":"LineString","coordinates":[[-76.80266549999942,34.70243160000064],[-76.80268029999934,34.7026335999999],[-76.8023432000009,34.702620000000024],[-76.80225830000018,34.70243090000076],[-76.80266549999942,34.70243160000064]]},"properties":{"k":"b","n":null,"c":"fixed bridge","v":3.0,"cc":null,"co":null}},{"type":"Feature","geometry":{"type":"LineString","coordinates":[[-76.81069100000059,34.69690690000061],[-76.81070569999974,34.6971625999995],[-76.81050820000019,34.697188899999674],[-76.81050820000019,34.69691050000074],[-76.81069100000059,34.69690690000061]]},"properties":{"k":"b","n":null,"c":"fixed bridge","v":3.0,"cc":null,"co":null}},{"type":"Feature","geometry":{"type":"LineString","coordinates":[[-77.42983330000061,34.73005329999978],[-77.43113149999954,34.73005430000012],[-77.43118390000018,34.73017179999988],[-77.42707019999943,34.73082980000072],[-77.42686200000026,34.7305422999998],[-77.42983330000061,34.73005329999978]]},"properties":{"k":"b","n":"NC 172 (Jacksonville Bypass) over New River","c":"fixed bridge","v":19.8,"cc":null,"co":null}},{"type":"Feature","geometry":{"type":"LineString","coordinates":[[-77.43522049999956,34.75287709999975],[-77.43523500000083,34.75305800000024],[-77.43313400000079,34.75355200000013],[-77.43305200000032,34.753381000000445],[-77.43522049999956,34.75287709999975]]},"properties":{"k":"b","n":null,"c":"fixed bridge","v":4.5,"cc":null,"co":null}},{"type":"Feature","geometry":{"type":"LineString","coordinates":[[-77.43392999999924,34.7512399999996],[-77.43487660000028,34.75139560000025],[-77.43503100000089,34.751421000000846],[-77.43391100000008,34.75128399999994],[-77.43392999999924,34.7512399999996]]},"properties":{"k":"b","n":null,"c":"fixed bridge","v":3.9,"cc":null,"co":null}},{"type":"Feature","geometry":{"type":"LineString","coordinates":[[-77.43111929999941,34.729895500000566],[-77.43113149999954,34.73005430000012],[-77.42983330000061,34.73005329999978],[-77.42994429999999,34.73003969999991],[-77.43111929999941,34.729895500000566]]},"properties":{"k":"b","n":"NC 172 (Jacksonville Bypass) over New River","c":"fixed bridge","v":19.8,"cc":null,"co":null}},{"type":"Feature","geometry":{"type":"LineString","coordinates":[[-77.35317700000087,34.7342950000002],[-77.35433999999987,34.73515299999963],[-77.35417000000052,34.73521400000027],[-77.35312999999951,34.73445999999967],[-77.35317700000087,34.7342950000002]]},"properties":{"k":"b","n":null,"c":"fixed bridge","v":2.4,"cc":null,"co":null}},{"type":"Feature","geometry":{"type":"LineString","coordinates":[[-76.69190960000014,34.8256992000006],[-76.69199499999922,34.825998000000254],[-76.69086790000074,34.825765699999465],[-76.6908440999996,34.82547119999981],[-76.69190960000014,34.8256992000006]]},"properties":{"k":"b","n":null,"c":"fixed bridge","v":19.8,"cc":null,"co":null}},{"type":"Feature","geometry":{"type":"LineString","coordinates":[[-76.91225909999957,34.91810070000065],[-76.91056460000073,34.91740000000027],[-76.91053350000038,34.9171581999999],[-76.91237100000035,34.917883599999186],[-76.91225909999957,34.91810070000065]]},"properties":{"k":"b","n":null,"c":"fixed bridge","v":4.8,"cc":null,"co":null}},{"type":"Feature","geometry":{"type":"LineString","coordinates":[[-76.36223900000005,34.926194300000134],[-76.36206700000002,34.926602999999886],[-76.3617890000005,34.92658300000039],[-76.36190700000043,34.92614599999979],[-76.36223900000005,34.926194300000134]]},"properties":{"k":"b","n":"Thorofare Bay Bridge","c":"fixed bridge","v":13.7,"cc":null,"co":null}},{"type":"Feature","geometry":{"type":"LineString","coordinates":[[-76.40022300000055,34.89198299999953],[-76.40096199999971,34.89199600000029],[-76.40091270000084,34.89234639999995],[-76.40077369999926,34.89257910000015],[-76.39980739999919,34.89243410000017],[-76.39980739999919,34.89234969999961],[-76.40022300000055,34.89198299999953]]},"properties":{"k":"b","n":null,"c":"fixed bridge","v":13.7,"cc":null,"co":null}},{"type":"Feature","geometry":{"type":"LineString","coordinates":[[-76.75704640000004,34.99297359999946],[-76.75788289999946,34.99324250000063],[-76.75762980000036,34.99339970000074],[-76.75680990000001,34.993110100000195],[-76.75704640000004,34.99297359999946]]},"properties":{"k":"b","n":null,"c":"fixed bridge","v":3.2,"cc":null,"co":null}},{"type":"Feature","geometry":{"type":"LineString","coordinates":[[-76.70260140000028,35.022392000000764],[-76.70277139999962,35.022528199999215],[-76.69968960000006,35.02498369999921],[-76.69948090000071,35.024849400000676],[-76.70260140000028,35.022392000000764]]},"properties":{"k":"b","n":null,"c":"fixed bridge","v":13.7,"cc":null,"co":null}},{"type":"Feature","geometry":{"type":"LineString","coordinates":[[-77.21929640000053,35.009679400000095],[-77.21916129999954,35.01013149999926],[-77.21889369999917,35.01010040000074],[-77.21900900000037,35.00968239999929],[-77.21929640000053,35.009679400000095]]},"properties":{"k":"b","n":null,"c":"fixed bridge","v":1.5,"cc":null,"co":null}},{"type":"Feature","geometry":{"type":"LineString","coordinates":[[-77.05312500000036,35.098918100000446],[-77.05352429999948,35.099076599999535],[-77.0534520000001,35.09926000000087],[-77.05308440000044,35.099116100000174],[-77.05312500000036,35.098918100000446]]},"properties":{"k":"b","n":null,"c":"fixed bridge","v":13.7,"cc":null,"co":null}},{"type":"Feature","geometry":{"type":"LineString","coordinates":[[-77.03449639999963,35.09317890000057],[-77.03469860000041,35.09338890000072],[-77.0341098000008,35.0941782000009],[-77.0332701999996,35.09493199999997],[-77.03220940000028,35.09552210000038],[-77.0320511000009,35.09538160000011],[-77.03310600000077,35.094795499999236],[-77.03395140000066,35.09405340000012],[-77.03449639999963,35.09317890000057]]},"properties":{"k":"b","n":null,"c":"fixed bridge","v":7.3,"cc":null,"co":null}},{"type":"Feature","geometry":{"type":"LineString","coordinates":[[-77.03487619999942,35.092378699999244],[-77.03506299999935,35.09242640000048],[-77.03486060000068,35.09293509999952],[-77.03467869999986,35.09282759999951],[-77.03487619999942,35.092378699999244]]},"properties":{"k":"b","n":null,"c":"fixed bridge","v":7.3,"cc":null,"co":null}},{"type":"Feature","geometry":{"type":"LineString","coordinates":[[-77.05305170000065,35.09927140000036],[-77.05338859999938,35.09938780000084],[-77.05328679999911,35.09959320000053],[-77.05297910000081,35.09947889999967],[-77.05305170000065,35.09927140000036]]},"properties":{"k":"b","n":null,"c":"fixed bridge","v":13.7,"cc":null,"co":null}},{"type":"Feature","geometry":{"type":"LineString","coordinates":[[-77.03137419999985,35.09697779999988],[-77.02989229999912,35.09685949999948],[-77.02788809999947,35.096900299999106],[-77.02499999999964,35.09755640000003],[-77.02499999999964,35.09729960000004],[-77.03121269999974,35.0956984000004],[-77.0320511000009,35.09538160000011],[-77.03219549999994,35.09552959999928],[-77.03557619999992,35.09463780000078],[-77.03515159999915,35.09445980000055],[-77.0348154000003,35.094158800000514],[-77.03466180000032,35.093751899999916],[-77.03469860000041,35.09338890000072],[-77.03488409999954,35.09355789999972],[-77.03499430000011,35.09404410000025],[-77.03549310000017,35.094435000000885],[-77.03585600000042,35.09450950000064],[-77.0366355999995,35.09434820000024],[-77.03676149999956,35.094521000000896],[-77.03554280000026,35.094834899999114],[-77.03691059999983,35.094706300000325],[-77.03707550000036,35.09486319999996],[-77.03485790000013,35.09511879999991],[-77.03262460000042,35.09560280000005],[-77.02862260000074,35.09664540000085],[-77.03406429999995,35.096952600000805],[-77.03559490000043,35.09658019999915],[-77.03629779999937,35.096217199999955],[-77.03696560000026,35.09570899999926],[-77.0370180000009,35.09595300000001],[-77.0365812,35.09631029999946],[-77.0355268000003,35.09681289999935],[-77.03450879999946,35.09709599999951],[-77.03740189999917,35.09742440000082],[-77.03736620000018,35.09760160000042],[-77.03331609999987,35.097129399999176],[-77.03137419999985,35.09697779999988]]},"properties":{"k":"b","n":"Highway Fixed Bridge","c":"fixed bridge","v":19.8,"cc":null,"co":null}},{"type":"Feature","geometry":{"type":"LineString","coordinates":[[-77.04652499999975,35.096487999999226],[-77.04329730000063,35.09519039999941],[-77.04341690000001,35.09501269999964],[-77.04535570000007,35.095809200000076],[-77.04356130000087,35.09483379999983],[-77.04371229999924,35.09465219999947],[-77.04712769999969,35.09649940000054],[-77.04956579999998,35.097489300000234],[-77.04937299999983,35.097632999999405],[-77.04652499999975,35.096487999999226]]},"properties":{"k":"b","n":null,"c":"fixed bridge","v":13.7,"cc":null,"co":null}},{"type":"Feature","geometry":{"type":"LineString","coordinates":[[-77.0689010999995,35.068556800000806],[-77.06890810000004,35.06874819999939],[-77.06765749999977,35.068830099999104],[-77.0677513999999,35.06863449999946],[-77.0689010999995,35.068556800000806]]},"properties":{"k":"b","n":null,"c":"fixed bridge","v":4.5,"cc":null,"co":null}},{"type":"Feature","geometry":{"type":"LineString","coordinates":[[-77.04321859999982,35.09530939999968],[-77.04932609999923,35.09775459999946],[-77.04925720000028,35.097995599999194],[-77.04308590000073,35.09551250000004],[-77.04321859999982,35.09530939999968]]},"properties":{"k":"b","n":null,"c":"fixed bridge","v":13.7,"cc":null,"co":null}},{"type":"Feature","geometry":{"type":"LineString","coordinates":[[-77.04151810000076,35.09978939999928],[-77.04155150000042,35.09993530000065],[-77.04127159999916,35.09995960000015],[-77.04119180000089,35.09958320000078],[-77.04146310000033,35.09955319999972],[-77.04151810000076,35.09978939999928]]},"properties":{"k":"b","n":"RR Swing Bridge","c":"swing bridge","v":null,"cc":1.5,"co":null}},{"type":"Feature","geometry":{"type":"LineString","coordinates":[[-77.02499999999964,35.09729960000004],[-77.02499999999964,35.09755640000003],[-77.01523180000004,35.100000000000364],[-77.01465300000018,35.100000000000364],[-77.01657349999914,35.09943170000042],[-77.02499999999964,35.09729960000004]]},"properties":{"k":"b","n":"Highway Fixed Bridge","c":"fixed bridge","v":19.8,"cc":null,"co":null}},{"type":"Feature","geometry":{"type":"LineString","coordinates":[[-77.10453589999997,35.07807549999961],[-77.1053522000002,35.07818969999971],[-77.10523099999955,35.07836800000041],[-77.10443599999962,35.07826059999934],[-77.10453589999997,35.07807549999961]]},"properties":{"k":"b","n":null,"c":"fixed bridge","v":2.1,"cc":null,"co":null}},{"type":"Feature","geometry":{"type":"LineString","coordinates":[[-77.03695479999988,35.102292800000214],[-77.03686349999953,35.10262759999932],[-77.03657869999915,35.10262329999932],[-77.0367368999996,35.1020582000001],[-77.03701609999916,35.102065799999764],[-77.03695479999988,35.102292800000214]]},"properties":{"k":"b","n":null,"c":"bascule bridge","v":null,"cc":4.2,"co":null}},{"type":"Feature","geometry":{"type":"LineString","coordinates":[[-77.01465300000018,35.100000000000364],[-77.01523180000004,35.100000000000364],[-77.0141051999999,35.100359000000026],[-77.01303949999965,35.10086159999992],[-77.01180249999925,35.10166070000014],[-77.01090900000054,35.102444000000105],[-77.01074300000073,35.10226599999987],[-77.01160349999918,35.10150480000084],[-77.01273020000008,35.10079059999953],[-77.0139319000009,35.10023220000039],[-77.01465300000018,35.100000000000364]]},"properties":{"k":"b","n":"Highway Fixed Bridge","c":"fixed bridge","v":19.8,"cc":null,"co":null}},{"type":"Feature","geometry":{"type":"LineString","coordinates":[[-76.71805219999987,35.10405130000072],[-76.71830210000007,35.104171799999676],[-76.71822000000066,35.104380599999786],[-76.71793489999982,35.10425709999981],[-76.71805219999987,35.10405130000072]]},"properties":{"k":"b","n":null,"c":"fixed bridge","v":0.6,"cc":null,"co":null}},{"type":"Feature","geometry":{"type":"LineString","coordinates":[[-76.59173929999997,35.24594760000036],[-76.59180220000053,35.246132399999624],[-76.59117049999986,35.246268099999725],[-76.59109829999943,35.24609389999932],[-76.59173929999997,35.24594760000036]]},"properties":{"k":"b","n":"Hobucken Bridge","c":"fixed bridge","v":19.8,"cc":null,"co":null}},{"type":"Feature","geometry":{"type":"LineString","coordinates":[[-76.77690400000029,35.300726999999824],[-76.77709800000048,35.3009519999996],[-76.77501099999972,35.30102799999986],[-76.77478499999961,35.30082699999912],[-76.77690400000029,35.300726999999824]]},"properties":{"k":"b","n":null,"c":"fixed bridge","v":1.5,"cc":null,"co":null}},{"type":"Feature","geometry":{"type":"LineString","coordinates":[[-76.97163080000064,35.432896000000255],[-76.97177220000049,35.433070099999895],[-76.97010670000054,35.43362270000034],[-76.97003159999986,35.43342440000015],[-76.97163080000064,35.432896000000255]]},"properties":{"k":"b","n":null,"c":"fixed bridge","v":4.5,"cc":null,"co":null}},{"type":"Feature","geometry":{"type":"LineString","coordinates":[[-76.80345099999977,35.47049180000067],[-76.80386089999956,35.47072029999981],[-76.80453730000045,35.4721626999999],[-76.80431580000004,35.47228349999932],[-76.80345099999977,35.47049180000067]]},"properties":{"k":"b","n":null,"c":"fixed bridge","v":2.1,"cc":null,"co":null}},{"type":"Feature","geometry":{"type":"LineString","coordinates":[[-76.81887590000042,35.47714730000007],[-76.81887959999949,35.477241099999446],[-76.81568909999987,35.47758149999936],[-76.81569610000042,35.47748700000011],[-76.81887590000042,35.47714730000007]]},"properties":{"k":"b","n":"State Route 92 (NC92)","c":"fixed bridge","v":3.6,"cc":null,"co":null}},{"type":"Feature","geometry":{"type":"LineString","coordinates":[[-76.6718406,35.49843099999998],[-76.67180039999948,35.49828499999967],[-76.67206559999977,35.498229299999366],[-76.67262669999946,35.500248599999395],[-76.6723079000003,35.50012779999997],[-76.6718406,35.49843099999998]]},"properties":{"k":"b","n":null,"c":"fixed bridge","v":4.5,"cc":null,"co":null}},{"type":"Feature","geometry":{"type":"LineString","coordinates":[[-77.98764739999933,34.260056400000394],[-77.9877505000004,34.260151000000405],[-77.987529,34.26028860000042],[-77.98743140000079,34.26020900000003],[-77.98764739999933,34.260056400000394]]},"properties":{"k":"b","n":null,"c":"bascule bridge","v":null,"cc":1.8,"co":null}},{"type":"Feature","geometry":{"type":"LineString","coordinates":[[-77.93055640000057,34.2570197999994],[-77.9303230000005,34.2574268999997],[-77.93010160000085,34.25734630000079],[-77.9303349999991,34.25690279999981],[-77.93055640000057,34.2570197999994]]},"properties":{"k":"b","n":null,"c":"fixed bridge","v":3.6,"cc":null,"co":null}},{"type":"Feature","geometry":{"type":"LineString","coordinates":[[-77.95802039999944,34.241550700000516],[-77.95816879999984,34.24169729999994],[-77.95769509999991,34.24308050000036],[-77.95753780000086,34.24296850000064],[-77.95802039999944,34.241550700000516]]},"properties":{"k":"b","n":null,"c":"fixed bridge","v":16.7,"cc":null,"co":null}},{"type":"Feature","geometry":{"type":"LineString","coordinates":[[-77.95038419999946,34.2516770000002],[-77.95046030000049,34.25171340000088],[-77.95107029999963,34.25199310000062],[-77.95095810000021,34.25216139999975],[-77.95025890000034,34.25183780000043],[-77.95038419999946,34.2516770000002]]},"properties":{"k":"b","n":"Highway 133 Bridge","c":"bascule bridge","v":null,"cc":12.1,"co":null}},{"type":"Feature","geometry":{"type":"LineString","coordinates":[[-77.93922399999974,34.25875930000075],[-77.93886910000037,34.25912419999986],[-77.9385886,34.25906270000087],[-77.93886910000037,34.258747899999435],[-77.93922399999974,34.25875930000075]]},"properties":{"k":"b","n":null,"c":"swing bridge","v":null,"cc":2.7,"co":null}},{"type":"Feature","geometry":{"type":"LineString","coordinates":[[-77.98755809999966,34.23441060000005],[-77.98608520000016,34.23459879999973],[-77.98568899999918,34.23420609999994],[-77.98702609999964,34.233976299999995],[-77.98755809999966,34.23441060000005]]},"properties":{"k":"b","n":null,"c":"fixed bridge","v":1.2,"cc":null,"co":null}},{"type":"Feature","geometry":{"type":"LineString","coordinates":[[-77.94882250000046,34.25878679999914],[-77.9488184999991,34.258880400000635],[-77.94813969999996,34.258770899999945],[-77.94814050000059,34.258638400000564],[-77.94882510000025,34.25872519999939],[-77.94882250000046,34.25878679999914]]},"properties":{"k":"b","n":"Hilton Railway Bridge","c":"bascule bridge","v":null,"cc":1.2,"co":null}},{"type":"Feature","geometry":{"type":"LineString","coordinates":[[-77.95116980000057,34.227075000000696],[-77.95242160000089,34.22753039999952],[-77.95266439999978,34.227619699999195],[-77.9525322999998,34.22786029999952],[-77.9510539999992,34.22731200000089],[-77.95116980000057,34.227075000000696]]},"properties":{"k":"b","n":null,"c":"lifting bridge","v":null,"cc":19.8,"co":41.1}},{"type":"Feature","geometry":{"type":"LineString","coordinates":[[-77.8997803000002,34.05507530000068],[-77.8997288999999,34.05630910000036],[-77.89926100000048,34.05657389999942],[-77.8993645999999,34.055157700000564],[-77.8997803000002,34.05507530000068]]},"properties":{"k":"b","n":null,"c":"fixed bridge","v":19.8,"cc":null,"co":null}},{"type":"Feature","geometry":{"type":"LineString","coordinates":[[-77.83414099999936,34.21426500000052],[-77.83445399999982,34.21429399999943],[-77.83392429999913,34.21611819999998],[-77.83361049999985,34.21606369999972],[-77.83414099999936,34.21426500000052]]},"properties":{"k":"b","n":null,"c":"fixed bridge","v":2.4,"cc":null,"co":null}},{"type":"Feature","geometry":{"type":"LineString","coordinates":[[-77.79302599999937,34.21639399999913],[-77.79497459999948,34.217344000000594],[-77.7948550000001,34.21756900000037],[-77.79287499999919,34.21659700000055],[-77.79302599999937,34.21639399999913]]},"properties":{"k":"b","n":null,"c":"fixed bridge","v":2.4,"cc":null,"co":null}},{"type":"Feature","geometry":{"type":"LineString","coordinates":[[-77.81224529999963,34.21808969999984],[-77.81252029999996,34.21827750000011],[-77.8123398000007,34.21845700000085],[-77.8120469000005,34.218296799999735],[-77.81224529999963,34.21808969999984]]},"properties":{"k":"b","n":null,"c":"bascule bridge","v":null,"cc":6.0,"co":null}},{"type":"Feature","geometry":{"type":"LineString","coordinates":[[-77.79623279999942,34.20873659999961],[-77.79667410000002,34.208973500000866],[-77.79856099999961,34.209986100000606],[-77.79842370000006,34.21015249999982],[-77.7960879000002,34.2089648000001],[-77.79623279999942,34.20873659999961]]},"properties":{"k":"b","n":null,"c":"fixed bridge","v":2.4,"cc":null,"co":null}},{"type":"Feature","geometry":{"type":"LineString","coordinates":[[-77.75977109999985,34.27439579999918],[-77.76008440000078,34.27454849999958],[-77.75995279999916,34.2746917000004],[-77.75967809999929,34.27456170000005],[-77.75977109999985,34.27439579999918]]},"properties":{"k":"b","n":"Figure Eight Island Bridge","c":"swing bridge","v":null,"cc":6.0,"co":null}},{"type":"Feature","geometry":{"type":"LineString","coordinates":[[-77.7602139999999,34.27462200000082],[-77.76051299999926,34.2747930000005],[-77.76039499999933,34.274953000000096],[-77.76008860000002,34.274821599999996],[-77.7602139999999,34.27462200000082]]},"properties":{"k":"b","n":"Figure Eight Island Bridge","c":"swing bridge","v":null,"cc":6.0,"co":null}},{"type":"Feature","geometry":{"type":"LineString","coordinates":[[-78.07230440000058,33.921270200000436],[-78.07250700000077,33.92126660000031],[-78.07241470000008,33.92227090000051],[-78.07219400000031,33.92220570000063],[-78.07230440000058,33.921270200000436]]},"properties":{"k":"b","n":null,"c":"fixed bridge","v":19.8,"cc":null,"co":null}},{"type":"Feature","geometry":{"type":"LineString","coordinates":[[-77.98395549999987,33.97046229999978],[-77.98421059999964,33.970576300000175],[-77.98403510000026,33.97086759999911],[-77.98375280000073,33.97083139999995],[-77.98395549999987,33.97046229999978]]},"properties":{"k":"b","n":null,"c":"fixed bridge","v":1.5,"cc":null,"co":null}},{"type":"Feature","geometry":{"type":"LineString","coordinates":[[-78.51105769999958,33.880935999999565],[-78.51104850000047,33.880671200000506],[-78.51193140000032,33.88220220000039],[-78.51178660000005,33.882245099999636],[-78.51105769999958,33.880935999999565]]},"properties":{"k":"b","n":null,"c":"fixed bridge","v":19.8,"cc":null,"co":null}},{"type":"Feature","geometry":{"type":"LineString","coordinates":[[-78.4394138000007,33.895275999999285],[-78.43968700000005,33.89638109999942],[-78.43941509999968,33.89644380000027],[-78.43915500000003,33.89534140000069],[-78.4394138000007,33.895275999999285]]},"properties":{"k":"b","n":null,"c":"fixed bridge","v":19.8,"cc":null,"co":null}},{"type":"Feature","geometry":{"type":"LineString","coordinates":[[-78.4398068999999,33.898572300000524],[-78.43961870000021,33.89774249999937],[-78.4398999999994,33.89762940000037],[-78.44008570000005,33.898387100000036],[-78.4398068999999,33.898572300000524]]},"properties":{"k":"b","n":null,"c":"fixed bridge","v":19.8,"cc":null,"co":null}},{"type":"Feature","geometry":{"type":"LineString","coordinates":[[-78.26763969999956,33.91627560000052],[-78.2678649999998,33.91629160000048],[-78.26801809999961,33.917015200000606],[-78.26818559999992,33.91726600000038],[-78.26782819999971,33.9173439999995],[-78.2676350999991,33.916769499999646],[-78.26758879999943,33.91627560000052],[-78.26763969999956,33.91627560000052]]},"properties":{"k":"b","n":null,"c":"fixed bridge","v":19.8,"cc":null,"co":null}},{"type":"Feature","geometry":{"type":"LineString","coordinates":[[-78.15909230000034,33.92728779999925],[-78.15934559999914,33.927310499999294],[-78.1592270000001,33.9281878999991],[-78.1589813999999,33.92816230000062],[-78.15909230000034,33.92728779999925]]},"properties":{"k":"b","n":null,"c":"fixed bridge","v":20.4,"cc":null,"co":null}},{"type":"Feature","geometry":{"type":"LineString","coordinates":[[-79.38506400000006,33.20821000000069],[-79.38519000000088,33.208355999999185],[-79.38432699999976,33.20942300000024],[-79.38415499999974,33.209302999999636],[-79.38506400000006,33.20821000000069]]},"properties":{"k":"b","n":null,"c":"fixed bridge","v":8.8,"cc":null,"co":null}},{"type":"Feature","geometry":{"type":"LineString","coordinates":[[-79.38448799999969,33.20783599999959],[-79.38468900000044,33.207963999999265],[-79.3838109999997,33.209059999999226],[-79.3836510000001,33.20894600000065],[-79.38448799999969,33.20783599999959]]},"properties":{"k":"b","n":null,"c":"fixed bridge","v":8.8,"cc":null,"co":null}},{"type":"Feature","geometry":{"type":"LineString","coordinates":[[-79.3834769999994,33.20917299999928],[-79.3836310000006,33.2092819999998],[-79.38340699999935,33.209562000000005],[-79.38329800000065,33.20941200000016],[-79.3834769999994,33.20917299999928]]},"properties":{"k":"b","n":null,"c":"fixed bridge","v":8.8,"cc":null,"co":null}},{"type":"Feature","geometry":{"type":"LineString","coordinates":[[-79.38397099999929,33.209522999999535],[-79.38414399999965,33.20964599999934],[-79.38390400000026,33.20994299999984],[-79.38375099999939,33.209789000000455],[-79.38397099999929,33.209522999999535]]},"properties":{"k":"b","n":null,"c":"fixed bridge","v":8.8,"cc":null,"co":null}},{"type":"Feature","geometry":{"type":"LineString","coordinates":[[-79.29428159999952,33.35725900000034],[-79.29464299999927,33.3584522000001],[-79.29432300000008,33.35849699999926],[-79.29386999999952,33.356981999999334],[-79.29420879999998,33.35701270000027],[-79.29428159999952,33.35725900000034]]},"properties":{"k":"b","n":null,"c":"fixed bridge","v":19.8,"cc":null,"co":null}},{"type":"Feature","geometry":{"type":"LineString","coordinates":[[-79.25316439999915,33.365619199999855],[-79.25356909999937,33.36565739999969],[-79.25348719999965,33.36582180000005],[-79.25308640000003,33.36578410000038],[-79.25316439999915,33.365619199999855]]},"properties":{"k":"b","n":"Lafayette Bridge","c":"fixed bridge","v":19.8,"cc":null,"co":null}},{"type":"Feature","geometry":{"type":"LineString","coordinates":[[-79.2635835000001,33.36655869999959],[-79.26758379999956,33.36694290000014],[-79.26756260000002,33.367130099999486],[-79.26353410000047,33.366760999999315],[-79.2635835000001,33.36655869999959]]},"properties":{"k":"b","n":null,"c":"fixed bridge","v":6.0,"cc":null,"co":null}},{"type":"Feature","geometry":{"type":"LineString","coordinates":[[-79.00635510000029,33.6858871000004],[-79.00672649999979,33.686476999999286],[-79.00635049999983,33.68661280000015],[-79.00599770000008,33.68602289999944],[-79.00635510000029,33.6858871000004]]},"properties":{"k":"b","n":null,"c":"fixed bridge","v":19.8,"cc":null,"co":null}},{"type":"Feature","geometry":{"type":"LineString","coordinates":[[-79.00431949999984,33.68719190000047],[-79.00449379999918,33.687396699999226],[-79.00428490000013,33.6875072999992],[-79.00399739999921,33.687113600000885],[-79.00419560000046,33.68701789999977],[-79.00431949999984,33.68719190000047]]},"properties":{"k":"b","n":"Socastee Bridge","c":"swing bridge","v":null,"cc":3.3,"co":null}},{"type":"Feature","geometry":{"type":"LineString","coordinates":[[-78.92196119999971,33.714468100000886],[-78.92177280000033,33.71464890000061],[-78.92161929999929,33.71453230000043],[-78.9218077000005,33.71435539999948],[-78.92196119999971,33.714468100000886]]},"properties":{"k":"b","n":null,"c":"bascule bridge","v":null,"cc":4.8,"co":null}},{"type":"Feature","geometry":{"type":"LineString","coordinates":[[-78.93387679999978,33.70497950000026],[-78.93448729999909,33.70533289999912],[-78.9342175999991,33.7055435000002],[-78.93356859999949,33.70519980000063],[-78.93387679999978,33.70497950000026]]},"properties":{"k":"b","n":"Fantasy Harbour","c":"fixed bridge","v":19.8,"cc":null,"co":null}},{"type":"Feature","geometry":{"type":"LineString","coordinates":[[-78.92236100000082,33.71415279999928],[-78.92255979999936,33.714286899999934],[-78.92234769999959,33.71446880000076],[-78.92178380000041,33.714051999999356],[-78.92198439999993,33.71388130000014],[-78.92236100000082,33.71415279999928]]},"properties":{"k":"b","n":null,"c":"fixed bridge","v":19.8,"cc":null,"co":null}},{"type":"Feature","geometry":{"type":"LineString","coordinates":[[-78.84919500000069,33.74914329999956],[-78.84963620000053,33.7498214999996],[-78.84934740000062,33.749943599999824],[-78.8489114999993,33.749288299999535],[-78.84919500000069,33.74914329999956]]},"properties":{"k":"b","n":"Robert Grissom Pkwy","c":"fixed bridge","v":19.8,"cc":null,"co":null}},{"type":"Feature","geometry":{"type":"LineString","coordinates":[[-78.77735030000076,33.78929679999965],[-78.77766840000004,33.78969110000071],[-78.7774561999995,33.78983440000047],[-78.77710389999993,33.78943419999996],[-78.77735030000076,33.78929679999965]]},"properties":{"k":"b","n":null,"c":"fixed bridge","v":19.8,"cc":null,"co":null}},{"type":"Feature","geometry":{"type":"LineString","coordinates":[[-78.8146087999994,33.7665522999996],[-78.81508009999925,33.76708689999941],[-78.81497660000059,33.76714990000073],[-78.81450600000062,33.76661559999957],[-78.8146087999994,33.7665522999996]]},"properties":{"k":"b","n":null,"c":"fixed bridge","v":19.8,"cc":null,"co":null}},{"type":"Feature","geometry":{"type":"LineString","coordinates":[[-78.7768660999991,33.789582400000654],[-78.77722220000032,33.7899854999996],[-78.77697570000055,33.79012359999979],[-78.77663170000051,33.789713800000754],[-78.7768660999991,33.789582400000654]]},"properties":{"k":"b","n":null,"c":"fixed bridge","v":19.8,"cc":null,"co":null}},{"type":"Feature","geometry":{"type":"LineString","coordinates":[[-78.74109660000067,33.8026731000009],[-78.74150109999937,33.80297939999946],[-78.74169749999965,33.803128199999264],[-78.74161289999938,33.8032060000005],[-78.74096060000011,33.80271200000061],[-78.74109660000067,33.8026731000009]]},"properties":{"k":"b","n":null,"c":"swing bridge","v":null,"cc":9.4,"co":null}},{"type":"Feature","geometry":{"type":"LineString","coordinates":[[-78.68468869999924,33.83422529999916],[-78.68490980000024,33.834315699999934],[-78.68454480000037,33.834401699999944],[-78.68367369999942,33.83378140000059],[-78.68395969999983,33.83368920000066],[-78.68468869999924,33.83422529999916]]},"properties":{"k":"b","n":null,"c":"fixed bridge","v":19.8,"cc":null,"co":null}},{"type":"Feature","geometry":{"type":"LineString","coordinates":[[-78.6540172999994,33.8526851000006],[-78.65447230000063,33.853773299999375],[-78.65424259999963,33.8538709000004],[-78.65380600000026,33.85287640000024],[-78.6540172999994,33.8526851000006]]},"properties":{"k":"b","n":null,"c":"fixed bridge","v":19.8,"cc":null,"co":null}},{"type":"Feature","geometry":{"type":"LineString","coordinates":[[-78.65645559999939,33.85162409999975],[-78.6565840000003,33.851804199999606],[-78.65630299999975,33.85200000000077],[-78.65617910000037,33.851808400000664],[-78.65645559999939,33.85162409999975]]},"properties":{"k":"b","n":"Little River Bridge","c":"swing bridge","v":null,"cc":2.1,"co":null}},{"type":"Feature","geometry":{"type":"LineString","coordinates":[[-80.00708449999911,32.77213809999921],[-80.00683690000005,32.771958400000585],[-80.00737560000016,32.771952999999485],[-80.00749410000026,32.772125600000436],[-80.00708449999911,32.77213809999921]]},"properties":{"k":"b","n":null,"c":"fixed bridge","v":0.6,"cc":null,"co":null}},{"type":"Feature","geometry":{"type":"LineString","coordinates":[[-80.01272380000046,32.752594300000055],[-80.01271970000016,32.75266609999926],[-80.00786650000009,32.753031700000065],[-80.00776199999927,32.752839400000084],[-80.01271260000067,32.75244019999991],[-80.01272380000046,32.752594300000055]]},"properties":{"k":"b","n":"Limehouse Bridge","c":"fixed bridge","v":19.8,"cc":null,"co":null}},{"type":"Feature","geometry":{"type":"LineString","coordinates":[[-79.95000000000073,32.750683899999785],[-79.95066770000085,32.75078419999954],[-79.95065289999911,32.750923699999476],[-79.95000000000073,32.750813599999674],[-79.95000000000073,32.750683899999785]]},"properties":{"k":"b","n":null,"c":"fixed bridge","v":3.6,"cc":null,"co":null}},{"type":"Feature","geometry":{"type":"LineString","coordinates":[[-79.95824340000036,32.76910920000046],[-79.95828989999973,32.771147600000404],[-79.95799989999978,32.771300399999745],[-79.9579620000004,32.769279500000266],[-79.95824340000036,32.76910920000046]]},"properties":{"k":"b","n":"James Island Expressway Highway Bridge","c":"fixed bridge","v":20.4,"cc":null,"co":null}},{"type":"Feature","geometry":{"type":"LineString","coordinates":[[-79.9741494000009,32.76618539999981],[-79.97407679999924,32.76656919999914],[-79.97395850000066,32.76655709999977],[-79.97402200000033,32.76617040000019],[-79.9741494000009,32.76618539999981]]},"properties":{"k":"b","n":"Route 171 Bascule Bridge Fixed Section","c":"bascule bridge","v":null,"cc":10.0,"co":null}},{"type":"Feature","geometry":{"type":"LineString","coordinates":[[-79.94957240000076,32.75061959999948],[-79.95000000000073,32.750683899999785],[-79.95000000000073,32.750813599999674],[-79.94959779999954,32.75074569999924],[-79.94957240000076,32.75061959999948]]},"properties":{"k":"b","n":null,"c":"fixed bridge","v":3.6,"cc":null,"co":null}},{"type":"Feature","geometry":{"type":"LineString","coordinates":[[-79.84191479999936,32.77238849999958],[-79.84212809999917,32.772748900000806],[-79.84228760000042,32.77301199999965],[-79.84218979999969,32.77305669999987],[-79.8420354000009,32.77279979999912],[-79.84181940000053,32.77242920000026],[-79.84191479999936,32.77238849999958]]},"properties":{"k":"b","n":"Ben Sawyer Memorial","c":"opening bridge","v":null,"cc":9.4,"co":null}},{"type":"Feature","geometry":{"type":"LineString","coordinates":[[-80.02550279999923,32.8340246000007],[-80.02591869999924,32.83417109999937],[-80.02499999999964,32.83518109999932],[-80.02499999999964,32.83458400000018],[-80.02550279999923,32.8340246000007]]},"properties":{"k":"b","n":null,"c":"fixed bridge","v":10.6,"cc":null,"co":null}},{"type":"Feature","geometry":{"type":"LineString","coordinates":[[-80.05025380000006,32.847250099999656],[-80.0503776000005,32.84733849999975],[-80.0500548,32.84765829999924],[-80.04993529999956,32.847563600000285],[-80.05025380000006,32.847250099999656]]},"properties":{"k":"b","n":null,"c":"bascule bridge","v":null,"cc":0.9,"co":null}},{"type":"Feature","geometry":{"type":"LineString","coordinates":[[-79.95799860000079,32.777121900000566],[-79.95828459999939,32.77756340000087],[-79.95820099999946,32.77789400000074],[-79.95781910000005,32.778794100000596],[-79.95741549999912,32.77936050000062],[-79.9567406999995,32.780036899999686],[-79.95590749999974,32.780579399999624],[-79.95476269999926,32.78105610000057],[-79.95452049999949,32.7809445999992],[-79.95559030000004,32.78047820000029],[-79.95680689999972,32.779564700000265],[-79.95738080000046,32.778852699999334],[-79.95771280000008,32.77828629999931],[-79.95794539999952,32.777601499999946],[-79.95799860000079,32.777121900000566]]},"properties":{"k":"b","n":null,"c":"fixed bridge","v":17.0,"cc":null,"co":null}},{"type":"Feature","geometry":{"type":"LineString","coordinates":[[-79.96101140000064,32.782690199999706],[-79.96057690000089,32.782881799999814],[-79.96052459999919,32.78278259999934],[-79.96090130000084,32.78261240000029],[-79.96101140000064,32.782690199999706]]},"properties":{"k":"b","n":null,"c":"bascule bridge","v":null,"cc":5.4,"co":null}},{"type":"Feature","geometry":{"type":"LineString","coordinates":[[-79.96168120000038,32.78317740000057],[-79.96179239999947,32.78325699999914],[-79.96134399999937,32.78346729999976],[-79.9612732000005,32.78336499999932],[-79.96168120000038,32.78317740000057]]},"properties":{"k":"b","n":null,"c":"bascule bridge","v":null,"cc":4.2,"co":null}},{"type":"Feature","geometry":{"type":"LineString","coordinates":[[-79.98592230000031,32.83511139999973],[-79.98368590000064,32.83871859999999],[-79.98349760000019,32.83859920000032],[-79.98565520000011,32.835119499999564],[-79.98592230000031,32.83511139999973]]},"properties":{"k":"b","n":"Route 7 Bridge","c":"fixed bridge","v":15.2,"cc":null,"co":null}},{"type":"Feature","geometry":{"type":"LineString","coordinates":[[-80.02499999999964,32.83458400000018],[-80.02499999999964,32.83518109999932],[-80.02285289999963,32.837538399999175],[-80.02255130000049,32.83729990000029],[-80.02499999999964,32.83458400000018]]},"properties":{"k":"b","n":null,"c":"fixed bridge","v":10.6,"cc":null,"co":null}},{"type":"Feature","geometry":{"type":"LineString","coordinates":[[-79.91508570000042,32.802704699999595],[-79.9172679000003,32.8029860000006],[-79.91719600000033,32.80337320000035],[-79.91284239999914,32.80280900000071],[-79.91291300000012,32.80242299999918],[-79.91508570000042,32.802704699999595]]},"properties":{"k":"b","n":"Ravenel Fixed Bridge","c":"fixed bridge","v":56.6,"cc":null,"co":null}},{"type":"Feature","geometry":{"type":"LineString","coordinates":[[-79.8808767999999,32.792665700000725],[-79.88130020000062,32.79308370000035],[-79.88114289999976,32.793240799999694],[-79.88070499999958,32.79282570000032],[-79.8808767999999,32.792665700000725]]},"properties":{"k":"b","n":"Coleman Blvd Pedestrian Bridge","c":"fixed bridge","v":3.6,"cc":null,"co":null}},{"type":"Feature","geometry":{"type":"LineString","coordinates":[[-79.93298359999972,32.80480940000052],[-79.93407939999997,32.804800399999294],[-79.93401950000043,32.805166899999676],[-79.93127979999917,32.80514159999984],[-79.92984520000027,32.80498799999987],[-79.92962369999987,32.8045987000005],[-79.93091599999934,32.80473600000005],[-79.93298359999972,32.80480940000052]]},"properties":{"k":"b","n":"Town Creek fixed bridge, U.S. 17 Town Creek Crossing, mile 3.19","c":"fixed bridge","v":19.8,"cc":null,"co":null}},{"type":"Feature","geometry":{"type":"LineString","coordinates":[[-79.81329430000005,32.77571360000002],[-79.81338250000044,32.77584469999965],[-79.81123269999989,32.77681219999977],[-79.81118720000086,32.776658200000384],[-79.81329430000005,32.77571360000002]]},"properties":{"k":"b","n":null,"c":"fixed bridge","v":1.5,"cc":null,"co":null}},{"type":"Feature","geometry":{"type":"LineString","coordinates":[[-79.8018462,32.80763599999955],[-79.8021248999994,32.807952600000135],[-79.80199530000027,32.808061600000656],[-79.80167040000015,32.80769169999985],[-79.8018462,32.80763599999955]]},"properties":{"k":"b","n":null,"c":"fixed bridge","v":19.8,"cc":null,"co":null}},{"type":"Feature","geometry":{"type":"LineString","coordinates":[[-79.96308940000017,32.89100940000026],[-79.96533289999934,32.891325399999914],[-79.96525760000077,32.89157250000062],[-79.96301060000042,32.89125590000003],[-79.96308940000017,32.89100940000026]]},"properties":{"k":"b","n":null,"c":"fixed bridge","v":47.2,"cc":null,"co":null}},{"type":"Feature","geometry":{"type":"LineString","coordinates":[[-79.92207100000087,32.87226809999993],[-79.92224239999996,32.872380599999815],[-79.92222969999966,32.87260570000035],[-79.92206040000019,32.872484199999235],[-79.92207100000087,32.87226809999993]]},"properties":{"k":"b","n":null,"c":"fixed bridge","v":6.0,"cc":null,"co":null}},{"type":"Feature","geometry":{"type":"LineString","coordinates":[[-79.89378419999957,32.8580290000009],[-79.89655649999986,32.85973179999928],[-79.8991571000006,32.8613320000004],[-79.8988776999995,32.86148829999911],[-79.89356939999925,32.85821919999944],[-79.89378419999957,32.8580290000009]]},"properties":{"k":"b","n":null,"c":"fixed bridge","v":42.0,"cc":null,"co":null}},{"type":"Feature","geometry":{"type":"LineString","coordinates":[[-79.93867940000018,32.88459089999924],[-79.9380385000004,32.88412360000075],[-79.93798819999938,32.88408700000036],[-79.93821609999941,32.88389789999928],[-79.93891649999932,32.884420899999895],[-79.93867940000018,32.88459089999924]]},"properties":{"k":"b","n":null,"c":"fixed bridge","v":22.8,"cc":null,"co":null}},{"type":"Feature","geometry":{"type":"LineString","coordinates":[[-79.92191009999988,32.86953619999986],[-79.9220994999996,32.869553200000155],[-79.92213660000016,32.86969429999954],[-79.92195770000035,32.86967910000021],[-79.92191009999988,32.86953619999986]]},"properties":{"k":"b","n":null,"c":"fixed bridge","v":2.1,"cc":null,"co":null}},{"type":"Feature","geometry":{"type":"LineString","coordinates":[[-79.8256935999998,32.923697500000344],[-79.82581319999917,32.9237849000001],[-79.82569250000051,32.923890300000494],[-79.82558040000004,32.92379299999993],[-79.8256935999998,32.923697500000344]]},"properties":{"k":"b","n":null,"c":"fixed bridge","v":16.7,"cc":null,"co":null}},{"type":"Feature","geometry":{"type":"LineString","coordinates":[[-79.82598359999974,32.923450199999934],[-79.8260936000006,32.92354130000058],[-79.8259349,32.92367960000047],[-79.8258163999999,32.92359299999953],[-79.82598359999974,32.923450199999934]]},"properties":{"k":"b","n":null,"c":"fixed bridge","v":16.7,"cc":null,"co":null}},{"type":"Feature","geometry":{"type":"LineString","coordinates":[[-81.2629993999999,32.52463979999993],[-81.26268920000075,32.52523429999928],[-81.26257409999926,32.52517789999911],[-81.2629094999993,32.52460430000065],[-81.2629993999999,32.52463979999993]]},"properties":{"k":"b","n":"SCL Railroad Bridge","c":"swing bridge","v":null,"cc":4.5,"co":null}},{"type":"Feature","geometry":{"type":"LineString","coordinates":[[-81.26853819999997,32.52808709999954],[-81.26860889999989,32.52812740000081],[-81.26811380000072,32.52910560000055],[-81.26803289999953,32.52908019999995],[-81.26853819999997,32.52808709999954]]},"properties":{"k":"b","n":null,"c":"fixed bridge","v":8.2,"cc":null,"co":null}},{"type":"Feature","geometry":{"type":"LineString","coordinates":[[-81.50212920000013,32.93812210000033],[-81.5033196000004,32.93810999999914],[-81.50332170000001,32.93819919999987],[-81.50211359999957,32.93820939999932],[-81.50212920000013,32.93812210000033]]},"properties":{"k":"b","n":null,"c":"fixed bridge","v":8.8,"cc":null,"co":null}},{"type":"Feature","geometry":{"type":"LineString","coordinates":[[-80.99185129999933,32.01935650000087],[-80.99252800000068,32.01994019999984],[-80.99242799999956,32.02012389999982],[-80.99172329999965,32.01952320000055],[-80.99185129999933,32.01935650000087]]},"properties":{"k":"b","n":null,"c":"fixed bridge","v":10.6,"cc":null,"co":null}},{"type":"Feature","geometry":{"type":"LineString","coordinates":[[-80.88360850000026,32.01577809999981],[-80.8840067000001,32.01580180000019],[-80.88399949999985,32.01588249999986],[-80.8836009000006,32.01585479999994],[-80.88360850000026,32.01577809999981]]},"properties":{"k":"b","n":null,"c":"fixed bridge","v":10.6,"cc":null,"co":null}},{"type":"Feature","geometry":{"type":"LineString","coordinates":[[-80.8990001000002,32.02090800000042],[-80.89764599999944,32.02402780000011],[-80.89761609999914,32.02409660000012],[-80.89755409999998,32.024049199999354],[-80.89891429999989,32.02091409999957],[-80.8990001000002,32.02090800000042]]},"properties":{"k":"b","n":null,"c":"fixed bridge","v":3.0,"cc":null,"co":null}},{"type":"Feature","geometry":{"type":"LineString","coordinates":[[-81.09178600000087,32.09808089999933],[-81.09197940000013,32.09814510000069],[-81.09060099999988,32.100000000000364],[-81.09042960000079,32.100000000000364],[-81.09178600000087,32.09808089999933]]},"properties":{"k":"b","n":null,"c":"fixed bridge","v":3.0,"cc":null,"co":null}},{"type":"Feature","geometry":{"type":"LineString","coordinates":[[-81.0983737000006,32.089540599999964],[-81.09814329999972,32.089837100000295],[-81.0979342999999,32.089673599999514],[-81.0999410000004,32.08724749999965],[-81.09992310000052,32.08749689999968],[-81.10001860000011,32.08750719999989],[-81.0983737000006,32.089540599999964]]},"properties":{"k":"b","n":"Eugene Talmadge Memorial Bridge","c":"fixed bridge","v":56.3,"cc":null,"co":null}},{"type":"Feature","geometry":{"type":"LineString","coordinates":[[-81.00445760000002,32.081635200000164],[-81.0045525000005,32.081644899999446],[-81.00181200000043,32.08540619999985],[-81.0017356999997,32.085374800000864],[-81.00445760000002,32.081635200000164]]},"properties":{"k":"b","n":null,"c":"fixed bridge","v":10.6,"cc":null,"co":null}},{"type":"Feature","geometry":{"type":"LineString","coordinates":[[-81.01190049999968,32.05241600000045],[-81.0120052000002,32.052454299999226],[-81.01157539999986,32.05260730000009],[-81.01150140000027,32.05255910000051],[-81.01190049999968,32.05241600000045]]},"properties":{"k":"b","n":null,"c":"fixed bridge","v":1.5,"cc":null,"co":null}},{"type":"Feature","geometry":{"type":"LineString","coordinates":[[-81.01223690000006,32.05099440000049],[-81.01243160000013,32.05091220000031],[-81.01268929999969,32.051141500000085],[-81.01253589999942,32.051321999999345],[-81.01223690000006,32.05099440000049]]},"properties":{"k":"b","n":null,"c":"fixed bridge","v":3.0,"cc":null,"co":null}},{"type":"Feature","geometry":{"type":"LineString","coordinates":[[-81.0469690000009,32.033563400000276],[-81.04682569999932,32.03360749999956],[-81.04680740000003,32.03379150000001],[-81.04500910000024,32.03377240000009],[-81.04500369999914,32.03357069999947],[-81.0469690000009,32.033563400000276]]},"properties":{"k":"b","n":null,"c":"fixed bridge","v":19.8,"cc":null,"co":null}},{"type":"Feature","geometry":{"type":"LineString","coordinates":[[-80.9858062000003,32.03452189999916],[-80.98701640000036,32.03514069999983],[-80.98696220000056,32.035293799999636],[-80.9870461999999,32.03548480000063],[-80.9855779999998,32.03474769999957],[-80.98559139999998,32.03450519999933],[-80.9858062000003,32.03452189999916]]},"properties":{"k":"b","n":null,"c":"fixed bridge","v":10.3,"cc":null,"co":null}},{"type":"Feature","geometry":{"type":"LineString","coordinates":[[-81.15670519999912,32.16544430000067],[-81.15665609999996,32.16557110000031],[-81.15331379999952,32.16571870000007],[-81.15330519999952,32.16565889999947],[-81.15330979999999,32.165593499999886],[-81.15670519999912,32.16544430000067]]},"properties":{"k":"b","n":"25 State Route Bridge","c":"fixed bridge","v":14.3,"cc":null,"co":null}},{"type":"Feature","geometry":{"type":"LineString","coordinates":[[-81.11029380000036,32.10935059999974],[-81.1103652999991,32.10943120000047],[-81.10885989999952,32.110570999999254],[-81.10594329999913,32.112749600000825],[-81.10582740000063,32.11268799999925],[-81.11029380000036,32.10935059999974]]},"properties":{"k":"b","n":"SCL Railroad Bridge","c":"fixed bridge","v":3.3,"cc":null,"co":null}},{"type":"Feature","geometry":{"type":"LineString","coordinates":[[-81.13907359999939,32.16567759999998],[-81.13906490000045,32.165761199999906],[-81.13700439999957,32.165792600000714],[-81.13701100000071,32.16570700000011],[-81.13907359999939,32.16567759999998]]},"properties":{"k":"b","n":null,"c":"fixed bridge","v":1.5,"cc":null,"co":null}},{"type":"Feature","geometry":{"type":"LineString","coordinates":[[-81.09042960000079,32.100000000000364],[-81.09060099999988,32.100000000000364],[-81.08837010000025,32.10262809999949],[-81.0882371000007,32.102581799999825],[-81.09042960000079,32.100000000000364]]},"properties":{"k":"b","n":null,"c":"fixed bridge","v":3.0,"cc":null,"co":null}},{"type":"Feature","geometry":{"type":"LineString","coordinates":[[-81.08796799999982,32.10288290000062],[-81.08795959999952,32.103093399999125],[-81.08657990000029,32.10465359999944],[-81.08651350000036,32.10452970000006],[-81.08796799999982,32.10288290000062]]},"properties":{"k":"b","n":null,"c":"fixed bridge","v":3.0,"cc":null,"co":null}},{"type":"Feature","geometry":{"type":"LineString","coordinates":[[-81.13032609999937,32.16580179999983],[-81.13032449999992,32.16588690000026],[-81.1292713999992,32.16590170000018],[-81.12927839999975,32.16581629999928],[-81.13032609999937,32.16580179999983]]},"properties":{"k":"b","n":null,"c":"fixed bridge","v":2.4,"cc":null,"co":null}},{"type":"Feature","geometry":{"type":"LineString","coordinates":[[-81.15281900000082,32.23465949999991],[-81.1529272000007,32.23473980000017],[-81.15022959999988,32.23668600000019],[-81.15013709999948,32.23658729999988],[-81.15281900000082,32.23465949999991]]},"properties":{"k":"b","n":null,"c":"fixed bridge","v":16.7,"cc":null,"co":null}},{"type":"Feature","geometry":{"type":"LineString","coordinates":[[-81.15251870000066,32.23453239999981],[-81.15266929999962,32.23457410000083],[-81.14999999999964,32.236484799999744],[-81.14999999999964,32.23633660000087],[-81.15251870000066,32.23453239999981]]},"properties":{"k":"b","n":null,"c":"fixed bridge","v":16.7,"cc":null,"co":null}},{"type":"Feature","geometry":{"type":"LineString","coordinates":[[-81.14556350000021,32.23177190000024],[-81.14566809999997,32.23188189999928],[-81.14543880000019,32.232065399999556],[-81.1453261000006,32.23196040000039],[-81.14556350000021,32.23177190000024]]},"properties":{"k":"b","n":null,"c":"bascule bridge","v":null,"cc":2.1,"co":null}},{"type":"Feature","geometry":{"type":"LineString","coordinates":[[-81.14999999999964,32.23633660000087],[-81.14999999999964,32.236484799999744],[-81.14992510000047,32.23639019999973],[-81.14999999999964,32.23633660000087]]},"properties":{"k":"b","n":null,"c":"fixed bridge","v":16.7,"cc":null,"co":null}},{"type":"Feature","geometry":{"type":"LineString","coordinates":[[-80.78786170000058,32.22901810000076],[-80.7901464000006,32.22982620000039],[-80.7938692000007,32.23115200000029],[-80.79378550000001,32.23123900000064],[-80.79357940000045,32.231166600000506],[-80.78780560000087,32.22910969999975],[-80.78786170000058,32.22901810000076]]},"properties":{"k":"b","n":null,"c":"fixed bridge","v":7.6,"cc":null,"co":null}},{"type":"Feature","geometry":{"type":"LineString","coordinates":[[-80.78179730000011,32.2246195000007],[-80.78207409999959,32.22492930000044],[-80.7818554000005,32.2250456999991],[-80.78159059999962,32.22475189999932],[-80.78179730000011,32.2246195000007]]},"properties":{"k":"b","n":null,"c":"fixed bridge","v":19.8,"cc":null,"co":null}},{"type":"Feature","geometry":{"type":"LineString","coordinates":[[-80.78777070000069,32.2291666000001],[-80.79374900000039,32.231286599999294],[-80.79372519999924,32.231395099999645],[-80.78771710000001,32.22925419999956],[-80.78777070000069,32.2291666000001]]},"properties":{"k":"b","n":null,"c":"fixed bridge","v":7.6,"cc":null,"co":null}},{"type":"Feature","geometry":{"type":"LineString","coordinates":[[-80.76932110000052,32.17722099999992],[-80.76957589999984,32.17728290000014],[-80.76826179999989,32.17951399999947],[-80.76795730000049,32.17954260000079],[-80.76932110000052,32.17722099999992]]},"properties":{"k":"b","n":null,"c":"fixed bridge","v":19.8,"cc":null,"co":null}},{"type":"Feature","geometry":{"type":"LineString","coordinates":[[-80.6703035999999,32.393525900000895],[-80.67053429999942,32.39338510000016],[-80.66986689999976,32.39328270000078],[-80.67019489999984,32.39324680000027],[-80.67963369999961,32.39408700000058],[-80.67957260000003,32.39435129999947],[-80.6703035999999,32.393525900000895]]},"properties":{"k":"b","n":null,"c":"fixed bridge","v":19.8,"cc":null,"co":null}},{"type":"Feature","geometry":{"type":"LineString","coordinates":[[-80.67188399999941,32.33471559999998],[-80.67181349999919,32.334855700000844],[-80.6717348000002,32.334840199999235],[-80.67208759999994,32.3342317000006],[-80.67220930000076,32.33418519999941],[-80.67188399999941,32.33471559999998]]},"properties":{"k":"b","n":null,"c":"fixed bridge","v":1.2,"cc":null,"co":null}},{"type":"Feature","geometry":{"type":"LineString","coordinates":[[-80.66912009999942,32.427187699999195],[-80.6691866000001,32.427462300000116],[-80.66906170000038,32.427468199999566],[-80.66899890000059,32.42720879999979],[-80.66912009999942,32.427187699999195]]},"properties":{"k":"b","n":"Ladies Island Bridge","c":"swing bridge","v":null,"cc":9.1,"co":null}},{"type":"Feature","geometry":{"type":"LineString","coordinates":[[-80.66921139999977,32.4275648999992],[-80.66928569999982,32.42787150000004],[-80.66916449999917,32.427892699999575],[-80.66908770000009,32.42757569999958],[-80.66921139999977,32.4275648999992]]},"properties":{"k":"b","n":"Ladies Island Bridge","c":"swing bridge","v":null,"cc":9.1,"co":null}},{"type":"Feature","geometry":{"type":"LineString","coordinates":[[-80.59929539999939,32.48366929999975],[-80.59932180000033,32.48368110000047],[-80.60060800000065,32.48419570000078],[-80.60057039999992,32.48425639999914],[-80.59924769999998,32.4837277000006],[-80.59929539999939,32.48366929999975]]},"properties":{"k":"b","n":null,"c":"fixed bridge","v":4.2,"cc":null,"co":null}},{"type":"Feature","geometry":{"type":"LineString","coordinates":[[-80.43805450000036,32.55572790000042],[-80.43834900000002,32.55627749999985],[-80.43821799999932,32.55635319999965],[-80.43792129999929,32.55576839999958],[-80.43805450000036,32.55572790000042]]},"properties":{"k":"b","n":null,"c":"fixed bridge","v":0.3,"cc":null,"co":null}},{"type":"Feature","geometry":{"type":"LineString","coordinates":[[-80.34122100000059,32.636016700000255],[-80.34188240000003,32.637652499999604],[-80.3415313000005,32.637804300000425],[-80.34089800000038,32.6362296999996],[-80.34122100000059,32.636016700000255]]},"properties":{"k":"b","n":null,"c":"fixed bridge","v":19.8,"cc":null,"co":null}},{"type":"Feature","geometry":{"type":"LineString","coordinates":[[-80.09166299999924,32.7143959999994],[-80.09194500000012,32.714482999999746],[-80.09138600000006,32.714772999999695],[-80.09119500000088,32.71468099999947],[-80.09166299999924,32.7143959999994]]},"properties":{"k":"b","n":null,"c":"fixed bridge","v":2.7,"cc":null,"co":null}},{"type":"Feature","geometry":{"type":"LineString","coordinates":[[-80.10693999999967,32.784897999999885],[-80.10767499999929,32.78639699999985],[-80.10737560000052,32.78657480000038],[-80.10665599999993,32.78498600000057],[-80.10693999999967,32.784897999999885]]},"properties":{"k":"b","n":"John F Limehouse","c":"fixed bridge","v":19.8,"cc":null,"co":null}},{"type":"Feature","geometry":{"type":"LineString","coordinates":[[-79.7892482999996,32.79045899999983],[-79.78986559999976,32.791387600000235],[-79.78977080000004,32.79154240000025],[-79.78915509999933,32.790617500000735],[-79.7892482999996,32.79045899999983]]},"properties":{"k":"b","n":null,"c":"fixed bridge","v":8.5,"cc":null,"co":null}},{"type":"Feature","geometry":{"type":"LineString","coordinates":[[-79.79119119999996,32.793380299999626],[-79.79171409999981,32.794168000000354],[-79.79207099999985,32.79470550000042],[-79.79191100000025,32.79476679999971],[-79.79102640000019,32.79346079999959],[-79.79119119999996,32.793380299999626]]},"properties":{"k":"b","n":null,"c":"fixed bridge","v":19.8,"cc":null,"co":null}},{"type":"Feature","geometry":{"type":"LineString","coordinates":[[-79.94198460000007,33.093332599999485],[-79.9420695000008,33.093455000000176],[-79.94181500000013,33.09358860000066],[-79.94173670000055,33.09346899999946],[-79.94198460000007,33.093332599999485]]},"properties":{"k":"b","n":"CSX Cordesville RR Bridge","c":"bascule bridge","v":null,"cc":3.0,"co":null}},{"type":"Feature","geometry":{"type":"LineString","coordinates":[[-81.3858020000007,30.13246910000089],[-81.38601600000038,30.132625800000824],[-81.38530729999911,30.1330753000002],[-81.38514450000002,30.13288780000039],[-81.3858020000007,30.13246910000089]]},"properties":{"k":"b","n":"Palm Valley Bridge","c":"fixed bridge","v":19.8,"cc":null,"co":null}},{"type":"Feature","geometry":{"type":"LineString","coordinates":[[-81.42149710000012,30.287955600000714],[-81.4214979999997,30.288396199999625],[-81.4210923999999,30.288399299999583],[-81.4210832000008,30.287958900000376],[-81.42149710000012,30.287955600000714]]},"properties":{"k":"b","n":"B B McCormick Bridge","c":"fixed bridge","v":19.8,"cc":null,"co":null}},{"type":"Feature","geometry":{"type":"LineString","coordinates":[[-81.42855589999999,30.257181599999967],[-81.42845400000078,30.257487000000765],[-81.42813960000058,30.257491599999412],[-81.42824710000059,30.25718609999967],[-81.42855589999999,30.257181599999967]]},"properties":{"k":"b","n":"Twin Fixed Bridges","c":"fixed bridge","v":19.8,"cc":null,"co":null}},{"type":"Feature","geometry":{"type":"LineString","coordinates":[[-81.45694120000007,30.512568599999213],[-81.45703110000068,30.512670800000706],[-81.45645709999917,30.51324139999997],[-81.45000000000073,30.51838619999944],[-81.45000000000073,30.518167899999753],[-81.45635690000017,30.513147699999536],[-81.45694120000007,30.512568599999213]]},"properties":{"k":"b","n":null,"c":"fixed bridge","v":6.4,"cc":null,"co":null}},{"type":"Feature","geometry":{"type":"LineString","coordinates":[[-81.45450259999961,30.517171600000438],[-81.45458429999962,30.517214600000443],[-81.45000000000073,30.51976669999931],[-81.45000000000073,30.519668400000228],[-81.45450259999961,30.517171600000438]]},"properties":{"k":"b","n":"George Crady Bridge Fishing Pier","c":"fixed bridge","v":4.5,"cc":null,"co":null}},{"type":"Feature","geometry":{"type":"LineString","coordinates":[[-81.45719180000015,30.512794700000086],[-81.45725700000003,30.512844999999288],[-81.4567704000001,30.514084399999774],[-81.45669310000085,30.514048600000024],[-81.45719180000015,30.512794700000086]]},"properties":{"k":"b","n":null,"c":"fixed bridge","v":4.5,"cc":null,"co":null}},{"type":"Feature","geometry":{"type":"LineString","coordinates":[[-81.45000000000073,30.519668400000228],[-81.45000000000073,30.51976669999931],[-81.44578750000073,30.522090700000263],[-81.44576869999946,30.522015000000465],[-81.44599059999928,30.521887200000492],[-81.45000000000073,30.519668400000228]]},"properties":{"k":"b","n":"George Crady Bridge Fishing Pier","c":"fixed bridge","v":4.5,"cc":null,"co":null}},{"type":"Feature","geometry":{"type":"LineString","coordinates":[[-81.45000000000073,30.518167899999753],[-81.45000000000073,30.51838619999944],[-81.4495766,30.518732000000455],[-81.44568459999937,30.521810500000356],[-81.44556849999935,30.521689200000765],[-81.45000000000073,30.518167899999753]]},"properties":{"k":"b","n":null,"c":"fixed bridge","v":6.4,"cc":null,"co":null}},{"type":"Feature","geometry":{"type":"LineString","coordinates":[[-81.48445410000022,30.627705999999307],[-81.48449790000086,30.62779059999957],[-81.48332090000076,30.62833970000065],[-81.48315270000057,30.62807210000028],[-81.4843779999992,30.62751709999975],[-81.48445410000022,30.627705999999307]]},"properties":{"k":"b","n":"Twin Fixed Bridges","c":"fixed bridge","v":19.8,"cc":null,"co":null}},{"type":"Feature","geometry":{"type":"LineString","coordinates":[[-81.5341896000009,31.20796169999994],[-81.53434240000024,31.208007900000666],[-81.53393279999909,31.20874089999961],[-81.53344049999941,31.20869169999969],[-81.53383100000065,31.20785330000035],[-81.5341896000009,31.20796169999994]]},"properties":{"k":"b","n":null,"c":"fixed bridge","v":4.5,"cc":null,"co":null}},{"type":"Feature","geometry":{"type":"LineString","coordinates":[[-81.44765600000028,31.326989799999865],[-81.44785090000005,31.329321999999593],[-81.44769280000037,31.329392999999982],[-81.44749600000068,31.327018500000122],[-81.44765600000028,31.326989799999865]]},"properties":{"k":"b","n":null,"c":"fixed bridge","v":10.6,"cc":null,"co":null}},{"type":"Feature","geometry":{"type":"LineString","coordinates":[[-81.44973140000002,31.33680330000061],[-81.45000000000073,31.33747129999938],[-81.45000000000073,31.33798299999944],[-81.4495310000002,31.336803899999722],[-81.44973140000002,31.33680330000061]]},"properties":{"k":"b","n":null,"c":"fixed bridge","v":1.5,"cc":null,"co":null}},{"type":"Feature","geometry":{"type":"LineString","coordinates":[[-81.43638210000063,31.366970299999593],[-81.43653710000035,31.367050400000153],[-81.4358959000001,31.36794209999971],[-81.43573529999958,31.367872400000124],[-81.43638210000063,31.366970299999593]]},"properties":{"k":"b","n":null,"c":"fixed bridge","v":9.4,"cc":null,"co":null}},{"type":"Feature","geometry":{"type":"LineString","coordinates":[[-81.44460000000072,31.35503179999978],[-81.44489000000067,31.355132000000594],[-81.44324960000085,31.35752169999978],[-81.44289770000069,31.35741869999947],[-81.44460000000072,31.35503179999978]]},"properties":{"k":"b","n":null,"c":"fixed bridge","v":1.5,"cc":null,"co":null}},{"type":"Feature","geometry":{"type":"LineString","coordinates":[[-81.52499999999964,30.759883400000035],[-81.52550519999932,30.76003579999997],[-81.52547579999919,30.760159100000237],[-81.52499999999964,30.760016800000813],[-81.52499999999964,30.759883400000035]]},"properties":{"k":"b","n":null,"c":"fixed bridge","v":1.2,"cc":null,"co":null}},{"type":"Feature","geometry":{"type":"LineString","coordinates":[[-81.52479579999999,30.75982180000028],[-81.52499999999964,30.759883400000035],[-81.52499999999964,30.760016800000813],[-81.52472560000024,30.759934800000337],[-81.52479579999999,30.75982180000028]]},"properties":{"k":"b","n":null,"c":"fixed bridge","v":1.2,"cc":null,"co":null}},{"type":"Feature","geometry":{"type":"LineString","coordinates":[[-81.42287399999987,31.047318000000814],[-81.42323299999953,31.047316000000137],[-81.42323299999953,31.047458999999435],[-81.42287399999987,31.047461000000112],[-81.42287399999987,31.047318000000814]]},"properties":{"k":"b","n":null,"c":"fixed bridge","v":19.8,"cc":null,"co":null}},{"type":"Feature","geometry":{"type":"LineString","coordinates":[[-81.59862009999961,30.32121139999981],[-81.59920500000044,30.321687499999825],[-81.60000000000036,30.322156000000177],[-81.60000000000036,30.32232760000079],[-81.59878380000009,30.32155849999981],[-81.5984812000006,30.321285199999693],[-81.59862009999961,30.32121139999981]]},"properties":{"k":"b","n":null,"c":"fixed bridge","v":5.4,"cc":null,"co":null}},{"type":"Feature","geometry":{"type":"LineString","coordinates":[[-81.58760509999956,30.31280169999991],[-81.58757270000024,30.31302979999964],[-81.58722309999939,30.313041400000657],[-81.58733340000072,30.312815400000545],[-81.58760509999956,30.31280169999991]]},"properties":{"k":"b","n":null,"c":"fixed bridge","v":2.4,"cc":null,"co":null}},{"type":"Feature","geometry":{"type":"LineString","coordinates":[[-81.59819070000049,30.32148579999921],[-81.59793890000037,30.32211070000085],[-81.59770879999996,30.322026199999527],[-81.59804330000043,30.32130529999995],[-81.59825160000037,30.3213508000008],[-81.59819070000049,30.32148579999921]]},"properties":{"k":"b","n":null,"c":"fixed bridge","v":5.7,"cc":null,"co":null}},{"type":"Feature","geometry":{"type":"LineString","coordinates":[[-81.55224210000051,30.36573540000063],[-81.55198969999947,30.366831100000127],[-81.55181059999995,30.368170499999906],[-81.55176220000067,30.369300199999998],[-81.55182099999911,30.370553599999766],[-81.55198659999951,30.371762599999784],[-81.55223540000043,30.37286850000055],[-81.55300130000069,30.375],[-81.55267470000035,30.375],[-81.55218699999932,30.373747999999978],[-81.55169700000079,30.371865799999796],[-81.55148799999915,30.370183000000907],[-81.55150510000021,30.368228799999997],[-81.55167620000066,30.366889599999922],[-81.55192200000056,30.365800400000808],[-81.55224210000051,30.36573540000063]]},"properties":{"k":"b","n":null,"c":"fixed bridge","v":6.0,"cc":null,"co":null}},{"type":"Feature","geometry":{"type":"LineString","coordinates":[[-81.59515479999936,30.312814799999614],[-81.59581339999932,30.312983199999508],[-81.59575600000062,30.313182699999743],[-81.59496729999955,30.312988400000904],[-81.59515479999936,30.312814799999614]]},"properties":{"k":"b","n":null,"c":"fixed bridge","v":2.7,"cc":null,"co":null}},{"type":"Feature","geometry":{"type":"LineString","coordinates":[[-81.59763399999974,30.322590199999468],[-81.59714189999977,30.32372740000028],[-81.59694189999936,30.323667200000273],[-81.59748720000061,30.32247190000089],[-81.59763399999974,30.322590199999468]]},"properties":{"k":"b","n":null,"c":"fixed bridge","v":5.7,"cc":null,"co":null}},{"type":"Feature","geometry":{"type":"LineString","coordinates":[[-81.43875939999998,30.323217099999965],[-81.43902589999925,30.32352709999941],[-81.43851530000029,30.3236280000001],[-81.43846499999927,30.323274599999422],[-81.43875939999998,30.323217099999965]]},"properties":{"k":"b","n":"Over Atlantic Intracoastal Waterway","c":"fixed bridge","v":19.8,"cc":null,"co":null}},{"type":"Feature","geometry":{"type":"LineString","coordinates":[[-81.44303509999918,30.36074010000084],[-81.44314599999962,30.360968799999682],[-81.44277689999944,30.361104999999952],[-81.44266720000087,30.360874899999544],[-81.44303509999918,30.36074010000084]]},"properties":{"k":"b","n":null,"c":"fixed bridge","v":19.8,"cc":null,"co":null}},{"type":"Feature","geometry":{"type":"LineString","coordinates":[[-81.44125229999918,30.361397299999226],[-81.44059360000028,30.361742700000832],[-81.44049769999947,30.36194660000001],[-81.43932080000013,30.362381700000697],[-81.43951729999935,30.362038699999175],[-81.44125229999918,30.361397299999226]]},"properties":{"k":"b","n":null,"c":"fixed bridge","v":11.8,"cc":null,"co":null}},{"type":"Feature","geometry":{"type":"LineString","coordinates":[[-81.58109200000035,30.4122669999997],[-81.58104710000043,30.412028999999166],[-81.58410530000037,30.41204319999997],[-81.58399420000023,30.41228620000038],[-81.58109200000035,30.4122669999997]]},"properties":{"k":"b","n":"Dunn Creek SR 105","c":"fixed bridge","v":7.3,"cc":null,"co":null}},{"type":"Feature","geometry":{"type":"LineString","coordinates":[[-81.58374080000067,30.436393800000587],[-81.58490239999992,30.437280100000862],[-81.58484959999987,30.437405900000158],[-81.58365459999914,30.436489100000472],[-81.58374080000067,30.436393800000587]]},"properties":{"k":"b","n":null,"c":"fixed bridge","v":7.1,"cc":null,"co":null}},{"type":"Feature","geometry":{"type":"LineString","coordinates":[[-81.58383449999928,30.436123999999836],[-81.58448010000029,30.436615399999937],[-81.5850790000004,30.437077299999146],[-81.58499049999955,30.437179200000173],[-81.58470110000053,30.436958800000866],[-81.583799,30.4362641000007],[-81.58383449999928,30.436123999999836]]},"properties":{"k":"b","n":null,"c":"fixed bridge","v":7.1,"cc":null,"co":null}},{"type":"Feature","geometry":{"type":"LineString","coordinates":[[-81.55777859999944,30.386059500000556],[-81.55747110000084,30.386171500000273],[-81.5560817000005,30.382943700000396],[-81.55639610000071,30.382847099999708],[-81.55777859999944,30.386059500000556]]},"properties":{"k":"b","n":null,"c":"fixed bridge","v":51.5,"cc":null,"co":null}},{"type":"Feature","geometry":{"type":"LineString","coordinates":[[-81.53881639999963,30.412450899999385],[-81.5415023000005,30.41554299999916],[-81.54143130000011,30.41560820000086],[-81.53871009999966,30.412491099999897],[-81.53881639999963,30.412450899999385]]},"properties":{"k":"b","n":null,"c":"fixed bridge","v":2.4,"cc":null,"co":null}},{"type":"Feature","geometry":{"type":"LineString","coordinates":[[-81.5402226999995,30.410909700000047],[-81.54391170000054,30.4135167000004],[-81.54385209999964,30.413809100000435],[-81.54001869999956,30.41111389999969],[-81.5402226999995,30.410909700000047]]},"properties":{"k":"b","n":null,"c":"fixed bridge","v":3.0,"cc":null,"co":null}},{"type":"Feature","geometry":{"type":"LineString","coordinates":[[-81.55267470000035,30.375],[-81.55300130000069,30.375],[-81.55417119999947,30.377731599999606],[-81.55384799999956,30.37772550000045],[-81.55267470000035,30.375]]},"properties":{"k":"b","n":null,"c":"fixed bridge","v":6.0,"cc":null,"co":null}},{"type":"Feature","geometry":{"type":"LineString","coordinates":[[-81.53178569999909,30.41763010000068],[-81.53175499999998,30.4177380000001],[-81.53165339999941,30.4177166999998],[-81.53168759999971,30.417610300000888],[-81.53178569999909,30.41763010000068]]},"properties":{"k":"b","n":null,"c":"fixed bridge","v":2.7,"cc":null,"co":null}},{"type":"Feature","geometry":{"type":"LineString","coordinates":[[-81.53906529999949,30.412319999999454],[-81.53951170000073,30.412834999999177],[-81.54183179999927,30.415509200000088],[-81.54175399999986,30.415552500000558],[-81.53897739999957,30.41236629999912],[-81.53906529999949,30.412319999999454]]},"properties":{"k":"b","n":null,"c":"fixed bridge","v":2.4,"cc":null,"co":null}},{"type":"Feature","geometry":{"type":"LineString","coordinates":[[-81.5831646000006,30.43758270000035],[-81.5843406999993,30.43781560000025],[-81.58465230000002,30.437877399999707],[-81.58314050000081,30.437618699999803],[-81.5831646000006,30.43758270000035]]},"properties":{"k":"b","n":"RR Bridge","c":"fixed bridge","v":2.1,"cc":null,"co":null}},{"type":"Feature","geometry":{"type":"LineString","coordinates":[[-81.50845839999965,30.40520219999962],[-81.50855629999933,30.40526839999984],[-81.50847470000008,30.405355599999893],[-81.50838239999939,30.405290599999717],[-81.50845839999965,30.40520219999962]]},"properties":{"k":"b","n":null,"c":"fixed bridge","v":3.6,"cc":null,"co":null}},{"type":"Feature","geometry":{"type":"LineString","coordinates":[[-81.45959910000056,30.394012900000234],[-81.45985839999958,30.39430220000031],[-81.45970130000023,30.39442600000075],[-81.45945799999936,30.39415089999966],[-81.45959910000056,30.394012900000234]]},"properties":{"k":"b","n":null,"c":"fixed bridge","v":19.8,"cc":null,"co":null}},{"type":"Feature","geometry":{"type":"LineString","coordinates":[[-81.41910690000077,30.419278699999268],[-81.41914890000044,30.419355399999404],[-81.41599230000065,30.421232700000473],[-81.41590130000077,30.421141299999363],[-81.41910690000077,30.419278699999268]]},"properties":{"k":"b","n":null,"c":"fixed bridge","v":4.5,"cc":null,"co":null}},{"type":"Feature","geometry":{"type":"LineString","coordinates":[[-81.47966369999995,31.088372700000036],[-81.47989330000019,31.088734099999783],[-81.47960029999922,31.08876059999966],[-81.4793183999991,31.08840649999911],[-81.47966369999995,31.088372700000036]]},"properties":{"k":"b","n":null,"c":"fixed bridge","v":3.0,"cc":null,"co":null}},{"type":"Feature","geometry":{"type":"LineString","coordinates":[[-81.48554610000065,31.114956900000834],[-81.48576119999962,31.115036499999405],[-81.4844723999995,31.117659400000775],[-81.48425940000016,31.117575000000215],[-81.48554610000065,31.114956900000834]]},"properties":{"k":"b","n":"Sidney Lanier Fixed Bridge","c":"fixed bridge","v":56.3,"cc":null,"co":null}},{"type":"Feature","geometry":{"type":"LineString","coordinates":[[-81.53242329999921,31.185192400000233],[-81.5325957999994,31.185281100000793],[-81.53063830000065,31.18867449999925],[-81.5288729999993,31.191632000000027],[-81.52869529999953,31.191883499999676],[-81.52854619999925,31.191815199999837],[-81.53242329999921,31.185192400000233]]},"properties":{"k":"b","n":null,"c":"fixed bridge","v":10.6,"cc":null,"co":null}},{"type":"Feature","geometry":{"type":"LineString","coordinates":[[-81.56879819999995,31.15253870000015],[-81.56737839999914,31.154044999999314],[-81.56730269999935,31.1539757999999],[-81.56872379999913,31.15246979999938],[-81.56879819999995,31.15253870000015]]},"properties":{"k":"b","n":null,"c":"fixed bridge","v":4.5,"cc":null,"co":null}},{"type":"Feature","geometry":{"type":"LineString","coordinates":[[-81.55245570000079,31.127189599999838],[-81.55291279999983,31.127471399999195],[-81.55278410000028,31.127529600000344],[-81.55228139999963,31.12722120000035],[-81.55245570000079,31.127189599999838]]},"properties":{"k":"b","n":null,"c":"fixed bridge","v":5.4,"cc":null,"co":null}},{"type":"Feature","geometry":{"type":"LineString","coordinates":[[-81.5527089999996,31.12708460000067],[-81.55309239999951,31.12732010000036],[-81.55300010000065,31.127402000000075],[-81.55258560000038,31.12714810000034],[-81.5527089999996,31.12708460000067]]},"properties":{"k":"b","n":null,"c":"fixed bridge","v":5.4,"cc":null,"co":null}},{"type":"Feature","geometry":{"type":"LineString","coordinates":[[-81.56537690000005,31.15078109999922],[-81.56589050000002,31.15100960000018],[-81.56413210000028,31.153255200000785],[-81.56389660000059,31.1533072000002],[-81.5629685999993,31.15386629999921],[-81.56346490000033,31.154107000000295],[-81.5633543999993,31.154247899999973],[-81.56260880000082,31.1543070000007],[-81.56537690000005,31.15078109999922]]},"properties":{"k":"b","n":null,"c":"fixed bridge","v":4.5,"cc":null,"co":null}},{"type":"Feature","geometry":{"type":"LineString","coordinates":[[-81.53957939999964,31.194761500000823],[-81.53879679999955,31.196659699999145],[-81.53820169999926,31.196521899999425],[-81.54163410000001,31.187966999999844],[-81.54216289999931,31.188170499999615],[-81.53957939999964,31.194761500000823]]},"properties":{"k":"b","n":null,"c":"fixed bridge","v":10.6,"cc":null,"co":null}},{"type":"Feature","geometry":{"type":"LineString","coordinates":[[-81.46907540000029,31.16177710000011],[-81.46906820000004,31.161788600000364],[-81.4685270000009,31.161833599999227],[-81.46861180000087,31.161609599999792],[-81.46920689999934,31.16156509999928],[-81.46907540000029,31.16177710000011]]},"properties":{"k":"b","n":null,"c":"fixed bridge","v":1.8,"cc":null,"co":null}},{"type":"Feature","geometry":{"type":"LineString","coordinates":[[-81.44722600000023,31.164035600000716],[-81.44734900000003,31.16422649999913],[-81.4453592000009,31.16493780000019],[-81.44520150000062,31.16477219999979],[-81.44722600000023,31.164035600000716]]},"properties":{"k":"b","n":null,"c":"fixed bridge","v":12.1,"cc":null,"co":null}},{"type":"Feature","geometry":{"type":"LineString","coordinates":[[-81.38852579999912,31.185808399999587],[-81.3884264999997,31.18557940000028],[-81.38895579999917,31.185666199999105],[-81.38900250000006,31.185869700000694],[-81.38852579999912,31.185808399999587]]},"properties":{"k":"b","n":null,"c":"fixed bridge","v":1.8,"cc":null,"co":null}},{"type":"Feature","geometry":{"type":"LineString","coordinates":[[-81.41205780000018,31.166858099999445],[-81.41213930000049,31.166907200000423],[-81.41459399999985,31.1684750000004],[-81.41446320000068,31.168606600000203],[-81.41192260000025,31.166998200000307],[-81.41205780000018,31.166858099999445]]},"properties":{"k":"b","n":null,"c":"fixed bridge","v":2.7,"cc":null,"co":null}},{"type":"Feature","geometry":{"type":"LineString","coordinates":[[-81.42331019999983,31.17088110000077],[-81.42601420000028,31.17148679999991],[-81.42664429999968,31.171643499999846],[-81.42658130000018,31.171827100000883],[-81.42315039999994,31.171052699999564],[-81.42331019999983,31.17088110000077]]},"properties":{"k":"b","n":null,"c":"fixed bridge","v":19.8,"cc":null,"co":null}},{"type":"Feature","geometry":{"type":"LineString","coordinates":[[-81.43709619999936,31.16843719999997],[-81.43724440000005,31.168617499999527],[-81.43610799999988,31.169140899999547],[-81.4359672999999,31.16896269999961],[-81.43709619999936,31.16843719999997]]},"properties":{"k":"b","n":null,"c":"fixed bridge","v":1.8,"cc":null,"co":null}},{"type":"Feature","geometry":{"type":"LineString","coordinates":[[-81.35128430000077,31.178807500000403],[-81.35194869999941,31.17893120000008],[-81.35199610000018,31.178939999999784],[-81.35193790000085,31.179046799999924],[-81.35125030000017,31.17891679999957],[-81.35128430000077,31.178807500000403]]},"properties":{"k":"b","n":null,"c":"fixed bridge","v":4.8,"cc":null,"co":null}},{"type":"Feature","geometry":{"type":"LineString","coordinates":[[-77.35490579999998,34.735063500000024],[-77.35311910000001,34.73384119999997]]},"properties":{"k":"b","n":null,"c":"fixed bridge","v":2.4,"cc":null,"co":null}},{"type":"Feature","geometry":{"type":"LineString","coordinates":[[-80.95803790000002,32.036430800000005],[-80.95975650000003,32.034934899999996]]},"properties":{"k":"b","n":null,"c":"fixed bridge","v":6.0,"cc":null,"co":null}},{"type":"Feature","geometry":{"type":"LineString","coordinates":[[-81.48399599999999,30.629131400000006],[-81.48460799999998,30.628810299999998]]},"properties":{"k":"b","n":null,"c":"swing bridge","v":null,"cc":1.5,"co":null}},{"type":"Feature","geometry":{"type":"LineString","coordinates":[[-81.55045339999998,31.131593500000008],[-81.54991439999998,31.131288100000006]]},"properties":{"k":"b","n":null,"c":"fixed bridge","v":3.0,"cc":null,"co":null}},{"type":"Feature","geometry":{"type":"LineString","coordinates":[[-76.73733149999998,34.7109858],[-76.73653180000002,34.71737949999999]]},"properties":{"k":"c","n":null,"c":"power line","v":14.9,"cc":null,"co":null}},{"type":"Feature","geometry":{"type":"LineString","coordinates":[[-76.73653180000002,34.71737949999999],[-76.73634870000001,34.71874630000002]]},"properties":{"k":"c","n":null,"c":"power line","v":27.7,"cc":null,"co":null}},{"type":"Feature","geometry":{"type":"LineString","coordinates":[[-76.73634870000001,34.71874630000002],[-76.73613419999998,34.72028160000002],[-76.73569659999998,34.7214166]]},"properties":{"k":"c","n":null,"c":"power line","v":14.9,"cc":null,"co":null}},{"type":"Feature","geometry":{"type":"LineString","coordinates":[[-76.68665390000001,34.72122039999999],[-76.69601840000001,34.72047839999999]]},"properties":{"k":"c","n":null,"c":"power line","v":26.8,"cc":null,"co":null}},{"type":"Feature","geometry":{"type":"LineString","coordinates":[[-76.67050999999998,34.72280699999999],[-76.66739790000003,34.72275569999999]]},"properties":{"k":"c","n":null,"c":"power line","v":26.5,"cc":null,"co":null}},{"type":"Feature","geometry":{"type":"LineString","coordinates":[[-76.57499999999999,34.720721200000014],[-76.57815649999998,34.713980400000025]]},"properties":{"k":"c","n":null,"c":"power line","v":21.3,"cc":null,"co":null}},{"type":"Feature","geometry":{"type":"LineString","coordinates":[[-76.57423189999997,34.72236149999998],[-76.57499999999999,34.720721200000014]]},"properties":{"k":"c","n":null,"c":"power line","v":21.3,"cc":null,"co":null}},{"type":"Feature","geometry":{"type":"LineString","coordinates":[[-76.61171089999999,34.78862600000002],[-76.6091988,34.78896270000001]]},"properties":{"k":"c","n":null,"c":"power line","v":9.1,"cc":null,"co":null}},{"type":"Feature","geometry":{"type":"LineString","coordinates":[[-76.50857300000001,34.78568999999999],[-76.50736039999998,34.786696000000006]]},"properties":{"k":"c","n":null,"c":"power line","v":8.2,"cc":null,"co":null}},{"type":"Feature","geometry":{"type":"LineString","coordinates":[[-76.4886626,34.763137099999994],[-76.48668700000002,34.76588889999999]]},"properties":{"k":"c","n":null,"c":"power line","v":8.2,"cc":null,"co":null}},{"type":"Feature","geometry":{"type":"LineString","coordinates":[[-77.55048440000002,34.431863899999996],[-77.55000000000001,34.431336499999986]]},"properties":{"k":"c","n":null,"c":"power line","v":24.6,"cc":null,"co":null}},{"type":"Feature","geometry":{"type":"LineString","coordinates":[[-77.55000000000001,34.431336499999986],[-77.54919230000002,34.43045710000001]]},"properties":{"k":"c","n":null,"c":"power line","v":24.6,"cc":null,"co":null}},{"type":"Feature","geometry":{"type":"LineString","coordinates":[[-77.43005449999998,34.5],[-77.42957280000002,34.49900939999998]]},"properties":{"k":"c","n":null,"c":"power line","v":25.9,"cc":null,"co":null}},{"type":"Feature","geometry":{"type":"LineString","coordinates":[[-77.43031939999997,34.500556700000004],[-77.43005449999998,34.5]]},"properties":{"k":"c","n":null,"c":"power line","v":25.9,"cc":null,"co":null}},{"type":"Feature","geometry":{"type":"LineString","coordinates":[[-77.3608357,34.57499999999999],[-77.36006659999998,34.571975399999985]]},"properties":{"k":"c","n":null,"c":" ","v":7.6,"cc":null,"co":null}},{"type":"Feature","geometry":{"type":"LineString","coordinates":[[-77.37278750000002,34.518606499999976],[-77.37189840000002,34.517195500000014]]},"properties":{"k":"c","n":null,"c":"power line","v":28.0,"cc":null,"co":null}},{"type":"Feature","geometry":{"type":"LineString","coordinates":[[-77.27174109999999,34.573796500000014],[-77.27068630000002,34.572863600000005]]},"properties":{"k":"c","n":null,"c":"power line","v":22.5,"cc":null,"co":null}},{"type":"Feature","geometry":{"type":"LineString","coordinates":[[-77.36096420000001,34.57550550000002],[-77.3608357,34.57499999999999]]},"properties":{"k":"c","n":null,"c":" ","v":7.6,"cc":null,"co":null}},{"type":"Feature","geometry":{"type":"LineString","coordinates":[[-77.117325,34.687589],[-77.11173200000002,34.68155300000001]]},"properties":{"k":"c","n":null,"c":"power line","v":6.4,"cc":null,"co":null}},{"type":"Feature","geometry":{"type":"LineString","coordinates":[[-77.06474220000001,34.67448719999999],[-77.06465989999998,34.67420449999997]]},"properties":{"k":"c","n":null,"c":"power line","v":30.4,"cc":null,"co":null}},{"type":"Feature","geometry":{"type":"LineString","coordinates":[[-77.06679100000002,34.67978199999999],[-77.06538699999999,34.67670199999998],[-77.06474220000001,34.67448719999999]]},"properties":{"k":"c","n":null,"c":"power line","v":16.7,"cc":null,"co":null}},{"type":"Feature","geometry":{"type":"LineString","coordinates":[[-77.06465989999998,34.67420449999997],[-77.06261799999999,34.666556000000014]]},"properties":{"k":"c","n":null,"c":"power line","v":16.7,"cc":null,"co":null}},{"type":"Feature","geometry":{"type":"LineString","coordinates":[[-77.42645499999998,34.75671399999999],[-77.425794,34.757045000000005]]},"properties":{"k":"c","n":null,"c":"power line","v":5.7,"cc":null,"co":null}},{"type":"Feature","geometry":{"type":"LineString","coordinates":[[-77.43500169999999,34.75158979999998],[-77.4332301,34.751830900000016]]},"properties":{"k":"c","n":null,"c":"power line","v":7.3,"cc":null,"co":null}},{"type":"Feature","geometry":{"type":"LineString","coordinates":[[-77.43535910000003,34.75249530000002],[-77.43292500000001,34.7531257]]},"properties":{"k":"c","n":null,"c":"power line","v":12.8,"cc":null,"co":null}},{"type":"Feature","geometry":{"type":"LineString","coordinates":[[-77.438534,34.75806799999998],[-77.43775699999998,34.75961899999999],[-77.435679,34.76095600000002]]},"properties":{"k":"c","n":null,"c":"power line","v":6.0,"cc":null,"co":null}},{"type":"Feature","geometry":{"type":"LineString","coordinates":[[-77.43742099999997,34.75668300000001],[-77.43485320000002,34.7567851],[-77.43192399999998,34.757164999999986]]},"properties":{"k":"c","n":null,"c":"power line","v":7.6,"cc":null,"co":null}},{"type":"Feature","geometry":{"type":"LineString","coordinates":[[-77.42721699999998,34.757675000000006],[-77.42656399999998,34.757678]]},"properties":{"k":"c","n":null,"c":"power line","v":7.6,"cc":null,"co":null}},{"type":"Feature","geometry":{"type":"LineString","coordinates":[[-77.4278003,34.758085900000026],[-77.42719629999999,34.7584114]]},"properties":{"k":"c","n":null,"c":"power line","v":7.6,"cc":null,"co":null}},{"type":"Feature","geometry":{"type":"LineString","coordinates":[[-77.4273288,34.75765860000001],[-77.42674950000003,34.75793329999999]]},"properties":{"k":"c","n":null,"c":"power line","v":7.6,"cc":null,"co":null}},{"type":"Feature","geometry":{"type":"LineString","coordinates":[[-77.43095399999999,34.757266000000016],[-77.42969799999997,34.757428000000004]]},"properties":{"k":"c","n":null,"c":"power line","v":7.6,"cc":null,"co":null}},{"type":"Feature","geometry":{"type":"LineString","coordinates":[[-77.34715720000003,34.73718339999999],[-77.34896789999999,34.73556689999998]]},"properties":{"k":"c","n":null,"c":"power line","v":9.1,"cc":null,"co":null}},{"type":"Feature","geometry":{"type":"LineString","coordinates":[[-77.35369659999998,34.743536199999994],[-77.35062499999998,34.741488000000004]]},"properties":{"k":"c","n":null,"c":"power line","v":9.1,"cc":null,"co":null}},{"type":"Feature","geometry":{"type":"LineString","coordinates":[[-77.35454670000001,34.73584499999998],[-77.35153969999999,34.73390230000001]]},"properties":{"k":"c","n":null,"c":"power line","v":6.0,"cc":null,"co":null}},{"type":"Feature","geometry":{"type":"LineString","coordinates":[[-77.35576209999999,34.73539460000001],[-77.35241889999998,34.73274249999997]]},"properties":{"k":"c","n":null,"c":"power line","v":6.0,"cc":null,"co":null}},{"type":"Feature","geometry":{"type":"LineString","coordinates":[[-76.7490876,34.8372516],[-76.75002460000002,34.8367356]]},"properties":{"k":"c","n":null,"c":"power line","v":11.5,"cc":null,"co":null}},{"type":"Feature","geometry":{"type":"LineString","coordinates":[[-76.69215400000002,34.827192000000025],[-76.69023199999998,34.82686699999999]]},"properties":{"k":"c","n":null,"c":"power line","v":28.6,"cc":null,"co":null}},{"type":"Feature","geometry":{"type":"LineString","coordinates":[[-76.6921992,34.82870630000002],[-76.6898602,34.828328899999974]]},"properties":{"k":"c","n":null,"c":"power line","v":25.9,"cc":null,"co":null}},{"type":"Feature","geometry":{"type":"LineString","coordinates":[[-76.9094374,34.91697140000002],[-76.911991,34.91994030000001]]},"properties":{"k":"c","n":null,"c":"power line","v":11.8,"cc":null,"co":null}},{"type":"Feature","geometry":{"type":"LineString","coordinates":[[-76.4022584,34.893266400000016],[-76.39898920000002,34.893302300000016]]},"properties":{"k":"c","n":null,"c":"power line","v":16.1,"cc":null,"co":null}},{"type":"Feature","geometry":{"type":"LineString","coordinates":[[-77.20850669999999,35.01459169999998],[-77.20808579999999,35.01630180000001]]},"properties":{"k":"c","n":null,"c":"power line","v":19.2,"cc":null,"co":null}},{"type":"Feature","geometry":{"type":"LineString","coordinates":[[-77.06709410000002,35.068573800000024],[-77.06919470000003,35.068329500000004]]},"properties":{"k":"c","n":null,"c":"power line","v":4.2,"cc":null,"co":null}},{"type":"Feature","geometry":{"type":"LineString","coordinates":[[-77.05795130000001,35.080491800000004],[-77.0561558,35.08016420000001]]},"properties":{"k":"c","n":null,"c":"power line","v":16.7,"cc":null,"co":null}},{"type":"Feature","geometry":{"type":"LineString","coordinates":[[-76.63557930000002,35.0901389],[-76.63565440000002,35.088456399999984]]},"properties":{"k":"c","n":null,"c":"power line","v":12.1,"cc":null,"co":null}},{"type":"Feature","geometry":{"type":"LineString","coordinates":[[-77.116086,35.07301899999999],[-77.11433299999999,35.076633000000015]]},"properties":{"k":"c","n":null,"c":"power line","v":14.6,"cc":null,"co":null}},{"type":"Feature","geometry":{"type":"LineString","coordinates":[[-77.1681261,35.059800499999994],[-77.16994160000002,35.06210149999998]]},"properties":{"k":"c","n":null,"c":"power line","v":16.7,"cc":null,"co":null}},{"type":"Feature","geometry":{"type":"LineString","coordinates":[[-77.12801400000001,35.08285799999999],[-77.12621999999999,35.08112299999999]]},"properties":{"k":"c","n":null,"c":"power line","v":11.2,"cc":null,"co":null}},{"type":"Feature","geometry":{"type":"LineString","coordinates":[[-77.0423912,35.119113500000026],[-77.02770570000001,35.1284134]]},"properties":{"k":"c","n":null,"c":"power line","v":15.2,"cc":null,"co":null}},{"type":"Feature","geometry":{"type":"LineString","coordinates":[[-77.08716129999999,35.1661287],[-77.09396720000001,35.163367100000016]]},"properties":{"k":"c","n":null,"c":"power line","v":12.1,"cc":null,"co":null}},{"type":"Feature","geometry":{"type":"LineString","coordinates":[[-77.0872276,35.16627570000003],[-77.09405550000002,35.163505799999996]]},"properties":{"k":"c","n":null,"c":"power line","v":12.1,"cc":null,"co":null}},{"type":"Feature","geometry":{"type":"LineString","coordinates":[[-76.75795879999998,35.14343289999999],[-76.75932519999998,35.141937299999995]]},"properties":{"k":"c","n":null,"c":"power line","v":22.8,"cc":null,"co":null}},{"type":"Feature","geometry":{"type":"LineString","coordinates":[[-76.66905809999997,35.14975020000003],[-76.67093249999999,35.14747410000001]]},"properties":{"k":"c","n":null,"c":"power line","v":7.6,"cc":null,"co":null}},{"type":"Feature","geometry":{"type":"LineString","coordinates":[[-76.61467590000001,35.1535045],[-76.61247739999999,35.1519035]]},"properties":{"k":"c","n":null,"c":"power line","v":7.6,"cc":null,"co":null}},{"type":"Feature","geometry":{"type":"LineString","coordinates":[[-76.59227120000003,35.24499700000001],[-76.58906560000003,35.245884699999976]]},"properties":{"k":"c","n":null,"c":"power line","v":22.8,"cc":null,"co":null}},{"type":"Feature","geometry":{"type":"LineString","coordinates":[[-76.59227120000003,35.24499700000001],[-76.58906560000003,35.245884699999976]]},"properties":{"k":"c","n":null,"c":" ","v":22.8,"cc":null,"co":null}},{"type":"Feature","geometry":{"type":"LineString","coordinates":[[-76.78905400000002,35.32261599999998],[-76.791089,35.319849999999974]]},"properties":{"k":"c","n":null,"c":"power line","v":10.3,"cc":null,"co":null}},{"type":"Feature","geometry":{"type":"LineString","coordinates":[[-76.97247800000002,35.43250999999998],[-76.96925299999998,35.43328700000001]]},"properties":{"k":"c","n":null,"c":"power line","v":3.0,"cc":null,"co":null}},{"type":"Feature","geometry":{"type":"LineString","coordinates":[[-76.97247800000002,35.43250999999998],[-76.96925299999998,35.43328700000001]]},"properties":{"k":"c","n":null,"c":"telephone","v":3.0,"cc":null,"co":null}},{"type":"Feature","geometry":{"type":"LineString","coordinates":[[-76.804915,35.47261099999997],[-76.80395499999997,35.470530999999994]]},"properties":{"k":"c","n":null,"c":"power line","v":13.1,"cc":null,"co":null}},{"type":"Feature","geometry":{"type":"LineString","coordinates":[[-76.81932599999999,35.47780799999998],[-76.817858,35.478026],[-76.815428,35.478251]]},"properties":{"k":"c","n":null,"c":"telephone","v":7.3,"cc":null,"co":null}},{"type":"Feature","geometry":{"type":"LineString","coordinates":[[-76.81932599999999,35.47780799999998],[-76.817858,35.478026],[-76.815428,35.478251]]},"properties":{"k":"c","n":null,"c":"power line","v":7.3,"cc":null,"co":null}},{"type":"Feature","geometry":{"type":"LineString","coordinates":[[-77.9597738,34.145459200000005],[-77.95511970000001,34.147449300000005],[-77.94336379999999,34.152028599999994]]},"properties":{"k":"c","n":null,"c":"power line","v":65.8,"cc":null,"co":null}},{"type":"Feature","geometry":{"type":"LineString","coordinates":[[-77.98764990000001,34.23448309999998],[-77.9860961,34.234605999999985]]},"properties":{"k":"c","n":null,"c":"power line","v":9.7,"cc":null,"co":null}},{"type":"Feature","geometry":{"type":"LineString","coordinates":[[-77.9620266,34.24225999999999],[-77.96184570000003,34.24381979999998]]},"properties":{"k":"c","n":null,"c":"power line","v":38.1,"cc":null,"co":null}},{"type":"Feature","geometry":{"type":"LineString","coordinates":[[-77.90199000000001,34.05403000000001],[-77.9014204,34.05589379999998]]},"properties":{"k":"c","n":null,"c":" ","v":20.7,"cc":null,"co":null}},{"type":"Feature","geometry":{"type":"LineString","coordinates":[[-77.90199000000001,34.05403000000001],[-77.9014204,34.05589379999998]]},"properties":{"k":"c","n":null,"c":"power line","v":20.7,"cc":null,"co":null}},{"type":"Feature","geometry":{"type":"LineString","coordinates":[[-77.83391899999998,34.216812000000004],[-77.834878,34.21382999999997]]},"properties":{"k":"c","n":null,"c":"power line","v":11.2,"cc":null,"co":null}},{"type":"Feature","geometry":{"type":"LineString","coordinates":[[-77.812027,34.217737],[-77.81398200000001,34.218999]]},"properties":{"k":"c","n":null,"c":" ","v":23.7,"cc":null,"co":null}},{"type":"Feature","geometry":{"type":"LineString","coordinates":[[-77.812027,34.217737],[-77.81398200000001,34.218999]]},"properties":{"k":"c","n":null,"c":"power line","v":23.7,"cc":null,"co":null}},{"type":"Feature","geometry":{"type":"LineString","coordinates":[[-77.75979030000002,34.27499999999998],[-77.75867,34.274396000000024]]},"properties":{"k":"c","n":null,"c":" ","v":24.0,"cc":null,"co":null}},{"type":"Feature","geometry":{"type":"LineString","coordinates":[[-77.75979030000002,34.27499999999998],[-77.75867,34.274396000000024]]},"properties":{"k":"c","n":null,"c":"power line","v":24.0,"cc":null,"co":null}},{"type":"Feature","geometry":{"type":"LineString","coordinates":[[-77.76153,34.275938],[-77.75979030000002,34.27499999999998]]},"properties":{"k":"c","n":null,"c":" ","v":24.0,"cc":null,"co":null}},{"type":"Feature","geometry":{"type":"LineString","coordinates":[[-77.76153,34.275938],[-77.75979030000002,34.27499999999998]]},"properties":{"k":"c","n":null,"c":"power line","v":24.0,"cc":null,"co":null}},{"type":"Feature","geometry":{"type":"LineString","coordinates":[[-78.029992,33.89999999999998],[-78.0302542,33.899475300000006]]},"properties":{"k":"c","n":null,"c":"power line","v":4.5,"cc":null,"co":null}},{"type":"Feature","geometry":{"type":"LineString","coordinates":[[-78.05576589999998,33.92302000000001],[-78.05566729999998,33.9171073]]},"properties":{"k":"c","n":null,"c":"power line","v":29.2,"cc":null,"co":null}},{"type":"Feature","geometry":{"type":"LineString","coordinates":[[-78.07160779999998,33.9207677],[-78.07120420000001,33.92310909999998]]},"properties":{"k":"c","n":null,"c":"power line","v":27.4,"cc":null,"co":null}},{"type":"Feature","geometry":{"type":"LineString","coordinates":[[-78.02254199999999,33.914924600000006],[-78.029992,33.89999999999998]]},"properties":{"k":"c","n":null,"c":"power line","v":4.5,"cc":null,"co":null}},{"type":"Feature","geometry":{"type":"LineString","coordinates":[[-78.4390429,33.8953611],[-78.43932389999998,33.896457699999985]]},"properties":{"k":"c","n":null,"c":"power line","v":25.9,"cc":null,"co":null}},{"type":"Feature","geometry":{"type":"LineString","coordinates":[[-78.4397558,33.89860570000002],[-78.4395606,33.897761100000025]]},"properties":{"k":"c","n":null,"c":"power line","v":25.9,"cc":null,"co":null}},{"type":"Feature","geometry":{"type":"LineString","coordinates":[[-78.33331149999998,33.914984000000004],[-78.3333159,33.9134995]]},"properties":{"k":"c","n":null,"c":"power line","v":25.9,"cc":null,"co":null}},{"type":"Feature","geometry":{"type":"LineString","coordinates":[[-78.15423449999997,33.926520400000015],[-78.15391670000002,33.92817609999997]]},"properties":{"k":"c","n":null,"c":"power line","v":30.4,"cc":null,"co":null}},{"type":"Feature","geometry":{"type":"LineString","coordinates":[[-78.14631600000001,33.9275619],[-78.14680600000003,33.925888999999984]]},"properties":{"k":"c","n":null,"c":"power line","v":27.4,"cc":null,"co":null}},{"type":"Feature","geometry":{"type":"LineString","coordinates":[[-79.31320299999999,33.359353],[-79.31328200000002,33.357191]]},"properties":{"k":"c","n":null,"c":"power line","v":18.5,"cc":null,"co":null}},{"type":"Feature","geometry":{"type":"LineString","coordinates":[[-78.99762220000002,33.691524800000025],[-78.99682969999998,33.69036030000001]]},"properties":{"k":"c","n":null,"c":"power line","v":25.9,"cc":null,"co":null}},{"type":"Feature","geometry":{"type":"LineString","coordinates":[[-79.00071350000002,33.688245300000005],[-79.00179539999999,33.68971069999998]]},"properties":{"k":"c","n":null,"c":"power line","v":33.5,"cc":null,"co":null}},{"type":"Feature","geometry":{"type":"LineString","coordinates":[[-79.00384730000002,33.6869997],[-79.00426540000001,33.68761260000002]]},"properties":{"k":"c","n":null,"c":"power line","v":28.6,"cc":null,"co":null}},{"type":"Feature","geometry":{"type":"LineString","coordinates":[[-79.01399099999998,33.682674299999974],[-79.01410879999997,33.684085400000015]]},"properties":{"k":"c","n":null,"c":"power line","v":27.4,"cc":null,"co":null}},{"type":"Feature","geometry":{"type":"LineString","coordinates":[[-78.92348570000001,33.714438599999994],[-78.92180459999997,33.71314699999999]]},"properties":{"k":"c","n":null,"c":"power line","v":26.5,"cc":null,"co":null}},{"type":"Feature","geometry":{"type":"LineString","coordinates":[[-78.92451519999997,33.71096219999998],[-78.92603259999998,33.712382400000024]]},"properties":{"k":"c","n":null,"c":"power line","v":25.9,"cc":null,"co":null}},{"type":"Feature","geometry":{"type":"LineString","coordinates":[[-78.8998133,33.727311199999974],[-78.89710200000002,33.72694419999999]]},"properties":{"k":"c","n":null,"c":"power line","v":27.7,"cc":null,"co":null}},{"type":"Feature","geometry":{"type":"LineString","coordinates":[[-78.82499999999999,33.76072579999999],[-78.82548279999997,33.7614466]]},"properties":{"k":"c","n":null,"c":"power line","v":27.4,"cc":null,"co":null}},{"type":"Feature","geometry":{"type":"LineString","coordinates":[[-78.7888016,33.783603700000015],[-78.78771920000003,33.78241320000001]]},"properties":{"k":"c","n":null,"c":" ","v":20.4,"cc":null,"co":null}},{"type":"Feature","geometry":{"type":"LineString","coordinates":[[-78.787486,33.78432409999999],[-78.78659420000002,33.78318869999998]]},"properties":{"k":"c","n":null,"c":"power line","v":25.9,"cc":null,"co":null}},{"type":"Feature","geometry":{"type":"LineString","coordinates":[[-78.82332819999999,33.76060080000002],[-78.82424939999999,33.762050699999975]]},"properties":{"k":"c","n":null,"c":"power line","v":25.9,"cc":null,"co":null}},{"type":"Feature","geometry":{"type":"LineString","coordinates":[[-78.8245159,33.759882300000015],[-78.82499999999999,33.76072579999999]]},"properties":{"k":"c","n":null,"c":"power line","v":27.4,"cc":null,"co":null}},{"type":"Feature","geometry":{"type":"LineString","coordinates":[[-78.68998140000002,33.83332250000001],[-78.68917290000002,33.83148449999999]]},"properties":{"k":"c","n":null,"c":"power line","v":26.5,"cc":null,"co":null}},{"type":"Feature","geometry":{"type":"LineString","coordinates":[[-78.65630900000002,33.85278490000002],[-78.65543760000003,33.85178309999998]]},"properties":{"k":"c","n":null,"c":"power line","v":25.2,"cc":null,"co":null}},{"type":"Feature","geometry":{"type":"LineString","coordinates":[[-78.65451389999998,33.85503569999997],[-78.65335060000001,33.85227759999998]]},"properties":{"k":"c","n":null,"c":"power line","v":27.1,"cc":null,"co":null}},{"type":"Feature","geometry":{"type":"LineString","coordinates":[[-78.6711881,33.84028269999999],[-78.67224590000001,33.84148299999998]]},"properties":{"k":"c","n":null,"c":"power line","v":25.9,"cc":null,"co":null}},{"type":"Feature","geometry":{"type":"LineString","coordinates":[[-78.65639950000002,33.850654399999996],[-78.65744840000002,33.85193800000002]]},"properties":{"k":"c","n":null,"c":"telephone","v":21.0,"cc":null,"co":null}},{"type":"Feature","geometry":{"type":"LineString","coordinates":[[-78.65639950000002,33.850654399999996],[-78.65744840000002,33.85193800000002]]},"properties":{"k":"c","n":null,"c":"power line","v":21.0,"cc":null,"co":null}},{"type":"Feature","geometry":{"type":"LineString","coordinates":[[-79.99088769999997,32.77396390000001],[-79.99240900000001,32.771959200000026]]},"properties":{"k":"c","n":null,"c":"power line","v":24.3,"cc":null,"co":null}},{"type":"Feature","geometry":{"type":"LineString","coordinates":[[-79.99282440000002,32.768161599999985],[-79.99355930000002,32.77046990000002],[-79.99240900000001,32.771959200000026]]},"properties":{"k":"c","n":null,"c":"power line","v":30.4,"cc":null,"co":null}},{"type":"Feature","geometry":{"type":"LineString","coordinates":[[-80.0053294,32.737165000000005],[-80.01180799999997,32.73683999999997]]},"properties":{"k":"c","n":null,"c":"power line","v":27.7,"cc":null,"co":null}},{"type":"Feature","geometry":{"type":"LineString","coordinates":[[-79.97442239999998,32.76726550000001],[-79.9746376,32.76581140000002]]},"properties":{"k":"c","n":null,"c":"power line","v":31.6,"cc":null,"co":null}},{"type":"Feature","geometry":{"type":"LineString","coordinates":[[-79.84179719999997,32.77377339999998],[-79.84091160000003,32.77230100000003]]},"properties":{"k":"c","n":null,"c":"power line","v":27.1,"cc":null,"co":null}},{"type":"Feature","geometry":{"type":"LineString","coordinates":[[-80.05482999999998,32.78083600000002],[-80.05472250000003,32.77499999999998]]},"properties":{"k":"c","n":null,"c":"power line","v":27.7,"cc":null,"co":null}},{"type":"Feature","geometry":{"type":"LineString","coordinates":[[-80.04981459999999,32.846026800000004],[-80.04734389999999,32.84721990000003]]},"properties":{"k":"c","n":null,"c":"power line","v":22.5,"cc":null,"co":null}},{"type":"Feature","geometry":{"type":"LineString","coordinates":[[-79.98874080000002,32.83145630000001],[-79.98897920000002,32.83173360000001]]},"properties":{"k":"c","n":null,"c":"power line","v":21.3,"cc":null,"co":null}},{"type":"Feature","geometry":{"type":"LineString","coordinates":[[-79.98910810000001,32.831883600000026],[-79.99438529999998,32.837998200000015]]},"properties":{"k":"c","n":null,"c":"power line","v":21.3,"cc":null,"co":null}},{"type":"Feature","geometry":{"type":"LineString","coordinates":[[-79.80000000000001,32.793379000000016],[-79.82024109999998,32.801132499999994],[-79.8232635,32.804693999999984]]},"properties":{"k":"c","n":null,"c":"power line","v":26.2,"cc":null,"co":null}},{"type":"Feature","geometry":{"type":"LineString","coordinates":[[-79.82129600000002,32.80368099999998],[-79.82037300000002,32.80273599999998]]},"properties":{"k":"c","n":null,"c":"power line","v":20.1,"cc":null,"co":null}},{"type":"Feature","geometry":{"type":"LineString","coordinates":[[-79.81965300000002,32.801860999999974],[-79.80963500000001,32.79747400000002]]},"properties":{"k":"c","n":null,"c":"power line","v":22.5,"cc":null,"co":null}},{"type":"Feature","geometry":{"type":"LineString","coordinates":[[-79.80963500000001,32.79747400000002],[-79.80130300000002,32.79382500000003]]},"properties":{"k":"c","n":null,"c":"power line","v":20.7,"cc":null,"co":null}},{"type":"Feature","geometry":{"type":"LineString","coordinates":[[-79.82249000000002,32.80510399999997],[-79.821752,32.80419999999998]]},"properties":{"k":"c","n":null,"c":"power line","v":21.3,"cc":null,"co":null}},{"type":"Feature","geometry":{"type":"LineString","coordinates":[[-79.95577780000002,32.8908083],[-79.95994100000001,32.89139130000001]]},"properties":{"k":"c","n":null,"c":"power line","v":31.6,"cc":null,"co":null}},{"type":"Feature","geometry":{"type":"LineString","coordinates":[[-79.96529650000002,32.8921282],[-79.96774720000002,32.8924667]]},"properties":{"k":"c","n":null,"c":"power line","v":49.6,"cc":null,"co":null}},{"type":"Feature","geometry":{"type":"LineString","coordinates":[[-79.96274299999999,32.891776900000025],[-79.96529650000002,32.8921282]]},"properties":{"k":"c","n":null,"c":"power line","v":55.4,"cc":null,"co":null}},{"type":"Feature","geometry":{"type":"LineString","coordinates":[[-79.95994100000001,32.89139130000001],[-79.96274299999999,32.891776900000025]]},"properties":{"k":"c","n":null,"c":"power line","v":50.5,"cc":null,"co":null}},{"type":"Feature","geometry":{"type":"LineString","coordinates":[[-79.97357590000001,32.87245230000002],[-79.97320100000002,32.8733608]]},"properties":{"k":"c","n":null,"c":"power line","v":9.4,"cc":null,"co":null}},{"type":"Feature","geometry":{"type":"LineString","coordinates":[[-79.9389271,32.886056499999995],[-79.93709660000002,32.884606599999984]]},"properties":{"k":"c","n":null,"c":"power line","v":27.7,"cc":null,"co":null}},{"type":"Feature","geometry":{"type":"LineString","coordinates":[[-79.92238839999999,32.87383060000002],[-79.92166650000001,32.873395500000015]]},"properties":{"k":"c","n":null,"c":"power line","v":14.0,"cc":null,"co":null}},{"type":"Feature","geometry":{"type":"LineString","coordinates":[[-79.94035489999999,32.8629828],[-79.93848509999998,32.863922100000025]]},"properties":{"k":"c","n":null,"c":"power line","v":26.2,"cc":null,"co":null}},{"type":"Feature","geometry":{"type":"LineString","coordinates":[[-79.83259950000001,32.87500460000001],[-79.83284420000001,32.870365400000026]]},"properties":{"k":"c","n":null,"c":"power line","v":15.2,"cc":null,"co":null}},{"type":"Feature","geometry":{"type":"LineString","coordinates":[[-79.82501559999997,32.91940970000002],[-79.82432740000002,32.92136529999999],[-79.82287689999998,32.92500000000001]]},"properties":{"k":"c","n":null,"c":"power line","v":25.9,"cc":null,"co":null}},{"type":"Feature","geometry":{"type":"LineString","coordinates":[[-81.1643239,32.354351099999974],[-81.16381030000002,32.35747939999999],[-81.1605434,32.361318100000005]]},"properties":{"k":"c","n":null,"c":"power line","v":24.9,"cc":null,"co":null}},{"type":"Feature","geometry":{"type":"LineString","coordinates":[[-81.16415869999997,32.35364449999997],[-81.16347300000001,32.357491700000026],[-81.16024800000002,32.36126200000001]]},"properties":{"k":"c","n":null,"c":"power line","v":24.9,"cc":null,"co":null}},{"type":"Feature","geometry":{"type":"LineString","coordinates":[[-80.99134020000002,32.01925840000001],[-80.99243840000003,32.02019480000001]]},"properties":{"k":"c","n":null,"c":"power line","v":16.7,"cc":null,"co":null}},{"type":"Feature","geometry":{"type":"LineString","coordinates":[[-80.8822116,32.014405899999986],[-80.88499389999998,32.013984600000015]]},"properties":{"k":"c","n":null,"c":"power line","v":16.7,"cc":null,"co":null}},{"type":"Feature","geometry":{"type":"LineString","coordinates":[[-81.03048710000002,32.06278370000001],[-81.02820960000003,32.06221099999999],[-81.02789369999999,32.062038700000016]]},"properties":{"k":"c","n":null,"c":"power line","v":21.9,"cc":null,"co":null}},{"type":"Feature","geometry":{"type":"LineString","coordinates":[[-81.0019691,32.085467300000005],[-81.00499939999997,32.081347900000026]]},"properties":{"k":"c","n":null,"c":"transmission line","v":17.0,"cc":null,"co":null}},{"type":"Feature","geometry":{"type":"LineString","coordinates":[[-81.04920179999999,32.0817045],[-81.0508572,32.07853490000002]]},"properties":{"k":"c","n":null,"c":"power line","v":67.3,"cc":null,"co":null}},{"type":"Feature","geometry":{"type":"LineString","coordinates":[[-81.01206889999997,32.05228069999998],[-81.01130669999998,32.05255940000001]]},"properties":{"k":"c","n":null,"c":"power line","v":11.2,"cc":null,"co":null}},{"type":"Feature","geometry":{"type":"LineString","coordinates":[[-81.01669629999998,32.05039590000001],[-81.01503350000002,32.048777900000005]]},"properties":{"k":"c","n":null,"c":"power line","v":10.6,"cc":null,"co":null}},{"type":"Feature","geometry":{"type":"LineString","coordinates":[[-81.0311883,32.0625124],[-81.02812879999999,32.060999700000025]]},"properties":{"k":"c","n":null,"c":"power line","v":25.9,"cc":null,"co":null}},{"type":"Feature","geometry":{"type":"LineString","coordinates":[[-81.01309120000002,32.05199679999998],[-81.01177310000003,32.05086210000002]]},"properties":{"k":"c","n":null,"c":"power line","v":9.7,"cc":null,"co":null}},{"type":"Feature","geometry":{"type":"LineString","coordinates":[[-81.004636,32.0811367],[-81.0016172,32.08525229999998]]},"properties":{"k":"c","n":null,"c":"transmission line","v":17.8,"cc":null,"co":null}},{"type":"Feature","geometry":{"type":"LineString","coordinates":[[-80.96022900000003,32.035325899999975],[-80.95809209999999,32.037190399999986]]},"properties":{"k":"c","n":null,"c":"power line","v":16.7,"cc":null,"co":null}},{"type":"Feature","geometry":{"type":"LineString","coordinates":[[-80.9837933,32.03295739999999],[-80.98815669999999,32.03520409999999]]},"properties":{"k":"c","n":null,"c":"power line","v":16.7,"cc":null,"co":null}},{"type":"Feature","geometry":{"type":"LineString","coordinates":[[-81.13718990000001,32.14169249999998],[-81.13901679999998,32.14476930000001]]},"properties":{"k":"c","n":null,"c":"power line","v":16.7,"cc":null,"co":null}},{"type":"Feature","geometry":{"type":"LineString","coordinates":[[-81.13901679999998,32.14476930000001],[-81.14138400000002,32.14866189999998]]},"properties":{"k":"c","n":null,"c":"power line","v":25.2,"cc":null,"co":null}},{"type":"Feature","geometry":{"type":"LineString","coordinates":[[-81.14138400000002,32.14866189999998],[-81.14386619999999,32.1479296]]},"properties":{"k":"c","n":null,"c":"power line","v":63.3,"cc":null,"co":null}},{"type":"Feature","geometry":{"type":"LineString","coordinates":[[-81.11042520000001,32.1091131],[-81.10527560000003,32.1130263]]},"properties":{"k":"c","n":null,"c":" ","v":4.5,"cc":null,"co":null}},{"type":"Feature","geometry":{"type":"LineString","coordinates":[[-80.88018740000001,32.151389600000016],[-80.87730260000001,32.1537017]]},"properties":{"k":"c","n":null,"c":"power line","v":16.7,"cc":null,"co":null}},{"type":"Feature","geometry":{"type":"LineString","coordinates":[[-80.89754679999999,32.1250847],[-80.89733530000001,32.12394569999998],[-80.89617199999998,32.12329649999998],[-80.8950216,32.121561499999984]]},"properties":{"k":"c","n":null,"c":"power line","v":26.2,"cc":null,"co":null}},{"type":"Feature","geometry":{"type":"LineString","coordinates":[[-80.8979271,32.129139899999984],[-80.89798830000001,32.129728899999975]]},"properties":{"k":"c","n":null,"c":"power line","v":6.0,"cc":null,"co":null}},{"type":"Feature","geometry":{"type":"LineString","coordinates":[[-80.79367100000002,32.231754799999976],[-80.7872092,32.2294546]]},"properties":{"k":"c","n":null,"c":"power line","v":13.1,"cc":null,"co":null}},{"type":"Feature","geometry":{"type":"LineString","coordinates":[[-80.77932440000001,32.22258959999999],[-80.78438729999999,32.228379099999984]]},"properties":{"k":"c","n":null,"c":"power line","v":27.7,"cc":null,"co":null}},{"type":"Feature","geometry":{"type":"LineString","coordinates":[[-80.78731679999999,32.22933180000001],[-80.79369659999998,32.23157259999999]]},"properties":{"k":"c","n":null,"c":"power line","v":13.1,"cc":null,"co":null}},{"type":"Feature","geometry":{"type":"LineString","coordinates":[[-80.78024420000003,32.22207980000002],[-80.78464589999999,32.22655900000001]]},"properties":{"k":"c","n":null,"c":"power line","v":27.7,"cc":null,"co":null}},{"type":"Feature","geometry":{"type":"LineString","coordinates":[[-80.69999999999999,32.42849000000001],[-80.69873430000001,32.42869830000001]]},"properties":{"k":"c","n":null,"c":"telephone","v":3.6,"cc":null,"co":null}},{"type":"Feature","geometry":{"type":"LineString","coordinates":[[-80.69969600000002,32.42756939999998],[-80.69850070000001,32.42846309999999],[-80.6965121,32.428036599999984]]},"properties":{"k":"c","n":null,"c":"telephone","v":3.6,"cc":null,"co":null}},{"type":"Feature","geometry":{"type":"LineString","coordinates":[[-80.69829870000001,32.4285079],[-80.69999999999999,32.42804869999998]]},"properties":{"k":"c","n":null,"c":"telephone","v":3.6,"cc":null,"co":null}},{"type":"Feature","geometry":{"type":"LineString","coordinates":[[-80.69999999999999,32.42849000000001],[-80.69873430000001,32.42869830000001]]},"properties":{"k":"c","n":null,"c":"power line","v":3.6,"cc":null,"co":null}},{"type":"Feature","geometry":{"type":"LineString","coordinates":[[-80.69829870000001,32.4285079],[-80.69999999999999,32.42804869999998]]},"properties":{"k":"c","n":null,"c":"power line","v":3.6,"cc":null,"co":null}},{"type":"Feature","geometry":{"type":"LineString","coordinates":[[-80.69969600000002,32.42756939999998],[-80.69850070000001,32.42846309999999],[-80.6965121,32.428036599999984]]},"properties":{"k":"c","n":null,"c":"power line","v":3.6,"cc":null,"co":null}},{"type":"Feature","geometry":{"type":"LineString","coordinates":[[-80.69491790000001,32.42962970000002],[-80.69999999999999,32.42867690000003]]},"properties":{"k":"c","n":null,"c":"power line","v":3.6,"cc":null,"co":null}},{"type":"Feature","geometry":{"type":"LineString","coordinates":[[-80.69491790000001,32.42962970000002],[-80.69999999999999,32.42867690000003]]},"properties":{"k":"c","n":null,"c":"telephone","v":3.6,"cc":null,"co":null}},{"type":"Feature","geometry":{"type":"LineString","coordinates":[[-80.69999999999999,32.4290628],[-80.6966529,32.42845310000001]]},"properties":{"k":"c","n":null,"c":"telephone","v":3.6,"cc":null,"co":null}},{"type":"Feature","geometry":{"type":"LineString","coordinates":[[-80.69999999999999,32.4290628],[-80.6966529,32.42845310000001]]},"properties":{"k":"c","n":null,"c":"power line","v":3.6,"cc":null,"co":null}},{"type":"Feature","geometry":{"type":"LineString","coordinates":[[-80.59929590000002,32.48353129999998],[-80.60068530000001,32.48413420000003]]},"properties":{"k":"c","n":null,"c":"telephone","v":8.5,"cc":null,"co":null}},{"type":"Feature","geometry":{"type":"LineString","coordinates":[[-80.59929590000002,32.48353129999998],[-80.60068530000001,32.48413420000003]]},"properties":{"k":"c","n":null,"c":"power line","v":8.5,"cc":null,"co":null}},{"type":"Feature","geometry":{"type":"LineString","coordinates":[[-80.34255180000002,32.6377066],[-80.342107,32.63485259999999]]},"properties":{"k":"c","n":null,"c":"power line","v":29.8,"cc":null,"co":null}},{"type":"Feature","geometry":{"type":"LineString","coordinates":[[-80.05472250000003,32.77499999999998],[-80.05472099999997,32.774922000000004]]},"properties":{"k":"c","n":null,"c":"power line","v":27.7,"cc":null,"co":null}},{"type":"Feature","geometry":{"type":"LineString","coordinates":[[-80.10206599999998,32.789174],[-80.10220099999998,32.78525300000001]]},"properties":{"k":"c","n":null,"c":"power line","v":27.7,"cc":null,"co":null}},{"type":"Feature","geometry":{"type":"LineString","coordinates":[[-79.7946144,32.79131380000001],[-79.80000000000001,32.793379000000016]]},"properties":{"k":"c","n":null,"c":"power line","v":26.2,"cc":null,"co":null}},{"type":"Feature","geometry":{"type":"LineString","coordinates":[[-79.7908481,32.789880100000005],[-79.78947360000001,32.789358400000026]]},"properties":{"k":"c","n":null,"c":"power line","v":28.6,"cc":null,"co":null}},{"type":"Feature","geometry":{"type":"LineString","coordinates":[[-79.72500000000002,32.82669019999997],[-79.72727830000002,32.82414640000002],[-79.72635250000002,32.82184319999999]]},"properties":{"k":"c","n":null,"c":"power line","v":26.5,"cc":null,"co":null}},{"type":"Feature","geometry":{"type":"LineString","coordinates":[[-79.7028929,32.85015820000001],[-79.70218729999999,32.85078010000001],[-79.70027299999998,32.851794600000005],[-79.69968260000002,32.852649299999996]]},"properties":{"k":"c","n":null,"c":"power line","v":26.2,"cc":null,"co":null}},{"type":"Feature","geometry":{"type":"LineString","coordinates":[[-79.65338580000002,32.882467099999985],[-79.6578561,32.881631700000014]]},"properties":{"k":"c","n":null,"c":"power line","v":25.9,"cc":null,"co":null}},{"type":"Feature","geometry":{"type":"LineString","coordinates":[[-79.96847639999999,32.97924979999999],[-79.96874100000002,32.984008800000026]]},"properties":{"k":"c","n":null,"c":"power line","v":16.1,"cc":null,"co":null}},{"type":"Feature","geometry":{"type":"LineString","coordinates":[[-79.91405859999998,32.962102800000025],[-79.89780660000002,32.96985380000001]]},"properties":{"k":"c","n":null,"c":" ","v":2.7,"cc":null,"co":null}},{"type":"Feature","geometry":{"type":"LineString","coordinates":[[-79.82287689999998,32.92500000000001],[-79.8226563,32.925552100000004]]},"properties":{"k":"c","n":null,"c":"power line","v":25.9,"cc":null,"co":null}},{"type":"Feature","geometry":{"type":"LineString","coordinates":[[-79.72533140000002,32.94509249999999],[-79.7260205,32.94525299999998]]},"properties":{"k":"c","n":null,"c":"power line","v":8.5,"cc":null,"co":null}},{"type":"Feature","geometry":{"type":"LineString","coordinates":[[-79.72113380000002,32.929506100000026],[-79.7222787,32.929934600000024]]},"properties":{"k":"c","n":null,"c":"power line","v":9.1,"cc":null,"co":null}},{"type":"Feature","geometry":{"type":"LineString","coordinates":[[-79.9091416,33.01646699999998],[-79.90627690000002,33.0158313]]},"properties":{"k":"c","n":null,"c":"power line","v":22.8,"cc":null,"co":null}},{"type":"Feature","geometry":{"type":"LineString","coordinates":[[-79.94273930000003,33.09321879999999],[-79.94101899999998,33.09411030000001]]},"properties":{"k":"c","n":null,"c":" ","v":25.9,"cc":null,"co":null}},{"type":"Feature","geometry":{"type":"LineString","coordinates":[[-81.40710230000002,30.193715399999974],[-81.40590550000002,30.19376679999999]]},"properties":{"k":"c","n":null,"c":"power line","v":28.3,"cc":null,"co":null}},{"type":"Feature","geometry":{"type":"LineString","coordinates":[[-81.40711540000001,30.19375819999999],[-81.4059191,30.193809799999997]]},"properties":{"k":"c","n":null,"c":"power line","v":28.3,"cc":null,"co":null}},{"type":"Feature","geometry":{"type":"LineString","coordinates":[[-81.4221612,30.288054199999976],[-81.42031580000003,30.28808909999998]]},"properties":{"k":"c","n":null,"c":"power line","v":24.3,"cc":null,"co":null}},{"type":"Feature","geometry":{"type":"LineString","coordinates":[[-81.48449879999998,30.627262599999995],[-81.48268719999999,30.628136100000006]]},"properties":{"k":"c","n":null,"c":"power line","v":24.3,"cc":null,"co":null}},{"type":"Feature","geometry":{"type":"LineString","coordinates":[[-81.55376760000001,31.220878200000016],[-81.55116149999998,31.22065950000001]]},"properties":{"k":"c","n":null,"c":"power line","v":8.2,"cc":null,"co":null}},{"type":"Feature","geometry":{"type":"LineString","coordinates":[[-81.44974969999998,31.336580200000014],[-81.44999999999999,31.337226199999975]]},"properties":{"k":"c","n":null,"c":"telephone","v":5.1,"cc":null,"co":null}},{"type":"Feature","geometry":{"type":"LineString","coordinates":[[-81.44999999999999,31.337226199999975],[-81.44974969999998,31.336580200000014]]},"properties":{"k":"c","n":null,"c":"power line","v":5.1,"cc":null,"co":null}},{"type":"Feature","geometry":{"type":"LineString","coordinates":[[-81.44822879999998,31.329307599999993],[-81.44800989999999,31.326690699999972]]},"properties":{"k":"c","n":null,"c":"power line","v":16.7,"cc":null,"co":null}},{"type":"Feature","geometry":{"type":"LineString","coordinates":[[-81.44910570000002,31.33668110000002],[-81.4499937,31.338927099999978]]},"properties":{"k":"c","n":null,"c":"power line","v":5.1,"cc":null,"co":null}},{"type":"Feature","geometry":{"type":"LineString","coordinates":[[-81.4499937,31.338927099999978],[-81.44910570000002,31.33668110000002]]},"properties":{"k":"c","n":null,"c":"telephone","v":5.1,"cc":null,"co":null}},{"type":"Feature","geometry":{"type":"LineString","coordinates":[[-81.44526200000001,31.355114000000015],[-81.44340570000003,31.357801199999983]]},"properties":{"k":"c","n":null,"c":"telephone","v":4.5,"cc":null,"co":null}},{"type":"Feature","geometry":{"type":"LineString","coordinates":[[-81.44258100000002,31.357714999999985],[-81.4444446,31.354955599999982]]},"properties":{"k":"c","n":null,"c":"power line","v":4.5,"cc":null,"co":null}},{"type":"Feature","geometry":{"type":"LineString","coordinates":[[-81.43747780000001,31.36693459999998],[-81.43664860000001,31.36862930000001]]},"properties":{"k":"c","n":null,"c":"power line","v":15.5,"cc":null,"co":null}},{"type":"Feature","geometry":{"type":"LineString","coordinates":[[-81.44258100000002,31.357714999999985],[-81.4444446,31.354955599999982]]},"properties":{"k":"c","n":null,"c":"telephone","v":4.5,"cc":null,"co":null}},{"type":"Feature","geometry":{"type":"LineString","coordinates":[[-81.392472,31.40583429999998],[-81.3904063,31.405417]]},"properties":{"k":"c","n":null,"c":"power line","v":15.5,"cc":null,"co":null}},{"type":"Feature","geometry":{"type":"LineString","coordinates":[[-81.44340570000003,31.357801199999983],[-81.44526200000001,31.355114000000015]]},"properties":{"k":"c","n":null,"c":"power line","v":4.5,"cc":null,"co":null}},{"type":"Feature","geometry":{"type":"LineString","coordinates":[[-81.39116899999999,31.36547300000001],[-81.392291,31.362963999999977]]},"properties":{"k":"c","n":null,"c":"power line","v":15.8,"cc":null,"co":null}},{"type":"Feature","geometry":{"type":"LineString","coordinates":[[-81.34755910000001,31.47013659999999],[-81.34666529999998,31.468872499999975]]},"properties":{"k":"c","n":null,"c":" ","v":2.1,"cc":null,"co":null}},{"type":"Feature","geometry":{"type":"LineString","coordinates":[[-81.06637289999998,31.948394500000006],[-81.0642891,31.946896900000013]]},"properties":{"k":"c","n":null,"c":"power line","v":25.9,"cc":null,"co":null}},{"type":"Feature","geometry":{"type":"LineString","coordinates":[[-81.0438939,31.989091900000005],[-81.042438,31.989164200000005]]},"properties":{"k":"c","n":null,"c":"telephone","v":10.9,"cc":null,"co":null}},{"type":"Feature","geometry":{"type":"LineString","coordinates":[[-81.0438939,31.989091900000005],[-81.042438,31.989164200000005]]},"properties":{"k":"c","n":null,"c":"power line","v":10.9,"cc":null,"co":null}},{"type":"Feature","geometry":{"type":"LineString","coordinates":[[-81.42618920000001,31.047684300000014],[-81.42179900000002,31.048759000000018]]},"properties":{"k":"c","n":null,"c":"power line","v":30.4,"cc":null,"co":null}},{"type":"Feature","geometry":{"type":"LineString","coordinates":[[-81.52613430000002,30.375],[-81.52499999999998,30.371408499999973]]},"properties":{"k":"c","n":null,"c":"power line","v":13.7,"cc":null,"co":null}},{"type":"Feature","geometry":{"type":"LineString","coordinates":[[-81.52499999999998,30.373464599999977],[-81.52548589999998,30.375]]},"properties":{"k":"c","n":null,"c":"power line","v":13.7,"cc":null,"co":null}},{"type":"Feature","geometry":{"type":"LineString","coordinates":[[-81.51075509999998,30.368400899999983],[-81.52332869999998,30.368185400000016],[-81.52499999999998,30.373464599999977]]},"properties":{"k":"c","n":null,"c":"power line","v":13.7,"cc":null,"co":null}},{"type":"Feature","geometry":{"type":"LineString","coordinates":[[-81.52499999999998,30.371408499999973],[-81.5238491,30.36771329999999],[-81.52033519999998,30.36780540000001],[-81.51512150000002,30.368081500000017],[-81.51258250000001,30.368119700000022]]},"properties":{"k":"c","n":null,"c":"power line","v":13.7,"cc":null,"co":null}},{"type":"Feature","geometry":{"type":"LineString","coordinates":[[-81.42036869999998,30.31645659999998],[-81.42230519999998,30.316407400000003],[-81.42222750000002,30.314284299999997],[-81.43239399999999,30.311011800000017],[-81.43793649999998,30.310922100000028],[-81.43770619999998,30.30391800000001]]},"properties":{"k":"c","n":null,"c":"power line","v":27.4,"cc":null,"co":null}},{"type":"Feature","geometry":{"type":"LineString","coordinates":[[-81.44574360000001,30.36027389999998],[-81.43581740000002,30.363965099999973]]},"properties":{"k":"c","n":null,"c":"power line","v":27.1,"cc":null,"co":null}},{"type":"Feature","geometry":{"type":"LineString","coordinates":[[-81.44000410000001,30.3235143],[-81.43808030000002,30.32395029999998]]},"properties":{"k":"c","n":null,"c":"power line","v":25.9,"cc":null,"co":null}},{"type":"Feature","geometry":{"type":"LineString","coordinates":[[-81.5299215,30.386808299999984],[-81.52613430000002,30.375]]},"properties":{"k":"c","n":null,"c":"power line","v":13.7,"cc":null,"co":null}},{"type":"Feature","geometry":{"type":"LineString","coordinates":[[-81.52548589999998,30.375],[-81.5292877,30.386940900000013]]},"properties":{"k":"c","n":null,"c":"power line","v":13.7,"cc":null,"co":null}},{"type":"Feature","geometry":{"type":"LineString","coordinates":[[-81.58480420000001,30.43808439999998],[-81.58247219999998,30.437616699999978]]},"properties":{"k":"c","n":null,"c":"power line","v":5.1,"cc":null,"co":null}},{"type":"Feature","geometry":{"type":"LineString","coordinates":[[-81.58536470000001,30.412344800000028],[-81.58415780000001,30.41245329999998],[-81.58043129999999,30.412339700000018]]},"properties":{"k":"c","n":null,"c":"power line","v":12.1,"cc":null,"co":null}},{"type":"Feature","geometry":{"type":"LineString","coordinates":[[-81.58480420000001,30.43808439999998],[-81.58247219999998,30.437616699999978]]},"properties":{"k":"c","n":null,"c":"telephone","v":5.1,"cc":null,"co":null}},{"type":"Feature","geometry":{"type":"LineString","coordinates":[[-81.53238920000001,30.417631200000017],[-81.5299541,30.416982599999983]]},"properties":{"k":"c","n":null,"c":"power line","v":11.2,"cc":null,"co":null}},{"type":"Feature","geometry":{"type":"LineString","coordinates":[[-81.54778449999998,30.412674299999992],[-81.54933979999998,30.412277500000016]]},"properties":{"k":"c","n":null,"c":"power line","v":12.1,"cc":null,"co":null}},{"type":"Feature","geometry":{"type":"LineString","coordinates":[[-81.5840503,30.438274200000023],[-81.58252220000003,30.43767220000001]]},"properties":{"k":"c","n":null,"c":"power line","v":5.1,"cc":null,"co":null}},{"type":"Feature","geometry":{"type":"LineString","coordinates":[[-81.5482475,30.419039999999995],[-81.544082,30.41505410000002],[-81.5390787,30.411428600000022],[-81.53647649999999,30.409639200000015],[-81.53387320000002,30.401604099999986],[-81.53220909999999,30.396114399999988],[-81.5292877,30.386940900000013]]},"properties":{"k":"c","n":null,"c":"power line","v":53.3,"cc":null,"co":null}},{"type":"Feature","geometry":{"type":"LineString","coordinates":[[-81.548202,30.417629999999974],[-81.54714410000003,30.41648620000001],[-81.53704809999999,30.409322599999996],[-81.533998,30.399628800000016],[-81.53269719999997,30.395841700000005],[-81.532441,30.394824200000016],[-81.5299215,30.386808299999984]]},"properties":{"k":"c","n":null,"c":"power line","v":53.3,"cc":null,"co":null}},{"type":"Feature","geometry":{"type":"LineString","coordinates":[[-81.5840503,30.438274200000023],[-81.58252220000003,30.43767220000001]]},"properties":{"k":"c","n":null,"c":"telephone","v":5.1,"cc":null,"co":null}},{"type":"Feature","geometry":{"type":"LineString","coordinates":[[-81.50715489999999,30.404658299999994],[-81.50941920000002,30.40624969999999]]},"properties":{"k":"c","n":null,"c":"power line","v":12.1,"cc":null,"co":null}},{"type":"Feature","geometry":{"type":"LineString","coordinates":[[-81.46058540000001,30.394480499999986],[-81.45924280000003,30.39298359999998]]},"properties":{"k":"c","n":null,"c":"power line","v":24.3,"cc":null,"co":null}},{"type":"Feature","geometry":{"type":"LineString","coordinates":[[-81.41570300000001,30.421187999999972],[-81.4198151,30.418756499999972]]},"properties":{"k":"c","n":null,"c":"power line","v":12.1,"cc":null,"co":null}},{"type":"Feature","geometry":{"type":"LineString","coordinates":[[-81.4803124,31.08904289999998],[-81.4798217,31.0881622]]},"properties":{"k":"c","n":null,"c":"power line","v":10.6,"cc":null,"co":null}},{"type":"Feature","geometry":{"type":"LineString","coordinates":[[-81.55335609999997,31.1271031],[-81.55194540000002,31.126197600000012]]},"properties":{"k":"c","n":null,"c":"power line","v":13.4,"cc":null,"co":null}},{"type":"Feature","geometry":{"type":"LineString","coordinates":[[-81.5667264,31.154467099999977],[-81.56792990000002,31.151707999999985]]},"properties":{"k":"c","n":null,"c":"power line","v":9.1,"cc":null,"co":null}},{"type":"Feature","geometry":{"type":"LineString","coordinates":[[-81.53354580000001,31.18550190000002],[-81.52956310000002,31.19276389999999]]},"properties":{"k":"c","n":null,"c":"power line","v":16.7,"cc":null,"co":null}},{"type":"Feature","geometry":{"type":"LineString","coordinates":[[-81.56910829999998,31.152589499999976],[-81.5672591,31.154539699999987]]},"properties":{"k":"c","n":null,"c":"power line","v":9.1,"cc":null,"co":null}},{"type":"Feature","geometry":{"type":"LineString","coordinates":[[-81.46990920000002,31.16137199999997],[-81.46795020000002,31.161471500000005]]},"properties":{"k":"c","n":null,"c":"power line","v":7.9,"cc":null,"co":null}},{"type":"Feature","geometry":{"type":"LineString","coordinates":[[-81.4230167,31.170418100000006],[-81.42699859999999,31.17154629999999]]},"properties":{"k":"c","n":null,"c":"power line","v":29.5,"cc":null,"co":null}},{"type":"Feature","geometry":{"type":"LineString","coordinates":[[-81.43720580000002,31.16820439999998],[-81.4357986,31.16895119999998]]},"properties":{"k":"c","n":null,"c":"power line","v":10.0,"cc":null,"co":null}},{"type":"Feature","geometry":{"type":"LineString","coordinates":[[-81.42674779999999,31.172075699999994],[-81.42292400000002,31.17102699999998]]},"properties":{"k":"c","n":null,"c":"power line","v":29.5,"cc":null,"co":null}},{"type":"Feature","geometry":{"type":"LineString","coordinates":[[-81.35259020000001,31.178595299999984],[-81.351066,31.178190099999995]]},"properties":{"k":"c","n":null,"c":"power line","v":4.8,"cc":null,"co":null}},{"type":"Feature","geometry":{"type":"LineString","coordinates":[[-81.36837919999999,31.159817099999998],[-81.36762069999997,31.162453099999993],[-81.3676853,31.163626599999986],[-81.36679930000003,31.16471200000001]]},"properties":{"k":"c","n":null,"c":"power line","v":3.9,"cc":null,"co":null}},{"type":"Feature","geometry":{"type":"LineString","coordinates":[[-81.36748319999998,31.16285019999998],[-81.36592250000001,31.163899500000014]]},"properties":{"k":"c","n":null,"c":"power line","v":3.9,"cc":null,"co":null}},{"type":"Feature","geometry":{"type":"LineString","coordinates":[[-80.46312590000002,32.34261120000002],[-80.46507179999998,32.3375317]]},"properties":{"k":"b","n":null,"c":"fixed bridge","v":4.5,"cc":null,"co":null}},{"type":"Feature","geometry":{"type":"LineString","coordinates":[[-76.73549009999999,34.72195190000002],[-76.73613419999998,34.72028160000002],[-76.7372646,34.71161009999997]]},"properties":{"k":"c","n":null,"c":"power line","v":14.9,"cc":null,"co":null}},{"type":"Feature","geometry":{"type":"LineString","coordinates":[[-80.77945399999999,32.53393940000001],[-80.77743099999998,32.5271894]]},"properties":{"k":"c","n":null,"c":"power line","v":20.7,"cc":null,"co":null}},{"type":"Feature","geometry":{"type":"LineString","coordinates":[[-80.44939799999997,32.403293399999995],[-80.45038899999997,32.403020000000026],[-80.45844679999999,32.405780400000026]]},"properties":{"k":"c","n":null,"c":"power line","v":33.5,"cc":null,"co":null}},{"type":"Feature","geometry":{"type":"LineString","coordinates":[[-75.68884070000058,35.21788600000036],[-75.68910619999951,35.21807400000034],[-75.68885709999995,35.21840460000021],[-75.6885244999994,35.21817360000023],[-75.68884070000058,35.21788600000036]]},"properties":{"k":"b","n":null,"c":"fixed bridge","v":null,"cc":null,"co":null}},{"type":"Feature","geometry":{"type":"LineString","coordinates":[[-76.73586430000069,34.714565300000686],[-76.73671810000087,34.711107700000866],[-76.73677280000084,34.711034399999335],[-76.73692970000047,34.71107090000078],[-76.7354047000008,34.717267599999104],[-76.73521110000001,34.717210500000874],[-76.73586430000069,34.714565300000686]]},"properties":{"k":"b","n":null,"c":"fixed bridge","v":null,"cc":null,"co":null}},{"type":"Feature","geometry":{"type":"LineString","coordinates":[[-76.73514749999958,34.717467899999974],[-76.73534189999918,34.71752259999994],[-76.7344462000001,34.72111419999965],[-76.73442839999916,34.72147539999969],[-76.73418680000032,34.7213584000001],[-76.73514749999958,34.717467899999974]]},"properties":{"k":"b","n":null,"c":"fixed bridge","v":null,"cc":null,"co":null}},{"type":"Feature","geometry":{"type":"LineString","coordinates":[[-76.6695092000009,34.72201900000073],[-76.67012579999937,34.72211959999913],[-76.67004900000029,34.722202999999354],[-76.67010549999941,34.722283700000844],[-76.66945769999984,34.722160900000745],[-76.6695092000009,34.72201900000073]]},"properties":{"k":"b","n":null,"c":"fixed bridge","v":null,"cc":null,"co":null}},{"type":"Feature","geometry":{"type":"LineString","coordinates":[[-76.66873499999929,34.72186189999957],[-76.66927439999927,34.7220068000006],[-76.66924739999922,34.72211529999913],[-76.66866269999991,34.72196350000013],[-76.66873499999929,34.72186189999957]]},"properties":{"k":"b","n":null,"c":"fixed bridge","v":null,"cc":null,"co":null}},{"type":"Feature","geometry":{"type":"LineString","coordinates":[[-76.5782450000006,34.7129819999991],[-76.57714400000077,34.7126219999991],[-76.57733460000054,34.71248650000052],[-76.57840240000041,34.7128358000009],[-76.5782450000006,34.7129819999991]]},"properties":{"k":"b","n":null,"c":"fixed bridge","v":null,"cc":null,"co":null}},{"type":"Feature","geometry":{"type":"LineString","coordinates":[[-76.65814769999997,34.76455080000051],[-76.65759790000084,34.76360879999993],[-76.65782109999964,34.76341390000016],[-76.65829099999974,34.76431059999959],[-76.65814769999997,34.76455080000051]]},"properties":{"k":"b","n":null,"c":"fixed bridge","v":null,"cc":null,"co":null}},{"type":"Feature","geometry":{"type":"LineString","coordinates":[[-76.65852230000019,34.762943100000484],[-76.65951379999933,34.76349830000072],[-76.65976000000046,34.76356300000043],[-76.65968780000003,34.76375840000037],[-76.65963010000087,34.76380869999957],[-76.6583198999997,34.76309460000084],[-76.65852230000019,34.762943100000484]]},"properties":{"k":"b","n":null,"c":"fixed bridge","v":null,"cc":null,"co":null}},{"type":"Feature","geometry":{"type":"LineString","coordinates":[[-76.65146169999935,34.74878189999981],[-76.65145649999977,34.749059800000396],[-76.65119579999919,34.749078999999256],[-76.65121720000025,34.74883090000003],[-76.65146169999935,34.74878189999981]]},"properties":{"k":"b","n":null,"c":"fixed bridge","v":null,"cc":null,"co":null}},{"type":"Feature","geometry":{"type":"LineString","coordinates":[[-76.57294320000074,34.78059799999937],[-76.57451969999966,34.7807585999999],[-76.57450919999974,34.780946900000345],[-76.57291889999942,34.78079529999923],[-76.57294320000074,34.78059799999937]]},"properties":{"k":"b","n":null,"c":"fixed bridge","v":null,"cc":null,"co":null}},{"type":"Feature","geometry":{"type":"LineString","coordinates":[[-76.42911599999934,34.83509699999922],[-76.42927400000008,34.83529699999963],[-76.42886100000032,34.83562399999937],[-76.42872700000044,34.83543099999952],[-76.42911599999934,34.83509699999922]]},"properties":{"k":"b","n":null,"c":"fixed bridge","v":null,"cc":null,"co":null}},{"type":"Feature","geometry":{"type":"LineString","coordinates":[[-77.5545820999996,34.431319900000744],[-77.55480890000035,34.43136620000041],[-77.55472860000009,34.43225969999912],[-77.55448090000027,34.432227900000726],[-77.5545820999996,34.431319900000744]]},"properties":{"k":"b","n":null,"c":"fixed bridge","v":null,"cc":null,"co":null}},{"type":"Feature","geometry":{"type":"LineString","coordinates":[[-77.52303770000071,34.44218379999984],[-77.52327800000057,34.442485899999156],[-77.52309889999924,34.44257629999993],[-77.52283630000056,34.44227099999989],[-77.52303770000071,34.44218379999984]]},"properties":{"k":"b","n":null,"c":"fixed bridge","v":null,"cc":null,"co":null}},{"type":"Feature","geometry":{"type":"LineString","coordinates":[[-77.50079299999925,34.46450499999992],[-77.50092500000028,34.46474800000033],[-77.50075499999912,34.46480899999915],[-77.50022800000079,34.463653000000704],[-77.50041299999975,34.46362699999918],[-77.50079299999925,34.46450499999992]]},"properties":{"k":"b","n":null,"c":"fixed bridge","v":null,"cc":null,"co":null}},{"type":"Feature","geometry":{"type":"LineString","coordinates":[[-77.50041899999997,34.46243399999912],[-77.50058999999965,34.46244900000056],[-77.50039800000013,34.462970000000496],[-77.50024800000028,34.46294999999918],[-77.50041899999997,34.46243399999912]]},"properties":{"k":"b","n":null,"c":"fixed bridge","v":null,"cc":null,"co":null}},{"type":"Feature","geometry":{"type":"LineString","coordinates":[[-77.1125119999997,34.6818289999992],[-77.11429400000088,34.68374399999993],[-77.11411550000048,34.68390290000025],[-77.11226600000009,34.68195399999968],[-77.1125119999997,34.6818289999992]]},"properties":{"k":"b","n":"East Channel Bridge","c":"fixed bridge","v":null,"cc":null,"co":null}},{"type":"Feature","geometry":{"type":"LineString","coordinates":[[-77.11609700000008,34.68579099999988],[-77.11618380000073,34.68577499999992],[-77.11748160000025,34.687218299999586],[-77.11731650000002,34.6873257999996],[-77.11577319999924,34.685721199999534],[-77.11609700000008,34.68579099999988]]},"properties":{"k":"b","n":null,"c":"fixed bridge","v":null,"cc":null,"co":null}},{"type":"Feature","geometry":{"type":"LineString","coordinates":[[-76.94645420000052,34.722901600000114],[-76.94513320000078,34.72346119999929],[-76.94496040000013,34.72332330000063],[-76.9462738000002,34.72278270000061],[-76.94645420000052,34.722901600000114]]},"properties":{"k":"b","n":null,"c":"fixed bridge","v":null,"cc":null,"co":null}},{"type":"Feature","geometry":{"type":"LineString","coordinates":[[-77.40255140000045,34.73163240000031],[-77.40275400000064,34.73181199999999],[-77.40258800000083,34.731911999999284],[-77.40219400000024,34.73157800000081],[-77.4023930000003,34.7314920000008],[-77.40255140000045,34.73163240000031]]},"properties":{"k":"b","n":null,"c":"fixed bridge","v":null,"cc":null,"co":null}},{"type":"Feature","geometry":{"type":"LineString","coordinates":[[-77.4215609999992,34.7562080000007],[-77.42159999999967,34.75623500000074],[-77.42141000000083,34.75630799999999],[-77.4215609999992,34.7562080000007]]},"properties":{"k":"b","n":null,"c":"fixed bridge","v":null,"cc":null,"co":null}},{"type":"Feature","geometry":{"type":"LineString","coordinates":[[-77.44024200000058,34.734103999999206],[-77.44024899999931,34.73414799999955],[-77.44017200000053,34.7341550000001],[-77.44016799999918,34.734112000000096],[-77.44024200000058,34.734103999999206]]},"properties":{"k":"b","n":null,"c":"fixed bridge","v":null,"cc":null,"co":null}},{"type":"Feature","geometry":{"type":"LineString","coordinates":[[-77.42177500000071,34.75628499999948],[-77.42199400000027,34.75638900000013],[-77.42180999999982,34.7565340000001],[-77.42162800000006,34.75639500000034],[-77.42177500000071,34.75628499999948]]},"properties":{"k":"b","n":null,"c":"fixed bridge","v":null,"cc":null,"co":null}},{"type":"Feature","geometry":{"type":"LineString","coordinates":[[-76.8993100000007,34.7287350000006],[-76.90156860000025,34.72911430000022],[-76.90132489999996,34.72926480000024],[-76.8992390000003,34.728947999999946],[-76.8993100000007,34.7287350000006]]},"properties":{"k":"b","n":null,"c":"fixed bridge","v":null,"cc":null,"co":null}},{"type":"Feature","geometry":{"type":"LineString","coordinates":[[-76.87009650000073,34.73095640000065],[-76.86981050000031,34.73114320000059],[-76.86976399999912,34.7310166999996],[-76.87001939999936,34.730804900000294],[-76.87009650000073,34.73095640000065]]},"properties":{"k":"b","n":null,"c":"fixed bridge","v":null,"cc":null,"co":null}},{"type":"Feature","geometry":{"type":"LineString","coordinates":[[-76.73079150000012,34.740430100000594],[-76.73100159999922,34.740606400000615],[-76.73079230000076,34.74094359999981],[-76.73059230000035,34.74076939999941],[-76.73079150000012,34.740430100000594]]},"properties":{"k":"b","n":null,"c":"fixed bridge","v":null,"cc":null,"co":null}},{"type":"Feature","geometry":{"type":"LineString","coordinates":[[-76.72907510000005,34.726707600000736],[-76.72933499999999,34.72690499999953],[-76.72926299999926,34.728119100000185],[-76.7290281000005,34.728087600000435],[-76.72907510000005,34.726707600000736]]},"properties":{"k":"b","n":null,"c":"fixed bridge","v":null,"cc":null,"co":null}},{"type":"Feature","geometry":{"type":"LineString","coordinates":[[-76.62345649999952,34.89308820000042],[-76.62331269999959,34.89335460000075],[-76.62303380000048,34.89329859999998],[-76.62316079999982,34.89307960000042],[-76.62345649999952,34.89308820000042]]},"properties":{"k":"b","n":null,"c":"fixed bridge","v":null,"cc":null,"co":null}},{"type":"Feature","geometry":{"type":"LineString","coordinates":[[-76.73762700000043,34.821663000000626],[-76.73773120000078,34.8218751000004],[-76.73734100000001,34.821959299999435],[-76.73724949999996,34.82175649999954],[-76.73762700000043,34.821663000000626]]},"properties":{"k":"b","n":null,"c":"fixed bridge","v":null,"cc":null,"co":null}},{"type":"Feature","geometry":{"type":"LineString","coordinates":[[-76.74910869999985,34.836279099999956],[-76.7492457999997,34.83644900000036],[-76.74892600000021,34.836633599999914],[-76.74880660000053,34.83646020000015],[-76.74910869999985,34.836279099999956]]},"properties":{"k":"b","n":null,"c":"fixed bridge","v":null,"cc":null,"co":null}},{"type":"Feature","geometry":{"type":"LineString","coordinates":[[-76.7699235,34.864402499999414],[-76.76999930000056,34.8644017000006],[-76.76965469999959,34.86488500000087],[-76.7695132000008,34.86455139999998],[-76.76971729999968,34.864223700000366],[-76.76975879999918,34.86433819999911],[-76.7699235,34.864402499999414]]},"properties":{"k":"b","n":null,"c":"fixed bridge","v":null,"cc":null,"co":null}},{"type":"Feature","geometry":{"type":"LineString","coordinates":[[-76.75636350000059,34.847066899999845],[-76.7564194000006,34.8472899999997],[-76.75607029999992,34.84746889999951],[-76.75598419999915,34.84724459999961],[-76.75636350000059,34.847066899999845]]},"properties":{"k":"b","n":null,"c":"fixed bridge","v":null,"cc":null,"co":null}},{"type":"Feature","geometry":{"type":"LineString","coordinates":[[-76.69258930000069,34.82739559999936],[-76.69278180000038,34.82747329999984],[-76.6926528999993,34.82782039999984],[-76.6924125000005,34.82781690000047],[-76.69258930000069,34.82739559999936]]},"properties":{"k":"b","n":null,"c":"fixed bridge","v":null,"cc":null,"co":null}},{"type":"Feature","geometry":{"type":"LineString","coordinates":[[-76.6922013000003,34.82838289999927],[-76.69246799999928,34.82849619999979],[-76.69241110000075,34.828686599999855],[-76.69211609999911,34.82864130000053],[-76.6922013000003,34.82838289999927]]},"properties":{"k":"b","n":null,"c":"fixed bridge","v":null,"cc":null,"co":null}},{"type":"Feature","geometry":{"type":"LineString","coordinates":[[-76.63689119999981,34.82003049999912],[-76.63693509999939,34.8203083999997],[-76.63669180000034,34.82039319999967],[-76.63660999999956,34.82003749999967],[-76.63689119999981,34.82003049999912]]},"properties":{"k":"b","n":null,"c":"fixed bridge","v":null,"cc":null,"co":null}},{"type":"Feature","geometry":{"type":"LineString","coordinates":[[-76.92330100000072,34.89115200000015],[-76.92325639999945,34.89096740000059],[-76.92345700000078,34.8906879999995],[-76.92351109999981,34.890985],[-76.92330100000072,34.89115200000015]]},"properties":{"k":"b","n":null,"c":"fixed bridge","v":null,"cc":null,"co":null}},{"type":"Feature","geometry":{"type":"LineString","coordinates":[[-76.92256000000089,34.891186000000744],[-76.92244419999952,34.891069600000264],[-76.92269999999917,34.890982099999746],[-76.92290200000025,34.89116499999909],[-76.92256000000089,34.891186000000744]]},"properties":{"k":"b","n":null,"c":"fixed bridge","v":null,"cc":null,"co":null}},{"type":"Feature","geometry":{"type":"LineString","coordinates":[[-76.72684490000029,34.91711360000045],[-76.72704220000014,34.91726539999945],[-76.72686819999944,34.917404499999975],[-76.72669400000086,34.91726310000013],[-76.72684490000029,34.91711360000045]]},"properties":{"k":"b","n":null,"c":"fixed bridge","v":null,"cc":null,"co":null}},{"type":"Feature","geometry":{"type":"LineString","coordinates":[[-76.62345649999952,34.89308820000042],[-76.62331269999959,34.89335460000075],[-76.62303380000048,34.89329859999998],[-76.62316079999982,34.89307960000042],[-76.62345649999952,34.89308820000042]]},"properties":{"k":"b","n":null,"c":"fixed bridge","v":null,"cc":null,"co":null}},{"type":"Feature","geometry":{"type":"LineString","coordinates":[[-76.55752489999941,34.91160359999958],[-76.55871250000018,34.91163039999992],[-76.55862949999937,34.91298690000076],[-76.55833530000018,34.91427119999935],[-76.5570317999991,34.914721799999825],[-76.55734069999926,34.913843800000905],[-76.55746960000033,34.91313850000006],[-76.55752489999941,34.91160359999958]]},"properties":{"k":"b","n":null,"c":"fixed bridge","v":null,"cc":null,"co":null}},{"type":"Feature","geometry":{"type":"LineString","coordinates":[[-77.2135830999996,35.00059209999927],[-77.21377120000034,35.00065480000012],[-77.21367570000075,35.00085199999921],[-77.21346020000055,35.000785399999586],[-77.2135830999996,35.00059209999927]]},"properties":{"k":"b","n":null,"c":"fixed bridge","v":null,"cc":null,"co":null}},{"type":"Feature","geometry":{"type":"LineString","coordinates":[[-77.03750559999935,35.09894700000041],[-77.03776199999993,35.099002400000245],[-77.03751910000028,35.100000000000364],[-77.0372466000008,35.100000000000364],[-77.03750559999935,35.09894700000041]]},"properties":{"k":"b","n":null,"c":"fixed bridge","v":null,"cc":null,"co":null}},{"type":"Feature","geometry":{"type":"LineString","coordinates":[[-76.86618819999967,35.03793699999915],[-76.86612590000004,35.03816589999951],[-76.86589409999942,35.03811769999993],[-76.86595350000061,35.03789750000033],[-76.86618819999967,35.03793699999915]]},"properties":{"k":"b","n":null,"c":"fixed bridge","v":null,"cc":null,"co":null}},{"type":"Feature","geometry":{"type":"LineString","coordinates":[[-76.71074939999926,35.05013599999984],[-76.71071819999997,35.049930699999095],[-76.7108862999994,35.04992259999926],[-76.71089659999961,35.05012759999954],[-76.71074939999926,35.05013599999984]]},"properties":{"k":"b","n":null,"c":"fixed bridge","v":null,"cc":null,"co":null}},{"type":"Feature","geometry":{"type":"LineString","coordinates":[[-77.14840100000038,35.073913000000175],[-77.14819700000044,35.07372890000079],[-77.1483062999996,35.07346990000042],[-77.1488100000006,35.07393000000047],[-77.14840100000038,35.073913000000175]]},"properties":{"k":"b","n":null,"c":"fixed bridge","v":null,"cc":null,"co":null}},{"type":"Feature","geometry":{"type":"LineString","coordinates":[[-77.13775100000021,35.06125699999939],[-77.13799579999977,35.06133849999969],[-77.13783350000085,35.06150840000009],[-77.13760799999909,35.0614029999997],[-77.13775100000021,35.06125699999939]]},"properties":{"k":"b","n":null,"c":"fixed bridge","v":null,"cc":null,"co":null}},{"type":"Feature","geometry":{"type":"LineString","coordinates":[[-77.1451550999991,35.07382770000004],[-77.14535120000073,35.073963200000435],[-77.1448719,35.074047599999176],[-77.14468739999938,35.073916800000006],[-77.1451550999991,35.07382770000004]]},"properties":{"k":"b","n":null,"c":"fixed bridge","v":null,"cc":null,"co":null}},{"type":"Feature","geometry":{"type":"LineString","coordinates":[[-77.02758510000058,35.13344340000003],[-77.02751399999943,35.133709499999895],[-77.02724090000083,35.133772999999564],[-77.02728360000037,35.133529999999155],[-77.02758510000058,35.13344340000003]]},"properties":{"k":"b","n":null,"c":"fixed bridge","v":null,"cc":null,"co":null}},{"type":"Feature","geometry":{"type":"LineString","coordinates":[[-77.05398109999987,35.12527810000029],[-77.05397459999949,35.12506140000005],[-77.05435790000047,35.12516399999913],[-77.05427319999944,35.12534400000004],[-77.05398109999987,35.12527810000029]]},"properties":{"k":"b","n":null,"c":"fixed bridge","v":null,"cc":null,"co":null}},{"type":"Feature","geometry":{"type":"LineString","coordinates":[[-77.04223889999957,35.11927520000063],[-77.04246880000028,35.11940890000005],[-77.04139159999977,35.1200759000003],[-77.04124090000005,35.11989960000028],[-77.04223889999957,35.11927520000063]]},"properties":{"k":"b","n":null,"c":"fixed bridge","v":null,"cc":null,"co":null}},{"type":"Feature","geometry":{"type":"LineString","coordinates":[[-77.04104139999981,35.12001190000046],[-77.04120519999924,35.120184999999765],[-77.02804560000004,35.12852550000025],[-77.02795010000045,35.12832309999976],[-77.04104139999981,35.12001190000046]]},"properties":{"k":"b","n":null,"c":"fixed bridge","v":null,"cc":null,"co":null}},{"type":"Feature","geometry":{"type":"LineString","coordinates":[[-77.04127909999988,35.100000000000364],[-77.04156359999979,35.100000000000364],[-77.04224299999987,35.10368600000038],[-77.04196400000001,35.10365880000063],[-77.04127909999988,35.100000000000364]]},"properties":{"k":"b","n":null,"c":"fixed bridge","v":null,"cc":null,"co":null}},{"type":"Feature","geometry":{"type":"LineString","coordinates":[[-77.0265844000005,35.13363179999942],[-77.02661520000038,35.13389989999996],[-77.02634240000043,35.13395289999971],[-77.0263214000006,35.133659900000566],[-77.0265844000005,35.13363179999942]]},"properties":{"k":"b","n":null,"c":"fixed bridge","v":null,"cc":null,"co":null}},{"type":"Feature","geometry":{"type":"LineString","coordinates":[[-77.04124090000005,35.11989960000028],[-77.04139159999977,35.1200759000003],[-77.04120519999924,35.120184999999765],[-77.04104139999981,35.12001190000046],[-77.04124090000005,35.11989960000028]]},"properties":{"k":"b","n":null,"c":"swing bridge","v":null,"cc":null,"co":null}},{"type":"Feature","geometry":{"type":"LineString","coordinates":[[-76.76663159999953,35.14423440000064],[-76.76672490000055,35.14446130000033],[-76.76659010000003,35.14451960000042],[-76.76649089999955,35.14430119999997],[-76.76663159999953,35.14423440000064]]},"properties":{"k":"b","n":null,"c":"fixed bridge","v":null,"cc":null,"co":null}},{"type":"Feature","geometry":{"type":"LineString","coordinates":[[-76.74026220000087,35.125597899999775],[-76.74010869999984,35.12540819999958],[-76.7403319999994,35.125316499999826],[-76.74047910000081,35.125492200000735],[-76.74026220000087,35.125597899999775]]},"properties":{"k":"b","n":null,"c":"fixed bridge","v":null,"cc":null,"co":null}},{"type":"Feature","geometry":{"type":"LineString","coordinates":[[-76.6843884000009,35.1318181000006],[-76.68453360000058,35.13200119999965],[-76.6842643,35.132133900000554],[-76.68410659999972,35.1319538000007],[-76.6843884000009,35.1318181000006]]},"properties":{"k":"b","n":null,"c":"fixed bridge","v":null,"cc":null,"co":null}},{"type":"Feature","geometry":{"type":"LineString","coordinates":[[-76.61173280000003,35.22168729999976],[-76.6116075000009,35.22188219999953],[-76.61137439999948,35.22178949999943],[-76.61148959999991,35.221625300000596],[-76.61173280000003,35.22168729999976]]},"properties":{"k":"b","n":null,"c":"fixed bridge","v":null,"cc":null,"co":null}},{"type":"Feature","geometry":{"type":"LineString","coordinates":[[-77.12350549999974,35.2098489],[-77.12375210000027,35.20988849999958],[-77.12263610000082,35.21156139999948],[-77.12240659999952,35.21144129999993],[-77.12350549999974,35.2098489]]},"properties":{"k":"b","n":null,"c":"fixed bridge","v":null,"cc":null,"co":null}},{"type":"Feature","geometry":{"type":"LineString","coordinates":[[-76.798949,35.3181710000008],[-76.79920599999969,35.31818200000089],[-76.79919599999994,35.31840200000079],[-76.79895100000067,35.31834300000082],[-76.798949,35.3181710000008]]},"properties":{"k":"b","n":null,"c":"fixed bridge","v":null,"cc":null,"co":null}},{"type":"Feature","geometry":{"type":"LineString","coordinates":[[-76.76012900000023,35.31209300000046],[-76.76025760000084,35.31245730000046],[-76.76003280000077,35.31259089999912],[-76.75990869999987,35.312230100000306],[-76.76012900000023,35.31209300000046]]},"properties":{"k":"b","n":null,"c":"fixed bridge","v":null,"cc":null,"co":null}},{"type":"Feature","geometry":{"type":"LineString","coordinates":[[-76.57768810000016,35.27035070000056],[-76.5778848000009,35.270390300000145],[-76.57783559999916,35.27060809999966],[-76.5776420000002,35.270563399999446],[-76.57768810000016,35.27035070000056]]},"properties":{"k":"b","n":null,"c":"fixed bridge","v":null,"cc":null,"co":null}},{"type":"Feature","geometry":{"type":"LineString","coordinates":[[-76.62432099999933,35.32102879999911],[-76.62377019999985,35.32149600000048],[-76.6235901,35.32140000000072],[-76.62415839999994,35.32092569999986],[-76.62432099999933,35.32102879999911]]},"properties":{"k":"b","n":null,"c":"fixed bridge","v":null,"cc":null,"co":null}},{"type":"Feature","geometry":{"type":"LineString","coordinates":[[-76.63220840000031,35.26925420000043],[-76.6325211000003,35.269300800000565],[-76.63243850000072,35.26945180000075],[-76.6321613,35.269419399999606],[-76.63220840000031,35.26925420000043]]},"properties":{"k":"b","n":null,"c":"fixed bridge","v":null,"cc":null,"co":null}},{"type":"Feature","geometry":{"type":"LineString","coordinates":[[-76.86530999999923,35.35961099999986],[-76.8654690000003,35.3597979999995],[-76.8644860000004,35.359856999999465],[-76.86451800000032,35.35964799999965],[-76.86530999999923,35.35961099999986]]},"properties":{"k":"b","n":null,"c":"fixed bridge","v":null,"cc":null,"co":null}},{"type":"Feature","geometry":{"type":"LineString","coordinates":[[-76.74769129999913,35.37626060000002],[-76.74793219999992,35.3763201999991],[-76.74789509999937,35.37651659999938],[-76.74765130000014,35.3764644999992],[-76.74769129999913,35.37626060000002]]},"properties":{"k":"b","n":null,"c":"fixed bridge","v":null,"cc":null,"co":null}},{"type":"Feature","geometry":{"type":"LineString","coordinates":[[-76.8542465999999,35.462485500000184],[-76.85441279999941,35.4627758000006],[-76.8541580000001,35.462892999999895],[-76.8539980000005,35.46264399999927],[-76.8542465999999,35.462485500000184]]},"properties":{"k":"b","n":null,"c":"fixed bridge","v":null,"cc":null,"co":null}},{"type":"Feature","geometry":{"type":"LineString","coordinates":[[-76.80098469999939,35.43860929999937],[-76.8007777999992,35.438526300000376],[-76.80089249999946,35.43832610000027],[-76.80113490000076,35.438431099999434],[-76.80098469999939,35.43860929999937]]},"properties":{"k":"b","n":null,"c":"fixed bridge","v":null,"cc":null,"co":null}},{"type":"Feature","geometry":{"type":"LineString","coordinates":[[-76.70557799999915,35.43666999999914],[-76.70558700000038,35.43678700000055],[-76.70531400000073,35.436750999999276],[-76.70531610000035,35.43663320000087],[-76.70557799999915,35.43666999999914]]},"properties":{"k":"b","n":null,"c":"fixed bridge","v":null,"cc":null,"co":null}},{"type":"Feature","geometry":{"type":"LineString","coordinates":[[-76.72038600000087,35.443380000000616],[-76.72029699999985,35.443482999999105],[-76.71988000000056,35.44353299999966],[-76.72001500000079,35.44341700000041],[-76.72038600000087,35.443380000000616]]},"properties":{"k":"b","n":null,"c":"fixed bridge","v":null,"cc":null,"co":null}},{"type":"Feature","geometry":{"type":"LineString","coordinates":[[-76.5441952000001,35.44856660000005],[-76.54412120000052,35.44918900000084],[-76.54391980000037,35.449136799999906],[-76.54398039999978,35.44876230000045],[-76.5441952000001,35.44856660000005]]},"properties":{"k":"b","n":null,"c":"fixed bridge","v":null,"cc":null,"co":null}},{"type":"Feature","geometry":{"type":"LineString","coordinates":[[-76.67294829999992,35.48360959999991],[-76.67320970000037,35.4837191000006],[-76.67306730000018,35.48392570000033],[-76.67286009999953,35.483781900000395],[-76.67294829999992,35.48360959999991]]},"properties":{"k":"b","n":null,"c":"fixed bridge","v":null,"cc":null,"co":null}},{"type":"Feature","geometry":{"type":"LineString","coordinates":[[-76.44627989999935,35.49929089999932],[-76.44628890000058,35.50030119999974],[-76.44584600000053,35.50050200000078],[-76.44586879999952,35.49939919999997],[-76.44627989999935,35.49929089999932]]},"properties":{"k":"b","n":null,"c":"fixed bridge","v":null,"cc":null,"co":null}},{"type":"Feature","geometry":{"type":"LineString","coordinates":[[-76.49014519999946,35.46277700000064],[-76.4899989000005,35.462918699999136],[-76.48983939999925,35.46279180000056],[-76.49001409999983,35.462632900000244],[-76.49014519999946,35.46277700000064]]},"properties":{"k":"b","n":null,"c":"fixed bridge","v":null,"cc":null,"co":null}},{"type":"Feature","geometry":{"type":"LineString","coordinates":[[-77.98059140000078,34.19925669999975],[-77.98070220000045,34.19927049999933],[-77.98068129999956,34.19942099999935],[-77.98056619999988,34.19940850000057],[-77.98059140000078,34.19925669999975]]},"properties":{"k":"b","n":null,"c":"fixed bridge","v":null,"cc":null,"co":null}},{"type":"Feature","geometry":{"type":"LineString","coordinates":[[-77.98802140000043,34.13632499999949],[-77.98837060000005,34.1365693000007],[-77.98828549999962,34.13667600000008],[-77.98809009999968,34.136715799999365],[-77.98773000000074,34.13640459999988],[-77.98802140000043,34.13632499999949]]},"properties":{"k":"b","n":null,"c":"fixed bridge","v":null,"cc":null,"co":null}},{"type":"Feature","geometry":{"type":"LineString","coordinates":[[-77.98414760000014,34.2622410999993],[-77.98420850000002,34.26229720000083],[-77.98388349999914,34.26234739999927],[-77.98375739999938,34.26223639999989],[-77.984058,34.262158499999714],[-77.98414760000014,34.2622410999993]]},"properties":{"k":"b","n":null,"c":"fixed bridge","v":null,"cc":null,"co":null}},{"type":"Feature","geometry":{"type":"LineString","coordinates":[[-77.97050759999911,34.234540800000104],[-77.96960639999998,34.23461680000037],[-77.9693984000005,34.23438519999945],[-77.9700498000002,34.23434719999932],[-77.97050759999911,34.234540800000104]]},"properties":{"k":"b","n":null,"c":"fixed bridge","v":null,"cc":null,"co":null}},{"type":"Feature","geometry":{"type":"LineString","coordinates":[[-77.92945259999942,34.2491485999999],[-77.92978559999938,34.24922279999919],[-77.9296190999994,34.24942010000086],[-77.92930060000072,34.249338600000556],[-77.92945259999942,34.2491485999999]]},"properties":{"k":"b","n":null,"c":"fixed bridge","v":null,"cc":null,"co":null}},{"type":"Feature","geometry":{"type":"LineString","coordinates":[[-77.98009610000008,34.23451190000014],[-77.9798021000006,34.23449140000048],[-77.97975530000076,34.234091599999374],[-77.97965169999952,34.23405249999996],[-77.98004159999982,34.23411739999938],[-77.98009610000008,34.23451190000014]]},"properties":{"k":"b","n":null,"c":"fixed bridge","v":null,"cc":null,"co":null}},{"type":"Feature","geometry":{"type":"LineString","coordinates":[[-77.96986160000051,34.23364880000008],[-77.96984530000009,34.23403599999983],[-77.96938930000033,34.23413729999993],[-77.96941829999923,34.23375370000031],[-77.96986160000051,34.23364880000008]]},"properties":{"k":"b","n":null,"c":"fixed bridge","v":null,"cc":null,"co":null}},{"type":"Feature","geometry":{"type":"LineString","coordinates":[[-77.86608999999953,34.160100999999486],[-77.8660959000008,34.16086480000013],[-77.8658577999995,34.160849199999575],[-77.86585879999984,34.160045900000114],[-77.86608999999953,34.160100999999486]]},"properties":{"k":"b","n":null,"c":"fixed bridge","v":null,"cc":null,"co":null}},{"type":"Feature","geometry":{"type":"LineString","coordinates":[[-77.86428399999932,34.190090000000055],[-77.86417500000061,34.189878999999564],[-77.86449600000014,34.189854000000196],[-77.86462299999948,34.1900569999998],[-77.86428399999932,34.190090000000055]]},"properties":{"k":"b","n":null,"c":"fixed bridge","v":null,"cc":null,"co":null}},{"type":"Feature","geometry":{"type":"LineString","coordinates":[[-77.8139740000006,34.22027700000035],[-77.81413070000053,34.22039620000032],[-77.81390250000004,34.22054460000072],[-77.81369389999963,34.22047670000029],[-77.8139740000006,34.22027700000035]]},"properties":{"k":"b","n":null,"c":"fixed bridge","v":null,"cc":null,"co":null}},{"type":"Feature","geometry":{"type":"LineString","coordinates":[[-77.7964809999994,34.21803790000013],[-77.79677970000012,34.21814210000048],[-77.79666290000023,34.218332099999316],[-77.79632730000048,34.21822059999977],[-77.7964809999994,34.21803790000013]]},"properties":{"k":"b","n":null,"c":"fixed bridge","v":null,"cc":null,"co":null}},{"type":"Feature","geometry":{"type":"LineString","coordinates":[[-78.05271150000044,33.93064690000028],[-78.0527820999996,33.930815199999415],[-78.05220659999941,33.93098889999965],[-78.05215599999974,33.9308259999998],[-78.05271150000044,33.93064690000028]]},"properties":{"k":"b","n":null,"c":"fixed bridge","v":null,"cc":null,"co":null}},{"type":"Feature","geometry":{"type":"LineString","coordinates":[[-78.5090407000007,33.87459139999919],[-78.50919190000059,33.87505749999946],[-78.5089081999995,33.87506609999946],[-78.50877629999923,33.874636599999576],[-78.5090407000007,33.87459139999919]]},"properties":{"k":"b","n":null,"c":"fixed bridge","v":null,"cc":null,"co":null}},{"type":"Feature","geometry":{"type":"LineString","coordinates":[[-78.49568179999915,33.88861250000082],[-78.49600400000054,33.88881819999915],[-78.49485529999947,33.8890635000007],[-78.49503670000013,33.88871990000007],[-78.49568179999915,33.88861250000082]]},"properties":{"k":"b","n":null,"c":"fixed bridge","v":null,"cc":null,"co":null}},{"type":"Feature","geometry":{"type":"LineString","coordinates":[[-78.50384640000084,33.886791700000686],[-78.50376800000049,33.887065599999914],[-78.50345969999944,33.88710879999962],[-78.50348230000054,33.88686629999938],[-78.50384640000084,33.886791700000686]]},"properties":{"k":"b","n":null,"c":"fixed bridge","v":null,"cc":null,"co":null}},{"type":"Feature","geometry":{"type":"LineString","coordinates":[[-78.42064860000028,33.89279929999975],[-78.42073960000016,33.893048399999316],[-78.42052639999929,33.89308940000046],[-78.42045490000055,33.89286390000052],[-78.42064860000028,33.89279929999975]]},"properties":{"k":"b","n":null,"c":"fixed bridge","v":null,"cc":null,"co":null}},{"type":"Feature","geometry":{"type":"LineString","coordinates":[[-78.41846880000048,33.893388599999525],[-78.41853980000087,33.893581899999845],[-78.41839219999929,33.89362289999917],[-78.41829859999962,33.893422299999656],[-78.41846880000048,33.893388599999525]]},"properties":{"k":"b","n":null,"c":"fixed bridge","v":null,"cc":null,"co":null}},{"type":"Feature","geometry":{"type":"LineString","coordinates":[[-78.41739760000019,33.89368060000015],[-78.41748019999977,33.89388350000081],[-78.41729979999945,33.8939107999995],[-78.4172135000008,33.89372089999961],[-78.41739760000019,33.89368060000015]]},"properties":{"k":"b","n":null,"c":"fixed bridge","v":null,"cc":null,"co":null}},{"type":"Feature","geometry":{"type":"LineString","coordinates":[[-78.41496519999964,33.89434950000032],[-78.41502609999952,33.8945175000008],[-78.4148628999992,33.894576900000175],[-78.41478169999937,33.894399099999646],[-78.41496519999964,33.89434950000032]]},"properties":{"k":"b","n":null,"c":"fixed bridge","v":null,"cc":null,"co":null}},{"type":"Feature","geometry":{"type":"LineString","coordinates":[[-78.42301260000022,33.892201900000146],[-78.42306219999955,33.89242310000009],[-78.42286539999986,33.89247780000005],[-78.42277040000045,33.892258399999264],[-78.42301260000022,33.892201900000146]]},"properties":{"k":"b","n":null,"c":"fixed bridge","v":null,"cc":null,"co":null}},{"type":"Feature","geometry":{"type":"LineString","coordinates":[[-78.4252777999991,33.8916150999994],[-78.42536629999995,33.891829100000905],[-78.4251609999992,33.891881999999896],[-78.42508830000043,33.89166900000055],[-78.4252777999991,33.8916150999994]]},"properties":{"k":"b","n":null,"c":"fixed bridge","v":null,"cc":null,"co":null}},{"type":"Feature","geometry":{"type":"LineString","coordinates":[[-78.41605130000062,33.918800100000226],[-78.41654390000076,33.919199500000104],[-78.41635379999934,33.91953110000031],[-78.41598010000052,33.91919129999951],[-78.41605130000062,33.918800100000226]]},"properties":{"k":"b","n":null,"c":"fixed bridge","v":null,"cc":null,"co":null}},{"type":"Feature","geometry":{"type":"LineString","coordinates":[[-78.40886780000073,33.92218420000063],[-78.4092015999995,33.92264480000085],[-78.40902679999999,33.9227649000004],[-78.40862840000045,33.92221260000042],[-78.40886780000073,33.92218420000063]]},"properties":{"k":"b","n":null,"c":"fixed bridge","v":null,"cc":null,"co":null}},{"type":"Feature","geometry":{"type":"LineString","coordinates":[[-78.375,33.930036600000676],[-78.37520089999998,33.93000159999974],[-78.37510459999976,33.93055420000019],[-78.375,33.93053409999993],[-78.375,33.930036600000676]]},"properties":{"k":"b","n":null,"c":"fixed bridge","v":null,"cc":null,"co":null}},{"type":"Feature","geometry":{"type":"LineString","coordinates":[[-78.39397300000019,33.909677400000874],[-78.39409999999953,33.910122900000715],[-78.3938005,33.91018350000013],[-78.39364430000023,33.9096754000002],[-78.39397300000019,33.909677400000874]]},"properties":{"k":"b","n":null,"c":"fixed bridge","v":null,"cc":null,"co":null}},{"type":"Feature","geometry":{"type":"LineString","coordinates":[[-78.37489389999973,33.93003019999924],[-78.375,33.930036600000676],[-78.375,33.93053409999993],[-78.37483059999977,33.9305015000009],[-78.37489389999973,33.93003019999924]]},"properties":{"k":"b","n":null,"c":"fixed bridge","v":null,"cc":null,"co":null}},{"type":"Feature","geometry":{"type":"LineString","coordinates":[[-78.18904599999951,33.9207009999991],[-78.18932200000017,33.92076199999974],[-78.18924100000004,33.92105000000083],[-78.1889769999998,33.92100600000049],[-78.18904599999951,33.9207009999991]]},"properties":{"k":"b","n":null,"c":"fixed bridge","v":null,"cc":null,"co":null}},{"type":"Feature","geometry":{"type":"LineString","coordinates":[[-78.17624500000056,33.920985999999175],[-78.17616000000089,33.92136700000083],[-78.17579599999954,33.92134900000019],[-78.17585300000064,33.92098000000078],[-78.17624500000056,33.920985999999175]]},"properties":{"k":"b","n":null,"c":"fixed bridge","v":null,"cc":null,"co":null}},{"type":"Feature","geometry":{"type":"LineString","coordinates":[[-78.16097000000082,33.91759099999945],[-78.16094899999916,33.91784499999994],[-78.16069099999913,33.91785300000083],[-78.16069600000083,33.9175950000008],[-78.16097000000082,33.91759099999945]]},"properties":{"k":"b","n":null,"c":"fixed bridge","v":null,"cc":null,"co":null}},{"type":"Feature","geometry":{"type":"LineString","coordinates":[[-79.4053301999993,33.18306180000036],[-79.4057486999991,33.1834773999999],[-79.40428529999917,33.18499150000025],[-79.40396519999922,33.18459450000046],[-79.4053301999993,33.18306180000036]]},"properties":{"k":"b","n":null,"c":"fixed bridge","v":null,"cc":null,"co":null}},{"type":"Feature","geometry":{"type":"LineString","coordinates":[[-79.40590979999979,33.1836373999995],[-79.40617679999923,33.183902700000544],[-79.40470620000087,33.18551379999917],[-79.4044429000005,33.185187099999894],[-79.40590979999979,33.1836373999995]]},"properties":{"k":"b","n":null,"c":"fixed bridge","v":null,"cc":null,"co":null}},{"type":"Feature","geometry":{"type":"LineString","coordinates":[[-79.26899550000053,33.25081879999925],[-79.26911909999944,33.25085810000019],[-79.26907869999923,33.25090850000015],[-79.26897520000057,33.25087549999989],[-79.26899550000053,33.25081879999925]]},"properties":{"k":"b","n":null,"c":"fixed bridge","v":null,"cc":null,"co":null}},{"type":"Feature","geometry":{"type":"LineString","coordinates":[[-79.26839459999974,33.250625200000286],[-79.26895650000006,33.25078530000064],[-79.26897520000057,33.25087549999989],[-79.26841480000076,33.250713800000085],[-79.26839459999974,33.250625200000286]]},"properties":{"k":"b","n":"Yawkey Center Swing Bridge","c":"swing bridge","v":null,"cc":null,"co":null}},{"type":"Feature","geometry":{"type":"LineString","coordinates":[[-79.26839459999974,33.250625200000286],[-79.26837530000012,33.250681699999404],[-79.26832640000066,33.25066669999978],[-79.26836670000012,33.25061669999923],[-79.26839459999974,33.250625200000286]]},"properties":{"k":"b","n":null,"c":"fixed bridge","v":null,"cc":null,"co":null}},{"type":"Feature","geometry":{"type":"LineString","coordinates":[[-79.25196709999909,33.365506500000265],[-79.25316439999915,33.365619199999855],[-79.25308640000003,33.36578410000038],[-79.24916049999956,33.36541489999945],[-79.24918339999931,33.36523739999939],[-79.25196709999909,33.365506500000265]]},"properties":{"k":"b","n":"Lafayette Bridge","c":"fixed bridge","v":null,"cc":null,"co":null}},{"type":"Feature","geometry":{"type":"LineString","coordinates":[[-79.25356909999937,33.36565739999969],[-79.25604630000089,33.36589060000006],[-79.25733179999952,33.366011699999945],[-79.25727059999917,33.36617760000081],[-79.25348719999965,33.36582180000005],[-79.25356909999937,33.36565739999969]]},"properties":{"k":"b","n":"Lafayette Bridge","c":"fixed bridge","v":null,"cc":null,"co":null}},{"type":"Feature","geometry":{"type":"LineString","coordinates":[[-79.07000499999958,33.5104080000001],[-79.07005949999984,33.51046090000091],[-79.06990899999983,33.51054579999982],[-79.06862770000043,33.50942849999956],[-79.06772300000011,33.508842999999615],[-79.06676899999911,33.50809400000071],[-79.06692300000032,33.50791349999963],[-79.06744199999957,33.508388000000195],[-79.0690709999999,33.509549000000334],[-79.07000499999958,33.5104080000001]]},"properties":{"k":"b","n":null,"c":"fixed bridge","v":null,"cc":null,"co":null}},{"type":"Feature","geometry":{"type":"LineString","coordinates":[[-79.12138520000008,33.51152750000074],[-79.12147840000034,33.51159469999948],[-79.12134979999973,33.511741500000426],[-79.12125899999955,33.51168309999957],[-79.12138520000008,33.51152750000074]]},"properties":{"k":"b","n":null,"c":"fixed bridge","v":null,"cc":null,"co":null}},{"type":"Feature","geometry":{"type":"LineString","coordinates":[[-79.00237200000083,33.57939470000019],[-79.00294600000052,33.57953599999928],[-79.00386900000012,33.58008399999926],[-79.00368449999951,33.58015569999952],[-79.00237200000083,33.57939470000019]]},"properties":{"k":"b","n":null,"c":"fixed bridge","v":null,"cc":null,"co":null}},{"type":"Feature","geometry":{"type":"LineString","coordinates":[[-79.02768719999949,33.683222800000294],[-79.02807179999945,33.68327230000068],[-79.02797739999914,33.68370999999934],[-79.02759060000062,33.68365610000001],[-79.02768719999949,33.683222800000294]]},"properties":{"k":"b","n":null,"c":"fixed bridge","v":null,"cc":null,"co":null}},{"type":"Feature","geometry":{"type":"LineString","coordinates":[[-78.6168529000006,33.84073290000015],[-78.61694270000044,33.84092950000013],[-78.61672069999986,33.84099609999976],[-78.61663120000048,33.84079500000007],[-78.6168529000006,33.84073290000015]]},"properties":{"k":"b","n":null,"c":"fixed bridge","v":null,"cc":null,"co":null}},{"type":"Feature","geometry":{"type":"LineString","coordinates":[[-78.59437849999995,33.85329509999974],[-78.59260879999965,33.852084500000274],[-78.59290429999965,33.85198759999912],[-78.59469829999944,33.85325159999957],[-78.59437849999995,33.85329509999974]]},"properties":{"k":"b","n":null,"c":"fixed bridge","v":null,"cc":null,"co":null}},{"type":"Feature","geometry":{"type":"LineString","coordinates":[[-78.54939989999912,33.88920209999924],[-78.54968779999945,33.889220099999875],[-78.5496277000002,33.889943800000765],[-78.54934160000084,33.89000230000056],[-78.54939989999912,33.88920209999924]]},"properties":{"k":"b","n":null,"c":"fixed bridge","v":null,"cc":null,"co":null}},{"type":"Feature","geometry":{"type":"LineString","coordinates":[[-79.86181140000008,32.76809850000063],[-79.86209260000032,32.76955380000072],[-79.86197809999976,32.7695760000006],[-79.86172169999918,32.768163200000345],[-79.86181140000008,32.76809850000063]]},"properties":{"k":"b","n":null,"c":"fixed bridge","v":null,"cc":null,"co":null}},{"type":"Feature","geometry":{"type":"LineString","coordinates":[[-79.86170209999909,32.76704500000051],[-79.8616951999993,32.76720519999981],[-79.86163959999976,32.76719520000006],[-79.86166860000048,32.766703100000086],[-79.86177189999944,32.76671600000009],[-79.86170209999909,32.76704500000051]]},"properties":{"k":"b","n":null,"c":"fixed bridge","v":null,"cc":null,"co":null}},{"type":"Feature","geometry":{"type":"LineString","coordinates":[[-79.97574010000062,32.79617230000076],[-79.97585509999954,32.79630670000006],[-79.97380049999992,32.79664489999959],[-79.96863200000007,32.79770749999989],[-79.9686129999991,32.79760119999992],[-79.97377389999929,32.79650450000008],[-79.97574010000062,32.79617230000076]]},"properties":{"k":"b","n":null,"c":"fixed bridge","v":null,"cc":null,"co":null}},{"type":"Feature","geometry":{"type":"LineString","coordinates":[[-79.92917769999985,32.80244479999965],[-79.92924029999995,32.802541299999575],[-79.92813469999965,32.80294470000081],[-79.92803789999925,32.8028587000008],[-79.92917769999985,32.80244479999965]]},"properties":{"k":"b","n":null,"c":"fixed bridge","v":null,"cc":null,"co":null}},{"type":"Feature","geometry":{"type":"LineString","coordinates":[[-79.92934210000021,32.80269819999921],[-79.92939669999942,32.80278229999931],[-79.9283532999998,32.803167199999734],[-79.9282819,32.80308900000091],[-79.92934210000021,32.80269819999921]]},"properties":{"k":"b","n":null,"c":"fixed bridge","v":null,"cc":null,"co":null}},{"type":"Feature","geometry":{"type":"LineString","coordinates":[[-79.93092819999947,32.802209600000424],[-79.9305977999993,32.80234550000023],[-79.93054080000002,32.8022576000003],[-79.93086720000065,32.8021207999991],[-79.93092819999947,32.802209600000424]]},"properties":{"k":"b","n":null,"c":"fixed bridge","v":null,"cc":null,"co":null}},{"type":"Feature","geometry":{"type":"LineString","coordinates":[[-79.91725679999945,32.80300630000056],[-79.91771560000052,32.802990399999544],[-79.91770689999976,32.80304260000048],[-79.92207889999918,32.803626000000804],[-79.92175900000075,32.80394359999991],[-79.9197282999994,32.80370229999971],[-79.91719600000033,32.80337320000035],[-79.91725679999945,32.80300630000056]]},"properties":{"k":"b","n":"Ravenel Fixed Bridge","c":"fixed bridge","v":null,"cc":null,"co":null}},{"type":"Feature","geometry":{"type":"LineString","coordinates":[[-79.93279059999986,32.80191879999984],[-79.9328389000002,32.802014200000485],[-79.93278250000003,32.80203690000053],[-79.93273319999935,32.80193289999988],[-79.93279059999986,32.80191879999984]]},"properties":{"k":"b","n":null,"c":"fixed bridge","v":null,"cc":null,"co":null}},{"type":"Feature","geometry":{"type":"LineString","coordinates":[[-79.91273200000069,32.80239950000032],[-79.91291300000012,32.80242299999918],[-79.91284239999914,32.80280900000071],[-79.90654560000075,32.80196699999942],[-79.90658790000089,32.80161229999976],[-79.91247099999964,32.802365600000485],[-79.91248149999956,32.80231420000018],[-79.91274039999917,32.80234820000078],[-79.91273200000069,32.80239950000032]]},"properties":{"k":"b","n":"Ravenel Fixed Bridge","c":"fixed bridge","v":null,"cc":null,"co":null}},{"type":"Feature","geometry":{"type":"LineString","coordinates":[[-79.93075069999941,32.801863000000594],[-79.9308275000003,32.80197389999921],[-79.93043849999958,32.80209990000003],[-79.93038030000025,32.80201019999913],[-79.93075069999941,32.801863000000594]]},"properties":{"k":"b","n":null,"c":"fixed bridge","v":null,"cc":null,"co":null}},{"type":"Feature","geometry":{"type":"LineString","coordinates":[[-79.93129679999947,32.80158440000014],[-79.9314190999994,32.801800600000206],[-79.9309333000001,32.80196579999938],[-79.93089639999926,32.8019048999995],[-79.93125809999947,32.80177739999999],[-79.93117969999912,32.80161439999938],[-79.93129679999947,32.80158440000014]]},"properties":{"k":"b","n":null,"c":"fixed bridge","v":null,"cc":null,"co":null}},{"type":"Feature","geometry":{"type":"LineString","coordinates":[[-79.93751089999932,32.819091800000024],[-79.93743890000042,32.81933179999942],[-79.93737449999935,32.81933980000031],[-79.9374540000008,32.819091800000024],[-79.93751089999932,32.819091800000024]]},"properties":{"k":"b","n":null,"c":"fixed bridge","v":null,"cc":null,"co":null}},{"type":"Feature","geometry":{"type":"LineString","coordinates":[[-79.9693544999991,32.89189269999952],[-79.97028429999955,32.892012800000884],[-79.97027949999938,32.892284600000494],[-79.96978060000038,32.89221849999922],[-79.9693544999991,32.89189269999952]]},"properties":{"k":"b","n":null,"c":"fixed bridge","v":null,"cc":null,"co":null}},{"type":"Feature","geometry":{"type":"LineString","coordinates":[[-79.97234539999954,32.89230409999982],[-79.97266110000055,32.89234539999961],[-79.97257209999952,32.89261219999935],[-79.97224439999991,32.892558100000315],[-79.97234539999954,32.89230409999982]]},"properties":{"k":"b","n":null,"c":"fixed bridge","v":null,"cc":null,"co":null}},{"type":"Feature","geometry":{"type":"LineString","coordinates":[[-79.97149309999986,32.89218199999959],[-79.97180169999956,32.89222560000053],[-79.97146179999982,32.89245010000013],[-79.97126840000055,32.8924248000003],[-79.97085870000046,32.89209160000064],[-79.97149309999986,32.89218199999959]]},"properties":{"k":"b","n":null,"c":"fixed bridge","v":null,"cc":null,"co":null}},{"type":"Feature","geometry":{"type":"LineString","coordinates":[[-79.98498450000079,32.869545199999266],[-79.98523220000061,32.86944869999934],[-79.98523220000061,32.86969429999954],[-79.98498450000079,32.86971219999941],[-79.98498450000079,32.869545199999266]]},"properties":{"k":"b","n":null,"c":"fixed bridge","v":null,"cc":null,"co":null}},{"type":"Feature","geometry":{"type":"LineString","coordinates":[[-79.97506099999919,32.87220829999933],[-79.97524619999967,32.87210380000033],[-79.97536790000049,32.87203950000003],[-79.97536790000049,32.87234139999964],[-79.97506099999919,32.87247530000059],[-79.97506099999919,32.87220829999933]]},"properties":{"k":"b","n":null,"c":"fixed bridge","v":null,"cc":null,"co":null}},{"type":"Feature","geometry":{"type":"LineString","coordinates":[[-79.97329779999927,32.89243650000026],[-79.9733238000008,32.89271700000063],[-79.97304559999975,32.89267870000003],[-79.97305000000051,32.89240670000072],[-79.97329779999927,32.89243650000026]]},"properties":{"k":"b","n":null,"c":"fixed bridge","v":null,"cc":null,"co":null}},{"type":"Feature","geometry":{"type":"LineString","coordinates":[[-79.9698387999997,32.89185890000044],[-79.96981389999928,32.89195199999995],[-79.96970030000011,32.89193730000079],[-79.96977139999944,32.891825400000016],[-79.9698387999997,32.89185890000044]]},"properties":{"k":"b","n":null,"c":"fixed bridge","v":null,"cc":null,"co":null}},{"type":"Feature","geometry":{"type":"LineString","coordinates":[[-79.96161759999995,32.890802100000656],[-79.96308940000017,32.89100940000026],[-79.96301060000042,32.89125590000003],[-79.95792690000053,32.89053989999957],[-79.95804689999932,32.890299000000596],[-79.96161759999995,32.890802100000656]]},"properties":{"k":"b","n":null,"c":"fixed bridge","v":null,"cc":null,"co":null}},{"type":"Feature","geometry":{"type":"LineString","coordinates":[[-79.97352560000036,32.87301230000048],[-79.97341779999988,32.87301920000027],[-79.97329990000071,32.87265099999968],[-79.97344540000086,32.87270999999964],[-79.97352560000036,32.87301230000048]]},"properties":{"k":"b","n":null,"c":"fixed bridge","v":null,"cc":null,"co":null}},{"type":"Feature","geometry":{"type":"LineString","coordinates":[[-79.98006139999961,32.868886099999145],[-79.98006139999961,32.86922720000075],[-79.97982009999942,32.86943529999917],[-79.97982009999942,32.86904409999988],[-79.98006139999961,32.868886099999145]]},"properties":{"k":"b","n":null,"c":"fixed bridge","v":null,"cc":null,"co":null}},{"type":"Feature","geometry":{"type":"LineString","coordinates":[[-79.95801829999982,32.918166600000404],[-79.95785500000056,32.91832939999949],[-79.95661350000046,32.91878419999921],[-79.95657249999931,32.91867009999987],[-79.95801829999982,32.918166600000404]]},"properties":{"k":"b","n":null,"c":"fixed bridge","v":null,"cc":null,"co":null}},{"type":"Feature","geometry":{"type":"LineString","coordinates":[[-79.96533289999934,32.891325399999914],[-79.96677970000019,32.89152909999939],[-79.96794620000037,32.89169330000004],[-79.96769049999966,32.89191519999986],[-79.96525760000077,32.89157250000062],[-79.96533289999934,32.891325399999914]]},"properties":{"k":"b","n":null,"c":"fixed bridge","v":null,"cc":null,"co":null}},{"type":"Feature","geometry":{"type":"LineString","coordinates":[[-79.97318180000002,32.87260290000086],[-79.97311710000031,32.87294020000081],[-79.97301770000013,32.87293040000077],[-79.97311699999955,32.872595799999544],[-79.97318180000002,32.87260290000086]]},"properties":{"k":"b","n":null,"c":"fixed bridge","v":null,"cc":null,"co":null}},{"type":"Feature","geometry":{"type":"LineString","coordinates":[[-79.97400910000033,32.87264409999989],[-79.97365779999927,32.87304690000019],[-79.97350329999972,32.87303790000078],[-79.97380909999993,32.872686099999555],[-79.97400910000033,32.87264409999989]]},"properties":{"k":"b","n":null,"c":"fixed bridge","v":null,"cc":null,"co":null}},{"type":"Feature","geometry":{"type":"LineString","coordinates":[[-79.91881889999968,32.86764640000001],[-79.91867710000042,32.86750530000063],[-79.91874479999933,32.86739189999935],[-79.91885910000019,32.8675187000008],[-79.91881889999968,32.86764640000001]]},"properties":{"k":"b","n":null,"c":"fixed bridge","v":null,"cc":null,"co":null}},{"type":"Feature","geometry":{"type":"LineString","coordinates":[[-81.1793503000008,32.3607090000005],[-81.1794589000001,32.36071450000054],[-81.1795001999999,32.36106649999965],[-81.1793959000006,32.36106280000058],[-81.1793503000008,32.3607090000005]]},"properties":{"k":"b","n":null,"c":"fixed bridge","v":null,"cc":null,"co":null}},{"type":"Feature","geometry":{"type":"LineString","coordinates":[[-80.86705040000015,32.006503700000394],[-80.86681920000046,32.00637789999928],[-80.86687359999996,32.00631710000016],[-80.86710449999919,32.00644780000039],[-80.86705040000015,32.006503700000394]]},"properties":{"k":"b","n":null,"c":"fixed bridge","v":null,"cc":null,"co":null}},{"type":"Feature","geometry":{"type":"LineString","coordinates":[[-81.08381299999928,32.0856703999998],[-81.08377269999983,32.085428799999136],[-81.08433540000078,32.085509399999864],[-81.08461840000018,32.085805900000196],[-81.08381299999928,32.0856703999998]]},"properties":{"k":"b","n":null,"c":"fixed bridge","v":null,"cc":null,"co":null}},{"type":"Feature","geometry":{"type":"LineString","coordinates":[[-81.03133349999916,32.03855579999981],[-81.0311098000002,32.038659499999994],[-81.03091060000042,32.03848950000065],[-81.03121730000021,32.03837829999975],[-81.03133349999916,32.03855579999981]]},"properties":{"k":"b","n":null,"c":"fixed bridge","v":null,"cc":null,"co":null}},{"type":"Feature","geometry":{"type":"LineString","coordinates":[[-81.0285569000007,32.06143150000025],[-81.02957699999934,32.061933599999975],[-81.0297128000002,32.062000399999306],[-81.02962619999926,32.06212550000055],[-81.02844360000017,32.061559800000396],[-81.0285569000007,32.06143150000025]]},"properties":{"k":"b","n":null,"c":"fixed bridge","v":null,"cc":null,"co":null}},{"type":"Feature","geometry":{"type":"LineString","coordinates":[[-81.0297128000002,32.062000399999306],[-81.03002070000002,32.062139800000296],[-81.02993450000031,32.06227209999997],[-81.02962619999926,32.06212550000055],[-81.0297128000002,32.062000399999306]]},"properties":{"k":"b","n":null,"c":"bascule bridge","v":null,"cc":null,"co":null}},{"type":"Feature","geometry":{"type":"LineString","coordinates":[[-81.03002070000002,32.062139800000296],[-81.03036339999926,32.06231789999947],[-81.03028079999967,32.06246160000046],[-81.02993450000031,32.06227209999997],[-81.03002070000002,32.062139800000296]]},"properties":{"k":"b","n":null,"c":"fixed bridge","v":null,"cc":null,"co":null}},{"type":"Feature","geometry":{"type":"LineString","coordinates":[[-81.0150520999996,32.07469309999942],[-81.0151038999993,32.074754100000064],[-81.01487880000059,32.07486029999927],[-81.01483740000003,32.07479059999969],[-81.0150520999996,32.07469309999942]]},"properties":{"k":"b","n":null,"c":"fixed bridge","v":null,"cc":null,"co":null}},{"type":"Feature","geometry":{"type":"LineString","coordinates":[[-81.08825520000028,32.12639119999949],[-81.08785610000086,32.12698239999918],[-81.08770130000084,32.127020699999775],[-81.0882074000001,32.12635290000071],[-81.08825520000028,32.12639119999949]]},"properties":{"k":"b","n":null,"c":"fixed bridge","v":null,"cc":null,"co":null}},{"type":"Feature","geometry":{"type":"LineString","coordinates":[[-80.76305710000088,32.16908239999975],[-80.76313020000089,32.169158900000184],[-80.76302700000087,32.169244299999264],[-80.76295220000065,32.169173899999805],[-80.76305710000088,32.16908239999975]]},"properties":{"k":"b","n":null,"c":"fixed bridge","v":null,"cc":null,"co":null}},{"type":"Feature","geometry":{"type":"LineString","coordinates":[[-80.7594840999991,32.17111459999978],[-80.7596023999995,32.17115310000008],[-80.75957109999945,32.17124519999925],[-80.75943410000036,32.17120310000064],[-80.7594840999991,32.17111459999978]]},"properties":{"k":"b","n":null,"c":"fixed bridge","v":null,"cc":null,"co":null}},{"type":"Feature","geometry":{"type":"LineString","coordinates":[[-80.7595524999997,32.16889049999918],[-80.75960909999958,32.16899059999923],[-80.75942070000019,32.16903810000076],[-80.75938870000027,32.16897550000067],[-80.7595524999997,32.16889049999918]]},"properties":{"k":"b","n":null,"c":"fixed bridge","v":null,"cc":null,"co":null}},{"type":"Feature","geometry":{"type":"LineString","coordinates":[[-80.7592366000008,32.16679470000054],[-80.75928380000005,32.16697550000026],[-80.75916110000071,32.16699940000035],[-80.75910880000083,32.166822299999694],[-80.7592366000008,32.16679470000054]]},"properties":{"k":"b","n":null,"c":"fixed bridge","v":null,"cc":null,"co":null}},{"type":"Feature","geometry":{"type":"LineString","coordinates":[[-80.72727889999987,32.18152200000077],[-80.72734370000035,32.18195770000057],[-80.72723310000038,32.18198180000036],[-80.72716319999927,32.181528700000854],[-80.72727889999987,32.18152200000077]]},"properties":{"k":"b","n":null,"c":"fixed bridge","v":null,"cc":null,"co":null}},{"type":"Feature","geometry":{"type":"LineString","coordinates":[[-80.66822519999914,32.424094399999376],[-80.66853730000003,32.424934500000745],[-80.66912009999942,32.427187699999195],[-80.66899890000059,32.42720879999979],[-80.66837730000043,32.42474890000085],[-80.66812209999989,32.42411419999917],[-80.66822519999914,32.424094399999376]]},"properties":{"k":"b","n":"Ladies Island Bridge","c":"fixed bridge","v":null,"cc":null,"co":null}},{"type":"Feature","geometry":{"type":"LineString","coordinates":[[-80.69974000000002,32.50521029999982],[-80.69995740000013,32.50529219999953],[-80.69980919999944,32.505552599999646],[-80.69938039999943,32.50537860000077],[-80.69961999999941,32.50532620000013],[-80.69974000000002,32.50521029999982]]},"properties":{"k":"b","n":null,"c":"fixed bridge","v":null,"cc":null,"co":null}},{"type":"Feature","geometry":{"type":"LineString","coordinates":[[-80.45156209999914,32.56056069999977],[-80.45156029999998,32.56069860000025],[-80.45126580000033,32.560714799999914],[-80.45127560000037,32.5605656000007],[-80.45156209999914,32.56056069999977]]},"properties":{"k":"b","n":null,"c":"fixed bridge","v":null,"cc":null,"co":null}},{"type":"Feature","geometry":{"type":"LineString","coordinates":[[-80.37100640000062,32.55571930000042],[-80.37129239999922,32.55625359999976],[-80.37119300000086,32.556303900000785],[-80.37087339999925,32.55572849999953],[-80.37100640000062,32.55571930000042]]},"properties":{"k":"b","n":null,"c":"fixed bridge","v":null,"cc":null,"co":null}},{"type":"Feature","geometry":{"type":"LineString","coordinates":[[-80.34645669999918,32.597699199999624],[-80.34663899999941,32.59770930000013],[-80.34653120000075,32.598568199999136],[-80.34636470000078,32.598470999999336],[-80.34645669999918,32.597699199999624]]},"properties":{"k":"b","n":null,"c":"fixed bridge","v":null,"cc":null,"co":null}},{"type":"Feature","geometry":{"type":"LineString","coordinates":[[-80.1322252000009,32.60369410000021],[-80.13257049999993,32.6040150000008],[-80.13241000000016,32.60409939999954],[-80.13209900000038,32.60374950000005],[-80.1322252000009,32.60369410000021]]},"properties":{"k":"b","n":null,"c":"fixed bridge","v":null,"cc":null,"co":null}},{"type":"Feature","geometry":{"type":"LineString","coordinates":[[-80.1399550999995,32.59050439999919],[-80.1399437,32.590604000000894],[-80.13958590000038,32.59064600000056],[-80.13957800000026,32.59055029999945],[-80.1399550999995,32.59050439999919]]},"properties":{"k":"b","n":null,"c":"fixed bridge","v":null,"cc":null,"co":null}},{"type":"Feature","geometry":{"type":"LineString","coordinates":[[-80.1518218000001,32.574979999999414],[-80.1517117000003,32.5753349000006],[-80.14988409999933,32.5761265000001],[-80.14990650000072,32.575832399999854],[-80.1518218000001,32.574979999999414]]},"properties":{"k":"b","n":null,"c":"fixed bridge","v":null,"cc":null,"co":null}},{"type":"Feature","geometry":{"type":"LineString","coordinates":[[-80.24014999999963,32.69675300000017],[-80.24019299999964,32.69693299999926],[-80.23976500000026,32.69702099999995],[-80.23971700000038,32.696860000000015],[-80.24014999999963,32.69675300000017]]},"properties":{"k":"b","n":null,"c":"fixed bridge","v":null,"cc":null,"co":null}},{"type":"Feature","geometry":{"type":"LineString","coordinates":[[-80.23001330000079,32.70098700000017],[-80.23017299999992,32.70113599999968],[-80.22990460000074,32.70121950000066],[-80.22978610000064,32.70103689999996],[-80.23001330000079,32.70098700000017]]},"properties":{"k":"b","n":null,"c":"fixed bridge","v":null,"cc":null,"co":null}},{"type":"Feature","geometry":{"type":"LineString","coordinates":[[-80.11299789999975,32.77470519999952],[-80.11318860000029,32.774963600000774],[-80.11315040000045,32.774999999999636],[-80.11267290000069,32.774999999999636],[-80.11299789999975,32.77470519999952]]},"properties":{"k":"b","n":null,"c":"fixed bridge","v":null,"cc":null,"co":null}},{"type":"Feature","geometry":{"type":"LineString","coordinates":[[-80.11267290000069,32.774999999999636],[-80.11315040000045,32.774999999999636],[-80.11295880000034,32.77518280000004],[-80.11259009999958,32.77507510000032],[-80.11267290000069,32.774999999999636]]},"properties":{"k":"b","n":null,"c":"fixed bridge","v":null,"cc":null,"co":null}},{"type":"Feature","geometry":{"type":"LineString","coordinates":[[-80.14605400000073,32.78750199999922],[-80.14596700000038,32.78783900000053],[-80.14561200000026,32.78784599999926],[-80.1457160000009,32.78749500000049],[-80.14605400000073,32.78750199999922]]},"properties":{"k":"b","n":null,"c":"fixed bridge","v":null,"cc":null,"co":null}},{"type":"Feature","geometry":{"type":"LineString","coordinates":[[-80.13537139999971,32.79600349999964],[-80.13502130000052,32.79622989999916],[-80.1345982999992,32.79604330000075],[-80.13489280000067,32.795780399999785],[-80.13537139999971,32.79600349999964]]},"properties":{"k":"b","n":null,"c":"fixed bridge","v":null,"cc":null,"co":null}},{"type":"Feature","geometry":{"type":"LineString","coordinates":[[-79.82416449999982,32.92499999999927],[-79.82441739999922,32.92499999999927],[-79.82336749999922,32.92591089999951],[-79.82323309999992,32.92579400000068],[-79.82416449999982,32.92499999999927]]},"properties":{"k":"b","n":null,"c":"fixed bridge","v":null,"cc":null,"co":null}},{"type":"Feature","geometry":{"type":"LineString","coordinates":[[-79.72552800000085,32.94529049999983],[-79.72577959999944,32.9453541999992],[-79.72575700000016,32.94548140000006],[-79.72552600000017,32.94539939999959],[-79.72552800000085,32.94529049999983]]},"properties":{"k":"b","n":"Ward Bridge","c":"fixed bridge","v":null,"cc":null,"co":null}},{"type":"Feature","geometry":{"type":"LineString","coordinates":[[-79.95819309999933,33.05709919999936],[-79.95871939999961,33.05719069999941],[-79.95871289999923,33.05734819999998],[-79.95817349999925,33.05723840000064],[-79.95819309999933,33.05709919999936]]},"properties":{"k":"b","n":null,"c":"fixed bridge","v":null,"cc":null,"co":null}},{"type":"Feature","geometry":{"type":"LineString","coordinates":[[-81.38788820000082,30.133166800000254],[-81.38796130000082,30.13316769999983],[-81.38795849999951,30.13336960000015],[-81.38788410000052,30.133349600000656],[-81.38788820000082,30.133166800000254]]},"properties":{"k":"b","n":null,"c":"fixed bridge","v":null,"cc":null,"co":null}},{"type":"Feature","geometry":{"type":"LineString","coordinates":[[-81.43003089999911,30.23970720000034],[-81.43045990000064,30.239907699999094],[-81.4304573999998,30.239997399999993],[-81.42996010000024,30.239743300000555],[-81.43003089999911,30.23970720000034]]},"properties":{"k":"b","n":null,"c":"fixed bridge","v":null,"cc":null,"co":null}},{"type":"Feature","geometry":{"type":"LineString","coordinates":[[-81.41957600000023,30.25770890000058],[-81.41975900000034,30.257993200000783],[-81.4191011999992,30.258079299999736],[-81.41905939999924,30.25777930000004],[-81.41957600000023,30.25770890000058]]},"properties":{"k":"b","n":null,"c":"fixed bridge","v":null,"cc":null,"co":null}},{"type":"Feature","geometry":{"type":"LineString","coordinates":[[-81.42751289999978,30.280940500000725],[-81.42752540000038,30.281205499999487],[-81.4273372000007,30.281205499999487],[-81.42731559999993,30.28094670000064],[-81.42751289999978,30.280940500000725]]},"properties":{"k":"b","n":null,"c":"fixed bridge","v":null,"cc":null,"co":null}},{"type":"Feature","geometry":{"type":"LineString","coordinates":[[-81.42729990000043,30.278485299999375],[-81.42736829999922,30.278769299999112],[-81.42716909999945,30.27879690000009],[-81.42710629999965,30.278521599999294],[-81.42729990000043,30.278485299999375]]},"properties":{"k":"b","n":null,"c":"fixed bridge","v":null,"cc":null,"co":null}},{"type":"Feature","geometry":{"type":"LineString","coordinates":[[-81.42472090000047,30.461287599999196],[-81.42472149999958,30.461287699999957],[-81.42493869999998,30.461344699999245],[-81.42488410000078,30.46140369999921],[-81.42466860000059,30.46134290000009],[-81.42472090000047,30.461287599999196]]},"properties":{"k":"b","n":null,"c":"fixed bridge","v":null,"cc":null,"co":null}},{"type":"Feature","geometry":{"type":"LineString","coordinates":[[-81.43144220000067,30.463197999999466],[-81.43160069999976,30.46323990000019],[-81.4315889999998,30.463319700000284],[-81.43141429999923,30.463269500000024],[-81.43144220000067,30.463197999999466]]},"properties":{"k":"b","n":null,"c":"fixed bridge","v":null,"cc":null,"co":null}},{"type":"Feature","geometry":{"type":"LineString","coordinates":[[-81.45285200000035,30.691820000000007],[-81.45295400000032,30.691891000000396],[-81.45260199999939,30.692328999999518],[-81.45247999999992,30.69226300000082],[-81.45285200000035,30.691820000000007]]},"properties":{"k":"b","n":null,"c":"fixed bridge","v":null,"cc":null,"co":null}},{"type":"Feature","geometry":{"type":"LineString","coordinates":[[-81.56435249999959,31.208123300000807],[-81.56450349999977,31.208590099999128],[-81.56428960000085,31.208611800000654],[-81.56413229999998,31.208132300000216],[-81.56435249999959,31.208123300000807]]},"properties":{"k":"b","n":null,"c":"fixed bridge","v":null,"cc":null,"co":null}},{"type":"Feature","geometry":{"type":"LineString","coordinates":[[-81.30560329999935,31.240444400000342],[-81.30539940000017,31.240450900000724],[-81.30541690000064,31.240331200000583],[-81.30561090000083,31.24037440000029],[-81.30560329999935,31.240444400000342]]},"properties":{"k":"b","n":null,"c":"fixed bridge","v":null,"cc":null,"co":null}},{"type":"Feature","geometry":{"type":"LineString","coordinates":[[-81.41177050000078,31.3693418999992],[-81.41209600000002,31.36943170000086],[-81.41214140000011,31.369701199999326],[-81.41176300000006,31.369625200000883],[-81.41177050000078,31.3693418999992]]},"properties":{"k":"b","n":null,"c":"fixed bridge","v":null,"cc":null,"co":null}},{"type":"Feature","geometry":{"type":"LineString","coordinates":[[-81.2266428999992,31.767385700000887],[-81.22672559999955,31.767534700000397],[-81.22640399999909,31.767603000000236],[-81.22638750000078,31.767449599999964],[-81.2266428999992,31.767385700000887]]},"properties":{"k":"b","n":null,"c":"fixed bridge","v":null,"cc":null,"co":null}},{"type":"Feature","geometry":{"type":"LineString","coordinates":[[-81.10279260000061,31.936509999999544],[-81.1030310999995,31.936622900000657],[-81.10303770000064,31.936728099999527],[-81.10279040000023,31.936612699999387],[-81.10279260000061,31.936509999999544]]},"properties":{"k":"b","n":null,"c":"fixed bridge","v":null,"cc":null,"co":null}},{"type":"Feature","geometry":{"type":"LineString","coordinates":[[-81.09229600000072,31.930234800000107],[-81.09263359999932,31.93044050000026],[-81.09259439999914,31.930515100000775],[-81.09224840000024,31.930312200000117],[-81.09229600000072,31.930234800000107]]},"properties":{"k":"b","n":null,"c":"fixed bridge","v":null,"cc":null,"co":null}},{"type":"Feature","geometry":{"type":"LineString","coordinates":[[-81.13932620000014,31.932500200000504],[-81.13928189999933,31.9324347999991],[-81.13930230000005,31.93238519999977],[-81.13934540000082,31.932448899999144],[-81.13932620000014,31.932500200000504]]},"properties":{"k":"b","n":null,"c":"fixed bridge","v":null,"cc":null,"co":null}},{"type":"Feature","geometry":{"type":"LineString","coordinates":[[-81.08394469999985,31.92818620000071],[-81.08419900000081,31.92837370000052],[-81.08415029999924,31.9284420999993],[-81.08389650000026,31.928255299999364],[-81.08394469999985,31.92818620000071]]},"properties":{"k":"b","n":null,"c":"fixed bridge","v":null,"cc":null,"co":null}},{"type":"Feature","geometry":{"type":"LineString","coordinates":[[-81.08625709999978,31.928916400000162],[-81.08601529999942,31.928733999999167],[-81.08607200000006,31.92865840000013],[-81.08632380000017,31.92884840000079],[-81.08625709999978,31.928916400000162]]},"properties":{"k":"b","n":null,"c":"fixed bridge","v":null,"cc":null,"co":null}},{"type":"Feature","geometry":{"type":"LineString","coordinates":[[-81.06483750000007,31.946543899999597],[-81.06548880000082,31.94704830000046],[-81.06674779999958,31.948023200000534],[-81.06666840000071,31.948101800000586],[-81.06473910000022,31.94661140000062],[-81.06483750000007,31.946543899999597]]},"properties":{"k":"b","n":null,"c":"fixed bridge","v":null,"cc":null,"co":null}},{"type":"Feature","geometry":{"type":"LineString","coordinates":[[-81.01780390000022,31.992313799999465],[-81.01788510000006,31.992346299999554],[-81.01756770000065,31.992740600000616],[-81.01758700000028,31.99258270000064],[-81.01780390000022,31.992313799999465]]},"properties":{"k":"b","n":null,"c":"fixed bridge","v":null,"cc":null,"co":null}},{"type":"Feature","geometry":{"type":"LineString","coordinates":[[-81.05590630000006,31.992769500000577],[-81.05614620000051,31.993145899999945],[-81.05606690000059,31.99318940000012],[-81.05581519999942,31.99280429999999],[-81.05590630000006,31.992769500000577]]},"properties":{"k":"b","n":null,"c":"fixed bridge","v":null,"cc":null,"co":null}},{"type":"Feature","geometry":{"type":"LineString","coordinates":[[-81.05732250000074,31.997969300000477],[-81.0573387000004,31.998143799999525],[-81.05724659999942,31.99814619999961],[-81.05723100000068,31.997977700000774],[-81.05732250000074,31.997969300000477]]},"properties":{"k":"b","n":null,"c":"fixed bridge","v":null,"cc":null,"co":null}},{"type":"Feature","geometry":{"type":"LineString","coordinates":[[-81.58063699999911,30.75394000000051],[-81.58331899999939,30.75394000000051],[-81.58339499999965,30.75425600000017],[-81.58068800000001,30.75425600000017],[-81.58063699999911,30.75394000000051]]},"properties":{"k":"b","n":null,"c":"fixed bridge","v":null,"cc":null,"co":null}},{"type":"Feature","geometry":{"type":"LineString","coordinates":[[-81.42586499999925,31.04741699999977],[-81.42323299999953,31.047458999999435],[-81.42323299999953,31.047316000000137],[-81.42594099999951,31.04730600000039],[-81.42586499999925,31.04741699999977]]},"properties":{"k":"b","n":null,"c":"fixed bridge","v":null,"cc":null,"co":null}},{"type":"Feature","geometry":{"type":"LineString","coordinates":[[-81.46543159999965,30.35825499999919],[-81.4669212000008,30.358322500000213],[-81.46689589999914,30.358419399999548],[-81.46560900000077,30.358356799999456],[-81.46543159999965,30.35825499999919]]},"properties":{"k":"b","n":null,"c":"fixed bridge","v":null,"cc":null,"co":null}},{"type":"Feature","geometry":{"type":"LineString","coordinates":[[-81.4608473999997,30.35806170000069],[-81.46056769999996,30.35813009999947],[-81.46060500000021,30.358332199999495],[-81.46019789999991,30.358377599999585],[-81.45977099999982,30.358192699999563],[-81.45954730000085,30.35820690000037],[-81.4608473999997,30.35806170000069]]},"properties":{"k":"b","n":null,"c":"fixed bridge","v":null,"cc":null,"co":null}},{"type":"Feature","geometry":{"type":"LineString","coordinates":[[-81.46645050000006,30.35846660000061],[-81.46691509999982,30.35848850000002],[-81.46703010000056,30.358606600000712],[-81.46653239999978,30.358581700000286],[-81.46645050000006,30.35846660000061]]},"properties":{"k":"b","n":null,"c":"fixed bridge","v":null,"cc":null,"co":null}},{"type":"Feature","geometry":{"type":"LineString","coordinates":[[-81.43239209999956,30.371390300000712],[-81.43241019999914,30.37140460000046],[-81.4327616999999,30.371683199999097],[-81.43269959999998,30.371745200000078],[-81.4323344000004,30.37145629999941],[-81.43239209999956,30.371390300000712]]},"properties":{"k":"b","n":null,"c":"fixed bridge","v":null,"cc":null,"co":null}},{"type":"Feature","geometry":{"type":"LineString","coordinates":[[-81.43846499999927,30.323274599999422],[-81.43851530000029,30.3236280000001],[-81.4384439000005,30.323642100000143],[-81.43835410000065,30.32348490000004],[-81.43703020000066,30.32374399999935],[-81.43702950000079,30.32399819999955],[-81.43642179999915,30.32411630000024],[-81.43628229999922,30.323884299999918],[-81.43441560000065,30.32418929999949],[-81.43431079999937,30.324028499999258],[-81.43846499999927,30.323274599999422]]},"properties":{"k":"b","n":"Over Atlantic Intracoastal Waterway","c":"fixed bridge","v":null,"cc":null,"co":null}},{"type":"Feature","geometry":{"type":"LineString","coordinates":[[-81.58014809999986,30.42859429999953],[-81.58023160000084,30.428617899999153],[-81.58022899999924,30.428806699999768],[-81.58013969999956,30.42875079999976],[-81.58014809999986,30.42859429999953]]},"properties":{"k":"b","n":null,"c":"fixed bridge","v":null,"cc":null,"co":null}},{"type":"Feature","geometry":{"type":"LineString","coordinates":[[-81.54966009999953,30.414720299999317],[-81.5494194999992,30.414603100000022],[-81.54946899999959,30.41455649999989],[-81.54933100000017,30.414442499999495],[-81.54927390000012,30.414485200000854],[-81.54922430000079,30.41443910000089],[-81.54927789999965,30.4143894000008],[-81.54905250000047,30.414193700000396],[-81.54899490000025,30.414239899999302],[-81.54899870000008,30.414150799999334],[-81.54876100000001,30.413961800000834],[-81.54871970000022,30.41400160000012],[-81.54871160000039,30.413912300000447],[-81.54836430000069,30.413699099999576],[-81.54840169999989,30.413652100000036],[-81.54755040000055,30.41297449999911],[-81.54773589999968,30.41292489999978],[-81.54786280000008,30.4130284999992],[-81.54977040000085,30.414639399999942],[-81.54966009999953,30.414720299999317]]},"properties":{"k":"b","n":null,"c":"fixed bridge","v":null,"cc":null,"co":null}},{"type":"Feature","geometry":{"type":"LineString","coordinates":[[-81.54933170000004,30.412138499999855],[-81.54933979999987,30.412277499999618],[-81.54778450000049,30.412674299999708],[-81.54775250000057,30.412545400000454],[-81.54790420000063,30.41249070000049],[-81.54933170000004,30.412138499999855]]},"properties":{"k":"b","n":null,"c":"fixed bridge","v":null,"cc":null,"co":null}},{"type":"Feature","geometry":{"type":"LineString","coordinates":[[-81.5774390000006,30.409276200000022],[-81.5774435000003,30.409534899999926],[-81.57728660000066,30.40952920000018],[-81.57728580000003,30.409276399999726],[-81.5774390000006,30.409276200000022]]},"properties":{"k":"b","n":null,"c":"fixed bridge","v":null,"cc":null,"co":null}},{"type":"Feature","geometry":{"type":"LineString","coordinates":[[-81.54940709999937,30.411906799999997],[-81.54934680000042,30.4120254999998],[-81.54771099999925,30.412374899999122],[-81.54771810000057,30.41224399999919],[-81.54813450000074,30.41212319999977],[-81.54940709999937,30.411906799999997]]},"properties":{"k":"b","n":null,"c":"fixed bridge","v":null,"cc":null,"co":null}},{"type":"Feature","geometry":{"type":"LineString","coordinates":[[-81.55778330000066,30.386070500000642],[-81.55833859999984,30.387360799999442],[-81.55802559999938,30.387459899999158],[-81.55747110000084,30.386171500000273],[-81.55778330000066,30.386070500000642]]},"properties":{"k":"b","n":null,"c":"fixed bridge","v":null,"cc":null,"co":null}},{"type":"Feature","geometry":{"type":"LineString","coordinates":[[-81.5563803999994,30.38281079999979],[-81.5560817000005,30.382943700000396],[-81.55597800000032,30.382702700000664],[-81.5562544000004,30.382518000000346],[-81.5563803999994,30.38281079999979]]},"properties":{"k":"b","n":null,"c":"fixed bridge","v":null,"cc":null,"co":null}},{"type":"Feature","geometry":{"type":"LineString","coordinates":[[-81.55633359999956,30.414881599999717],[-81.55643819999932,30.414948199999344],[-81.55628149999939,30.41514819999975],[-81.55618610000056,30.415101700000378],[-81.55633359999956,30.414881599999717]]},"properties":{"k":"b","n":null,"c":"fixed bridge","v":null,"cc":null,"co":null}},{"type":"Feature","geometry":{"type":"LineString","coordinates":[[-81.52199260000089,30.417007699999886],[-81.52198019999923,30.416844800000035],[-81.52210899999955,30.416819699999905],[-81.5220989999998,30.416918900000383],[-81.52199260000089,30.417007699999886]]},"properties":{"k":"b","n":null,"c":"fixed bridge","v":null,"cc":null,"co":null}},{"type":"Feature","geometry":{"type":"LineString","coordinates":[[-81.51894589999938,30.430702899999233],[-81.51918660000047,30.43077269999958],[-81.51917119999962,30.4308388999998],[-81.51891609999984,30.430763500000467],[-81.51894589999938,30.430702899999233]]},"properties":{"k":"b","n":null,"c":"fixed bridge","v":null,"cc":null,"co":null}},{"type":"Feature","geometry":{"type":"LineString","coordinates":[[-81.48464849999982,30.384870699999738],[-81.48469309999928,30.384906799999953],[-81.48462119999931,30.384981100000005],[-81.48457550000057,30.384957599999325],[-81.48464849999982,30.384870699999738]]},"properties":{"k":"b","n":null,"c":"fixed bridge","v":null,"cc":null,"co":null}},{"type":"Feature","geometry":{"type":"LineString","coordinates":[[-81.43611910000072,30.397000000000844],[-81.43616590000056,30.397078600000896],[-81.43599440000071,30.397320500000205],[-81.43594219999977,30.397240500000407],[-81.43611910000072,30.397000000000844]]},"properties":{"k":"b","n":null,"c":"fixed bridge","v":null,"cc":null,"co":null}},{"type":"Feature","geometry":{"type":"LineString","coordinates":[[-81.42524539999977,30.40825229999973],[-81.42534290000003,30.40830939999978],[-81.42496480000045,30.4085529999993],[-81.42483650000031,30.40851239999938],[-81.42524539999977,30.40825229999973]]},"properties":{"k":"b","n":null,"c":"fixed bridge","v":null,"cc":null,"co":null}},{"type":"Feature","geometry":{"type":"LineString","coordinates":[[-81.48675399999956,31.11261089999971],[-81.48690279999937,31.112713200000144],[-81.48576119999962,31.115036499999405],[-81.48554610000065,31.114956900000834],[-81.48675399999956,31.11261089999971]]},"properties":{"k":"b","n":"Sidney Lanier Fixed Bridge","c":"fixed bridge","v":null,"cc":null,"co":null}},{"type":"Feature","geometry":{"type":"LineString","coordinates":[[-81.48444759999984,31.11764949999997],[-81.4820166999998,31.12265699999989],[-81.48179229999914,31.12259509999967],[-81.48425940000016,31.117575000000215],[-81.48444759999984,31.11764949999997]]},"properties":{"k":"b","n":"Sidney Lanier Fixed Bridge","c":"fixed bridge","v":null,"cc":null,"co":null}},{"type":"Feature","geometry":{"type":"LineString","coordinates":[[-81.55397620000076,31.16724930000055],[-81.5537015000009,31.167669399999795],[-81.55305770000086,31.16771990000052],[-81.55344780000087,31.167272700000467],[-81.55397620000076,31.16724930000055]]},"properties":{"k":"b","n":null,"c":"fixed bridge","v":null,"cc":null,"co":null}},{"type":"Feature","geometry":{"type":"LineString","coordinates":[[-81.47950189999938,31.12547959999938],[-81.47985180000069,31.125596899999437],[-81.47981939999954,31.125675900000715],[-81.47938620000059,31.125532599999133],[-81.47941870000068,31.125451699999758],[-81.47950189999938,31.12547959999938]]},"properties":{"k":"b","n":null,"c":"fixed bridge","v":null,"cc":null,"co":null}},{"type":"Feature","geometry":{"type":"LineString","coordinates":[[-81.40938610000012,31.145798199999263],[-81.4090025000005,31.145587400000295],[-81.40886150000006,31.14537940000082],[-81.40920740000001,31.145587499999237],[-81.40938610000012,31.145798199999263]]},"properties":{"k":"b","n":null,"c":"fixed bridge","v":null,"cc":null,"co":null}},{"type":"Feature","geometry":{"type":"LineString","coordinates":[[-81.41066420000061,31.145922100000462],[-81.41053210000064,31.145781299999726],[-81.41073569999935,31.145690299999842],[-81.41086240000004,31.145824400000492],[-81.41066420000061,31.145922100000462]]},"properties":{"k":"b","n":null,"c":"fixed bridge","v":null,"cc":null,"co":null}},{"type":"Feature","geometry":{"type":"LineString","coordinates":[[-76.6609032,34.725660300000015],[-76.6609148,34.725467700000024]]},"properties":{"k":"b","n":null,"c":"fixed bridge","v":null,"cc":null,"co":null}},{"type":"Feature","geometry":{"type":"LineString","coordinates":[[-76.91116099999999,34.89306920000001],[-76.9108129,34.89306620000002]]},"properties":{"k":"b","n":null,"c":"footbridge","v":null,"cc":null,"co":null}},{"type":"Feature","geometry":{"type":"LineString","coordinates":[[-76.8576296,34.879636300000016],[-76.857418,34.87965059999999]]},"properties":{"k":"b","n":null,"c":"fixed bridge","v":null,"cc":null,"co":null}},{"type":"Feature","geometry":{"type":"LineString","coordinates":[[-77.06973699999998,35.0710603],[-77.06968949999998,35.070959500000015]]},"properties":{"k":"b","n":null,"c":"fixed bridge","v":null,"cc":null,"co":null}},{"type":"Feature","geometry":{"type":"LineString","coordinates":[[-77.08927119999998,35.07372729999997],[-77.08898390000002,35.073516299999994]]},"properties":{"k":"b","n":null,"c":"fixed bridge","v":null,"cc":null,"co":null}},{"type":"Feature","geometry":{"type":"LineString","coordinates":[[-76.70287029999997,35.041681400000016],[-76.70238979999999,35.04076250000003]]},"properties":{"k":"b","n":null,"c":"fixed bridge","v":null,"cc":null,"co":null}},{"type":"Feature","geometry":{"type":"LineString","coordinates":[[-77.02564380000001,35.133858499999974],[-77.02574870000001,35.134088099999985]]},"properties":{"k":"b","n":null,"c":"fixed bridge","v":null,"cc":null,"co":null}},{"type":"Feature","geometry":{"type":"LineString","coordinates":[[-76.76483380000002,35.142679999999984],[-76.76452660000001,35.14247519999998]]},"properties":{"k":"b","n":null,"c":"fixed bridge","v":null,"cc":null,"co":null}},{"type":"Feature","geometry":{"type":"LineString","coordinates":[[-76.76585519999998,35.14335349999999],[-76.76576699999998,35.14329620000001]]},"properties":{"k":"b","n":null,"c":"fixed bridge","v":null,"cc":null,"co":null}},{"type":"Feature","geometry":{"type":"LineString","coordinates":[[-76.79555010000001,35.31971779999998],[-76.7951918,35.320238200000006]]},"properties":{"k":"b","n":null,"c":"fixed bridge","v":null,"cc":null,"co":null}},{"type":"Feature","geometry":{"type":"LineString","coordinates":[[-76.78387279999998,35.328785400000015],[-76.7835857,35.328980899999976]]},"properties":{"k":"b","n":null,"c":"fixed bridge","v":null,"cc":null,"co":null}},{"type":"Feature","geometry":{"type":"LineString","coordinates":[[-76.77068109999999,35.33743670000001],[-76.77033410000001,35.33767180000001]]},"properties":{"k":"b","n":null,"c":"fixed bridge","v":null,"cc":null,"co":null}},{"type":"Feature","geometry":{"type":"LineString","coordinates":[[-76.71028009999998,35.36058939999998],[-76.71001159999997,35.36067409999998]]},"properties":{"k":"b","n":null,"c":"fixed bridge","v":null,"cc":null,"co":null}},{"type":"Feature","geometry":{"type":"LineString","coordinates":[[-76.70920719999998,35.3610238],[-76.70901880000002,35.36113990000001]]},"properties":{"k":"b","n":null,"c":"fixed bridge","v":null,"cc":null,"co":null}},{"type":"Feature","geometry":{"type":"LineString","coordinates":[[-78.00310680000001,34.273011800000006],[-78.00169219999998,34.27307330000002]]},"properties":{"k":"b","n":null,"c":"fixed bridge","v":null,"cc":null,"co":null}},{"type":"Feature","geometry":{"type":"LineString","coordinates":[[-78.49473949999998,33.88994389999999],[-78.4943839,33.88992830000001]]},"properties":{"k":"b","n":null,"c":"fixed bridge","v":null,"cc":null,"co":null}},{"type":"Feature","geometry":{"type":"LineString","coordinates":[[-78.49709489999998,33.889316399999984],[-78.49692820000001,33.889570900000024]]},"properties":{"k":"b","n":null,"c":"fixed bridge","v":null,"cc":null,"co":null}},{"type":"Feature","geometry":{"type":"LineString","coordinates":[[-78.14242300000001,33.91649339999998],[-78.14242999999999,33.91672390000002]]},"properties":{"k":"b","n":null,"c":"fixed bridge","v":null,"cc":null,"co":null}},{"type":"Feature","geometry":{"type":"LineString","coordinates":[[-79.32797099999999,33.185562000000004],[-79.32781399999999,33.185411999999985]]},"properties":{"k":"b","n":null,"c":"fixed bridge","v":null,"cc":null,"co":null}},{"type":"Feature","geometry":{"type":"LineString","coordinates":[[-79.01005379999998,33.58014250000002],[-79.01014609999999,33.58035719999998]]},"properties":{"k":"b","n":null,"c":"footbridge","v":null,"cc":null,"co":null}},{"type":"Feature","geometry":{"type":"LineString","coordinates":[[-78.73825369999997,33.7897835],[-78.73788389999999,33.789471400000025]]},"properties":{"k":"b","n":null,"c":"footbridge","v":null,"cc":null,"co":null}},{"type":"Feature","geometry":{"type":"LineString","coordinates":[[-79.93201210000001,32.80237720000002],[-79.93192169999998,32.80219269999998]]},"properties":{"k":"b","n":null,"c":"footbridge","v":null,"cc":null,"co":null}},{"type":"Feature","geometry":{"type":"LineString","coordinates":[[-79.88331169999998,32.79233599999998],[-79.88322829999998,32.792353100000014]]},"properties":{"k":"b","n":null,"c":"footbridge","v":null,"cc":null,"co":null}},{"type":"Feature","geometry":{"type":"LineString","coordinates":[[-79.97951640000002,32.869679099999985],[-79.97951640000002,32.869219199999975]]},"properties":{"k":"b","n":null,"c":"fixed bridge","v":null,"cc":null,"co":null}},{"type":"Feature","geometry":{"type":"LineString","coordinates":[[-81.048292,32.022328800000025],[-81.04834269999998,32.02257909999997]]},"properties":{"k":"b","n":null,"c":"fixed bridge","v":null,"cc":null,"co":null}},{"type":"Feature","geometry":{"type":"LineString","coordinates":[[-81.12217829999997,32.30740900000001],[-81.1221203,32.30735069999997]]},"properties":{"k":"b","n":null,"c":"fixed bridge","v":null,"cc":null,"co":null}},{"type":"Feature","geometry":{"type":"LineString","coordinates":[[-81.4278574,32.70371340000003],[-81.42816879999998,32.703722700000014]]},"properties":{"k":"b","n":null,"c":"fixed bridge","v":null,"cc":null,"co":null}},{"type":"Feature","geometry":{"type":"LineString","coordinates":[[-81.15372889999998,32.22596600000003],[-81.15341790000002,32.22619300000002]]},"properties":{"k":"b","n":"SCL Railroad","c":"fixed bridge","v":null,"cc":null,"co":null}},{"type":"Feature","geometry":{"type":"LineString","coordinates":[[-80.77774099999999,32.21567879999998],[-80.77747310000001,32.2159044]]},"properties":{"k":"b","n":null,"c":"footbridge","v":null,"cc":null,"co":null}},{"type":"Feature","geometry":{"type":"LineString","coordinates":[[-80.78197590000002,32.215834700000016],[-80.78188010000002,32.215691600000014]]},"properties":{"k":"b","n":null,"c":"footbridge","v":null,"cc":null,"co":null}},{"type":"Feature","geometry":{"type":"LineString","coordinates":[[-80.69236130000002,32.41851830000002],[-80.69236230000001,32.41868249999999]]},"properties":{"k":"b","n":null,"c":"fixed bridge","v":null,"cc":null,"co":null}},{"type":"Feature","geometry":{"type":"LineString","coordinates":[[-80.3979339,32.526228300000014],[-80.39792240000003,32.5261021]]},"properties":{"k":"b","n":null,"c":"fixed bridge","v":null,"cc":null,"co":null}},{"type":"Feature","geometry":{"type":"LineString","coordinates":[[-80.45055209999998,32.59365789999998],[-80.45025809999999,32.593905800000016]]},"properties":{"k":"b","n":null,"c":"fixed bridge","v":null,"cc":null,"co":null}},{"type":"Feature","geometry":{"type":"LineString","coordinates":[[-80.45261929999998,32.58480830000002],[-80.45243649999998,32.58441479999999]]},"properties":{"k":"b","n":null,"c":"fixed bridge","v":null,"cc":null,"co":null}},{"type":"Feature","geometry":{"type":"LineString","coordinates":[[-80.344651,32.613479600000005],[-80.34486520000002,32.611487599999975]]},"properties":{"k":"b","n":null,"c":"fixed bridge","v":null,"cc":null,"co":null}},{"type":"Feature","geometry":{"type":"LineString","coordinates":[[-80.27819570000003,32.55842849999999],[-80.27838400000002,32.55824439999998]]},"properties":{"k":"b","n":null,"c":"fixed bridge","v":null,"cc":null,"co":null}},{"type":"Feature","geometry":{"type":"LineString","coordinates":[[-80.27968809999999,32.55862680000001],[-80.2796836,32.5589521]]},"properties":{"k":"b","n":null,"c":"fixed bridge","v":null,"cc":null,"co":null}},{"type":"Feature","geometry":{"type":"LineString","coordinates":[[-80.20320709999999,32.65719489999998],[-80.20268600000003,32.65703400000001]]},"properties":{"k":"b","n":null,"c":"fixed bridge","v":null,"cc":null,"co":null}},{"type":"Feature","geometry":{"type":"LineString","coordinates":[[-80.13117399999999,32.78660830000001],[-80.13037000000003,32.786857999999995]]},"properties":{"k":"b","n":null,"c":"fixed bridge","v":null,"cc":null,"co":null}},{"type":"Feature","geometry":{"type":"LineString","coordinates":[[-79.7490752,32.807058100000006],[-79.74884179999998,32.80678590000002]]},"properties":{"k":"b","n":null,"c":"fixed bridge","v":null,"cc":null,"co":null}},{"type":"Feature","geometry":{"type":"LineString","coordinates":[[-79.9922168,32.92660799999999],[-79.9918189,32.92615189999998]]},"properties":{"k":"b","n":null,"c":"fixed bridge","v":null,"cc":null,"co":null}},{"type":"Feature","geometry":{"type":"LineString","coordinates":[[-79.93901269999998,32.93567189999999],[-79.93822310000002,32.93586110000001]]},"properties":{"k":"b","n":null,"c":"fixed bridge","v":null,"cc":null,"co":null}},{"type":"Feature","geometry":{"type":"LineString","coordinates":[[-79.76340470000002,32.95658259999999],[-79.7633773,32.95635979999997]]},"properties":{"k":"b","n":"Guerin Bridge","c":"fixed bridge","v":null,"cc":null,"co":null}},{"type":"Feature","geometry":{"type":"LineString","coordinates":[[-79.95278880000001,33.063658799999985],[-79.95275400000003,33.06386939999999]]},"properties":{"k":"b","n":null,"c":"fixed bridge","v":null,"cc":null,"co":null}},{"type":"Feature","geometry":{"type":"LineString","coordinates":[[-79.95843889999998,33.055762300000026],[-79.9588412,33.056057099999975]]},"properties":{"k":"b","n":null,"c":"fixed bridge","v":null,"cc":null,"co":null}},{"type":"Feature","geometry":{"type":"LineString","coordinates":[[-79.88370759999998,33.071691999999985],[-79.8838773,33.07041939999999]]},"properties":{"k":"b","n":null,"c":"fixed bridge","v":null,"cc":null,"co":null}},{"type":"Feature","geometry":{"type":"LineString","coordinates":[[-79.951484,33.08694700000001],[-79.95136000000002,33.08702390000002]]},"properties":{"k":"b","n":null,"c":"fixed bridge","v":null,"cc":null,"co":null}},{"type":"Feature","geometry":{"type":"LineString","coordinates":[[-81.41857870000001,30.290335200000015],[-81.41840359999998,30.290337799999975]]},"properties":{"k":"b","n":null,"c":"fixed bridge","v":null,"cc":null,"co":null}},{"type":"Feature","geometry":{"type":"LineString","coordinates":[[-81.59635300000002,31.25315999999998],[-81.59557000000001,31.253101000000015]]},"properties":{"k":"b","n":null,"c":"fixed bridge","v":null,"cc":null,"co":null}},{"type":"Feature","geometry":{"type":"LineString","coordinates":[[-81.59046999999998,31.25206300000002],[-81.589159,31.251843000000008]]},"properties":{"k":"b","n":null,"c":"fixed bridge","v":null,"cc":null,"co":null}},{"type":"Feature","geometry":{"type":"LineString","coordinates":[[-81.58292699999998,30.750631],[-81.58210100000002,30.750204999999994]]},"properties":{"k":"b","n":null,"c":"fixed bridge","v":null,"cc":null,"co":null}},{"type":"Feature","geometry":{"type":"LineString","coordinates":[[-81.41686909999999,30.309384000000023],[-81.41683410000002,30.30914200000001]]},"properties":{"k":"b","n":null,"c":"fixed bridge","v":null,"cc":null,"co":null}},{"type":"Feature","geometry":{"type":"LineString","coordinates":[[-81.43073700000002,30.338242100000002],[-81.43092089999999,30.338263700000027]]},"properties":{"k":"b","n":null,"c":"fixed bridge","v":null,"cc":null,"co":null}},{"type":"Feature","geometry":{"type":"LineString","coordinates":[[-81.5165063,31.18787839999999],[-81.51584830000002,31.187765800000022]]},"properties":{"k":"b","n":null,"c":"footbridge","v":null,"cc":null,"co":null}},{"type":"Feature","geometry":{"type":"LineString","coordinates":[[-75.69021079999999,35.21844629999998],[-75.6881866,35.217029000000025]]},"properties":{"k":"c","n":null,"c":"power line","v":null,"cc":null,"co":null}},{"type":"Feature","geometry":{"type":"LineString","coordinates":[[-75.69873159999997,35.21330640000002],[-75.6971699,35.211550699999975]]},"properties":{"k":"c","n":null,"c":"power line","v":null,"cc":null,"co":null}},{"type":"Feature","geometry":{"type":"LineString","coordinates":[[-76.7405101,34.705894899999976],[-76.74131210000002,34.70480409999999],[-76.74036560000002,34.70352650000001],[-76.74037709999999,34.70217200000002]]},"properties":{"k":"c","n":null,"c":"power line","v":null,"cc":null,"co":null}},{"type":"Feature","geometry":{"type":"LineString","coordinates":[[-76.57571000000002,34.78068400000001],[-76.57499999999999,34.780611799999974]]},"properties":{"k":"c","n":null,"c":"power line","v":null,"cc":null,"co":null}},{"type":"Feature","geometry":{"type":"LineString","coordinates":[[-76.57499999999999,34.780611799999974],[-76.57188300000001,34.780295000000024]]},"properties":{"k":"c","n":null,"c":"power line","v":null,"cc":null,"co":null}},{"type":"Feature","geometry":{"type":"LineString","coordinates":[[-76.94687900000002,34.72283900000002],[-76.944818,34.72368899999998]]},"properties":{"k":"c","n":null,"c":"power line","v":null,"cc":null,"co":null}},{"type":"Feature","geometry":{"type":"LineString","coordinates":[[-77.42963200000003,34.76125000000002],[-77.42706299999998,34.761105999999984]]},"properties":{"k":"c","n":null,"c":"power line","v":null,"cc":null,"co":null}},{"type":"Feature","geometry":{"type":"LineString","coordinates":[[-77.44052599999998,34.73399899999998],[-77.439844,34.73408599999999]]},"properties":{"k":"c","n":null,"c":"power line","v":null,"cc":null,"co":null}},{"type":"Feature","geometry":{"type":"LineString","coordinates":[[-76.90143699999999,34.729566999999975],[-76.898799,34.72921400000001]]},"properties":{"k":"c","n":null,"c":"power line","v":null,"cc":null,"co":null}},{"type":"Feature","geometry":{"type":"LineString","coordinates":[[-76.75678199999999,34.84657199999998],[-76.75546100000003,34.84716900000001]]},"properties":{"k":"c","n":null,"c":" ","v":null,"cc":null,"co":null}},{"type":"Feature","geometry":{"type":"LineString","coordinates":[[-76.73857770000001,34.821945700000015],[-76.7371417,34.82235370000001]]},"properties":{"k":"c","n":null,"c":" ","v":null,"cc":null,"co":null}},{"type":"Feature","geometry":{"type":"LineString","coordinates":[[-76.92941969999998,34.94172229999998],[-76.92870160000001,34.938676799999996]]},"properties":{"k":"c","n":null,"c":"power line","v":null,"cc":null,"co":null}},{"type":"Feature","geometry":{"type":"LineString","coordinates":[[-76.85129030000002,34.9928706],[-76.85239410000003,34.993611199999975]]},"properties":{"k":"c","n":null,"c":"power line","v":null,"cc":null,"co":null}},{"type":"Feature","geometry":{"type":"LineString","coordinates":[[-76.59328199999999,34.96316200000001],[-76.590285,34.963070000000016]]},"properties":{"k":"c","n":null,"c":"power line","v":null,"cc":null,"co":null}},{"type":"Feature","geometry":{"type":"LineString","coordinates":[[-77.2334588,35.0194697],[-77.23303809999999,35.020555100000024]]},"properties":{"k":"c","n":null,"c":" ","v":null,"cc":null,"co":null}},{"type":"Feature","geometry":{"type":"LineString","coordinates":[[-77.10240700000003,35.082491000000005],[-77.10037299999999,35.08300700000001]]},"properties":{"k":"c","n":null,"c":"power line","v":null,"cc":null,"co":null}},{"type":"Feature","geometry":{"type":"LineString","coordinates":[[-77.12376080000001,35.21320159999999],[-77.1252725,35.20977829999998]]},"properties":{"k":"c","n":null,"c":"power line","v":null,"cc":null,"co":null}},{"type":"Feature","geometry":{"type":"LineString","coordinates":[[-76.79773699999998,35.30975699999999],[-76.79643299999998,35.310077999999976]]},"properties":{"k":"c","n":null,"c":"power line","v":null,"cc":null,"co":null}},{"type":"Feature","geometry":{"type":"LineString","coordinates":[[-76.79466500000001,35.311081],[-76.79418299999998,35.31287900000001]]},"properties":{"k":"c","n":null,"c":"power line","v":null,"cc":null,"co":null}},{"type":"Feature","geometry":{"type":"LineString","coordinates":[[-76.78331300000002,35.32674900000001],[-76.784787,35.32594999999998]]},"properties":{"k":"c","n":null,"c":"power line","v":null,"cc":null,"co":null}},{"type":"Feature","geometry":{"type":"LineString","coordinates":[[-76.76544999999999,35.33644800000002],[-76.76728600000001,35.33540399999998]]},"properties":{"k":"c","n":null,"c":"power line","v":null,"cc":null,"co":null}},{"type":"Feature","geometry":{"type":"LineString","coordinates":[[-76.76401499999997,35.33806900000002],[-76.76255500000002,35.340539999999976]]},"properties":{"k":"c","n":null,"c":"power line","v":null,"cc":null,"co":null}},{"type":"Feature","geometry":{"type":"LineString","coordinates":[[-76.97286300000002,35.43331699999999],[-76.97261830000002,35.434985100000006]]},"properties":{"k":"c","n":null,"c":"power line","v":null,"cc":null,"co":null}},{"type":"Feature","geometry":{"type":"LineString","coordinates":[[-76.44900330000002,35.49880409999997],[-76.4451603,35.500787600000024]]},"properties":{"k":"c","n":null,"c":"power line","v":null,"cc":null,"co":null}},{"type":"Feature","geometry":{"type":"LineString","coordinates":[[-77.9807146,34.19974610000003],[-77.98078909999998,34.19916979999999]]},"properties":{"k":"c","n":null,"c":" ","v":null,"cc":null,"co":null}},{"type":"Feature","geometry":{"type":"LineString","coordinates":[[-77.9804982,34.19968699999998],[-77.98061569999999,34.198940900000025]]},"properties":{"k":"c","n":null,"c":" ","v":null,"cc":null,"co":null}},{"type":"Feature","geometry":{"type":"LineString","coordinates":[[-77.93855559999997,34.25827720000001],[-77.93837680000001,34.25943719999998]]},"properties":{"k":"c","n":null,"c":"power line","v":null,"cc":null,"co":null}},{"type":"Feature","geometry":{"type":"LineString","coordinates":[[-77.92937949999998,34.25651579999999],[-77.9291374,34.25758560000003]]},"properties":{"k":"c","n":null,"c":"power line","v":null,"cc":null,"co":null}},{"type":"Feature","geometry":{"type":"LineString","coordinates":[[-77.9256431,34.25716240000003],[-77.92640510000001,34.25799089999998]]},"properties":{"k":"c","n":null,"c":"power line","v":null,"cc":null,"co":null}},{"type":"Feature","geometry":{"type":"LineString","coordinates":[[-77.95266249999997,34.282531500000005],[-77.94877400000001,34.28378079999999]]},"properties":{"k":"c","n":null,"c":"power line","v":null,"cc":null,"co":null}},{"type":"Feature","geometry":{"type":"LineString","coordinates":[[-79.30863140000002,33.35577519999998],[-79.30916669999999,33.35419439999998]]},"properties":{"k":"c","n":null,"c":" ","v":null,"cc":null,"co":null}},{"type":"Feature","geometry":{"type":"LineString","coordinates":[[-79.95466379999999,32.741113799999994],[-79.95341009999999,32.7405622]]},"properties":{"k":"c","n":null,"c":"power line","v":null,"cc":null,"co":null}},{"type":"Feature","geometry":{"type":"LineString","coordinates":[[-79.97272950000001,32.894026499999995],[-79.9726316,32.89364039999998],[-79.97216839999999,32.892839200000026],[-79.97222190000002,32.892148599999985],[-79.97269849999998,32.89187270000002]]},"properties":{"k":"c","n":null,"c":"power line","v":null,"cc":null,"co":null}},{"type":"Feature","geometry":{"type":"LineString","coordinates":[[-79.9739935,32.893522700000005],[-79.9720393,32.89308519999997]]},"properties":{"k":"c","n":null,"c":"power line","v":null,"cc":null,"co":null}},{"type":"Feature","geometry":{"type":"LineString","coordinates":[[-79.82995629999999,32.91699879999999],[-79.83014459999998,32.9155849]]},"properties":{"k":"c","n":null,"c":"power line","v":null,"cc":null,"co":null}},{"type":"Feature","geometry":{"type":"LineString","coordinates":[[-79.80378969999998,32.87066679999998],[-79.80007999999998,32.868293300000005]]},"properties":{"k":"c","n":null,"c":"power line","v":null,"cc":null,"co":null}},{"type":"Feature","geometry":{"type":"LineString","coordinates":[[-79.83305209999997,32.92500000000001],[-79.83213819999997,32.92383749999999]]},"properties":{"k":"c","n":null,"c":"power line","v":null,"cc":null,"co":null}},{"type":"Feature","geometry":{"type":"LineString","coordinates":[[-81.05724409999999,32.010172599999976],[-81.05448660000002,32.01054319999997]]},"properties":{"k":"c","n":null,"c":"telephone","v":null,"cc":null,"co":null}},{"type":"Feature","geometry":{"type":"LineString","coordinates":[[-81.05724409999999,32.010172599999976],[-81.05448660000002,32.01054319999997]]},"properties":{"k":"c","n":null,"c":"power line","v":null,"cc":null,"co":null}},{"type":"Feature","geometry":{"type":"LineString","coordinates":[[-81.19052190000002,32.38276509999997],[-81.1908588,32.38355360000003]]},"properties":{"k":"c","n":null,"c":" ","v":null,"cc":null,"co":null}},{"type":"Feature","geometry":{"type":"LineString","coordinates":[[-80.86721610000001,32.0064883],[-80.86644669999998,32.006206599999985]]},"properties":{"k":"c","n":null,"c":"power line","v":null,"cc":null,"co":null}},{"type":"Feature","geometry":{"type":"LineString","coordinates":[[-81.0151545,32.074584200000004],[-81.01417459999999,32.07506790000002]]},"properties":{"k":"c","n":null,"c":"transmission line","v":null,"cc":null,"co":null}},{"type":"Feature","geometry":{"type":"LineString","coordinates":[[-81.02998639999998,32.03861640000002],[-81.03187939999998,32.03801199999998]]},"properties":{"k":"c","n":null,"c":"power line","v":null,"cc":null,"co":null}},{"type":"Feature","geometry":{"type":"LineString","coordinates":[[-80.89476079999997,32.13746309999999],[-80.89417079999998,32.138029500000016],[-80.89286349999998,32.140528200000006]]},"properties":{"k":"c","n":null,"c":"power line","v":null,"cc":null,"co":null}},{"type":"Feature","geometry":{"type":"LineString","coordinates":[[-80.887246,32.14490699999999],[-80.88584329999998,32.145897400000024]]},"properties":{"k":"c","n":null,"c":"power line","v":null,"cc":null,"co":null}},{"type":"Feature","geometry":{"type":"LineString","coordinates":[[-80.89282120000001,32.1181052],[-80.89238219999999,32.117414999999994]]},"properties":{"k":"c","n":null,"c":"power line","v":null,"cc":null,"co":null}},{"type":"Feature","geometry":{"type":"LineString","coordinates":[[-80.87544930000001,32.16014799999999],[-80.87460299999998,32.16157020000003]]},"properties":{"k":"c","n":null,"c":"power line","v":null,"cc":null,"co":null}},{"type":"Feature","geometry":{"type":"LineString","coordinates":[[-80.70528680000001,32.200199199999986],[-80.7058629,32.19911930000001],[-80.70865809999998,32.20061900000002]]},"properties":{"k":"c","n":null,"c":"power line","v":null,"cc":null,"co":null}},{"type":"Feature","geometry":{"type":"LineString","coordinates":[[-80.72644009999999,32.1812784],[-80.72560979999997,32.18194089999997]]},"properties":{"k":"c","n":null,"c":"power line","v":null,"cc":null,"co":null}},{"type":"Feature","geometry":{"type":"LineString","coordinates":[[-80.70866999999998,32.2007036],[-80.70596410000002,32.19924200000003],[-80.70547640000001,32.20019669999999]]},"properties":{"k":"c","n":null,"c":" ","v":null,"cc":null,"co":null}},{"type":"Feature","geometry":{"type":"LineString","coordinates":[[-80.65660500000001,32.401465599999995],[-80.6578558,32.400782100000015]]},"properties":{"k":"c","n":null,"c":"power line","v":null,"cc":null,"co":null}},{"type":"Feature","geometry":{"type":"LineString","coordinates":[[-80.6911126,32.415129200000024],[-80.69184430000001,32.41637459999998],[-80.69090999999997,32.418828399999995],[-80.6919327,32.41987399999999]]},"properties":{"k":"c","n":null,"c":"power line","v":null,"cc":null,"co":null}},{"type":"Feature","geometry":{"type":"LineString","coordinates":[[-80.69916810000001,32.43533000000002],[-80.69999999999999,32.43556369999999]]},"properties":{"k":"c","n":null,"c":"power line","v":null,"cc":null,"co":null}},{"type":"Feature","geometry":{"type":"LineString","coordinates":[[-80.69242969999999,32.41805219999998],[-80.69242910000003,32.41944289999998]]},"properties":{"k":"c","n":null,"c":"power line","v":null,"cc":null,"co":null}},{"type":"Feature","geometry":{"type":"LineString","coordinates":[[-80.69160740000001,32.41941459999998],[-80.6908694,32.41706959999999],[-80.69203069999998,32.4152436]]},"properties":{"k":"c","n":null,"c":"power line","v":null,"cc":null,"co":null}},{"type":"Feature","geometry":{"type":"LineString","coordinates":[[-80.6701698,32.544446100000016],[-80.67077440000003,32.5434391]]},"properties":{"k":"c","n":null,"c":" ","v":null,"cc":null,"co":null}},{"type":"Feature","geometry":{"type":"LineString","coordinates":[[-80.69927050000001,32.50535919999999],[-80.69999999999999,32.50562530000002]]},"properties":{"k":"c","n":null,"c":"power line","v":null,"cc":null,"co":null}},{"type":"Feature","geometry":{"type":"LineString","coordinates":[[-80.3449364,32.61374649999999],[-80.34518759999997,32.61109640000001]]},"properties":{"k":"c","n":null,"c":"power line","v":null,"cc":null,"co":null}},{"type":"Feature","geometry":{"type":"LineString","coordinates":[[-80.34700079999999,32.59919609999997],[-80.34716079999998,32.59732170000001]]},"properties":{"k":"c","n":null,"c":"power line","v":null,"cc":null,"co":null}},{"type":"Feature","geometry":{"type":"LineString","coordinates":[[-80.27806909999998,32.558628899999974],[-80.27954549999998,32.55831660000001],[-80.27956999999998,32.55897199999998]]},"properties":{"k":"c","n":null,"c":"power line","v":null,"cc":null,"co":null}},{"type":"Feature","geometry":{"type":"LineString","coordinates":[[-80.14844799999997,32.61070699999999],[-80.14764200000002,32.60977600000001]]},"properties":{"k":"c","n":null,"c":"power line","v":null,"cc":null,"co":null}},{"type":"Feature","geometry":{"type":"LineString","coordinates":[[-80.14481180000001,32.788736700000015],[-80.14496300000002,32.786809000000005]]},"properties":{"k":"c","n":null,"c":"telephone","v":null,"cc":null,"co":null}},{"type":"Feature","geometry":{"type":"LineString","coordinates":[[-80.1345169,32.79495730000002],[-80.13212720000001,32.79659400000003]]},"properties":{"k":"c","n":null,"c":"power line","v":null,"cc":null,"co":null}},{"type":"Feature","geometry":{"type":"LineString","coordinates":[[-80.14481180000001,32.788736700000015],[-80.14496300000002,32.786809000000005]]},"properties":{"k":"c","n":null,"c":"power line","v":null,"cc":null,"co":null}},{"type":"Feature","geometry":{"type":"LineString","coordinates":[[-80.13641580000001,32.79557920000002],[-80.13443949999998,32.79669209999997]]},"properties":{"k":"c","n":null,"c":"power line","v":null,"cc":null,"co":null}},{"type":"Feature","geometry":{"type":"LineString","coordinates":[[-80.1420913,32.78920900000003],[-80.14440560000003,32.787349199999994]]},"properties":{"k":"c","n":null,"c":"power line","v":null,"cc":null,"co":null}},{"type":"Feature","geometry":{"type":"LineString","coordinates":[[-80.14617420000002,32.789002900000014],[-80.14673970000001,32.78627970000002]]},"properties":{"k":"c","n":null,"c":"power line","v":null,"cc":null,"co":null}},{"type":"Feature","geometry":{"type":"LineString","coordinates":[[-80.14617420000002,32.789002900000014],[-80.14673970000001,32.78627970000002]]},"properties":{"k":"c","n":null,"c":"telephone","v":null,"cc":null,"co":null}},{"type":"Feature","geometry":{"type":"LineString","coordinates":[[-80.1420913,32.78920900000003],[-80.14440560000003,32.787349199999994]]},"properties":{"k":"c","n":null,"c":"telephone","v":null,"cc":null,"co":null}},{"type":"Feature","geometry":{"type":"LineString","coordinates":[[-80.13536950000002,32.79497909999998],[-80.13321230000003,32.79621209999999]]},"properties":{"k":"c","n":null,"c":"power line","v":null,"cc":null,"co":null}},{"type":"Feature","geometry":{"type":"LineString","coordinates":[[-79.76030320000001,32.80320160000002],[-79.75690989999998,32.80510880000003]]},"properties":{"k":"c","n":null,"c":" ","v":null,"cc":null,"co":null}},{"type":"Feature","geometry":{"type":"LineString","coordinates":[[-79.65753439999997,32.88142490000001],[-79.65779250000003,32.88164360000002],[-79.65778840000002,32.881934899999976]]},"properties":{"k":"c","n":null,"c":" ","v":null,"cc":null,"co":null}},{"type":"Feature","geometry":{"type":"LineString","coordinates":[[-79.9373769,32.92810170000001],[-79.939479,32.92931140000002]]},"properties":{"k":"c","n":null,"c":" ","v":null,"cc":null,"co":null}},{"type":"Feature","geometry":{"type":"LineString","coordinates":[[-79.83451050000002,32.92677500000002],[-79.83305209999997,32.92500000000001]]},"properties":{"k":"c","n":null,"c":"power line","v":null,"cc":null,"co":null}},{"type":"Feature","geometry":{"type":"LineString","coordinates":[[-79.94957090000003,33.02199569999999],[-79.94595620000001,33.022542999999985]]},"properties":{"k":"c","n":null,"c":"power line","v":null,"cc":null,"co":null}},{"type":"Feature","geometry":{"type":"LineString","coordinates":[[-79.94927660000002,33.02182749999997],[-79.94586140000001,33.02229360000001]]},"properties":{"k":"c","n":null,"c":"power line","v":null,"cc":null,"co":null}},{"type":"Feature","geometry":{"type":"LineString","coordinates":[[-79.9492396,33.021616800000004],[-79.9456601,33.022114699999975]]},"properties":{"k":"c","n":null,"c":"power line","v":null,"cc":null,"co":null}},{"type":"Feature","geometry":{"type":"LineString","coordinates":[[-79.94907439999997,33.02130349999999],[-79.94557630000003,33.021818499999995]]},"properties":{"k":"c","n":null,"c":"power line","v":null,"cc":null,"co":null}},{"type":"Feature","geometry":{"type":"LineString","coordinates":[[-81.42988589999999,30.2395674],[-81.43071950000001,30.239942199999973]]},"properties":{"k":"c","n":null,"c":"power line","v":null,"cc":null,"co":null}},{"type":"Feature","geometry":{"type":"LineString","coordinates":[[-81.43617799999998,30.236681999999973],[-81.43649390000002,30.238515800000016]]},"properties":{"k":"c","n":null,"c":"power line","v":null,"cc":null,"co":null}},{"type":"Feature","geometry":{"type":"LineString","coordinates":[[-81.41274329999999,31.36998490000002],[-81.4110215,31.369566899999995]]},"properties":{"k":"c","n":null,"c":"power line","v":null,"cc":null,"co":null}},{"type":"Feature","geometry":{"type":"LineString","coordinates":[[-81.52591710000002,30.770526500000017],[-81.52499999999998,30.770569000000023]]},"properties":{"k":"c","n":null,"c":"power line","v":null,"cc":null,"co":null}},{"type":"Feature","geometry":{"type":"LineString","coordinates":[[-81.52587879999999,30.770425799999998],[-81.52499999999998,30.770471799999996]]},"properties":{"k":"c","n":null,"c":"power line","v":null,"cc":null,"co":null}},{"type":"Feature","geometry":{"type":"LineString","coordinates":[[-81.52590809999998,30.770640500000013],[-81.52499999999998,30.770684200000005]]},"properties":{"k":"c","n":null,"c":"power line","v":null,"cc":null,"co":null}},{"type":"Feature","geometry":{"type":"LineString","coordinates":[[-81.52499999999998,30.770684200000005],[-81.52197059999997,30.7708298]]},"properties":{"k":"c","n":null,"c":"power line","v":null,"cc":null,"co":null}},{"type":"Feature","geometry":{"type":"LineString","coordinates":[[-81.52499999999998,30.770471799999996],[-81.52201450000001,30.7706278]]},"properties":{"k":"c","n":null,"c":"power line","v":null,"cc":null,"co":null}},{"type":"Feature","geometry":{"type":"LineString","coordinates":[[-81.52499999999998,30.770569000000023],[-81.52212730000002,30.770701799999983]]},"properties":{"k":"c","n":null,"c":"power line","v":null,"cc":null,"co":null}},{"type":"Feature","geometry":{"type":"LineString","coordinates":[[-81.46775050000002,30.358471399999985],[-81.465263,30.358334300000024]]},"properties":{"k":"c","n":null,"c":"power line","v":null,"cc":null,"co":null}},{"type":"Feature","geometry":{"type":"LineString","coordinates":[[-81.4619596,30.358350299999984],[-81.45762860000002,30.358790899999974]]},"properties":{"k":"c","n":null,"c":"power line","v":null,"cc":null,"co":null}},{"type":"Feature","geometry":{"type":"LineString","coordinates":[[-81.44263999999998,30.303409499999987],[-81.44106060000001,30.303538600000024]]},"properties":{"k":"c","n":null,"c":"power line","v":null,"cc":null,"co":null}},{"type":"Feature","geometry":{"type":"LineString","coordinates":[[-81.4166591,30.308445300000017],[-81.41707650000001,30.311596699999996]]},"properties":{"k":"c","n":null,"c":" ","v":null,"cc":null,"co":null}},{"type":"Feature","geometry":{"type":"LineString","coordinates":[[-81.4417919,30.303662499999973],[-81.44376840000001,30.303508899999997]]},"properties":{"k":"c","n":null,"c":"power line","v":null,"cc":null,"co":null}},{"type":"Feature","geometry":{"type":"LineString","coordinates":[[-81.43282369999997,30.371951500000023],[-81.43217670000001,30.371430900000007]]},"properties":{"k":"c","n":null,"c":"power line","v":null,"cc":null,"co":null}},{"type":"Feature","geometry":{"type":"LineString","coordinates":[[-81.5478139,30.415691700000025],[-81.54719720000003,30.415033300000005]]},"properties":{"k":"c","n":null,"c":"telephone","v":null,"cc":null,"co":null}},{"type":"Feature","geometry":{"type":"LineString","coordinates":[[-81.5478139,30.415691700000025],[-81.54719720000003,30.415033300000005]]},"properties":{"k":"c","n":null,"c":"power line","v":null,"cc":null,"co":null}},{"type":"Feature","geometry":{"type":"LineString","coordinates":[[-81.43618409999999,30.396766200000002],[-81.43577520000002,30.397336199999984]]},"properties":{"k":"c","n":null,"c":"telephone","v":null,"cc":null,"co":null}},{"type":"Feature","geometry":{"type":"LineString","coordinates":[[-81.4254613,30.408005000000003],[-81.42454509999999,30.40863969999998]]},"properties":{"k":"c","n":null,"c":"telephone","v":null,"cc":null,"co":null}},{"type":"Feature","geometry":{"type":"LineString","coordinates":[[-81.4450038,31.165447099999994],[-81.44810849999999,31.16431239999997]]},"properties":{"k":"c","n":null,"c":" ","v":null,"cc":null,"co":null}},{"type":"Feature","geometry":{"type":"LineString","coordinates":[[-77.02875019999999,35.12791379999999],[-77.04190080000001,35.1195285]]},"properties":{"k":"b","n":null,"c":"fixed bridge","v":null,"cc":null,"co":null}},{"type":"Feature","geometry":{"type":"LineString","coordinates":[[-76.6822669,34.72119750000002],[-76.68821270000001,34.72044360000001],[-76.69585230000001,34.72032569999999]]},"properties":{"k":"b","n":null,"c":"fixed bridge","v":null,"cc":null,"co":null}},{"type":"Feature","geometry":{"type":"LineString","coordinates":[[-77.03705079999997,35.09438749999998],[-77.01896249999999,35.09876730000002],[-77.01466620000002,35.09993170000001],[-77.0107342,35.10194949999999]]},"properties":{"k":"b","n":null,"c":"fixed bridge","v":null,"cc":null,"co":null}},{"type":"Feature","geometry":{"type":"LineString","coordinates":[[-77.03742979999998,35.103652599999975],[-77.03714789999998,35.1023429],[-77.03767340000002,35.099367700000016],[-77.0384262,35.09806129999998]]},"properties":{"k":"b","n":null,"c":"fixed bridge","v":null,"cc":null,"co":null}},{"type":"Feature","geometry":{"type":"LineString","coordinates":[[-76.73391650000002,34.72244189999998],[-76.73673589999999,34.7110356],[-76.73825349999998,34.706906300000014]]},"properties":{"k":"b","n":null,"c":"fixed bridge","v":null,"cc":null,"co":null}},{"type":"Feature","geometry":{"type":"LineString","coordinates":[[-77.04142050000002,35.104797700000006],[-77.041177,35.098887400000024]]},"properties":{"k":"b","n":null,"c":"fixed bridge","v":null,"cc":null,"co":null}},{"type":"Feature","geometry":{"type":"LineString","coordinates":[[-77.4417608,34.7459063],[-77.43960040000002,34.7471754]]},"properties":{"k":"b","n":null,"c":"fixed bridge","v":null,"cc":null,"co":null}},{"type":"Feature","geometry":{"type":"LineString","coordinates":[[-77.98812559999999,34.26077140000001],[-77.99055650000003,34.25887549999999]]},"properties":{"k":"b","n":null,"c":"fixed bridge","v":null,"cc":null,"co":null}},{"type":"Feature","geometry":{"type":"LineString","coordinates":[[-80.97627369999998,32.0719914],[-80.97139659999999,32.06917720000001]]},"properties":{"k":"b","n":null,"c":"fixed bridge","v":null,"cc":null,"co":null}},{"type":"Feature","geometry":{"type":"LineString","coordinates":[[-80.7670263,32.530833900000005],[-80.768081,32.53333989999999]]},"properties":{"k":"b","n":null,"c":"fixed bridge","v":null,"cc":null,"co":null}},{"type":"Feature","geometry":{"type":"LineString","coordinates":[[-80.84210660000002,32.51900180000001],[-80.83516830000002,32.52369329999999]]},"properties":{"k":"b","n":null,"c":"fixed bridge","v":null,"cc":null,"co":null}},{"type":"Feature","geometry":{"type":"LineString","coordinates":[[-80.74563210000002,32.539498200000025],[-80.7451944,32.54146029999998]]},"properties":{"k":"b","n":null,"c":"fixed bridge","v":null,"cc":null,"co":null}},{"type":"Feature","geometry":{"type":"LineString","coordinates":[[-80.02324700000003,32.835672999999986],[-80.01872700000001,32.84061300000002]]},"properties":{"k":"b","n":null,"c":"fixed bridge","v":null,"cc":null,"co":null}},{"type":"Feature","geometry":{"type":"LineString","coordinates":[[-80.56298140000001,32.4320649],[-80.56344639999998,32.43259949999998],[-80.56411070000001,32.433081200000004],[-80.56725269999998,32.43473349999999],[-80.57173740000002,32.4358512]]},"properties":{"k":"c","n":null,"c":"power line","v":null,"cc":null,"co":null}}]}