{"type":"FeatureCollection","features":[{"type":"Feature","properties":{},"geometry":{"type":"Polygon","coordinates":[[[-90.20947210000003,29.69999999999999],[-90.22500000000002,29.69999999999999],[-90.22500000000002,29.704985799999974],[-90.22500000000002,29.739204500000028],[-90.22500000000002,29.760246100000018],[-90.22500000000002,29.774999999999977],[-90.21842520000001,29.774999999999977],[-90.20329779999997,29.774999999999977],[-90.20255830000002,29.774999999999977],[-90.1789556,29.774999999999977],[-90.15278439999997,29.774999999999977],[-90.14999999999998,29.774999999999977],[-90.14999999999998,29.75953179999999],[-90.14999999999998,29.757552799999985],[-90.14999999999998,29.75655169999999],[-90.14999999999998,29.753154600000016],[-90.14999999999998,29.751582100000007],[-90.14999999999998,29.751150499999994],[-90.14999999999998,29.7466503],[-90.14999999999998,29.74311590000002],[-90.14999999999998,29.740252999999996],[-90.14999999999998,29.738147099999992],[-90.14999999999998,29.735652000000016],[-90.14999999999998,29.73542839999999],[-90.14999999999998,29.733796299999995],[-90.14999999999998,29.731559600000026],[-90.14999999999998,29.73148070000002],[-90.14999999999998,29.731479700000023],[-90.14999999999998,29.730130299999985],[-90.14999999999998,29.729864399999997],[-90.14999999999998,29.729685200000006],[-90.14999999999998,29.729337600000008],[-90.14999999999998,29.729054500000018],[-90.14999999999998,29.7288772],[-90.14999999999998,29.728629300000023],[-90.14999999999998,29.728121999999985],[-90.14999999999998,29.724478499999975],[-90.14999999999998,29.723861],[-90.14999999999998,29.722244699999976],[-90.14999999999998,29.71824959999998],[-90.14999999999998,29.717470300000002],[-90.14999999999998,29.71459709999999],[-90.14999999999998,29.7057815],[-90.14999999999998,29.69999999999999],[-90.16795009999998,29.69999999999999],[-90.1729828,29.69999999999999],[-90.17473339999998,29.69999999999999],[-90.17483019999997,29.69999999999999],[-90.17535950000001,29.69999999999999],[-90.17556830000001,29.69999999999999],[-90.17577449999999,29.69999999999999],[-90.1761899,29.69999999999999],[-90.1763669,29.69999999999999],[-90.1766996,29.69999999999999],[-90.17789320000003,29.69999999999999],[-90.17976540000001,29.69999999999999],[-90.17979279999997,29.69999999999999],[-90.17996449999998,29.69999999999999],[-90.18194319999998,29.69999999999999],[-90.18547990000002,29.69999999999999],[-90.18576689999998,29.69999999999999],[-90.18743319999999,29.69999999999999],[-90.18900689999998,29.69999999999999],[-90.18936860000002,29.69999999999999],[-90.2053244,29.69999999999999],[-90.20947210000003,29.69999999999999]]]}},{"type":"Feature","properties":{},"geometry":{"type":"Polygon","coordinates":[[[-90.14436510000002,29.69999999999999],[-90.14999999999998,29.69999999999999],[-90.14999999999998,29.7057815],[-90.14999999999998,29.71459709999999],[-90.14999999999998,29.717470300000002],[-90.14999999999998,29.71824959999998],[-90.14999999999998,29.722244699999976],[-90.14999999999998,29.723861],[-90.14999999999998,29.724478499999975],[-90.14999999999998,29.728121999999985],[-90.14999999999998,29.728629300000023],[-90.14999999999998,29.7288772],[-90.14999999999998,29.729054500000018],[-90.14999999999998,29.729337600000008],[-90.14999999999998,29.729685200000006],[-90.14999999999998,29.729864399999997],[-90.14999999999998,29.730130299999985],[-90.14999999999998,29.731479700000023],[-90.14999999999998,29.73148070000002],[-90.14999999999998,29.731559600000026],[-90.14999999999998,29.733796299999995],[-90.14999999999998,29.73542839999999],[-90.14999999999998,29.735652000000016],[-90.14999999999998,29.738147099999992],[-90.14999999999998,29.740252999999996],[-90.14999999999998,29.74311590000002],[-90.14999999999998,29.7466503],[-90.14999999999998,29.751150499999994],[-90.14999999999998,29.751582100000007],[-90.14999999999998,29.753154600000016],[-90.14999999999998,29.75655169999999],[-90.14999999999998,29.757552799999985],[-90.14999999999998,29.75953179999999],[-90.14999999999998,29.774999999999977],[-90.14947699999999,29.774999999999977],[-90.1492743,29.774999999999977],[-90.14896379999999,29.774999999999977],[-90.14890589999999,29.774999999999977],[-90.14527420000002,29.774999999999977],[-90.1393956,29.774999999999977],[-90.13916280000001,29.774999999999977],[-90.10249770000001,29.774999999999977],[-90.08440839999997,29.774999999999977],[-90.08390709999998,29.774999999999977],[-90.08307480000002,29.774999999999977],[-90.07499999999999,29.774999999999977],[-90.07499999999999,29.773043799999982],[-90.07499999999999,29.772871099999975],[-90.07499999999999,29.772645399999988],[-90.07499999999999,29.772354399999983],[-90.07499999999999,29.772152800000015],[-90.07499999999999,29.771985400000005],[-90.07499999999999,29.771850700000016],[-90.07499999999999,29.7709514],[-90.07499999999999,29.770029000000022],[-90.07499999999999,29.764303700000028],[-90.07499999999999,29.748102500000016],[-90.07499999999999,29.74767029999998],[-90.07499999999999,29.746850100000017],[-90.07499999999999,29.74165640000001],[-90.07499999999999,29.741492900000026],[-90.07499999999999,29.733004800000003],[-90.07499999999999,29.731970999999987],[-90.07499999999999,29.729370099999983],[-90.07499999999999,29.729159600000003],[-90.07499999999999,29.72246530000001],[-90.07499999999999,29.7222673],[-90.07499999999999,29.7198621],[-90.07499999999999,29.719571499999972],[-90.07499999999999,29.7162917],[-90.07499999999999,29.715547000000015],[-90.07499999999999,29.714620799999977],[-90.07499999999999,29.703222400000016],[-90.07499999999999,29.70296350000001],[-90.07499999999999,29.702027999999984],[-90.07499999999999,29.69999999999999],[-90.07679430000002,29.69999999999999],[-90.078505,29.69999999999999],[-90.07918460000002,29.69999999999999],[-90.08077530000003,29.69999999999999],[-90.0850782,29.69999999999999],[-90.09503310000002,29.69999999999999],[-90.09606300000002,29.69999999999999],[-90.0984704,29.69999999999999],[-90.10011880000002,29.69999999999999],[-90.10060670000001,29.69999999999999],[-90.10071499999998,29.69999999999999],[-90.10093180000001,29.69999999999999],[-90.10104039999999,29.69999999999999],[-90.10186670000002,29.69999999999999],[-90.10734609999997,29.69999999999999],[-90.11653519999999,29.69999999999999],[-90.1170535,29.69999999999999],[-90.1262089,29.69999999999999],[-90.12838540000001,29.69999999999999],[-90.14336809999998,29.69999999999999],[-90.1436314,29.69999999999999],[-90.14412370000002,29.69999999999999],[-90.14436510000002,29.69999999999999]]]}},{"type":"Feature","properties":{},"geometry":{"type":"Polygon","coordinates":[[[-90.21842520000001,29.774999999999977],[-90.22500000000002,29.774999999999977],[-90.22500000000002,29.78998439999998],[-90.22500000000002,29.815370200000018],[-90.22500000000002,29.830592000000024],[-90.22500000000002,29.84228710000002],[-90.22500000000002,29.850000000000023],[-90.19833460000001,29.850000000000023],[-90.17762579999999,29.850000000000023],[-90.16995989999998,29.850000000000023],[-90.15782639999998,29.850000000000023],[-90.1546788,29.850000000000023],[-90.14999999999998,29.850000000000023],[-90.14999999999998,29.847843899999987],[-90.14999999999998,29.846480299999996],[-90.14999999999998,29.846246099999973],[-90.14999999999998,29.844386600000007],[-90.14999999999998,29.8438261],[-90.14999999999998,29.843636000000004],[-90.14999999999998,29.806305199999997],[-90.14999999999998,29.805842900000016],[-90.14999999999998,29.785595399999977],[-90.14999999999998,29.785221499999977],[-90.14999999999998,29.780063299999995],[-90.14999999999998,29.779002600000013],[-90.14999999999998,29.777437599999985],[-90.14999999999998,29.774999999999977],[-90.15278439999997,29.774999999999977],[-90.1789556,29.774999999999977],[-90.20255830000002,29.774999999999977],[-90.20329779999997,29.774999999999977],[-90.21842520000001,29.774999999999977]]]}},{"type":"Feature","properties":{},"geometry":{"type":"Polygon","coordinates":[[[-90.14999999999998,29.777437599999985],[-90.14999999999998,29.779002600000013],[-90.14999999999998,29.780063299999995],[-90.14999999999998,29.785221499999977],[-90.14999999999998,29.785595399999977],[-90.14999999999998,29.805842900000016],[-90.14999999999998,29.806305199999997],[-90.14999999999998,29.843636000000004],[-90.14999999999998,29.8438261],[-90.14999999999998,29.844386600000007],[-90.14999999999998,29.846246099999973],[-90.14999999999998,29.846480299999996],[-90.14999999999998,29.847843899999987],[-90.14999999999998,29.850000000000023],[-90.14763190000002,29.850000000000023],[-90.143417,29.850000000000023],[-90.14097040000001,29.850000000000023],[-90.14049890000001,29.850000000000023],[-90.08066350000001,29.850000000000023],[-90.07499999999999,29.850000000000023],[-90.07499999999999,29.840424999999982],[-90.07499999999999,29.839008999999976],[-90.07499999999999,29.83561309999999],[-90.07499999999999,29.827583000000004],[-90.07499999999999,29.827396299999975],[-90.07499999999999,29.82711979999999],[-90.07499999999999,29.826618399999973],[-90.07499999999999,29.826040200000023],[-90.07499999999999,29.812952499999994],[-90.07499999999999,29.795119199999988],[-90.07499999999999,29.789211299999977],[-90.07499999999999,29.78892430000002],[-90.07499999999999,29.788341600000024],[-90.07499999999999,29.788018000000022],[-90.07499999999999,29.782708599999978],[-90.07499999999999,29.781393400000013],[-90.07499999999999,29.780266100000006],[-90.07499999999999,29.778776100000016],[-90.07499999999999,29.77791380000002],[-90.07499999999999,29.774999999999977],[-90.08307480000002,29.774999999999977],[-90.08390709999998,29.774999999999977],[-90.08440839999997,29.774999999999977],[-90.10249770000001,29.774999999999977],[-90.13916280000001,29.774999999999977],[-90.1393956,29.774999999999977],[-90.14527420000002,29.774999999999977],[-90.14890589999999,29.774999999999977],[-90.14896379999999,29.774999999999977],[-90.1492743,29.774999999999977],[-90.14947699999999,29.774999999999977],[-90.14999999999998,29.774999999999977],[-90.14999999999998,29.777437599999985]]]}},{"type":"Feature","properties":{},"geometry":{"type":"Polygon","coordinates":[[[-90.06688380000003,30.0],[-90.07499999999999,30.0],[-90.07499999999999,30.031526999999983],[-90.07499999999999,30.032764999999984],[-90.07499999999999,30.07499999999999],[-90.02937930000002,30.07499999999999],[-90.02519039999999,30.07499999999999],[-90.02141260000002,30.07499999999999],[-90.0,30.07499999999999],[-90.0,30.050567399999977],[-90.0,30.04608669999999],[-90.0,30.044909500000017],[-90.0,30.044480599999986],[-90.0,30.043991199999994],[-90.0,30.042792700000007],[-90.0,30.0],[-90.0148704,30.0],[-90.02345459999998,30.0],[-90.02384690000002,30.0],[-90.02409060000002,30.0],[-90.02462989999998,30.0],[-90.02475930000003,30.0],[-90.0251121,30.0],[-90.02703409999998,30.0],[-90.02733699999999,30.0],[-90.04147139999998,30.0],[-90.06688380000003,30.0]]]}},{"type":"Feature","properties":{},"geometry":{"type":"Polygon","coordinates":[[[-89.9943245,30.0],[-90.0,30.0],[-90.0,30.042792700000007],[-90.0,30.043991199999994],[-90.0,30.044480599999986],[-90.0,30.044909500000017],[-90.0,30.04608669999999],[-90.0,30.050567399999977],[-90.0,30.07499999999999],[-89.97281600000002,30.07499999999999],[-89.94705979999998,30.07499999999999],[-89.94604609999999,30.07499999999999],[-89.94546159999999,30.07499999999999],[-89.94544330000002,30.07499999999999],[-89.94450410000002,30.07499999999999],[-89.94299160000003,30.07499999999999],[-89.94184760000002,30.07499999999999],[-89.92500000000001,30.07499999999999],[-89.92500000000001,30.074200500000018],[-89.92500000000001,30.073655900000006],[-89.92500000000001,30.047758499999986],[-89.92500000000001,30.046876800000007],[-89.92500000000001,30.045014200000026],[-89.92500000000001,30.04340259999998],[-89.92500000000001,30.043083200000012],[-89.92500000000001,30.042501500000014],[-89.92500000000001,30.035707300000013],[-89.92500000000001,30.035015299999998],[-89.92500000000001,30.0341234],[-89.92500000000001,30.03207950000001],[-89.92500000000001,30.010563900000022],[-89.92500000000001,30.01003609999998],[-89.92500000000001,30.008569899999998],[-89.92500000000001,30.007328200000018],[-89.92500000000001,30.00697980000001],[-89.92500000000001,30.006632200000013],[-89.92500000000001,30.006283499999995],[-89.92500000000001,30.00593550000002],[-89.92500000000001,30.0048041],[-89.92500000000001,30.00319430000002],[-89.92500000000001,30.0],[-89.94045740000001,30.0],[-89.94610189999997,30.0],[-89.95435020000002,30.0],[-89.96833479999998,30.0],[-89.97226260000002,30.0],[-89.97619159999999,30.0],[-89.9767852,30.0],[-89.9789414,30.0],[-89.98011489999999,30.0],[-89.983406,30.0],[-89.98371120000002,30.0],[-89.98404310000001,30.0],[-89.9846483,30.0],[-89.9877937,30.0],[-89.9886191,30.0],[-89.98872139999997,30.0],[-89.98876139999999,30.0],[-89.98898659999998,30.0],[-89.98911040000002,30.0],[-89.99247450000001,30.0],[-89.99290880000001,30.0],[-89.9937119,30.0],[-89.993766,30.0],[-89.9943245,30.0]]]}},{"type":"Feature","properties":{},"geometry":{"type":"Polygon","coordinates":[[[-89.91739410000002,30.0],[-89.92500000000001,30.0],[-89.92500000000001,30.00319430000002],[-89.92500000000001,30.0048041],[-89.92500000000001,30.00593550000002],[-89.92500000000001,30.006283499999995],[-89.92500000000001,30.006632200000013],[-89.92500000000001,30.00697980000001],[-89.92500000000001,30.007328200000018],[-89.92500000000001,30.008569899999998],[-89.92500000000001,30.01003609999998],[-89.92500000000001,30.010563900000022],[-89.92500000000001,30.03207950000001],[-89.92500000000001,30.0341234],[-89.92500000000001,30.035015299999998],[-89.92500000000001,30.035707300000013],[-89.92500000000001,30.042501500000014],[-89.92500000000001,30.043083200000012],[-89.92500000000001,30.04340259999998],[-89.92500000000001,30.045014200000026],[-89.92500000000001,30.046876800000007],[-89.92500000000001,30.047758499999986],[-89.92500000000001,30.073655900000006],[-89.92500000000001,30.074200500000018],[-89.92500000000001,30.07499999999999],[-89.92429149999998,30.07499999999999],[-89.92381060000002,30.07499999999999],[-89.91610109999999,30.07499999999999],[-89.9155763,30.07499999999999],[-89.91065329999998,30.07499999999999],[-89.9098826,30.07499999999999],[-89.87441139999999,30.07499999999999],[-89.872997,30.07499999999999],[-89.86557920000001,30.07499999999999],[-89.85000000000002,30.07499999999999],[-89.85000000000002,30.037110700000028],[-89.85000000000002,30.036480400000016],[-89.85000000000002,30.035914900000023],[-89.85000000000002,30.035019999999975],[-89.85000000000002,30.033704999999998],[-89.85000000000002,30.033678500000008],[-89.85000000000002,30.033442999999977],[-89.85000000000002,30.032605999999987],[-89.85000000000002,30.03259700000001],[-89.85000000000002,30.032175800000005],[-89.85000000000002,30.02983169999999],[-89.85000000000002,30.028257800000006],[-89.85000000000002,30.027521799999988],[-89.85000000000002,30.026699099999973],[-89.85000000000002,30.023757199999977],[-89.85000000000002,30.023287400000015],[-89.85000000000002,30.01477460000001],[-89.85000000000002,30.014213900000016],[-89.85000000000002,30.013466900000026],[-89.85000000000002,30.01191349999999],[-89.85000000000002,30.010739100000023],[-89.85000000000002,30.0],[-89.85653689999998,30.0],[-89.8581552,30.0],[-89.85889409999999,30.0],[-89.85950259999998,30.0],[-89.86156670000003,30.0],[-89.86220279999998,30.0],[-89.8684442,30.0],[-89.8720032,30.0],[-89.87422659999999,30.0],[-89.87682919999997,30.0],[-89.87732879999999,30.0],[-89.88333490000002,30.0],[-89.8865778,30.0],[-89.8873226,30.0],[-89.8876477,30.0],[-89.8886837,30.0],[-89.89013460000001,30.0],[-89.89439570000002,30.0],[-89.8946532,30.0],[-89.8953108,30.0],[-89.89862599999998,30.0],[-89.89934169999998,30.0],[-89.90188590000002,30.0],[-89.90207500000002,30.0],[-89.90229399999998,30.0],[-89.90334669999999,30.0],[-89.90371579999999,30.0],[-89.90386649999999,30.0],[-89.90401689999999,30.0],[-89.90628479999998,30.0],[-89.90684340000001,30.0],[-89.90795409999998,30.0],[-89.91486800000001,30.0],[-89.91739410000002,30.0]]]}},{"type":"Feature","properties":{},"geometry":{"type":"Polygon","coordinates":[[[-89.85000000000002,30.010739100000023],[-89.85000000000002,30.01191349999999],[-89.85000000000002,30.013466900000026],[-89.85000000000002,30.014213900000016],[-89.85000000000002,30.01477460000001],[-89.85000000000002,30.023287400000015],[-89.85000000000002,30.023757199999977],[-89.85000000000002,30.026699099999973],[-89.85000000000002,30.027521799999988],[-89.85000000000002,30.028257800000006],[-89.85000000000002,30.02983169999999],[-89.85000000000002,30.032175800000005],[-89.85000000000002,30.03259700000001],[-89.85000000000002,30.032605999999987],[-89.85000000000002,30.033442999999977],[-89.85000000000002,30.033678500000008],[-89.85000000000002,30.033704999999998],[-89.85000000000002,30.035019999999975],[-89.85000000000002,30.035914900000023],[-89.85000000000002,30.036480400000016],[-89.85000000000002,30.037110700000028],[-89.85000000000002,30.07499999999999],[-89.84459809999998,30.07499999999999],[-89.84128379999999,30.07499999999999],[-89.83988590000001,30.07499999999999],[-89.83889520000002,30.07499999999999],[-89.8365574,30.07499999999999],[-89.83272640000001,30.07499999999999],[-89.83220870000002,30.07499999999999],[-89.8237297,30.07499999999999],[-89.8230557,30.07499999999999],[-89.81616530000002,30.07499999999999],[-89.8148726,30.07499999999999],[-89.80236059999999,30.07499999999999],[-89.80176089999998,30.07499999999999],[-89.801018,30.07499999999999],[-89.8005106,30.07499999999999],[-89.79705369999999,30.07499999999999],[-89.79657600000002,30.07499999999999],[-89.79375140000002,30.07499999999999],[-89.79339149999998,30.07499999999999],[-89.79142150000001,30.07499999999999],[-89.78946200000001,30.07499999999999],[-89.7890736,30.07499999999999],[-89.78626170000001,30.07499999999999],[-89.7860627,30.07499999999999],[-89.7812611,30.07499999999999],[-89.78086109999998,30.07499999999999],[-89.77499999999998,30.07499999999999],[-89.77499999999998,30.072436200000027],[-89.77499999999998,30.07194750000002],[-89.77499999999998,30.071728300000018],[-89.77499999999998,30.071215499999994],[-89.77499999999998,30.070685000000026],[-89.77499999999998,30.070075799999984],[-89.77499999999998,30.067873299999974],[-89.77499999999998,30.063212299999975],[-89.77499999999998,30.062696800000026],[-89.77499999999998,30.060198500000013],[-89.77499999999998,30.059878200000014],[-89.77499999999998,30.057601599999998],[-89.77499999999998,30.057313299999976],[-89.77499999999998,30.053289199999995],[-89.77499999999998,30.05284210000002],[-89.77499999999998,30.052732400000025],[-89.77499999999998,30.05229509999998],[-89.77499999999998,30.052294200000006],[-89.77499999999998,30.04935180000001],[-89.77499999999998,30.04832110000001],[-89.77499999999998,30.048125900000002],[-89.77499999999998,30.048057400000005],[-89.77499999999998,30.047983699999975],[-89.77499999999998,30.047427500000026],[-89.77499999999998,30.046705499999973],[-89.77499999999998,30.04593269999998],[-89.77499999999998,30.045663400000024],[-89.77499999999998,30.044590000000028],[-89.77499999999998,30.04292939999999],[-89.77499999999998,30.040622199999973],[-89.77499999999998,30.038717799999972],[-89.77499999999998,30.03747900000002],[-89.77499999999998,30.022287300000016],[-89.77499999999998,30.0],[-89.83025579999997,30.0],[-89.83352409999998,30.0],[-89.85000000000002,30.0],[-89.85000000000002,30.010739100000023]]]}},{"type":"Feature","properties":{},"geometry":{"type":"Polygon","coordinates":[[[-89.77499999999998,30.022287300000016],[-89.77499999999998,30.03747900000002],[-89.77499999999998,30.038717799999972],[-89.77499999999998,30.040622199999973],[-89.77499999999998,30.04292939999999],[-89.77499999999998,30.044590000000028],[-89.77499999999998,30.045663400000024],[-89.77499999999998,30.04593269999998],[-89.77499999999998,30.046705499999973],[-89.77499999999998,30.047427500000026],[-89.77499999999998,30.047983699999975],[-89.77499999999998,30.048057400000005],[-89.77499999999998,30.048125900000002],[-89.77499999999998,30.04832110000001],[-89.77499999999998,30.04935180000001],[-89.77499999999998,30.052294200000006],[-89.77499999999998,30.05229509999998],[-89.77499999999998,30.052732400000025],[-89.77499999999998,30.05284210000002],[-89.77499999999998,30.053289199999995],[-89.77499999999998,30.057313299999976],[-89.77499999999998,30.057601599999998],[-89.77499999999998,30.059878200000014],[-89.77499999999998,30.060198500000013],[-89.77499999999998,30.062696800000026],[-89.77499999999998,30.063212299999975],[-89.77499999999998,30.067873299999974],[-89.77499999999998,30.070075799999984],[-89.77499999999998,30.070685000000026],[-89.77499999999998,30.071215499999994],[-89.77499999999998,30.071728300000018],[-89.77499999999998,30.07194750000002],[-89.77499999999998,30.072436200000027],[-89.77499999999998,30.07499999999999],[-89.7703414,30.07499999999999],[-89.76995349999999,30.07499999999999],[-89.7689906,30.07499999999999],[-89.76813399999998,30.07499999999999],[-89.76632000000001,30.07499999999999],[-89.7631202,30.07499999999999],[-89.76280270000001,30.07499999999999],[-89.76255129999998,30.07499999999999],[-89.76083940000001,30.07499999999999],[-89.76024949999999,30.07499999999999],[-89.7595167,30.07499999999999],[-89.75586570000002,30.07499999999999],[-89.7551623,30.07499999999999],[-89.75367890000001,30.07499999999999],[-89.75346130000003,30.07499999999999],[-89.75278939999998,30.07499999999999],[-89.75241679999999,30.07499999999999],[-89.73441980000001,30.07499999999999],[-89.73287950000002,30.07499999999999],[-89.72565459999998,30.07499999999999],[-89.72434620000001,30.07499999999999],[-89.72087779999998,30.07499999999999],[-89.7199819,30.07499999999999],[-89.71967210000003,30.07499999999999],[-89.71731240000003,30.07499999999999],[-89.71646779999998,30.07499999999999],[-89.71583199999998,30.07499999999999],[-89.69999999999999,30.07499999999999],[-89.69999999999999,30.071237699999983],[-89.69999999999999,30.069060200000024],[-89.69999999999999,30.059493799999984],[-89.69999999999999,30.05314629999998],[-89.69999999999999,30.032329500000003],[-89.69999999999999,30.0],[-89.77499999999998,30.0],[-89.77499999999998,30.022287300000016]]]}},{"type":"Feature","properties":{},"geometry":{"type":"Polygon","coordinates":[[[-89.84459809999998,30.07499999999999],[-89.85000000000002,30.07499999999999],[-89.85000000000002,30.075223300000005],[-89.85000000000002,30.077674899999977],[-89.85000000000002,30.078540599999997],[-89.85000000000002,30.080246799999998],[-89.85000000000002,30.083247400000005],[-89.85000000000002,30.08384030000002],[-89.85000000000002,30.085339499999975],[-89.85000000000002,30.101590999999985],[-89.85000000000002,30.103571499999987],[-89.85000000000002,30.109072400000002],[-89.85000000000002,30.114280199999996],[-89.85000000000002,30.1172545],[-89.85000000000002,30.118341799999996],[-89.85000000000002,30.149999999999977],[-89.81701880000003,30.149999999999977],[-89.81362990000002,30.149999999999977],[-89.77499999999998,30.149999999999977],[-89.77499999999998,30.122772499999996],[-89.77499999999998,30.115519699999993],[-89.77499999999998,30.115080499999976],[-89.77499999999998,30.111583499999995],[-89.77499999999998,30.111412400000006],[-89.77499999999998,30.091420900000003],[-89.77499999999998,30.090889800000014],[-89.77499999999998,30.08822939999999],[-89.77499999999998,30.0865637],[-89.77499999999998,30.085597500000006],[-89.77499999999998,30.079435699999976],[-89.77499999999998,30.07911630000001],[-89.77499999999998,30.07839469999999],[-89.77499999999998,30.078235600000028],[-89.77499999999998,30.07499999999999],[-89.78086109999998,30.07499999999999],[-89.7812611,30.07499999999999],[-89.7860627,30.07499999999999],[-89.78626170000001,30.07499999999999],[-89.7890736,30.07499999999999],[-89.78946200000001,30.07499999999999],[-89.79142150000001,30.07499999999999],[-89.79339149999998,30.07499999999999],[-89.79375140000002,30.07499999999999],[-89.79657600000002,30.07499999999999],[-89.79705369999999,30.07499999999999],[-89.8005106,30.07499999999999],[-89.801018,30.07499999999999],[-89.80176089999998,30.07499999999999],[-89.80236059999999,30.07499999999999],[-89.8148726,30.07499999999999],[-89.81616530000002,30.07499999999999],[-89.8230557,30.07499999999999],[-89.8237297,30.07499999999999],[-89.83220870000002,30.07499999999999],[-89.83272640000001,30.07499999999999],[-89.8365574,30.07499999999999],[-89.83889520000002,30.07499999999999],[-89.83988590000001,30.07499999999999],[-89.84128379999999,30.07499999999999],[-89.84459809999998,30.07499999999999]]]}},{"type":"Feature","properties":{},"geometry":{"type":"Polygon","coordinates":[[[-89.77499999999998,30.078235600000028],[-89.77499999999998,30.07839469999999],[-89.77499999999998,30.07911630000001],[-89.77499999999998,30.079435699999976],[-89.77499999999998,30.085597500000006],[-89.77499999999998,30.0865637],[-89.77499999999998,30.08822939999999],[-89.77499999999998,30.090889800000014],[-89.77499999999998,30.091420900000003],[-89.77499999999998,30.111412400000006],[-89.77499999999998,30.111583499999995],[-89.77499999999998,30.115080499999976],[-89.77499999999998,30.115519699999993],[-89.77499999999998,30.122772499999996],[-89.77499999999998,30.149999999999977],[-89.76626900000002,30.149999999999977],[-89.74839320000001,30.149999999999977],[-89.74656920000001,30.149999999999977],[-89.74598980000002,30.149999999999977],[-89.7440426,30.149999999999977],[-89.74209100000002,30.149999999999977],[-89.73979229999998,30.149999999999977],[-89.7393993,30.149999999999977],[-89.73847110000003,30.149999999999977],[-89.73731450000002,30.149999999999977],[-89.73421050000002,30.149999999999977],[-89.73179110000001,30.149999999999977],[-89.73178710000002,30.149999999999977],[-89.7274423,30.149999999999977],[-89.72569870000001,30.149999999999977],[-89.72075230000002,30.149999999999977],[-89.7201642,30.149999999999977],[-89.71986190000001,30.149999999999977],[-89.70788090000002,30.149999999999977],[-89.70424500000001,30.149999999999977],[-89.702765,30.149999999999977],[-89.69999999999999,30.149999999999977],[-89.69999999999999,30.143590800000027],[-89.69999999999999,30.138379999999984],[-89.69999999999999,30.125075900000013],[-89.69999999999999,30.123019100000022],[-89.69999999999999,30.12246490000001],[-89.69999999999999,30.115086599999984],[-89.69999999999999,30.114231000000018],[-89.69999999999999,30.113268500000004],[-89.69999999999999,30.112510600000007],[-89.69999999999999,30.11163399999998],[-89.69999999999999,30.110684900000024],[-89.69999999999999,30.10951080000001],[-89.69999999999999,30.109242300000005],[-89.69999999999999,30.07499999999999],[-89.71583199999998,30.07499999999999],[-89.71646779999998,30.07499999999999],[-89.71731240000003,30.07499999999999],[-89.71967210000003,30.07499999999999],[-89.7199819,30.07499999999999],[-89.72087779999998,30.07499999999999],[-89.72434620000001,30.07499999999999],[-89.72565459999998,30.07499999999999],[-89.73287950000002,30.07499999999999],[-89.73441980000001,30.07499999999999],[-89.75241679999999,30.07499999999999],[-89.75278939999998,30.07499999999999],[-89.75346130000003,30.07499999999999],[-89.75367890000001,30.07499999999999],[-89.7551623,30.07499999999999],[-89.75586570000002,30.07499999999999],[-89.7595167,30.07499999999999],[-89.76024949999999,30.07499999999999],[-89.76083940000001,30.07499999999999],[-89.76255129999998,30.07499999999999],[-89.76280270000001,30.07499999999999],[-89.7631202,30.07499999999999],[-89.76632000000001,30.07499999999999],[-89.76813399999998,30.07499999999999],[-89.7689906,30.07499999999999],[-89.76995349999999,30.07499999999999],[-89.7703414,30.07499999999999],[-89.77499999999998,30.07499999999999],[-89.77499999999998,30.078235600000028]]]}},{"type":"Feature","properties":{},"geometry":{"type":"Polygon","coordinates":[[[-89.68999889999998,30.07499999999999],[-89.69999999999999,30.07499999999999],[-89.69999999999999,30.109242300000005],[-89.69999999999999,30.10951080000001],[-89.69999999999999,30.110684900000024],[-89.69999999999999,30.11163399999998],[-89.69999999999999,30.112510600000007],[-89.69999999999999,30.113268500000004],[-89.69999999999999,30.114231000000018],[-89.69999999999999,30.115086599999984],[-89.69999999999999,30.12246490000001],[-89.69999999999999,30.123019100000022],[-89.69999999999999,30.125075900000013],[-89.69999999999999,30.138379999999984],[-89.69999999999999,30.143590800000027],[-89.69999999999999,30.149999999999977],[-89.69753939999998,30.149999999999977],[-89.69638179999998,30.149999999999977],[-89.69274100000001,30.149999999999977],[-89.69271520000001,30.149999999999977],[-89.69160060000002,30.149999999999977],[-89.68942229999999,30.149999999999977],[-89.68595749999997,30.149999999999977],[-89.68510170000002,30.149999999999977],[-89.66995939999998,30.149999999999977],[-89.66457630000002,30.149999999999977],[-89.66402540000001,30.149999999999977],[-89.6635268,30.149999999999977],[-89.66110070000002,30.149999999999977],[-89.660256,30.149999999999977],[-89.6533483,30.149999999999977],[-89.65277350000002,30.149999999999977],[-89.65252759999998,30.149999999999977],[-89.65196300000002,30.149999999999977],[-89.65138630000001,30.149999999999977],[-89.65072479999998,30.149999999999977],[-89.64787719999998,30.149999999999977],[-89.64751480000001,30.149999999999977],[-89.6471363,30.149999999999977],[-89.64619959999999,30.149999999999977],[-89.64519710000002,30.149999999999977],[-89.64482759999999,30.149999999999977],[-89.6406819,30.149999999999977],[-89.63980839999999,30.149999999999977],[-89.63625239999999,30.149999999999977],[-89.63405239999997,30.149999999999977],[-89.6334645,30.149999999999977],[-89.63036899999997,30.149999999999977],[-89.62953700000003,30.149999999999977],[-89.62785450000001,30.149999999999977],[-89.62561190000002,30.149999999999977],[-89.625,30.149999999999977],[-89.625,30.14952870000002],[-89.625,30.146581700000013],[-89.625,30.146463700000027],[-89.625,30.14616030000002],[-89.625,30.145800699999995],[-89.625,30.142832999999996],[-89.625,30.10314169999998],[-89.625,30.103140199999984],[-89.625,30.07499999999999],[-89.67503090000002,30.07499999999999],[-89.68536749999998,30.07499999999999],[-89.68752749999999,30.07499999999999],[-89.68999889999998,30.07499999999999]]]}},{"type":"Feature","properties":{},"geometry":{"type":"Polygon","coordinates":[[[-89.59164420000002,30.07499999999999],[-89.625,30.07499999999999],[-89.625,30.103140199999984],[-89.625,30.10314169999998],[-89.625,30.142832999999996],[-89.625,30.145800699999995],[-89.625,30.14616030000002],[-89.625,30.146463700000027],[-89.625,30.146581700000013],[-89.625,30.14952870000002],[-89.625,30.149999999999977],[-89.62284979999998,30.149999999999977],[-89.6214941,30.149999999999977],[-89.61480060000002,30.149999999999977],[-89.6101453,30.149999999999977],[-89.60188670000002,30.149999999999977],[-89.5977279,30.149999999999977],[-89.58899730000002,30.149999999999977],[-89.58716770000001,30.149999999999977],[-89.58208910000002,30.149999999999977],[-89.582089,30.149999999999977],[-89.58208889999997,30.149999999999977],[-89.58199619999999,30.149999999999977],[-89.56368379999998,30.149999999999977],[-89.55000000000001,30.149999999999977],[-89.55000000000001,30.14827580000002],[-89.55000000000001,30.148063200000024],[-89.55000000000001,30.1478568],[-89.55000000000001,30.144930499999987],[-89.55000000000001,30.1324788],[-89.55000000000001,30.131967799999984],[-89.55000000000001,30.120458600000006],[-89.55000000000001,30.12045760000001],[-89.55000000000001,30.11348609999999],[-89.55000000000001,30.109557699999982],[-89.55000000000001,30.10098770000002],[-89.55000000000001,30.07499999999999],[-89.56541929999997,30.07499999999999],[-89.59164420000002,30.07499999999999]]]}},{"type":"Feature","properties":{},"geometry":{"type":"Polygon","coordinates":[[[-89.50319569999999,30.07499999999999],[-89.55000000000001,30.07499999999999],[-89.55000000000001,30.10098770000002],[-89.55000000000001,30.109557699999982],[-89.55000000000001,30.11348609999999],[-89.55000000000001,30.12045760000001],[-89.55000000000001,30.131967799999984],[-89.55000000000001,30.1324788],[-89.55000000000001,30.144930499999987],[-89.55000000000001,30.1478568],[-89.55000000000001,30.148063200000024],[-89.55000000000001,30.14827580000002],[-89.55000000000001,30.149999999999977],[-89.53887850000001,30.149999999999977],[-89.53753410000002,30.149999999999977],[-89.53651489999999,30.149999999999977],[-89.5361421,30.149999999999977],[-89.52147559999997,30.149999999999977],[-89.5211635,30.149999999999977],[-89.47500000000002,30.149999999999977],[-89.47500000000002,30.137775499999975],[-89.47500000000002,30.1377751],[-89.47500000000002,30.137379099999976],[-89.47500000000002,30.13703129999999],[-89.47500000000002,30.113062500000012],[-89.47500000000002,30.09505139999999],[-89.47500000000002,30.08945590000002],[-89.47500000000002,30.086304799999994],[-89.47500000000002,30.08568939999998],[-89.47500000000002,30.085278099999982],[-89.47500000000002,30.083450200000016],[-89.47500000000002,30.081978100000015],[-89.47500000000002,30.080539299999998],[-89.47500000000002,30.0792869],[-89.47500000000002,30.07499999999999],[-89.478003,30.07499999999999],[-89.480998,30.07499999999999],[-89.48563569999999,30.07499999999999],[-89.49354299999999,30.07499999999999],[-89.4998809,30.07499999999999],[-89.50319569999999,30.07499999999999]]]}},{"type":"Feature","properties":{},"geometry":{"type":"Polygon","coordinates":[[[-89.62284979999998,30.149999999999977],[-89.625,30.149999999999977],[-89.625,30.150803199999984],[-89.625,30.151370799999995],[-89.625,30.15537999999998],[-89.625,30.156365199999982],[-89.625,30.157057199999997],[-89.625,30.157866899999988],[-89.625,30.157916999999998],[-89.625,30.157926999999972],[-89.625,30.15816860000001],[-89.625,30.15824029999999],[-89.625,30.15850499999999],[-89.625,30.15897769999998],[-89.625,30.15950509999999],[-89.625,30.16171209999999],[-89.625,30.16195049999999],[-89.625,30.16231110000001],[-89.625,30.16259980000001],[-89.625,30.16311730000001],[-89.625,30.163911999999982],[-89.625,30.164125300000023],[-89.625,30.164353300000016],[-89.625,30.16538220000001],[-89.625,30.16983540000001],[-89.625,30.170924599999978],[-89.625,30.17594409999998],[-89.625,30.17627649999997],[-89.625,30.176766499999985],[-89.625,30.1771349],[-89.625,30.188846899999987],[-89.625,30.18944529999999],[-89.625,30.20396690000001],[-89.625,30.205825800000014],[-89.625,30.225000000000023],[-89.6235145,30.225000000000023],[-89.6225751,30.225000000000023],[-89.62151690000002,30.225000000000023],[-89.61817339999999,30.225000000000023],[-89.61761080000002,30.225000000000023],[-89.61514620000003,30.225000000000023],[-89.6146521,30.225000000000023],[-89.6065251,30.225000000000023],[-89.6060089,30.225000000000023],[-89.60053740000001,30.225000000000023],[-89.6000957,30.225000000000023],[-89.5962753,30.225000000000023],[-89.59580210000001,30.225000000000023],[-89.59487209999998,30.225000000000023],[-89.59427260000001,30.225000000000023],[-89.59375169999998,30.225000000000023],[-89.58901329999998,30.225000000000023],[-89.58634489999997,30.225000000000023],[-89.58609719999998,30.225000000000023],[-89.5847316,30.225000000000023],[-89.5837707,30.225000000000023],[-89.57056560000001,30.225000000000023],[-89.55000000000001,30.225000000000023],[-89.55000000000001,30.217978500000015],[-89.55000000000001,30.19256489999998],[-89.55000000000001,30.192243399999995],[-89.55000000000001,30.19212909999999],[-89.55000000000001,30.188481000000024],[-89.55000000000001,30.18744320000002],[-89.55000000000001,30.181470100000013],[-89.55000000000001,30.180332899999996],[-89.55000000000001,30.179389000000015],[-89.55000000000001,30.170932900000025],[-89.55000000000001,30.17064640000001],[-89.55000000000001,30.156020000000012],[-89.55000000000001,30.15180700000002],[-89.55000000000001,30.149999999999977],[-89.56368379999998,30.149999999999977],[-89.58199619999999,30.149999999999977],[-89.58208889999997,30.149999999999977],[-89.582089,30.149999999999977],[-89.58208910000002,30.149999999999977],[-89.5821348,30.149999999999977],[-89.58716770000001,30.149999999999977],[-89.58899730000002,30.149999999999977],[-89.5977279,30.149999999999977],[-89.60188670000002,30.149999999999977],[-89.6101453,30.149999999999977],[-89.61480060000002,30.149999999999977],[-89.6214941,30.149999999999977],[-89.62284979999998,30.149999999999977]]]}},{"type":"Feature","properties":{},"geometry":{"type":"Polygon","coordinates":[[[-90.33661760000001,30.0],[-90.30000000000001,30.0],[-90.30000000000001,29.962376399999982],[-90.30000000000001,29.962140599999998],[-90.30000000000001,29.961517300000025],[-90.30000000000001,29.961413499999992],[-90.30000000000001,29.961249599999974],[-90.30000000000001,29.960854499999982],[-90.30000000000001,29.960628600000007],[-90.30000000000001,29.96058929999998],[-90.30000000000001,29.960527800000023],[-90.30000000000001,29.96045479999998],[-90.30000000000001,29.9603252],[-90.30000000000001,29.960288100000014],[-90.30000000000001,29.960250299999984],[-90.30000000000001,29.96020229999999],[-90.30000000000001,29.960108100000014],[-90.30000000000001,29.960006899999996],[-90.30000000000001,29.959797400000014],[-90.30000000000001,29.95979440000002],[-90.30000000000001,29.959789899999976],[-90.30000000000001,29.9597215],[-90.30000000000001,29.959412600000007],[-90.30000000000001,29.958837000000017],[-90.30000000000001,29.958278800000016],[-90.30000000000001,29.95672159999998],[-90.30000000000001,29.956410199999993],[-90.30000000000001,29.956350699999973],[-90.30000000000001,29.956288200000017],[-90.30000000000001,29.955130600000018],[-90.30000000000001,29.95509709999999],[-90.30000000000001,29.954078100000004],[-90.30000000000001,29.953818599999977],[-90.30000000000001,29.953638099999978],[-90.30000000000001,29.953582299999994],[-90.30000000000001,29.953515900000014],[-90.30000000000001,29.953043200000025],[-90.30000000000001,29.952519699999982],[-90.30000000000001,29.952506400000004],[-90.30000000000001,29.952147200000013],[-90.30000000000001,29.952001900000027],[-90.30000000000001,29.9519861],[-90.30000000000001,29.951825900000017],[-90.30000000000001,29.951405899999997],[-90.30000000000001,29.95104140000001],[-90.30000000000001,29.95092310000001],[-90.30000000000001,29.95081399999998],[-90.30000000000001,29.95075209999999],[-90.30000000000001,29.950688300000024],[-90.30000000000001,29.950651800000003],[-90.30000000000001,29.950619500000016],[-90.30000000000001,29.950234000000023],[-90.30000000000001,29.94936630000001],[-90.30000000000001,29.92500000000001],[-90.31932119999999,29.92500000000001],[-90.3200119,29.92500000000001],[-90.32299510000001,29.92500000000001],[-90.33120150000002,29.92500000000001],[-90.33165259999998,29.92500000000001],[-90.34920210000001,29.92500000000001],[-90.34948980000001,29.92500000000001],[-90.35142610000003,29.92500000000001],[-90.35174110000003,29.92500000000001],[-90.35499999999999,29.92500000000001],[-90.35499999999999,30.0],[-90.33661760000001,30.0]]]}},{"type":"Feature","properties":{},"geometry":{"type":"Polygon","coordinates":[[[-89.53887850000001,30.149999999999977],[-89.55000000000001,30.149999999999977],[-89.55000000000001,30.15180700000002],[-89.55000000000001,30.156020000000012],[-89.55000000000001,30.17064640000001],[-89.55000000000001,30.170932900000025],[-89.55000000000001,30.179389000000015],[-89.55000000000001,30.180332899999996],[-89.55000000000001,30.181470100000013],[-89.55000000000001,30.18744320000002],[-89.55000000000001,30.188481000000024],[-89.55000000000001,30.19212909999999],[-89.55000000000001,30.192243399999995],[-89.55000000000001,30.19256489999998],[-89.55000000000001,30.217978500000015],[-89.55000000000001,30.225000000000023],[-89.52952169999998,30.225000000000023],[-89.51958389999999,30.225000000000023],[-89.51442589999999,30.225000000000023],[-89.50956559999997,30.225000000000023],[-89.50688170000001,30.225000000000023],[-89.49601860000001,30.225000000000023],[-89.47500000000002,30.225000000000023],[-89.47500000000002,30.22134349999999],[-89.47500000000002,30.211926699999992],[-89.47500000000002,30.211616100000015],[-89.47500000000002,30.204432800000006],[-89.47500000000002,30.204288099999985],[-89.47500000000002,30.20330150000001],[-89.47500000000002,30.202798700000017],[-89.47500000000002,30.195827500000007],[-89.47500000000002,30.194819900000027],[-89.47500000000002,30.194698399999993],[-89.47500000000002,30.194354499999974],[-89.47500000000002,30.194265900000005],[-89.47500000000002,30.19401479999999],[-89.47500000000002,30.191992900000002],[-89.47500000000002,30.1896969],[-89.47500000000002,30.178517699999986],[-89.47500000000002,30.170187],[-89.47500000000002,30.170125299999995],[-89.47500000000002,30.167866500000002],[-89.47500000000002,30.166885100000002],[-89.47500000000002,30.16600920000002],[-89.47500000000002,30.164155199999982],[-89.47500000000002,30.163940000000025],[-89.47500000000002,30.16372849999999],[-89.47500000000002,30.160256100000026],[-89.47500000000002,30.158040900000003],[-89.47500000000002,30.149999999999977],[-89.5211635,30.149999999999977],[-89.52147559999997,30.149999999999977],[-89.5361421,30.149999999999977],[-89.53651489999999,30.149999999999977],[-89.53753410000002,30.149999999999977],[-89.53887850000001,30.149999999999977]]]}},{"type":"Feature","properties":{},"geometry":{"type":"Polygon","coordinates":[[[-89.42732239999998,30.149999999999977],[-89.47500000000002,30.149999999999977],[-89.47500000000002,30.158040900000003],[-89.47500000000002,30.160256100000026],[-89.47500000000002,30.16372849999999],[-89.47500000000002,30.163940000000025],[-89.47500000000002,30.164155199999982],[-89.47500000000002,30.16600920000002],[-89.47500000000002,30.166885100000002],[-89.47500000000002,30.167866500000002],[-89.47500000000002,30.170125299999995],[-89.47500000000002,30.170187],[-89.47500000000002,30.178517699999986],[-89.47500000000002,30.1896969],[-89.47500000000002,30.191992900000002],[-89.47500000000002,30.19401479999999],[-89.47500000000002,30.194265900000005],[-89.47500000000002,30.194354499999974],[-89.47500000000002,30.194698399999993],[-89.47500000000002,30.194819900000027],[-89.47500000000002,30.195827500000007],[-89.47500000000002,30.202798700000017],[-89.47500000000002,30.20330150000001],[-89.47500000000002,30.204288099999985],[-89.47500000000002,30.204432800000006],[-89.47500000000002,30.211616100000015],[-89.47500000000002,30.211926699999992],[-89.47500000000002,30.22134349999999],[-89.47500000000002,30.225000000000023],[-89.47357249999999,30.225000000000023],[-89.4688152,30.225000000000023],[-89.46781329999999,30.225000000000023],[-89.4442391,30.225000000000023],[-89.4401987,30.225000000000023],[-89.4282341,30.225000000000023],[-89.4173495,30.225000000000023],[-89.41683269999999,30.225000000000023],[-89.41544970000001,30.225000000000023],[-89.39999999999998,30.225000000000023],[-89.39999999999998,30.18575149999998],[-89.39999999999998,30.184173699999974],[-89.39999999999998,30.180300199999976],[-89.39999999999998,30.180081099999995],[-89.39999999999998,30.179887699999995],[-89.39999999999998,30.17949090000002],[-89.39999999999998,30.178401699999995],[-89.39999999999998,30.176642800000025],[-89.39999999999998,30.169668300000012],[-89.39999999999998,30.1550924],[-89.39999999999998,30.149999999999977],[-89.42205539999998,30.149999999999977],[-89.42665749999998,30.149999999999977],[-89.42732239999998,30.149999999999977]]]}},{"type":"Feature","properties":{},"geometry":{"type":"Polygon","coordinates":[[[-89.35779819999999,30.149999999999977],[-89.39999999999998,30.149999999999977],[-89.39999999999998,30.1550924],[-89.39999999999998,30.169668300000012],[-89.39999999999998,30.176642800000025],[-89.39999999999998,30.178401699999995],[-89.39999999999998,30.17949090000002],[-89.39999999999998,30.179887699999995],[-89.39999999999998,30.180081099999995],[-89.39999999999998,30.180300199999976],[-89.39999999999998,30.184173699999974],[-89.39999999999998,30.18575149999998],[-89.39999999999998,30.225000000000023],[-89.37898380000001,30.225000000000023],[-89.3607389,30.225000000000023],[-89.32499999999999,30.225000000000023],[-89.32499999999999,30.181502299999977],[-89.32499999999999,30.1805741],[-89.32499999999999,30.180410400000028],[-89.32499999999999,30.180161699999985],[-89.32499999999999,30.177294899999993],[-89.32499999999999,30.16994790000001],[-89.32499999999999,30.149999999999977],[-89.35779819999999,30.149999999999977]]]}},{"type":"Feature","properties":{},"geometry":{"type":"Polygon","coordinates":[[[-89.32499999999999,30.149999999999977],[-89.32499999999999,30.16994790000001],[-89.32499999999999,30.177294899999993],[-89.32499999999999,30.180161699999985],[-89.32499999999999,30.180410400000028],[-89.32499999999999,30.1805741],[-89.32499999999999,30.181502299999977],[-89.32499999999999,30.225000000000023],[-89.2897777,30.225000000000023],[-89.28365680000002,30.225000000000023],[-89.27957049999998,30.225000000000023],[-89.27043600000002,30.225000000000023],[-89.25,30.225000000000023],[-89.25,30.212117999999975],[-89.25,30.211820699999976],[-89.25,30.211612100000025],[-89.25,30.211327400000016],[-89.25,30.210768499999972],[-89.25,30.199763099999984],[-89.25,30.193635299999983],[-89.25,30.188024199999973],[-89.25,30.149999999999977],[-89.32499999999999,30.149999999999977]]]}},{"type":"Feature","properties":{},"geometry":{"type":"Polygon","coordinates":[[[-89.19812969999998,30.149999999999977],[-89.19947830000001,30.149999999999977],[-89.2213721,30.149999999999977],[-89.22251899999998,30.149999999999977],[-89.22893620000002,30.149999999999977],[-89.24076680000002,30.149999999999977],[-89.25,30.149999999999977],[-89.25,30.188024199999973],[-89.25,30.18961280000002],[-89.25,30.189731800000004],[-89.25,30.193635299999983],[-89.25,30.199763099999984],[-89.25,30.210768499999972],[-89.25,30.211327400000016],[-89.25,30.211612100000025],[-89.25,30.211820699999976],[-89.25,30.212117999999975],[-89.25,30.225000000000023],[-89.24128669999999,30.225000000000023],[-89.2379363,30.225000000000023],[-89.23337679999997,30.225000000000023],[-89.2312513,30.225000000000023],[-89.22851109999999,30.225000000000023],[-89.22782330000001,30.225000000000023],[-89.22766410000003,30.225000000000023],[-89.22640560000002,30.225000000000023],[-89.22370009999997,30.225000000000023],[-89.2215347,30.225000000000023],[-89.2186135,30.225000000000023],[-89.19707879999999,30.225000000000023],[-89.19500000000001,30.225000000000023],[-89.19500000000001,30.149999999999977],[-89.19812969999998,30.149999999999977]]]}},{"type":"Feature","properties":{},"geometry":{"type":"Polygon","coordinates":[[[-89.19707879999999,30.225000000000023],[-89.2186135,30.225000000000023],[-89.2215347,30.225000000000023],[-89.22370009999997,30.225000000000023],[-89.22640560000002,30.225000000000023],[-89.22766410000003,30.225000000000023],[-89.22782330000001,30.225000000000023],[-89.22851109999999,30.225000000000023],[-89.2312513,30.225000000000023],[-89.23337679999997,30.225000000000023],[-89.2379363,30.225000000000023],[-89.24128669999999,30.225000000000023],[-89.25,30.225000000000023],[-89.25,30.233159699999987],[-89.25,30.234422699999982],[-89.25,30.238488000000018],[-89.25,30.241871100000026],[-89.25,30.24340219999999],[-89.25,30.248475900000017],[-89.25,30.249566200000004],[-89.25,30.260921199999984],[-89.25,30.261330299999997],[-89.25,30.263789799999984],[-89.25,30.268071700000007],[-89.25,30.270690100000024],[-89.25,30.272499600000003],[-89.25,30.284935899999994],[-89.25,30.290296099999978],[-89.25,30.29242260000001],[-89.25,30.30000000000001],[-89.24593370000002,30.30000000000001],[-89.19500000000001,30.30000000000001],[-89.19500000000001,30.225000000000023],[-89.19707879999999,30.225000000000023]]]}},{"type":"Feature","properties":{},"geometry":{"type":"Polygon","coordinates":[[[-90.19833460000001,29.850000000000023],[-90.22500000000002,29.850000000000023],[-90.22500000000002,29.863973499999986],[-90.22500000000002,29.8835325],[-90.22500000000002,29.909731000000022],[-90.22500000000002,29.92500000000001],[-90.21822400000002,29.92500000000001],[-90.21761070000002,29.92500000000001],[-90.21737519999999,29.92500000000001],[-90.21707500000002,29.92500000000001],[-90.21692460000003,29.92500000000001],[-90.2167662,29.92500000000001],[-90.2166967,29.92500000000001],[-90.2166828,29.92500000000001],[-90.21665430000002,29.92500000000001],[-90.21661189999998,29.92500000000001],[-90.21657099999999,29.92500000000001],[-90.21652999999998,29.92500000000001],[-90.21648900000002,29.92500000000001],[-90.21644429999998,29.92500000000001],[-90.21633780000002,29.92500000000001],[-90.21629569999999,29.92500000000001],[-90.21625189999997,29.92500000000001],[-90.2161792,29.92500000000001],[-90.2158364,29.92500000000001],[-90.2156721,29.92500000000001],[-90.21542199999999,29.92500000000001],[-90.21533119999998,29.92500000000001],[-90.21500350000002,29.92500000000001],[-90.21228389999999,29.92500000000001],[-90.21168080000001,29.92500000000001],[-90.21040679999999,29.92500000000001],[-90.20975820000001,29.92500000000001],[-90.20957429999999,29.92500000000001],[-90.2092687,29.92500000000001],[-90.20926539999999,29.92500000000001],[-90.20890659999998,29.92500000000001],[-90.20866619999998,29.92500000000001],[-90.20861589999998,29.92500000000001],[-90.20850089999999,29.92500000000001],[-90.20836170000001,29.92500000000001],[-90.2076758,29.92500000000001],[-90.2072379,29.92500000000001],[-90.20712600000002,29.92500000000001],[-90.20697799999999,29.92500000000001],[-90.20689370000002,29.92500000000001],[-90.2068443,29.92500000000001],[-90.20646149999999,29.92500000000001],[-90.20641510000002,29.92500000000001],[-90.20622709999998,29.92500000000001],[-90.20585790000001,29.92500000000001],[-90.20580869999998,29.92500000000001],[-90.20574169999998,29.92500000000001],[-90.2050777,29.92500000000001],[-90.20502090000002,29.92500000000001],[-90.20445699999999,29.92500000000001],[-90.20428329999999,29.92500000000001],[-90.20369920000002,29.92500000000001],[-90.20346210000002,29.92500000000001],[-90.20294139999999,29.92500000000001],[-90.202812,29.92500000000001],[-90.20271050000002,29.92500000000001],[-90.20269990000003,29.92500000000001],[-90.20256590000002,29.92500000000001],[-90.2023704,29.92500000000001],[-90.20170480000002,29.92500000000001],[-90.20143089999999,29.92500000000001],[-90.20049319999998,29.92500000000001],[-90.2002564,29.92500000000001],[-90.1994712,29.92500000000001],[-90.1941531,29.92500000000001],[-90.19370090000001,29.92500000000001],[-90.19333,29.92500000000001],[-90.19227219999999,29.92500000000001],[-90.19185570000002,29.92500000000001],[-90.19147400000003,29.92500000000001],[-90.1907521,29.92500000000001],[-90.19075040000001,29.92500000000001],[-90.19009870000002,29.92500000000001],[-90.19002519999998,29.92500000000001],[-90.18985750000002,29.92500000000001],[-90.1895543,29.92500000000001],[-90.18951579999998,29.92500000000001],[-90.1894519,29.92500000000001],[-90.18937060000002,29.92500000000001],[-90.18934780000001,29.92500000000001],[-90.18928679999999,29.92500000000001],[-90.1890745,29.92500000000001],[-90.18511960000001,29.92500000000001],[-90.18277610000001,29.92500000000001],[-90.1819524,29.92500000000001],[-90.14999999999998,29.92500000000001],[-90.14999999999998,29.91157340000001],[-90.14999999999998,29.895478000000026],[-90.14999999999998,29.894443799999976],[-90.14999999999998,29.889157300000022],[-90.14999999999998,29.8835325],[-90.14999999999998,29.850000000000023],[-90.16995989999998,29.850000000000023],[-90.17762579999999,29.850000000000023],[-90.19833460000001,29.850000000000023]]]}},{"type":"Feature","properties":{},"geometry":{"type":"Polygon","coordinates":[[[-90.14763190000002,29.850000000000023],[-90.14999999999998,29.850000000000023],[-90.14999999999998,29.858738800000026],[-90.14999999999998,29.862908800000014],[-90.14999999999998,29.8835325],[-90.14999999999998,29.889157300000022],[-90.14999999999998,29.894443799999976],[-90.14999999999998,29.895478000000026],[-90.14999999999998,29.904134499999998],[-90.14999999999998,29.91157340000001],[-90.14999999999998,29.92500000000001],[-90.1445266,29.92500000000001],[-90.14449660000002,29.92500000000001],[-90.14344999999997,29.92500000000001],[-90.14310899999998,29.92500000000001],[-90.14287109999998,29.92500000000001],[-90.1428166,29.92500000000001],[-90.14246020000002,29.92500000000001],[-90.14241090000002,29.92500000000001],[-90.14237880000002,29.92500000000001],[-90.14234670000002,29.92500000000001],[-90.14226380000002,29.92500000000001],[-90.14219750000001,29.92500000000001],[-90.14218290000002,29.92500000000001],[-90.14201159999999,29.92500000000001],[-90.14177110000003,29.92500000000001],[-90.1399566,29.92500000000001],[-90.139636,29.92500000000001],[-90.1388758,29.92500000000001],[-90.13651220000003,29.92500000000001],[-90.1364347,29.92500000000001],[-90.13642650000003,29.92500000000001],[-90.13637349999999,29.92500000000001],[-90.1362148,29.92500000000001],[-90.1361387,29.92500000000001],[-90.13598409999997,29.92500000000001],[-90.1358621,29.92500000000001],[-90.13582980000001,29.92500000000001],[-90.13579750000002,29.92500000000001],[-90.13576019999999,29.92500000000001],[-90.1357281,29.92500000000001],[-90.13564830000001,29.92500000000001],[-90.13554920000001,29.92500000000001],[-90.13549499999999,29.92500000000001],[-90.13545299999998,29.92500000000001],[-90.13528680000002,29.92500000000001],[-90.07499999999999,29.92500000000001],[-90.07499999999999,29.921014500000013],[-90.07499999999999,29.920927199999994],[-90.07499999999999,29.92083839999998],[-90.07499999999999,29.920791800000018],[-90.07499999999999,29.920761200000015],[-90.07499999999999,29.92073049999999],[-90.07499999999999,29.92069989999999],[-90.07499999999999,29.92066920000002],[-90.07499999999999,29.920638600000018],[-90.07499999999999,29.920607899999993],[-90.07499999999999,29.92057729999999],[-90.07499999999999,29.920546600000023],[-90.07499999999999,29.920402500000023],[-90.07499999999999,29.92032819999997],[-90.07499999999999,29.92012299999999],[-90.07499999999999,29.920045200000004],[-90.07499999999999,29.917428400000006],[-90.07499999999999,29.9162106],[-90.07499999999999,29.916203699999983],[-90.07499999999999,29.915817000000004],[-90.07499999999999,29.915635699999996],[-90.07499999999999,29.915615100000025],[-90.07499999999999,29.915536900000006],[-90.07499999999999,29.915523500000006],[-90.07499999999999,29.915411000000006],[-90.07499999999999,29.91541000000001],[-90.07499999999999,29.91538270000001],[-90.07499999999999,29.915352199999973],[-90.07499999999999,29.915321699999993],[-90.07499999999999,29.915291200000013],[-90.07499999999999,29.915260699999976],[-90.07499999999999,29.915230199999996],[-90.07499999999999,29.915199700000016],[-90.07499999999999,29.915166199999987],[-90.07499999999999,29.915110400000003],[-90.07499999999999,29.915082900000016],[-90.07499999999999,29.915048899999988],[-90.07499999999999,29.914993700000025],[-90.07499999999999,29.914952900000003],[-90.07499999999999,29.91488579999998],[-90.07499999999999,29.914265899999975],[-90.07499999999999,29.900779399999976],[-90.07499999999999,29.896653200000003],[-90.07499999999999,29.895477099999994],[-90.07499999999999,29.889316000000008],[-90.07499999999999,29.88915350000002],[-90.07499999999999,29.889054199999975],[-90.07499999999999,29.888694799999996],[-90.07499999999999,29.88861109999999],[-90.07499999999999,29.887589400000024],[-90.07499999999999,29.887364900000023],[-90.07499999999999,29.88580539999998],[-90.07499999999999,29.885384699999975],[-90.07499999999999,29.885098599999992],[-90.07499999999999,29.88464879999998],[-90.07499999999999,29.884219400000006],[-90.07499999999999,29.884163899999976],[-90.07499999999999,29.883894800000007],[-90.07499999999999,29.88344410000002],[-90.07499999999999,29.88337439999998],[-90.07499999999999,29.883215600000028],[-90.07499999999999,29.882521800000006],[-90.07499999999999,29.882376299999976],[-90.07499999999999,29.876448700000026],[-90.07499999999999,29.876054699999997],[-90.07499999999999,29.8743465],[-90.07499999999999,29.87360080000002],[-90.07499999999999,29.8723789],[-90.07499999999999,29.870958700000017],[-90.07499999999999,29.87072999999998],[-90.07499999999999,29.863906799999995],[-90.07499999999999,29.853424200000006],[-90.07499999999999,29.850000000000023],[-90.08066350000001,29.850000000000023],[-90.14049890000001,29.850000000000023],[-90.14097040000001,29.850000000000023],[-90.143417,29.850000000000023],[-90.14763190000002,29.850000000000023]]]}},{"type":"Feature","properties":{},"geometry":{"type":"Polygon","coordinates":[[[-90.0704915,29.850000000000023],[-90.07499999999999,29.850000000000023],[-90.07499999999999,29.853424200000006],[-90.07499999999999,29.863906799999995],[-90.07499999999999,29.87072999999998],[-90.07499999999999,29.870958700000017],[-90.07499999999999,29.8723789],[-90.07499999999999,29.87360080000002],[-90.07499999999999,29.8743465],[-90.07499999999999,29.876054699999997],[-90.07499999999999,29.876448700000026],[-90.07499999999999,29.882376299999976],[-90.07499999999999,29.882521800000006],[-90.07499999999999,29.883215600000028],[-90.07499999999999,29.88337439999998],[-90.07499999999999,29.88344410000002],[-90.07499999999999,29.883894800000007],[-90.07499999999999,29.884163899999976],[-90.07499999999999,29.884219400000006],[-90.07499999999999,29.88464879999998],[-90.07499999999999,29.885098599999992],[-90.07499999999999,29.885384699999975],[-90.07499999999999,29.88580539999998],[-90.07499999999999,29.887364900000023],[-90.07499999999999,29.887589400000024],[-90.07499999999999,29.88861109999999],[-90.07499999999999,29.888694799999996],[-90.07499999999999,29.889054199999975],[-90.07499999999999,29.88915350000002],[-90.07499999999999,29.889316000000008],[-90.07499999999999,29.895477099999994],[-90.07499999999999,29.896653200000003],[-90.07499999999999,29.900779399999976],[-90.07499999999999,29.914265899999975],[-90.07499999999999,29.91488579999998],[-90.07499999999999,29.914952900000003],[-90.07499999999999,29.914993700000025],[-90.07499999999999,29.915048899999988],[-90.07499999999999,29.915082900000016],[-90.07499999999999,29.915110400000003],[-90.07499999999999,29.915166199999987],[-90.07499999999999,29.915199700000016],[-90.07499999999999,29.915230199999996],[-90.07499999999999,29.915260699999976],[-90.07499999999999,29.915291200000013],[-90.07499999999999,29.915321699999993],[-90.07499999999999,29.915352199999973],[-90.07499999999999,29.91538270000001],[-90.07499999999999,29.91541000000001],[-90.07499999999999,29.915411000000006],[-90.07499999999999,29.915523500000006],[-90.07499999999999,29.915536900000006],[-90.07499999999999,29.915615100000025],[-90.07499999999999,29.915635699999996],[-90.07499999999999,29.915817000000004],[-90.07499999999999,29.916203699999983],[-90.07499999999999,29.9162106],[-90.07499999999999,29.917428400000006],[-90.07499999999999,29.920045200000004],[-90.07499999999999,29.92012299999999],[-90.07499999999999,29.92032819999997],[-90.07499999999999,29.920402500000023],[-90.07499999999999,29.920546600000023],[-90.07499999999999,29.92057729999999],[-90.07499999999999,29.920607899999993],[-90.07499999999999,29.920638600000018],[-90.07499999999999,29.92066920000002],[-90.07499999999999,29.92069989999999],[-90.07499999999999,29.92073049999999],[-90.07499999999999,29.920761200000015],[-90.07499999999999,29.920791800000018],[-90.07499999999999,29.92083839999998],[-90.07499999999999,29.920927199999994],[-90.07499999999999,29.921014500000013],[-90.07499999999999,29.92500000000001],[-90.06757440000001,29.92500000000001],[-90.0674055,29.92500000000001],[-90.06726429999998,29.92500000000001],[-90.0672169,29.92500000000001],[-90.06717329999998,29.92500000000001],[-90.06710349999997,29.92500000000001],[-90.06702610000002,29.92500000000001],[-90.06698979999999,29.92500000000001],[-90.06686489999998,29.92500000000001],[-90.0666081,29.92500000000001],[-90.06631229999999,29.92500000000001],[-90.06576710000002,29.92500000000001],[-90.06567369999999,29.92500000000001],[-90.06562120000001,29.92500000000001],[-90.06552699999997,29.92500000000001],[-90.06322340000003,29.92500000000001],[-90.06299109999998,29.92500000000001],[-90.06286619999997,29.92500000000001],[-90.06270649999999,29.92500000000001],[-90.06207519999998,29.92500000000001],[-90.06175159999998,29.92500000000001],[-90.0611725,29.92500000000001],[-90.061104,29.92500000000001],[-90.06101109999997,29.92500000000001],[-90.06100020000002,29.92500000000001],[-90.0607541,29.92500000000001],[-90.0605248,29.92500000000001],[-90.06036289999997,29.92500000000001],[-90.06031789999997,29.92500000000001],[-90.06027970000002,29.92500000000001],[-90.06024150000002,29.92500000000001],[-90.06020330000001,29.92500000000001],[-90.06016499999998,29.92500000000001],[-90.06012550000003,29.92500000000001],[-90.06007979999998,29.92500000000001],[-90.06003379999999,29.92500000000001],[-90.05986530000001,29.92500000000001],[-90.0597912,29.92500000000001],[-90.0597512,29.92500000000001],[-90.059686,29.92500000000001],[-90.0,29.92500000000001],[-90.0,29.903105100000005],[-90.0,29.89703300000002],[-90.0,29.897001699999976],[-90.0,29.896723599999973],[-90.0,29.896668599999998],[-90.0,29.896374700000024],[-90.0,29.896201599999984],[-90.0,29.895480799999973],[-90.0,29.888690399999973],[-90.0,29.88844340000003],[-90.0,29.888366200000007],[-90.0,29.888292499999977],[-90.0,29.88824820000002],[-90.0,29.8880987],[-90.0,29.887500999999986],[-90.0,29.887183499999992],[-90.0,29.88661639999998],[-90.0,29.886265100000003],[-90.0,29.88592110000002],[-90.0,29.88519409999998],[-90.0,29.88513260000002],[-90.0,29.88509479999999],[-90.0,29.885056099999986],[-90.0,29.885008700000014],[-90.0,29.884968500000014],[-90.0,29.884795699999984],[-90.0,29.884577200000024],[-90.0,29.88447980000001],[-90.0,29.88426320000002],[-90.0,29.872134500000016],[-90.0,29.85353029999999],[-90.0,29.851272800000004],[-90.0,29.850000000000023],[-90.0018483,29.850000000000023],[-90.00196199999999,29.850000000000023],[-90.00230190000002,29.850000000000023],[-90.00324719999998,29.850000000000023],[-90.00335109999997,29.850000000000023],[-90.00351920000003,29.850000000000023],[-90.005248,29.850000000000023],[-90.00527829999999,29.850000000000023],[-90.00532099999998,29.850000000000023],[-90.0058573,29.850000000000023],[-90.00587309999997,29.850000000000023],[-90.00592769999997,29.850000000000023],[-90.01426400000003,29.850000000000023],[-90.01499239999998,29.850000000000023],[-90.01540039999998,29.850000000000023],[-90.02170819999998,29.850000000000023],[-90.0217806,29.850000000000023],[-90.02216349999998,29.850000000000023],[-90.0224402,29.850000000000023],[-90.02266739999999,29.850000000000023],[-90.02287189999998,29.850000000000023],[-90.02299140000002,29.850000000000023],[-90.02357189999998,29.850000000000023],[-90.0236883,29.850000000000023],[-90.02376670000001,29.850000000000023],[-90.02411590000003,29.850000000000023],[-90.02421149999998,29.850000000000023],[-90.0243127,29.850000000000023],[-90.02455950000001,29.850000000000023],[-90.02531340000002,29.850000000000023],[-90.0254415,29.850000000000023],[-90.02548380000002,29.850000000000023],[-90.02564969999997,29.850000000000023],[-90.05596709999998,29.850000000000023],[-90.0602677,29.850000000000023],[-90.06029410000002,29.850000000000023],[-90.0615803,29.850000000000023],[-90.06170320000001,29.850000000000023],[-90.06230579999999,29.850000000000023],[-90.0624305,29.850000000000023],[-90.06261749999999,29.850000000000023],[-90.06291340000001,29.850000000000023],[-90.06299510000002,29.850000000000023],[-90.06318040000002,29.850000000000023],[-90.06320979999998,29.850000000000023],[-90.06326999999999,29.850000000000023],[-90.06354529999999,29.850000000000023],[-90.06378289999998,29.850000000000023],[-90.06390590000001,29.850000000000023],[-90.0704915,29.850000000000023]]]}},{"type":"Feature","properties":{},"geometry":{"type":"Polygon","coordinates":[[[-89.99769029999999,29.850000000000023],[-90.0,29.850000000000023],[-90.0,29.851272800000004],[-90.0,29.85353029999999],[-90.0,29.872134500000016],[-90.0,29.88426320000002],[-90.0,29.88447980000001],[-90.0,29.884577200000024],[-90.0,29.884795699999984],[-90.0,29.884968500000014],[-90.0,29.885008700000014],[-90.0,29.885056099999986],[-90.0,29.88509479999999],[-90.0,29.88513260000002],[-90.0,29.88519409999998],[-90.0,29.88592110000002],[-90.0,29.886265100000003],[-90.0,29.88661639999998],[-90.0,29.887183499999992],[-90.0,29.887500999999986],[-90.0,29.8880987],[-90.0,29.88824820000002],[-90.0,29.888292499999977],[-90.0,29.888366200000007],[-90.0,29.88844340000003],[-90.0,29.888690399999973],[-90.0,29.895480799999973],[-90.0,29.896201599999984],[-90.0,29.896374700000024],[-90.0,29.896668599999998],[-90.0,29.896723599999973],[-90.0,29.897001699999976],[-90.0,29.89703300000002],[-90.0,29.903105100000005],[-90.0,29.92500000000001],[-89.9917395,29.92500000000001],[-89.98371689999999,29.92500000000001],[-89.98219699999999,29.92500000000001],[-89.9821129,29.92500000000001],[-89.98169489999998,29.92500000000001],[-89.98150909999998,29.92500000000001],[-89.98131699999999,29.92500000000001],[-89.9810645,29.92500000000001],[-89.98096729999997,29.92500000000001],[-89.9808688,29.92500000000001],[-89.9807927,29.92500000000001],[-89.98073319999997,29.92500000000001],[-89.98071019999998,29.92500000000001],[-89.98066039999998,29.92500000000001],[-89.9806031,29.92500000000001],[-89.98051070000002,29.92500000000001],[-89.9804555,29.92500000000001],[-89.98008370000002,29.92500000000001],[-89.97993760000003,29.92500000000001],[-89.9795095,29.92500000000001],[-89.97911690000001,29.92500000000001],[-89.97907800000002,29.92500000000001],[-89.97876359999998,29.92500000000001],[-89.97867459999998,29.92500000000001],[-89.97849739999998,29.92500000000001],[-89.97743439999999,29.92500000000001],[-89.97327890000003,29.92500000000001],[-89.97317420000002,29.92500000000001],[-89.97296080000001,29.92500000000001],[-89.97208560000001,29.92500000000001],[-89.97162400000002,29.92500000000001],[-89.97111000000001,29.92500000000001],[-89.96927970000002,29.92500000000001],[-89.96626650000002,29.92500000000001],[-89.96549299999998,29.92500000000001],[-89.96453159999999,29.92500000000001],[-89.96061400000002,29.92500000000001],[-89.95970210000002,29.92500000000001],[-89.95917639999999,29.92500000000001],[-89.95909660000001,29.92500000000001],[-89.95896640000001,29.92500000000001],[-89.95879760000003,29.92500000000001],[-89.95861509999997,29.92500000000001],[-89.9583743,29.92500000000001],[-89.9581751,29.92500000000001],[-89.95800609999998,29.92500000000001],[-89.95733739999997,29.92500000000001],[-89.95647409999998,29.92500000000001],[-89.95557400000001,29.92500000000001],[-89.95320529999998,29.92500000000001],[-89.9519214,29.92500000000001],[-89.95173519999997,29.92500000000001],[-89.95173319999998,29.92500000000001],[-89.95172070000001,29.92500000000001],[-89.95044109999998,29.92500000000001],[-89.949386,29.92500000000001],[-89.94921210000001,29.92500000000001],[-89.94914,29.92500000000001],[-89.94909339999998,29.92500000000001],[-89.94905799999998,29.92500000000001],[-89.94902009999998,29.92500000000001],[-89.94439349999999,29.92500000000001],[-89.9440348,29.92500000000001],[-89.94392950000002,29.92500000000001],[-89.94371690000003,29.92500000000001],[-89.94272460000002,29.92500000000001],[-89.94258129999997,29.92500000000001],[-89.9416673,29.92500000000001],[-89.94129329999998,29.92500000000001],[-89.94056369999998,29.92500000000001],[-89.94000779999999,29.92500000000001],[-89.93987470000002,29.92500000000001],[-89.93793599999998,29.92500000000001],[-89.93762859999998,29.92500000000001],[-89.9372621,29.92500000000001],[-89.93655469999999,29.92500000000001],[-89.93456850000001,29.92500000000001],[-89.93427509999998,29.92500000000001],[-89.92621589999999,29.92500000000001],[-89.92509819999998,29.92500000000001],[-89.92500000000001,29.92500000000001],[-89.92500000000001,29.924913600000025],[-89.92500000000001,29.924205400000005],[-89.92500000000001,29.923816499999987],[-89.92500000000001,29.923367299999995],[-89.92500000000001,29.923146299999985],[-89.92500000000001,29.92309210000002],[-89.92500000000001,29.923056099999997],[-89.92500000000001,29.923023999999998],[-89.92500000000001,29.92299559999998],[-89.92500000000001,29.922962600000005],[-89.92500000000001,29.922929899999986],[-89.92500000000001,29.922747300000026],[-89.92500000000001,29.922692299999994],[-89.92500000000001,29.922603100000003],[-89.92500000000001,29.922500000000014],[-89.92500000000001,29.922498399999995],[-89.92500000000001,29.922416399999975],[-89.92500000000001,29.9222393],[-89.92500000000001,29.9219789],[-89.92500000000001,29.920692900000006],[-89.92500000000001,29.919894399999976],[-89.92500000000001,29.919733800000017],[-89.92500000000001,29.917704000000015],[-89.92500000000001,29.91768860000002],[-89.92500000000001,29.917551300000014],[-89.92500000000001,29.91742720000002],[-89.92500000000001,29.91725630000002],[-89.92500000000001,29.917087600000002],[-89.92500000000001,29.917026099999987],[-89.92500000000001,29.916995299999996],[-89.92500000000001,29.916963899999985],[-89.92500000000001,29.916932099999997],[-89.92500000000001,29.916848500000015],[-89.92500000000001,29.916725799999995],[-89.92500000000001,29.916599200000007],[-89.92500000000001,29.916518199999985],[-89.92500000000001,29.916383199999984],[-89.92500000000001,29.91613369999999],[-89.92500000000001,29.916041500000006],[-89.92500000000001,29.91510249999999],[-89.92500000000001,29.876683200000002],[-89.92500000000001,29.872431000000006],[-89.92500000000001,29.86912890000002],[-89.92500000000001,29.868939399999988],[-89.92500000000001,29.868468300000018],[-89.92500000000001,29.868423000000007],[-89.92500000000001,29.868393700000013],[-89.92500000000001,29.86836440000002],[-89.92500000000001,29.86833519999999],[-89.92500000000001,29.868305899999996],[-89.92500000000001,29.8682766],[-89.92500000000001,29.868247399999973],[-89.92500000000001,29.86821809999998],[-89.92500000000001,29.868040199999996],[-89.92500000000001,29.868021399999975],[-89.92500000000001,29.867898700000012],[-89.92500000000001,29.86748990000001],[-89.92500000000001,29.8674082],[-89.92500000000001,29.867323199999987],[-89.92500000000001,29.866624899999977],[-89.92500000000001,29.866565900000012],[-89.92500000000001,29.866206599999998],[-89.92500000000001,29.865843799999993],[-89.92500000000001,29.865020000000015],[-89.92500000000001,29.8650088],[-89.92500000000001,29.86486960000002],[-89.92500000000001,29.864777100000026],[-89.92500000000001,29.864757800000007],[-89.92500000000001,29.864326699999992],[-89.92500000000001,29.86428330000001],[-89.92500000000001,29.86424740000001],[-89.92500000000001,29.864222400000017],[-89.92500000000001,29.864164399999993],[-89.92500000000001,29.86392649999999],[-89.92500000000001,29.863759700000003],[-89.92500000000001,29.86366620000001],[-89.92500000000001,29.863593100000003],[-89.92500000000001,29.863535000000013],[-89.92500000000001,29.863519699999983],[-89.92500000000001,29.86349919999998],[-89.92500000000001,29.86348049999998],[-89.92500000000001,29.863472899999977],[-89.92500000000001,29.863451399999974],[-89.92500000000001,29.86342239999999],[-89.92500000000001,29.863393299999984],[-89.92500000000001,29.8633643],[-89.92500000000001,29.863335199999995],[-89.92500000000001,29.86330609999999],[-89.92500000000001,29.863277100000005],[-89.92500000000001,29.863188200000025],[-89.92500000000001,29.863126599999987],[-89.92500000000001,29.86306380000002],[-89.92500000000001,29.863024499999995],[-89.92500000000001,29.8625624],[-89.92500000000001,29.850000000000023],[-89.9326825,29.850000000000023],[-89.9377293,29.850000000000023],[-89.9400192,29.850000000000023],[-89.94269539999999,29.850000000000023],[-89.94373130000002,29.850000000000023],[-89.95602769999999,29.850000000000023],[-89.97470720000001,29.850000000000023],[-89.97600010000002,29.850000000000023],[-89.976115,29.850000000000023],[-89.97624359999998,29.850000000000023],[-89.97630040000001,29.850000000000023],[-89.97636670000003,29.850000000000023],[-89.97644459999998,29.850000000000023],[-89.9764884,29.850000000000023],[-89.97653359999998,29.850000000000023],[-89.97657909999998,29.850000000000023],[-89.97662780000002,29.850000000000023],[-89.9766765,29.850000000000023],[-89.97672549999999,29.850000000000023],[-89.97676969999998,29.850000000000023],[-89.97678560000003,29.850000000000023],[-89.97679870000002,29.850000000000023],[-89.9769177,29.850000000000023],[-89.9770709,29.850000000000023],[-89.97714989999997,29.850000000000023],[-89.97738779999997,29.850000000000023],[-89.97743329999997,29.850000000000023],[-89.97764560000002,29.850000000000023],[-89.9781352,29.850000000000023],[-89.97820209999998,29.850000000000023],[-89.97853479999998,29.850000000000023],[-89.97881310000002,29.850000000000023],[-89.97892130000002,29.850000000000023],[-89.97894409999998,29.850000000000023],[-89.98229149999997,29.850000000000023],[-89.98231779999998,29.850000000000023],[-89.9823217,29.850000000000023],[-89.982935,29.850000000000023],[-89.98318230000001,29.850000000000023],[-89.9831939,29.850000000000023],[-89.98323420000003,29.850000000000023],[-89.9832639,29.850000000000023],[-89.98328650000002,29.850000000000023],[-89.9833147,29.850000000000023],[-89.98344559999998,29.850000000000023],[-89.9834462,29.850000000000023],[-89.98348770000001,29.850000000000023],[-89.983521,29.850000000000023],[-89.98358480000002,29.850000000000023],[-89.98362359999999,29.850000000000023],[-89.98365189999998,29.850000000000023],[-89.98366240000001,29.850000000000023],[-89.9836833,29.850000000000023],[-89.98370019999999,29.850000000000023],[-89.9837152,29.850000000000023],[-89.98373179999999,29.850000000000023],[-89.98373950000001,29.850000000000023],[-89.9837799,29.850000000000023],[-89.98382120000002,29.850000000000023],[-89.98386149999999,29.850000000000023],[-89.98393959999999,29.850000000000023],[-89.98405050000002,29.850000000000023],[-89.9844324,29.850000000000023],[-89.9844382,29.850000000000023],[-89.98444740000002,29.850000000000023],[-89.984894,29.850000000000023],[-89.99769029999999,29.850000000000023]]]}},{"type":"Feature","properties":{},"geometry":{"type":"Polygon","coordinates":[[[-89.92050219999999,29.850000000000023],[-89.92500000000001,29.850000000000023],[-89.92500000000001,29.8625624],[-89.92500000000001,29.863024499999995],[-89.92500000000001,29.86306380000002],[-89.92500000000001,29.863126599999987],[-89.92500000000001,29.863188200000025],[-89.92500000000001,29.863277100000005],[-89.92500000000001,29.86330609999999],[-89.92500000000001,29.863335199999995],[-89.92500000000001,29.8633643],[-89.92500000000001,29.863393299999984],[-89.92500000000001,29.86342239999999],[-89.92500000000001,29.863451399999974],[-89.92500000000001,29.863472899999977],[-89.92500000000001,29.86348049999998],[-89.92500000000001,29.86349919999998],[-89.92500000000001,29.863519699999983],[-89.92500000000001,29.863535000000013],[-89.92500000000001,29.863593100000003],[-89.92500000000001,29.86366620000001],[-89.92500000000001,29.863759700000003],[-89.92500000000001,29.86392649999999],[-89.92500000000001,29.864164399999993],[-89.92500000000001,29.864222400000017],[-89.92500000000001,29.86424740000001],[-89.92500000000001,29.86428330000001],[-89.92500000000001,29.864326699999992],[-89.92500000000001,29.864757800000007],[-89.92500000000001,29.864777100000026],[-89.92500000000001,29.86486960000002],[-89.92500000000001,29.865020000000015],[-89.92500000000001,29.865843799999993],[-89.92500000000001,29.866206599999998],[-89.92500000000001,29.866565900000012],[-89.92500000000001,29.866624899999977],[-89.92500000000001,29.867323199999987],[-89.92500000000001,29.8674082],[-89.92500000000001,29.86748990000001],[-89.92500000000001,29.867898700000012],[-89.92500000000001,29.868021399999975],[-89.92500000000001,29.868040199999996],[-89.92500000000001,29.868043100000023],[-89.92500000000001,29.86821809999998],[-89.92500000000001,29.868247399999973],[-89.92500000000001,29.8682766],[-89.92500000000001,29.868305899999996],[-89.92500000000001,29.86833519999999],[-89.92500000000001,29.86836440000002],[-89.92500000000001,29.868393700000013],[-89.92500000000001,29.868423000000007],[-89.92500000000001,29.868468300000018],[-89.92500000000001,29.868939399999988],[-89.92500000000001,29.86912890000002],[-89.92500000000001,29.872431000000006],[-89.92500000000001,29.876683200000002],[-89.92500000000001,29.91510249999999],[-89.92500000000001,29.916041500000006],[-89.92500000000001,29.91613369999999],[-89.92500000000001,29.916383199999984],[-89.92500000000001,29.916518199999985],[-89.92500000000001,29.916599200000007],[-89.92500000000001,29.916725799999995],[-89.92500000000001,29.916848500000015],[-89.92500000000001,29.916932099999997],[-89.92500000000001,29.916963899999985],[-89.92500000000001,29.916995299999996],[-89.92500000000001,29.917026099999987],[-89.92500000000001,29.917087600000002],[-89.92500000000001,29.91725630000002],[-89.92500000000001,29.91742720000002],[-89.92500000000001,29.917551300000014],[-89.92500000000001,29.91768860000002],[-89.92500000000001,29.917704000000015],[-89.92500000000001,29.919733800000017],[-89.92500000000001,29.919894399999976],[-89.92500000000001,29.920692900000006],[-89.92500000000001,29.9219789],[-89.92500000000001,29.9222393],[-89.92500000000001,29.922416399999975],[-89.92500000000001,29.922498399999995],[-89.92500000000001,29.922500000000014],[-89.92500000000001,29.922603100000003],[-89.92500000000001,29.922692299999994],[-89.92500000000001,29.922747300000026],[-89.92500000000001,29.922929899999986],[-89.92500000000001,29.922962600000005],[-89.92500000000001,29.92299559999998],[-89.92500000000001,29.923023999999998],[-89.92500000000001,29.923056099999997],[-89.92500000000001,29.92309210000002],[-89.92500000000001,29.923146299999985],[-89.92500000000001,29.923367299999995],[-89.92500000000001,29.923816499999987],[-89.92500000000001,29.924205400000005],[-89.92500000000001,29.924913600000025],[-89.92500000000001,29.92500000000001],[-89.89462950000001,29.92500000000001],[-89.8936233,29.92500000000001],[-89.87422659999999,29.92500000000001],[-89.8543254,29.92500000000001],[-89.8538709,29.92500000000001],[-89.85091879999999,29.92500000000001],[-89.85000000000002,29.92500000000001],[-89.85000000000002,29.924600999999996],[-89.85000000000002,29.923233600000003],[-89.85000000000002,29.921329800000024],[-89.85000000000002,29.921203300000002],[-89.85000000000002,29.921148700000003],[-89.85000000000002,29.921079899999995],[-89.85000000000002,29.91821490000001],[-89.85000000000002,29.917045799999983],[-89.85000000000002,29.916069400000026],[-89.85000000000002,29.913744599999973],[-89.85000000000002,29.912253899999996],[-89.85000000000002,29.909638400000006],[-89.85000000000002,29.908669099999997],[-89.85000000000002,29.907764999999984],[-89.85000000000002,29.907612099999994],[-89.85000000000002,29.882181300000013],[-89.85000000000002,29.861868000000015],[-89.85000000000002,29.85403839999998],[-89.85000000000002,29.853469099999984],[-89.85000000000002,29.850000000000023],[-89.87018119999999,29.850000000000023],[-89.87596029999997,29.850000000000023],[-89.87660010000002,29.850000000000023],[-89.8776545,29.850000000000023],[-89.89366639999997,29.850000000000023],[-89.89944459999998,29.850000000000023],[-89.900217,29.850000000000023],[-89.90162780000003,29.850000000000023],[-89.9020395,29.850000000000023],[-89.90265449999998,29.850000000000023],[-89.902762,29.850000000000023],[-89.90325289999998,29.850000000000023],[-89.90621199999998,29.850000000000023],[-89.90755239999999,29.850000000000023],[-89.92050219999999,29.850000000000023]]]}},{"type":"Feature","properties":{},"geometry":{"type":"Polygon","coordinates":[[[-90.23612400000002,29.92500000000001],[-90.30000000000001,29.92500000000001],[-90.30000000000001,29.94936630000001],[-90.30000000000001,29.950234000000023],[-90.30000000000001,29.950619500000016],[-90.30000000000001,29.950688300000024],[-90.30000000000001,29.95075209999999],[-90.30000000000001,29.95081399999998],[-90.30000000000001,29.95092310000001],[-90.30000000000001,29.95104140000001],[-90.30000000000001,29.951405899999997],[-90.30000000000001,29.9519861],[-90.30000000000001,29.952001900000027],[-90.30000000000001,29.952147200000013],[-90.30000000000001,29.952506400000004],[-90.30000000000001,29.952519699999982],[-90.30000000000001,29.953043200000025],[-90.30000000000001,29.953515900000014],[-90.30000000000001,29.953582299999994],[-90.30000000000001,29.953638099999978],[-90.30000000000001,29.953818599999977],[-90.30000000000001,29.954078100000004],[-90.30000000000001,29.95509709999999],[-90.30000000000001,29.955130600000018],[-90.30000000000001,29.956288200000017],[-90.30000000000001,29.956410199999993],[-90.30000000000001,29.95672159999998],[-90.30000000000001,29.958278800000016],[-90.30000000000001,29.958837000000017],[-90.30000000000001,29.959412600000007],[-90.30000000000001,29.9597215],[-90.30000000000001,29.959789899999976],[-90.30000000000001,29.95979440000002],[-90.30000000000001,29.959797400000014],[-90.30000000000001,29.960006899999996],[-90.30000000000001,29.960108100000014],[-90.30000000000001,29.96020229999999],[-90.30000000000001,29.960250299999984],[-90.30000000000001,29.960288100000014],[-90.30000000000001,29.9603252],[-90.30000000000001,29.96045479999998],[-90.30000000000001,29.960527800000023],[-90.30000000000001,29.96058929999998],[-90.30000000000001,29.960628600000007],[-90.30000000000001,29.960854499999982],[-90.30000000000001,29.961249599999974],[-90.30000000000001,29.961517300000025],[-90.30000000000001,29.962376399999982],[-90.30000000000001,30.0],[-90.28003899999999,30.0],[-90.27966730000003,30.0],[-90.27932329999999,30.0],[-90.24529660000002,30.0],[-90.24497680000002,30.0],[-90.22500000000002,30.0],[-90.22500000000002,29.959928100000013],[-90.22500000000002,29.95875189999998],[-90.22500000000002,29.957405900000026],[-90.22500000000002,29.95730309999999],[-90.22500000000002,29.956985599999996],[-90.22500000000002,29.956894999999975],[-90.22500000000002,29.956829200000016],[-90.22500000000002,29.95672780000001],[-90.22500000000002,29.95672730000001],[-90.22500000000002,29.95668519999998],[-90.22500000000002,29.956636000000003],[-90.22500000000002,29.95655119999998],[-90.22500000000002,29.95650949999998],[-90.22500000000002,29.956505900000025],[-90.22500000000002,29.956464299999993],[-90.22500000000002,29.95640209999999],[-90.22500000000002,29.956312200000013],[-90.22500000000002,29.955993999999976],[-90.22500000000002,29.95520640000001],[-90.22500000000002,29.955009599999983],[-90.22500000000002,29.95498520000001],[-90.22500000000002,29.954317000000003],[-90.22500000000002,29.954210499999988],[-90.22500000000002,29.95356240000001],[-90.22500000000002,29.953302899999983],[-90.22500000000002,29.950376300000016],[-90.22500000000002,29.949920399999996],[-90.22500000000002,29.949767099999974],[-90.22500000000002,29.948200100000008],[-90.22500000000002,29.948074200000008],[-90.22500000000002,29.947554700000012],[-90.22500000000002,29.94709519999998],[-90.22500000000002,29.946863399999984],[-90.22500000000002,29.946606700000018],[-90.22500000000002,29.946132799999987],[-90.22500000000002,29.94607860000002],[-90.22500000000002,29.945917699999995],[-90.22500000000002,29.945796400000006],[-90.22500000000002,29.945657400000016],[-90.22500000000002,29.945551599999988],[-90.22500000000002,29.945427800000004],[-90.22500000000002,29.94514479999998],[-90.22500000000002,29.94509149999999],[-90.22500000000002,29.94468599999999],[-90.22500000000002,29.944396499999982],[-90.22500000000002,29.941034300000013],[-90.22500000000002,29.934635800000024],[-90.22500000000002,29.92500000000001],[-90.23612400000002,29.92500000000001]]]}},{"type":"Feature","properties":{},"geometry":{"type":"Polygon","coordinates":[[[-90.21822400000002,29.92500000000001],[-90.22500000000002,29.92500000000001],[-90.22500000000002,29.934635800000024],[-90.22500000000002,29.941034300000013],[-90.22500000000002,29.944396499999982],[-90.22500000000002,29.94468599999999],[-90.22500000000002,29.94509149999999],[-90.22500000000002,29.94514479999998],[-90.22500000000002,29.945427800000004],[-90.22500000000002,29.945551599999988],[-90.22500000000002,29.945657400000016],[-90.22500000000002,29.945796400000006],[-90.22500000000002,29.945917699999995],[-90.22500000000002,29.94607860000002],[-90.22500000000002,29.946132799999987],[-90.22500000000002,29.946606700000018],[-90.22500000000002,29.946863399999984],[-90.22500000000002,29.94709519999998],[-90.22500000000002,29.947554700000012],[-90.22500000000002,29.948074200000008],[-90.22500000000002,29.948200100000008],[-90.22500000000002,29.949767099999974],[-90.22500000000002,29.949920399999996],[-90.22500000000002,29.950376300000016],[-90.22500000000002,29.953302899999983],[-90.22500000000002,29.95356240000001],[-90.22500000000002,29.954210499999988],[-90.22500000000002,29.954317000000003],[-90.22500000000002,29.95498520000001],[-90.22500000000002,29.955009599999983],[-90.22500000000002,29.95520640000001],[-90.22500000000002,29.955993999999976],[-90.22500000000002,29.956312200000013],[-90.22500000000002,29.95640209999999],[-90.22500000000002,29.956464299999993],[-90.22500000000002,29.956505900000025],[-90.22500000000002,29.95650949999998],[-90.22500000000002,29.95655119999998],[-90.22500000000002,29.956636000000003],[-90.22500000000002,29.95668519999998],[-90.22500000000002,29.95672730000001],[-90.22500000000002,29.95672780000001],[-90.22500000000002,29.956829200000016],[-90.22500000000002,29.956894999999975],[-90.22500000000002,29.956985599999996],[-90.22500000000002,29.95730309999999],[-90.22500000000002,29.957405900000026],[-90.22500000000002,29.95875189999998],[-90.22500000000002,29.959928100000013],[-90.22500000000002,30.0],[-90.20928149999997,30.0],[-90.15285,30.0],[-90.14999999999998,30.0],[-90.14999999999998,29.960345000000018],[-90.14999999999998,29.959298999999987],[-90.14999999999998,29.959272199999987],[-90.14999999999998,29.959120900000016],[-90.14999999999998,29.959086800000023],[-90.14999999999998,29.959049900000025],[-90.14999999999998,29.95904330000002],[-90.14999999999998,29.95901249999997],[-90.14999999999998,29.9589828],[-90.14999999999998,29.958952399999987],[-90.14999999999998,29.958926700000006],[-90.14999999999998,29.958923000000027],[-90.14999999999998,29.958893699999976],[-90.14999999999998,29.958864500000004],[-90.14999999999998,29.958827799999995],[-90.14999999999998,29.95882340000003],[-90.14999999999998,29.958778900000027],[-90.14999999999998,29.958751500000005],[-90.14999999999998,29.958748200000002],[-90.14999999999998,29.958735699999977],[-90.14999999999998,29.958625400000017],[-90.14999999999998,29.958556799999997],[-90.14999999999998,29.95851379999999],[-90.14999999999998,29.958502399999986],[-90.14999999999998,29.958360099999993],[-90.14999999999998,29.958296399999995],[-90.14999999999998,29.957966499999998],[-90.14999999999998,29.957886499999972],[-90.14999999999998,29.95746029999998],[-90.14999999999998,29.95690350000001],[-90.14999999999998,29.956640900000025],[-90.14999999999998,29.956489999999974],[-90.14999999999998,29.954965000000016],[-90.14999999999998,29.95466829999998],[-90.14999999999998,29.95406889999998],[-90.14999999999998,29.953937300000007],[-90.14999999999998,29.953806499999985],[-90.14999999999998,29.953725700000007],[-90.14999999999998,29.95371990000001],[-90.14999999999998,29.953609700000015],[-90.14999999999998,29.953579999999988],[-90.14999999999998,29.9534989],[-90.14999999999998,29.953498799999977],[-90.14999999999998,29.953487300000006],[-90.14999999999998,29.953440399999977],[-90.14999999999998,29.953412800000024],[-90.14999999999998,29.953364599999986],[-90.14999999999998,29.953353100000015],[-90.14999999999998,29.953345800000022],[-90.14999999999998,29.953334499999983],[-90.14999999999998,29.953313100000003],[-90.14999999999998,29.953284300000007],[-90.14999999999998,29.953283499999998],[-90.14999999999998,29.95325220000001],[-90.14999999999998,29.953236500000003],[-90.14999999999998,29.953219699999977],[-90.14999999999998,29.953183500000023],[-90.14999999999998,29.953115000000025],[-90.14999999999998,29.95305669999999],[-90.14999999999998,29.95301699999999],[-90.14999999999998,29.95292920000003],[-90.14999999999998,29.95197569999999],[-90.14999999999998,29.951923000000022],[-90.14999999999998,29.94804290000002],[-90.14999999999998,29.92500000000001],[-90.1819524,29.92500000000001],[-90.18277610000001,29.92500000000001],[-90.18511960000001,29.92500000000001],[-90.1890745,29.92500000000001],[-90.18928679999999,29.92500000000001],[-90.18934780000001,29.92500000000001],[-90.18937060000002,29.92500000000001],[-90.1894519,29.92500000000001],[-90.18951579999998,29.92500000000001],[-90.1895543,29.92500000000001],[-90.18985750000002,29.92500000000001],[-90.19002519999998,29.92500000000001],[-90.19009870000002,29.92500000000001],[-90.1907521,29.92500000000001],[-90.19147400000003,29.92500000000001],[-90.19185570000002,29.92500000000001],[-90.19227219999999,29.92500000000001],[-90.19333,29.92500000000001],[-90.19370090000001,29.92500000000001],[-90.1941531,29.92500000000001],[-90.1994712,29.92500000000001],[-90.2002564,29.92500000000001],[-90.20049319999998,29.92500000000001],[-90.20143089999999,29.92500000000001],[-90.20170480000002,29.92500000000001],[-90.2023704,29.92500000000001],[-90.20256590000002,29.92500000000001],[-90.20269990000003,29.92500000000001],[-90.20271050000002,29.92500000000001],[-90.202812,29.92500000000001],[-90.20294139999999,29.92500000000001],[-90.20346210000002,29.92500000000001],[-90.20369920000002,29.92500000000001],[-90.20428329999999,29.92500000000001],[-90.20445699999999,29.92500000000001],[-90.20502090000002,29.92500000000001],[-90.2050777,29.92500000000001],[-90.20574169999998,29.92500000000001],[-90.20580869999998,29.92500000000001],[-90.20585790000001,29.92500000000001],[-90.20622709999998,29.92500000000001],[-90.20641510000002,29.92500000000001],[-90.20646149999999,29.92500000000001],[-90.2068443,29.92500000000001],[-90.20689370000002,29.92500000000001],[-90.20697799999999,29.92500000000001],[-90.20712600000002,29.92500000000001],[-90.2072379,29.92500000000001],[-90.2076758,29.92500000000001],[-90.20836170000001,29.92500000000001],[-90.20850089999999,29.92500000000001],[-90.20861589999998,29.92500000000001],[-90.20866619999998,29.92500000000001],[-90.20890659999998,29.92500000000001],[-90.20926539999999,29.92500000000001],[-90.2092687,29.92500000000001],[-90.20957429999999,29.92500000000001],[-90.20975820000001,29.92500000000001],[-90.21040679999999,29.92500000000001],[-90.21168080000001,29.92500000000001],[-90.21228389999999,29.92500000000001],[-90.21500350000002,29.92500000000001],[-90.21533119999998,29.92500000000001],[-90.21542199999999,29.92500000000001],[-90.2156721,29.92500000000001],[-90.2158364,29.92500000000001],[-90.2161792,29.92500000000001],[-90.21625189999997,29.92500000000001],[-90.21629569999999,29.92500000000001],[-90.21633780000002,29.92500000000001],[-90.21644429999998,29.92500000000001],[-90.21648900000002,29.92500000000001],[-90.21652999999998,29.92500000000001],[-90.21657099999999,29.92500000000001],[-90.21661189999998,29.92500000000001],[-90.21665430000002,29.92500000000001],[-90.2166828,29.92500000000001],[-90.2166967,29.92500000000001],[-90.2167662,29.92500000000001],[-90.21692460000003,29.92500000000001],[-90.21707500000002,29.92500000000001],[-90.21737519999999,29.92500000000001],[-90.21761070000002,29.92500000000001],[-90.21822400000002,29.92500000000001]]]}},{"type":"Feature","properties":{},"geometry":{"type":"Polygon","coordinates":[[[-90.1445266,29.92500000000001],[-90.14999999999998,29.92500000000001],[-90.14999999999998,29.94082830000002],[-90.14999999999998,29.941906800000027],[-90.14999999999998,29.951923000000022],[-90.14999999999998,29.95197569999999],[-90.14999999999998,29.9529996],[-90.14999999999998,29.95301699999999],[-90.14999999999998,29.95305669999999],[-90.14999999999998,29.953115000000025],[-90.14999999999998,29.953183500000023],[-90.14999999999998,29.953219699999977],[-90.14999999999998,29.953236500000003],[-90.14999999999998,29.953283499999998],[-90.14999999999998,29.953312799999992],[-90.14999999999998,29.953334499999983],[-90.14999999999998,29.953353100000015],[-90.14999999999998,29.953364599999986],[-90.14999999999998,29.953412800000024],[-90.14999999999998,29.953440399999977],[-90.14999999999998,29.953487300000006],[-90.14999999999998,29.9534989],[-90.14999999999998,29.953579999999988],[-90.14999999999998,29.95371990000001],[-90.14999999999998,29.953806499999985],[-90.14999999999998,29.953937300000007],[-90.14999999999998,29.95406889999998],[-90.14999999999998,29.95466829999998],[-90.14999999999998,29.954965000000016],[-90.14999999999998,29.956489999999974],[-90.14999999999998,29.956640900000025],[-90.14999999999998,29.95690350000001],[-90.14999999999998,29.95746029999998],[-90.14999999999998,29.957886499999972],[-90.14999999999998,29.957966499999998],[-90.14999999999998,29.958296399999995],[-90.14999999999998,29.958360099999993],[-90.14999999999998,29.958502399999986],[-90.14999999999998,29.95851379999999],[-90.14999999999998,29.958556799999997],[-90.14999999999998,29.958625400000017],[-90.14999999999998,29.958748200000002],[-90.14999999999998,29.958778900000027],[-90.14999999999998,29.95882340000003],[-90.14999999999998,29.95887670000002],[-90.14999999999998,29.958907099999976],[-90.14999999999998,29.958926700000006],[-90.14999999999998,29.95893589999997],[-90.14999999999998,29.95896449999998],[-90.14999999999998,29.95899589999999],[-90.14999999999998,29.959027300000002],[-90.14999999999998,29.95904330000002],[-90.14999999999998,29.959058700000014],[-90.14999999999998,29.959090100000026],[-90.14999999999998,29.95912579999998],[-90.14999999999998,29.95917730000002],[-90.14999999999998,29.95920050000001],[-90.14999999999998,29.959272199999987],[-90.14999999999998,29.960033599999974],[-90.14999999999998,29.960327600000028],[-90.14999999999998,29.98180209999998],[-90.14999999999998,30.0],[-90.08021200000002,30.0],[-90.07499999999999,30.0],[-90.07499999999999,29.988608],[-90.07499999999999,29.962336600000015],[-90.07499999999999,29.956833700000004],[-90.07499999999999,29.92500000000001],[-90.13528680000002,29.92500000000001],[-90.13545299999998,29.92500000000001],[-90.13549499999999,29.92500000000001],[-90.13554920000001,29.92500000000001],[-90.13564830000001,29.92500000000001],[-90.1357281,29.92500000000001],[-90.13576019999999,29.92500000000001],[-90.13579750000002,29.92500000000001],[-90.13582980000001,29.92500000000001],[-90.1358621,29.92500000000001],[-90.13598409999997,29.92500000000001],[-90.1361387,29.92500000000001],[-90.1362148,29.92500000000001],[-90.13637349999999,29.92500000000001],[-90.13642650000003,29.92500000000001],[-90.1364347,29.92500000000001],[-90.13651220000003,29.92500000000001],[-90.1388758,29.92500000000001],[-90.139636,29.92500000000001],[-90.1399566,29.92500000000001],[-90.14177110000003,29.92500000000001],[-90.14201159999999,29.92500000000001],[-90.14218290000002,29.92500000000001],[-90.14219750000001,29.92500000000001],[-90.14226380000002,29.92500000000001],[-90.14234670000002,29.92500000000001],[-90.14237880000002,29.92500000000001],[-90.14241090000002,29.92500000000001],[-90.14246020000002,29.92500000000001],[-90.1428166,29.92500000000001],[-90.14287109999998,29.92500000000001],[-90.14310899999998,29.92500000000001],[-90.14344999999997,29.92500000000001],[-90.14449660000002,29.92500000000001],[-90.1445266,29.92500000000001]]]}},{"type":"Feature","properties":{},"geometry":{"type":"Polygon","coordinates":[[[-90.06757440000001,29.92500000000001],[-90.07499999999999,29.92500000000001],[-90.07499999999999,29.956833700000004],[-90.07499999999999,29.962336600000015],[-90.07499999999999,29.988608],[-90.07499999999999,30.0],[-90.06688380000003,30.0],[-90.04147139999998,30.0],[-90.02733699999999,30.0],[-90.02703409999998,30.0],[-90.02510869999998,30.0],[-90.02475930000003,30.0],[-90.02462989999998,30.0],[-90.02409060000002,30.0],[-90.02384690000002,30.0],[-90.02345459999998,30.0],[-90.02345250000002,30.0],[-90.0148704,30.0],[-90.0,30.0],[-90.0,29.999752899999976],[-90.0,29.9992297],[-90.0,29.99910349999999],[-90.0,29.99859650000002],[-90.0,29.998593900000003],[-90.0,29.998340299999995],[-90.0,29.998248100000012],[-90.0,29.997902899999985],[-90.0,29.99765070000001],[-90.0,29.997557099999995],[-90.0,29.997211900000025],[-90.0,29.9972085],[-90.0,29.996976000000018],[-90.0,29.996825100000024],[-90.0,29.996781399999975],[-90.0,29.99672179999999],[-90.0,29.99661420000001],[-90.0,29.99661329999998],[-90.0,29.9961361],[-90.0,29.9922909],[-90.0,29.986155600000018],[-90.0,29.985725300000013],[-90.0,29.961784000000023],[-90.0,29.946556199999975],[-90.0,29.946099300000014],[-90.0,29.946027200000003],[-90.0,29.94553880000001],[-90.0,29.945278299999984],[-90.0,29.945020100000022],[-90.0,29.943113400000016],[-90.0,29.94294050000002],[-90.0,29.942863499999987],[-90.0,29.942813],[-90.0,29.942789000000005],[-90.0,29.94274869999998],[-90.0,29.942712400000005],[-90.0,29.942676199999994],[-90.0,29.942639900000017],[-90.0,29.942603599999984],[-90.0,29.942576099999997],[-90.0,29.942540199999996],[-90.0,29.94222309999998],[-90.0,29.942181699999992],[-90.0,29.941884800000025],[-90.0,29.941766099999995],[-90.0,29.941732300000012],[-90.0,29.941680200000008],[-90.0,29.941551100000027],[-90.0,29.938829399999975],[-90.0,29.938497900000016],[-90.0,29.938494600000013],[-90.0,29.937434800000005],[-90.0,29.936245299999996],[-90.0,29.935903699999983],[-90.0,29.935593200000028],[-90.0,29.93542880000001],[-90.0,29.935271899999975],[-90.0,29.93521720000001],[-90.0,29.935025399999972],[-90.0,29.934984900000018],[-90.0,29.934956899999975],[-90.0,29.93492900000001],[-90.0,29.934901000000025],[-90.0,29.934872900000016],[-90.0,29.934844899999973],[-90.0,29.934751300000016],[-90.0,29.934705099999974],[-90.0,29.934656000000018],[-90.0,29.934052899999983],[-90.0,29.92500000000001],[-90.059686,29.92500000000001],[-90.0597512,29.92500000000001],[-90.0597912,29.92500000000001],[-90.05986530000001,29.92500000000001],[-90.06003379999999,29.92500000000001],[-90.06007979999998,29.92500000000001],[-90.06012550000003,29.92500000000001],[-90.06016499999998,29.92500000000001],[-90.06020330000001,29.92500000000001],[-90.06024150000002,29.92500000000001],[-90.06027970000002,29.92500000000001],[-90.06031789999997,29.92500000000001],[-90.06036289999997,29.92500000000001],[-90.0605248,29.92500000000001],[-90.0607541,29.92500000000001],[-90.06100020000002,29.92500000000001],[-90.06101109999997,29.92500000000001],[-90.061104,29.92500000000001],[-90.0611725,29.92500000000001],[-90.06175159999998,29.92500000000001],[-90.06207519999998,29.92500000000001],[-90.06270649999999,29.92500000000001],[-90.06286619999997,29.92500000000001],[-90.06299109999998,29.92500000000001],[-90.06322340000003,29.92500000000001],[-90.06552699999997,29.92500000000001],[-90.06562120000001,29.92500000000001],[-90.06567369999999,29.92500000000001],[-90.06576710000002,29.92500000000001],[-90.06631229999999,29.92500000000001],[-90.0666081,29.92500000000001],[-90.06686489999998,29.92500000000001],[-90.06698979999999,29.92500000000001],[-90.06702610000002,29.92500000000001],[-90.06710349999997,29.92500000000001],[-90.06717329999998,29.92500000000001],[-90.0672169,29.92500000000001],[-90.06726429999998,29.92500000000001],[-90.0674055,29.92500000000001],[-90.06757440000001,29.92500000000001]]]}},{"type":"Feature","properties":{},"geometry":{"type":"Polygon","coordinates":[[[-89.9917395,29.92500000000001],[-90.0,29.92500000000001],[-90.0,29.934052899999983],[-90.0,29.934656000000018],[-90.0,29.934705099999974],[-90.0,29.934751300000016],[-90.0,29.934844899999973],[-90.0,29.934872900000016],[-90.0,29.934901000000025],[-90.0,29.93492900000001],[-90.0,29.934956899999975],[-90.0,29.934984900000018],[-90.0,29.935025399999972],[-90.0,29.93521720000001],[-90.0,29.935271899999975],[-90.0,29.93542880000001],[-90.0,29.935593200000028],[-90.0,29.935903699999983],[-90.0,29.936245299999996],[-90.0,29.937434800000005],[-90.0,29.938494600000013],[-90.0,29.938497900000016],[-90.0,29.938829399999975],[-90.0,29.941551100000027],[-90.0,29.941680200000008],[-90.0,29.941732300000012],[-90.0,29.941766099999995],[-90.0,29.941884800000025],[-90.0,29.942181699999992],[-90.0,29.94222309999998],[-90.0,29.942540199999996],[-90.0,29.942576099999997],[-90.0,29.942603599999984],[-90.0,29.942639900000017],[-90.0,29.942676199999994],[-90.0,29.942712400000005],[-90.0,29.94274869999998],[-90.0,29.942789000000005],[-90.0,29.942813],[-90.0,29.942863499999987],[-90.0,29.94294050000002],[-90.0,29.943113400000016],[-90.0,29.945020100000022],[-90.0,29.945278299999984],[-90.0,29.94553880000001],[-90.0,29.946027200000003],[-90.0,29.946099300000014],[-90.0,29.946556199999975],[-90.0,29.961784000000023],[-90.0,29.985725300000013],[-90.0,29.986155600000018],[-90.0,29.9922909],[-90.0,29.9961361],[-90.0,29.99661329999998],[-90.0,29.99661420000001],[-90.0,29.99672179999999],[-90.0,29.996781399999975],[-90.0,29.996825100000024],[-90.0,29.996976000000018],[-90.0,29.9972085],[-90.0,29.997211900000025],[-90.0,29.997557099999995],[-90.0,29.99765070000001],[-90.0,29.997902899999985],[-90.0,29.998248100000012],[-90.0,29.998340299999995],[-90.0,29.998593900000003],[-90.0,29.99859650000002],[-90.0,29.99910349999999],[-90.0,29.9992297],[-90.0,29.999752899999976],[-90.0,30.0],[-89.9943245,30.0],[-89.993766,30.0],[-89.9937119,30.0],[-89.99290880000001,30.0],[-89.99247450000001,30.0],[-89.98911040000002,30.0],[-89.98898659999998,30.0],[-89.98876139999999,30.0],[-89.98872139999997,30.0],[-89.9886191,30.0],[-89.9877937,30.0],[-89.9846483,30.0],[-89.98404310000001,30.0],[-89.98371120000002,30.0],[-89.983406,30.0],[-89.98011489999999,30.0],[-89.97983670000002,30.0],[-89.9789414,30.0],[-89.9767852,30.0],[-89.97619159999999,30.0],[-89.97226260000002,30.0],[-89.97214450000001,30.0],[-89.96833479999998,30.0],[-89.96787929999999,30.0],[-89.9632924,30.0],[-89.95435020000002,30.0],[-89.95430479999999,30.0],[-89.94610189999997,30.0],[-89.94045740000001,30.0],[-89.92500000000001,30.0],[-89.92500000000001,29.9926375],[-89.92500000000001,29.9916288],[-89.92500000000001,29.989205400000003],[-89.92500000000001,29.988145900000006],[-89.92500000000001,29.986970999999983],[-89.92500000000001,29.985569199999986],[-89.92500000000001,29.984139900000002],[-89.92500000000001,29.98362209999999],[-89.92500000000001,29.983359000000007],[-89.92500000000001,29.983129399999996],[-89.92500000000001,29.982404799999983],[-89.92500000000001,29.981866500000024],[-89.92500000000001,29.981364499999984],[-89.92500000000001,29.979325300000028],[-89.92500000000001,29.979045600000006],[-89.92500000000001,29.978834800000016],[-89.92500000000001,29.978328799999986],[-89.92500000000001,29.977281600000026],[-89.92500000000001,29.975717299999985],[-89.92500000000001,29.975373900000022],[-89.92500000000001,29.974797299999977],[-89.92500000000001,29.974532699999997],[-89.92500000000001,29.972917999999993],[-89.92500000000001,29.972712399999978],[-89.92500000000001,29.963848400000018],[-89.92500000000001,29.962566600000002],[-89.92500000000001,29.960647300000005],[-89.92500000000001,29.960093099999995],[-89.92500000000001,29.958377100000007],[-89.92500000000001,29.957774599999993],[-89.92500000000001,29.956243200000017],[-89.92500000000001,29.95507250000003],[-89.92500000000001,29.954713200000015],[-89.92500000000001,29.954253499999993],[-89.92500000000001,29.950705099999993],[-89.92500000000001,29.94831499999998],[-89.92500000000001,29.948255399999994],[-89.92500000000001,29.947676600000023],[-89.92500000000001,29.937667599999997],[-89.92500000000001,29.92500000000001],[-89.92509819999998,29.92500000000001],[-89.92621589999999,29.92500000000001],[-89.93427509999998,29.92500000000001],[-89.93456850000001,29.92500000000001],[-89.93655469999999,29.92500000000001],[-89.9372621,29.92500000000001],[-89.93762859999998,29.92500000000001],[-89.93793599999998,29.92500000000001],[-89.93987470000002,29.92500000000001],[-89.94000779999999,29.92500000000001],[-89.94056369999998,29.92500000000001],[-89.94129329999998,29.92500000000001],[-89.9416673,29.92500000000001],[-89.94258129999997,29.92500000000001],[-89.94272460000002,29.92500000000001],[-89.94371690000003,29.92500000000001],[-89.94392950000002,29.92500000000001],[-89.9440348,29.92500000000001],[-89.94439349999999,29.92500000000001],[-89.94902009999998,29.92500000000001],[-89.94905799999998,29.92500000000001],[-89.94909339999998,29.92500000000001],[-89.94914,29.92500000000001],[-89.94921210000001,29.92500000000001],[-89.949386,29.92500000000001],[-89.95044109999998,29.92500000000001],[-89.95172070000001,29.92500000000001],[-89.95173319999998,29.92500000000001],[-89.95173519999997,29.92500000000001],[-89.9519214,29.92500000000001],[-89.95320529999998,29.92500000000001],[-89.95557400000001,29.92500000000001],[-89.95647409999998,29.92500000000001],[-89.95733739999997,29.92500000000001],[-89.95800609999998,29.92500000000001],[-89.9581751,29.92500000000001],[-89.9583743,29.92500000000001],[-89.95861509999997,29.92500000000001],[-89.95879760000003,29.92500000000001],[-89.95896640000001,29.92500000000001],[-89.95909660000001,29.92500000000001],[-89.95917639999999,29.92500000000001],[-89.95970210000002,29.92500000000001],[-89.96061400000002,29.92500000000001],[-89.96453159999999,29.92500000000001],[-89.96549299999998,29.92500000000001],[-89.96626650000002,29.92500000000001],[-89.96927970000002,29.92500000000001],[-89.97111000000001,29.92500000000001],[-89.97162400000002,29.92500000000001],[-89.97208560000001,29.92500000000001],[-89.97296080000001,29.92500000000001],[-89.97317420000002,29.92500000000001],[-89.97327890000003,29.92500000000001],[-89.97743439999999,29.92500000000001],[-89.97849739999998,29.92500000000001],[-89.97867459999998,29.92500000000001],[-89.97876359999998,29.92500000000001],[-89.97907800000002,29.92500000000001],[-89.97911690000001,29.92500000000001],[-89.9795095,29.92500000000001],[-89.97993760000003,29.92500000000001],[-89.98008370000002,29.92500000000001],[-89.9804555,29.92500000000001],[-89.98051070000002,29.92500000000001],[-89.9806031,29.92500000000001],[-89.98066039999998,29.92500000000001],[-89.98071019999998,29.92500000000001],[-89.98073319999997,29.92500000000001],[-89.9807927,29.92500000000001],[-89.9808688,29.92500000000001],[-89.98096729999997,29.92500000000001],[-89.9810645,29.92500000000001],[-89.98131699999999,29.92500000000001],[-89.98150909999998,29.92500000000001],[-89.98169489999998,29.92500000000001],[-89.9821129,29.92500000000001],[-89.98219699999999,29.92500000000001],[-89.98371689999999,29.92500000000001],[-89.9917395,29.92500000000001]]]}},{"type":"Feature","properties":{},"geometry":{"type":"Polygon","coordinates":[[[-90.05666769999999,29.69999999999999],[-90.07499999999999,29.69999999999999],[-90.07499999999999,29.701501599999972],[-90.07499999999999,29.702027999999984],[-90.07499999999999,29.702836100000013],[-90.07499999999999,29.70296350000001],[-90.07499999999999,29.7030709],[-90.07499999999999,29.714573200000018],[-90.07499999999999,29.714620799999977],[-90.07499999999999,29.715547000000015],[-90.07499999999999,29.716196000000025],[-90.07499999999999,29.7162917],[-90.07499999999999,29.719431499999985],[-90.07499999999999,29.719571499999972],[-90.07499999999999,29.71976269999999],[-90.07499999999999,29.7198621],[-90.07499999999999,29.72213529999999],[-90.07499999999999,29.7222673],[-90.07499999999999,29.72246530000001],[-90.07499999999999,29.722480200000007],[-90.07499999999999,29.728989899999988],[-90.07499999999999,29.729159600000003],[-90.07499999999999,29.72924089999998],[-90.07499999999999,29.729370099999983],[-90.07499999999999,29.73175309999999],[-90.07499999999999,29.731970999999987],[-90.07499999999999,29.733004800000003],[-90.07499999999999,29.737596699999983],[-90.07499999999999,29.741382299999998],[-90.07499999999999,29.741492900000026],[-90.07499999999999,29.741628900000023],[-90.07499999999999,29.74165640000001],[-90.07499999999999,29.746850100000017],[-90.07499999999999,29.74713650000001],[-90.07499999999999,29.74767029999998],[-90.07499999999999,29.74789320000002],[-90.07499999999999,29.747967399999993],[-90.07499999999999,29.748102500000016],[-90.07499999999999,29.748307099999977],[-90.07499999999999,29.764303700000028],[-90.07499999999999,29.768056300000012],[-90.07499999999999,29.770029000000022],[-90.07499999999999,29.7709514],[-90.07499999999999,29.771312799999976],[-90.07499999999999,29.771850700000016],[-90.07499999999999,29.771985400000005],[-90.07499999999999,29.772152800000015],[-90.07499999999999,29.772499100000005],[-90.07499999999999,29.772645399999988],[-90.07499999999999,29.772871099999975],[-90.07499999999999,29.773043799999982],[-90.07499999999999,29.774999999999977],[-90.07239609999999,29.774999999999977],[-90.07224020000001,29.774999999999977],[-90.07183750000002,29.774999999999977],[-90.07148890000002,29.774999999999977],[-90.07101649999998,29.774999999999977],[-90.0707314,29.774999999999977],[-90.06964950000003,29.774999999999977],[-90.06580439999999,29.774999999999977],[-90.06506830000001,29.774999999999977],[-90.06486009999998,29.774999999999977],[-90.05492270000002,29.774999999999977],[-90.04737440000002,29.774999999999977],[-90.04007899999999,29.774999999999977],[-90.0372284,29.774999999999977],[-90.03712730000001,29.774999999999977],[-90.0286582,29.774999999999977],[-90.0266575,29.774999999999977],[-90.02658250000002,29.774999999999977],[-90.02646909999999,29.774999999999977],[-90.02646249999998,29.774999999999977],[-90.026387,29.774999999999977],[-90.02634560000001,29.774999999999977],[-90.02627180000002,29.774999999999977],[-90.02625669999998,29.774999999999977],[-90.02620050000002,29.774999999999977],[-90.02615960000003,29.774999999999977],[-90.02615209999999,29.774999999999977],[-90.0261233,29.774999999999977],[-90.02610390000001,29.774999999999977],[-90.02608140000001,29.774999999999977],[-90.0260571,29.774999999999977],[-90.02603470000003,29.774999999999977],[-90.0260121,29.774999999999977],[-90.02599570000001,29.774999999999977],[-90.02597750000001,29.774999999999977],[-90.0259527,29.774999999999977],[-90.02594390000002,29.774999999999977],[-90.02591799999999,29.774999999999977],[-90.02591039999999,29.774999999999977],[-90.0258695,29.774999999999977],[-90.0258685,29.774999999999977],[-90.02583520000002,29.774999999999977],[-90.02569929999999,29.774999999999977],[-90.0256885,29.774999999999977],[-90.02568689999998,29.774999999999977],[-90.02551039999997,29.774999999999977],[-90.02542720000002,29.774999999999977],[-90.02542690000001,29.774999999999977],[-90.02542570000003,29.774999999999977],[-90.0253495,29.774999999999977],[-90.02378800000002,29.774999999999977],[-90.01883750000002,29.774999999999977],[-90.01883609999999,29.774999999999977],[-90.01882310000002,29.774999999999977],[-90.01881980000002,29.774999999999977],[-90.01876379999999,29.774999999999977],[-90.01862119999998,29.774999999999977],[-90.01841189999999,29.774999999999977],[-90.01830139999998,29.774999999999977],[-90.01826720000003,29.774999999999977],[-90.01823660000002,29.774999999999977],[-90.01820429999998,29.774999999999977],[-90.01817490000002,29.774999999999977],[-90.01813920000001,29.774999999999977],[-90.0181053,29.774999999999977],[-90.01807100000002,29.774999999999977],[-90.01800880000002,29.774999999999977],[-90.0179738,29.774999999999977],[-90.01796660000002,29.774999999999977],[-90.01784989999999,29.774999999999977],[-90.01742439999998,29.774999999999977],[-90.01732550000003,29.774999999999977],[-90.01270779999999,29.774999999999977],[-90.0,29.774999999999977],[-90.0,29.769433400000025],[-90.0,29.766474200000005],[-90.0,29.763356699999974],[-90.0,29.754442499999982],[-90.0,29.741884099999993],[-90.0,29.741706599999986],[-90.0,29.741214599999978],[-90.0,29.74121120000001],[-90.0,29.741023400000017],[-90.0,29.740933900000016],[-90.0,29.740813899999978],[-90.0,29.740797799999996],[-90.0,29.740764599999977],[-90.0,29.740703300000007],[-90.0,29.740612],[-90.0,29.740522],[-90.0,29.740459499999986],[-90.0,29.74044980000002],[-90.0,29.740392600000007],[-90.0,29.740388600000017],[-90.0,29.740376200000014],[-90.0,29.740268300000025],[-90.0,29.74025899999998],[-90.0,29.740156599999978],[-90.0,29.74003670000002],[-90.0,29.739893499999994],[-90.0,29.7394635],[-90.0,29.739291900000012],[-90.0,29.738843099999997],[-90.0,29.73862120000001],[-90.0,29.737953199999993],[-90.0,29.737822199999982],[-90.0,29.73711209999999],[-90.0,29.736548000000028],[-90.0,29.736005799999987],[-90.0,29.733044199999995],[-90.0,29.733023300000013],[-90.0,29.73274889999999],[-90.0,29.731963199999996],[-90.0,29.731794400000013],[-90.0,29.731757000000016],[-90.0,29.731616499999973],[-90.0,29.7315926],[-90.0,29.731549700000016],[-90.0,29.731504700000016],[-90.0,29.731463700000006],[-90.0,29.731422199999997],[-90.0,29.731375300000025],[-90.0,29.73132559999999],[-90.0,29.73128700000001],[-90.0,29.731256499999972],[-90.0,29.731246199999987],[-90.0,29.731019600000025],[-90.0,29.73096270000002],[-90.0,29.730914199999972],[-90.0,29.730877799999973],[-90.0,29.730849200000023],[-90.0,29.730830700000013],[-90.0,29.73021970000002],[-90.0,29.729567400000008],[-90.0,29.729387900000006],[-90.0,29.723613899999975],[-90.0,29.714895599999977],[-90.0,29.711769600000025],[-90.0,29.69999999999999],[-90.0116931,29.69999999999999],[-90.01332639999998,29.69999999999999],[-90.02585800000003,29.69999999999999],[-90.02770650000002,29.69999999999999],[-90.02786579999997,29.69999999999999],[-90.02980439999999,29.69999999999999],[-90.04007899999999,29.69999999999999],[-90.04196969999998,29.69999999999999],[-90.0471172,29.69999999999999],[-90.04768430000001,29.69999999999999],[-90.0552136,29.69999999999999],[-90.05596539999999,29.69999999999999],[-90.05666769999999,29.69999999999999]]]}},{"type":"Feature","properties":{},"geometry":{"type":"Polygon","coordinates":[[[-89.99351719999999,29.69999999999999],[-90.0,29.69999999999999],[-90.0,29.714895599999977],[-90.0,29.729567400000008],[-90.0,29.73021970000002],[-90.0,29.730830700000013],[-90.0,29.730877799999973],[-90.0,29.730914199999972],[-90.0,29.73096270000002],[-90.0,29.731019600000025],[-90.0,29.731246199999987],[-90.0,29.73128700000001],[-90.0,29.73132559999999],[-90.0,29.731375300000025],[-90.0,29.731422199999997],[-90.0,29.731463700000006],[-90.0,29.731504700000016],[-90.0,29.731549700000016],[-90.0,29.7315926],[-90.0,29.731616499999973],[-90.0,29.731757000000016],[-90.0,29.731794400000013],[-90.0,29.73274889999999],[-90.0,29.733044199999995],[-90.0,29.736005799999987],[-90.0,29.736548000000028],[-90.0,29.73711209999999],[-90.0,29.737822199999982],[-90.0,29.737953199999993],[-90.0,29.738843099999997],[-90.0,29.739291900000012],[-90.0,29.7394635],[-90.0,29.739893499999994],[-90.0,29.74003670000002],[-90.0,29.740156599999978],[-90.0,29.74025899999998],[-90.0,29.740268300000025],[-90.0,29.740376200000014],[-90.0,29.740388600000017],[-90.0,29.740392600000007],[-90.0,29.74044980000002],[-90.0,29.740459499999986],[-90.0,29.740522],[-90.0,29.740612],[-90.0,29.740695000000017],[-90.0,29.740703300000007],[-90.0,29.740763300000026],[-90.0,29.740764599999977],[-90.0,29.740810399999987],[-90.0,29.740813899999978],[-90.0,29.740934900000013],[-90.0,29.741023400000017],[-90.0,29.74121120000001],[-90.0,29.741706599999986],[-90.0,29.754442499999982],[-90.0,29.763356699999974],[-90.0,29.766474200000005],[-90.0,29.769433400000025],[-90.0,29.774999999999977],[-89.98826509999998,29.774999999999977],[-89.9878205,29.774999999999977],[-89.98221710000001,29.774999999999977],[-89.93490700000001,29.774999999999977],[-89.92500000000001,29.774999999999977],[-89.92500000000001,29.76499480000001],[-89.92500000000001,29.710570299999972],[-89.92500000000001,29.710513600000013],[-89.92500000000001,29.710333400000025],[-89.92500000000001,29.71010100000001],[-89.92500000000001,29.710070099999996],[-89.92500000000001,29.705273599999998],[-89.92500000000001,29.701104799999996],[-89.92500000000001,29.69999999999999],[-89.92616120000002,29.69999999999999],[-89.93016290000003,29.69999999999999],[-89.93165779999998,29.69999999999999],[-89.94503930000002,29.69999999999999],[-89.94884139999999,29.69999999999999],[-89.9676404,29.69999999999999],[-89.97152979999998,29.69999999999999],[-89.97282969999998,29.69999999999999],[-89.97295860000003,29.69999999999999],[-89.97303900000003,29.69999999999999],[-89.97308880000003,29.69999999999999],[-89.97309080000002,29.69999999999999],[-89.97313079999998,29.69999999999999],[-89.97313730000002,29.69999999999999],[-89.97317679999998,29.69999999999999],[-89.9731807,29.69999999999999],[-89.97322809999997,29.69999999999999],[-89.973233,29.69999999999999],[-89.97327990000002,29.69999999999999],[-89.97331880000002,29.69999999999999],[-89.97333079999999,29.69999999999999],[-89.97336569999999,29.69999999999999],[-89.97338400000001,29.69999999999999],[-89.97340809999997,29.69999999999999],[-89.9735493,29.69999999999999],[-89.97386180000001,29.69999999999999],[-89.97398340000001,29.69999999999999],[-89.97403229999998,29.69999999999999],[-89.97467940000001,29.69999999999999],[-89.9765509,29.69999999999999],[-89.97786710000003,29.69999999999999],[-89.98011439999999,29.69999999999999],[-89.98087509999999,29.69999999999999],[-89.98213019999997,29.69999999999999],[-89.98219019999999,29.69999999999999],[-89.9824481,29.69999999999999],[-89.9825227,29.69999999999999],[-89.98269069999998,29.69999999999999],[-89.982707,29.69999999999999],[-89.98282069999999,29.69999999999999],[-89.98287870000001,29.69999999999999],[-89.98292029999999,29.69999999999999],[-89.98295519999999,29.69999999999999],[-89.9830131,29.69999999999999],[-89.98309590000002,29.69999999999999],[-89.98337880000003,29.69999999999999],[-89.9840843,29.69999999999999],[-89.98420720000001,29.69999999999999],[-89.99351719999999,29.69999999999999]]]}},{"type":"Feature","properties":{},"geometry":{"type":"Polygon","coordinates":[[[-90.07239609999999,29.774999999999977],[-90.07499999999999,29.774999999999977],[-90.07499999999999,29.77791380000002],[-90.07499999999999,29.778776100000016],[-90.07499999999999,29.780266100000006],[-90.07499999999999,29.781393400000013],[-90.07499999999999,29.782708599999978],[-90.07499999999999,29.788211999999987],[-90.07499999999999,29.788361699999996],[-90.07499999999999,29.788995899999975],[-90.07499999999999,29.789296200000024],[-90.07499999999999,29.795119199999988],[-90.07499999999999,29.812952499999994],[-90.07499999999999,29.826040200000023],[-90.07499999999999,29.826618399999973],[-90.07499999999999,29.82711979999999],[-90.07499999999999,29.827396299999975],[-90.07499999999999,29.827583000000004],[-90.07499999999999,29.83561309999999],[-90.07499999999999,29.850000000000023],[-90.0704915,29.850000000000023],[-90.06390590000001,29.850000000000023],[-90.06378289999998,29.850000000000023],[-90.06354529999999,29.850000000000023],[-90.06320979999998,29.850000000000023],[-90.06318040000002,29.850000000000023],[-90.06299510000002,29.850000000000023],[-90.06291340000001,29.850000000000023],[-90.06261749999999,29.850000000000023],[-90.0624305,29.850000000000023],[-90.06230579999999,29.850000000000023],[-90.06170320000001,29.850000000000023],[-90.0615803,29.850000000000023],[-90.06029410000002,29.850000000000023],[-90.0602677,29.850000000000023],[-90.05596709999998,29.850000000000023],[-90.02564969999997,29.850000000000023],[-90.02548380000002,29.850000000000023],[-90.0254415,29.850000000000023],[-90.02531340000002,29.850000000000023],[-90.0243127,29.850000000000023],[-90.02421149999998,29.850000000000023],[-90.02411590000003,29.850000000000023],[-90.02376670000001,29.850000000000023],[-90.0236883,29.850000000000023],[-90.02357189999998,29.850000000000023],[-90.02299140000002,29.850000000000023],[-90.02287189999998,29.850000000000023],[-90.02266739999999,29.850000000000023],[-90.0224402,29.850000000000023],[-90.02216349999998,29.850000000000023],[-90.0217806,29.850000000000023],[-90.01540039999998,29.850000000000023],[-90.01499239999998,29.850000000000023],[-90.01426400000003,29.850000000000023],[-90.00592769999997,29.850000000000023],[-90.00587309999997,29.850000000000023],[-90.0058573,29.850000000000023],[-90.00532099999998,29.850000000000023],[-90.00527829999999,29.850000000000023],[-90.005248,29.850000000000023],[-90.00351920000003,29.850000000000023],[-90.00335109999997,29.850000000000023],[-90.00324719999998,29.850000000000023],[-90.00230190000002,29.850000000000023],[-90.00196199999999,29.850000000000023],[-90.0018483,29.850000000000023],[-90.0,29.850000000000023],[-90.0,29.849009799999976],[-90.0,29.848477600000024],[-90.0,29.846876399999985],[-90.0,29.846352299999978],[-90.0,29.833639000000005],[-90.0,29.832255999999973],[-90.0,29.83219630000002],[-90.0,29.83202490000002],[-90.0,29.83201650000001],[-90.0,29.832003699999973],[-90.0,29.831919099999993],[-90.0,29.83191119999998],[-90.0,29.83184269999998],[-90.0,29.831768099999977],[-90.0,29.831695500000023],[-90.0,29.831628299999977],[-90.0,29.831570199999987],[-90.0,29.831510700000024],[-90.0,29.831430099999977],[-90.0,29.831402000000026],[-90.0,29.83135520000002],[-90.0,29.830506200000002],[-90.0,29.83049649999998],[-90.0,29.830486099999973],[-90.0,29.83042039999998],[-90.0,29.830276099999992],[-90.0,29.83020879999998],[-90.0,29.829770600000018],[-90.0,29.829467099999988],[-90.0,29.829338000000007],[-90.0,29.82642199999998],[-90.0,29.826146400000027],[-90.0,29.825672499999996],[-90.0,29.825458000000026],[-90.0,29.819255399999975],[-90.0,29.81682649999999],[-90.0,29.814032399999974],[-90.0,29.814031100000022],[-90.0,29.813894100000027],[-90.0,29.812875700000006],[-90.0,29.81253909999998],[-90.0,29.812266899999997],[-90.0,29.811758199999986],[-90.0,29.811448100000007],[-90.0,29.81123630000002],[-90.0,29.811106199999983],[-90.0,29.81075420000002],[-90.0,29.8103969],[-90.0,29.805915400000004],[-90.0,29.80523260000001],[-90.0,29.774999999999977],[-90.01742439999998,29.774999999999977],[-90.01784989999999,29.774999999999977],[-90.0179738,29.774999999999977],[-90.01800880000002,29.774999999999977],[-90.01807100000002,29.774999999999977],[-90.0181053,29.774999999999977],[-90.01813920000001,29.774999999999977],[-90.01817490000002,29.774999999999977],[-90.01820429999998,29.774999999999977],[-90.01823660000002,29.774999999999977],[-90.01826720000003,29.774999999999977],[-90.01830139999998,29.774999999999977],[-90.01841189999999,29.774999999999977],[-90.01862119999998,29.774999999999977],[-90.01876379999999,29.774999999999977],[-90.01881980000002,29.774999999999977],[-90.01883609999999,29.774999999999977],[-90.01883750000002,29.774999999999977],[-90.02378800000002,29.774999999999977],[-90.0253495,29.774999999999977],[-90.02542570000003,29.774999999999977],[-90.02542690000001,29.774999999999977],[-90.02542720000002,29.774999999999977],[-90.02551039999997,29.774999999999977],[-90.02568689999998,29.774999999999977],[-90.0256885,29.774999999999977],[-90.02569929999999,29.774999999999977],[-90.02583520000002,29.774999999999977],[-90.0258685,29.774999999999977],[-90.0258695,29.774999999999977],[-90.02591039999999,29.774999999999977],[-90.02591799999999,29.774999999999977],[-90.02594390000002,29.774999999999977],[-90.0259527,29.774999999999977],[-90.02597750000001,29.774999999999977],[-90.02599570000001,29.774999999999977],[-90.0260121,29.774999999999977],[-90.02603470000003,29.774999999999977],[-90.0260571,29.774999999999977],[-90.02608140000001,29.774999999999977],[-90.02610390000001,29.774999999999977],[-90.0261233,29.774999999999977],[-90.02615209999999,29.774999999999977],[-90.02615960000003,29.774999999999977],[-90.02620050000002,29.774999999999977],[-90.02627180000002,29.774999999999977],[-90.02634560000001,29.774999999999977],[-90.026387,29.774999999999977],[-90.02658250000002,29.774999999999977],[-90.04737440000002,29.774999999999977],[-90.05492270000002,29.774999999999977],[-90.06486009999998,29.774999999999977],[-90.06506830000001,29.774999999999977],[-90.06580439999999,29.774999999999977],[-90.0707314,29.774999999999977],[-90.07101649999998,29.774999999999977],[-90.07148890000002,29.774999999999977],[-90.07183750000002,29.774999999999977],[-90.07224020000001,29.774999999999977],[-90.07239609999999,29.774999999999977]]]}},{"type":"Feature","properties":{},"geometry":{"type":"Polygon","coordinates":[[[-89.98826509999998,29.774999999999977],[-90.0,29.774999999999977],[-90.0,29.80523260000001],[-90.0,29.805915400000004],[-90.0,29.8103969],[-90.0,29.81075420000002],[-90.0,29.811106199999983],[-90.0,29.81123630000002],[-90.0,29.811448100000007],[-90.0,29.811758199999986],[-90.0,29.812266899999997],[-90.0,29.81253909999998],[-90.0,29.812875700000006],[-90.0,29.813894100000027],[-90.0,29.814031100000022],[-90.0,29.814032399999974],[-90.0,29.81682649999999],[-90.0,29.819255399999975],[-90.0,29.825458000000026],[-90.0,29.825672499999996],[-90.0,29.826146400000027],[-90.0,29.82642199999998],[-90.0,29.829338000000007],[-90.0,29.829467099999988],[-90.0,29.829770600000018],[-90.0,29.83020879999998],[-90.0,29.830276099999992],[-90.0,29.83042039999998],[-90.0,29.830486099999973],[-90.0,29.83049649999998],[-90.0,29.83135520000002],[-90.0,29.831402000000026],[-90.0,29.831430099999977],[-90.0,29.831510700000024],[-90.0,29.831570199999987],[-90.0,29.831628299999977],[-90.0,29.831695500000023],[-90.0,29.831768099999977],[-90.0,29.83184269999998],[-90.0,29.83191119999998],[-90.0,29.831919099999993],[-90.0,29.832003699999973],[-90.0,29.83201650000001],[-90.0,29.83202490000002],[-90.0,29.832255999999973],[-90.0,29.833639000000005],[-90.0,29.846352299999978],[-90.0,29.846876399999985],[-90.0,29.848477600000024],[-90.0,29.849009799999976],[-90.0,29.850000000000023],[-89.99769029999999,29.850000000000023],[-89.99740789999998,29.850000000000023],[-89.984894,29.850000000000023],[-89.9845287,29.850000000000023],[-89.9844961,29.850000000000023],[-89.98444740000002,29.850000000000023],[-89.9844382,29.850000000000023],[-89.9844324,29.850000000000023],[-89.98405050000002,29.850000000000023],[-89.98393959999999,29.850000000000023],[-89.98386149999999,29.850000000000023],[-89.98382120000002,29.850000000000023],[-89.9837799,29.850000000000023],[-89.98373950000001,29.850000000000023],[-89.98373179999999,29.850000000000023],[-89.9837152,29.850000000000023],[-89.98370019999999,29.850000000000023],[-89.9836833,29.850000000000023],[-89.98366240000001,29.850000000000023],[-89.98365189999998,29.850000000000023],[-89.98362359999999,29.850000000000023],[-89.98358480000002,29.850000000000023],[-89.983521,29.850000000000023],[-89.98348770000001,29.850000000000023],[-89.9834462,29.850000000000023],[-89.98344559999998,29.850000000000023],[-89.9833147,29.850000000000023],[-89.98328650000002,29.850000000000023],[-89.9832639,29.850000000000023],[-89.98323420000003,29.850000000000023],[-89.9831939,29.850000000000023],[-89.9823217,29.850000000000023],[-89.98231779999998,29.850000000000023],[-89.98229149999997,29.850000000000023],[-89.97894409999998,29.850000000000023],[-89.97892130000002,29.850000000000023],[-89.97881310000002,29.850000000000023],[-89.97853479999998,29.850000000000023],[-89.97820209999998,29.850000000000023],[-89.9781352,29.850000000000023],[-89.97764560000002,29.850000000000023],[-89.97743329999997,29.850000000000023],[-89.9774089,29.850000000000023],[-89.97740879999998,29.850000000000023],[-89.97714989999997,29.850000000000023],[-89.9770709,29.850000000000023],[-89.9769177,29.850000000000023],[-89.97679870000002,29.850000000000023],[-89.97678560000003,29.850000000000023],[-89.97676969999998,29.850000000000023],[-89.97672549999999,29.850000000000023],[-89.9766765,29.850000000000023],[-89.97662780000002,29.850000000000023],[-89.97657909999998,29.850000000000023],[-89.97653359999998,29.850000000000023],[-89.9764884,29.850000000000023],[-89.97644459999998,29.850000000000023],[-89.97636670000003,29.850000000000023],[-89.97630040000001,29.850000000000023],[-89.97624359999998,29.850000000000023],[-89.976115,29.850000000000023],[-89.97600010000002,29.850000000000023],[-89.97598049999999,29.850000000000023],[-89.97470720000001,29.850000000000023],[-89.962492,29.850000000000023],[-89.95602550000001,29.850000000000023],[-89.95509659999999,29.850000000000023],[-89.94373130000002,29.850000000000023],[-89.94269320000001,29.850000000000023],[-89.9400192,29.850000000000023],[-89.9377293,29.850000000000023],[-89.9326825,29.850000000000023],[-89.93101039999999,29.850000000000023],[-89.92500000000001,29.850000000000023],[-89.92500000000001,29.84785340000002],[-89.92500000000001,29.847457899999995],[-89.92500000000001,29.84276410000001],[-89.92500000000001,29.823369800000023],[-89.92500000000001,29.82240619999999],[-89.92500000000001,29.803796999999975],[-89.92500000000001,29.803432799999996],[-89.92500000000001,29.77690339999998],[-89.92500000000001,29.776444700000013],[-89.92500000000001,29.774999999999977],[-89.93490700000001,29.774999999999977],[-89.98221710000001,29.774999999999977],[-89.9878205,29.774999999999977],[-89.98826509999998,29.774999999999977]]]}}]}