{"type":"FeatureCollection","features":[{"type":"Feature","properties":{},"geometry":{"type":"Polygon","coordinates":[[[-95.19942229999998,29.742210899999975],[-95.19942850000001,29.742235300000004],[-95.19943369999999,29.742255999999998],[-95.19940789999998,29.742284299999994],[-95.19936159999997,29.742289200000016],[-95.1993314,29.742261900000017],[-95.19932779999999,29.74225869999998],[-95.1993382,29.742211800000007],[-95.1993794,29.742195700000025],[-95.19942229999998,29.742210899999975]]]}},{"type":"Feature","properties":{},"geometry":{"type":"Polygon","coordinates":[[[-95.21588700000001,29.723656199999994],[-95.214945,29.724021900000025],[-95.21494480000001,29.72402199999999],[-95.21488470000003,29.724046799999996],[-95.21476940000002,29.72409429999999],[-95.21459570000002,29.72415860000001],[-95.21384870000003,29.724435000000028],[-95.21361489999998,29.724528700000008],[-95.21316239999999,29.724710000000016],[-95.21262899999999,29.724945900000023],[-95.21240990000001,29.725042799999983],[-95.21229879999999,29.72498300000001],[-95.2122013,29.72485999999998],[-95.21218979999998,29.724832600000013],[-95.21209290000002,29.724602000000004],[-95.21209240000002,29.72456440000002],[-95.21152289999998,29.724599099999978],[-95.21152640000003,29.72465840000001],[-95.2115293,29.724707000000024],[-95.2115349,29.724801300000024],[-95.21155490000001,29.72513729999997],[-95.21156559999997,29.725317800000028],[-95.21157110000001,29.725410399999987],[-95.2115331,29.725434099999973],[-95.21152940000002,29.725435800000014],[-95.21144240000001,29.725476300000025],[-95.2114095,29.725531100000012],[-95.2112773,29.725618499999996],[-95.21073050000001,29.725979999999993],[-95.21065540000001,29.72602949999998],[-95.2106278,29.726047600000015],[-95.21057869999999,29.726079900000002],[-95.2105975,29.726099999999974],[-95.21061150000003,29.726115100000015],[-95.21062899999998,29.726133800000014],[-95.21063579999998,29.726141100000007],[-95.21065170000003,29.726158199999986],[-95.21066539999998,29.726172899999995],[-95.2104306,29.726348400000006],[-95.21035310000002,29.72640100000001],[-95.21033069999999,29.726416099999994],[-95.2102868,29.726445899999987],[-95.2102539,29.726413400000013],[-95.21023960000002,29.726399200000003],[-95.21021560000003,29.726375500000017],[-95.21019860000001,29.72635869999999],[-95.20992430000001,29.726540999999997],[-95.2095688,29.72677490000001],[-95.209496,29.726826700000004],[-95.209472,29.726843700000018],[-95.20939149999998,29.726884799999993],[-95.20926379999997,29.72697310000001],[-95.20919579999997,29.727046799999982],[-95.20907,29.72707250000002],[-95.20902769999998,29.727086900000018],[-95.20898629999999,29.72711099999998],[-95.20894500000003,29.72713829999998],[-95.20883140000001,29.72726319999998],[-95.20877469999999,29.7273462],[-95.20869699999997,29.72749010000001],[-95.2086099,29.727662399999986],[-95.20853849999997,29.727802600000018],[-95.20848690000003,29.7278824],[-95.20845120000001,29.727940999999987],[-95.20841130000002,29.728005199999984],[-95.20830749999999,29.728105099999993],[-95.20823910000001,29.728209600000014],[-95.20818150000002,29.72830399999998],[-95.20812840000002,29.728400099999988],[-95.20805960000001,29.728483600000004],[-95.20796819999998,29.72863480000001],[-95.20792110000002,29.728740200000004],[-95.2077971,29.72895649999998],[-95.20774239999997,29.729057300000022],[-95.20767419999999,29.729185599999994],[-95.2076217,29.72929099999999],[-95.20757029999999,29.729365200000018],[-95.20751769999998,29.729436700000008],[-95.20746109999999,29.729492600000015],[-95.20741909999998,29.729545799999983],[-95.207314,29.7296475],[-95.20727520000003,29.729688699999997],[-95.20719960000002,29.72977850000001],[-95.2071062,29.729905900000006],[-95.2070316,29.730012199999976],[-95.20696859999998,29.730080999999984],[-95.20686999999998,29.73018639999998],[-95.2068395,29.73026520000002],[-95.20681839999997,29.73038250000002],[-95.2067801,29.730517399999997],[-95.20672810000002,29.730706899999973],[-95.20664,29.730796699999985],[-95.20648460000001,29.730891100000008],[-95.20643439999998,29.730922399999997],[-95.20630499999999,29.731008400000007],[-95.20624370000002,29.731065100000023],[-95.20617199999998,29.731122900000003],[-95.20606909999998,29.731206299999997],[-95.20599449999997,29.731263300000023],[-95.20595029999998,29.731296299999997],[-95.20592099999999,29.731318199999976],[-95.2058591,29.731363999999985],[-95.20582969999998,29.731427199999985],[-95.2058485,29.73155650000001],[-95.20587269999999,29.731652699999984],[-95.20593000000002,29.731620599999985],[-95.20603399999999,29.731534899999986],[-95.20612169999998,29.73146250000002],[-95.2062204,29.731400199999996],[-95.2062937,29.73142469999999],[-95.20630290000003,29.731427800000006],[-95.20622639999999,29.73158360000002],[-95.20612499999999,29.73154599999998],[-95.20611229999997,29.731541300000004],[-95.20590190000001,29.731678999999986],[-95.20588370000002,29.73182859999997],[-95.20585369999998,29.731950600000005],[-95.20581170000003,29.73207339999999],[-95.20578239999998,29.732188899999983],[-95.20578239999998,29.73227589999999],[-95.20580130000002,29.73238120000002],[-95.2058328,29.732508600000017],[-95.20586429999997,29.7326003],[-95.2058255,29.7326956],[-95.20581809999999,29.7327899],[-95.20588320000002,29.73285679999998],[-95.20588120000002,29.732904200000007],[-95.2058811,29.73290639999999],[-95.20582439999998,29.73294770000001],[-95.2057686,29.7329843],[-95.20581859999999,29.733017899999993],[-95.2057322,29.73312340000001],[-95.20568379999997,29.733093600000018],[-95.20559350000002,29.733247500000004],[-95.20557710000003,29.73327280000001],[-95.2055358,29.733336500000007],[-95.20547049999999,29.73342200000002],[-95.2054458,29.733452999999997],[-95.20542410000002,29.733480299999997],[-95.20536959999998,29.733537000000013],[-95.20534939999999,29.733557899999994],[-95.20527270000002,29.7336406],[-95.20512969999999,29.73369600000001],[-95.20525989999999,29.73377529999999],[-95.20520149999999,29.733868400000006],[-95.2052612,29.73389400000002],[-95.20531699999998,29.733918000000017],[-95.20535990000002,29.733936400000005],[-95.20539300000002,29.733950600000014],[-95.20546489999998,29.733981500000027],[-95.20529699999997,29.734278700000004],[-95.2052635,29.73426410000002],[-95.20523209999999,29.734250400000008],[-95.20523480000003,29.73419960000001],[-95.205311,29.734048099999995],[-95.20519960000001,29.733999100000005],[-95.20515119999999,29.733977700000025],[-95.20500800000002,29.733914700000014],[-95.20501330000002,29.733961899999997],[-95.20497419999998,29.733987599999978],[-95.20492910000002,29.734065600000008],[-95.20487129999998,29.734157200000027],[-95.20483560000002,29.73421589999998],[-95.20476209999998,29.734331300000008],[-95.2047235,29.7343836],[-95.20470540000002,29.73440820000002],[-95.2046487,29.734480700000006],[-95.20456689999997,29.73459120000001],[-95.20452799999998,29.734653900000012],[-95.20450169999998,29.73468680000002],[-95.20446179999999,29.734722599999998],[-95.20437679999998,29.734727399999997],[-95.20430219999997,29.734767599999998],[-95.2042821,29.734801500000003],[-95.2042495,29.7348528],[-95.20419079999999,29.734948099999997],[-95.2041676,29.735100199999977],[-95.20415930000001,29.735192799999993],[-95.20417579999997,29.735267799999974],[-95.20417809999998,29.735277999999994],[-95.20417500000002,29.735335700000007],[-95.20410670000001,29.735388899999975],[-95.20405110000002,29.735420999999974],[-95.20400489999997,29.735496099999978],[-95.20399750000001,29.73550369999998],[-95.20394290000002,29.735559299999977],[-95.2039198,29.73558300000002],[-95.20388159999999,29.735584800000026],[-95.20380820000003,29.735537899999997],[-95.20370939999998,29.735490099999993],[-95.20359200000001,29.735448299999973],[-95.2034789,29.73537110000001],[-95.20339100000001,29.73537110000001],[-95.20332509999997,29.73536869999998],[-95.20271930000001,29.735042599999986],[-95.2025691,29.734957800000018],[-95.20250270000003,29.734916699999985],[-95.2021307,29.73468680000002],[-95.2020412,29.734635500000024],[-95.20175469999998,29.734471400000018],[-95.20164249999999,29.73442319999998],[-95.20142520000002,29.734296700000016],[-95.20128899999997,29.734217100000023],[-95.1998944,29.733402000000012],[-95.19986669999997,29.733386699999983],[-95.19942579999997,29.733142999999984],[-95.19923669999997,29.73340669999999],[-95.19922559999998,29.733422099999984],[-95.19917950000001,29.73347319999999],[-95.19913589999999,29.733475399999975],[-95.19907239999998,29.73347849999999],[-95.19903090000003,29.7335018],[-95.19895730000002,29.7335018],[-95.1987785,29.733501699999977],[-95.1985295,29.73349730000001],[-95.19822929999998,29.73348820000001],[-95.19809900000001,29.733486000000028],[-95.19800170000002,29.733492599999977],[-95.1979222,29.733531000000028],[-95.1978982,29.73364170000002],[-95.19795219999997,29.73369389999999],[-95.19791980000002,29.73382029999999],[-95.19795670000002,29.73395160000001],[-95.19796980000001,29.733950600000014],[-95.19804420000003,29.733944899999983],[-95.19821389999998,29.733966099999975],[-95.19832939999998,29.73396969999999],[-95.19858679999999,29.733958299999983],[-95.19880130000001,29.73394810000002],[-95.19889469999998,29.733953199999974],[-95.19905569999997,29.733962099999985],[-95.19906680000003,29.733962700000006],[-95.19926429999998,29.734011399999986],[-95.19952260000002,29.73409650000002],[-95.1996866,29.734211200000004],[-95.19969950000001,29.7342218],[-95.19975870000002,29.734270700000025],[-95.1998107,29.73428819999998],[-95.19994129999998,29.734332199999983],[-95.2002008,29.73447349999998],[-95.20023350000002,29.734512499999994],[-95.20028780000001,29.734533],[-95.20029039999997,29.73461800000001],[-95.200313,29.734681500000022],[-95.2005019,29.734783400000026],[-95.2008007,29.73495509999998],[-95.20132280000001,29.735261999999977],[-95.20168569999998,29.735462900000016],[-95.20185279999998,29.73556450000001],[-95.20195819999998,29.735628700000007],[-95.20207160000001,29.73567969999999],[-95.20214570000002,29.735701800000015],[-95.202226,29.735767099999975],[-95.20228500000002,29.735809200000006],[-95.2024012,29.73592500000001],[-95.20254080000001,29.736000699999977],[-95.2026457,29.73602840000001],[-95.20268700000003,29.73604640000002],[-95.20269910000002,29.73605120000002],[-95.2027617,29.73607579999998],[-95.20281010000002,29.7360956],[-95.20285410000002,29.736111499999993],[-95.20289409999998,29.73617250000001],[-95.20291470000001,29.73623040000001],[-95.20292080000002,29.736302599999988],[-95.2029245,29.736351599999978],[-95.20290119999999,29.73646580000002],[-95.2028702,29.7365547],[-95.20274970000003,29.73677329999998],[-95.20270219999998,29.736856999999986],[-95.20259920000001,29.736989600000015],[-95.2024629,29.737175400000012],[-95.2024174,29.737245599999994],[-95.20234490000001,29.73732719999998],[-95.20227979999999,29.737397699999974],[-95.20221049999998,29.737472000000025],[-95.20217170000001,29.73750769999998],[-95.20214650000003,29.737536999999975],[-95.20211599999999,29.7375682],[-95.2020551,29.737625900000012],[-95.20190079999998,29.7377606],[-95.20182199999999,29.7378248],[-95.20173490000002,29.737879799999973],[-95.20152910000002,29.738002600000016],[-95.20138100000003,29.738085000000012],[-95.20126970000001,29.7381446],[-95.20115420000002,29.738191299999983],[-95.20101979999998,29.73826919999999],[-95.20112590000002,29.738384699999983],[-95.20111960000003,29.738448800000015],[-95.20107339999998,29.738528599999995],[-95.20103560000001,29.73857529999998],[-95.20098680000001,29.73863030000001],[-95.2009673,29.738652300000012],[-95.20090210000001,29.738715500000012],[-95.20086359999999,29.738752799999986],[-95.20080669999999,29.73880300000002],[-95.20072470000002,29.738870700000007],[-95.2006346,29.738975200000027],[-95.20056629999999,29.73902659999999],[-95.20045699999997,29.739096500000016],[-95.20041989999999,29.739125899999976],[-95.20038740000001,29.739180999999974],[-95.20035280000002,29.73922920000001],[-95.2003358,29.739252899999997],[-95.20027499999998,29.739302399999985],[-95.2002089,29.7393414],[-95.20020119999998,29.739346099999977],[-95.20016420000002,29.7393687],[-95.2001277,29.739390000000014],[-95.2000208,29.739417100000026],[-95.1999156,29.73943780000002],[-95.19986699999998,29.739478299999973],[-95.19980020000003,29.739546399999995],[-95.19976630000002,29.739579900000024],[-95.19976220000001,29.739584200000024],[-95.1997369,29.739610599999992],[-95.19968829999999,29.73964910000001],[-95.19963819999998,29.739649199999974],[-95.19942049999997,29.7397742],[-95.19921959999999,29.739891899999975],[-95.1990199,29.740010700000028],[-95.19901119999997,29.740015500000027],[-95.19853519999998,29.740278199999977],[-95.19827140000001,29.740422799999976],[-95.19806949999997,29.740533500000026],[-95.1980031,29.740628300000026],[-95.19784679999998,29.740705100000014],[-95.19766049999998,29.740790199999992],[-95.19764939999999,29.740795300000002],[-95.19750950000002,29.740847099999996],[-95.19745610000001,29.740870099999995],[-95.19729699999999,29.740947199999994],[-95.19728420000001,29.740953400000024],[-95.19714809999999,29.74099560000002],[-95.1971853,29.741078800000025],[-95.1970847,29.74111620000002],[-95.19707549999998,29.74111959999999],[-95.19703099999998,29.741044199999976],[-95.1970253,29.741034599999978],[-95.19701550000002,29.741017899999974],[-95.1966979,29.741114400000015],[-95.19632530000001,29.741242899999975],[-95.19631149999998,29.74124790000002],[-95.19600459999998,29.741358400000024],[-95.19589559999997,29.741397699999993],[-95.195537,29.741468899999973],[-95.19556290000003,29.741501599999992],[-95.19557209999999,29.741513199999986],[-95.19560569999999,29.741538600000013],[-95.19562630000001,29.741588999999976],[-95.19571159999998,29.74156260000001],[-95.19571280000002,29.741565400000013],[-95.19572540000001,29.74159370000001],[-95.1957433,29.741633999999976],[-95.19575049999997,29.74165019999998],[-95.1957564,29.741663500000016],[-95.19576540000003,29.741683799999976],[-95.19565619999997,29.7417198],[-95.19545499999998,29.74178619999998],[-95.19539099999997,29.741807400000027],[-95.19534199999998,29.74182350000001],[-95.19533430000001,29.74180610000002],[-95.1953284,29.741792799999985],[-95.1953239,29.741782600000022],[-95.19531940000002,29.741772400000002],[-95.19530329999998,29.74173619999999],[-95.1952857,29.741696400000023],[-95.1953279,29.741680599999995],[-95.19544380000002,29.74167110000002],[-95.1953954,29.741573399999993],[-95.19485550000002,29.741748299999983],[-95.19439549999998,29.741877499999987],[-95.19445569999999,29.74200209999998],[-95.19457219999998,29.741963699999985],[-95.1945763,29.741972599999997],[-95.19459319999999,29.742009800000005],[-95.19459940000002,29.742023300000028],[-95.19460149999998,29.742027899999982],[-95.19460880000003,29.742044099999987],[-95.19461760000002,29.742063299999984],[-95.19453950000002,29.742091500000015],[-95.19450490000003,29.742103999999983],[-95.19429250000002,29.742180700000006],[-95.1941731,29.742219799999987],[-95.19304790000001,29.74258850000001],[-95.19294780000001,29.742621299999996],[-95.19291399999997,29.742632300000025],[-95.19288540000002,29.74264169999998],[-95.19286299999999,29.742649099999994],[-95.19281059999997,29.742666199999974],[-95.19278489999999,29.74265409999998],[-95.19273479999998,29.74263050000002],[-95.1925225,29.742530499999987],[-95.19256469999999,29.742639199999985],[-95.192518,29.742729300000008],[-95.19189599999999,29.743023400000027],[-95.1915376,29.743193200000007],[-95.1915229,29.743200100000024],[-95.19146640000002,29.743218300000024],[-95.19144820000002,29.743224199999986],[-95.19135219999998,29.74325570000002],[-95.19125919999999,29.743256900000006],[-95.1911053,29.74320290000003],[-95.1909516,29.743213500000024],[-95.19088740000001,29.743227100000013],[-95.19080810000003,29.74323670000001],[-95.19074210000002,29.743249100000014],[-95.1906141,29.743271800000002],[-95.19050040000002,29.743271800000002],[-95.19041900000002,29.743273999999985],[-95.19034529999999,29.743279700000016],[-95.1902134,29.74329210000002],[-95.1901565,29.743302299999982],[-95.18998199999999,29.743370000000027],[-95.18986319999999,29.74342869999998],[-95.18975710000001,29.743482900000004],[-95.18968569999998,29.743528400000002],[-95.18958270000002,29.743590100000006],[-95.18942500000003,29.743672500000002],[-95.18932940000002,29.743712000000016],[-95.18916519999999,29.743784199999993],[-95.1891225,29.743797700000016],[-95.1890553,29.743826000000013],[-95.18897129999999,29.74386320000002],[-95.18887439999997,29.74390599999998],[-95.1887969,29.743943300000012],[-95.18874,29.743966999999998],[-95.18868959999998,29.7439885],[-95.1885327,29.744037100000014],[-95.18836270000003,29.744081300000005],[-95.18824330000001,29.74410499999999],[-95.18816420000002,29.744111799999985],[-95.18808200000001,29.744125300000007],[-95.18784470000003,29.74416389999999],[-95.18771989999999,29.74418830000002],[-95.18760279999998,29.744215399999973],[-95.18747180000003,29.744242600000007],[-95.18736330000002,29.744269599999996],[-95.18720300000001,29.744306199999983],[-95.1871165,29.74431820000001],[-95.18689640000002,29.744345699999997],[-95.18674299999998,29.744361200000014],[-95.1866604,29.744374900000025],[-95.18657000000002,29.74437499999999],[-95.18650739999998,29.744380499999977],[-95.18626769999997,29.744522399999994],[-95.1861743,29.744616800000017],[-95.1861174,29.74462010000002],[-95.18568879999998,29.744645100000014],[-95.18550370000003,29.744655899999998],[-95.1853592,29.74466430000001],[-95.1851355,29.744677299999978],[-95.18519270000002,29.74475339999998],[-95.18520480000001,29.74479930000001],[-95.1852106,29.744821399999978],[-95.18521870000001,29.744852100000003],[-95.18523119999998,29.744899499999974],[-95.18518239999997,29.74490739999999],[-95.18512750000002,29.744916199999977],[-95.18509790000002,29.744920999999977],[-95.1850895,29.744918299999995],[-95.18508029999998,29.744915300000002],[-95.18501939999999,29.744895600000007],[-95.18501270000002,29.744846499999994],[-95.18500660000001,29.74480139999997],[-95.1850033,29.744777199999987],[-95.18509069999999,29.744765299999983],[-95.18507799999998,29.744680000000017],[-95.18459139999999,29.7447042],[-95.18454600000001,29.744706500000007],[-95.18450940000002,29.744678799999974],[-95.18442700000003,29.744616500000006],[-95.1842082,29.74461450000001],[-95.18413040000002,29.744686],[-95.18389159999998,29.74471490000002],[-95.1838141,29.74471890000001],[-95.18373780000002,29.74472689999999],[-95.18361709999999,29.744741799999986],[-95.18357150000003,29.744744700000012],[-95.18348529999997,29.74474939999999],[-95.1833254,29.74475369999999],[-95.1832511,29.744754699999987],[-95.1831525,29.74475480000001],[-95.18301100000002,29.74473390000003],[-95.18283220000001,29.74468619999999],[-95.18271709999999,29.744641399999978],[-95.18266349999999,29.744542000000024],[-95.18259740000002,29.744405900000004],[-95.18251420000001,29.74430749999999],[-95.18239510000001,29.744221200000027],[-95.18228590000001,29.744169899999974],[-95.18221030000001,29.74411570000001],[-95.18214310000002,29.744024500000023],[-95.18209000000002,29.743978200000015],[-95.18205130000001,29.743951700000025],[-95.18190909999998,29.743873899999983],[-95.18186450000002,29.743850199999997],[-95.18166609999997,29.743765600000017],[-95.18158599999998,29.743739699999992],[-95.18141800000001,29.74369919999998],[-95.18125379999998,29.743654100000015],[-95.18114910000003,29.74361349999998],[-95.18101410000003,29.743572299999983],[-95.1808848,29.743535699999995],[-95.1808441,29.743521600000008],[-95.1807387,29.743481599999996],[-95.18069860000003,29.743466300000023],[-95.18065139999999,29.743447500000002],[-95.1805784,29.743418399999996],[-95.1804821,29.743375000000015],[-95.1804424,29.74334909999999],[-95.18036189999998,29.743296699999973],[-95.1803213,29.743261099999984],[-95.18024430000003,29.74319680000002],[-95.18011689999997,29.743174899999985],[-95.18001220000002,29.74318219999998],[-95.17989790000001,29.74324710000002],[-95.17973810000001,29.7433489],[-95.17962460000001,29.7433949],[-95.17952380000003,29.743420300000025],[-95.1794329,29.74346939999998],[-95.1793662,29.743524100000002],[-95.17926940000001,29.74358890000002],[-95.17918750000001,29.743645800000024],[-95.17910769999997,29.74370479999999],[-95.17903389999998,29.743775000000028],[-95.17897870000002,29.743893200000002],[-95.17892519999998,29.744011899999975],[-95.178855,29.744072800000026],[-95.17882359999999,29.744147999999996],[-95.17881290000003,29.744255099999975],[-95.17879429999999,29.744326100000023],[-95.17872929999999,29.74443580000002],[-95.17869589999998,29.744487300000003],[-95.17865569999998,29.74454320000001],[-95.17861470000003,29.744608400000004],[-95.17855270000001,29.744703800000025],[-95.17855639999999,29.744779600000015],[-95.17851910000002,29.744846800000005],[-95.17804130000002,29.74470389999999],[-95.17793119999999,29.74489249999999],[-95.17805650000003,29.74492909999998],[-95.17840319999999,29.745054900000014],[-95.17842569999999,29.745063000000016],[-95.1784156,29.745087000000012],[-95.17839850000001,29.74512729999998],[-95.17837600000001,29.745121799999993],[-95.17830609999999,29.74510479999998],[-95.1780908,29.74502530000001],[-95.178045,29.74504330000002],[-95.1780215,29.745078799999987],[-95.1779876,29.745115800000008],[-95.17797100000001,29.745133899999985],[-95.1779391,29.7451863],[-95.17790509999998,29.74520510000002],[-95.17830249999997,29.745338300000014],[-95.17831669999998,29.745342400000027],[-95.17830140000001,29.74537939999999],[-95.1782915,29.74540330000002],[-95.17827340000002,29.745447000000013],[-95.17826059999999,29.745477900000026],[-95.1781752,29.745494399999984],[-95.17718559999997,29.745685700000024],[-95.1760951,29.74589739999999],[-95.17543490000003,29.746025499999973],[-95.17533359999999,29.746045200000026],[-95.17519549999997,29.745990399999982],[-95.17516319999999,29.74597749999998],[-95.17509389999998,29.745949999999993],[-95.17502560000003,29.745922899999982],[-95.17500000000001,29.745802400000002],[-95.17500000000001,29.739675999999974],[-95.17500000000001,29.69999999999999],[-95.25,29.69999999999999],[-95.25,29.712614400000007],[-95.24992370000001,29.712597000000017],[-95.24978090000002,29.712569499999972],[-95.24960579999998,29.712535800000012],[-95.24945539999999,29.712532699999997],[-95.24914810000001,29.71256390000002],[-95.24888800000002,29.712626100000023],[-95.24864120000001,29.712696800000003],[-95.24853630000001,29.712744799999996],[-95.24838599999998,29.71283410000001],[-95.24824660000002,29.71296940000002],[-95.24808130000002,29.713128299999994],[-95.2479765,29.713179200000013],[-95.24753329999999,29.71364920000002],[-95.24711719999999,29.71419689999999],[-95.24694790000001,29.714416599999993],[-95.2468505,29.714545299999997],[-95.24661120000002,29.71484320000002],[-95.24641500000001,29.715044299999988],[-95.24616400000002,29.7152519],[-95.24576259999998,29.71554120000002],[-95.24522710000002,29.715906299999972],[-95.2447204,29.71625949999998],[-95.24448319999999,29.71641740000001],[-95.24430260000003,29.716537800000026],[-95.24416889999998,29.716638999999986],[-95.24401940000001,29.716646400000002],[-95.24380580000002,29.716608399999984],[-95.2436401,29.716580099999987],[-95.24359750000002,29.71656150000001],[-95.2434748,29.716554700000017],[-95.24341579999998,29.716612699999985],[-95.24336,29.716658300000006],[-95.24329410000001,29.716668900000002],[-95.2432571,29.716744800000015],[-95.2432488,29.71685880000001],[-95.24321450000002,29.71689520000001],[-95.24315899999999,29.716900199999998],[-95.2430693,29.716959299999985],[-95.24303259999999,29.71701250000001],[-95.242978,29.7170711],[-95.24289299999998,29.717131900000027],[-95.24285509999999,29.717159100000003],[-95.2428003,29.717185599999993],[-95.24270910000001,29.717259899999988],[-95.24259489999997,29.71725409999999],[-95.24268060000003,29.717310899999973],[-95.24286769999998,29.717434799999978],[-95.2428832,29.71744510000002],[-95.24288480000001,29.717443300000014],[-95.24291649999998,29.71740890000001],[-95.24293290000003,29.71741989999998],[-95.24295059999997,29.717431799999986],[-95.24297200000001,29.717446100000018],[-95.24300160000001,29.71746589999998],[-95.24288510000002,29.71760469999998],[-95.2428506,29.71764569999999],[-95.24284210000002,29.717640300000028],[-95.2428251,29.71762940000002],[-95.2428104,29.71762000000001],[-95.2427917,29.717608100000007],[-95.24277430000001,29.717597000000012],[-95.24276170000002,29.71758890000001],[-95.2427927,29.71755330000002],[-95.24283050000003,29.717509699999994],[-95.2428008,29.71749060000002],[-95.2427601,29.717464500000006],[-95.24254789999998,29.717328099999975],[-95.2424191,29.7174799],[-95.24231700000001,29.717581399999972],[-95.24225760000002,29.71766489999999],[-95.24225919999998,29.71776779999999],[-95.24231750000001,29.71778119999999],[-95.24226010000001,29.71791860000002],[-95.24211170000001,29.718051000000003],[-95.24199379999999,29.718100400000026],[-95.24185720000003,29.71821410000001],[-95.24179479999998,29.718314899999996],[-95.24176419999998,29.718390999999997],[-95.2417236,29.718435899999974],[-95.24169999999998,29.71846210000001],[-95.24159700000001,29.718460499999992],[-95.2412933,29.71794619999997],[-95.24129570000002,29.717878799999994],[-95.2410362,29.71799759999999],[-95.2409872,29.718020000000024],[-95.2410054,29.718048099999976],[-95.2409791,29.718061799999987],[-95.2409288,29.7180879],[-95.2409065,29.718099499999994],[-95.2407298,29.717831699999977],[-95.24081230000002,29.71779029999999],[-95.2408322,29.717780300000015],[-95.2409313,29.71793359999998],[-95.24121819999999,29.717806900000028],[-95.24118829999998,29.717767400000014],[-95.24112630000002,29.717658400000005],[-95.24075779999998,29.717002999999977],[-95.24075249999999,29.71689759999998],[-95.24071679999997,29.7168719],[-95.24066579999999,29.716844900000012],[-95.24063109999997,29.71688499999999],[-95.2405875,29.71693620000002],[-95.24057240000002,29.7169308],[-95.24042109999999,29.716854300000023],[-95.24042700000001,29.71684540000001],[-95.2404583,29.716792899999973],[-95.2404333,29.71674999999999],[-95.2403094,29.716727100000014],[-95.24015930000002,29.716691400000002],[-95.24001750000002,29.716677600000025],[-95.23992620000001,29.716670299999976],[-95.23986839999998,29.716670299999976],[-95.23974129999999,29.716691400000002],[-95.23962269999998,29.71671889999999],[-95.23949879999998,29.716777499999978],[-95.23942570000003,29.71683760000002],[-95.23931499999998,29.716955299999995],[-95.23925409999998,29.717006700000013],[-95.23913429999999,29.71698839999999],[-95.23833200000001,29.717353000000003],[-95.2383092,29.71736340000001],[-95.2382222,29.717406600000004],[-95.23821279999999,29.717409799999984],[-95.2382753,29.717481099999986],[-95.23839329999998,29.717422499999998],[-95.2384677,29.717511100000024],[-95.23847840000002,29.717532399999982],[-95.23849539999998,29.71756590000001],[-95.23849610000002,29.717567400000007],[-95.23817000000003,29.71772040000002],[-95.23812959999998,29.71765640000001],[-95.23802690000002,29.717494499999987],[-95.23794830000003,29.71752570000001],[-95.23779409999997,29.717597300000023],[-95.23769370000002,29.71763870000001],[-95.23758450000003,29.717691899999977],[-95.23704520000001,29.717941800000006],[-95.23702880000002,29.717958699999997],[-95.23695049999998,29.71803970000002],[-95.23693689999999,29.718075699999986],[-95.23686559999999,29.718264799999986],[-95.23686529999998,29.718265599999995],[-95.23698580000001,29.71829489999999],[-95.23696969999997,29.718347100000017],[-95.23695479999998,29.718390100000022],[-95.23691439999999,29.71850599999999],[-95.2368773,29.718569899999977],[-95.23688069999997,29.718571399999973],[-95.23695070000002,29.7186021],[-95.23692549999998,29.718682100000024],[-95.23685039999998,29.718669299999988],[-95.23684170000001,29.71866779999999],[-95.23679909999998,29.7187955],[-95.23669310000002,29.719099099999994],[-95.23657350000002,29.719445300000018],[-95.23668559999999,29.71947640000002],[-95.2367107,29.7194834],[-95.2366202,29.719773099999998],[-95.2365931,29.719766300000003],[-95.2364799,29.719737699999996],[-95.23636199999999,29.72007819999999],[-95.23635439999998,29.720101899999975],[-95.23629390000002,29.720291499999973],[-95.23627549999998,29.720349],[-95.23624269999999,29.720451500000024],[-95.23624230000001,29.720452799999975],[-95.2361785,29.72065250000003],[-95.23612270000001,29.720827199999974],[-95.23610079999997,29.72089570000003],[-95.23605509999999,29.720883500000014],[-95.2360127,29.721092399999975],[-95.23594830000002,29.72113250000001],[-95.2353296,29.721517500000004],[-95.23538689999998,29.721549900000014],[-95.23533750000001,29.721582099999978],[-95.23527469999999,29.721623000000022],[-95.23462410000002,29.722046799999987],[-95.2345861,29.722060899999974],[-95.23442360000001,29.72212109999998],[-95.23435740000002,29.722161900000003],[-95.23414150000002,29.722294599999998],[-95.23412280000002,29.72230400000001],[-95.23394810000002,29.722391500000015],[-95.23360120000001,29.72256520000002],[-95.23338339999998,29.722677999999974],[-95.23291599999999,29.722920199999976],[-95.23288000000002,29.72293880000001],[-95.2326117,29.72303679999999],[-95.23246920000003,29.723088800000028],[-95.2321743,29.723196499999972],[-95.23154090000003,29.723430599999972],[-95.2315112,29.7234416],[-95.23137489999999,29.7234919],[-95.23110009999999,29.723588099999972],[-95.23106480000001,29.72360040000001],[-95.23096479999998,29.723635399999978],[-95.23086280000001,29.72367539999999],[-95.23072000000002,29.72373090000002],[-95.23043419999999,29.723834099999976],[-95.23036330000002,29.72385969999999],[-95.2300899,29.723958600000003],[-95.2296136,29.724133499999994],[-95.22913119999998,29.724309800000015],[-95.2289376,29.724380499999995],[-95.22885830000001,29.72440949999998],[-95.2287943,29.724430900000016],[-95.22858969999999,29.724479599999995],[-95.22814879999999,29.724606499999993],[-95.22805,29.7246308],[-95.22792659999999,29.7242617],[-95.2278938,29.724208900000008],[-95.22784990000002,29.724138200000027],[-95.2277755,29.724142200000017],[-95.22763350000002,29.724125300000026],[-95.22747520000001,29.724141599999996],[-95.2274289,29.724134600000014],[-95.22725409999998,29.724158199999977],[-95.22711709999999,29.72416720000001],[-95.22708399999999,29.72414279999998],[-95.22691900000001,29.724152000000004],[-95.22686470000002,29.724178100000017],[-95.22680029999998,29.72417539999998],[-95.22667109999998,29.72422130000001],[-95.22668750000003,29.72429219999998],[-95.22669250000001,29.724313600000016],[-95.22670249999999,29.724361299999998],[-95.22671120000001,29.724402499999997],[-95.2267134,29.7244288],[-95.22671380000003,29.72443340000001],[-95.2267157,29.724456400000008],[-95.22671789999998,29.724482799999976],[-95.22672010000002,29.724509300000022],[-95.22650709999999,29.724515499999995],[-95.2264778,29.724516400000027],[-95.22647979999999,29.724482599999988],[-95.22648140000001,29.724457200000018],[-95.22648290000001,29.72443179999999],[-95.22648429999998,29.72440899999998],[-95.22648600000002,29.724380300000007],[-95.22656749999999,29.724377800000013],[-95.2265645,29.724293699999976],[-95.22656389999997,29.724279200000012],[-95.22642719999999,29.724290399999973],[-95.22630809999998,29.724300200000016],[-95.22600929999999,29.72430639999999],[-95.22598770000002,29.724279799999977],[-95.2259075,29.72418090000002],[-95.22575560000001,29.72417280000002],[-95.22555929999999,29.724186299999985],[-95.22544049999999,29.724205400000017],[-95.22536300000002,29.724212799999975],[-95.2252724,29.724247100000014],[-95.22519319999998,29.724372000000017],[-95.22520859999997,29.724545999999975],[-95.22521139999998,29.724578599999973],[-95.22521569999998,29.724626899999976],[-95.22522099999998,29.724687099999983],[-95.22519649999998,29.72468859999998],[-95.22516280000002,29.72469080000002],[-95.22508429999999,29.724695699999984],[-95.2249706,29.72470279999999],[-95.22486400000003,29.724709500000017],[-95.22486170000002,29.724755500000015],[-95.22485640000002,29.724766999999986],[-95.224831,29.724822099999983],[-95.22476549999999,29.724867599999982],[-95.2247739,29.724898399999972],[-95.22473109999999,29.724897999999996],[-95.2247079,29.724894300000017],[-95.2246854,29.724890700000003],[-95.22467469999998,29.72487480000001],[-95.22464730000002,29.724834299999998],[-95.2246131,29.724793299999988],[-95.22459370000001,29.724755000000016],[-95.2245921,29.724726599999997],[-95.22450250000003,29.724732200000005],[-95.2245021,29.724704400000007],[-95.22450149999997,29.724655799999994],[-95.22448279999998,29.723247500000014],[-95.22448020000002,29.723098499999992],[-95.22447849999998,29.723003699999992],[-95.22447790000001,29.722968400000013],[-95.22437289999999,29.722867099999974],[-95.22427970000001,29.722777000000008],[-95.22429260000001,29.72270070000002],[-95.22423129999999,29.72266189999999],[-95.22420440000002,29.722631799999988],[-95.2241871,29.722597399999984],[-95.22414680000003,29.722427900000014],[-95.2241153,29.722276599999987],[-95.22409440000001,29.722184099999993],[-95.22406799999999,29.722067700000025],[-95.22403650000001,29.72195770000002],[-95.22399239999999,29.721828399999993],[-95.22397890000002,29.72172760000001],[-95.22400529999999,29.721661799999993],[-95.2240688,29.721557500000017],[-95.22408899999999,29.721449899999982],[-95.22410439999999,29.721400200000005],[-95.22412580000002,29.721330799999976],[-95.22416249999998,29.721202500000004],[-95.22417100000001,29.721154800000022],[-95.22417309999997,29.721116300000006],[-95.22418349999998,29.721054900000013],[-95.22420779999999,29.72096049999999],[-95.22421300000002,29.720877099999996],[-95.22421300000002,29.720777199999986],[-95.22421300000002,29.720680000000016],[-95.22420140000003,29.720590200000004],[-95.22413740000002,29.72060399999998],[-95.22411210000001,29.720642499999997],[-95.22406910000001,29.720697400000006],[-95.22402599999998,29.720812000000024],[-95.2239735,29.720872499999984],[-95.22386019999999,29.720891800000004],[-95.22377189999997,29.72088259999998],[-95.22368990000001,29.720858099999987],[-95.22356610000003,29.720813799999974],[-95.22351989999999,29.72079339999999],[-95.22335829999997,29.72072220000001],[-95.22324279999998,29.72068089999999],[-95.223163,29.72062599999998],[-95.22308939999999,29.720517799999982],[-95.2230295,29.720439899999974],[-95.22297079999998,29.72037849999998],[-95.22282899999999,29.720336299999985],[-95.22291089999999,29.72046560000001],[-95.2229193,29.72055899999998],[-95.22281329999998,29.720558100000005],[-95.22267249999999,29.720512299999996],[-95.22245199999998,29.720466499999986],[-95.2224,29.720452599999987],[-95.22232869999999,29.72043339999999],[-95.22222449999998,29.7204074],[-95.22209400000003,29.7203528],[-95.22189859999997,29.720255699999996],[-95.22177060000001,29.72018509999998],[-95.22158889999997,29.72006779999998],[-95.22146500000002,29.719979799999976],[-95.22142400000001,29.71995229999999],[-95.2213883,29.719921100000022],[-95.22135580000003,29.719896399999982],[-95.22127390000003,29.719825800000024],[-95.22117100000003,29.7197314],[-95.2210581,29.719637499999976],[-95.22100769999997,29.719578899999988],[-95.22092839999999,29.719510500000013],[-95.22087599999998,29.71945740000001],[-95.22083400000002,29.719418899999994],[-95.2207846,29.719375800000023],[-95.22072680000002,29.719325400000002],[-95.22067340000001,29.719274999999982],[-95.22064289999997,29.719241099999977],[-95.22057669999998,29.719172300000025],[-95.22049370000002,29.71908159999998],[-95.22042859999999,29.719012799999973],[-95.22032789999997,29.718900099999985],[-95.22021050000001,29.71876659999998],[-95.22011989999999,29.718678300000022],[-95.22000960000003,29.718450099999984],[-95.2199172,29.71842349999997],[-95.2198596,29.718338300000028],[-95.21981640000001,29.718186100000025],[-95.21979540000001,29.718085299999984],[-95.21978819999998,29.718014700000026],[-95.21976890000002,29.717909099999986],[-95.2196662,29.717946600000005],[-95.21947089999998,29.718019000000027],[-95.21949410000002,29.718120999999996],[-95.2194857,29.718207199999995],[-95.21957179999998,29.718325400000026],[-95.21960849999999,29.7183804],[-95.2196348,29.718424400000004],[-95.21966520000001,29.71848030000001],[-95.21956440000002,29.718540800000028],[-95.21941220000002,29.71857110000002],[-95.21933030000002,29.718599499999982],[-95.21920849999998,29.7186279],[-95.21908880000001,29.71865539999999],[-95.218884,29.71870580000001],[-95.21874960000002,29.71873419999997],[-95.2186079,29.718756199999973],[-95.21853329999999,29.718765399999995],[-95.21844190000002,29.718770000000006],[-95.21831079999998,29.718774499999995],[-95.218254,29.718771800000013],[-95.21803779999999,29.718779100000006],[-95.2179223,29.718783700000017],[-95.2177888,29.718783700000017],[-95.21771009999998,29.71877999999998],[-95.21766480000002,29.71877710000001],[-95.21759689999999,29.718769099999975],[-95.21758490000002,29.718716099999995],[-95.21737089999999,29.71879530000001],[-95.21743179999999,29.718842400000028],[-95.21748330000003,29.71885980000002],[-95.21759689999999,29.718904399999985],[-95.21768379999997,29.718925800000022],[-95.21777209999999,29.718934900000022],[-95.2178581,29.718934900000022],[-95.21795370000001,29.718930399999977],[-95.21801249999999,29.718925800000022],[-95.21811760000003,29.718909300000007],[-95.21826879999998,29.718872599999997],[-95.2183789,29.71884510000001],[-95.21857740000002,29.71881300000001],[-95.21879480000001,29.71880390000001],[-95.21894700000001,29.718785500000024],[-95.21907620000002,29.71874889999998],[-95.21915910000001,29.718725000000006],[-95.2192652,29.718704000000002],[-95.2193418,29.718689299999994],[-95.2194237,29.718684699999983],[-95.2195193,29.718684699999983],[-95.21968729999998,29.718698500000016],[-95.21976599999999,29.718749800000012],[-95.21982270000001,29.71879560000002],[-95.2198545,29.718824700000027],[-95.21988570000002,29.7188534],[-95.21994869999997,29.71891199999999],[-95.22000960000003,29.71896700000002],[-95.22006529999999,29.719026600000007],[-95.22011989999999,29.719086199999992],[-95.2202049,29.719168500000023],[-95.2202595,29.719226400000025],[-95.22029739999999,29.719283200000007],[-95.22032580000001,29.719333600000027],[-95.22034989999997,29.719372099999987],[-95.22041080000002,29.71944910000002],[-95.22049479999998,29.719527900000003],[-95.22055890000001,29.719592999999975],[-95.22061150000002,29.719647599999973],[-95.22068280000002,29.7197314],[-95.22074709999998,29.71982680000002],[-95.22078249999998,29.7199028],[-95.22075419999999,29.7199789],[-95.22083709999998,29.72003110000003],[-95.22104180000002,29.7201374],[-95.2213337,29.72026390000002],[-95.22146179999999,29.720318899999995],[-95.22156469999999,29.72037849999998],[-95.22166340000001,29.720438100000024],[-95.22178839999998,29.720503099999974],[-95.2219586,29.720557199999973],[-95.22213599999998,29.72062410000001],[-95.22222490000001,29.7206731],[-95.22231679999999,29.72070020000001],[-95.22233189999997,29.7207047],[-95.22240499999998,29.720730600000024],[-95.22258749999997,29.72079550000001],[-95.22275439999999,29.720819300000016],[-95.22285110000001,29.7208258],[-95.2228983,29.720831299999986],[-95.22299809999998,29.720875999999976],[-95.22302109999998,29.720886300000018],[-95.22318489999998,29.720944900000006],[-95.22332360000001,29.721001699999988],[-95.2233865,29.721059500000024],[-95.22342429999998,29.72109979999999],[-95.22349680000002,29.721152000000018],[-95.22358179999998,29.721112600000026],[-95.22363309999997,29.72116970000002],[-95.22364349999998,29.721208999999988],[-95.22365530000002,29.7212538],[-95.2236547,29.721263099999987],[-95.22365109999998,29.721317],[-95.22361649999999,29.72137570000001],[-95.22354819999998,29.721458199999972],[-95.22347480000002,29.72154710000001],[-95.22336159999998,29.72156419999999],[-95.22333520000001,29.721661299999994],[-95.22340860000003,29.7217799],[-95.22346320000003,29.721836699999983],[-95.22351370000001,29.721901800000012],[-95.22353140000001,29.721989800000017],[-95.22349259999999,29.72211440000001],[-95.22348419999997,29.72223170000001],[-95.22349780000002,29.722372899999982],[-95.22354940000002,29.722467300000005],[-95.22364479999999,29.722608400000013],[-95.22371500000003,29.722758399999975],[-95.2237834,29.72291819999998],[-95.22383489999999,29.723019899999997],[-95.22392789999998,29.7231769],[-95.2239611,29.72325139999998],[-95.2239978,29.723592800000006],[-95.22398570000001,29.723777700000028],[-95.22398329999999,29.723814500000003],[-95.2239424,29.72392610000003],[-95.22393599999998,29.723943599999984],[-95.22392359999998,29.723977400000024],[-95.22391850000002,29.72398629999998],[-95.22377610000001,29.7242344],[-95.22364540000001,29.724323200000015],[-95.22348570000003,29.72438390000002],[-95.22338200000002,29.724402399999974],[-95.22335450000003,29.724407299999996],[-95.22332239999997,29.724413000000027],[-95.22250980000001,29.724203799999998],[-95.22250359999998,29.7242023],[-95.2223449,29.724161400000014],[-95.22190280000001,29.72399710000002],[-95.22173299999997,29.723952399999973],[-95.22157220000003,29.723916599999995],[-95.22146049999998,29.723902699999996],[-95.22142969999999,29.723898899999995],[-95.22140669999999,29.723896000000025],[-95.22088250000002,29.723794699999985],[-95.22088120000001,29.723794499999997],[-95.2208243,29.723783500000025],[-95.2205126,29.7237126],[-95.22013370000002,29.723600499999975],[-95.2200641,29.723579599999994],[-95.21989430000002,29.72352840000002],[-95.21965060000002,29.723469299999977],[-95.21954040000003,29.7234426],[-95.21920979999999,29.723387000000002],[-95.21877749999999,29.723358899999994],[-95.21780439999998,29.723390400000028],[-95.21774599999998,29.7233923],[-95.21761359999999,29.7233966],[-95.21732530000003,29.72340539999999],[-95.21667730000001,29.72351470000001],[-95.21618569999998,29.723597499999983],[-95.21615580000002,29.723602599999992],[-95.21607019999999,29.72361699999999],[-95.21592829999997,29.723640199999977],[-95.21588700000001,29.723656199999994]]]}},{"type":"Feature","properties":{},"geometry":{"type":"Polygon","coordinates":[[[-95.17512749999997,29.754068700000005],[-95.1753061,29.754121699999985],[-95.17547280000002,29.75420730000002],[-95.17563660000002,29.754302699999982],[-95.17568940000001,29.754342699999995],[-95.17574029999997,29.754382700000008],[-95.1757897,29.75443389999998],[-95.17582959999999,29.754489499999977],[-95.17588790000002,29.754579799999988],[-95.17600859999999,29.7547146],[-95.1761004,29.75480399999998],[-95.17619359999998,29.75490430000002],[-95.1762367,29.75494309999999],[-95.17627390000001,29.754981299999997],[-95.17635530000001,29.755065100000024],[-95.17645629999998,29.755166700000018],[-95.17648309999998,29.75519559999998],[-95.1765509,29.755278099999998],[-95.17659889999999,29.755307099999982],[-95.17674790000001,29.75541290000001],[-95.1767896,29.7554523],[-95.17683829999999,29.755493],[-95.1769074,29.75556069999999],[-95.17698080000002,29.755653800000005],[-95.17700630000002,29.755683900000008],[-95.1770338,29.75571960000002],[-95.17707200000001,29.7557683],[-95.17710369999998,29.75579970000001],[-95.17712640000002,29.755837299999996],[-95.17716519999999,29.75592039999998],[-95.17719340000002,29.755972100000008],[-95.17723360000002,29.756028800000024],[-95.17732059999997,29.756123000000002],[-95.17736289999999,29.756177200000025],[-95.17744479999999,29.756286799999998],[-95.1774886,29.7563447],[-95.17755570000003,29.756438899999978],[-95.177615,29.7565017],[-95.17765450000002,29.756537400000013],[-95.17772730000002,29.756607599999995],[-95.1777682,29.756654400000002],[-95.17780629999999,29.756712900000025],[-95.17783600000001,29.756754100000023],[-95.1778741,29.75679789999998],[-95.17792229999998,29.75685340000001],[-95.1779588,29.756919200000027],[-95.17799489999999,29.75697580000002],[-95.17809929999999,29.757074199999977],[-95.17816850000003,29.757143900000017],[-95.17833180000002,29.757292199999995],[-95.17839529999998,29.757357000000013],[-95.1784245,29.757413100000008],[-95.17842350000001,29.757494099999974],[-95.1784495,29.75756039999999],[-95.17853639999998,29.757612499999993],[-95.17861850000003,29.75765080000002],[-95.17867310000003,29.757695099999978],[-95.1787089,29.757746499999996],[-95.17876890000002,29.75781599999999],[-95.17885910000001,29.757899699999996],[-95.17892590000002,29.757958700000017],[-95.1789564,29.758004000000028],[-95.17901899999998,29.75799710000001],[-95.1791642,29.758047599999998],[-95.17925159999999,29.75808619999998],[-95.17925760000003,29.75808890000002],[-95.1793389,29.75815019999999],[-95.1794107,29.758219800000006],[-95.17957849999999,29.758395199999995],[-95.17971080000001,29.758521799999983],[-95.17983829999997,29.758633900000007],[-95.17988860000003,29.758588499999973],[-95.17993630000001,29.75863270000002],[-95.1798857,29.758673799999997],[-95.17993209999997,29.758711500000004],[-95.17999880000002,29.758765600000004],[-95.1800548,29.758815200000015],[-95.18008739999999,29.758862399999998],[-95.18013109999998,29.75894629999999],[-95.18016130000001,29.759009300000002],[-95.18018869999997,29.759048199999995],[-95.18023640000001,29.75909059999998],[-95.18032729999999,29.75914499999999],[-95.18038869999998,29.759190100000012],[-95.18043999999998,29.759242599999993],[-95.18044070000002,29.759282100000007],[-95.18043239999997,29.75931780000002],[-95.18044789999999,29.75937090000002],[-95.18052870000002,29.759384099999977],[-95.18058300000001,29.759424000000024],[-95.18061019999999,29.759503300000006],[-95.18069209999999,29.759517200000005],[-95.18069170000001,29.759556400000008],[-95.18070360000002,29.759613899999977],[-95.1807301,29.75965480000002],[-95.18083230000002,29.7596896],[-95.18088069999999,29.759742399999993],[-95.18095620000003,29.759842300000003],[-95.18107789999999,29.760012500000016],[-95.181171,29.760088399999972],[-95.1813373,29.76019739999998],[-95.1814824,29.76026250000001],[-95.18155059999998,29.760309500000005],[-95.18170889999999,29.760471999999993],[-95.1818417,29.760569099999998],[-95.18196899999998,29.760686399999997],[-95.18204379999997,29.760724600000003],[-95.1822042,29.760777200000007],[-95.18248590000002,29.760908900000004],[-95.18259280000001,29.761000299999978],[-95.1826686,29.761036199999978],[-95.18292309999998,29.76108260000001],[-95.18301860000003,29.76110890000001],[-95.18314040000001,29.761127199999976],[-95.18329829999999,29.761169100000018],[-95.18339930000002,29.76119110000002],[-95.18354499999998,29.761233100000027],[-95.18369280000002,29.761264600000004],[-95.18391700000001,29.761272899999994],[-95.1840889,29.761272599999984],[-95.18417799999997,29.76126549999998],[-95.18423189999999,29.761253099999976],[-95.18428790000002,29.76123960000001],[-95.1843801,29.761244299999987],[-95.1844486,29.76125189999999],[-95.18444269999998,29.761212],[-95.18457740000002,29.761202500000024],[-95.1846956,29.761194199999977],[-95.1846969,29.76120320000001],[-95.18470450000001,29.761255800000015],[-95.18475749999999,29.761256000000003],[-95.18485579999998,29.76128940000001],[-95.1849752,29.76131650000002],[-95.18520840000002,29.761372199999983],[-95.1854042,29.761408700000004],[-95.1855036,29.761407200000008],[-95.18563310000002,29.761394800000005],[-95.1858618,29.7613647],[-95.18601310000003,29.761332200000027],[-95.18612130000002,29.761303899999973],[-95.18619760000001,29.761275000000012],[-95.18649090000002,29.761240199999975],[-95.18658720000002,29.761229000000014],[-95.1865477,29.761043700000016],[-95.1865373,29.76099499999998],[-95.18648960000002,29.76077090000001],[-95.18647010000001,29.76067979999999],[-95.1864582,29.760624000000007],[-95.18643329999998,29.760511699999995],[-95.18639250000001,29.7605226],[-95.1862951,29.760543799999994],[-95.18610319999999,29.760579099999973],[-95.18600859999998,29.76059120000002],[-95.18577629999999,29.760606100000018],[-95.1855051,29.760656900000015],[-95.1848708,29.76070850000002],[-95.18479070000001,29.760709299999974],[-95.18458550000003,29.76075609999998],[-95.1845308,29.760762399999976],[-95.1843728,29.760758399999986],[-95.18424900000002,29.760753799999975],[-95.18411789999999,29.76072879999998],[-95.18361829999998,29.76060719999998],[-95.18319930000001,29.76049899999998],[-95.18287040000001,29.760399600000028],[-95.1828645,29.76035250000001],[-95.1826332,29.760228400000017],[-95.18255160000001,29.760173500000008],[-95.18251299999997,29.760074400000008],[-95.182434,29.76002840000001],[-95.1823698,29.75996140000001],[-95.18232569999998,29.759931600000016],[-95.18224800000002,29.75991429999999],[-95.18209039999999,29.75978809999998],[-95.18193559999997,29.75965500000001],[-95.18193159999998,29.759651399999996],[-95.1817977,29.759534299999984],[-95.1815823,29.759322699999984],[-95.18143620000001,29.75920450000001],[-95.18124749999998,29.759066599999983],[-95.18110460000003,29.758980099999974],[-95.1810317,29.758919300000002],[-95.18109500000003,29.758705599999985],[-95.18179020000002,29.758068700000024],[-95.18175880000001,29.75804290000002],[-95.18173890000003,29.7580241],[-95.18171419999999,29.75800079999999],[-95.18168559999998,29.757967699999995],[-95.18110489999998,29.75847809999999],[-95.1810127,29.758552099999974],[-95.18091679999998,29.75856909999999],[-95.1808595,29.758548200000007],[-95.18074460000003,29.758463199999994],[-95.1807263,29.758447199999978],[-95.1806924,29.758417599999973],[-95.1806527,29.758353699999986],[-95.180632,29.75830050000002],[-95.1806287,29.75823300000002],[-95.18063269999999,29.75818479999998],[-95.18065489999998,29.75812289999999],[-95.1806944,29.758050700000013],[-95.18079749999998,29.757958799999983],[-95.18083969999998,29.757924100000025],[-95.1808896,29.757864600000005],[-95.18096309999999,29.757808099999977],[-95.18100320000002,29.75777640000001],[-95.18104770000002,29.75775379999999],[-95.18108380000001,29.757722100000024],[-95.18111199999998,29.75765769999998],[-95.18118750000002,29.75759099999999],[-95.1812448,29.757526700000028],[-95.18128209999998,29.757466899999997],[-95.1813151,29.75742059999999],[-95.18135339999998,29.757369900000015],[-95.18137990000002,29.757339100000024],[-95.18135000000001,29.7572725],[-95.1813421,29.7572629],[-95.1812875,29.75719620000001],[-95.18123229999998,29.757182999999998],[-95.18123150000002,29.757183499999996],[-95.18108810000001,29.757284500000026],[-95.18096930000002,29.757366400000024],[-95.18089930000002,29.757413999999983],[-95.18041829999999,29.75780850000001],[-95.18035020000002,29.757809699999996],[-95.18022839999998,29.757883100000015],[-95.1801466,29.757954600000005],[-95.1797937,29.75759210000001],[-95.1797118,29.757508099999995],[-95.17966339999998,29.75747439999998],[-95.17965199999998,29.757462999999973],[-95.17963459999999,29.757477199999983],[-95.17960190000002,29.757503999999983],[-95.17947290000001,29.757356399999992],[-95.17950760000002,29.757332299999973],[-95.17951579999999,29.7573266],[-95.17950619999999,29.757317],[-95.17943070000001,29.757217700000012],[-95.1793927,29.75715789999998],[-95.17936980000002,29.75711819999998],[-95.1793581,29.757068199999992],[-95.1794246,29.756977600000027],[-95.17951829999998,29.756899999999973],[-95.1796683,29.75677639999998],[-95.17981709999998,29.7566592],[-95.17989210000002,29.756575800000007],[-95.17993919999998,29.75651909999999],[-95.18000410000002,29.756449799999984],[-95.18010099999998,29.756374100000016],[-95.18021900000002,29.75627830000002],[-95.1802773,29.756222100000002],[-95.1803021,29.756182000000024],[-95.18032260000001,29.7561288],[-95.18031930000001,29.75608790000001],[-95.18029589999998,29.756053099999974],[-95.18022100000002,29.755988000000002],[-95.18000640000002,29.75580739999998],[-95.17918859999997,29.756498599999986],[-95.17913320000002,29.756546200000003],[-95.17895379999999,29.75669579999999],[-95.17892269999999,29.756658000000016],[-95.17880910000002,29.756520000000023],[-95.17858580000001,29.7562231],[-95.17852950000002,29.75614489999998],[-95.17838169999999,29.7559397],[-95.17817580000002,29.755653800000005],[-95.1782116,29.7556194],[-95.17851239999999,29.75533059999998],[-95.17858580000001,29.75526020000001],[-95.1784606,29.75515250000001],[-95.17817059999999,29.754903300000024],[-95.17791440000002,29.754683100000022],[-95.17789440000001,29.75466590000002],[-95.177209,29.754076699999985],[-95.17731199999997,29.754023200000006],[-95.17759949999999,29.753873999999996],[-95.1779105,29.75371259999997],[-95.1779917,29.753670399999976],[-95.17776479999998,29.753311199999985],[-95.17695140000001,29.753729899999996],[-95.17685999999998,29.753777000000014],[-95.17655400000001,29.753395899999987],[-95.17653000000001,29.753366099999994],[-95.17717920000001,29.75264629999998],[-95.1768146,29.752332200000012],[-95.1765522,29.752569600000015],[-95.17647699999998,29.752637600000014],[-95.1764192,29.752689799999985],[-95.17601719999999,29.7530534],[-95.17597319999999,29.75304269999998],[-95.17547109999998,29.75292109999998],[-95.17542300000002,29.75290940000002],[-95.1754439,29.75280170000002],[-95.1751686,29.75273870000001],[-95.17500000000001,29.752700100000027],[-95.17500000000001,29.751865599999974],[-95.17500000000001,29.74951600000003],[-95.17500000000001,29.74939660000001],[-95.17500000000001,29.749362899999994],[-95.17500000000001,29.749242900000013],[-95.17500000000001,29.74919799999998],[-95.17500000000001,29.7490454],[-95.17500000000001,29.747687400000018],[-95.17500000000001,29.747662400000024],[-95.17508959999998,29.7476494],[-95.1753531,29.747611099999972],[-95.1753903,29.747760000000028],[-95.17542150000003,29.747884899999974],[-95.17566290000002,29.74783960000002],[-95.1764569,29.747690799999987],[-95.17671639999998,29.7476499],[-95.17686950000001,29.747625700000015],[-95.17720830000002,29.74756530000002],[-95.17745380000002,29.747522000000004],[-95.17750330000001,29.74751329999998],[-95.17782649999998,29.747456399999976],[-95.17787659999999,29.747444900000005],[-95.17820590000002,29.747368900000026],[-95.17856339999997,29.747298600000022],[-95.17869760000002,29.747271599999976],[-95.17865599999999,29.747101499999985],[-95.17863349999999,29.74700949999999],[-95.17863,29.74699529999998],[-95.17862980000001,29.746994500000028],[-95.17869150000001,29.7469835],[-95.17875049999998,29.746973000000025],[-95.17876560000002,29.746970299999987],[-95.17882279999998,29.746960100000024],[-95.17886549999997,29.74695250000002],[-95.17903619999998,29.746922100000006],[-95.17903890000002,29.746817299999975],[-95.1790934,29.746775200000002],[-95.1791882,29.746758100000022],[-95.1792739,29.746751000000017],[-95.17953399999999,29.746700099999998],[-95.17959939999997,29.746717699999977],[-95.17967040000002,29.74673009999998],[-95.17970300000002,29.74677300000002],[-95.1797426,29.746854100000007],[-95.17977789999998,29.74700710000002],[-95.17980460000001,29.7471271],[-95.1797947,29.747160699999995],[-95.17996490000002,29.74714560000001],[-95.17996900000003,29.747145199999977],[-95.18006880000002,29.747136300000022],[-95.18026839999999,29.74711860000002],[-95.18037229999999,29.747109299999977],[-95.18068199999999,29.747089200000005],[-95.1807369,29.747085700000014],[-95.18079999999998,29.7470816],[-95.18081130000002,29.747080900000014],[-95.18083080000002,29.747079600000006],[-95.18087250000002,29.747076900000025],[-95.18150839999998,29.747035700000026],[-95.18338670000003,29.746945700000026],[-95.18593600000003,29.746819700000003],[-95.18650209999998,29.746732899999984],[-95.1870801,29.7466316],[-95.18729990000003,29.74656920000001],[-95.1893048,29.74625450000002],[-95.18931170000002,29.7462534],[-95.18954389999999,29.74621639999998],[-95.19029110000002,29.746096299999977],[-95.1905683,29.74604629999999],[-95.1905802,29.746044900000015],[-95.19059429999999,29.746043299999997],[-95.1906429,29.746037600000022],[-95.19069739999998,29.746031200000004],[-95.19075679999997,29.746024299999988],[-95.1908095,29.74601819999998],[-95.1908967,29.746008000000018],[-95.19094369999999,29.746002499999975],[-95.19098070000001,29.745998199999974],[-95.19104659999999,29.745990500000005],[-95.19111859999998,29.745818499999984],[-95.19112209999997,29.74581010000003],[-95.1911728,29.745688900000005],[-95.19119719999998,29.745630800000015],[-95.19121059999998,29.745598700000016],[-95.19128610000001,29.745412799999997],[-95.19130410000002,29.745360100000028],[-95.19134020000001,29.74525440000002],[-95.1913788,29.745189900000014],[-95.19139860000001,29.745087099999978],[-95.19148030000002,29.74507030000001],[-95.19150760000002,29.745102700000018],[-95.19156500000003,29.745093999999995],[-95.1916569,29.7450384],[-95.19177939999997,29.744968700000015],[-95.19182360000002,29.744939999999986],[-95.1919062,29.744886199999996],[-95.19207449999999,29.744979399999977],[-95.19212499999998,29.745007299999997],[-95.19250039999997,29.744818199999997],[-95.19368859999997,29.744219499999986],[-95.19405230000001,29.744036600000015],[-95.1941663,29.743979200000012],[-95.1941635,29.743759399999988],[-95.1942373,29.743766499999992],[-95.1942727,29.743798500000025],[-95.19435340000001,29.74372299999999],[-95.19443369999999,29.743716800000016],[-95.1944949,29.74363820000002],[-95.19452310000003,29.743601899999987],[-95.1945523,29.74356449999999],[-95.1945892,29.743550900000002],[-95.19463309999998,29.74353480000002],[-95.19464950000003,29.74352879999998],[-95.19505500000002,29.743379600000026],[-95.19520690000002,29.743319999999983],[-95.19536299999999,29.743262200000004],[-95.19543599999997,29.743239500000016],[-95.19558489999997,29.743193099999985],[-95.19576610000001,29.7431325],[-95.1958995,29.743089399999974],[-95.1959291,29.743079799999975],[-95.19620320000001,29.742972399999985],[-95.1962383,29.742953399999976],[-95.19634580000002,29.742920099999992],[-95.1963637,29.742960299999993],[-95.19641000000001,29.742957100000012],[-95.19656229999998,29.742923200000007],[-95.19664189999997,29.742905500000006],[-95.19682549999999,29.74286460000002],[-95.1969163,29.742905300000018],[-95.19694909999998,29.742901599999982],[-95.1971514,29.742878700000006],[-95.19712149999998,29.742792599999973],[-95.19719509999999,29.742755699999975],[-95.19746950000001,29.742687699999976],[-95.19747910000001,29.742720200000008],[-95.1974879,29.742749800000013],[-95.19748620000001,29.74280729999998],[-95.1977205,29.742744000000016],[-95.1977536,29.742730300000005],[-95.19780050000003,29.742684199999985],[-95.1978148,29.74267020000002],[-95.1978403,29.742645100000004],[-95.19825409999999,29.742572199999984],[-95.19844189999998,29.742532299999993],[-95.19857089999999,29.742514700000015],[-95.19864539999998,29.742525899999976],[-95.19884530000002,29.742503699999986],[-95.1990538,29.7424805],[-95.19915020000002,29.742468700000018],[-95.19921679999999,29.742460600000015],[-95.1993827,29.742387699999995],[-95.1994368,29.742367300000012],[-95.1994105,29.742302499999994],[-95.1994934,29.74227669999999],[-95.19948470000003,29.742253000000005],[-95.1994737,29.742223000000024],[-95.19946299999998,29.742193799999995],[-95.1994732,29.7421779],[-95.19948929999998,29.742152900000008],[-95.19996630000003,29.742042700000013],[-95.19998240000001,29.742049800000018],[-95.20000270000003,29.742058799999995],[-95.2000114,29.74207369999999],[-95.20002,29.742088500000023],[-95.20002469999997,29.74209639999998],[-95.2000342,29.742112700000007],[-95.20005020000002,29.742140000000006],[-95.20007279999999,29.742225099999985],[-95.20015059999997,29.742197299999987],[-95.20018649999997,29.742190900000026],[-95.20037209999998,29.742158000000018],[-95.20074879999999,29.742091300000027],[-95.20075250000002,29.742090599999983],[-95.20078769999998,29.74208440000001],[-95.20090199999999,29.742064099999993],[-95.20091969999999,29.742122999999992],[-95.20101899999997,29.74210210000001],[-95.201008,29.742050199999994],[-95.2010416,29.74204900000001],[-95.20106800000002,29.74204800000001],[-95.2010927,29.74204709999998],[-95.20111539999999,29.74212540000002],[-95.20115279999999,29.7422545],[-95.20117950000002,29.742346800000007],[-95.20122149999997,29.742491599999994],[-95.20120600000001,29.74252580000001],[-95.2013915,29.743153699999993],[-95.2016279,29.743373299999973],[-95.20178390000001,29.743340400000022],[-95.20206580000001,29.743279200000018],[-95.20239659999999,29.743205999999986],[-95.202606,29.743156399999975],[-95.20264459999999,29.743147299999976],[-95.2026912,29.74313619999998],[-95.2027713,29.743117299999994],[-95.20281,29.743108099999972],[-95.20276539999998,29.742957199999978],[-95.2026836,29.742680800000016],[-95.20259140000002,29.742369399999973],[-95.20254119999998,29.742199599999992],[-95.20252420000003,29.742185399999983],[-95.20248070000002,29.742149100000006],[-95.20240469999999,29.741894000000002],[-95.202359,29.74174049999999],[-95.20232870000001,29.74163870000001],[-95.20235530000002,29.7416288],[-95.202361,29.741626699999983],[-95.20236160000002,29.741626399999973],[-95.2023883,29.74161650000002],[-95.20241440000001,29.741606699999977],[-95.2024533,29.74159229999998],[-95.20246359999999,29.741588400000012],[-95.2024657,29.741595500000017],[-95.20254460000001,29.741866000000016],[-95.20254640000002,29.741872],[-95.20261590000001,29.742110200000013],[-95.20265,29.74229680000002],[-95.2026869,29.74241330000001],[-95.20271000000002,29.742406700000004],[-95.20275939999999,29.74239749999998],[-95.20276260000003,29.742396900000017],[-95.202605,29.74187330000001],[-95.20271630000002,29.741893600000026],[-95.20275700000002,29.741900999999984],[-95.20276960000001,29.7419041],[-95.20299360000001,29.741958399999987],[-95.20322320000002,29.742013999999983],[-95.20357539999998,29.74210019999998],[-95.20397960000003,29.742199099999993],[-95.20389740000002,29.7420295],[-95.2038609,29.741954099999987],[-95.20380929999999,29.741847699999994],[-95.20371999999998,29.741813400000012],[-95.2037378,29.741774299999975],[-95.20373860000001,29.741772500000025],[-95.20375430000001,29.741737999999998],[-95.20377989999997,29.741681700000015],[-95.20400649999999,29.741771400000005],[-95.20399079999999,29.741797399999996],[-95.2039714,29.741829499999994],[-95.20397050000003,29.741829399999972],[-95.20390370000001,29.741820099999984],[-95.20396299999999,29.741943400000025],[-95.20399939999999,29.742018900000005],[-95.2040149,29.74205119999999],[-95.20406070000001,29.7421463],[-95.20410370000002,29.74223569999998],[-95.20410600000002,29.74224049999998],[-95.20426709999998,29.742271500000015],[-95.20479560000001,29.74234419999999],[-95.20531190000003,29.74241710000001],[-95.20568809999997,29.74232710000001],[-95.20643480000001,29.742017099999998],[-95.20675069999999,29.741703799999982],[-95.20672330000002,29.741446800000006],[-95.20658529999997,29.741460399999994],[-95.20653600000003,29.741465199999993],[-95.20652810000001,29.741392500000018],[-95.20671579999998,29.741376300000013],[-95.20670710000002,29.741294600000003],[-95.20573910000002,29.74092139999999],[-95.2054402,29.74083189999999],[-95.20539609999997,29.740893299999982],[-95.2053439,29.74096609999998],[-95.20529959999999,29.741027700000018],[-95.20523839999998,29.741005700000017],[-95.20526210000003,29.74095970000002],[-95.20517969999997,29.74095319999998],[-95.20517940000002,29.74102240000002],[-95.20516679999997,29.741052200000013],[-95.20515369999998,29.741083000000003],[-95.2051525,29.741085800000008],[-95.2050969,29.741064199999983],[-95.2050681,29.7410529],[-95.20496759999997,29.741013899999984],[-95.20484520000002,29.740966200000003],[-95.2047776,29.7409399],[-95.20479080000001,29.740911700000026],[-95.20480079999999,29.740890400000012],[-95.20481430000001,29.740861499999994],[-95.20483480000001,29.740817900000025],[-95.20491570000002,29.740812600000027],[-95.20500520000002,29.740806700000007],[-95.2050635,29.740829200000007],[-95.20507789999999,29.740834800000016],[-95.2051444,29.74074730000001],[-95.20517430000001,29.740707900000018],[-95.20522599999998,29.740601099999992],[-95.20541789999999,29.740671599999985],[-95.20548589999999,29.740542300000016],[-95.20553000000001,29.7404583],[-95.20546409999997,29.740446200000008],[-95.2054814,29.740417499999978],[-95.20549440000002,29.740396099999998],[-95.20551440000003,29.740363100000025],[-95.20553619999998,29.74032699999998],[-95.20555789999997,29.74029109999998],[-95.20556640000001,29.740276999999992],[-95.20584830000001,29.74038810000002],[-95.20582739999998,29.740430800000013],[-95.20581550000003,29.740454999999997],[-95.20579830000003,29.74049020000001],[-95.20575129999997,29.740555200000017],[-95.20572770000001,29.740587800000014],[-95.20572659999999,29.74058739999998],[-95.20572499999997,29.740589999999997],[-95.20565199999999,29.740561000000014],[-95.20561700000002,29.74062600000002],[-95.20566000000002,29.740642999999977],[-95.20560999999998,29.740744000000007],[-95.205849,29.740836600000023],[-95.20615939999999,29.74095699999998],[-95.2065321,29.74110139999999],[-95.20669099999998,29.741162999999972],[-95.20680199999998,29.74120929999998],[-95.20729130000001,29.74106260000002],[-95.20758519999998,29.740979900000013],[-95.2075537,29.740923599999974],[-95.20752720000002,29.740876200000002],[-95.20750980000003,29.740823299999988],[-95.2075304,29.740820100000008],[-95.20767719999998,29.740797199999975],[-95.20767919999997,29.740805000000023],[-95.20769080000002,29.740850299999977],[-95.20761909999999,29.740865900000017],[-95.2076601,29.740959499999974],[-95.20769209999997,29.74095010000002],[-95.20796530000001,29.740869999999973],[-95.20800379999997,29.740915299999983],[-95.2080719,29.740879600000028],[-95.20814259999997,29.740841400000022],[-95.20824529999999,29.740807399999994],[-95.2084365,29.740775499999984],[-95.20848480000001,29.74076439999999],[-95.208531,29.740747999999996],[-95.20858240000001,29.740730499999984],[-95.20865170000002,29.740711299999987],[-95.20870630000002,29.74070210000002],[-95.2088554,29.74068840000001],[-95.20895410000003,29.740677100000028],[-95.20906860000002,29.740570100000014],[-95.2091605,29.740519099999972],[-95.20932299999998,29.7406201],[-95.2092639,29.74045380000001],[-95.20919099999998,29.740309000000025],[-95.20914470000002,29.740297999999996],[-95.2091087,29.7402558],[-95.20899659999998,29.74011999999999],[-95.2088415,29.740055199999972],[-95.20879450000001,29.7400356],[-95.20872400000002,29.7400083],[-95.2086266,29.739970599999992],[-95.20858820000001,29.739955699999996],[-95.2085017,29.739922200000024],[-95.20839969999997,29.739882599999987],[-95.20831079999999,29.739848199999983],[-95.20812269999999,29.73977530000002],[-95.20696400000003,29.73932639999998],[-95.20695009999997,29.739352399999973],[-95.20666080000001,29.739239199999986],[-95.20656100000002,29.739200200000028],[-95.20651779999997,29.73918329999998],[-95.2065336,29.739152199999978],[-95.2065561,29.7391078],[-95.20657729999999,29.739065900000014],[-95.206591,29.739038900000025],[-95.20659389999997,29.739033199999994],[-95.20670999999999,29.739078000000006],[-95.20702899999998,29.73920099999998],[-95.2070167,29.739226099999996],[-95.20890509999998,29.739957800000013],[-95.20906020000001,29.740034999999978],[-95.2091863,29.74013500000001],[-95.2092902,29.740259700000024],[-95.20936039999998,29.740396099999998],[-95.20940109999998,29.74048320000003],[-95.2094568,29.740479499999992],[-95.2095481,29.74045289999998],[-95.20967839999997,29.740393400000016],[-95.20979490000002,29.740336500000012],[-95.20987159999999,29.74030540000001],[-95.20993879999997,29.740289800000028],[-95.20999130000001,29.74024400000002],[-95.21006999999997,29.740200000000016],[-95.21021180000002,29.740156000000013],[-95.21024210000002,29.740107899999998],[-95.21029010000001,29.74007640000002],[-95.21035319999999,29.740027800000007],[-95.21038800000002,29.740003100000024],[-95.2103186,29.740019000000018],[-95.21028610000002,29.739908300000025],[-95.2103932,29.73988430000003],[-95.21044510000002,29.739872699999978],[-95.21044769999997,29.739881500000024],[-95.2104693,29.739955500000008],[-95.21053360000002,29.73995819999999],[-95.2106005,29.739966299999992],[-95.21067260000001,29.739969099999996],[-95.2107226,29.7399805],[-95.21076640000001,29.739990499999976],[-95.21088120000002,29.74000719999998],[-95.21097220000001,29.74007039999998],[-95.21102439999999,29.740154200000006],[-95.21107590000003,29.740236400000015],[-95.21115659999998,29.740252699999985],[-95.21121160000001,29.740240099999994],[-95.21122839999998,29.74016849999998],[-95.211341,29.74009669999998],[-95.21134139999998,29.74003620000002],[-95.21138459999997,29.739990299999988],[-95.2115465,29.73997250000002],[-95.21163910000001,29.739958600000023],[-95.21176630000002,29.739931899999988],[-95.2118332,29.739929700000005],[-95.21189700000002,29.739887099999976],[-95.21197590000003,29.739947400000005],[-95.21196379999998,29.740012200000024],[-95.21196270000002,29.740180699999996],[-95.2119482,29.740351999999973],[-95.21195519999998,29.740530700000022],[-95.21199189999999,29.74071379999998],[-95.21200590000001,29.74078659999998],[-95.21195899999998,29.740849700000012],[-95.2118845,29.740939500000025],[-95.21194430000003,29.741001799999992],[-95.21204929999999,29.740965200000005],[-95.21212179999998,29.740910199999973],[-95.21216479999998,29.740852399999994],[-95.21218900000002,29.740778200000022],[-95.21219739999998,29.740727800000002],[-95.2121995,29.740659100000016],[-95.21220790000001,29.74055370000002],[-95.21220790000001,29.74048499999998],[-95.2121995,29.74036860000001],[-95.2121995,29.740226600000028],[-95.21220469999997,29.740142300000002],[-95.2122205,29.74002039999999],[-95.2122152,29.739981],[-95.21221309999999,29.7399269],[-95.2122005,29.7398106],[-95.21219739999998,29.73973269999999],[-95.21218900000002,29.739653900000008],[-95.2121869,29.73959430000002],[-95.2121785,29.73952459999998],[-95.2121785,29.739462300000014],[-95.21216800000002,29.739340500000026],[-95.21220790000001,29.739246999999978],[-95.21224410000002,29.739222600000005],[-95.21230550000001,29.739214300000015],[-95.21237769999999,29.739204700000016],[-95.21244689999997,29.739200700000026],[-95.2125092,29.739200299999993],[-95.21258590000002,29.73925159999999],[-95.21258590000002,29.739357900000016],[-95.21258590000002,29.739466900000025],[-95.21260160000003,29.7396933],[-95.21261950000002,29.739783999999986],[-95.21262259999997,29.73985269999997],[-95.21262259999997,29.74010099999998],[-95.21261950000002,29.740178000000014],[-95.21262259999997,29.740257699999972],[-95.21262469999999,29.740298999999993],[-95.2126331,29.740345699999978],[-95.21265829999999,29.740454699999987],[-95.21270980000003,29.74054460000002],[-95.21276230000001,29.740599499999973],[-95.21284630000002,29.74062429999998],[-95.2129324,29.740631599999972],[-95.21302789999999,29.740618799999993],[-95.21302789999999,29.73870169999998],[-95.21292920000002,29.738740199999995],[-95.21281579999999,29.738754900000004],[-95.21288620000001,29.7386568],[-95.21297019999997,29.738604599999974],[-95.21302789999999,29.738600899999994],[-95.21302789999999,29.73843599999998],[-95.21295129999999,29.738453400000026],[-95.21284000000003,29.738455199999976],[-95.21279800000002,29.738382899999976],[-95.21279900000002,29.738325099999997],[-95.2128179,29.738218800000027],[-95.21286620000001,29.738133600000026],[-95.21293550000001,29.73804469999999],[-95.21302789999999,29.73797780000001],[-95.21302789999999,29.737817399999983],[-95.21302789999999,29.737635099999977],[-95.2129324,29.737669900000014],[-95.2127759,29.737758799999995],[-95.21267089999998,29.737862399999983],[-95.2125701,29.738004400000023],[-95.21253339999998,29.73814090000002],[-95.21250400000002,29.738291199999992],[-95.21250400000002,29.738353500000017],[-95.2125092,29.738407600000016],[-95.21253860000002,29.73849740000003],[-95.21254390000001,29.73856890000002],[-95.21249410000001,29.73860159999998],[-95.21242510000002,29.738716699999998],[-95.21231929999999,29.738864999999976],[-95.2122627,29.738921000000005],[-95.21220319999998,29.738941699999998],[-95.21216479999998,29.738939099999982],[-95.21211019999998,29.738900600000022],[-95.2121333,29.738841999999977],[-95.21219739999998,29.738820900000007],[-95.21219209999998,29.738757599999985],[-95.21213230000001,29.738711799999976],[-95.21213119999999,29.738644899999997],[-95.2121606,29.738552400000003],[-95.2121113,29.73854319999998],[-95.21208710000002,29.73860830000001],[-95.2120567,29.7387109],[-95.2119538,29.738937299999975],[-95.21188339999998,29.739016100000015],[-95.21184670000002,29.73907380000003],[-95.2118089,29.739132400000017],[-95.21176270000001,29.73918930000002],[-95.21168719999997,29.739252599999986],[-95.21165459999997,29.739275599999985],[-95.21154949999999,29.73933729999999],[-95.21142689999999,29.739400499999988],[-95.21118660000002,29.739496400000007],[-95.21107289999998,29.7395348],[-95.21094499999998,29.739568599999984],[-95.21088559999998,29.739586700000018],[-95.21080649999999,29.739586700000018],[-95.21076340000002,29.739587299999982],[-95.21059709999997,29.739586900000006],[-95.2105507,29.739581299999998],[-95.210486,29.739574500000003],[-95.21036709999998,29.73954409999999],[-95.2102961,29.739514799999995],[-95.21022099999999,29.739456700000005],[-95.21016229999998,29.739407299999982],[-95.21006460000001,29.739343099999985],[-95.20989350000002,29.739275399999997],[-95.2097139,29.739227700000015],[-95.20964989999999,29.73921949999999],[-95.20960250000002,29.73921580000001],[-95.20953020000002,29.73920659999999],[-95.2093997,29.7391925],[-95.20935500000002,29.739254300000027],[-95.20928550000002,29.739297599999986],[-95.20919520000001,29.739349800000014],[-95.2090713,29.739361400000007],[-95.20905590000001,29.739454799999976],[-95.20898399999999,29.739534900000024],[-95.2088655,29.739550199999996],[-95.2087841,29.739549099999977],[-95.20869090000002,29.739545799999973],[-95.20854939999998,29.73947229999999],[-95.20845500000001,29.739403600000003],[-95.20837619999998,29.739361400000007],[-95.2082848,29.739332999999988],[-95.20812949999998,29.73930100000001],[-95.20802550000002,29.739253299999973],[-95.2078828,29.739200299999993],[-95.20780300000001,29.739158099999997],[-95.20767799999999,29.73909950000001],[-95.20755830000002,29.739044499999977],[-95.2075006,29.739015100000017],[-95.2073641,29.738961099999983],[-95.2073011,29.738935400000003],[-95.20725340000001,29.738902999999993],[-95.20715940000002,29.73881990000001],[-95.20711349999999,29.738787600000023],[-95.20707010000001,29.738776099999995],[-95.20700929999998,29.738753700000018],[-95.20697230000002,29.73872749999998],[-95.2069052,29.73864900000001],[-95.20686819999997,29.738610499999993],[-95.2068011,29.738561199999992],[-95.2067323,29.738519600000018],[-95.20666519999997,29.738491899999985],[-95.20656639999999,29.738461099999995],[-95.20641280000001,29.738390200000026],[-95.20627339999999,29.738317800000004],[-95.20619149999999,29.738266199999998],[-95.206074,29.73815000000002],[-95.20600519999999,29.7380991],[-95.20591159999998,29.738032900000007],[-95.2058601,29.7380129],[-95.2057881,29.73800060000002],[-95.2057916,29.73794049999998],[-95.20583749999997,29.73788350000001],[-95.2059046,29.737849600000004],[-95.20596640000002,29.737812399999996],[-95.20602989999998,29.737774100000024],[-95.2061304,29.73769440000001],[-95.20616580000001,29.7376663],[-95.20629459999998,29.737538500000028],[-95.2063652,29.737456899999984],[-95.20640750000001,29.737375199999974],[-95.2064411,29.737293599999987],[-95.20645339999999,29.73717190000002],[-95.20647459999998,29.737079499999993],[-95.20648870000002,29.73702559999998],[-95.20649580000003,29.736854600000015],[-95.20650280000001,29.736762199999987],[-95.20652580000001,29.736719100000016],[-95.20656459999998,29.73664359999998],[-95.20659640000002,29.736549700000012],[-95.206637,29.736447999999996],[-95.20666699999998,29.736340199999972],[-95.20670580000001,29.736224400000026],[-95.2067793,29.736074299999984],[-95.2068352,29.73597410000002],[-95.20689399999998,29.735901000000013],[-95.20698670000002,29.735800900000015],[-95.20708669999999,29.735708499999987],[-95.2071757,29.735607800000025],[-95.20725800000002,29.73553720000001],[-95.20730800000001,29.735434499999997],[-95.20733430000001,29.73531270000001],[-95.20734270000003,29.735276899999974],[-95.20735530000002,29.7351807],[-95.20739730000003,29.73504059999999],[-95.20748229999998,29.734904900000004],[-95.20754950000003,29.734801300000015],[-95.20758210000002,29.734751000000017],[-95.20765449999999,29.734627199999977],[-95.20767760000001,29.73459509999998],[-95.2076965,29.73455849999999],[-95.20776059999997,29.73443930000002],[-95.20781729999999,29.73432939999998],[-95.20785510000002,29.734261500000002],[-95.20792340000003,29.734137799999985],[-95.20796009999998,29.73407370000001],[-95.20799790000001,29.734016999999994],[-95.2080851,29.733868400000006],[-95.20813229999999,29.73377770000002],[-95.20815859999999,29.733686999999975],[-95.2082006,29.73357520000002],[-95.20821840000002,29.73354119999999],[-95.20826039999997,29.73344129999998],[-95.20830560000002,29.733357899999987],[-95.20836750000001,29.733241599999985],[-95.20843580000002,29.733179300000018],[-95.20848619999998,29.73313710000002],[-95.20856700000002,29.733073900000022],[-95.20865839999999,29.732994099999985],[-95.20871929999998,29.732931800000017],[-95.208756,29.732866699999988],[-95.20878750000003,29.73274950000001],[-95.20881379999997,29.73261659999997],[-95.20883479999998,29.732503899999983],[-95.20885579999998,29.732371],[-95.20889249999999,29.732172100000014],[-95.20890830000002,29.732084999999984],[-95.20894770000001,29.731971299999998],[-95.2089818,29.73185410000002],[-95.20907629999999,29.73165610000001],[-95.20920439999998,29.73144719999999],[-95.20926739999999,29.731351000000018],[-95.20934089999997,29.731245699999988],[-95.20936610000001,29.731202600000017],[-95.20938810000001,29.731171300000028],[-95.20941959999999,29.73111640000002],[-95.20947000000001,29.73099450000001],[-95.20952249999999,29.73085789999999],[-95.20956769999998,29.73076259999999],[-95.2096128,29.730649000000028],[-95.2096727,29.7305298],[-95.20971259999999,29.7304446],[-95.20976300000001,29.73033099999998],[-95.20982809999998,29.730215499999986],[-95.20986699999997,29.730165100000022],[-95.20992469999999,29.730110200000013],[-95.2100087,29.730048699999998],[-95.21009800000002,29.7299213],[-95.21014100000002,29.72981870000001],[-95.21016730000002,29.729751799999974],[-95.21020190000002,29.72968209999999],[-95.21024080000001,29.729580399999975],[-95.21027229999999,29.72950259999999],[-95.21033110000002,29.729381499999988],[-95.210372,29.729295400000012],[-95.21043500000002,29.729168000000016],[-95.21048330000002,29.72906999999998],[-95.21052529999997,29.72899749999999],[-95.21056099999998,29.728928800000006],[-95.21059359999998,29.72886460000001],[-95.21066810000002,29.72876659999997],[-95.2107322,29.7286924],[-95.21080669999998,29.728609000000006],[-95.21086450000001,29.72856139999999],[-95.21092850000002,29.728528299999994],[-95.21102719999999,29.728430300000014],[-95.21111860000002,29.72835980000002],[-95.21122459999998,29.728302900000017],[-95.21125819999997,29.72827719999998],[-95.2113086,29.728233199999977],[-95.21141890000001,29.728094699999986],[-95.21144939999999,29.7280619],[-95.21153020000003,29.728000399999985],[-95.21163630000001,29.72794909999999],[-95.21167830000002,29.727934500000003],[-95.21175699999998,29.72789879999999],[-95.21193260000001,29.7278187],[-95.21197649999999,29.727786900000012],[-95.21204369999998,29.727728300000024],[-95.21212559999998,29.727636700000005],[-95.21215289999998,29.727601900000025],[-95.21219489999999,29.727527500000008],[-95.21225579999998,29.727423999999985],[-95.21229039999997,29.727343399999995],[-95.21233660000001,29.727241600000013],[-95.21241429999998,29.727149899999972],[-95.21253189999999,29.727066499999978],[-95.21260999999998,29.727025000000026],[-95.21267879999999,29.72700229999998],[-95.21274599999998,29.726988500000004],[-95.2129607,29.726981299999977],[-95.2130659,29.726984500000015],[-95.21311350000002,29.726974100000007],[-95.21317320000003,29.726961099999983],[-95.21323640000003,29.726925300000005],[-95.21336580000002,29.726918599999976],[-95.21350799999999,29.726923999999997],[-95.21354359999998,29.726888499999973],[-95.21360820000001,29.72688290000002],[-95.21370530000002,29.7269134],[-95.21395960000001,29.726825799999972],[-95.21405620000002,29.726789999999994],[-95.21414820000001,29.72675720000001],[-95.21420949999998,29.726728900000012],[-95.21427110000002,29.726714300000026],[-95.214226,29.726619700000015],[-95.21420669999998,29.726626899999985],[-95.21414750000002,29.72664900000001],[-95.2141441,29.726650300000017],[-95.2141287,29.726617299999987],[-95.21410809999998,29.726572999999973],[-95.21409569999997,29.726546299999995],[-95.21408000000002,29.726512800000023],[-95.21406109999998,29.726472100000024],[-95.21410750000001,29.72645540000002],[-95.2141666,29.726433999999983],[-95.21419689999999,29.726423099999977],[-95.21582710000001,29.725834899999995],[-95.21588730000002,29.725813200000005],[-95.21592709999999,29.725798800000007],[-95.21594370000003,29.725833599999987],[-95.2159519,29.72585090000001],[-95.2159562,29.725860099999977],[-95.21596979999998,29.72588860000002],[-95.2160288,29.725867800000003],[-95.2160604,29.72593310000002],[-95.2160725,29.725958100000014],[-95.21606029999998,29.725962299999992],[-95.21564269999999,29.726105700000005],[-95.21568969999998,29.726206100000013],[-95.2161256,29.72604869999998],[-95.21636280000001,29.725966500000027],[-95.21639429999999,29.725926800000025],[-95.21642000000003,29.72585029999999],[-95.2164598,29.72581459999998],[-95.2165182,29.725785700000017],[-95.21651639999999,29.725705300000016],[-95.21657210000001,29.7256304],[-95.216678,29.72557649999999],[-95.21674630000001,29.725514499999974],[-95.21681949999999,29.72544590000001],[-95.21686269999998,29.725371300000006],[-95.21690919999998,29.725335700000016],[-95.21695770000002,29.725307699999973],[-95.21707040000001,29.725304800000004],[-95.21713729999999,29.7253106],[-95.21718249999998,29.725296800000024],[-95.21722690000001,29.725273700000002],[-95.21729069999998,29.725261499999988],[-95.21734629999997,29.72528490000002],[-95.2173775,29.72532530000001],[-95.21742590000002,29.725393699999984],[-95.21755940000003,29.725636800000018],[-95.2176829,29.72585049999998],[-95.21779199999997,29.72586289999998],[-95.21796319999999,29.72588239999999],[-95.21832849999998,29.72590839999998],[-95.2186049,29.725933800000007],[-95.21868319999999,29.72593740000002],[-95.21882779999999,29.725950399999988],[-95.21917189999999,29.725979600000016],[-95.21917050000002,29.72594220000002],[-95.21916729999998,29.725856899999997],[-95.21916579999998,29.72581869999999],[-95.21916579999998,29.725818000000004],[-95.21916579999998,29.725773800000013],[-95.21916579999998,29.725690499999985],[-95.21916579999998,29.725654799999973],[-95.21916579999998,29.725617100000022],[-95.2191861,29.725618399999973],[-95.21936240000002,29.7256299],[-95.219359,29.725666699999977],[-95.21935630000002,29.725696400000004],[-95.21935459999997,29.725715700000023],[-95.21935189999999,29.725745000000018],[-95.219335,29.725795500000004],[-95.21932420000002,29.725827600000002],[-95.21931009999997,29.725869499999988],[-95.2192923,29.725922799999978],[-95.21927160000001,29.725984400000016],[-95.21927649999998,29.72598499999998],[-95.2194048,29.726000499999998],[-95.21963040000003,29.726007700000025],[-95.21990740000001,29.726036799999974],[-95.22035820000002,29.726073199999973],[-95.22079409999998,29.726109399999984],[-95.22085190000001,29.7260665],[-95.22092170000002,29.72592209999999],[-95.2209497,29.725835899999993],[-95.22097389999999,29.7257702],[-95.22102669999998,29.725730199999987],[-95.22109899999998,29.725772399999983],[-95.2211704,29.72579619999999],[-95.22122510000003,29.72580260000001],[-95.22130279999999,29.725810000000024],[-95.2213845,29.725806999999975],[-95.2214917,29.725811799999974],[-95.22157579999998,29.725819100000024],[-95.22164190000001,29.725819100000024],[-95.22178780000002,29.725823699999978],[-95.22186970000001,29.72583930000002],[-95.22196430000002,29.725866800000006],[-95.22200420000001,29.72588239999999],[-95.2221098,29.725921299999982],[-95.22219639999997,29.725944700000014],[-95.22231570000002,29.725964799999986],[-95.2224587,29.72599059999999],[-95.22258449999998,29.725906699999996],[-95.22261600000002,29.725885600000026],[-95.2226387,29.725870499999985],[-95.22268209999999,29.7258415],[-95.22269929999999,29.725829999999974],[-95.22271310000002,29.725835399999994],[-95.22275789999998,29.725852999999972],[-95.22278979999999,29.725865499999998],[-95.2228748,29.72596390000001],[-95.22288859999998,29.725979900000027],[-95.222913,29.72600829999999],[-95.2229304,29.72602840000002],[-95.22310320000003,29.726239599999985],[-95.2231094,29.726314899999977],[-95.22312019999998,29.726447000000007],[-95.22310929999998,29.72655930000002],[-95.22307460000002,29.72661979999998],[-95.2230366,29.726701600000013],[-95.2229992,29.726812300000006],[-95.22296160000002,29.72691329999998],[-95.22290709999999,29.72710890000002],[-95.22288959999997,29.727191199999993],[-95.22288040000001,29.727275700000007],[-95.22289110000003,29.727384099999995],[-95.22284389999999,29.72743600000001],[-95.2228576,29.727499599999987],[-95.22286689999999,29.727801399999976],[-95.22286930000001,29.727905700000008],[-95.22288250000003,29.728118300000006],[-95.22288939999999,29.72823679999999],[-95.22289469999998,29.728281400000014],[-95.22289790000002,29.728307900000004],[-95.22300810000002,29.728306099999998],[-95.22300610000002,29.728277300000002],[-95.22300430000001,29.728251699999987],[-95.22304409999998,29.72825069999999],[-95.22307009999997,29.728250000000003],[-95.22309389999998,29.728249300000016],[-95.2231107,29.728248899999983],[-95.2231291,29.728248399999984],[-95.22313650000001,29.72852469999998],[-95.22312620000002,29.72852469999998],[-95.2231132,29.728524800000002],[-95.2230869,29.728524900000025],[-95.2230844,29.728445899999997],[-95.22305369999998,29.728446700000006],[-95.2230348,29.728447200000005],[-95.2230146,29.728447700000004],[-95.22301099999999,29.728377500000022],[-95.22289060000003,29.72837720000001],[-95.222891,29.728393200000028],[-95.22289219999999,29.728437699999972],[-95.22285470000003,29.72848970000001],[-95.22278699999998,29.72856280000002],[-95.2227848,29.72863319999999],[-95.22279939999999,29.7287058],[-95.22279129999998,29.728820999999982],[-95.2227959,29.72892300000001],[-95.22279909999997,29.729069700000025],[-95.22280080000002,29.729144899999994],[-95.22280699999999,29.729217600000027],[-95.22286759999997,29.729364999999973],[-95.22295129999998,29.729445699999985],[-95.2230525,29.729492400000026],[-95.22315600000002,29.729513800000007],[-95.22330649999998,29.729516199999978],[-95.22342099999997,29.72951260000002],[-95.2235943,29.729508899999985],[-95.22370419999999,29.72950830000002],[-95.22387739999999,29.72950450000002],[-95.22398629999998,29.729496600000004],[-95.2241338,29.729491300000007],[-95.22439980000001,29.729490499999997],[-95.22445859999999,29.729489],[-95.22454049999999,29.729486899999984],[-95.22465929999998,29.729466600000023],[-95.22479850000002,29.729397600000027],[-95.22486090000001,29.729334300000005],[-95.2249061,29.729249400000015],[-95.224919,29.729116599999998],[-95.22492519999997,29.72901969999998],[-95.22491109999999,29.728848000000028],[-95.22490499999998,29.72867439999999],[-95.22490320000003,29.728443200000015],[-95.22490390000002,29.728262299999983],[-95.22489969999998,29.728163999999992],[-95.22489300000001,29.72801129999999],[-95.22489990000003,29.727829900000017],[-95.22478640000003,29.72783129999999],[-95.22478810000001,29.727911000000006],[-95.2246844,29.727914499999997],[-95.22468459999999,29.727831200000026],[-95.2246121,29.7278326],[-95.2245337,29.727834099999995],[-95.2244124,29.727836500000024],[-95.22437810000002,29.727837099999988],[-95.22436540000001,29.7278374],[-95.22433810000001,29.727837899999997],[-95.22431940000001,29.727514699999972],[-95.22434570000001,29.727513699999975],[-95.22436349999998,29.72751310000001],[-95.2243752,29.727512699999977],[-95.22445629999999,29.727509699999985],[-95.22446380000002,29.727704399999993],[-95.2246121,29.72770159999999],[-95.22465490000002,29.727700900000002],[-95.22473109999999,29.727699400000006],[-95.22487899999999,29.727696700000024],[-95.22487690000003,29.727583200000026],[-95.22487139999998,29.727363500000024],[-95.2248659,29.727178600000002],[-95.22488370000002,29.72710189999998],[-95.22492390000002,29.7270585],[-95.2249931,29.727037699999983],[-95.2250143,29.727033199999994],[-95.22505239999998,29.727025000000026],[-95.22505919999998,29.727023499999973],[-95.22515240000001,29.727018299999997],[-95.22524379999999,29.727052200000003],[-95.22534280000002,29.72706290000002],[-95.22546039999997,29.727046400000006],[-95.22555820000002,29.72707810000003],[-95.2256251,29.727109600000006],[-95.22611310000002,29.727105900000026],[-95.22624869999999,29.726984700000003],[-95.22624689999998,29.726934400000005],[-95.22624889999997,29.7269053],[-95.2262642,29.7266879],[-95.2262361,29.726669700000002],[-95.2261982,29.726645200000007],[-95.2261997,29.72664229999998],[-95.22621620000001,29.726611400000024],[-95.22625479999999,29.726610199999982],[-95.22627990000001,29.726609399999973],[-95.22655930000002,29.726600599999983],[-95.226562,29.726600599999983],[-95.2265893,29.72659970000001],[-95.22659010000001,29.726601200000005],[-95.22660639999998,29.726632300000006],[-95.22659049999999,29.726662900000008],[-95.22657140000001,29.726699699999983],[-95.2265607,29.72672019999999],[-95.22654319999998,29.726753799999983],[-95.22650019999998,29.726753499999973],[-95.22649940000002,29.726866700000016],[-95.2265468,29.726907400000016],[-95.22662919999999,29.72697820000002],[-95.22669839999998,29.726945],[-95.22678530000002,29.726916099999983],[-95.22684570000001,29.726901999999995],[-95.22690740000002,29.72689059999999],[-95.2269498,29.726886400000012],[-95.22702040000001,29.72687159999998],[-95.22711529999998,29.726846299999977],[-95.22718400000002,29.72681940000001],[-95.22728699999999,29.72678259999998],[-95.2273624,29.726760899999988],[-95.2273707,29.72675939999999],[-95.22746089999998,29.72674310000002],[-95.2275186,29.726704499999983],[-95.22758290000002,29.72668779999998],[-95.22763650000002,29.726675],[-95.2277057,29.72665699999999],[-95.2277785,29.726634999999987],[-95.22782210000003,29.72662120000001],[-95.22786819999999,29.726606500000003],[-95.2279469,29.72657989999999],[-95.2280278,29.726551700000016],[-95.22805820000002,29.726540399999976],[-95.2280993,29.726525200000026],[-95.22814069999998,29.726460499999973],[-95.22820380000002,29.7264227],[-95.2282854,29.7263772],[-95.22836280000001,29.726340900000025],[-95.22846220000002,29.726295400000026],[-95.22852699999999,29.726334800000018],[-95.228565,29.726411600000006],[-95.228589,29.726482499999975],[-95.22859249999999,29.72653250000002],[-95.22865430000002,29.726654600000018],[-95.22866920000001,29.726824099999988],[-95.22869589999999,29.726978799999983],[-95.22870189999998,29.727047200000015],[-95.2287078,29.727217800000005],[-95.22869750000001,29.727262699999983],[-95.22869120000001,29.727312900000015],[-95.22868970000002,29.72732430000002],[-95.22868190000003,29.727379100000007],[-95.22868499999998,29.727449700000022],[-95.22869020000002,29.727582499999983],[-95.22871120000002,29.727673299999992],[-95.22872180000002,29.727728300000024],[-95.22872899999999,29.72781809999998],[-95.22873220000002,29.727876700000024],[-95.22873220000002,29.727951899999994],[-95.22872690000003,29.728049899999974],[-95.22871859999998,29.72812970000001],[-95.22872380000001,29.728186499999993],[-95.2287427,29.728244200000006],[-95.22877210000001,29.728333099999986],[-95.2287963,29.728392699999972],[-95.22880570000001,29.728432999999995],[-95.2288519,29.728556700000013],[-95.22890869999998,29.728568699999983],[-95.2289538,29.72852469999998],[-95.2290347,29.728510400000005],[-95.22910359999997,29.72850870000002],[-95.22918479999998,29.728515500000015],[-95.22929290000002,29.728560399999992],[-95.229399,29.72859890000001],[-95.2295082,29.728689599999996],[-95.2295512,29.7287235],[-95.22960790000002,29.72879690000002],[-95.22962999999999,29.728858300000013],[-95.22964569999999,29.728935200000024],[-95.2296604,29.72905159999999],[-95.229672,29.72917080000002],[-95.22966880000001,29.729221199999984],[-95.22966880000001,29.729282599999976],[-95.229672,29.72934029999999],[-95.22967619999997,29.729399],[-95.22967829999999,29.729465000000005],[-95.2296804,29.729523599999993],[-95.2296847,29.729617099999984],[-95.22968889999999,29.729669300000012],[-95.22970029999999,29.729748099999995],[-95.22971919999998,29.729846199999997],[-95.22972979999997,29.729932299999973],[-95.2297246,29.73000380000002],[-95.22971080000002,29.730103699999972],[-95.22970559999999,29.730163300000015],[-95.22970559999999,29.730204500000013],[-95.22971080000002,29.730276000000003],[-95.2297178,29.730323199999987],[-95.22971080000002,29.73040070000002],[-95.22970350000003,29.7304886],[-95.22968259999999,29.730640800000003],[-95.2296667,29.73070949999999],[-95.22965620000002,29.7307452],[-95.22962999999999,29.730837800000018],[-95.22959530000003,29.730982600000004],[-95.22964259999998,29.731003699999974],[-95.22970559999999,29.73091290000002],[-95.22975810000003,29.73079469999999],[-95.22978749999999,29.73065539999999],[-95.22979270000002,29.7305207],[-95.22979270000002,29.73042079999999],[-95.2297858,29.730323499999997],[-95.22979800000002,29.730208199999993],[-95.22980330000001,29.730147699999975],[-95.22980330000001,29.7300927],[-95.22979800000002,29.730012999999985],[-95.22979479999998,29.72991589999998],[-95.22979270000002,29.729799500000013],[-95.22979270000002,29.729756399999985],[-95.2297896,29.729658299999983],[-95.22978219999999,29.729569400000003],[-95.22978119999999,29.72951169999999],[-95.22977909999997,29.729452999999978],[-95.22977800000001,29.72939530000002],[-95.22977589999999,29.729336699999976],[-95.22977379999998,29.729245900000024],[-95.22976870000002,29.72917080000002],[-95.22976870000002,29.72911399999998],[-95.22977179999998,29.72907550000002],[-95.22978330000001,29.728957200000025],[-95.22977179999998,29.72886649999998],[-95.22972979999997,29.72876020000001],[-95.22966880000001,29.728649299999972],[-95.2295302,29.72855770000001],[-95.22942,29.728466000000026],[-95.22936959999998,29.728419299999985],[-95.2291859,29.728393600000004],[-95.22909920000001,29.728374400000007],[-95.22902490000001,29.728334399999994],[-95.22895590000002,29.728274499999998],[-95.2289528,29.728195700000015],[-95.22892330000002,29.728081999999972],[-95.22891290000001,29.728008699999975],[-95.2289108,29.727952800000025],[-95.22890539999997,29.727885000000015],[-95.22889700000002,29.727825399999972],[-95.2288949,29.7277823],[-95.22888649999999,29.727687000000003],[-95.22888440000003,29.727632900000003],[-95.22887400000002,29.72753210000002],[-95.22886549999998,29.727478099999985],[-95.22886449999999,29.72736930000002],[-95.2288608,29.72732000000002],[-95.22886,29.727305600000022],[-95.2288615,29.727240499999994],[-95.2288633,29.727114400000005],[-95.22884649999997,29.726816199999973],[-95.22882650000003,29.72666650000002],[-95.22879840000002,29.726541800000007],[-95.22878830000002,29.726501499999983],[-95.22875219999997,29.726022],[-95.22874780000001,29.725962900000013],[-95.2287455,29.725932899999975],[-95.22874439999998,29.725917700000025],[-95.22874389999998,29.725912100000016],[-95.22874189999999,29.725885199999993],[-95.2288297,29.725881300000026],[-95.2288572,29.725880000000018],[-95.22885769999999,29.725880000000018],[-95.22889700000002,29.725897400000008],[-95.22891349999998,29.7259047],[-95.22900729999998,29.72594620000001],[-95.22910949999999,29.725952000000007],[-95.22919460000003,29.725956699999983],[-95.22929570000002,29.7259593],[-95.22939209999998,29.72597589999998],[-95.22949679999999,29.72596809999999],[-95.2296025,29.725971500000014],[-95.22963650000003,29.725972599999977],[-95.22975739999998,29.725979199999983],[-95.2297704,29.725979900000027],[-95.22990709999999,29.725986200000023],[-95.22997079999999,29.725959400000022],[-95.22999600000003,29.725948800000026],[-95.23010640000001,29.725903500000015],[-95.2308784,29.72558650000002],[-95.231269,29.725426099999993],[-95.2312703,29.72542549999997],[-95.23166429999998,29.725259400000027],[-95.23172019999998,29.725235800000007],[-95.23187250000001,29.725279],[-95.23199779999999,29.725314500000025],[-95.2321417,29.72535529999999],[-95.23249190000001,29.725207399999988],[-95.23251490000001,29.725195499999984],[-95.23259869999998,29.72515199999998],[-95.23268309999997,29.725108299999988],[-95.2327429,29.725082900000018],[-95.23287169999998,29.72502830000002],[-95.23317759999998,29.72492440000002],[-95.23317739999999,29.72492410000001],[-95.233112,29.72484179999998],[-95.23310479999998,29.724832100000015],[-95.23308309999999,29.72480300000001],[-95.23307399999999,29.724772099999996],[-95.233068,29.724751700000013],[-95.233067,29.724748299999987],[-95.23305549999998,29.724709299999972],[-95.23305540000001,29.724708899999996],[-95.23308509999998,29.72469669999998],[-95.23341249999999,29.724561900000026],[-95.23347539999997,29.724536],[-95.23347610000002,29.724537499999997],[-95.2334932,29.724575200000004],[-95.23350249999999,29.724595599999986],[-95.2335061,29.7246035],[-95.233521,29.72463620000002],[-95.2335291,29.72465410000001],[-95.23345790000002,29.724682900000005],[-95.2335152,29.72478910000001],[-95.23447859999999,29.724400600000024],[-95.2346245,29.724341700000025],[-95.23465320000003,29.72421730000002],[-95.2346584,29.724194899999986],[-95.23473510000002,29.724002299999995],[-95.23480510000002,29.72395080000001],[-95.23491360000003,29.723870799999986],[-95.23497600000002,29.72382490000001],[-95.23503169999998,29.72376539999999],[-95.23506739999999,29.72373700000003],[-95.23514649999998,29.72367889999998],[-95.23518089999999,29.723680300000012],[-95.2352239,29.723674700000004],[-95.23551120000002,29.723431800000014],[-95.23543460000002,29.723340099999973],[-95.23541369999998,29.72331509999998],[-95.23537970000001,29.723274500000002],[-95.23540730000002,29.723256400000025],[-95.23556889999998,29.72315020000002],[-95.23559610000001,29.723178099999984],[-95.23562980000003,29.723156300000028],[-95.23566140000003,29.723191199999974],[-95.23562770000001,29.723213299999998],[-95.2355695,29.72325139999998],[-95.23559569999998,29.723281799999995],[-95.2355599,29.72330740000001],[-95.2355887,29.723342300000013],[-95.23565459999998,29.723422200000016],[-95.2358906,29.72324850000001],[-95.2360481,29.72313489999999],[-95.23609010000001,29.72309530000001],[-95.2361338,29.723025000000007],[-95.23617839999997,29.723012900000015],[-95.2363277,29.722997899999996],[-95.2364311,29.72299559999999],[-95.23648509999998,29.72300100000001],[-95.23647,29.722950700000013],[-95.23646159999998,29.722922799999992],[-95.23645149999999,29.72288900000001],[-95.23647670000003,29.722873100000015],[-95.23649619999998,29.722860799999978],[-95.23651210000003,29.722850800000003],[-95.23654119999998,29.72283249999998],[-95.23664480000002,29.72276720000002],[-95.23681169999998,29.722662000000014],[-95.23792550000002,29.7219599],[-95.23798040000003,29.72192530000001],[-95.23820649999999,29.72192510000002],[-95.23819550000002,29.722919400000023],[-95.23819320000001,29.724696900000026],[-95.2381863,29.725228000000016],[-95.23818499999999,29.725325199999986],[-95.23819780000002,29.725325199999986],[-95.2385908,29.72532419999999],[-95.23862930000001,29.725333200000023],[-95.23864909999998,29.725337799999977],[-95.23867480000001,29.725343899999984],[-95.238763,29.725364500000012],[-95.23877090000002,29.72536630000002],[-95.23877060000001,29.725074300000017],[-95.2388176,29.725073500000008],[-95.23881369999998,29.725259300000005],[-95.23881089999998,29.72539180000001],[-95.2389814,29.725229000000013],[-95.23894280000002,29.724954700000012],[-95.23896250000001,29.723832700000003],[-95.23895679999998,29.72366219999998],[-95.23896020000001,29.723595199999977],[-95.23896760000002,29.723447899999996],[-95.2389713,29.723374200000023],[-95.23897690000001,29.723305400000015],[-95.23899039999998,29.723140600000022],[-95.23899269999998,29.722774000000015],[-95.23899390000003,29.722516400000018],[-95.23901009999997,29.722307100000023],[-95.23900250000003,29.72212250000001],[-95.23898380000003,29.721907699999974],[-95.23898480000003,29.7217134],[-95.23900129999998,29.721674899999982],[-95.23902450000003,29.721638999999982],[-95.2391197,29.721597700000018],[-95.23918479999998,29.721591199999978],[-95.2392572,29.721572900000012],[-95.23938620000001,29.721513000000016],[-95.239483,29.7214611],[-95.23959780000001,29.72140730000001],[-95.239736,29.721342900000025],[-95.239777,29.721319100000017],[-95.23985859999999,29.72135179999998],[-95.2398389,29.721110699999997],[-95.23982000000001,29.72106839999998],[-95.2398033,29.721030900000017],[-95.23987649999998,29.721003399999972],[-95.23992070000003,29.72098679999999],[-95.23993309999997,29.721013099999993],[-95.2399378,29.721023100000025],[-95.239958,29.721065899999985],[-95.23990850000001,29.721085200000005],[-95.23991799999999,29.721319800000003],[-95.23995969999999,29.721263099999987],[-95.24008780000003,29.721230100000014],[-95.24018230000001,29.721202600000026],[-95.24024220000001,29.7211815],[-95.24034929999999,29.721155899999985],[-95.24038810000002,29.721140300000002],[-95.2404396,29.72112290000001],[-95.24049100000002,29.721100999999976],[-95.24060659999998,29.72104300000001],[-95.24074200000001,29.720981800000004],[-95.24086169999998,29.72092950000001],[-95.24094250000002,29.720887300000015],[-95.24105800000001,29.720849699999974],[-95.2410691,29.720770700000003],[-95.24106979999999,29.720768700000008],[-95.24114259999999,29.720562099999995],[-95.2411558,29.720524599999976],[-95.24120190000002,29.720486800000003],[-95.24122089999997,29.720471299999986],[-95.24132049999997,29.7204337],[-95.24148639999999,29.720473099999992],[-95.24154420000002,29.720473099999992],[-95.24159250000002,29.72046849999998],[-95.24164289999999,29.720456599999977],[-95.24169649999999,29.720450099999994],[-95.24178710000001,29.720429000000024],[-95.24182380000002,29.720396800000003],[-95.24181429999999,29.720303300000012],[-95.2418093,29.720254399999988],[-95.24180280000002,29.72019069999999],[-95.24180260000003,29.72016930000001],[-95.24180230000002,29.720131400000014],[-95.24195099999997,29.720111799999984],[-95.2419514,29.720163500000012],[-95.24195150000003,29.720174499999985],[-95.24191250000001,29.72020789999999],[-95.24190979999997,29.720292700000016],[-95.2419061,29.7204117],[-95.24196949999998,29.720418199999983],[-95.2420272,29.72041619999999],[-95.2420917,29.720362599999987],[-95.24208820000001,29.720289700000023],[-95.24208320000002,29.72018559999998],[-95.24208320000002,29.720163599999978],[-95.24208329999999,29.72010210000002],[-95.2421516,29.720101],[-95.24215470000001,29.720183799999973],[-95.2421544,29.72018969999999],[-95.2421511,29.720260199999984],[-95.24214979999999,29.720288600000003],[-95.24214549999999,29.720381599999996],[-95.24232119999999,29.720418199999983],[-95.2424514,29.720410700000002],[-95.24255219999998,29.72039799999999],[-95.2426289,29.72039510000002],[-95.24269609999999,29.720391500000005],[-95.2427748,29.7203897],[-95.24285149999997,29.72039510000002],[-95.24293130000001,29.72039699999999],[-95.24304890000002,29.72040340000001],[-95.24325570000002,29.7204026],[-95.24332399999997,29.720404299999984],[-95.24345520000003,29.72039699999999],[-95.24351200000001,29.720396100000016],[-95.24364530000003,29.72039239999998],[-95.24374610000001,29.72039239999998],[-95.2438469,29.72039239999998],[-95.2439099,29.72039510000002],[-95.2439761,29.72039510000002],[-95.24404850000002,29.720390699999996],[-95.2441609,29.720353999999986],[-95.24429839999999,29.720301699999993],[-95.24437610000001,29.720296200000007],[-95.2444486,29.720296200000007],[-95.24451049999999,29.72029900000001],[-95.24464390000003,29.720304399999975],[-95.24471829999999,29.72031099999998],[-95.24489590000002,29.720313599999997],[-95.244982,29.720319200000006],[-95.24504810000002,29.720322699999997],[-95.2451552,29.72033379999999],[-95.24529910000001,29.720355700000027],[-95.2453726,29.720369500000004],[-95.2454409,29.720386099999985],[-95.2455574,29.7204208],[-95.245654,29.720452899999998],[-95.24578739999998,29.720497000000023],[-95.24585350000001,29.720518000000027],[-95.2459627,29.720557499999984],[-95.24610130000002,29.720598600000017],[-95.24619239999998,29.720638199999996],[-95.2462481,29.72066769999998],[-95.24631440000002,29.72070259999998],[-95.24635840000002,29.720727399999987],[-95.24642349999999,29.720752000000005],[-95.24654420000002,29.72080699999998],[-95.24661630000003,29.72082260000002],[-95.24681420000002,29.720917299999996],[-95.24690550000003,29.720995800000026],[-95.24708620000001,29.721082000000024],[-95.24712670000002,29.721052600000007],[-95.247255,29.7211001],[-95.2473458,29.721146999999974],[-95.24733809999998,29.72119570000001],[-95.24740639999999,29.721232299999997],[-95.2475071,29.72129369999999],[-95.24761840000002,29.721363499999995],[-95.24771720000001,29.721424800000023],[-95.24777540000002,29.721421299999975],[-95.24777970000002,29.72142100000002],[-95.24779590000003,29.72147339999998],[-95.24780579999998,29.72152840000001],[-95.24782269999997,29.721593299999995],[-95.24784290000002,29.721639400000015],[-95.24790250000001,29.72163740000002],[-95.247904,29.72170620000003],[-95.2478456,29.721705900000018],[-95.2478461,29.721797700000025],[-95.2478461,29.721798200000023],[-95.24785059999999,29.721875399999988],[-95.24785880000002,29.721913700000016],[-95.24786310000002,29.721975600000007],[-95.24785379999997,29.72203619999999],[-95.24787179999998,29.72207400000002],[-95.2478701,29.722108900000023],[-95.24787420000001,29.722165399999994],[-95.24787759999998,29.722207700000013],[-95.24787850000001,29.722247200000027],[-95.24787780000003,29.722287499999993],[-95.24788510000002,29.72232550000001],[-95.24788510000002,29.722368800000027],[-95.24788439999998,29.722397600000022],[-95.24789170000003,29.722479299999975],[-95.24789199999998,29.722479299999975],[-95.247975,29.722475900000006],[-95.24801350000001,29.722474299999988],[-95.2480526,29.722472600000003],[-95.24807959999998,29.722471499999983],[-95.24808430000002,29.722680700000012],[-95.2480496,29.72268029999998],[-95.24801389999999,29.722679900000003],[-95.24796629999997,29.72267929999998],[-95.24790839999997,29.722678700000017],[-95.2478992,29.72274390000001],[-95.247906,29.722828800000002],[-95.24790359999997,29.722886200000005],[-95.2479136,29.723060299999986],[-95.2479217,29.723149499999977],[-95.24792889999998,29.72325460000002],[-95.24793119999998,29.723301300000003],[-95.24798099999998,29.72334139999998],[-95.2479907,29.723349199999973],[-95.247995,29.723404099999982],[-95.24804660000001,29.723403200000007],[-95.24803450000002,29.723369100000014],[-95.24803429999997,29.723298100000022],[-95.24808710000002,29.723297600000024],[-95.24808769999999,29.723367800000005],[-95.24807049999998,29.723403599999983],[-95.24813569999998,29.723403200000007],[-95.2481684,29.72340300000002],[-95.24822210000002,29.72340270000001],[-95.24845850000003,29.723401299999978],[-95.2484579,29.72335240000001],[-95.2485929,29.723350100000005],[-95.2485901,29.7230012],[-95.24862910000002,29.723001599999975],[-95.24863829999998,29.723001699999998],[-95.24865069999998,29.72300180000002],[-95.24865820000002,29.723340800000017],[-95.24863629999999,29.723534700000016],[-95.2486227,29.723534900000004],[-95.2485246,29.72353659999999],[-95.24848589999999,29.723526400000026],[-95.24844969999998,29.723516899999993],[-95.24841780000003,29.72350849999998],[-95.24840499999999,29.723507600000005],[-95.2483264,29.723501999999996],[-95.24823909999998,29.723495800000023],[-95.24805529999998,29.723482699999977],[-95.24812109999999,29.723520199999996],[-95.24816090000002,29.72355779999998],[-95.24821159999999,29.723593100000016],[-95.24823470000001,29.723645799999986],[-95.24827320000003,29.723737599999993],[-95.24828209999998,29.723804400000006],[-95.24826250000001,29.723851500000023],[-95.2482645,29.723910199999978],[-95.24824740000003,29.723991300000023],[-95.24824419999999,29.724050599999998],[-95.2482331,29.724101599999983],[-95.24822710000001,29.72420249999999],[-95.2482331,29.72431979999999],[-95.2482463,29.724426300000005],[-95.24824109999997,29.72456390000002],[-95.2482243,29.724639000000025],[-95.2481378,29.724735899999985],[-95.24822419999998,29.724762800000008],[-95.24818620000002,29.724841200000014],[-95.24809290000002,29.724808800000005],[-95.24799680000001,29.724996999999973],[-95.24793360000001,29.725136899999995],[-95.24785689999999,29.725270799999976],[-95.24780320000002,29.725412500000004],[-95.24776229999998,29.72545919999999],[-95.24764570000002,29.725612300000023],[-95.24761109999997,29.725675500000023],[-95.2476163,29.72588539999998],[-95.24764640000001,29.726064199999996],[-95.24770560000002,29.726064099999974],[-95.2477791,29.726],[-95.24785170000001,29.72596679999998],[-95.24795440000003,29.725965900000006],[-95.24829940000001,29.7259631],[-95.24882869999999,29.725958600000013],[-95.24964080000001,29.72595180000002],[-95.2497002,29.72595130000002],[-95.24986050000001,29.72595000000001],[-95.24985709999999,29.725888999999995],[-95.24988109999998,29.725813300000027],[-95.24981810000003,29.72581580000002],[-95.24980959999999,29.725717999999972],[-95.24980420000003,29.725655500000016],[-95.24979960000002,29.725601799999993],[-95.24979130000003,29.725506600000017],[-95.24978090000002,29.725386300000025],[-95.24978010000001,29.725376400000016],[-95.24977489999998,29.725316899999996],[-95.24977080000002,29.725269400000002],[-95.24976850000002,29.72524279999999],[-95.2497553,29.72473930000001],[-95.24974750000001,29.72422180000001],[-95.24974630000003,29.724073799999985],[-95.24974409999999,29.7237882],[-95.2497434,29.723700199999996],[-95.24974459999999,29.72362659999999],[-95.2497409,29.72354569999999],[-95.24978199999998,29.72354009999998],[-95.24980249999999,29.723494000000017],[-95.24984970000003,29.723468700000012],[-95.25,29.7234689],[-95.25,29.72353099999998],[-95.25,29.774999999999977],[-95.17500000000001,29.774999999999977],[-95.17500000000001,29.75404070000002],[-95.17512749999997,29.754068700000005]],[[-95.21555030000002,29.726188999999977],[-95.21552989999998,29.726150399999995],[-95.21433869999998,29.7265754],[-95.21435910000002,29.726615700000025],[-95.21431089999999,29.72663349999999],[-95.2143393,29.726692300000025],[-95.2144457,29.726654900000028],[-95.21504599999997,29.726438400000006],[-95.2153993,29.72631080000002],[-95.21562410000001,29.726230999999984],[-95.215597,29.72617200000002],[-95.21555030000002,29.726188999999977]]]}},{"type":"Feature","properties":{},"geometry":{"type":"MultiPolygon","coordinates":[[[[-95.17500000000001,29.69999999999999],[-95.17500000000001,29.739675999999974],[-95.17500000000001,29.745802400000002],[-95.17495910000002,29.74560980000001],[-95.17487410000001,29.745209799999998],[-95.1747236,29.744541400000003],[-95.17468229999997,29.744357700000023],[-95.17465729999998,29.74424670000002],[-95.17462749999999,29.744114500000023],[-95.17458570000002,29.74392560000001],[-95.17457250000001,29.74386629999998],[-95.1745335,29.743690000000015],[-95.1742572,29.742443200000025],[-95.17413749999997,29.74192099999999],[-95.1740307,29.741455299999984],[-95.1739973,29.741283099999976],[-95.1739526,29.741220499999997],[-95.1738992,29.741177800000003],[-95.17379940000001,29.7411113],[-95.17365269999999,29.741108999999994],[-95.17354990000001,29.7410984],[-95.17348249999998,29.741099899999995],[-95.17342819999999,29.741100700000004],[-95.17331960000001,29.741113600000006],[-95.17320410000002,29.74115649999999],[-95.17313309999997,29.741252900000006],[-95.17312679999998,29.74129499999998],[-95.1731216,29.74135000000001],[-95.17313000000001,29.741423300000008],[-95.17314049999999,29.741524099999992],[-95.17313209999998,29.741585499999985],[-95.1731436,29.741653299999996],[-95.17318669999997,29.7417193],[-95.17321609999999,29.74183019999998],[-95.17325599999998,29.741933700000004],[-95.17329899999999,29.742080299999998],[-95.17331999999999,29.742166499999996],[-95.17332950000002,29.742214100000012],[-95.17334,29.74228740000001],[-95.17334520000003,29.742365300000017],[-95.17334520000003,29.742413899999974],[-95.17334210000001,29.7424661],[-95.17334210000001,29.742519300000026],[-95.17334729999999,29.742576100000008],[-95.17336619999998,29.742653099999984],[-95.17339249999998,29.74276759999998],[-95.17339980000003,29.742809799999975],[-95.17341870000001,29.742891299999997],[-95.17343549999998,29.74300770000002],[-95.17345130000001,29.743122200000016],[-95.1734702,29.743207400000017],[-95.17348379999999,29.743274299999996],[-95.17352690000001,29.743369599999994],[-95.1736004,29.743488800000023],[-95.1736644,29.743616999999972],[-95.17368959999999,29.74367840000002],[-95.1737369,29.743819499999972],[-95.1737789,29.743986300000017],[-95.17379039999997,29.744034],[-95.17380509999998,29.744111799999985],[-95.17381460000001,29.7441503],[-95.17382029999999,29.74422579999998],[-95.17381820000003,29.744305699999984],[-95.17381610000001,29.744370600000025],[-95.17381610000001,29.744459800000016],[-95.17380969999999,29.74453779999999],[-95.1737991,29.744586000000027],[-95.17378630000002,29.744658500000014],[-95.17377570000002,29.744699400000002],[-95.17376300000001,29.744768000000022],[-95.17377149999999,29.744821899999977],[-95.17377149999999,29.744873900000016],[-95.17375929999997,29.744949399999996],[-95.17375070000003,29.745039899999995],[-95.1737526,29.74510509999999],[-95.17375120000003,29.745216500000026],[-95.17377599999998,29.74531189999999],[-95.17375449999997,29.745543499999997],[-95.17368520000002,29.745663499999978],[-95.1735711,29.745813999999996],[-95.17346700000002,29.745904900000028],[-95.17330950000002,29.74597030000001],[-95.1732207,29.746010000000012],[-95.1731514,29.745998299999997],[-95.17305540000001,29.746010000000012],[-95.17299100000002,29.74606510000001],[-95.17286089999999,29.74609700000002],[-95.17280140000003,29.7461012],[-95.17264210000002,29.7461098],[-95.17254980000001,29.74609700000002],[-95.17248169999999,29.746091799999988],[-95.1722641,29.74609079999999],[-95.17210599999999,29.74609609999999],[-95.17188970000001,29.74609609999999],[-95.17180580000002,29.74609509999999],[-95.17174740000002,29.74609509999999],[-95.17158699999999,29.74607930000002],[-95.17135000000002,29.746052799999973],[-95.17127699999998,29.746043199999974],[-95.17115180000002,29.746027400000003],[-95.170995,29.746013600000026],[-95.17091599999998,29.746001999999976],[-95.17086979999999,29.74599139999998],[-95.17078709999998,29.74597970000002],[-95.1707045,29.745970100000022],[-95.17064370000003,29.74596489999999],[-95.1706011,29.745959599999992],[-95.17055249999999,29.745952199999977],[-95.1703908,29.745934200000022],[-95.17021699999998,29.745883300000003],[-95.17006750000002,29.74583990000002],[-95.16996119999999,29.745811300000014],[-95.1697944,29.745725499999992],[-95.16965850000003,29.745685200000025],[-95.16969749999998,29.74559690000001],[-95.16938920000001,29.745499900000027],[-95.16935030000002,29.745588199999986],[-95.169197,29.745540000000005],[-95.16912730000001,29.74549780000001],[-95.16905129999998,29.745449099999973],[-95.16894559999997,29.7453941],[-95.16885530000002,29.745350799999983],[-95.16877299999999,29.745314399999984],[-95.1687101,29.74529130000002],[-95.16861879999999,29.74525219999998],[-95.16856630000001,29.745228300000008],[-95.16852790000002,29.745202500000005],[-95.16846779999997,29.745297800000003],[-95.16856790000003,29.745343699999978],[-95.1685569,29.745368100000007],[-95.16853509999999,29.745416299999988],[-95.1684012,29.745354399999997],[-95.1683524,29.74532879999998],[-95.1682457,29.745287299999973],[-95.16826459999999,29.745254199999977],[-95.16828229999999,29.745223399999986],[-95.16840830000001,29.745242200000007],[-95.16844070000002,29.745165999999983],[-95.16839320000003,29.745154500000012],[-95.16830149999998,29.7451188],[-95.16787959999999,29.74493419999999],[-95.16761539999999,29.74481370000001],[-95.16753790000001,29.744778499999995],[-95.1674941,29.7448751],[-95.16745939999998,29.744932000000006],[-95.16733920000001,29.74487529999999],[-95.16736889999999,29.744826400000022],[-95.16742640000001,29.74474859999998],[-95.16745220000001,29.744703800000025],[-95.1673472,29.74467820000001],[-95.1672802,29.744600300000002],[-95.16722670000001,29.744551],[-95.16718650000001,29.744511999999986],[-95.16708670000003,29.744404999999972],[-95.16706249999999,29.744384799999978],[-95.1670039,29.744335799999988],[-95.16690030000001,29.744269099999997],[-95.1667708,29.74420839999999],[-95.16664800000001,29.74414109999998],[-95.1666098,29.744119300000023],[-95.16654510000001,29.744084299999997],[-95.1664634,29.744088999999974],[-95.1663585,29.744095399999992],[-95.16627490000002,29.744088499999975],[-95.16622969999997,29.744082100000014],[-95.1661254,29.744047899999998],[-95.16602590000002,29.744009699999992],[-95.16583589999999,29.743918199999996],[-95.16577269999999,29.74385000000001],[-95.16574400000002,29.743820500000027],[-95.16572200000002,29.743761000000006],[-95.16565450000002,29.74371500000001],[-95.16559419999999,29.74361540000001],[-95.16551620000001,29.743563999999992],[-95.16543689999997,29.74347610000001],[-95.16539030000001,29.743413799999985],[-95.16538580000002,29.743404999999996],[-95.16535520000002,29.74334520000002],[-95.1653427,29.7432776],[-95.16536209999998,29.74309820000002],[-95.1653705,29.743019800000013],[-95.16535529999999,29.74270899999999],[-95.16537829999999,29.742658800000015],[-95.16535420000002,29.742374100000006],[-95.16534560000002,29.7423412],[-95.16534419999999,29.74233270000002],[-95.1653427,29.7423316],[-95.16532089999998,29.742304900000022],[-95.16527830000001,29.74228629999999],[-95.16524620000001,29.74224650000002],[-95.16523990000002,29.742201299999977],[-95.16522700000002,29.742137300000024],[-95.1652302,29.741954099999987],[-95.16524420000002,29.74187710000001],[-95.1652358,29.740620499999977],[-95.16519740000001,29.740538000000015],[-95.1652272,29.740267000000017],[-95.16519440000002,29.739856900000007],[-95.16518070000001,29.739216199999987],[-95.16520329999997,29.738810699999988],[-95.16525789999997,29.738798799999984],[-95.16527209999998,29.738730599999997],[-95.16521690000002,29.738730799999985],[-95.16515379999998,29.738731099999995],[-95.16510770000002,29.738731400000006],[-95.1650363,29.738731700000017],[-95.16499729999998,29.738731900000005],[-95.16495559999998,29.738732099999993],[-95.16491919999999,29.73873229999998],[-95.16488349999997,29.738732400000004],[-95.16483360000001,29.738732700000014],[-95.16458540000002,29.7387339],[-95.16449720000003,29.73864450000002],[-95.1644915,29.73828850000001],[-95.16449060000002,29.738227600000016],[-95.16448930000001,29.73814950000002],[-95.16448780000002,29.738055099999997],[-95.1643631,29.738054599999998],[-95.16429520000003,29.738054299999988],[-95.16423529999997,29.738053999999977],[-95.1637273,29.738051900000016],[-95.16369479999997,29.738051700000028],[-95.16366269999997,29.738051600000006],[-95.16362800000002,29.738051499999983],[-95.16354180000002,29.738051100000007],[-95.16354050000001,29.73834260000001],[-95.16353679999997,29.738399200000003],[-95.16353629999998,29.738470500000005],[-95.16353570000001,29.738538300000016],[-95.16353450000003,29.73869480000002],[-95.16353329999998,29.738853199999994],[-95.16357140000002,29.738863400000014],[-95.16357110000001,29.73891020000002],[-95.1635652,29.7393414],[-95.16356389999999,29.739432599999986],[-95.16352719999998,29.73948569999999],[-95.16352410000002,29.740440700000022],[-95.16352189999998,29.741125099999977],[-95.16355349999998,29.741124599999978],[-95.16355379999999,29.741397300000017],[-95.1635541,29.741711599999974],[-95.16352890000002,29.741806600000018],[-95.16344329999998,29.741807100000017],[-95.16341890000001,29.741711899999984],[-95.16341949999997,29.741547200000014],[-95.1634204,29.741298200000017],[-95.16342100000003,29.741124599999978],[-95.16345080000002,29.741064900000026],[-95.16345189999998,29.740781400000003],[-95.16345280000002,29.740544899999975],[-95.163453,29.7405076],[-95.16345330000001,29.740426000000014],[-95.1634535,29.7403812],[-95.1634545,29.74012060000001],[-95.1634578,29.739486399999976],[-95.16342880000002,29.739429799999982],[-95.16342650000001,29.739018299999998],[-95.16342600000002,29.738937099999987],[-95.16342600000002,29.73893129999999],[-95.16346149999998,29.738897899999984],[-95.16346270000003,29.738582800000017],[-95.16346290000001,29.73854],[-95.16346290000001,29.738528299999984],[-95.16346340000001,29.73847810000001],[-95.16346399999998,29.738407699999982],[-95.16347200000001,29.73833780000001],[-95.1634722,29.738293199999987],[-95.16347239999999,29.738257499999975],[-95.16347330000002,29.738050799999996],[-95.16192380000001,29.73804419999999],[-95.16192369999999,29.739922499999977],[-95.1621351,29.740398599999992],[-95.16216309999999,29.740428800000018],[-95.16217749999998,29.740486999999973],[-95.1622006,29.740548199999978],[-95.16221030000003,29.740579000000025],[-95.16221610000002,29.74061230000001],[-95.16222090000002,29.74066620000002],[-95.16216070000002,29.740735099999995],[-95.16216359999999,29.740785200000005],[-95.16216450000002,29.7408858],[-95.16216839999998,29.74091229999999],[-95.16216550000001,29.740955199999974],[-95.16213269999997,29.741055399999993],[-95.16210769999998,29.741110300000003],[-95.16207480000003,29.74115710000001],[-95.16204929999998,29.741175999999996],[-95.16193390000001,29.741154600000016],[-95.16187350000001,29.741126699999995],[-95.16180539999999,29.741122599999983],[-95.16168520000002,29.741185499999972],[-95.16156289999998,29.74113749999998],[-95.16152779999999,29.74108030000002],[-95.16147719999998,29.741033300000026],[-95.16146739999999,29.740963099999988],[-95.16145599999999,29.740870900000004],[-95.16142380000002,29.740836100000024],[-95.16138710000001,29.740822100000003],[-95.16137780000003,29.740791],[-95.16134829999999,29.740777700000024],[-95.16130570000001,29.740780799999982],[-95.1612328,29.740694500000018],[-95.16117059999999,29.740665700000022],[-95.16116160000001,29.74064179999999],[-95.16112220000002,29.740612699999986],[-95.1611059,29.74058530000002],[-95.1611423,29.740441999999973],[-95.16111669999998,29.740416400000015],[-95.16105370000002,29.740413699999976],[-95.16106150000002,29.73968930000001],[-95.1610637,29.739135999999974],[-95.1610728,29.737846999999988],[-95.16107360000001,29.737574100000018],[-95.16101049999997,29.737516500000027],[-95.16098119999998,29.737525800000014],[-95.16095990000002,29.737512900000013],[-95.1609722,29.73735579999999],[-95.16100110000002,29.737189399999977],[-95.1609765,29.73714339999998],[-95.16097880000001,29.737066000000027],[-95.16101040000001,29.737022500000023],[-95.16098060000002,29.736966199999983],[-95.1609982,29.736820599999987],[-95.16096929999998,29.736532599999975],[-95.16099930000001,29.73636620000002],[-95.16099400000002,29.73612300000002],[-95.160977,29.736061800000016],[-95.16097860000002,29.736000699999977],[-95.16098729999999,29.73594730000002],[-95.16096979999998,29.735867600000006],[-95.160931,29.735800299999994],[-95.16089620000002,29.735605700000008],[-95.16094049999998,29.735416299999997],[-95.1609861,29.735339899999985],[-95.16098160000001,29.735223899999994],[-95.161002,29.73516330000001],[-95.1609808,29.73504589999999],[-95.1608769,29.734981000000005],[-95.16076470000002,29.734938100000022],[-95.16062399999998,29.734946400000013],[-95.16052250000001,29.734990200000027],[-95.160414,29.7349868],[-95.1602373,29.735012900000015],[-95.16009389999999,29.73507890000002],[-95.1599357,29.735055699999975],[-95.1598894,29.734961],[-95.15989960000002,29.73493159999998],[-95.15987769999998,29.7348743],[-95.15983740000001,29.7348346],[-95.15976060000003,29.7348346],[-95.1597602,29.734957099999974],[-95.15961249999998,29.734956899999986],[-95.1596118,29.7348346],[-95.1595165,29.734827600000017],[-95.15951690000003,29.735926399999983],[-95.1595107,29.736335300000007],[-95.15950099999998,29.73689139999999],[-95.15949749999999,29.737134400000002],[-95.1594968,29.737180299999977],[-95.15949660000001,29.737250300000028],[-95.1594963,29.737330299999996],[-95.15949490000003,29.737705300000016],[-95.15949239999998,29.738412299999993],[-95.15955589999999,29.738411699999972],[-95.15958069999999,29.738411400000018],[-95.15959070000002,29.738442299999974],[-95.15960239999998,29.73847840000002],[-95.1596035,29.73852690000001],[-95.1596002,29.73875800000002],[-95.15958089999998,29.7388244],[-95.15932279999998,29.7388234],[-95.15932370000002,29.73867610000002],[-95.15932529999998,29.738407199999983],[-95.15941409999999,29.738376200000005],[-95.15941709999998,29.738021300000014],[-95.15942009999998,29.737653899999998],[-95.1594217,29.73746349999999],[-95.15942209999997,29.737425700000017],[-95.15942310000003,29.737305600000013],[-95.15942360000003,29.737236999999993],[-95.15942690000003,29.736851399999978],[-95.15942890000002,29.736606999999992],[-95.1594144,29.736318900000015],[-95.15941729999997,29.735928100000024],[-95.1594217,29.735803999999973],[-95.1594394,29.735309299999983],[-95.15944059999998,29.735274500000003],[-95.15944459999997,29.734824500000002],[-95.15935309999998,29.73489840000002],[-95.15928600000001,29.734938100000022],[-95.15920110000002,29.734975599999984],[-95.1591732,29.735009600000012],[-95.15900920000001,29.735078499999986],[-95.15885809999997,29.7351051],[-95.15863259999998,29.735113000000013],[-95.15858580000003,29.735136099999977],[-95.15849909999997,29.735133299999973],[-95.15841490000003,29.73511400000001],[-95.15831880000002,29.735132799999974],[-95.1582065,29.735177599999986],[-95.15821369999998,29.73524020000002],[-95.15818560000002,29.735536000000025],[-95.1581845,29.73580770000001],[-95.15816849999999,29.73597910000001],[-95.15819420000003,29.736173800000017],[-95.15819950000002,29.73621700000001],[-95.15815359999999,29.73624940000002],[-95.1580917,29.736266999999998],[-95.15806850000001,29.736312699999985],[-95.15804220000001,29.736461799999972],[-95.15800489999998,29.736493300000006],[-95.1579117,29.736501599999997],[-95.15765729999998,29.736492899999973],[-95.15761409999999,29.736571400000003],[-95.15758299999999,29.736721799999998],[-95.15754570000001,29.736833100000013],[-95.1575512,29.736904700000025],[-95.15754900000002,29.73696289999998],[-95.15752459999999,29.737077199999987],[-95.1575186,29.737097600000027],[-95.1574996,29.73716139999999],[-95.15745559999999,29.737245099999996],[-95.15744280000001,29.73733729999998],[-95.1574091,29.7373379],[-95.1572195,29.7371622],[-95.1570408,29.73702559999998],[-95.15704040000003,29.737025300000028],[-95.15703400000001,29.737020400000006],[-95.15702700000003,29.73701410000001],[-95.156924,29.736921699999982],[-95.15684820000001,29.736828000000003],[-95.15685200000001,29.736787300000003],[-95.15685130000003,29.73675609999998],[-95.15681840000002,29.73677839999999],[-95.15676130000003,29.73683490000002],[-95.15673129999999,29.736883499999976],[-95.15663849999999,29.736971700000026],[-95.15657859999999,29.737006599999972],[-95.15657340000001,29.737006500000007],[-95.15654060000003,29.737005899999986],[-95.15650640000001,29.736971900000015],[-95.15644300000002,29.73687860000001],[-95.1562189,29.737107999999978],[-95.1563597,29.737209000000007],[-95.15632979999998,29.737239999999986],[-95.15625549999999,29.737316899999996],[-95.15625349999999,29.737319000000014],[-95.15623210000001,29.73734109999998],[-95.15601190000001,29.737176599999998],[-95.1560303,29.737156500000026],[-95.15608320000001,29.73709869999999],[-95.15613000000002,29.737047500000017],[-95.15636919999997,29.73682630000002],[-95.15630299999998,29.736828800000012],[-95.1562616,29.736817900000005],[-95.15625699999998,29.736813199999972],[-95.15620360000003,29.736757899999986],[-95.15622660000002,29.736703299999988],[-95.15629419999999,29.7365992],[-95.15627439999997,29.7365087],[-95.1562447,29.73646309999998],[-95.1562323,29.736453400000016],[-95.15596,29.736243100000024],[-95.15501269999999,29.73560309999999],[-95.1549516,29.735561899999993],[-95.15449469999999,29.735274300000015],[-95.1541767,29.735072300000013],[-95.15401020000002,29.73496499999999],[-95.1537978,29.734826999999996],[-95.1535495,29.734665500000006],[-95.1535637,29.734580900000026],[-95.15352380000002,29.734547299999974],[-95.15344870000001,29.734467400000028],[-95.15336509999997,29.734447400000022],[-95.15326750000003,29.73451369999998],[-95.1531627,29.734570500000018],[-95.15302589999999,29.734610999999973],[-95.15292060000002,29.73460849999998],[-95.1528576,29.73459509999998],[-95.15280999999999,29.734584600000005],[-95.15268680000003,29.734543900000006],[-95.15254920000001,29.734520499999974],[-95.1524566,29.73449310000001],[-95.1523889,29.734485099999972],[-95.15226009999998,29.734475299999986],[-95.1520337,29.734447699999976],[-95.15185300000002,29.73443179999998],[-95.15158810000003,29.734422900000027],[-95.15137829999998,29.7344104],[-95.151276,29.7344109],[-95.15127999999999,29.734561499999984],[-95.1512806,29.734586499999978],[-95.15128379999999,29.734705799999972],[-95.15126040000001,29.734741100000008],[-95.1513865,29.734738300000004],[-95.15138680000001,29.73477919999999],[-95.151387,29.734808600000008],[-95.15106839999999,29.734813400000007],[-95.15106730000002,29.734774000000016],[-95.15106639999999,29.734741900000017],[-95.15117830000003,29.734724700000015],[-95.151162,29.734644899999978],[-95.15116139999998,29.734609799999987],[-95.15116319999998,29.734547299999974],[-95.15116719999997,29.734411299999977],[-95.15102990000003,29.73441200000002],[-95.15085470000002,29.734417699999995],[-95.1506852,29.73443400000002],[-95.15046389999998,29.734442399999978],[-95.15027350000003,29.73447970000001],[-95.1502514,29.734483899999987],[-95.15018359999999,29.734496700000022],[-95.15007650000001,29.734548700000005],[-95.14992740000002,29.734591799999976],[-95.14981189999997,29.7346321],[-95.14970060000002,29.73467069999998],[-95.14965649999999,29.7346761],[-95.14960719999999,29.734688000000006],[-95.14948750000002,29.734716400000025],[-95.14941850000002,29.73468250000002],[-95.1493835,29.73476069999998],[-95.14932929999998,29.73477650000001],[-95.14927010000002,29.734815400000002],[-95.14910420000001,29.734848399999976],[-95.14905060000001,29.73485310000001],[-95.14898449999998,29.73485390000002],[-95.14887629999998,29.734857499999976],[-95.14873770000003,29.734857499999976],[-95.14860859999999,29.734849300000008],[-95.14844900000003,29.734814500000027],[-95.14839860000001,29.734809900000016],[-95.14833770000001,29.734807999999987],[-95.14821690000002,29.734800800000016],[-95.14816339999999,29.734807999999987],[-95.14812030000002,29.734807999999987],[-95.14800380000003,29.734814500000027],[-95.14788929999997,29.734837500000026],[-95.14783260000002,29.73485390000002],[-95.14772449999998,29.734889599999974],[-95.14760580000001,29.734958300000017],[-95.14757580000003,29.735016499999972],[-95.14754720000002,29.73501729999998],[-95.1475127,29.73501829999998],[-95.14738649999998,29.735022000000015],[-95.14716120000003,29.73502860000002],[-95.14710280000003,29.735030300000005],[-95.14709950000002,29.7349868],[-95.1470966,29.734948400000007],[-95.14708710000002,29.734823600000027],[-95.14699780000001,29.73474299999998],[-95.14694850000001,29.73467149999999],[-95.14692960000002,29.73463479999998],[-95.14687709999998,29.7346],[-95.14680249999998,29.73458169999998],[-95.14673640000001,29.734567900000002],[-95.14665339999999,29.734552399999984],[-95.14661139999998,29.73453219999999],[-95.14657679999999,29.73451060000002],[-95.14649600000001,29.734458000000018],[-95.1464608,29.73433669999997],[-95.1463531,29.734359100000006],[-95.14631370000001,29.734341700000016],[-95.1462588,29.73431740000001],[-95.14617049999998,29.734214699999995],[-95.14609109999998,29.734185200000013],[-95.14602789999998,29.734171000000003],[-95.14595580000002,29.734151800000006],[-95.14577919999999,29.734118599999988],[-95.14567899999997,29.73410769999998],[-95.14564530000001,29.734104100000025],[-95.14557980000001,29.73409700000002],[-95.1454774,29.734089299999994],[-95.14538920000001,29.734075500000017],[-95.14529920000001,29.734050799999977],[-95.14515799999998,29.73401849999999],[-95.14500000000001,29.734001031353156],[-95.14500000000001,29.69999999999999],[-95.17500000000001,29.69999999999999]]],[[[-95.14528239999999,29.734550899999988],[-95.14535619999998,29.734555999999998],[-95.1453477,29.73463129999999],[-95.14534509999999,29.734654999999975],[-95.1453396,29.73470370000001],[-95.14529140000002,29.73469940000001],[-95.14525579999997,29.734696199999973],[-95.14521660000003,29.734692699999982],[-95.14517890000002,29.734689300000014],[-95.1451346,29.73468539999999],[-95.14509429999998,29.73468170000001],[-95.14500000000001,29.73467325911331],[-95.14500000000001,29.734524954439483],[-95.14528239999999,29.734550899999988]]]]}},{"type":"Feature","properties":{},"geometry":{"type":"Polygon","coordinates":[[[-95.14505009999999,29.738100599999996],[-95.14510569999999,29.738097900000014],[-95.14518759999999,29.738086899999985],[-95.14525270000001,29.738065800000015],[-95.14534090000001,29.738030999999978],[-95.1454134,29.737993399999993],[-95.14548159999998,29.737956699999984],[-95.14552049999998,29.737939299999994],[-95.14558140000003,29.737902700000006],[-95.14565069999998,29.7378559],[-95.14573239999999,29.737801900000022],[-95.1458303,29.737730399999975],[-95.14592060000001,29.737693499999978],[-95.1460563,29.737665800000002],[-95.14612490000002,29.737668100000008],[-95.1462148,29.73767140000001],[-95.1463733,29.7376941],[-95.14648089999997,29.737745000000018],[-95.14655470000002,29.737778900000023],[-95.14663460000003,29.737812899999994],[-95.14668180000001,29.73782349999999],[-95.14679000000001,29.73784790000002],[-95.14684440000002,29.737857899999995],[-95.14689149999998,29.737363099999982],[-95.146908,29.73719010000002],[-95.14692539999999,29.737006899999983],[-95.14693369999998,29.736919999999998],[-95.14700670000002,29.73692749999998],[-95.1469788,29.737228300000027],[-95.1469674,29.73735069999998],[-95.14714300000003,29.737362599999983],[-95.14713799999998,29.737414699999988],[-95.14709090000002,29.73790150000002],[-95.14716920000001,29.73793010000003],[-95.14717430000002,29.73793139999998],[-95.14725750000002,29.737953199999993],[-95.14735350000001,29.737978399999974],[-95.14749030000002,29.73802330000001],[-95.14770340000001,29.738075400000014],[-95.1477504,29.738086899999985],[-95.147807,29.73812270000002],[-95.14790629999999,29.73818799999998],[-95.14799390000002,29.738244699999996],[-95.14809050000002,29.738311699999997],[-95.1481776,29.73837500000002],[-95.14828399999999,29.73845110000002],[-95.1483943,29.73853200000002],[-95.14843619999999,29.738559599999974],[-95.14850819999998,29.73858960000001],[-95.1486241,29.73863640000002],[-95.14870789999998,29.738669300000026],[-95.1487917,29.73870260000001],[-95.14891410000001,29.738753499999973],[-95.14901320000001,29.738788899999975],[-95.1491153,29.738822599999992],[-95.14923729999998,29.73886379999999],[-95.1493706,29.73890610000001],[-95.14942000000002,29.738915899999995],[-95.14953020000002,29.738933999999972],[-95.14966129999999,29.738956799999983],[-95.14974990000002,29.738970800000004],[-95.1498641,29.73896910000002],[-95.14995540000001,29.738965099999973],[-95.1500633,29.738946800000008],[-95.1501227,29.73893609999999],[-95.15019000000001,29.738923699999987],[-95.1502309,29.738936299999978],[-95.15027620000001,29.738948900000025],[-95.15032439999999,29.738963800000022],[-95.15043750000001,29.738983399999995],[-95.15050079999997,29.738994100000014],[-95.15061309999999,29.738989500000002],[-95.15071180000001,29.738972999999987],[-95.15078319999998,29.738952799999993],[-95.15083779999998,29.738928999999985],[-95.15092290000001,29.738858400000026],[-95.1509481,29.7387741],[-95.15108359999999,29.738681600000007],[-95.15116760000001,29.738620200000014],[-95.15125469999998,29.738557000000014],[-95.1512904,29.738531299999977],[-95.15134819999997,29.738489200000004],[-95.15138180000002,29.738465299999973],[-95.15147209999998,29.738411299999996],[-95.1515771,29.738363600000014],[-95.15165689999998,29.73834069999998],[-95.15173040000002,29.738327000000027],[-95.1518438,29.738313199999993],[-95.15194350000002,29.738304000000028],[-95.152038,29.738299499999982],[-95.15212200000002,29.738299499999982],[-95.15221550000001,29.738304000000028],[-95.15230159999999,29.738313199999993],[-95.15236879999998,29.738325099999997],[-95.1524349,29.738336100000026],[-95.15250320000001,29.73835439999999],[-95.1526134,29.738385600000015],[-95.15266810000003,29.738404800000012],[-95.1527489,29.738442399999997],[-95.1528424,29.738535899999988],[-95.15294319999998,29.738581699999997],[-95.15301249999999,29.738615600000003],[-95.15307969999998,29.738649500000008],[-95.1531458,29.73868249999998],[-95.153213,29.738716399999987],[-95.15327919999999,29.738749400000017],[-95.15334639999998,29.738783300000023],[-95.1534125,29.738816299999996],[-95.15351859999998,29.738875899999982],[-95.15358889999999,29.73891980000002],[-95.15366449999999,29.738970199999983],[-95.15372439999999,29.7390087],[-95.15378420000002,29.739054599999974],[-95.15386610000002,29.739104999999995],[-95.15402360000002,29.739196600000014],[-95.1541087,29.739254300000027],[-95.154157,29.739285499999994],[-95.15420840000002,29.73931570000002],[-95.15425670000002,29.739298299999973],[-95.1542662,29.739254300000027],[-95.15426719999999,29.73920579999998],[-95.15426409999998,29.739161799999977],[-95.15426409999998,29.739123300000017],[-95.15426930000001,29.739072899999996],[-95.1542882,29.738976700000023],[-95.1542935,29.738920800000017],[-95.1543001,29.738775900000007],[-95.15428639999999,29.738713500000017],[-95.15427899999997,29.73867949999999],[-95.15445160000002,29.738762899999983],[-95.15481620000003,29.738963899999987],[-95.1548204,29.738976200000025],[-95.15482630000002,29.73899369999998],[-95.15483790000002,29.73902800000002],[-95.1548406,29.739074700000003],[-95.1548454,29.739202299999988],[-95.1548482,29.739308400000027],[-95.1548522,29.739432099999988],[-95.1548563,29.739542099999994],[-95.1548616,29.739751899999987],[-95.15486579999998,29.73985269999997],[-95.15486829999998,29.73996090000003],[-95.15487339999999,29.740062299999977],[-95.15487589999998,29.74018480000001],[-95.1548798,29.740314899999987],[-95.15488479999999,29.740430600000025],[-95.15488679999999,29.740502400000025],[-95.15502759999998,29.740598299999988],[-95.1551609,29.740676099999973],[-95.15531249999998,29.7407647],[-95.1553791,29.740764599999977],[-95.15546080000001,29.740775199999973],[-95.1555093,29.740780500000028],[-95.15556379999998,29.74078320000001],[-95.1556668,29.7407963],[-95.1557153,29.740806899999995],[-95.15577889999997,29.74080950000001],[-95.15586680000001,29.74081749999999],[-95.15592120000002,29.740828000000022],[-95.1559636,29.740828000000022],[-95.15601509999999,29.74083589999998],[-95.1561575,29.740859699999987],[-95.1562371,29.74087259999999],[-95.15638539999998,29.740908100000013],[-95.15648069999997,29.740919599999984],[-95.15657340000001,29.7409308],[-95.15658350000001,29.741014699999994],[-95.15660930000001,29.74122779999999],[-95.15661260000002,29.741255500000022],[-95.15661160000002,29.7412554],[-95.156567,29.74124949999998],[-95.1564932,29.741239699999994],[-95.1563663,29.741222900000025],[-95.1563673,29.741254400000003],[-95.15636990000002,29.741338199999973],[-95.15636310000002,29.74140410000001],[-95.15635789999999,29.7414627],[-95.15635370000001,29.74152049999998],[-95.1563463,29.741594700000007],[-95.15636210000002,29.741672600000015],[-95.1563726,29.741708300000028],[-95.15639670000002,29.74177609999998],[-95.15643349999999,29.74187230000001],[-95.15651220000001,29.742045500000017],[-95.15654899999998,29.74214169999999],[-95.15654860000001,29.742236699999978],[-95.1564578,29.7423187],[-95.1564578,29.742400499999974],[-95.15645869999997,29.742496399999993],[-95.1564639,29.742593499999998],[-95.15643060000002,29.74263050000002],[-95.15639249999998,29.742734600000006],[-95.15637679999998,29.742796],[-95.15636940000002,29.742832700000008],[-95.15635259999999,29.742999399999974],[-95.15636940000002,29.743092900000022],[-95.15639040000002,29.743171700000005],[-95.15641349999999,29.74327340000002],[-95.1564639,29.743354099999976],[-95.15649860000002,29.743395299999975],[-95.15653029999999,29.74342180000002],[-95.15658159999998,29.743463399999996],[-95.15661089999998,29.743490500000007],[-95.15672260000002,29.743552899999997],[-95.15677390000002,29.74356879999999],[-95.15683080000002,29.743589600000007],[-95.15691679999998,29.743602399999986],[-95.15695899999997,29.743611999999985],[-95.15702870000001,29.743628],[-95.15715139999998,29.74366950000001],[-95.15733440000002,29.74373430000003],[-95.15743730000003,29.74377099999998],[-95.15754120000003,29.743856800000003],[-95.157579,29.743918500000007],[-95.15760619999998,29.74399679999999],[-95.15757289999999,29.744076099999972],[-95.15746080000002,29.744184500000017],[-95.15733189999997,29.744247200000018],[-95.15715619999997,29.744273099999987],[-95.15714129999998,29.74431659999999],[-95.15719239999999,29.74434020000001],[-95.15724210000002,29.74436270000001],[-95.15734170000002,29.744410700000003],[-95.15755089999999,29.744376199999977],[-95.1578844,29.74448430000001],[-95.15824149999997,29.74459200000001],[-95.15830749999998,29.74460959999999],[-95.15844390000001,29.7446506],[-95.15865450000001,29.74474140000001],[-95.1590276,29.74484749999999],[-95.15932520000001,29.74493560000002],[-95.1595499,29.744931899999983],[-95.15965340000002,29.744796000000008],[-95.1597559,29.744608099999994],[-95.1598113,29.74455230000001],[-95.15985760000001,29.744498299999975],[-95.15991159999999,29.744435399999986],[-95.15996630000001,29.744331999999986],[-95.16000250000002,29.744275000000016],[-95.16006970000001,29.74419130000001],[-95.1601296,29.744144800000015],[-95.16017049999999,29.744127400000025],[-95.16021560000002,29.744119599999976],[-95.1604939,29.744131100000004],[-95.16052020000001,29.74419519999998],[-95.16053699999998,29.744280500000002],[-95.16054430000003,29.744338200000016],[-95.1605548,29.744392199999993],[-95.16059369999999,29.744463699999983],[-95.16058420000002,29.744526000000008],[-95.1605758,29.744601199999977],[-95.1605811,29.744643300000007],[-95.1606233,29.74470869999999],[-95.1607328,29.74478019999998],[-95.16087879999998,29.74486250000001],[-95.16099439999999,29.74492620000001],[-95.16103079999999,29.744944799999985],[-95.16107040000003,29.744968599999993],[-95.16124070000001,29.745056200000022],[-95.16132290000002,29.745104000000026],[-95.16137459999999,29.74513569999999],[-95.16146279999998,29.745186199999978],[-95.1615587,29.74523479999999],[-95.16166479999998,29.745306200000016],[-95.16176899999999,29.745358099999976],[-95.161856,29.745392200000026],[-95.16189910000003,29.745405199999993],[-95.1620107,29.74544739999999],[-95.16217820000003,29.745530099999996],[-95.1623715,29.74561110000002],[-95.16245900000001,29.74563710000001],[-95.16258169999998,29.745661400000017],[-95.16267649999998,29.74566299999998],[-95.16275280000002,29.74569869999999],[-95.16283090000002,29.745737599999984],[-95.16296119999998,29.745818799999995],[-95.16304680000002,29.745875599999977],[-95.16311560000003,29.74591620000001],[-95.16321599999998,29.745984299999975],[-95.1633109,29.746080000000006],[-95.1633463,29.746120599999983],[-95.163389,29.746157900000014],[-95.16348879999998,29.746250799999984],[-95.1635771,29.746291499999984],[-95.16382440000001,29.746457700000008],[-95.16407830000003,29.74662840000002],[-95.16427579999998,29.746724500000028],[-95.16454579999998,29.746836900000005],[-95.1648323,29.746958000000006],[-95.16502320000001,29.747051199999987],[-95.16535570000002,29.747201299999972],[-95.16555469999997,29.7473119],[-95.16570789999997,29.747360200000003],[-95.16601709999998,29.747377400000005],[-95.16640940000002,29.747394199999974],[-95.1666404,29.74741560000001],[-95.16706299999998,29.74743510000002],[-95.16722470000002,29.747453199999995],[-95.16731440000001,29.747535099999993],[-95.16727959999997,29.74763680000001],[-95.16723030000003,29.747725800000012],[-95.16689609999997,29.747945300000026],[-95.16693550000002,29.747978199999977],[-95.16698609999997,29.748020499999996],[-95.16700900000001,29.748039699999993],[-95.1670221,29.7480506],[-95.1670403,29.748065800000006],[-95.16704229999999,29.74806749999999],[-95.167056,29.748077599999988],[-95.16705619999999,29.74807770000001],[-95.16706690000001,29.748085600000024],[-95.16709450000002,29.748106000000007],[-95.1670363,29.74815430000001],[-95.167014,29.748128899999983],[-95.16700379999997,29.748117200000024],[-95.1669943,29.748106500000006],[-95.16699310000001,29.748105099999975],[-95.16697440000002,29.748085600000024],[-95.16696580000001,29.74807659999999],[-95.1669463,29.748056299999973],[-95.16686299999998,29.74796950000001],[-95.16684320000002,29.748047900000017],[-95.16684029999999,29.74805939999999],[-95.16635550000001,29.748451199999977],[-95.1662106,29.748536],[-95.16628859999997,29.748611200000028],[-95.16630789999999,29.748629800000003],[-95.16631699999999,29.748638500000027],[-95.16632779999998,29.748649],[-95.16634240000002,29.748663099999987],[-95.16634970000001,29.748670100000027],[-95.16636690000001,29.748686700000007],[-95.1663256,29.748720100000014],[-95.1662887,29.748750099999995],[-95.1662571,29.74877570000001],[-95.16622610000002,29.748800899999992],[-95.16486559999998,29.749903700000004],[-95.16484209999999,29.749922400000003],[-95.16481499999998,29.749944000000028],[-95.16478710000001,29.749966200000017],[-95.16476440000002,29.749984299999994],[-95.16474419999997,29.750000399999976],[-95.16470370000002,29.750032599999997],[-95.16466910000003,29.750060200000007],[-95.16462130000002,29.750098200000025],[-95.164398,29.750275999999985],[-95.16447,29.750345600000003],[-95.16438679999999,29.750416200000018],[-95.16426810000002,29.75051689999998],[-95.164195,29.750578899999994],[-95.16363669999998,29.75084559999999],[-95.16355759999999,29.75088340000002],[-95.16343990000001,29.75093959999998],[-95.16363180000002,29.75132689999998],[-95.1637053,29.751361700000018],[-95.16381280000002,29.751375499999995],[-95.16403220000001,29.751325099999974],[-95.1641272,29.751307999999995],[-95.16419330000002,29.751332900000023],[-95.16429019999998,29.751404100000002],[-95.16441300000002,29.7518513],[-95.16446300000001,29.751929800000028],[-95.16453960000001,29.752041899999995],[-95.1647734,29.75221909999999],[-95.16489739999997,29.752318899999977],[-95.16499099999999,29.7523822],[-95.16496810000001,29.752418799999987],[-95.16496239999998,29.752465400000006],[-95.16504629999997,29.752480400000024],[-95.16518359999998,29.752483600000005],[-95.1652264,29.752529400000014],[-95.1652479,29.752575499999978],[-95.16526629999998,29.752614900000026],[-95.16528729999999,29.752697399999988],[-95.1653096,29.75279069999999],[-95.16531220000002,29.752831200000003],[-95.16528890000001,29.752871900000002],[-95.165276,29.752986899999996],[-95.16527259999998,29.753037300000017],[-95.16530310000002,29.753147300000023],[-95.16531570000001,29.753194000000008],[-95.1653531,29.75329690000001],[-95.16538209999999,29.753343400000006],[-95.1654064,29.753374000000008],[-95.16543789999997,29.753412400000002],[-95.16549600000002,29.753456099999994],[-95.1655619,29.753505899999993],[-95.16560600000003,29.753528500000016],[-95.16569779999998,29.75358110000002],[-95.16574200000002,29.753605499999992],[-95.16578679999998,29.7536336],[-95.16582110000002,29.753654900000015],[-95.16592750000001,29.753723999999977],[-95.16611180000001,29.753737399999977],[-95.1662447,29.753662399999996],[-95.1663082,29.753604100000018],[-95.16631610000002,29.753541900000016],[-95.1663342,29.75347529999999],[-95.16649530000001,29.753372800000022],[-95.16657780000003,29.75332830000002],[-95.16663199999999,29.753286000000003],[-95.16670879999998,29.753264600000023],[-95.16684079999999,29.753230799999983],[-95.16693900000001,29.753179999999986],[-95.16701330000001,29.753132600000015],[-95.16712059999998,29.75307670000001],[-95.16722370000002,29.753030000000024],[-95.16737239999998,29.753011700000002],[-95.16748589999997,29.752965800000027],[-95.167572,29.752941899999996],[-95.16764890000002,29.75293449999998],[-95.16773180000001,29.752929499999993],[-95.16781850000001,29.752884199999983],[-95.16794779999998,29.75288979999999],[-95.16801170000002,29.75289090000001],[-95.1680763,29.752897700000005],[-95.16815709999997,29.752906699999983],[-95.16820489999998,29.752913499999977],[-95.16826759999998,29.752924699999994],[-95.16838460000002,29.752957400000014],[-95.16851709999997,29.753018800000007],[-95.1686095,29.75305880000002],[-95.16868390000002,29.753087600000015],[-95.16882149999998,29.753115700000023],[-95.16888490000002,29.75312980000001],[-95.16895140000003,29.7531343],[-95.1690299,29.7531482],[-95.16907309999999,29.753150000000005],[-95.16915569999998,29.75314639999999],[-95.1693022,29.753140900000005],[-95.16943830000002,29.753131999999994],[-95.16950650000001,29.753131999999994],[-95.1695583,29.753131800000006],[-95.1696116,29.753131900000028],[-95.16970020000002,29.75313110000002],[-95.16976190000003,29.753132499999992],[-95.16984530000002,29.753141200000016],[-95.16990379999999,29.7531434],[-95.16996469999998,29.753150600000026],[-95.17002059999999,29.753154300000006],[-95.1701165,29.75316220000002],[-95.17019490000001,29.75317389999998],[-95.17028249999998,29.753181100000006],[-95.1703243,29.7531884],[-95.17046370000003,29.75321680000002],[-95.1705963,29.75324660000001],[-95.17072639999998,29.75326469999999],[-95.1708041,29.753276400000004],[-95.17098179999999,29.753314199999977],[-95.17103609999998,29.75332370000001],[-95.17109690000001,29.753334600000017],[-95.17114120000002,29.753344000000027],[-95.1711838,29.753357100000017],[-95.17135309999998,29.753394200000002],[-95.17146819999999,29.753406600000005],[-95.17161429999999,29.753417500000012],[-95.17167690000002,29.753420300000016],[-95.17175029999999,29.7534225],[-95.17184950000001,29.753416000000016],[-95.17194549999999,29.753408700000023],[-95.17201640000002,29.753407200000026],[-95.17209070000001,29.753404999999987],[-95.17216489999998,29.753407200000026],[-95.1722284,29.75340779999999],[-95.17228180000001,29.753406400000017],[-95.17236179999998,29.753401999999994],[-95.17241689999997,29.753395399999988],[-95.1724878,29.75337350000001],[-95.1726114,29.75337350000001],[-95.17265889999999,29.753372800000022],[-95.17271140000003,29.753383699999972],[-95.17281159999999,29.753410700000018],[-95.1729176,29.753454299999987],[-95.1729977,29.75346159999998],[-95.17307770000002,29.753472499999987],[-95.1731471,29.75348489999999],[-95.1732146,29.753501500000027],[-95.17326129999998,29.753509599999973],[-95.17332140000002,29.753519700000027],[-95.17340810000002,29.753518299999996],[-95.1735117,29.753523299999983],[-95.17358510000003,29.753549599999985],[-95.17365180000002,29.753572099999985],[-95.17372519999998,29.7535939],[-95.1738254,29.753612799999985],[-95.17390390000003,29.753630999999984],[-95.1739756,29.75363820000001],[-95.17407409999998,29.75365499999998],[-95.17413829999998,29.7536695],[-95.1742309,29.753683299999977],[-95.1743085,29.753702299999986],[-95.17439359999997,29.753717499999993],[-95.1745305,29.753814999999975],[-95.174533,29.75387840000002],[-95.1744521,29.753967199999977],[-95.1743778,29.754016799999988],[-95.174327,29.754039299999988],[-95.17426260000002,29.754106400000012],[-95.17432780000001,29.754117899999983],[-95.17441459999998,29.75409830000001],[-95.17451720000003,29.754074300000013],[-95.17463830000003,29.754045399999995],[-95.174711,29.75403130000001],[-95.1748212,29.754015299999992],[-95.17496019999999,29.754031899999973],[-95.17500000000001,29.75404070000002],[-95.17500000000001,29.774999999999977],[-95.14500000000001,29.774999999999977],[-95.14500000000001,29.738100599999996],[-95.14505009999999,29.738100599999996]]]}},{"type":"Feature","properties":{},"geometry":{"type":"Polygon","coordinates":[[[-95.1717193,29.752077699999973],[-95.16933069999999,29.75177480000002],[-95.16864720000001,29.751688100000024],[-95.1685483,29.75169790000001],[-95.16810170000002,29.75174229999999],[-95.1677641,29.75177580000002],[-95.16755740000002,29.7517838],[-95.16727800000001,29.751816399999996],[-95.16716939999998,29.75180899999998],[-95.16676439999998,29.751850900000022],[-95.16667360000002,29.75188270000001],[-95.1666616,29.751886899999988],[-95.166651,29.751884299999972],[-95.16640319999999,29.751814799999977],[-95.16567880000002,29.751644499999998],[-95.16561669999999,29.751629200000025],[-95.16557829999999,29.751619699999992],[-95.16558149999997,29.751609400000007],[-95.165593,29.75157250000001],[-95.16561330000002,29.751507000000004],[-95.16562870000001,29.751425299999994],[-95.16562340000002,29.75134650000001],[-95.16561680000001,29.7512567],[-95.16561259999997,29.751178200000027],[-95.16561530000001,29.75112059999998],[-95.16561680000001,29.751081199999987],[-95.16563339999999,29.750996199999975],[-95.16564,29.750952499999983],[-95.16566319999998,29.750863700000025],[-95.16575210000002,29.750773600000002],[-95.16584749999998,29.750681499999985],[-95.16589290000002,29.750632999999993],[-95.16597189999999,29.750574700000016],[-95.16599689999998,29.750556300000028],[-95.16615510000003,29.750421000000017],[-95.16619250000002,29.750375599999984],[-95.16626880000001,29.750327000000027],[-95.16632070000003,29.750304900000003],[-95.1664715,29.750213299999984],[-95.16646800000001,29.750208600000008],[-95.16644070000001,29.75017220000001],[-95.16647449999999,29.750151700000004],[-95.16649430000001,29.75013960000001],[-95.16653330000003,29.750115900000026],[-95.1665501,29.750105700000006],[-95.16719010000003,29.74971629999999],[-95.16848149999998,29.748930700000017],[-95.1686211,29.748845800000026],[-95.16865410000003,29.748825699999998],[-95.168657,29.74882389999999],[-95.1686894,29.748804199999995],[-95.16874000000001,29.748868000000016],[-95.16885669999999,29.749015199999974],[-95.16895060000002,29.749133700000016],[-95.16914079999998,29.749124999999992],[-95.16919039999999,29.74912280000001],[-95.16933660000001,29.74911609999998],[-95.16936909999998,29.749114599999984],[-95.16940240000002,29.749113099999988],[-95.16944860000001,29.749111000000028],[-95.1695843,29.749276899999984],[-95.1697345,29.749240799999995],[-95.16977730000002,29.74923050000001],[-95.16979470000001,29.749226299999975],[-95.16981449999997,29.749221499999976],[-95.16982059999998,29.749220100000002],[-95.16984609999997,29.749214100000017],[-95.16998610000002,29.749181099999987],[-95.1699347,29.74911830000002],[-95.1699711,29.749094300000024],[-95.17003269999998,29.74917019999998],[-95.17018439999998,29.749136700000008],[-95.17030399999999,29.74900309999998],[-95.1702406,29.748925299999996],[-95.17031459999998,29.748878400000024],[-95.17031639999999,29.748880499999984],[-95.1703195,29.748884099999998],[-95.17035770000001,29.7489286],[-95.17039590000002,29.748972999999978],[-95.1704944,29.74891070000001],[-95.17056630000002,29.748886200000015],[-95.17066949999997,29.74890670000002],[-95.1707563,29.748917199999994],[-95.17100370000003,29.7489549],[-95.17125329999999,29.748988699999984],[-95.1714935,29.749006599999973],[-95.1716376,29.749016200000028],[-95.17179490000001,29.749007699999993],[-95.17190549999998,29.748987199999988],[-95.17201160000002,29.748950499999978],[-95.1721162,29.748895100000027],[-95.17222980000003,29.748843299999976],[-95.1723015,29.748838200000023],[-95.17256320000001,29.74869369999999],[-95.17253570000003,29.748652800000002],[-95.17249720000001,29.74859550000002],[-95.17253679999999,29.748573799999974],[-95.17259180000002,29.748543700000027],[-95.17264799999998,29.74851289999998],[-95.17272270000001,29.748471900000027],[-95.17274659999998,29.74845879999998],[-95.1737349,29.747917299999983],[-95.1738287,29.747865900000022],[-95.17389580000003,29.74782909999999],[-95.17393399999997,29.747828500000026],[-95.173967,29.747828000000027],[-95.1739983,29.747827599999994],[-95.1740653,29.747826599999996],[-95.17448150000001,29.7478203],[-95.17446519999999,29.747740099999987],[-95.17454650000002,29.747728300000006],[-95.1745813,29.747723199999996],[-95.1746157,29.74771820000001],[-95.17465149999998,29.747712999999976],[-95.17471319999999,29.74770410000002],[-95.17480660000001,29.747690499999976],[-95.17500000000001,29.747662400000024],[-95.17500000000001,29.747687400000018],[-95.17500000000001,29.7490454],[-95.17500000000001,29.74919799999998],[-95.17500000000001,29.749242900000013],[-95.17500000000001,29.749362899999994],[-95.17500000000001,29.74939660000001],[-95.17500000000001,29.74951600000003],[-95.17500000000001,29.751865599999974],[-95.17500000000001,29.752700100000027],[-95.17483019999997,29.752661199999977],[-95.17423600000001,29.75252519999998],[-95.17223230000002,29.752298499999995],[-95.1722378,29.752241000000026],[-95.17224149999998,29.75220200000001],[-95.17224549999997,29.75214440000002],[-95.17188679999998,29.75209890000002],[-95.1717193,29.752077699999973]]]}},{"type":"Feature","properties":{},"geometry":{"type":"Polygon","coordinates":[[[-95.32499999999999,29.761257],[-95.32499999999999,29.760196099999973],[-95.32499999999999,29.759971399999984],[-95.32499999999999,29.759888999999987],[-95.32499999999999,29.759884899999975],[-95.32504440000002,29.759910600000012],[-95.32512689999999,29.759962099999996],[-95.32519389999999,29.760003900000015],[-95.32525570000001,29.7600415],[-95.3253269,29.760084800000016],[-95.3254,29.760129300000017],[-95.3254086,29.760134499999992],[-95.32542189999998,29.760142599999995],[-95.32542330000001,29.760151800000017],[-95.3254326,29.76021209999999],[-95.3255575,29.760269800000003],[-95.32561529999998,29.760293699999977],[-95.32567510000001,29.760318400000017],[-95.325715,29.76032939999999],[-95.32581160000001,29.760352300000022],[-95.32595759999998,29.76037980000001],[-95.32610140000003,29.760402699999986],[-95.32619290000002,29.760417200000006],[-95.32631040000001,29.760411799999986],[-95.32648569999998,29.76038890000001],[-95.32657920000003,29.760370599999987],[-95.32668000000001,29.7603431],[-95.32679230000002,29.760319299999992],[-95.32685950000001,29.76030370000001],[-95.32703379999998,29.76028359999998],[-95.32714329999999,29.760301400000003],[-95.32723759999999,29.76033030000002],[-95.3273489,29.76037980000001],[-95.32740769999998,29.760427400000026],[-95.3274581,29.760518100000013],[-95.32748959999998,29.760625300000015],[-95.32751580000001,29.76073889999998],[-95.32755470000001,29.760858900000017],[-95.3276009,29.760918500000002],[-95.32762609999997,29.76086170000002],[-95.32762609999997,29.7607893],[-95.3276156,29.76072979999998],[-95.32759670000002,29.760662000000025],[-95.32759140000002,29.760618899999997],[-95.32758089999999,29.760533699999996],[-95.32755989999998,29.760421000000008],[-95.32755470000001,29.760378899999978],[-95.32755470000001,29.760319299999992],[-95.32760250000001,29.760236299999974],[-95.3277804,29.760225900000023],[-95.327856,29.760218500000008],[-95.32791800000001,29.7602167],[-95.32802090000001,29.760209400000008],[-95.3280891,29.76020749999998],[-95.3281437,29.760200199999986],[-95.32826549999999,29.760186499999975],[-95.32833799999997,29.76017730000001],[-95.3284251,29.76018099999999],[-95.32851749999998,29.760164499999973],[-95.32861100000002,29.760147099999983],[-95.3287034,29.760130600000025],[-95.32879050000003,29.760106000000007],[-95.32889340000003,29.760088999999994],[-95.32900769999998,29.76008280000002],[-95.32903859999999,29.76008280000002],[-95.3290872,29.76008280000002],[-95.32909919999997,29.76008280000002],[-95.3292399,29.76010739999998],[-95.32943879999999,29.760147899999993],[-95.32948090000002,29.760156499999994],[-95.3295776,29.76016800000002],[-95.32964800000002,29.760176399999978],[-95.32972360000002,29.760184100000004],[-95.32984670000002,29.760177999999996],[-95.32996730000002,29.760143900000003],[-95.33009850000002,29.76009620000002],[-95.33020199999999,29.760058300000026],[-95.33038470000002,29.759979199999975],[-95.33068259999999,29.75982240000002],[-95.3307663,29.759765000000016],[-95.33095509999998,29.759643600000004],[-95.33117120000003,29.75948169999998],[-95.33129339999999,29.75938400000001],[-95.33136619999999,29.759328700000026],[-95.33140930000002,29.759295899999984],[-95.33151750000002,29.75919970000001],[-95.33159410000002,29.759125499999982],[-95.33164240000002,29.759081600000002],[-95.3316739,29.7590467],[-95.33173169999998,29.75899629999998],[-95.33176320000001,29.758972500000027],[-95.33182090000003,29.758923100000004],[-95.33184820000002,29.758894699999985],[-95.33186490000003,29.758857200000023],[-95.33187759999998,29.75882869999998],[-95.33192070000001,29.758795700000007],[-95.33193970000002,29.75878929999999],[-95.3319727,29.758778099999972],[-95.3320099,29.75876549999998],[-95.33206560000002,29.75875259999998],[-95.3321464,29.758724200000017],[-95.33223249999998,29.75870500000002],[-95.3322756,29.75870040000001],[-95.33232279999999,29.758698600000002],[-95.33242150000001,29.75870040000001],[-95.33254970000002,29.758747099999994],[-95.3326442,29.758793000000026],[-95.33282159999999,29.7588791],[-95.33286470000002,29.75890750000002],[-95.3329046,29.758946900000012],[-95.33293400000002,29.758980800000018],[-95.3329938,29.759034799999995],[-95.3331177,29.75919879999998],[-95.33313980000003,29.759240999999975],[-95.3331713,29.759343600000022],[-95.33315759999999,29.759490200000016],[-95.33315549999998,29.75959549999999],[-95.3331503,29.759716500000025],[-95.33314289999998,29.759836500000006],[-95.33314080000002,29.759895099999994],[-95.33313980000003,29.759952800000008],[-95.33313349999997,29.760032500000023],[-95.3331303,29.7600903],[-95.33312819999998,29.76017730000001],[-95.33312480000001,29.7602301],[-95.333123,29.76035139999999],[-95.33310410000001,29.76047319999998],[-95.33310410000001,29.760551099999986],[-95.33312160000003,29.7606083],[-95.33312009999997,29.760682299999985],[-95.33311989999999,29.76069419999999],[-95.3331124,29.760829399999977],[-95.3331119,29.76089159999998],[-95.33311129999998,29.760971299999994],[-95.33311040000001,29.760982599999977],[-95.3331068,29.761030000000005],[-95.3331053,29.76104909999998],[-95.3331392,29.761169100000018],[-95.33313930000003,29.761169300000006],[-95.33317540000002,29.761273500000016],[-95.33320350000002,29.761329699999976],[-95.33323530000001,29.761393199999986],[-95.33328999999998,29.761476000000016],[-95.3334069,29.76159769999998],[-95.33352300000001,29.761682500000006],[-95.3336511,29.761754999999994],[-95.33373410000002,29.761791200000005],[-95.33383600000002,29.761821899999973],[-95.3339416,29.761840300000017],[-95.33409,29.761930800000016],[-95.33417609999998,29.76193999999998],[-95.3342601,29.761949200000004],[-95.33434310000001,29.761958300000003],[-95.3343883,29.76196470000002],[-95.33448069999997,29.761966599999994],[-95.33453420000001,29.761973899999987],[-95.33458150000001,29.761975699999994],[-95.3346823,29.76198310000001],[-95.33477470000003,29.761984900000016],[-95.33487339999999,29.761989500000027],[-95.33496680000002,29.76199409999998],[-95.3351485,29.762019699999996],[-95.33521150000001,29.762021500000003],[-95.33526080000001,29.762024300000007],[-95.33535640000002,29.762026100000014],[-95.3354309,29.762033400000007],[-95.3355191,29.762038000000018],[-95.33564410000002,29.76203989999999],[-95.33584150000002,29.762048100000015],[-95.335937,29.762058200000013],[-95.33606309999999,29.76208109999999],[-95.33621640000001,29.762108599999976],[-95.3363655,29.762150700000007],[-95.3365114,29.762202000000002],[-95.33655340000001,29.762209299999995],[-95.3366962,29.76224689999998],[-95.33680859999998,29.762290000000007],[-95.33692830000001,29.762305500000025],[-95.33705739999999,29.762323900000013],[-95.33715610000002,29.762342199999978],[-95.3372349,29.7623605],[-95.3373378,29.762391700000023],[-95.3375026,29.76246309999999],[-95.33756039999997,29.76247410000002],[-95.33765590000002,29.762486000000024],[-95.33772210000001,29.762487899999996],[-95.3378985,29.76249519999999],[-95.33800559999997,29.762496999999996],[-95.3380697,29.762496999999996],[-95.33815579999998,29.762492399999985],[-95.3381999,29.76249059999998],[-95.3382671,29.762483299999985],[-95.33831429999998,29.762481400000013],[-95.33839940000001,29.76247410000002],[-95.33851279999999,29.76246500000002],[-95.33859990000002,29.762446599999976],[-95.33869440000001,29.762415499999975],[-95.33880779999998,29.76237329999998],[-95.33886030000002,29.762350400000003],[-95.339021,29.762273499999992],[-95.3390693,29.762246000000005],[-95.33919989999998,29.76212290000001],[-95.33941340000001,29.762004999999988],[-95.33960289999999,29.76190439999999],[-95.33968529999999,29.7618607],[-95.33983560000001,29.761781299999996],[-95.33998689999999,29.76171149999999],[-95.3401207,29.761659899999984],[-95.34016609999998,29.761650900000006],[-95.34035649999998,29.7616132],[-95.340443,29.761617],[-95.34057840000003,29.761622999999986],[-95.34066680000001,29.76162690000001],[-95.34089890000001,29.761637099999973],[-95.34101809999999,29.761664399999972],[-95.34112859999999,29.76168960000001],[-95.34123849999997,29.761714700000027],[-95.34130670000002,29.761753899999974],[-95.3413928,29.761777699999982],[-95.34145999999998,29.761797899999976],[-95.34151880000002,29.761815300000023],[-95.34158389999999,29.76183179999998],[-95.34168890000001,29.761868400000026],[-95.34178550000001,29.761895900000013],[-95.3418433,29.761924299999976],[-95.34190949999999,29.761966500000028],[-95.34197669999998,29.7620086],[-95.34205129999998,29.76205349999998],[-95.3421237,29.762090100000023],[-95.34223609999998,29.762149799999975],[-95.34231899999997,29.762187400000016],[-95.34239880000001,29.762218500000017],[-95.3425049,29.762256999999977],[-95.34255530000001,29.762277100000006],[-95.34265820000002,29.762305500000025],[-95.34271280000002,29.762321999999983],[-95.34281579999998,29.762349500000028],[-95.3429701,29.762377000000015],[-95.34303,29.762385300000005],[-95.34314440000003,29.762411799999995],[-95.3432305,29.762399800000026],[-95.3433177,29.76238890000002],[-95.34344060000001,29.762435600000003],[-95.34353299999998,29.76245210000002],[-95.34358020000002,29.76245399999999],[-95.34365789999998,29.762456699999973],[-95.3437356,29.762444800000026],[-95.34381080000003,29.76243390000002],[-95.34398870000001,29.76240819999998],[-95.34403450000002,29.762403099999972],[-95.34414720000001,29.7623926],[-95.34426480000002,29.762366900000018],[-95.3444811,29.76232110000001],[-95.34458819999998,29.762302799999986],[-95.3446806,29.762289099999975],[-95.34476990000002,29.762270699999988],[-95.3448644,29.762252400000023],[-95.34496940000002,29.7622341],[-95.34511850000001,29.76221670000001],[-95.34517419999997,29.762211200000024],[-95.34523189999999,29.762209299999995],[-95.34531909999998,29.762202000000002],[-95.34540520000002,29.762195599999984],[-95.34544720000002,29.762192900000002],[-95.34559309999997,29.762192900000002],[-95.34567820000001,29.762196500000016],[-95.34576220000002,29.762201100000027],[-95.34580729999999,29.76220569999998],[-95.3459249,29.762233200000026],[-95.34600260000002,29.76226250000002],[-95.34606980000001,29.762298199999975],[-95.34611810000001,29.76232570000002],[-95.34617689999999,29.762367799999993],[-95.3462189,29.762409100000013],[-95.3462452,29.762442099999987],[-95.34629660000002,29.762500699999975],[-95.3463418,29.762552900000003],[-95.34634069999998,29.762635400000022],[-95.34634069999998,29.76271780000002],[-95.34636069999999,29.762808500000006],[-95.3463817,29.762901999999997],[-95.3464184,29.76306410000001],[-95.34643940000001,29.76319699999999],[-95.34644989999998,29.76325559999998],[-95.34645519999998,29.763306],[-95.34646040000001,29.76337189999998],[-95.34645110000002,29.763477299999977],[-95.34644989999998,29.763490999999988],[-95.34642050000002,29.763590000000022],[-95.34642259999998,29.763697200000024],[-95.34641950000002,29.763760400000024],[-95.34641950000002,29.763916999999992],[-95.34641950000002,29.763974800000028],[-95.34642259999998,29.764027999999996],[-95.3464247,29.7641031],[-95.34643010000002,29.764164499999993],[-95.34643849999998,29.764210300000002],[-95.34644580000003,29.7642735],[-95.346449,29.764312899999993],[-95.346449,29.764370600000007],[-95.34645110000002,29.764445799999976],[-95.34645949999998,29.7645804],[-95.34645840000002,29.764627099999984],[-95.34645,29.7646977],[-95.34644789999999,29.764738899999998],[-95.34644270000001,29.76478750000001],[-95.346429,29.76484979999998],[-95.34641850000003,29.764925800000015],[-95.34641319999997,29.764970600000026],[-95.34641629999999,29.76510730000001],[-95.34640999999999,29.76521059999999],[-95.34638589999997,29.765384700000027],[-95.34637750000002,29.765443300000015],[-95.34637220000002,29.765482700000007],[-95.34637120000002,29.76556240000002],[-95.34637400000003,29.765581800000007],[-95.34638480000001,29.765656799999988],[-95.34637850000001,29.765701700000022],[-95.34638690000003,29.76575109999999],[-95.3464037,29.76580339999998],[-95.34642680000002,29.765937099999974],[-95.34644589999999,29.76600259999998],[-95.34651489999999,29.766136200000005],[-95.34654139999998,29.766184199999998],[-95.34656760000001,29.766246599999988],[-95.3465865,29.766310799999985],[-95.34659269999997,29.766410699999994],[-95.3466358,29.76647300000002],[-95.34670299999999,29.766472099999987],[-95.34675449999997,29.766454699999997],[-95.34686260000001,29.766410699999994],[-95.34696760000003,29.766433600000028],[-95.34703589999998,29.766527999999994],[-95.34711879999998,29.76654819999999],[-95.34755460000002,29.766731400000026],[-95.34761170000002,29.766731400000026],[-95.34775730000001,29.766734299999996],[-95.34789690000002,29.766755199999977],[-95.34799720000001,29.76675799999998],[-95.34812160000001,29.766746000000012],[-95.34826229999999,29.7667103],[-95.34841030000001,29.766631899999993],[-95.34847230000003,29.766587500000014],[-95.3485101,29.7665619],[-95.34856159999998,29.766526199999987],[-95.34860780000002,29.76649409999999],[-95.3486403,29.7664666],[-95.3486876,29.766434600000025],[-95.34874530000002,29.7664034],[-95.34879469999998,29.76636769999999],[-95.34889229999999,29.766265999999973],[-95.348928,29.766233899999975],[-95.34896479999998,29.766192699999976],[-95.3490089,29.766142300000013],[-95.34906560000002,29.76607819999998],[-95.34910760000002,29.766026899999986],[-95.34914959999998,29.765977399999997],[-95.34921889999998,29.7659041],[-95.34925140000001,29.765870199999995],[-95.34929449999998,29.765832699999976],[-95.34939530000003,29.765766699999972],[-95.3494278,29.765743799999996],[-95.34948559999998,29.76570720000001],[-95.34956540000002,29.765656799999988],[-95.34968509999999,29.765596300000027],[-95.34982559999997,29.76553960000001],[-95.34997909999998,29.76548550000001],[-95.35016910000002,29.765442399999984],[-95.35037390000002,29.76539839999998],[-95.3505892,29.76536820000001],[-95.35063330000003,29.76536090000002],[-95.35067839999999,29.765356300000008],[-95.350754,29.76535990000002],[-95.3509115,29.765323299999977],[-95.35099869999999,29.765342499999974],[-95.35108480000002,29.765370899999994],[-95.3511772,29.765397500000006],[-95.35125169999998,29.765420399999982],[-95.3513294,29.765443300000015],[-95.35138719999998,29.765457099999992],[-95.35147219999999,29.765480000000025],[-95.35160029999997,29.7655221],[-95.35166120000002,29.765549599999986],[-95.35173579999997,29.765586199999973],[-95.35179770000002,29.76561830000003],[-95.35187660000003,29.76565069999998],[-95.35191850000001,29.76566680000002],[-95.35208649999998,29.765731000000017],[-95.3521235,29.765753099999984],[-95.35217469999998,29.76577309999999],[-95.35222829999998,29.76579240000001],[-95.352285,29.765814299999988],[-95.35233849999997,29.765833600000008],[-95.35239419999999,29.765850999999998],[-95.35248030000002,29.765872100000024],[-95.35260629999999,29.765895],[-95.35273749999999,29.765896800000007],[-95.35287090000003,29.765902299999993],[-95.35299270000002,29.765905999999973],[-95.3530998,29.765917899999977],[-95.35314699999998,29.765917899999977],[-95.3532174,29.76590140000002],[-95.35330240000002,29.765878499999985],[-95.35343369999998,29.765850999999998],[-95.35349250000002,29.765835400000014],[-95.35355550000003,29.76580610000002],[-95.35362789999999,29.76576030000001],[-95.35368039999997,29.765728200000012],[-95.35372769999998,29.765700700000025],[-95.35376129999997,29.76567879999999],[-95.35382010000001,29.76562469999999],[-95.35384420000003,29.76558160000002],[-95.35385680000002,29.765543200000025],[-95.35387789999999,29.765484500000014],[-95.35389359999999,29.765443300000015],[-95.3539083,29.765393800000027],[-95.35391040000002,29.765347099999985],[-95.35391040000002,29.765284800000018],[-95.35391040000002,29.765204200000028],[-95.35391570000002,29.765122700000006],[-95.35392409999997,29.7650759],[-95.35392619999999,29.765037500000005],[-95.35393140000002,29.765000799999996],[-95.3539472,29.76495319999998],[-95.35397339999997,29.764841400000023],[-95.35398500000002,29.764791000000002],[-95.35400600000003,29.76472319999999],[-95.35401330000002,29.764672899999994],[-95.35401330000002,29.764616100000012],[-95.35399130000002,29.7645354],[-95.35397449999999,29.76450060000002],[-95.35395349999999,29.764431899999977],[-95.35393770000002,29.764376900000002],[-95.35391279999999,29.76430290000002],[-95.35389989999999,29.76426429999998],[-95.35381589999997,29.76417909999998],[-95.35379490000003,29.764158899999984],[-95.35377599999998,29.764051699999982],[-95.35375499999998,29.764005899999972],[-95.35372769999998,29.76392709999999],[-95.35371609999999,29.763882200000012],[-95.35370139999998,29.763830900000016],[-95.3536962,29.763771399999996],[-95.3536962,29.763712699999985],[-95.3536909,29.763643100000024],[-95.3536752,29.763560700000028],[-95.35366470000002,29.763520400000004],[-95.35364579999998,29.763465399999973],[-95.35362900000001,29.76341869999999],[-95.35360270000001,29.763357299999996],[-95.353587,29.763306],[-95.35357649999997,29.763241800000003],[-95.35357649999997,29.763158499999975],[-95.35357649999997,29.76311179999999],[-95.35357649999997,29.763048500000025],[-95.3535817,29.762998200000027],[-95.35359749999998,29.762900100000024],[-95.35360589999999,29.76285519999999],[-95.35359219999998,29.7627526],[-95.3535817,29.76266559999999],[-95.3535817,29.762606000000005],[-95.353587,29.762560199999996],[-95.35361010000003,29.762486000000024],[-95.35366049999999,29.76241090000002],[-95.35373709999999,29.76234770000002],[-95.35380959999998,29.762305500000025],[-95.35387370000001,29.7622973],[-95.35399969999997,29.762278100000003],[-95.35411199999999,29.762267099999974],[-95.35420970000001,29.762276199999974],[-95.35428109999998,29.762285399999996],[-95.35434199999997,29.762299100000007],[-95.3544071,29.76232299999998],[-95.35446689999998,29.762344900000016],[-95.35452889999999,29.762363300000004],[-95.3545982,29.762381600000026],[-95.35465169999998,29.76239529999998],[-95.35474520000002,29.762422800000024],[-95.35480819999998,29.76244109999999],[-95.35488900000001,29.76246950000001],[-95.35493630000002,29.762487899999996],[-95.35499820000001,29.762515300000018],[-95.35508750000002,29.762541],[-95.35515989999999,29.762565699999982],[-95.3552072,29.762583099999972],[-95.35524600000002,29.762599599999987],[-95.35528590000001,29.762610600000016],[-95.3553321,29.762624399999993],[-95.35538250000002,29.762633499999993],[-95.35544449999998,29.762642700000015],[-95.35550119999999,29.76266099999998],[-95.35554839999998,29.7626803],[-95.35561139999999,29.76270219999998],[-95.35569550000002,29.762729700000023],[-95.35578049999998,29.762758099999985],[-95.35582040000003,29.762773700000025],[-95.35589709999999,29.762784699999997],[-95.35597159999998,29.76279840000001],[-95.356042,29.762816799999996],[-95.3561176,29.762847000000022],[-95.3561722,29.762862600000005],[-95.35625620000002,29.762880900000027],[-95.35632859999998,29.762900100000024],[-95.35638640000002,29.762913000000026],[-95.3564336,29.762922100000026],[-95.35648090000001,29.76293129999999],[-95.35657120000002,29.76295879999998],[-95.3566394,29.7629771],[-95.3566846,29.762993600000016],[-95.35676749999999,29.763019199999974],[-95.35682000000003,29.763042999999982],[-95.35687150000001,29.763059499999997],[-95.3569607,29.763091599999996],[-95.35700270000001,29.763106300000004],[-95.35704579999998,29.763124600000026],[-95.35709830000002,29.763146600000027],[-95.35714660000002,29.76317039999998],[-95.35718650000001,29.763194199999987],[-95.35723159999998,29.763216199999988],[-95.35727889999998,29.763243699999975],[-95.3573639,29.763295000000028],[-95.3574122,29.763327000000004],[-95.35746060000002,29.7633472],[-95.35755929999999,29.763425100000006],[-95.3576233,29.76345900000001],[-95.35766009999998,29.763488300000006],[-95.3576832,29.7635588],[-95.3577378,29.763640399999986],[-95.35782180000001,29.763777800000014],[-95.35784699999999,29.7638144],[-95.35787110000001,29.763856599999997],[-95.35790370000001,29.763901499999974],[-95.35792989999999,29.763947299999984],[-95.35794570000002,29.763983900000028],[-95.3579656,29.764028800000006],[-95.3580202,29.76412590000001],[-95.35805169999998,29.764195500000028],[-95.35806960000002,29.76425230000001],[-95.35810320000002,29.76431919999999],[-95.35812629999998,29.76439069999998],[-95.35815250000002,29.764428199999998],[-95.35820289999998,29.764527199999975],[-95.3582103,29.7645675],[-95.35823440000001,29.76461790000002],[-95.35826070000002,29.76468110000002],[-95.35827119999999,29.764732400000014],[-95.35827640000002,29.764795600000014],[-95.35830270000002,29.764865199999974],[-95.35832260000001,29.76491010000001],[-95.35834469999998,29.76496229999998],[-95.35836039999998,29.7650347],[-95.35836039999998,29.765085999999997],[-95.3583552,29.765144700000008],[-95.35834469999998,29.765196000000003],[-95.35830370000002,29.765280200000007],[-95.35857670000001,29.765339799999992],[-95.3586229,29.765287600000022],[-95.35866700000003,29.765248199999974],[-95.3587111,29.765214300000025],[-95.35879299999999,29.76516939999999],[-95.35879790000001,29.765168899999992],[-95.35883919999998,29.76516479999998],[-95.3589106,29.765192300000024],[-95.35898100000003,29.76521980000001],[-95.3590165,29.765224199999977],[-95.35906920000002,29.765230799999983],[-95.35915210000002,29.765236300000026],[-95.35927609999999,29.7652372],[-95.3594094,29.765239000000008],[-95.35950810000003,29.765234399999997],[-95.35956169999997,29.765234399999997],[-95.35961209999999,29.765234399999997],[-95.3596698,29.765234399999997],[-95.3597244,29.765234399999997],[-95.35984939999997,29.76523259999999],[-95.35993339999999,29.76522990000001],[-95.35998169999999,29.76522990000001],[-95.36007510000002,29.765225299999997],[-95.36012970000002,29.765220699999986],[-95.36017379999998,29.76521889999998],[-95.36025469999998,29.765206999999975],[-95.36031029999998,29.76520049999999],[-95.3603544,29.7651932],[-95.36046679999998,29.765192300000024],[-95.36054239999999,29.76518040000002],[-95.36061899999999,29.76516939999999],[-95.36074289999999,29.76518679999998],[-95.36081009999998,29.76518679999998],[-95.3608658,29.765182200000027],[-95.3609487,29.765167599999984],[-95.36099710000002,29.76516479999998],[-95.36111260000001,29.765174000000002],[-95.3612291,29.76516570000001],[-95.36133619999998,29.765152],[-95.36144330000002,29.76513369999998],[-95.36150529999998,29.765124500000013],[-95.36155150000002,29.76511529999999],[-95.36159350000003,29.765105300000016],[-95.36173000000002,29.765063999999995],[-95.36181290000002,29.765036599999974],[-95.36187380000001,29.765010000000018],[-95.36193680000002,29.76497790000002],[-95.3619893,29.764950399999975],[-95.36205230000002,29.76492300000001],[-95.36209430000002,29.76491010000001],[-95.36212999999998,29.76489090000001],[-95.3622077,29.764862499999992],[-95.36226440000002,29.764853300000027],[-95.36234530000002,29.764841400000023],[-95.36239990000001,29.764817600000015],[-95.36251429999999,29.764774499999987],[-95.3625983,29.76475160000001],[-95.36264560000001,29.764659999999992],[-95.36248810000001,29.764559299999974],[-95.36238409999999,29.76458120000001],[-95.36228440000002,29.764601400000004],[-95.36220559999998,29.76462429999998],[-95.36210690000001,29.76467100000002],[-95.3620502,29.76470310000002],[-95.36197879999997,29.764736099999993],[-95.36190319999997,29.764764500000013],[-95.36182029999998,29.76479649999999],[-95.36176669999998,29.764814899999976],[-95.36169849999999,29.764833199999998],[-95.36165019999999,29.764844200000027],[-95.36159350000003,29.764860699999986],[-95.36153150000001,29.764879000000008],[-95.36147799999998,29.76489270000002],[-95.36142760000001,29.764901899999984],[-95.36137609999997,29.764907400000027],[-95.36124380000001,29.764912900000013],[-95.36111779999999,29.764922000000013],[-95.36101389999999,29.764929400000028],[-95.36094659999998,29.76493670000002],[-95.36088050000001,29.764943099999982],[-95.36077649999999,29.764947699999993],[-95.36061899999999,29.7649495],[-95.36054239999999,29.764967800000022],[-95.36046679999998,29.76498620000001],[-95.36037750000003,29.76499899999999],[-95.36033450000002,29.76499899999999],[-95.3602841,29.765000799999996],[-95.36021160000001,29.76500820000001],[-95.36012870000002,29.765010000000018],[-95.36005519999998,29.76501730000001],[-95.3599764,29.76501730000001],[-95.3598998,29.765010000000018],[-95.35981049999998,29.765010000000018],[-95.3597507,29.76501730000001],[-95.35967190000002,29.765026499999976],[-95.3596215,29.765031099999987],[-95.3595659,29.765035599999976],[-95.35948289999999,29.765035599999976],[-95.35935690000002,29.76500820000001],[-95.35930760000002,29.764993500000003],[-95.35922149999999,29.764947699999993],[-95.35916470000001,29.76491470000002],[-95.35908599999999,29.764880800000014],[-95.35893900000002,29.764835000000005],[-95.3589073,29.76479649999999],[-95.35885919999998,29.764747999999997],[-95.35882559999999,29.764693000000022],[-95.35879929999999,29.764658199999985],[-95.3587374,29.76457670000002],[-95.35869539999999,29.764525400000025],[-95.35866909999999,29.7644942],[-95.3586429,29.764462100000003],[-95.35860609999997,29.764420900000005],[-95.35857879999998,29.764387],[-95.35855780000003,29.764343999999994],[-95.35853159999999,29.764284400000008],[-95.35849480000002,29.7642065],[-95.35847589999997,29.764163499999995],[-95.35842339999999,29.764080999999976],[-95.35839090000002,29.764022399999988],[-95.35835830000002,29.763964699999974],[-95.35833209999998,29.76391430000001],[-95.35831109999998,29.763876700000026],[-95.3582859,29.763830900000016],[-95.35819350000003,29.763688000000002],[-95.35815880000001,29.7636349],[-95.35812629999998,29.763566200000014],[-95.3580948,29.763490100000013],[-95.35806330000003,29.76341500000001],[-95.35794040000002,29.763328899999976],[-95.3578564,29.7632739],[-95.35781550000002,29.763239999999996],[-95.35773360000002,29.763189599999976],[-95.35768739999997,29.763151100000016],[-95.3576443,29.763126399999976],[-95.35752880000001,29.76310810000001],[-95.3574658,29.7630724],[-95.35730619999998,29.762982599999987],[-95.35723899999999,29.76294680000001],[-95.35719590000002,29.762923],[-95.3571119,29.76286809999999],[-95.35705519999999,29.762836900000025],[-95.35701319999998,29.762816799999996],[-95.35696810000002,29.762805800000024],[-95.3568967,29.76278739999998],[-95.35681899999997,29.762773700000025],[-95.35675700000002,29.762764500000003],[-95.35667089999998,29.76274619999998],[-95.35662789999998,29.762736099999984],[-95.35656069999999,29.762718699999994],[-95.3565218,29.762704999999983],[-95.35643149999999,29.762668299999973],[-95.35639579999997,29.7626482],[-95.356358,29.762631699999986],[-95.3562887,29.76259779999998],[-95.3562268,29.76256760000001],[-95.35618369999997,29.762547400000017],[-95.35613860000001,29.76253459999998],[-95.3560766,29.76251719999999],[-95.35603149999997,29.762508000000025],[-95.35595060000003,29.762489700000003],[-95.35590760000002,29.762475900000027],[-95.3558519,29.762457600000005],[-95.35580679999998,29.762448500000005],[-95.35574689999999,29.762430100000017],[-95.35566920000002,29.762411799999995],[-95.35558939999999,29.76238890000002],[-95.35547810000003,29.762352299999975],[-95.35538359999998,29.762320199999976],[-95.35533629999998,29.762306500000022],[-95.35525339999998,29.76228359999999],[-95.3551799,29.762264300000027],[-95.35512740000001,29.76224689999998],[-95.35506229999999,29.76222949999999],[-95.3549678,29.762195599999984],[-95.35491739999998,29.762178199999994],[-95.35487640000002,29.76216899999997],[-95.35483340000002,29.762158999999997],[-95.35477559999998,29.762141600000007],[-95.35473259999998,29.762127799999973],[-95.35466009999999,29.762104899999997],[-95.35460760000001,29.762091199999986],[-95.35450789999999,29.762062800000024],[-95.35446380000002,29.76204899999999],[-95.35439760000003,29.7620225],[-95.35435460000002,29.762008700000024],[-95.35430309999998,29.761995000000013],[-95.35423070000002,29.761976600000025],[-95.35418340000001,29.76196470000002],[-95.35412880000001,29.76195560000002],[-95.35407320000002,29.761949200000004],[-95.3539965,29.76193999999998],[-95.35395240000003,29.7619373],[-95.3538327,29.761936300000002],[-95.35376339999999,29.76192900000001],[-95.3536636,29.76194270000002],[-95.35359540000002,29.76195919999998],[-95.35351450000002,29.761977600000023],[-95.3534568,29.761989500000027],[-95.35341160000002,29.76201329999998],[-95.3533749,29.762045399999977],[-95.35334340000003,29.762102200000015],[-95.35331819999999,29.762156199999993],[-95.35329189999999,29.76222489999998],[-95.3532783,29.762291800000014],[-95.3532783,29.762430100000017],[-95.35328140000001,29.762486000000024],[-95.35328040000002,29.762561199999993],[-95.35327410000002,29.762615200000027],[-95.35326459999999,29.762740699999995],[-95.35325619999998,29.76280939999998],[-95.35325410000002,29.76287450000001],[-95.35325410000002,29.762995400000023],[-95.35325410000002,29.763073299999974],[-95.3532457,29.763189599999976],[-95.35324359999998,29.76323450000001],[-95.35324359999998,29.763366399999995],[-95.35325410000002,29.763422300000002],[-95.35325619999998,29.763466300000005],[-95.35326459999999,29.763502000000017],[-95.3532846,29.763578999999993],[-95.35331710000003,29.763698999999974],[-95.35333500000002,29.763756699999988],[-95.35335279999998,29.7638154],[-95.3533812,29.763907000000017],[-95.35340009999999,29.7639638],[-95.35342209999999,29.76406270000001],[-95.3534851,29.764172599999995],[-95.3535048,29.764206899999976],[-95.35353450000002,29.764258799999993],[-95.35356810000002,29.764329299999986],[-95.35359119999998,29.76439529999999],[-95.35361210000002,29.764446399999997],[-95.35362989999999,29.76448479999999],[-95.35364040000002,29.764523300000008],[-95.35365100000001,29.764578400000005],[-95.35365730000001,29.764662699999974],[-95.3536479,29.764782799999978],[-95.35363210000003,29.764828599999987],[-95.3536039,29.76489909999998],[-95.35357140000002,29.7649715],[-95.35356200000001,29.765010899999993],[-95.3535516,29.765065800000002],[-95.3535243,29.765151000000003],[-95.35349289999999,29.765207799999985],[-95.35345940000002,29.765258200000005],[-95.35339750000003,29.765338799999995],[-95.35335040000001,29.76539009999999],[-95.35330190000002,29.765429400000016],[-95.3532583,29.76547260000001],[-95.35319850000002,29.76553769999998],[-95.35316699999998,29.765565200000026],[-95.35311339999998,29.765588100000002],[-95.35305779999999,29.765597200000002],[-95.35301049999998,29.765597200000002],[-95.35294750000003,29.765588100000002],[-95.35288450000002,29.76557889999998],[-95.35281629999997,29.765569700000015],[-95.35275009999998,29.765556000000004],[-95.35270919999999,29.7655441],[-95.3526483,29.765532199999996],[-95.35252650000001,29.765492800000004],[-95.35246560000002,29.765470800000003],[-95.35240149999998,29.765449699999976],[-95.3523553,29.765438700000004],[-95.3523123,29.76543140000001],[-95.35220829999997,29.765410299999985],[-95.35216059999999,29.76539580000002],[-95.3520876,29.765373699999998],[-95.35200350000002,29.765329699999995],[-95.35191950000001,29.76528669999999],[-95.35187730000001,29.76526769999998],[-95.35183030000002,29.765249100000005],[-95.35172,29.76519780000001],[-95.3516171,29.76514370000001],[-95.35154990000001,29.765125399999988],[-95.3515079,29.76511629999999],[-95.35141870000001,29.7650979],[-95.35134520000003,29.7650888],[-95.35127799999998,29.76507959999998],[-95.35119400000002,29.76507049999998],[-95.35107950000003,29.76505850000001],[-95.3509535,29.765057599999977],[-95.35080649999998,29.76503009999999],[-95.35070359999997,29.765031099999987],[-95.3506595,29.76503839999998],[-95.35059130000002,29.76504749999998],[-95.35054400000001,29.76504940000001],[-95.35048,29.765056700000002],[-95.35036339999999,29.7650759],[-95.35034030000003,29.76508050000001],[-95.35029409999999,29.765089699999976],[-95.35020479999997,29.765107999999998],[-95.35010089999997,29.76512630000002],[-95.35001999999997,29.765152899999975],[-95.35000150000002,29.76516029999999],[-95.34999299999998,29.765163599999994],[-95.3499602,29.765176699999984],[-95.34993509999998,29.765185099999997],[-95.34993179999998,29.765186099999994],[-95.34984989999998,29.765213399999993],[-95.349809,29.765230799999983],[-95.34978539999997,29.765240300000016],[-95.34974069999998,29.765258300000028],[-95.34967039999998,29.765286300000014],[-95.34966200000002,29.765290300000004],[-95.34959479999998,29.765318700000023],[-95.34953489999998,29.765327000000013],[-95.34948980000001,29.765330600000027],[-95.34942569999998,29.7653545],[-95.34931590000002,29.765409299999988],[-95.34917159999998,29.76553580000001],[-95.3491244,29.765571599999987],[-95.34905400000002,29.76561190000001],[-95.34897110000003,29.765693399999975],[-95.34889550000003,29.76577309999999],[-95.3488451,29.765821700000004],[-95.3487968,29.765871100000027],[-95.34873379999999,29.765939899999978],[-95.34868440000002,29.766001200000005],[-95.34860989999999,29.76607089999999],[-95.34852690000002,29.766142300000013],[-95.34846599999997,29.766186300000015],[-95.34839599999998,29.766214100000013],[-95.3482821,29.766243299999985],[-95.3482171,29.76626779999998],[-95.34815200000003,29.766287999999975],[-95.3480596,29.7662962],[-95.34798569999998,29.76629969999999],[-95.34756950000002,29.766319099999976],[-95.3474716,29.766323699999987],[-95.34740649999998,29.7662962],[-95.34733929999999,29.766268700000012],[-95.34727320000002,29.766242200000022],[-95.34720490000001,29.766207399999985],[-95.34710940000002,29.766149600000006],[-95.3469991,29.76606720000001],[-95.34694139999999,29.766011300000002],[-95.34690669999998,29.765966400000025],[-95.346878,29.765911399999993],[-95.3468416,29.765815299999986],[-95.34681119999999,29.765717199999983],[-95.34678489999999,29.7656073],[-95.34676710000002,29.765508399999987],[-95.34675240000001,29.765460700000006],[-95.34673029999999,29.76542410000002],[-95.34670190000003,29.765383799999995],[-95.34670929999999,29.765336100000013],[-95.34673450000003,29.7653004],[-95.346766,29.765259200000003],[-95.34682479999998,29.765166599999986],[-95.3468752,29.765075000000024],[-95.34689939999998,29.7650036],[-95.34690460000002,29.76495779999999],[-95.34690460000002,29.764913799999988],[-95.3468997,29.764803200000017],[-95.34689939999998,29.764726900000028],[-95.3468962,29.764653599999974],[-95.3469015,29.764550999999983],[-95.3469025,29.764493300000026],[-95.34690569999998,29.76443469999998],[-95.34690569999998,29.76432840000001],[-95.3468962,29.764224899999988],[-95.34689200000003,29.76416710000001],[-95.34689200000003,29.764073699999983],[-95.3468952,29.764025100000026],[-95.3468952,29.763930800000026],[-95.34689200000003,29.763888599999973],[-95.34689200000003,29.763823600000023],[-95.34688699999998,29.76369360000001],[-95.34688360000001,29.763646800000004],[-95.3468805,29.76358909999999],[-95.34687209999998,29.763546899999994],[-95.34686679999999,29.763496499999974],[-95.34686679999999,29.76341869999999],[-95.34687000000002,29.7633692],[-95.34687000000002,29.763257399999986],[-95.34686160000001,29.763164000000017],[-95.34686160000001,29.7630183],[-95.34686679999999,29.76295140000002],[-95.3468752,29.762844200000018],[-95.34687730000002,29.7627746],[-95.3468805,29.762704100000008],[-95.34687209999998,29.762640900000008],[-95.34687100000002,29.76260239999999],[-95.3468269,29.76251719999999],[-95.3467187,29.762422800000024],[-95.3466358,29.76234679999999],[-95.34660430000002,29.762236799999982],[-95.3465066,29.762155300000018],[-95.34642050000002,29.762102200000015],[-95.3462945,29.762042599999972],[-95.34620109999997,29.762006900000017],[-95.3461213,29.761973899999987],[-95.34603829999998,29.7619464],[-95.3459722,29.761921700000016],[-95.34581680000002,29.761892400000022],[-95.34577580000001,29.761885000000007],[-95.3456908,29.761880399999995],[-95.34558049999998,29.76187859999999],[-95.34551750000003,29.761875900000007],[-95.34532539999998,29.761884099999975],[-95.34526449999998,29.76189690000001],[-95.34513850000002,29.761913400000026],[-95.34507969999999,29.7619153],[-95.34498830000001,29.761918900000012],[-95.3449463,29.761919799999987],[-95.34487910000001,29.76192259999999],[-95.34481290000002,29.761924399999998],[-95.34470160000001,29.761925299999973],[-95.34460080000002,29.761927200000002],[-95.3445494,29.761934499999995],[-95.34447590000002,29.761943700000018],[-95.34440869999997,29.761952800000017],[-95.3442344,29.761989500000027],[-95.34415460000002,29.762007799999992],[-95.34410309999998,29.76201420000001],[-95.34401910000003,29.76203529999998],[-95.34385429999998,29.762032499999975],[-95.34383639999999,29.762034299999982],[-95.34377869999997,29.76203989999999],[-95.34371149999998,29.762043500000004],[-95.34364529999999,29.76204630000001],[-95.34352669999998,29.76206639999998],[-95.3434542,29.762109500000008],[-95.34330720000003,29.7620637],[-95.34328920000002,29.762033599999995],[-95.34327150000001,29.762004100000013],[-95.34323269999999,29.761953699999992],[-95.34312340000002,29.761917100000005],[-95.34304680000002,29.761893299999997],[-95.34295650000001,29.761867600000016],[-95.3429061,29.76187040000002],[-95.34285249999999,29.761856599999987],[-95.3428116,29.761841100000026],[-95.34276640000002,29.76181630000002],[-95.34266559999998,29.761797100000024],[-95.34258160000002,29.761768700000005],[-95.34245249999998,29.761705500000005],[-95.342379,29.761677099999986],[-95.34225400000003,29.761642199999983],[-95.34217840000002,29.761618399999975],[-95.3421217,29.761569899999984],[-95.34206710000001,29.761493799999982],[-95.3420188,29.761479199999997],[-95.34196739999999,29.76147279999998],[-95.34189809999998,29.761459000000002],[-95.34182559999999,29.761431500000015],[-95.34171959999998,29.761404000000027],[-95.34159670000003,29.761363700000004],[-95.34145810000001,29.761327900000026],[-95.34139820000001,29.76131240000001],[-95.34131530000002,29.761273000000017],[-95.34126800000001,29.76123819999998],[-95.341205,29.76119970000002],[-95.34116410000001,29.761165800000015],[-95.34101290000001,29.761066900000003],[-95.3409226,29.761062299999992],[-95.34081759999998,29.761078800000007],[-95.3407325,29.761087999999972],[-95.34060019999998,29.761106299999994],[-95.34052989999998,29.761115500000017],[-95.3403745,29.761133799999982],[-95.34024319999997,29.761152100000004],[-95.34016659999998,29.761165800000015],[-95.34006160000001,29.76118869999999],[-95.33996810000002,29.761215300000003],[-95.33981590000002,29.761261999999988],[-95.33974869999997,29.76128399999999],[-95.33964680000003,29.76132530000001],[-95.33961420000003,29.761348199999986],[-95.33955959999997,29.76138659999998],[-95.33950709999999,29.761425099999997],[-95.33942000000002,29.761485600000015],[-95.33934119999998,29.761531400000024],[-95.33928350000002,29.761563500000022],[-95.3391995,29.761609299999975],[-95.33914069999997,29.7616395],[-95.33909449999999,29.76167429999998],[-95.33902410000002,29.76171099999999],[-95.33895410000002,29.76173779999999],[-95.33892120000002,29.761750399999983],[-95.33884979999999,29.761779699999977],[-95.3387763,29.761808099999996],[-95.33870810000002,29.761834599999986],[-95.33865029999998,29.76186849999999],[-95.33856630000002,29.761907899999983],[-95.33850230000002,29.761936300000002],[-95.33844240000002,29.76195469999999],[-95.33831220000002,29.76198210000001],[-95.33822300000003,29.7620005],[-95.3381369,29.7620096],[-95.33809280000003,29.76201150000003],[-95.3380067,29.762016000000017],[-95.3379395,29.76201880000002],[-95.33785440000003,29.76201420000001],[-95.33777140000001,29.7620005],[-95.33765799999998,29.76198210000001],[-95.33755200000002,29.76196379999999],[-95.33744280000002,29.761945500000024],[-95.33739969999999,29.761936300000002],[-95.33733569999998,29.761926300000027],[-95.33725270000002,29.761906099999976],[-95.33715719999998,29.761880399999995],[-95.33704060000002,29.76183279999998],[-95.33695870000003,29.761796199999992],[-95.33688000000001,29.761765000000025],[-95.33677499999999,29.76172839999998],[-95.3367088,29.761705500000005],[-95.33659540000002,29.761668799999995],[-95.33645790000003,29.761627599999997],[-95.33639169999998,29.7616084],[-95.3362783,29.761577199999977],[-95.33623210000002,29.76156709999998],[-95.33615759999998,29.76155799999998],[-95.33597689999999,29.761546099999975],[-95.33591080000002,29.761542399999996],[-95.3358068,29.761539599999992],[-95.33574069999997,29.761538700000017],[-95.3356493,29.761538700000017],[-95.33554329999998,29.761538700000017],[-95.33545400000003,29.76154059999999],[-95.33540779999998,29.761543300000028],[-95.33530180000002,29.761547000000007],[-95.33512539999998,29.76154969999999],[-95.33506870000002,29.761552499999993],[-95.33502249999998,29.761545099999978],[-95.33488069999999,29.761529600000017],[-95.33483769999998,29.7615222],[-95.3347789,29.761517700000013],[-95.33471020000002,29.76150769999998],[-95.33466550000003,29.761501199999998],[-95.33459620000002,29.761488299999996],[-95.33446600000002,29.761469999999974],[-95.33432950000002,29.76145170000001],[-95.33422760000002,29.76142420000002],[-95.33412779999998,29.761396699999977],[-95.33402869999998,29.761353199999974],[-95.3338933,29.76129370000001],[-95.33378340000002,29.761218100000008],[-95.33372459999998,29.76115759999999],[-95.33368050000001,29.76108160000001],[-95.33364899999998,29.760957899999994],[-95.33363960000003,29.760892800000022],[-95.33363430000003,29.7608424],[-95.33362799999998,29.760687599999983],[-95.3336438,29.760600599999975],[-95.33364590000002,29.76054290000002],[-95.3336501,29.76046409999998],[-95.3336645,29.760344900000007],[-95.33366690000003,29.760324799999978],[-95.3336711,29.76027720000002],[-95.33368159999998,29.76020749999998],[-95.33369210000001,29.760141599999997],[-95.33370780000001,29.760061899999982],[-95.333711,29.760005999999976],[-95.333711,29.75994830000002],[-95.33371199999999,29.759889600000008],[-95.33371410000001,29.7598026],[-95.33371729999999,29.75975219999998],[-95.33372250000002,29.759700899999984],[-95.33372459999998,29.759635800000012],[-95.333733,29.759547899999973],[-95.33373510000001,29.75949109999999],[-95.33373510000001,29.75937110000001],[-95.33372989999998,29.759262999999976],[-95.33372780000002,29.759146600000008],[-95.33372780000002,29.759093500000006],[-95.33372400000002,29.75906759999998],[-95.33371410000001,29.759000000000015],[-95.3336837,29.758908399999996],[-95.33366269999999,29.758858900000007],[-95.33364990000001,29.75883970000001],[-95.33360699999997,29.758775500000013],[-95.33356400000002,29.758715999999993],[-95.3334716,29.758621600000026],[-95.33343059999999,29.758590500000025],[-95.33341139999999,29.75852759999998],[-95.33337879999999,29.758509600000025],[-95.33329459999999,29.758463000000006],[-95.33303369999999,29.7583171],[-95.3328386,29.758206900000005],[-95.33262280000002,29.758084499999995],[-95.33255500000001,29.758103000000006],[-95.33251380000002,29.758114200000023],[-95.33247160000002,29.758125600000028],[-95.33227670000002,29.758175199999982],[-95.33222310000002,29.758188899999993],[-95.332223,29.758188899999993],[-95.3320478,29.758233700000005],[-95.33195460000002,29.758258599999976],[-95.33191570000002,29.758274900000004],[-95.33183330000003,29.758309499999996],[-95.33174029999998,29.758350500000006],[-95.33142620000001,29.758484199999998],[-95.3313364,29.758536300000003],[-95.33114030000002,29.758713999999998],[-95.33096610000001,29.758868000000007],[-95.33091789999997,29.758935199999996],[-95.3308738,29.75897889999999],[-95.3308255,29.758964300000002],[-95.33075939999998,29.759032999999988],[-95.3307016,29.759078799999997],[-95.33062699999999,29.759129200000018],[-95.3305315,29.75917959999998],[-95.33043909999998,29.759229100000027],[-95.330354,29.75927580000001],[-95.33028890000003,29.759304199999974],[-95.33024799999998,29.759316099999978],[-95.33021120000001,29.759336299999973],[-95.3301401,29.75936630000001],[-95.330059,29.759400400000004],[-95.330017,29.759418700000026],[-95.32995290000002,29.759441600000002],[-95.32987939999998,29.75946909999999],[-95.32981769999998,29.759494000000018],[-95.32975240000002,29.759520399999985],[-95.32959590000002,29.759580000000028],[-95.32945310000002,29.75962579999998],[-95.32936810000001,29.7596413],[-95.3293061,29.759653200000002],[-95.3292022,29.75967159999999],[-95.3291087,29.759677099999976],[-95.32899320000001,29.759674299999972],[-95.32887770000002,29.759672500000022],[-95.32875899999999,29.75963489999998],[-95.32863830000002,29.759618400000022],[-95.32853849999998,29.759618400000022],[-95.3284031,29.759627599999988],[-95.32835369999998,29.7596322],[-95.32830960000001,29.75963949999999],[-95.32826030000001,29.759644100000003],[-95.3281983,29.759648700000014],[-95.32809859999998,29.759653200000002],[-95.32800300000002,29.759653200000002],[-95.32788019999998,29.759653200000002],[-95.3277731,29.759653200000002],[-95.3276985,29.759653200000002],[-95.32764709999998,29.75965050000002],[-95.32753050000002,29.759648700000014],[-95.3274371,29.7596413],[-95.32732049999998,29.759644100000003],[-95.32726380000003,29.75964590000001],[-95.32722080000002,29.75964959999999],[-95.32712099999998,29.75964959999999],[-95.32706530000002,29.759644999999978],[-95.32689729999998,29.75961749999999],[-95.32677760000001,29.759599200000025],[-95.3267083,29.75952510000002],[-95.32638350000002,29.75955590000001],[-95.32625309999997,29.75956819999999],[-95.32583979999998,29.759606700000006],[-95.32572829999998,29.7595637],[-95.32554699999997,29.759644100000003],[-95.32547879999998,29.759611099999972],[-95.32542419999999,29.759578999999974],[-95.32534120000003,29.75953229999999],[-95.32526689999997,29.759485400000017],[-95.32522669999997,29.759459900000024],[-95.32514900000001,29.759407699999997],[-95.32507340000001,29.759348199999977],[-95.32499999999999,29.759284700000023],[-95.32499999999999,29.69999999999999],[-95.39999999999998,29.69999999999999],[-95.39999999999998,29.774999999999977],[-95.32499999999999,29.774999999999977],[-95.32499999999999,29.7638508],[-95.32499999999999,29.761257]]]}},{"type":"Feature","properties":{},"geometry":{"type":"Polygon","coordinates":[[[-95.27435400000002,29.725181599999985],[-95.27434549999998,29.725190899999973],[-95.2743213,29.725217199999975],[-95.27427820000003,29.72518869999999],[-95.27424889999998,29.72516619999999],[-95.27428359999999,29.725114500000018],[-95.27428789999999,29.7251081],[-95.27422919999998,29.7250631],[-95.27418060000002,29.725025800000026],[-95.27413819999998,29.72499540000001],[-95.27410070000002,29.724965899999972],[-95.27405829999998,29.72493400000002],[-95.27393860000001,29.72487080000002],[-95.27387570000002,29.72482960000002],[-95.27380210000001,29.724779099999978],[-95.27375489999997,29.724726999999973],[-95.27373799999998,29.724656299999992],[-95.27374329999998,29.724591299999986],[-95.27376529999998,29.724546299999986],[-95.2737917,29.724507899999992],[-95.273822,29.7244685],[-95.27391030000001,29.724381499999993],[-95.2739565,29.724328200000002],[-95.27395849999999,29.72419450000001],[-95.27396900000002,29.724098200000014],[-95.27398699999998,29.72401480000002],[-95.27402869999997,29.723875700000008],[-95.27402430000001,29.723679199999992],[-95.27401450000002,29.723634500000003],[-95.27399689999999,29.72355429999999],[-95.27398440000002,29.723496599999976],[-95.27391019999999,29.72344479999998],[-95.27379359999998,29.723437400000023],[-95.2737338,29.7235273],[-95.2736453,29.723700399999984],[-95.2734762,29.723661800000002],[-95.27324820000001,29.7241583],[-95.27307830000001,29.724449300000003],[-95.27251690000003,29.724260000000015],[-95.27210250000002,29.72411629999999],[-95.2717973,29.724011899999994],[-95.27112299999999,29.723771399999976],[-95.27117620000001,29.72370319999999],[-95.27124429999998,29.7236542],[-95.2713013,29.723620799999992],[-95.27132979999999,29.723554400000012],[-95.27157879999999,29.723403200000007],[-95.27183159999998,29.723262799999986],[-95.27187329999998,29.723240499999974],[-95.2719669,29.72323829999999],[-95.27204990000001,29.723196700000017],[-95.27217960000002,29.72310140000002],[-95.27233990000002,29.72301040000002],[-95.27249949999998,29.72291130000002],[-95.2726715,29.722795700000006],[-95.27270970000001,29.722773200000006],[-95.27278330000001,29.7227355],[-95.27281499999998,29.722705500000018],[-95.27287749999999,29.722614799999974],[-95.27298869999998,29.722462099999973],[-95.27302029999998,29.722414300000025],[-95.2732221,29.722109400000022],[-95.27329989999998,29.721999400000016],[-95.27339009999997,29.721896200000003],[-95.27347020000002,29.72177019999998],[-95.2734944,29.721738099999982],[-95.27353090000003,29.721695399999987],[-95.27357549999999,29.721695399999987],[-95.27358320000002,29.721612499999992],[-95.27360859999999,29.72157370000002],[-95.2736294,29.721553700000015],[-95.27363029999998,29.721552799999984],[-95.27364310000002,29.721540500000003],[-95.2736506,29.72153320000001],[-95.27366369999999,29.721539899999982],[-95.273687,29.721551999999974],[-95.2737214,29.72152840000001],[-95.27377480000001,29.721525499999984],[-95.27381050000002,29.721498899999972],[-95.2738673,29.721452199999987],[-95.27390220000001,29.721416799999986],[-95.2739934,29.721365900000023],[-95.27408709999997,29.721348999999975],[-95.27414449999998,29.72132479999999],[-95.27419129999998,29.721314800000016],[-95.27421579999998,29.721272699999986],[-95.2743648,29.7213443],[-95.27437930000002,29.721405100000027],[-95.27432270000003,29.72150399999998],[-95.27426780000002,29.7215999],[-95.27431899999999,29.721624299999974],[-95.27440790000003,29.72166679999998],[-95.27456890000002,29.721743500000002],[-95.27460389999999,29.721760200000006],[-95.2746449,29.721734700000013],[-95.27470140000003,29.72172039999998],[-95.2747589,29.721713799999975],[-95.27481929999999,29.7216368],[-95.27490319999998,29.721515399999987],[-95.27499790000002,29.721434199999976],[-95.2750704,29.721395700000016],[-95.27514530000002,29.721398899999997],[-95.27524829999999,29.721426500000007],[-95.2752509,29.721427600000027],[-95.27532120000001,29.721457699999974],[-95.27537000000001,29.721480600000007],[-95.27545220000002,29.721504700000025],[-95.2754883,29.721523100000013],[-95.27553030000001,29.721551599999998],[-95.27556049999998,29.721580899999992],[-95.27557460000003,29.72159290000002],[-95.27566969999998,29.721673899999985],[-95.27572600000002,29.721737599999983],[-95.27579070000002,29.721837300000004],[-95.27586029999998,29.721931900000016],[-95.27593589999998,29.722019699999976],[-95.2759704,29.72206080000001],[-95.27605440000002,29.7221447],[-95.27609769999998,29.722222499999987],[-95.27615259999999,29.7222941],[-95.27620180000002,29.72236509999999],[-95.27622639999998,29.722396100000026],[-95.27626450000002,29.72245029999999],[-95.27631489999999,29.7225196],[-95.27637040000002,29.722614899999996],[-95.27638080000003,29.722656599999993],[-95.27638860000002,29.722701099999995],[-95.2764262,29.72279070000002],[-95.27646069999997,29.722832600000004],[-95.27651750000001,29.722896600000013],[-95.27654469999999,29.72292870000001],[-95.27655520000002,29.723001699999998],[-95.27650089999997,29.72311400000001],[-95.27647639999998,29.723166400000025],[-95.27644600000002,29.723243700000012],[-95.2764429,29.7232894],[-95.27644550000002,29.723354200000017],[-95.27646490000001,29.723441999999977],[-95.27649589999999,29.723517700000002],[-95.27650039999997,29.72355779999998],[-95.27649980000001,29.723598299999992],[-95.27652569999998,29.723716200000013],[-95.2765425,29.72376300000002],[-95.27654639999997,29.723809800000026],[-95.2765516,29.723887100000013],[-95.27655229999999,29.72406810000001],[-95.2765478,29.724169000000018],[-95.2765387,29.724243399999978],[-95.27653049999998,29.72430429999997],[-95.27652210000002,29.724369200000012],[-95.27652139999998,29.724412599999994],[-95.2765195,29.724506799999972],[-95.27651750000001,29.72457270000001],[-95.27650139999997,29.72463879999998],[-95.27649109999999,29.724707000000024],[-95.27644859999998,29.7248553],[-95.27642850000001,29.724951799999985],[-95.27637759999999,29.725150299999996],[-95.27635379999998,29.72523369999999],[-95.2763357,29.725305900000023],[-95.27632399999999,29.725348699999984],[-95.27629689999998,29.72541799999999],[-95.27627239999998,29.72546940000001],[-95.276253,29.725558200000023],[-95.27628909999999,29.725680899999986],[-95.27629300000001,29.725756199999978],[-95.27626559999999,29.725864100000024],[-95.2762505,29.725898299999983],[-95.2762002,29.72603700000002],[-95.27616690000002,29.726140299999997],[-95.27603340000002,29.726145599999995],[-95.2758349,29.726127299999973],[-95.27570789999999,29.726095199999975],[-95.2756359,29.72607019999998],[-95.27553790000002,29.7260402],[-95.27544890000001,29.725996699999996],[-95.27540540000001,29.725975199999993],[-95.27535280000001,29.725939100000005],[-95.2753103,29.725908800000013],[-95.27524290000002,29.725852299999985],[-95.27515929999998,29.725776999999994],[-95.27509579999997,29.72571770000002],[-95.27503960000001,29.7256658],[-95.27499510000001,29.72562240000002],[-95.27494860000002,29.725557900000013],[-95.27490549999999,29.72548549999999],[-95.274857,29.72543250000001],[-95.27480209999999,29.72540509999999],[-95.27468770000002,29.72535190000002],[-95.27467259999997,29.725343099999975],[-95.27459090000002,29.725295500000016],[-95.27450040000002,29.72523369999999],[-95.27441479999999,29.72518439999999],[-95.27435400000002,29.725181599999985]]]}},{"type":"Feature","properties":{},"geometry":{"type":"Polygon","coordinates":[[[-95.29372610000001,29.747027100000025],[-95.29374039999999,29.747064599999987],[-95.2937172,29.74708659999999],[-95.29370369999998,29.74709949999999],[-95.2936598,29.747089700000004],[-95.293658,29.7470826],[-95.29364850000002,29.74704489999999],[-95.29368160000001,29.747017700000015],[-95.29372610000001,29.747027100000025]]]}},{"type":"Feature","properties":{},"geometry":{"type":"Polygon","coordinates":[[[-95.29126480000002,29.748827500000004],[-95.2913006,29.748836100000005],[-95.2912981,29.748844200000008],[-95.2912867,29.74888199999998],[-95.29124430000002,29.749022000000025],[-95.291202,29.74901060000002],[-95.29118879999999,29.74900709999997],[-95.29121789999999,29.748911599999985],[-95.291245,29.748822700000005],[-95.29126480000002,29.748827500000004]]]}},{"type":"Feature","properties":{},"geometry":{"type":"Polygon","coordinates":[[[-95.25482690000001,29.727283999999997],[-95.2548041,29.727340000000027],[-95.25472819999999,29.72731540000001],[-95.25471429999999,29.72731090000002],[-95.25468899999998,29.72728239999998],[-95.2547045,29.727249700000016],[-95.25482690000001,29.727283999999997]]]}},{"type":"Feature","properties":{},"geometry":{"type":"Polygon","coordinates":[[[-95.31847859999999,29.754810899999995],[-95.31845229999999,29.75486860000001],[-95.31844819999998,29.754877599999986],[-95.31843939999999,29.754874799999982],[-95.31842449999999,29.754870200000028],[-95.3183975,29.754861800000015],[-95.31835610000002,29.754839300000015],[-95.31839609999997,29.75478290000001],[-95.31835280000001,29.754763500000024],[-95.31829549999998,29.754737799999987],[-95.31823250000002,29.754696200000012],[-95.3181707,29.75466990000001],[-95.318129,29.75465170000001],[-95.3180898,29.754640100000017],[-95.31802629999999,29.754634199999998],[-95.31792530000001,29.754618900000025],[-95.31780090000001,29.754610200000002],[-95.3177124,29.754604400000005],[-95.31766570000002,29.754599999999982],[-95.31762309999999,29.754600700000026],[-95.31752289999997,29.7545978],[-95.31745280000001,29.754598499999986],[-95.31738860000002,29.7546026],[-95.31730040000002,29.75460989999999],[-95.3172563,29.75460989999999],[-95.31714499999998,29.7546026],[-95.3170505,29.75460529999998],[-95.31698849999998,29.75460529999998],[-95.31695500000001,29.75460529999998],[-95.31690350000002,29.754600700000026],[-95.31684999999999,29.754593399999976],[-95.31675639999997,29.754590699999994],[-95.31667870000001,29.754595199999983],[-95.31662619999997,29.754599799999994],[-95.31646660000001,29.754595199999983],[-95.3164193,29.754590699999994],[-95.31634170000001,29.754574600000012],[-95.31631329999999,29.754568699999993],[-95.31625869999999,29.754552199999978],[-95.31624249999999,29.75453809999999],[-95.31620199999998,29.75450269999999],[-95.3161715,29.754454099999975],[-95.31614289999999,29.75432280000001],[-95.31611670000001,29.754244900000003],[-95.3160957,29.754171600000006],[-95.3160747,29.754096500000003],[-95.31605159999998,29.753982899999983],[-95.31601690000002,29.753901299999995],[-95.31599169999998,29.753829900000028],[-95.31596439999998,29.753762999999992],[-95.31593400000003,29.75368229999998],[-95.31589509999998,29.753582499999993],[-95.31582370000001,29.753415700000005],[-95.31577329999999,29.753334199999983],[-95.3156988,29.753285600000027],[-95.31567669999998,29.753223300000002],[-95.31566409999999,29.753181199999972],[-95.31563469999998,29.753117900000007],[-95.31562209999998,29.753071200000022],[-95.31559270000002,29.75300340000001],[-95.31555600000002,29.752901699999995],[-95.31553500000001,29.752833899999985],[-95.31547719999998,29.75267819999999],[-95.3154457,29.752577400000007],[-95.31540480000001,29.75246279999999],[-95.3153481,29.752351999999973],[-95.31527460000001,29.752204500000005],[-95.31525570000002,29.752145799999994],[-95.3152263,29.752059700000018],[-95.3152053,29.751989100000003],[-95.31518949999997,29.75190759999998],[-95.31517380000003,29.751794000000018],[-95.31516850000003,29.751738999999986],[-95.31516850000003,29.751673900000014],[-95.31517380000003,29.751603400000022],[-95.31518010000002,29.751546599999983],[-95.315199,29.751452200000017],[-95.3152063,29.751389000000017],[-95.3152273,29.751259800000014],[-95.31524830000001,29.75117640000002],[-95.31526930000001,29.751082999999994],[-95.3152945,29.751026200000013],[-95.31532179999999,29.7509675],[-95.31540690000003,29.750806300000022],[-95.31545310000001,29.750736599999982],[-95.31547929999999,29.750682600000005],[-95.31551289999999,29.750637700000027],[-95.31555909999997,29.750537800000018],[-95.3155959,29.750435200000027],[-95.31561690000001,29.750389400000017],[-95.31566409999999,29.750301400000012],[-95.31572399999999,29.750217099999986],[-95.31581319999998,29.75011999999998],[-95.31588040000003,29.750052200000027],[-95.31594130000002,29.750000899999975],[-95.31600120000002,29.749947700000007],[-95.31611349999997,29.74987440000001],[-95.3162049,29.749830400000008],[-95.3163361,29.749791000000016],[-95.31640119999997,29.7497755],[-95.3165525,29.749779999999987],[-95.31668159999998,29.749790099999984],[-95.31672889999999,29.749801100000013],[-95.31680549999999,29.749807499999974],[-95.31685909999999,29.749821300000008],[-95.31701450000003,29.749853299999984],[-95.31710270000002,29.749881700000003],[-95.31719299999997,29.74994220000002],[-95.31722450000001,29.74996970000001],[-95.31725699999998,29.750010900000007],[-95.317319,29.75013100000001],[-95.31737879999997,29.75022630000001],[-95.3173893,29.750301400000012],[-95.31739979999998,29.750365499999987],[-95.3174156,29.750447099999974],[-95.31744079999999,29.750564399999973],[-95.31746700000002,29.750632199999984],[-95.31748590000001,29.75068349999998],[-95.31750899999997,29.75075129999999],[-95.31754999999998,29.750837400000023],[-95.31758669999999,29.75089700000001],[-95.31766440000001,29.75099130000001],[-95.31772740000002,29.751060999999993],[-95.31776100000002,29.751123300000017],[-95.31777679999999,29.75118379999998],[-95.3177978,29.751309300000003],[-95.3178188,29.75139539999998],[-95.31784499999998,29.751510900000028],[-95.31785450000001,29.751577699999984],[-95.31786499999998,29.751654700000017],[-95.31788069999999,29.751762799999995],[-95.31789120000002,29.751834299999985],[-95.31789329999998,29.751903000000027],[-95.31791750000002,29.752022099999976],[-95.31793529999999,29.7521165],[-95.31794389999999,29.752155700000003],[-95.31798049999998,29.75232360000001],[-95.31798570000001,29.752361099999973],[-95.31798049999998,29.75246279999999],[-95.31796379999997,29.7524894],[-95.31790380000001,29.7525847],[-95.3178828,29.752631399999984],[-95.31796680000002,29.75272030000002],[-95.31798989999999,29.752780799999982],[-95.31802670000002,29.752897099999984],[-95.3180582,29.753010700000004],[-95.3180792,29.753079500000013],[-95.31814639999999,29.753224199999977],[-95.3182094,29.753319499999975],[-95.31826719999998,29.753411099999994],[-95.31830919999999,29.753491800000006],[-95.3183512,29.753565999999978],[-95.31839630000002,29.753593500000022],[-95.31845620000001,29.753621899999985],[-95.3184761,29.753583400000025],[-95.31845299999998,29.75353389999998],[-95.31850759999998,29.753463399999987],[-95.31852020000002,29.753321400000004],[-95.31851599999999,29.753265499999998],[-95.31849920000002,29.753034599999978],[-95.3184986,29.753023199999973],[-95.3184961,29.7529768],[-95.31849190000003,29.75291820000001],[-95.31848869999999,29.752860499999997],[-95.3184761,29.752685499999984],[-95.31847299999998,29.752627800000027],[-95.3184688,29.752569100000017],[-95.31846560000002,29.752511400000003],[-95.31846139999999,29.752452800000015],[-95.31845829999997,29.75239499999998],[-95.31844990000002,29.75231070000001],[-95.3184478,29.752245700000003],[-95.31843939999999,29.752175099999988],[-95.31843409999999,29.752111000000014],[-95.31842260000002,29.751968999999974],[-95.3184215,29.75191030000002],[-95.3184215,29.751852600000007],[-95.31841839999998,29.751794000000018],[-95.31841630000002,29.751694999999984],[-95.31840790000001,29.75163550000002],[-95.31838690000001,29.751514499999985],[-95.31837739999997,29.75145040000001],[-95.3183722,29.751368800000023],[-95.31837530000001,29.75133219999998],[-95.31837530000001,29.751217699999984],[-95.3183669,29.751144399999987],[-95.31835640000003,29.751035300000012],[-95.3183459,29.7509675],[-95.31833019999999,29.750880499999994],[-95.31831970000002,29.750823700000012],[-95.31830389999999,29.750727499999982],[-95.31828289999999,29.75063030000001],[-95.31827770000001,29.750587300000007],[-95.3182577,29.750466300000028],[-95.3182367,29.75033159999998],[-95.3182524,29.750239099999988],[-95.31828189999999,29.750170400000002],[-95.31828239999999,29.750135999999998],[-95.318284,29.75002840000002],[-95.318263,29.74995050000001],[-95.3182157,29.749850600000002],[-95.31816839999999,29.749773600000026],[-95.31813690000001,29.74970860000002],[-95.31811069999998,29.74958670000001],[-95.3180949,29.749549100000024],[-95.31786920000002,29.749329199999977],[-95.31782900000002,29.749353299999996],[-95.3177976,29.749372199999982],[-95.31770119999999,29.749430000000018],[-95.31765389999998,29.749385099999984],[-95.3176077,29.749335700000017],[-95.3175804,29.749302699999987],[-95.31756569999999,29.749243999999976],[-95.3176014,29.749191800000006],[-95.3174019,29.748985600000026],[-95.3169504,29.748986600000023],[-95.3169504,29.749064599999997],[-95.3169504,29.74911020000002],[-95.3168996,29.749102300000004],[-95.31678770000002,29.7491043],[-95.31673790000002,29.749105199999974],[-95.31678770000002,29.748986600000023],[-95.31612610000002,29.748986600000023],[-95.31607989999998,29.749007600000027],[-95.31604199999998,29.74903690000002],[-95.31596430000002,29.74908549999998],[-95.31590540000002,29.749113899999998],[-95.3158214,29.749154299999987],[-95.31572690000002,29.749192100000016],[-95.31569530000002,29.749204700000007],[-95.31559019999997,29.749250500000016],[-95.31552449999998,29.749278800000013],[-95.3154457,29.749318200000005],[-95.31540269999999,29.749354900000014],[-95.31535120000001,29.749408000000017],[-95.3152809,29.749476800000025],[-95.31517689999998,29.749588500000016],[-95.31513810000001,29.74963250000002],[-95.31511599999999,29.749663699999985],[-95.31510270000001,29.749810200000013],[-95.31510789999999,29.749869699999977],[-95.3151163,29.749912800000004],[-95.31512679999997,29.749976000000004],[-95.31512889999999,29.75001450000002],[-95.31513419999999,29.75005490000001],[-95.31514779999998,29.7501264],[-95.31514479999998,29.750217799999973],[-95.31514470000002,29.750219800000025],[-95.31512679999997,29.75026839999998],[-95.31503759999998,29.750384800000006],[-95.3149914,29.750425099999973],[-95.3149431,29.750461700000017],[-95.31484440000003,29.750517600000023],[-95.31478349999998,29.750538699999993],[-95.31476140000001,29.75058819999998],[-95.31476350000003,29.750638700000025],[-95.314753,29.750703699999974],[-95.31471629999999,29.750886100000002],[-95.31465850000001,29.751038199999982],[-95.31461330000002,29.751141700000005],[-95.31458500000002,29.75125350000002],[-95.31450310000002,29.75145789999999],[-95.31446740000001,29.751516600000002],[-95.3143771,29.75163839999999],[-95.3143561,29.751673200000027],[-95.31432039999999,29.75174290000001],[-95.31431620000001,29.751815299999976],[-95.31431620000001,29.751859200000013],[-95.31431090000001,29.75190140000001],[-95.31429100000003,29.751986699999975],[-95.3143033,29.752082499999972],[-95.31432530000001,29.752129200000013],[-95.3143432,29.752174200000013],[-95.31436000000002,29.752228300000013],[-95.31437890000001,29.752275899999972],[-95.31440090000001,29.752320800000007],[-95.3144461,29.752376700000013],[-95.31453850000003,29.75247380000002],[-95.31457210000002,29.752554499999974],[-95.3146036,29.752686400000016],[-95.31462979999998,29.752813800000013],[-95.31464030000001,29.752852200000007],[-95.3146529,29.75290610000002],[-95.3146739,29.7529629],[-95.3147128,29.753032599999983],[-95.3147601,29.753115100000002],[-95.31480099999999,29.753172800000016],[-95.31485980000002,29.7532516],[-95.31492279999998,29.753334999999993],[-95.31494500000002,29.753379300000006],[-95.31495960000001,29.753408400000012],[-95.31498160000001,29.753465199999994],[-95.3150152,29.753555000000006],[-95.31504260000003,29.753620300000023],[-95.31506619999999,29.753750700000012],[-95.315135,29.754129999999975],[-95.31516959999999,29.754184399999986],[-95.31517170000001,29.754228399999988],[-95.31518010000002,29.754312700000014],[-95.31518219999998,29.754374999999982],[-95.3151906,29.754441900000018],[-95.31518949999997,29.754488600000002],[-95.3151828,29.754545399999984],[-95.315178,29.754585700000007],[-95.3151456,29.754665499999987],[-95.3151307,29.754702099999975],[-95.31505759999999,29.754748000000006],[-95.31500369999998,29.75478179999999],[-95.31491440000002,29.754848700000025],[-95.31486719999998,29.75489090000002],[-95.31478629999998,29.754947700000002],[-95.31472860000002,29.754988200000014],[-95.31467809999998,29.75502369999998],[-95.31457210000002,29.7550842],[-95.31448699999999,29.755121700000018],[-95.3144135,29.755144599999994],[-95.31436100000002,29.755149200000005],[-95.31426970000001,29.755153800000016],[-95.31413950000001,29.755185900000015],[-95.31401349999999,29.75520419999998],[-95.3139347,29.755213400000002],[-95.3138318,29.75521789999999],[-95.31373730000001,29.755214299999977],[-95.31367010000002,29.755213400000002],[-95.31347060000002,29.755213400000002],[-95.3133373,29.75520419999998],[-95.31321759999997,29.755185900000015],[-95.31317660000002,29.7551785],[-95.3130989,29.75517400000001],[-95.31300340000001,29.755174899999986],[-95.31295720000003,29.755177600000025],[-95.31288260000002,29.755177600000025],[-95.31269359999999,29.755167500000027],[-95.31259590000002,29.755124500000022],[-95.31252660000001,29.755108899999982],[-95.3124363,29.755090600000017],[-95.31234180000001,29.755063099999973],[-95.3121969,29.755014500000016],[-95.31213600000001,29.754998999999998],[-95.31199529999998,29.75495319999999],[-95.31182209999997,29.754907300000013],[-95.31176210000001,29.754879800000026],[-95.31171810000001,29.754859699999997],[-95.31163520000001,29.754802900000016],[-95.31158269999997,29.75477269999999],[-95.3114913,29.75475160000002],[-95.31139999999999,29.754733299999998],[-95.31131390000002,29.75471490000001],[-95.311169,29.75468840000002],[-95.31106920000002,29.754673700000012],[-95.31098730000002,29.75465539999999],[-95.31087389999999,29.75462060000001],[-95.31069539999999,29.754577499999982],[-95.3106166,29.754559200000017],[-95.31052840000001,29.754540899999995],[-95.31043390000002,29.754522500000007],[-95.31031109999998,29.754490499999974],[-95.3101959,29.754464299999995],[-95.31019029999999,29.754462999999987],[-95.31013680000001,29.75444920000001],[-95.31005379999999,29.754426299999977],[-95.30992680000003,29.75439879999999],[-95.30987640000001,29.754391499999997],[-95.3098228,29.754390600000022],[-95.30976509999999,29.75438600000001],[-95.30965170000002,29.75436769999999],[-95.30955189999997,29.754349400000024],[-95.30932819999998,29.75431450000002],[-95.30916339999999,29.754309999999975],[-95.30909539999999,29.754279199999985],[-95.30900170000001,29.75423669999998],[-95.30892080000001,29.754216499999984],[-95.3087956,29.754209600000024],[-95.3087109,29.75418159999998],[-95.30859709999999,29.754170699999975],[-95.30853459999997,29.754177900000002],[-95.3084604,29.754173900000012],[-95.30824610000002,29.754164899999978],[-95.3081479,29.754210699999987],[-95.30798520000002,29.75426570000002],[-95.3076929,29.754364399999986],[-95.3072707,29.75450699999999],[-95.30727059999998,29.75450699999999],[-95.306782,29.754672000000028],[-95.30670600000002,29.75468749999999],[-95.3066278,29.754703399999983],[-95.3065603,29.75471950000002],[-95.30651769999997,29.754755699999976],[-95.30647340000002,29.754789000000017],[-95.30648489999999,29.754842499999995],[-95.3064837,29.754849499999978],[-95.30647219999997,29.75492109999999],[-95.30639660000003,29.75497059999998],[-95.30631890000001,29.755029200000024],[-95.30626469999999,29.755074999999977],[-95.306153,29.7551694],[-95.30603639999998,29.755270199999984],[-95.3059503,29.755336999999997],[-95.30587680000002,29.755375500000014],[-95.3057718,29.75541129999999],[-95.30573500000003,29.75543049999999],[-95.30565419999999,29.755458900000008],[-95.3055334,29.755495600000017],[-95.3054421,29.755513899999983],[-95.30530140000002,29.755532200000005],[-95.30517850000001,29.75552399999998],[-95.30511760000002,29.755503799999985],[-95.30504660000003,29.755483500000025],[-95.30499270000001,29.755468099999973],[-95.30485090000002,29.755441500000018],[-95.30475330000002,29.755408499999987],[-95.30468919999998,29.75537639999999],[-95.3046094,29.7553398],[-95.30454120000002,29.75529770000003],[-95.30446030000002,29.75523629999998],[-95.30441819999999,29.755194399999993],[-95.3042734,29.755050299999994],[-95.30416739999998,29.75495319999999],[-95.30408340000002,29.754838600000028],[-95.30405189999999,29.754780900000014],[-95.30402939999999,29.75474079999998],[-95.3039741,29.754654500000015],[-95.3039321,29.754590300000018],[-95.30386390000001,29.7544666],[-95.30384500000002,29.754430000000013],[-95.3038219,29.754397900000015],[-95.30374310000002,29.754260499999987],[-95.30363390000002,29.754116599999975],[-95.30358560000002,29.75406620000001],[-95.3034922,29.753988400000026],[-95.3034533,29.753928799999983],[-95.30341609999999,29.75376460000001],[-95.30331999999999,29.753787699999975],[-95.3032255,29.753745600000002],[-95.3031929,29.753717199999983],[-95.30314879999997,29.75366489999999],[-95.30307219999997,29.75357059999999],[-95.30297350000001,29.7534579],[-95.3029252,29.753413899999998],[-95.30292250000002,29.753411299999982],[-95.3028286,29.753321400000004],[-95.3027467,29.753238899999985],[-95.30270469999999,29.75319030000003],[-95.30263689999998,29.7531199],[-95.30215279999999,29.752798700000028],[-95.30199140000002,29.752793300000008],[-95.30185069999999,29.752726399999972],[-95.30168579999997,29.752673300000026],[-95.30155559999997,29.752657699999986],[-95.30140970000002,29.752607300000022],[-95.30134020000003,29.752573900000016],[-95.3013047,29.752556900000002],[-95.30121020000001,29.752509299999986],[-95.30116290000001,29.752491799999973],[-95.301017,29.75244600000002],[-95.30087839999999,29.752419499999974],[-95.30072819999998,29.752412100000015],[-95.3006201,29.752419499999974],[-95.3004962,29.7524277],[-95.3003764,29.75244600000002],[-95.30016330000001,29.75248449999998],[-95.30000209999997,29.75251880000002],[-95.29996899999998,29.7525258],[-95.29987560000001,29.752553200000023],[-95.29970070000002,29.75263530000001],[-95.29959530000002,29.75269880000002],[-95.29959309999998,29.752700100000027],[-95.29956420000002,29.75271520000001],[-95.29951699999998,29.752739799999972],[-95.29946030000002,29.75276819999999],[-95.29940879999998,29.752808500000015],[-95.29937840000002,29.752833199999998],[-95.29924499999998,29.752945899999986],[-95.29914359999998,29.75303930000001],[-95.29909070000002,29.753087900000025],[-95.29903819999998,29.753133699999978],[-95.29899719999997,29.75316670000001],[-95.29894789999997,29.75320979999998],[-95.29889750000001,29.75325379999998],[-95.29886599999998,29.753284899999983],[-95.29881769999997,29.753331600000024],[-95.29878200000002,29.753363700000023],[-95.29872419999998,29.75342599999999],[-95.298677,29.753472699999975],[-95.2986234,29.753518600000007],[-95.29847319999999,29.75363950000002],[-95.2984396,29.753667000000007],[-95.29833869999999,29.753708000000017],[-95.2982642,29.753744400000016],[-95.29815389999999,29.75382239999999],[-95.29809130000001,29.753879600000005],[-95.29805829999998,29.753929099999993],[-95.29804990000002,29.753941699999984],[-95.29796649999997,29.754036799999994],[-95.297954,29.75404500000002],[-95.29795339999998,29.754045399999995],[-95.2979176,29.754069000000015],[-95.29787140000002,29.754079400000023],[-95.2978099,29.754085999999973],[-95.29773349999999,29.754085599999996],[-95.29771110000001,29.754083400000013],[-95.29767859999998,29.75408010000001],[-95.29760570000002,29.754027199999996],[-95.29755569999998,29.7539711],[-95.29751040000002,29.753920199999982],[-95.29743180000003,29.753844200000003],[-95.29741200000001,29.753825000000006],[-95.29738450000002,29.753789400000016],[-95.29734239999999,29.75372090000002],[-95.2973313,29.75370049999998],[-95.2973098,29.7536609],[-95.29729409999999,29.753631999999982],[-95.29725300000001,29.753530599999976],[-95.29721009999997,29.75342599999999],[-95.2971738,29.753370599999982],[-95.29714569999999,29.7533277],[-95.2971028,29.753266800000006],[-95.29704220000002,29.753208200000017],[-95.2969817,29.753152100000023],[-95.2968879,29.753055700000004],[-95.2968548,29.753001700000027],[-95.29680450000001,29.75289989999999],[-95.29676039999998,29.75283300000001],[-95.2967458,29.752812300000016],[-95.29669200000001,29.752735900000005],[-95.29654,29.752545499999997],[-95.2963254,29.75229109999998],[-95.29626569999999,29.752232600000013],[-95.2962109,29.752178800000024],[-95.29610309999998,29.752077100000008],[-95.29603509999998,29.752012400000012],[-95.29600440000002,29.75198180000001],[-95.29594880000002,29.751946999999973],[-95.2958774,29.751904799999977],[-95.29577760000001,29.75182239999998],[-95.29574609999997,29.751794899999993],[-95.29571659999999,29.751751000000013],[-95.29567780000002,29.75167879999998],[-95.29565280000003,29.751628700000026],[-95.2955834,29.751533999999992],[-95.2955268,29.75152159999999],[-95.29549409999998,29.751514499999985],[-95.29547559999997,29.751497700000016],[-95.29544270000002,29.7514678],[-95.2954408,29.75140779999998],[-95.29544019999997,29.75139039999999],[-95.29540420000001,29.751298599999984],[-95.29536289999999,29.75115870000002],[-95.29534660000002,29.751042499999983],[-95.29533249999997,29.750941099999977],[-95.29535120000003,29.7508335],[-95.29536109999998,29.7507076],[-95.2953918,29.750570200000027],[-95.29540270000001,29.750551700000017],[-95.2954684,29.75044059999999],[-95.29564340000002,29.750262599999985],[-95.29576689999999,29.750105099999985],[-95.29579510000002,29.75004180000002],[-95.29588719999998,29.749988400000007],[-95.29591970000001,29.749961299999995],[-95.29598770000001,29.749998699999992],[-95.2961894,29.749758499999984],[-95.29627169999998,29.749660600000027],[-95.29623700000002,29.74964030000001],[-95.29647240000003,29.749445700000024],[-95.29661290000001,29.749291599999992],[-95.2966682,29.7491397],[-95.29668470000001,29.74909439999999],[-95.29678840000003,29.748992699999974],[-95.29688629999998,29.748828300000014],[-95.29689990000003,29.748788100000013],[-95.2969673,29.748587999999984],[-95.2970166,29.748408100000006],[-95.29701720000003,29.74824910000001],[-95.29702129999998,29.748056700000006],[-95.2970209,29.74792819999999],[-95.29703999999998,29.74785270000001],[-95.29706490000001,29.747769199999993],[-95.29704800000002,29.747701500000005],[-95.29701840000001,29.74763999999999],[-95.29695679999998,29.74754710000002],[-95.29692640000002,29.74751500000002],[-95.29687280000002,29.74746829999998],[-95.29683290000003,29.747437100000013],[-95.2967405,29.747358299999973],[-95.29668479999998,29.747318899999982],[-95.29663549999998,29.7472841],[-95.2965714,29.747228199999995],[-95.29650320000002,29.74716410000002],[-95.29640130000001,29.7471137],[-95.29630470000001,29.747095300000012],[-95.29629979999999,29.747094600000025],[-95.29628129999998,29.747092099999975],[-95.29617239999999,29.74707699999999],[-95.29606849999999,29.747054100000014],[-95.29602690000002,29.747041799999977],[-95.2960223,29.747040400000003],[-95.2958984,29.747008300000005],[-95.2956911,29.746952399999998],[-95.29556659999997,29.746923900000013],[-95.2953334,29.74690559999999],[-95.29527639999998,29.746906500000023],[-95.2951582,29.746903799999984],[-95.29504780000002,29.746895600000016],[-95.2949691,29.746895600000016],[-95.2949008,29.746900200000027],[-95.29483970000001,29.74689840000002],[-95.29476240000002,29.746895999999992],[-95.2947178,29.746894899999972],[-95.29460790000002,29.746898299999998],[-95.29454779999998,29.746895400000028],[-95.29426039999998,29.746905700000013],[-95.29418179999999,29.746904900000004],[-95.29415060000002,29.746904599999993],[-95.29409229999999,29.74690290000001],[-95.293971,29.7468844],[-95.29391020000003,29.746870899999976],[-95.29381719999998,29.746849499999996],[-95.29374940000002,29.746826399999975],[-95.29363439999997,29.74677059999999],[-95.29360259999999,29.7467623],[-95.29357599999997,29.746755300000018],[-95.29350360000001,29.74671330000001],[-95.29340669999999,29.746708899999987],[-95.29327740000002,29.746725099999992],[-95.2930786,29.746760900000027],[-95.29297860000003,29.746777899999984],[-95.29294370000002,29.746783800000003],[-95.29294629999998,29.746792700000015],[-95.29296099999999,29.746843000000013],[-95.2929694,29.746871899999974],[-95.29297639999999,29.746895999999992],[-95.29284899999999,29.746922600000005],[-95.29284480000001,29.74691180000002],[-95.29283450000003,29.74688550000002],[-95.2928746,29.746840099999986],[-95.2928766,29.74677509999998],[-95.29279630000002,29.746823000000006],[-95.29279509999998,29.746822699999996],[-95.29270129999998,29.7467982],[-95.2925649,29.746813400000008],[-95.29244940000001,29.746843899999988],[-95.2923935,29.7468576],[-95.29230569999999,29.74688739999999],[-95.2922122,29.74693309999998],[-95.2921083,29.746986600000014],[-95.29200120000002,29.747040500000026],[-95.29196159999998,29.747062200000016],[-95.2918788,29.747123799999997],[-95.29179570000002,29.747193400000015],[-95.29173300000002,29.747248300000024],[-95.29168349999998,29.747288500000025],[-95.29157359999999,29.747324100000014],[-95.29161040000002,29.747380099999987],[-95.2916194,29.747393799999998],[-95.29163060000002,29.74741080000001],[-95.29163999999997,29.747425099999987],[-95.2916401,29.747425299999975],[-95.29165790000002,29.74745230000002],[-95.29167319999999,29.747475599999973],[-95.29165219999999,29.747488900000008],[-95.29161729999998,29.747510999999975],[-95.29156979999999,29.747535500000026],[-95.2909876,29.74783580000002],[-95.2909707,29.747844699999973],[-95.29036400000001,29.748162100000002],[-95.28993639999999,29.74838569999997],[-95.2895656,29.748573099999987],[-95.28951710000001,29.748560399999974],[-95.28935439999998,29.74851799999999],[-95.2890294,29.7484331],[-95.2871513,29.74793599999998],[-95.28632599999997,29.74654099999998],[-95.28628020000002,29.746463600000027],[-95.2860301,29.746040900000025],[-95.28585850000002,29.745750799999996],[-95.28559910000001,29.74531239999999],[-95.28558170000002,29.745282900000007],[-95.28556550000002,29.745255600000007],[-95.28554759999997,29.745225300000016],[-95.28552400000001,29.745185400000025],[-95.2855783,29.745159699999988],[-95.28562740000001,29.74513639999998],[-95.28566740000002,29.745117400000026],[-95.28550940000002,29.744842699999992],[-95.2854681,29.74485820000001],[-95.2854266,29.744878599999993],[-95.28540880000003,29.744887300000016],[-95.2853685,29.744907099999978],[-95.28531120000002,29.744803400000023],[-95.28533099999999,29.744793800000025],[-95.28536739999998,29.744776100000024],[-95.28542019999998,29.744761600000004],[-95.2854241,29.744599400000027],[-95.28539210000002,29.744524300000023],[-95.2853359,29.744481500000006],[-95.2853068,29.744445499999983],[-95.28527450000001,29.744414500000005],[-95.28525710000002,29.74439430000001],[-95.28519119999999,29.744317599999988],[-95.28512130000001,29.744118500000013],[-95.28509400000002,29.74404370000002],[-95.2850666,29.744008899999983],[-95.28500919999999,29.743939399999988],[-95.28496940000002,29.743898100000024],[-95.28493700000001,29.74385460000002],[-95.28487460000002,29.743769900000018],[-95.28483240000003,29.743744600000014],[-95.2848027,29.74372679999999],[-95.2847453,29.743660999999975],[-95.2846477,29.743533300000024],[-95.284536,29.743377199999998],[-95.28445470000003,29.743293900000026],[-95.28442109999997,29.743258200000014],[-95.28433109999997,29.743162600000005],[-95.2842422,29.74308259999998],[-95.28423700000002,29.743085599999972],[-95.28419919999999,29.743107699999996],[-95.2841962,29.74310939999998],[-95.28417669999999,29.743120799999986],[-95.2841477,29.743137699999977],[-95.28406289999998,29.743039599999975],[-95.28401480000002,29.74307060000001],[-95.28393349999999,29.742980999999986],[-95.28398440000001,29.74294550000002],[-95.28379740000003,29.742700599999978],[-95.28375349999999,29.742644999999982],[-95.28370699999999,29.742586300000028],[-95.28369379999998,29.742569600000024],[-95.28367400000002,29.742544599999974],[-95.28374209999998,29.742494599999986],[-95.28369909999998,29.742471000000023],[-95.28365819999999,29.742425200000014],[-95.2836279,29.74238170000001],[-95.283571,29.742284799999993],[-95.2835073,29.74232089999998],[-95.283478,29.742320300000017],[-95.28345710000002,29.74231980000002],[-95.28342880000002,29.742319199999997],[-95.28339949999997,29.742318599999976],[-95.28337699999997,29.7422904],[-95.28334760000001,29.742253600000026],[-95.28182850000002,29.740350200000023],[-95.2811082,29.739446199999975],[-95.28042929999998,29.738481499999978],[-95.28032259999998,29.73831949999999],[-95.2800992,29.737859800000024],[-95.279923,29.737493200000017],[-95.27870380000002,29.73497789999999],[-95.27866690000002,29.73490190000001],[-95.278367,29.734279300000026],[-95.27835490000001,29.734254099999987],[-95.27833149999998,29.734205499999973],[-95.27831680000003,29.734175100000016],[-95.27829880000002,29.73413720000002],[-95.27828410000001,29.734106499999996],[-95.27827730000001,29.73409220000002],[-95.27826859999999,29.7340739],[-95.27825899999999,29.734053899999992],[-95.27831850000001,29.734052099999985],[-95.27840900000001,29.734049400000004],[-95.27837440000002,29.733978700000023],[-95.27836389999999,29.73393010000001],[-95.27829880000002,29.733835699999986],[-95.2782621,29.733781599999986],[-95.2782411,29.733748600000013],[-95.27820539999999,29.733679900000027],[-95.2781665,29.733615799999995],[-95.2780836,29.733530499999972],[-95.27803110000002,29.733470099999977],[-95.27799959999999,29.733419700000013],[-95.27795759999998,29.73334540000002],[-95.2779324,29.733278499999983],[-95.27789560000002,29.733191499999975],[-95.27787899999998,29.73309260000002],[-95.27785290000003,29.73304159999998],[-95.2778348,29.732996300000025],[-95.27781449999998,29.732923500000027],[-95.27776779999999,29.732936100000018],[-95.27772579999998,29.732935999999995],[-95.27771710000002,29.732915600000013],[-95.27770959999998,29.732897999999977],[-95.27770470000002,29.732872299999997],[-95.2776733,29.732709100000022],[-95.27762419999999,29.732453799999973],[-95.27761850000002,29.732422600000007],[-95.27768200000003,29.732411599999978],[-95.27774140000002,29.732350199999985],[-95.2776723,29.732333100000005],[-95.2776705,29.73228979999999],[-95.27763390000001,29.732221299999992],[-95.27760640000002,29.732189000000005],[-95.27759229999998,29.732136000000025],[-95.2776068,29.73207180000003],[-95.2776121,29.7320512],[-95.27758169999998,29.732053500000006],[-95.2775325,29.731665700000008],[-95.27748689999999,29.731247199999984],[-95.27746439999999,29.731041000000005],[-95.27744310000003,29.730845699999975],[-95.2774397,29.73081430000002],[-95.27743620000001,29.73078190000001],[-95.27743249999997,29.730747899999983],[-95.27742970000003,29.73072259999998],[-95.27742590000003,29.73068790000002],[-95.27742410000002,29.730671099999995],[-95.277423,29.730661199999986],[-95.27742319999999,29.730661199999986],[-95.2775191,29.7306557],[-95.2774751,29.730447400000003],[-95.27745240000002,29.730356500000028],[-95.27743889999999,29.730302499999993],[-95.27739500000001,29.730144499999994],[-95.27740569999997,29.73006270000002],[-95.27740399999999,29.72998560000002],[-95.27736370000002,29.729880400000013],[-95.27733060000003,29.729755300000022],[-95.27730450000001,29.729608100000007],[-95.27725600000002,29.729472199999975],[-95.27723600000002,29.72937109999998],[-95.27721179999998,29.729283599999974],[-95.27718720000001,29.729221999999993],[-95.2771257,29.729105800000013],[-95.27708890000002,29.729056300000025],[-95.2771171,29.729000699999972],[-95.27709920000001,29.728917200000012],[-95.27705839999999,29.728764099999978],[-95.27704440000002,29.728619999999978],[-95.27700010000001,29.728382599999975],[-95.27697160000002,29.728229899999974],[-95.2769209,29.72787679999999],[-95.27685650000001,29.727554899999973],[-95.27687300000002,29.727475500000025],[-95.27694739999998,29.72740379999999],[-95.27700379999999,29.727375400000028],[-95.27708790000003,29.727411200000006],[-95.27721400000001,29.72744899999998],[-95.27729820000002,29.727509899999973],[-95.27741930000002,29.727560200000028],[-95.2775145,29.72760340000002],[-95.27766200000002,29.727685599999973],[-95.27776920000002,29.727751099999978],[-95.2778328,29.727784900000017],[-95.27792449999998,29.727798300000018],[-95.27799340000001,29.727817000000016],[-95.27806190000001,29.727815799999973],[-95.2781185,29.7277924],[-95.27815779999997,29.727761799999996],[-95.2782024,29.727771700000005],[-95.27823819999998,29.727783499999987],[-95.2783728,29.727793700000007],[-95.2784158,29.727790900000002],[-95.27849459999999,29.727790900000002],[-95.27857970000002,29.72779539999999],[-95.2786994,29.7278139],[-95.278798,29.727844000000005],[-95.27889049999999,29.727831200000026],[-95.27901120000001,29.7278101],[-95.279132,29.727789900000005],[-95.2792086,29.727772500000015],[-95.27934299999998,29.727758800000004],[-95.27940389999998,29.727761499999986],[-95.27946170000001,29.72776060000001],[-95.27959499999997,29.72776060000001],[-95.27965169999999,29.727757899999972],[-95.2797074,29.727753300000018],[-95.27980289999999,29.727754300000015],[-95.27989960000002,29.72776060000001],[-95.27994990000002,29.727762600000005],[-95.2801177,29.727784900000017],[-95.2801657,29.727789299999984],[-95.28021139999998,29.72779270000001],[-95.2802757,29.72779589999999],[-95.2803189,29.727797599999974],[-95.28041380000002,29.727801499999998],[-95.28047120000002,29.727756],[-95.2805492,29.727747000000022],[-95.28066310000003,29.72773380000001],[-95.2807305,29.727721599999995],[-95.28082769999997,29.7276928],[-95.2808895,29.727713499999993],[-95.28096629999999,29.72772200000003],[-95.28107449999999,29.727754300000015],[-95.2812068,29.727801999999997],[-95.28138949999999,29.727780800000005],[-95.28144270000001,29.72778740000001],[-95.28145690000002,29.72773749999999],[-95.2816325,29.727794500000016],[-95.28172560000002,29.727771599999983],[-95.28179130000001,29.727701799999977],[-95.2818494,29.727654299999983],[-95.28194079999997,29.727613099999985],[-95.28201849999999,29.727568200000007],[-95.2820878,29.727448100000004],[-95.28210890000003,29.727374800000007],[-95.28212450000001,29.7273189],[-95.28217699999999,29.727154199999973],[-95.28218229999999,29.727137400000004],[-95.28220850000002,29.727043100000003],[-95.2822243,29.72695779999998],[-95.28228899999999,29.72682040000001],[-95.2823156,29.726727600000004],[-95.28236500000003,29.72661690000001],[-95.2823828,29.726517],[-95.28242590000002,29.726379500000007],[-95.28245149999998,29.726303200000018],[-95.28246580000001,29.726209100000005],[-95.28248989999997,29.726119200000028],[-95.28249520000003,29.726056900000003],[-95.28249520000003,29.725918499999977],[-95.28249199999999,29.725853400000005],[-95.28248989999997,29.725741599999992],[-95.2824847,29.725686600000017],[-95.28247099999999,29.725610599999982],[-95.28242899999998,29.725466799999992],[-95.2823975,29.725379599999997],[-95.28235030000002,29.72526499999998],[-95.28231879999998,29.72518530000002],[-95.28229779999998,29.72504509999999],[-95.28229779999998,29.724961699999994],[-95.28230830000001,29.724855400000024],[-95.28233770000003,29.724761899999976],[-95.28237339999998,29.72469769999998],[-95.2824569,29.724633700000027],[-95.2825803,29.724544700000024],[-95.2826359,29.7244594],[-95.28266739999998,29.724401699999987],[-95.28269999999998,29.724342999999976],[-95.28273259999997,29.72428530000002],[-95.2827651,29.72422660000001],[-95.28280389999998,29.724157900000023],[-95.28287890000001,29.72405279999998],[-95.28295750000001,29.723958299999993],[-95.28299779999998,29.723824200000024],[-95.28304379999997,29.723792300000014],[-95.28305979999999,29.723719500000016],[-95.28309560000002,29.723650899999996],[-95.28313170000001,29.72361760000001],[-95.2831779,29.72351070000002],[-95.28322029999998,29.723429899999985],[-95.28327789999997,29.72328920000001],[-95.28331359999999,29.723205500000006],[-95.28335440000001,29.72314399999999],[-95.2834363,29.7230586],[-95.28351070000002,29.722971799999982],[-95.28358350000002,29.72287349999999],[-95.28364090000002,29.722825],[-95.28365159999998,29.722818099999984],[-95.28368360000002,29.72279739999999],[-95.28379230000002,29.722768700000017],[-95.28385500000002,29.722751700000003],[-95.28393310000001,29.72273050000001],[-95.2840122,29.72271280000001],[-95.28411260000001,29.722691399999974],[-95.28419939999998,29.722705399999995],[-95.28420949999997,29.722709199999997],[-95.28427210000001,29.722733100000028],[-95.28435969999998,29.722747000000027],[-95.28448780000002,29.72278019999999],[-95.28464550000001,29.722819500000014],[-95.2847423,29.722831699999972],[-95.2849134,29.72286839999998],[-95.28521490000003,29.722950000000026],[-95.28537240000003,29.722973799999977],[-95.2854216,29.722980199999995],[-95.28547200000003,29.7230361],[-95.2855697,29.7230682],[-95.28571249999999,29.723031600000013],[-95.28581430000003,29.72300130000002],[-95.28593719999998,29.72294820000002],[-95.2860349,29.72290049999998],[-95.28616820000002,29.72295539999999],[-95.28625640000001,29.722972900000002],[-95.2863898,29.723016900000005],[-95.286497,29.723061799999982],[-95.28653150000002,29.723095699999988],[-95.28656510000002,29.723137800000018],[-95.2866659,29.72320380000002],[-95.28678559999997,29.72328540000001],[-95.28690640000002,29.723385399999984],[-95.28695679999998,29.723424799999975],[-95.2870691,29.723504400000024],[-95.28724970000002,29.723590600000023],[-95.28740620000002,29.723636399999975],[-95.2876109,29.723696899999993],[-95.28775689999998,29.723723500000006],[-95.287802,29.7237308],[-95.2878493,29.723732700000028],[-95.28798369999998,29.723732700000028],[-95.28823260000001,29.72374000000002],[-95.28827560000002,29.723732700000028],[-95.2883587,29.723722599999974],[-95.28846879999998,29.723690499999975],[-95.28858430000002,29.72361719999998],[-95.28867159999999,29.723586899999987],[-95.28879540000003,29.723572400000023],[-95.28886690000002,29.72357040000003],[-95.2889477,29.72356129999997],[-95.28898859999998,29.723553900000013],[-95.2890653,29.723549300000002],[-95.28922799999998,29.723549300000002],[-95.2893603,29.723553900000013],[-95.28945169999997,29.72356309999998],[-95.28959020000002,29.723590600000023],[-95.28971100000001,29.72361810000001],[-95.28979190000001,29.723646499999973],[-95.2898864,29.723693200000014],[-95.28995259999999,29.72373920000001],[-95.28999249999998,29.723773900000026],[-95.29003239999997,29.723813300000018],[-95.2900985,29.723903099999973],[-95.29014480000001,29.723973699999988],[-95.29019929999998,29.724055299999975],[-95.29024859999998,29.724143200000015],[-95.29027910000002,29.724213799999973],[-95.2903422,29.724373300000025],[-95.29041030000002,29.724588700000027],[-95.2904565,29.72477839999999],[-95.29053640000001,29.725050599999975],[-95.2905753,29.725175200000024],[-95.2905993,29.72523940000002],[-95.2906203,29.725308100000007],[-95.29065709999998,29.725403400000005],[-95.29070430000002,29.725532699999974],[-95.29075160000002,29.725646299999994],[-95.29082929999998,29.725780999999984],[-95.29086080000002,29.725825900000018],[-95.29088180000002,29.72585889999999],[-95.2909133,29.725903800000026],[-95.29094479999998,29.725948700000004],[-95.29102879999999,29.726030400000013],[-95.29110650000001,29.726085300000022],[-95.29125240000002,29.726168700000017],[-95.29133009999998,29.72620169999999],[-95.2914561,29.726248399999974],[-95.2915969,29.726290600000027],[-95.2916851,29.726313500000003],[-95.291831,29.726344799999993],[-95.29194760000001,29.726362999999992],[-95.29208410000001,29.72639049999998],[-95.29221430000001,29.726418000000024],[-95.2923025,29.72643629999999],[-95.29238750000002,29.726450100000022],[-95.29248519999999,29.726468399999987],[-95.29262060000002,29.726491399999986],[-95.29269310000001,29.726505999999972],[-95.2927886,29.72653250000002],[-95.29282640000002,29.726547200000027],[-95.29289569999997,29.72658389999998],[-95.29299759999998,29.726644399999998],[-95.2930816,29.726699300000007],[-95.29316030000001,29.726753499999973],[-95.29319290000001,29.726778200000012],[-95.29323590000001,29.726815699999975],[-95.2933157,29.726892700000008],[-95.2933956,29.726987099999974],[-95.29348060000001,29.727092500000026],[-95.29353839999999,29.7271705],[-95.2936171,29.727284999999995],[-95.29367380000002,29.727378499999986],[-95.29370110000002,29.727413300000023],[-95.29376409999998,29.72751870000002],[-95.29384290000002,29.72763520000001],[-95.29390590000003,29.72772950000001],[-95.29400349999997,29.72784489999998],[-95.29407079999999,29.72790359999999],[-95.2941055,29.727929399999994],[-95.29423350000002,29.727992599999993],[-95.29432800000001,29.728032799999994],[-95.29439939999997,29.72806029999998],[-95.2944961,29.728097900000023],[-95.29459259999999,29.728127299999983],[-95.29465770000002,29.7281428],[-95.29472709999999,29.728164800000002],[-95.29480569999998,29.728175799999974],[-95.29488459999999,29.728187699999978],[-95.29493280000003,29.728186800000003],[-95.29504409999998,29.728170299999988],[-95.2951415,29.7281567],[-95.29527409999997,29.72813819999999],[-95.29551049999998,29.728112599999974],[-95.29552819999998,29.728110700000002],[-95.29568239999998,29.728099299999997],[-95.29576700000001,29.728099799999995],[-95.29576700000001,29.728037700000016],[-95.29576700000001,29.727989700000023],[-95.29576709999998,29.727849100000014],[-95.29576709999998,29.727820099999974],[-95.29576709999998,29.72774659999999],[-95.29576709999998,29.727686399999982],[-95.2956006,29.72769649999998],[-95.29549880000002,29.7277148],[-95.29538430000002,29.727733100000023],[-95.2952793,29.72775150000001],[-95.29516589999997,29.72777450000001],[-95.29509869999998,29.727788099999998],[-95.29504209999999,29.727788999999973],[-95.29496640000002,29.72777530000002],[-95.29488980000002,29.727762600000005],[-95.29474479999999,29.727715699999976],[-95.29466289999999,29.727682700000003],[-95.29451490000002,29.727594699999997],[-95.29444139999998,29.72751679999999],[-95.2943626,29.72741239999999],[-95.29429019999998,29.727311499999985],[-95.29422620000003,29.7272428],[-95.29415160000002,29.727141099999983],[-95.29412009999999,29.727078800000015],[-95.29407700000002,29.72698889999998],[-95.29405809999997,29.726952299999994],[-95.29403500000001,29.726915599999984],[-95.29400040000002,29.726855100000023],[-95.29394450000001,29.72678589999998],[-95.2938514,29.726668000000018],[-95.2937978,29.726600399999995],[-95.29375049999999,29.72655359999999],[-95.2936957,29.72649610000002],[-95.29368190000002,29.726481700000022],[-95.29363289999998,29.726424399999985],[-95.29358350000001,29.726384999999993],[-95.29354380000001,29.726356899999985],[-95.29344179999998,29.72629519999998],[-95.29333220000001,29.726239899999996],[-95.2932265,29.726200800000015],[-95.29311580000001,29.7261656],[-95.29294399999998,29.72611549999999],[-95.2928685,29.726089899999977],[-95.29271410000001,29.726045],[-95.2926248,29.72602760000001],[-95.292554,29.72601209999999],[-95.2924779,29.72599550000001],[-95.29226569999997,29.725927300000023],[-95.29218830000002,29.725898299999983],[-95.2920001,29.725853400000005],[-95.29183519999998,29.725802999999985],[-95.29172499999999,29.7257654],[-95.29166199999997,29.725737900000013],[-95.29160839999997,29.72571499999998],[-95.29151180000002,29.725664600000016],[-95.29145089999997,29.725617],[-95.29140890000002,29.725579400000015],[-95.29133009999998,29.725496899999996],[-95.2912619,29.725396999999987],[-95.29122619999998,29.72528060000002],[-95.29120879999999,29.725228500000014],[-95.29118210000001,29.72510010000002],[-95.29107929999998,29.72487000000001],[-95.29106130000002,29.724817799999983],[-95.29102139999998,29.724704099999997],[-95.29098470000002,29.724606999999992],[-95.29095840000002,29.724520900000016],[-95.29093219999999,29.72442460000002],[-95.29088489999998,29.724264199999993],[-95.2908167,29.72405889999999],[-95.29076950000001,29.723937799999987],[-95.29074109999999,29.723855500000013],[-95.29071169999997,29.72379410000002],[-95.29067179999998,29.723712499999976],[-95.29063230000003,29.723654899999985],[-95.2905763,29.723580500000025],[-95.29046579999999,29.72346010000001],[-95.2904292,29.723406399999988],[-95.29038830000002,29.72335959999998],[-95.2902833,29.723313800000028],[-95.29016990000002,29.723273500000005],[-95.29010340000002,29.723244799999975],[-95.29003649999999,29.723224000000016],[-95.28997140000001,29.723208399999976],[-95.2899693,29.723207600000023],[-95.28988500000003,29.723172999999974],[-95.28977609999998,29.723120400000028],[-95.28967740000002,29.72309530000001],[-95.28950980000002,29.723062099999993],[-95.28945900000002,29.723057200000028],[-95.28939279999997,29.723049899999978],[-95.28923320000001,29.723048000000006],[-95.2891209,29.72304889999998],[-95.28907679999998,29.72305080000001],[-95.28899489999998,29.723058100000003],[-95.2889298,29.72305990000001],[-95.28871170000002,29.72308959999998],[-95.28860220000001,29.723106700000017],[-95.28843169999999,29.723146100000008],[-95.2883271,29.723187300000006],[-95.28820109999998,29.72324229999998],[-95.28814649999998,29.723246099999983],[-95.28804680000002,29.72323510000001],[-95.28794499999998,29.723218099999997],[-95.28781179999999,29.723195799999985],[-95.2877044,29.72316269999999],[-95.28758649999997,29.72310440000001],[-95.28753760000001,29.7230677],[-95.28749119999998,29.723048000000006],[-95.28742299999999,29.72301140000002],[-95.28737050000001,29.72297930000002],[-95.2872592,29.722891300000015],[-95.2871963,29.722841800000026],[-95.2871111,29.722774000000015],[-95.28702609999999,29.72272909999998],[-95.28687589999998,29.722645699999987],[-95.28681710000001,29.72259889999998],[-95.28677620000002,29.722554899999977],[-95.28670060000002,29.722498099999996],[-95.28658610000002,29.722445900000025],[-95.28648220000002,29.722431200000017],[-95.28641720000002,29.72242399999999],[-95.28635200000002,29.722421999999995],[-95.28623829999998,29.72242269999998],[-95.28606930000001,29.722423600000013],[-95.28599489999999,29.72243850000001],[-95.28594240000001,29.722444900000028],[-95.28581329999997,29.722449499999982],[-95.2857545,29.722444900000028],[-95.28570409999998,29.722440399999982],[-95.285597,29.722412899999995],[-95.28549620000001,29.722395500000005],[-95.28538700000001,29.722381700000028],[-95.28527880000001,29.722368000000017],[-95.2852274,29.722358799999995],[-95.28515390000001,29.72234500000002],[-95.28504889999999,29.722317599999997],[-95.28499110000001,29.72229920000001],[-95.28484409999999,29.72225800000001],[-95.284737,29.722226799999987],[-95.28459850000002,29.722193800000014],[-95.28447240000003,29.7221682],[-95.28441570000001,29.722163599999988],[-95.28435230000002,29.722161500000027],[-95.2842225,29.722157200000026],[-95.28416370000002,29.722152600000015],[-95.28410070000001,29.722145300000022],[-95.28402929999999,29.722145300000022],[-95.28396420000001,29.722152600000015],[-95.28387179999999,29.722154400000022],[-95.2837374,29.722170000000006],[-95.28363760000002,29.722197600000015],[-95.28357779999999,29.722209399999997],[-95.28350010000003,29.722232299999973],[-95.28339620000003,29.722283600000026],[-95.28326379999999,29.722372500000006],[-95.2832229,29.722406499999977],[-95.28317770000001,29.72243850000001],[-95.28305490000002,29.72256779999998],[-95.28298030000002,29.722680500000024],[-95.28293409999998,29.722786799999994],[-95.28288700000002,29.722890399999983],[-95.28285720000002,29.72293810000002],[-95.2827777,29.723065399999996],[-95.2827231,29.723146100000008],[-95.28268209999999,29.723216700000023],[-95.28264539999998,29.723271599999975],[-95.2826033,29.723344999999995],[-95.28252459999999,29.72346040000002],[-95.2824521,29.723574999999983],[-95.28238809999999,29.72366390000002],[-95.28235239999998,29.7237217],[-95.2822516,29.723855500000013],[-95.28220429999999,29.723923300000024],[-95.2821424,29.72401769999999],[-95.28205309999998,29.724168899999995],[-95.2819849,29.72427429999999],[-95.28193240000002,29.7243522],[-95.2818694,29.724443899999983],[-95.28182950000001,29.724507099999983],[-95.28177590000001,29.724610700000028],[-95.28174969999998,29.724690399999986],[-95.2817235,29.724804000000006],[-95.28171500000002,29.72484800000001],[-95.2817129,29.724935099999982],[-95.28174439999998,29.725054199999988],[-95.28175490000001,29.72511300000002],[-95.28175700000003,29.725159599999984],[-95.2817655,29.72520639999999],[-95.28179690000002,29.725300800000014],[-95.28182320000002,29.725385099999983],[-95.2818704,29.725681099999974],[-95.281881,29.725755400000025],[-95.281883,29.725793899999985],[-95.2818914,29.725863600000025],[-95.28189350000002,29.72596520000002],[-95.2818967,29.726011200000016],[-95.2818967,29.726083500000016],[-95.2818914,29.726135699999986],[-95.281881,29.72618890000001],[-95.28185989999997,29.726263099999983],[-95.28181269999999,29.726409699999977],[-95.28177069999998,29.726514199999997],[-95.2817235,29.72664709999998],[-95.28168140000002,29.726766199999986],[-95.28164989999999,29.72684959999998],[-95.281565,29.726998999999978],[-95.28148090000002,29.727100800000017],[-95.2813688,29.727122599999973],[-95.28136819999997,29.727122699999995],[-95.28128029999999,29.72713379999999],[-95.28123620000002,29.727135599999997],[-95.28117429999998,29.72714289999999],[-95.28112700000003,29.72714480000002],[-95.28106409999998,29.727152100000012],[-95.28101679999997,29.72715390000002],[-95.28094650000003,29.727163099999984],[-95.28083199999998,29.7271796],[-95.28070930000001,29.7272107],[-95.28069090000002,29.727215399999977],[-95.28055139999998,29.727226299999984],[-95.28043919999999,29.727185099999986],[-95.28030799999999,29.727126499999997],[-95.28020299999997,29.727087100000006],[-95.2800833,29.727048500000024],[-95.28003289999998,29.727043900000012],[-95.27990790000001,29.727043900000012],[-95.27984179999999,29.727045599999997],[-95.2798434,29.72718709999998],[-95.27937969999999,29.727177299999994],[-95.2792579,29.72721150000001],[-95.27913940000002,29.727228700000012],[-95.2790994,29.727234599999974],[-95.27904369999999,29.72723910000002],[-95.27897860000002,29.72723910000002],[-95.27882219999998,29.727230899999995],[-95.27871399999998,29.727237300000013],[-95.2786069,29.727244600000006],[-95.27853549999998,29.727253899999994],[-95.2784337,29.727231800000027],[-95.2783182,29.727190699999994],[-95.27830239999997,29.727180499999974],[-95.27826049999999,29.72715599999998],[-95.2782047,29.727123199999994],[-95.27782739999998,29.72688119999998],[-95.27766409999998,29.726754099999994],[-95.2776002,29.72669400000001],[-95.27757509999998,29.726548999999977],[-95.27749440000002,29.72655309999999],[-95.27738799999997,29.726554099999987],[-95.2772885,29.72655500000002],[-95.27721109999999,29.726461099999995],[-95.27724130000001,29.726443899999992],[-95.27729160000001,29.726415299999985],[-95.2773388,29.726394599999992],[-95.27730170000001,29.726323100000002],[-95.2772756,29.72628279999998],[-95.27723800000001,29.7262164],[-95.27709800000002,29.726215500000023],[-95.27709399999998,29.726175099999978],[-95.2770314,29.725550999999996],[-95.27703100000002,29.72554709999997],[-95.27717630000001,29.72554359999998],[-95.27717130000002,29.725479800000016],[-95.2771065,29.72463160000001],[-95.2770645,29.72397269999999],[-95.2770319,29.723755700000027],[-95.27702620000002,29.723627599999986],[-95.27703300000002,29.7234694],[-95.27703819999999,29.72321290000002],[-95.27703819999999,29.72315329999998],[-95.27701730000001,29.722906799999976],[-95.27696470000001,29.722805900000026],[-95.276928,29.722732599999972],[-95.27685739999998,29.722729800000025],[-95.27681419999999,29.722611599999993],[-95.27687550000002,29.722581400000024],[-95.2768494,29.722454700000014],[-95.27681039999999,29.72236959999998],[-95.27678559999998,29.722329600000023],[-95.27673440000001,29.72226999999998],[-95.2767025,29.722245199999975],[-95.27665810000002,29.722195499999998],[-95.27654799999999,29.72209559999999],[-95.2765311,29.7219609],[-95.27645230000002,29.721904900000027],[-95.27642400000002,29.7218206],[-95.2763706,29.721749499999987],[-95.27637049999998,29.72174940000002],[-95.27634890000002,29.721681100000012],[-95.2762333,29.721594299999992],[-95.27612590000001,29.721508099999994],[-95.27604810000003,29.721427500000004],[-95.27598510000001,29.72136389999997],[-95.2759006,29.721285599999987],[-95.27583379999999,29.721215299999983],[-95.27578620000003,29.721170400000005],[-95.2757494,29.721136899999976],[-95.2756508,29.72104489999998],[-95.27562999999998,29.721025499999996],[-95.27560390000002,29.72100119999999],[-95.27556550000003,29.720964600000002],[-95.27554620000001,29.720946200000014],[-95.2755009,29.72089649999998],[-95.27544469999998,29.7208349],[-95.27532769999999,29.72075940000002],[-95.2751414,29.720717700000023],[-95.27496239999999,29.72062820000002],[-95.27473350000002,29.720598999999993],[-95.27454440000002,29.72060349999998],[-95.27443690000001,29.720620800000006],[-95.27433020000001,29.720640100000026],[-95.27429260000002,29.720645100000013],[-95.27403629999998,29.720681899999988],[-95.27397739999998,29.720686],[-95.273885,29.72067229999999],[-95.2739436,29.720722599999988],[-95.27387850000002,29.720785799999987],[-95.27387149999998,29.72079259999998],[-95.27381500000001,29.720831099999998],[-95.27338409999999,29.721235400000012],[-95.2733457,29.721271399999978],[-95.27249469999998,29.72206970000002],[-95.27248889999998,29.722075099999984],[-95.2724043,29.722154499999988],[-95.2724996,29.722241199999985],[-95.27170369999999,29.722817399999997],[-95.27087619999998,29.723117100000024],[-95.27070859999998,29.723185699999988],[-95.27057209999998,29.723236199999974],[-95.27049340000002,29.723247200000003],[-95.27046180000002,29.723251600000026],[-95.2704273,29.723256400000025],[-95.27038099999999,29.72327200000001],[-95.27023400000002,29.723313099999984],[-95.27003109999998,29.723377900000003],[-95.26992630000001,29.723408600000027],[-95.26983710000002,29.723452399999985],[-95.26968849999997,29.723470399999997],[-95.26958610000003,29.7234689],[-95.269521,29.7234689],[-95.26945699999999,29.723461600000007],[-95.26938239999998,29.723461600000007],[-95.26932260000001,29.7234689],[-95.2692207,29.72348740000001],[-95.26908839999999,29.723516599999982],[-95.26889920000002,29.723610599999972],[-95.26876190000002,29.72370269999999],[-95.26850990000003,29.723790599999973],[-95.26850990000003,29.723816199999987],[-95.26850990000003,29.723845600000004],[-95.26837330000001,29.723845600000004],[-95.26837330000001,29.723790599999973],[-95.26815390000002,29.723791600000027],[-95.26805059999998,29.72380850000002],[-95.2680742,29.723921800000028],[-95.26736360000001,29.7240539],[-95.26682799999998,29.7241535],[-95.2668266,29.72414759999998],[-95.2667854,29.723977600000012],[-95.26659810000001,29.724000699999976],[-95.26662649999997,29.724151600000027],[-95.2666279,29.724158799999998],[-95.26660800000002,29.724162999999976],[-95.26650030000002,29.724185499999976],[-95.26612139999997,29.72424269999999],[-95.26604229999998,29.724254599999995],[-95.2660234,29.724229999999977],[-95.26597959999998,29.724173300000018],[-95.2659544,29.7241406],[-95.26594310000002,29.724126000000012],[-95.2655484,29.724241300000017],[-95.2652822,29.72431899999998],[-95.26510869999998,29.72436970000001],[-95.26506440000003,29.724386700000025],[-95.26505400000002,29.724390700000015],[-95.26508469999999,29.724466800000016],[-95.26509170000003,29.724484200000006],[-95.2651004,29.724505799999974],[-95.26511049999999,29.724530700000003],[-95.26511799999997,29.7245494],[-95.26512330000003,29.72456249999999],[-95.26512780000002,29.724573700000008],[-95.2651363,29.72459470000001],[-95.26509709999999,29.724606800000004],[-95.26365249999998,29.725052300000016],[-95.26364849999999,29.72504809999998],[-95.26363529999998,29.725034100000016],[-95.26356670000001,29.72486839999999],[-95.2633305,29.724769999999978],[-95.26300750000001,29.72487319999999],[-95.26313160000001,29.725191100000018],[-95.26313540000001,29.725200700000016],[-95.2631361,29.725202500000023],[-95.26300930000002,29.725241799999992],[-95.26202599999999,29.725546500000007],[-95.26198690000001,29.725558700000022],[-95.2619522,29.725569500000006],[-95.26194149999998,29.725543200000004],[-95.261934,29.725524800000017],[-95.26193110000003,29.72551759999999],[-95.26192129999998,29.725493599999993],[-95.26190989999998,29.72546540000002],[-95.26190120000001,29.72544399999998],[-95.26185829999997,29.7253384],[-95.2618223,29.725249799999972],[-95.26170990000003,29.725285100000008],[-95.26169800000002,29.72528890000001],[-95.2616893,29.72529159999999],[-95.2616539,29.72530280000001],[-95.26162319999997,29.725312400000007],[-95.26136939999998,29.72545889999998],[-95.26133620000002,29.725481300000013],[-95.26122800000002,29.725549100000023],[-95.26107889999997,29.725586599999986],[-95.26100229999997,29.72559319999999],[-95.26095609999999,29.725597600000015],[-95.26090670000002,29.725605099999996],[-95.26066209999999,29.725650799999983],[-95.26048150000003,29.725687499999992],[-95.2603282,29.725758900000017],[-95.26020010000002,29.72582399999999],[-95.2601234,29.725852400000008],[-95.25991340000002,29.72590919999999],[-95.259863,29.725911999999994],[-95.2597374,29.725911999999994],[-95.25968660000001,29.725911999999994],[-95.2595197,29.72589549999998],[-95.25932119999999,29.725911999999994],[-95.25917099999998,29.72593949999998],[-95.2590146,29.725967000000026],[-95.2588907,29.72593310000002],[-95.25881190000001,29.725957800000003],[-95.25871319999999,29.725962400000014],[-95.25850430000003,29.725908300000015],[-95.25835439999997,29.725932999999998],[-95.25821610000003,29.725900299999978],[-95.25812100000002,29.725866199999984],[-95.25803810000002,29.725844199999983],[-95.25798659999998,29.725848799999994],[-95.25793119999997,29.725854099999992],[-95.25786399999998,29.725858099999982],[-95.25781289999998,29.725860399999988],[-95.25770729999999,29.725864300000012],[-95.25763380000001,29.725873999999976],[-95.2575162,29.72587629999998],[-95.25741959999999,29.725862500000005],[-95.25726839999999,29.72584599999999],[-95.257135,29.725844199999983],[-95.25701529999998,29.725833299999977],[-95.2570086,29.725878599999987],[-95.25700060000003,29.72593260000002],[-95.25705299999998,29.725938100000008],[-95.25704569999999,29.725984400000016],[-95.25704009999998,29.726020000000005],[-95.2568741,29.726005499999985],[-95.25688509999998,29.72595690000003],[-95.25689260000001,29.72592370000001],[-95.25692429999998,29.725861399999985],[-95.25694099999998,29.7258286],[-95.25689549999998,29.72582060000002],[-95.25680569999997,29.725801400000023],[-95.25663129999998,29.725762499999973],[-95.25636020000002,29.72572439999999],[-95.25621790000002,29.725691900000015],[-95.2562145,29.72569120000003],[-95.25616439999999,29.7256797],[-95.2559415,29.72562979999998],[-95.2554103,29.725510699999973],[-95.25496809999999,29.725278600000024],[-95.2543159,29.724935700000003],[-95.25407840000003,29.724869899999987],[-95.25395880000002,29.724786600000016],[-95.25386800000001,29.724727400000006],[-95.25382250000001,29.724790400000018],[-95.25377580000003,29.724763999999993],[-95.25382819999999,29.72470149999998],[-95.25381950000002,29.724695800000006],[-95.25368359999999,29.72462619999999],[-95.25356909999999,29.724562900000024],[-95.2535292,29.724539100000015],[-95.2534316,29.724485000000016],[-95.25326360000003,29.72436590000001],[-95.25319730000001,29.724304700000005],[-95.25305359999999,29.724211000000025],[-95.2529381,29.724132199999985],[-95.25288030000002,29.72408180000002],[-95.2528436,29.72404690000002],[-95.25275219999997,29.723967200000004],[-95.25268920000002,29.723916799999984],[-95.25260209999999,29.723852599999987],[-95.252474,29.723759099999995],[-95.25241089999997,29.723717099999988],[-95.25229860000002,29.72362989999999],[-95.25222819999999,29.7235685],[-95.25217570000001,29.72351809999998],[-95.25208329999998,29.723432899999978],[-95.25198990000001,29.72338339999999],[-95.2519332,29.72331919999999],[-95.25191219999999,29.723239499999977],[-95.25184389999998,29.723101100000008],[-95.25178929999998,29.723032400000022],[-95.25174340000001,29.722997599999985],[-95.25171310000002,29.722972900000002],[-95.25156190000001,29.722795099999985],[-95.25140190000002,29.72258979999998],[-95.2513758,29.72250600000001],[-95.25131750000003,29.722429999999974],[-95.25126,29.722342500000025],[-95.2511591,29.722200499999985],[-95.25106840000001,29.722096599999986],[-95.25097190000002,29.721978999999976],[-95.2508937,29.72189309999999],[-95.2507359,29.72174419999999],[-95.2507038,29.721721600000023],[-95.25051050000002,29.72153960000003],[-95.25043,29.721463900000003],[-95.25042300000001,29.72145740000002],[-95.250383,29.721419700000013],[-95.25032599999997,29.721301100000005],[-95.2501886,29.721137699999986],[-95.25012559999999,29.72108079999998],[-95.25,29.720927099999983],[-95.25,29.717722200000026],[-95.25,29.716447000000016],[-95.25,29.713353100000006],[-95.25000349999999,29.713355799999988],[-95.25010209999999,29.713322300000016],[-95.25014820000001,29.713325699999984],[-95.25027549999999,29.713370800000007],[-95.25033760000002,29.71339280000001],[-95.25039170000002,29.713412000000005],[-95.250832,29.713568099999975],[-95.25149379999999,29.713553999999988],[-95.25185169999997,29.713546399999984],[-95.25310089999999,29.713519700000006],[-95.25344819999998,29.713515299999983],[-95.25368359999999,29.71351229999999],[-95.25412349999999,29.713493599999993],[-95.25420350000002,29.713501000000008],[-95.25438200000002,29.71348180000001],[-95.25443159999998,29.713476500000013],[-95.2544752,29.71347179999998],[-95.25451500000003,29.71346749999998],[-95.25479480000001,29.713437399999975],[-95.25495009999997,29.71342850000002],[-95.25504799999999,29.713410699999997],[-95.25509870000002,29.713394600000015],[-95.25515560000002,29.71337649999998],[-95.25528730000002,29.713317899999993],[-95.2552953,29.7133144],[-95.25535689999998,29.713264900000013],[-95.2554235,29.71318839999998],[-95.25549760000001,29.713097500000003],[-95.25551519999999,29.71303069999999],[-95.25552060000001,29.712951099999998],[-95.25555730000002,29.71286029999999],[-95.25560940000003,29.71276610000001],[-95.2556338,29.712673199999983],[-95.25563240000002,29.71252609999999],[-95.25563160000002,29.71246339999999],[-95.2556303,29.712366900000006],[-95.25562710000003,29.712319200000024],[-95.25562339999999,29.712264600000026],[-95.2556204,29.712219600000026],[-95.2556169,29.712195800000018],[-95.25560860000002,29.712138900000014],[-95.25552859999999,29.7119639],[-95.25547879999999,29.711811599999976],[-95.25546630000002,29.71177990000001],[-95.25541140000001,29.711641499999985],[-95.25541980000003,29.71154899999999],[-95.25543970000001,29.711419999999976],[-95.25533480000001,29.711419999999976],[-95.25523179999999,29.711419999999976],[-95.25510939999998,29.711419999999976],[-95.25485900000001,29.711419999999976],[-95.25488289999998,29.711521199999993],[-95.25488730000001,29.711613],[-95.25488919999998,29.71165400000001],[-95.25490200000002,29.711780999999974],[-95.25494370000001,29.7118878],[-95.25495469999998,29.711915900000008],[-95.2549722,29.71195899999998],[-95.25500699999998,29.712036399999988],[-95.25502069999999,29.712169700000004],[-95.25502519999998,29.712191899999993],[-95.25504790000002,29.712303899999995],[-95.25506419999999,29.712373599999978],[-95.255131,29.712526700000012],[-95.25511,29.71265219999998],[-95.255091,29.71270579999998],[-95.25508980000001,29.712709200000006],[-95.25507470000002,29.712747700000023],[-95.25505329999999,29.712800700000003],[-95.25501170000001,29.712839900000006],[-95.2549664,29.712862599999994],[-95.25483580000002,29.71292820000002],[-95.25461230000002,29.71304029999999],[-95.25430720000003,29.712872100000027],[-95.25424720000001,29.7128558],[-95.25350609999998,29.712879999999984],[-95.25306239999998,29.71288179999999],[-95.25216180000001,29.7128826],[-95.25150309999998,29.712893800000018],[-95.25112819999998,29.712859700000024],[-95.25094539999998,29.71282819999999],[-95.2508694,29.71281110000001],[-95.25076380000002,29.71278749999999],[-95.2505261,29.712734099999977],[-95.25,29.712614400000007],[-95.25,29.69999999999999],[-95.27287239999998,29.69999999999999],[-95.2747402,29.69999999999999],[-95.32499999999999,29.69999999999999],[-95.32499999999999,29.759284700000023],[-95.32496529999997,29.759254699999985],[-95.3249275,29.759216200000026],[-95.32486970000002,29.759148400000015],[-95.324813,29.75907699999999],[-95.32474580000002,29.758989900000017],[-95.32467759999997,29.75890290000001],[-95.3246282,29.758829600000013],[-95.32457779999999,29.758727099999987],[-95.32451479999997,29.75861070000002],[-95.32449070000001,29.758574099999976],[-95.3244487,29.758485199999996],[-95.32441510000001,29.75839739999998],[-95.3244039,29.7583755],[-95.32439720000002,29.758362499999976],[-95.32438250000001,29.758323200000007],[-95.3243405,29.7582453],[-95.32428800000002,29.75816279999998],[-95.32419879999998,29.758025499999974],[-95.32415680000003,29.7579604],[-95.32410959999999,29.757885299999998],[-95.32405189999997,29.757816600000012],[-95.32397420000001,29.757729700000027],[-95.3239112,29.757665499999973],[-95.32382189999998,29.757565699999986],[-95.3237694,29.75751439999999],[-95.32366860000002,29.75741640000001],[-95.3235426,29.757308299999977],[-95.32345750000002,29.757241399999998],[-95.32339359999997,29.75718649999999],[-95.32327070000002,29.757101299999988],[-95.32318989999999,29.75706200000002],[-95.32314259999998,29.757037200000013],[-95.32305339999999,29.75699320000001],[-95.3229326,29.756931899999984],[-95.322812,29.75685279999999],[-95.3227139,29.75678720000002],[-95.32259770000002,29.75672880000002],[-95.32250390000002,29.756698099999994],[-95.32234119999998,29.756668699999977],[-95.3222103,29.756651799999986],[-95.32185779999998,29.756592899999987],[-95.32150530000001,29.756498899999997],[-95.32139360000002,29.756479300000024],[-95.32127270000001,29.756419600000015],[-95.3211159,29.756346199999996],[-95.32092239999997,29.756244100000004],[-95.3207835,29.756156599999997],[-95.32052859999999,29.755992400000025],[-95.320469,29.7559579],[-95.32040089999998,29.755918500000007],[-95.32035389999999,29.755891299999973],[-95.3202392,29.755824899999993],[-95.32014279999999,29.755779099999984],[-95.32001960000002,29.755726400000015],[-95.31996500000002,29.7557008],[-95.31991549999998,29.7556783],[-95.31991249999999,29.75567699999999],[-95.31985689999999,29.755634799999996],[-95.31973090000002,29.755556000000013],[-95.31969520000001,29.755530399999998],[-95.3196595,29.75551200000001],[-95.31960279999998,29.755475400000023],[-95.3195293,29.75543049999999],[-95.31947259999998,29.75539839999999],[-95.31940120000002,29.755361800000003],[-95.31933709999998,29.755329700000004],[-95.3192426,29.755283899999995],[-95.31913759999998,29.755224399999975],[-95.319008,29.755130500000007],[-95.3190022,29.755126299999972],[-95.31891610000002,29.755072299999995],[-95.3188783,29.755044800000007],[-95.31884259999998,29.755026499999985],[-95.31869030000001,29.754933900000026],[-95.318578,29.754866100000015],[-95.3185087,29.754841399999975],[-95.31847859999999,29.754810899999995]],[[-95.26234219999998,29.725080300000002],[-95.26245340000003,29.725345000000004],[-95.2629781,29.72518309999998],[-95.26295390000001,29.72512999999998],[-95.2630249,29.72510699999998],[-95.26293659999999,29.72489519999999],[-95.26234219999998,29.725080300000002]],[[-95.26225579999999,29.72536839999998],[-95.26239029999999,29.725324399999977],[-95.2622935,29.725096000000008],[-95.26187859999999,29.725224200000014],[-95.26196759999999,29.725437999999997],[-95.2620379,29.725418600000012],[-95.26205800000002,29.72547179999998],[-95.26226880000002,29.72540700000002],[-95.26225579999999,29.72536839999998]]]}},{"type":"Feature","properties":{},"geometry":{"type":"Polygon","coordinates":[[[-95.25003700000002,29.723469000000023],[-95.25006889999997,29.723469000000023],[-95.25012279999999,29.723489400000005],[-95.2501714,29.72353700000002],[-95.25019029999999,29.723555599999997],[-95.25036130000001,29.723723300000017],[-95.25047890000002,29.723838699999988],[-95.2507238,29.724079200000006],[-95.25097729999999,29.724328000000014],[-95.2509953,29.724345700000015],[-95.25101510000002,29.7243651],[-95.25103840000003,29.724387999999976],[-95.25104540000001,29.724562100000014],[-95.25111170000002,29.724622599999975],[-95.25120509999999,29.724664800000028],[-95.25134759999997,29.724724999999978],[-95.25141769999999,29.72478480000001],[-95.25148519999999,29.724896399999977],[-95.2515472,29.72504029999999],[-95.25160729999999,29.72522029999999],[-95.25165500000003,29.725286900000015],[-95.25173919999997,29.72537840000001],[-95.2517494,29.725389500000006],[-95.25185870000001,29.7255083],[-95.25220200000001,29.72586389999998],[-95.2522768,29.725961400000017],[-95.25231409999998,29.72603049999998],[-95.25234089999998,29.726096100000007],[-95.25238389999998,29.72611139999998],[-95.25247580000001,29.726191299999982],[-95.25253880000002,29.726247699999988],[-95.25259290000002,29.726289599999973],[-95.25260559999998,29.726334399999985],[-95.25269589999999,29.72638410000002],[-95.25272009999998,29.726431600000012],[-95.25275399999998,29.72647410000002],[-95.25279619999998,29.72651300000001],[-95.25284959999999,29.726515699999993],[-95.25294989999998,29.726578700000005],[-95.25302060000001,29.726641299999983],[-95.25305530000003,29.726688299999978],[-95.25307500000002,29.726754500000027],[-95.25307479999998,29.72682500000002],[-95.25306499999999,29.726897199999996],[-95.25306640000002,29.726956700000017],[-95.2530759,29.727001299999984],[-95.25308819999998,29.727043200000026],[-95.25312020000001,29.727075000000013],[-95.25317790000003,29.727108699999974],[-95.25322979999999,29.72714259999998],[-95.25329240000002,29.727162399999997],[-95.2533752,29.72717899999998],[-95.25344430000001,29.72720290000001],[-95.25351590000002,29.72723050000002],[-95.2535863,29.727239699999984],[-95.2537385,29.727280000000007],[-95.2539706,29.72735879999999],[-95.25405039999998,29.7274046],[-95.2541182,29.72743589999999],[-95.25410310000001,29.727497299999982],[-95.25412619999997,29.727526300000022],[-95.25413780000002,29.727540900000008],[-95.2541751,29.727585900000008],[-95.25424170000002,29.72762069999999],[-95.2543253,29.727673200000027],[-95.2544421,29.727721700000018],[-95.25454189999999,29.727776699999993],[-95.25466890000001,29.727816099999984],[-95.25478229999999,29.727850999999987],[-95.2548243,29.72785829999998],[-95.25493770000003,29.727870199999984],[-95.255134,29.727929800000027],[-95.2553231,29.72797650000001],[-95.25544380000002,29.728007699999978],[-95.25557079999999,29.728049800000008],[-95.2556674,29.728069100000027],[-95.2557574,29.728109399999994],[-95.25583499999999,29.728126299999985],[-95.25588920000001,29.728135199999997],[-95.25595149999998,29.728135199999997],[-95.25607980000001,29.728141300000004],[-95.25616289999999,29.728148599999997],[-95.25622069999997,29.72816039999998],[-95.2562838,29.728191900000013],[-95.256328,29.728207499999996],[-95.25636420000001,29.7282328],[-95.25644169999998,29.728275300000007],[-95.25649399999998,29.728293800000017],[-95.25657389999998,29.728362500000003],[-95.25660850000003,29.728365499999995],[-95.25671990000001,29.728375099999994],[-95.2567995,29.728381899999988],[-95.2568081,29.7283817],[-95.25682010000003,29.728381500000012],[-95.25699639999999,29.72837820000001],[-95.25702109999997,29.72837770000001],[-95.2572788,29.72837290000001],[-95.25734210000002,29.728371700000025],[-95.25744750000001,29.728369600000008],[-95.25748779999998,29.728368400000022],[-95.2575425,29.728366800000003],[-95.25764659999999,29.72836369999999],[-95.25769050000002,29.72836239999998],[-95.2577536,29.728360599999974],[-95.25780409999999,29.728359099999977],[-95.25780689999999,29.728398200000015],[-95.2578135,29.728489000000025],[-95.25787639999999,29.72848529999999],[-95.2579232,29.728493300000025],[-95.257969,29.728496099999973],[-95.25804729999999,29.728492700000004],[-95.25812680000001,29.728474800000015],[-95.25826860000001,29.728432699999985],[-95.25845930000003,29.728365199999985],[-95.2587332,29.7282692],[-95.25877309999998,29.728256199999976],[-95.25889239999998,29.728203099999973],[-95.2589782,29.728175399999998],[-95.2590214,29.728166999999985],[-95.25906909999998,29.72815939999998],[-95.25913350000002,29.72816210000002],[-95.25922639999999,29.728181699999993],[-95.25932239999997,29.728192799999988],[-95.25941519999998,29.728195900000003],[-95.25945139999999,29.72819770000001],[-95.25959110000002,29.728167400000018],[-95.25971290000001,29.72812160000001],[-95.25979690000003,29.728096900000025],[-95.25991449999998,29.728053699999975],[-95.26002369999998,29.72800430000001],[-95.2601487,29.72793089999999],[-95.26023370000001,29.727884200000005],[-95.26032270000002,29.72784250000001],[-95.2603282,29.727839899999992],[-95.26036269999997,29.727823699999988],[-95.26043290000001,29.727791500000023],[-95.26048450000002,29.727770099999987],[-95.26065999999997,29.72769729999999],[-95.26077320000002,29.72765800000002],[-95.2609119,29.727614000000017],[-95.26099690000001,29.727586499999973],[-95.26105469999999,29.727568299999973],[-95.26119949999998,29.72752250000002],[-95.26129409999999,29.727491199999974],[-95.26134029999997,29.727478500000018],[-95.26138020000002,29.727462800000012],[-95.26148419999998,29.72743079999998],[-95.2615293,29.727419699999984],[-95.2615692,29.7274041],[-95.26174880000002,29.72733260000001],[-95.2618779,29.727284199999986],[-95.2619262,29.72727040000001],[-95.26196820000001,29.727261199999987],[-95.26202810000001,29.727252099999987],[-95.26214670000002,29.727240999999992],[-95.26226430000003,29.727217199999984],[-95.2623499,29.727195999999992],[-95.26246930000002,29.727166399999987],[-95.26268499999998,29.727132900000015],[-95.26306299999999,29.72710189999998],[-95.26340470000002,29.726994600000012],[-95.26337269999999,29.7269182],[-95.26336029999999,29.726888499999973],[-95.26334539999999,29.726852899999983],[-95.26333240000002,29.726821900000004],[-95.26332029999998,29.72679310000001],[-95.26330840000003,29.726764600000024],[-95.26335999999998,29.726748499999985],[-95.2634286,29.726727200000028],[-95.2655727,29.726060500000017],[-95.26562589999997,29.726044],[-95.26566989999998,29.72603029999999],[-95.26568040000001,29.726026999999988],[-95.26570400000003,29.726019699999995],[-95.2657125,29.72604080000002],[-95.26571619999999,29.726049999999987],[-95.26571949999999,29.72605809999999],[-95.26572579999998,29.726073799999995],[-95.26573159999998,29.726088000000004],[-95.26573680000001,29.72610100000003],[-95.26575530000002,29.726147000000026],[-95.26579659999999,29.726249399999972],[-95.26580580000001,29.726246500000002],[-95.26616860000001,29.726130300000023],[-95.26625949999999,29.725973699999997],[-95.26635399999998,29.725962600000003],[-95.26645559999997,29.7259507],[-95.26649420000001,29.725948000000017],[-95.26650910000001,29.72594700000002],[-95.26675310000002,29.725930199999993],[-95.26685090000001,29.72592350000002],[-95.26689529999999,29.725920400000007],[-95.26691140000003,29.725811799999974],[-95.2669181,29.72576670000001],[-95.2669282,29.7256984],[-95.26693360000002,29.725662],[-95.26693649999999,29.725642600000015],[-95.26698920000001,29.725647100000003],[-95.26704339999998,29.725651599999992],[-95.26709590000002,29.72565609999998],[-95.26837310000002,29.72576379999998],[-95.27062769999998,29.725956199999985],[-95.27127510000003,29.726234599999998],[-95.27161189999998,29.726379500000007],[-95.2720382,29.726562399999978],[-95.27233330000001,29.72668900000002],[-95.27246029999998,29.726810999999998],[-95.27266100000003,29.727003799999977],[-95.27280339999999,29.727140599999984],[-95.27296209999997,29.72729270000002],[-95.2732613,29.727579600000013],[-95.27367299999997,29.727975800000024],[-95.2742599,29.728536299999973],[-95.2744705,29.728737500000022],[-95.27463230000001,29.728891799999985],[-95.2748828,29.729130699999985],[-95.27516789999999,29.7300209],[-95.27529140000001,29.730406700000003],[-95.2757254,29.731762100000026],[-95.27604630000002,29.7327535],[-95.2764118,29.73389709999998],[-95.27655090000002,29.7341816],[-95.27658079999998,29.734242499999993],[-95.2767986,29.734685800000022],[-95.27722649999998,29.735556799999983],[-95.27754010000001,29.73619530000002],[-95.2785131,29.738181699999984],[-95.2788544,29.73887830000001],[-95.27924050000001,29.7396665],[-95.27939099999998,29.739967799999988],[-95.27983799999998,29.740454199999988],[-95.28045259999999,29.741122500000017],[-95.28051340000002,29.741188599999987],[-95.28070489999999,29.741396699999996],[-95.28260189999997,29.74345790000001],[-95.28288170000002,29.74376189999998],[-95.28395389999997,29.744932000000006],[-95.2839932,29.744987400000014],[-95.28403639999999,29.74506100000002],[-95.2856061,29.747736299999985],[-95.2857457,29.747972300000015],[-95.28592520000001,29.748275700000022],[-95.28691179999998,29.74994320000002],[-95.28750250000002,29.75094680000001],[-95.28754850000001,29.751024900000004],[-95.28758190000002,29.751068599999996],[-95.28769699999998,29.751172999999994],[-95.28776850000003,29.751216699999986],[-95.28785549999998,29.751260000000002],[-95.28793680000001,29.751302899999985],[-95.2885804,29.751624900000024],[-95.2887657,29.75172520000001],[-95.28915690000002,29.751938300000006],[-95.28922269999998,29.7519724],[-95.28924560000002,29.751984300000004],[-95.28926589999998,29.751994799999977],[-95.28927199999998,29.751998000000015],[-95.28930459999998,29.752014900000006],[-95.289331,29.752028600000017],[-95.28935669999998,29.752041899999995],[-95.28939759999997,29.752063099999987],[-95.28942189999998,29.752075699999978],[-95.2894867,29.752109299999972],[-95.2895206,29.752126900000007],[-95.28972959999999,29.752091399999983],[-95.28975930000001,29.752106700000013],[-95.29007840000003,29.7522735],[-95.29010340000002,29.75216949999998],[-95.2901114,29.752136300000018],[-95.29012089999998,29.752096900000026],[-95.29012110000002,29.752096100000017],[-95.29012970000002,29.752066500000012],[-95.2901324,29.752057400000012],[-95.29013950000001,29.752033100000006],[-95.29014719999998,29.752006199999983],[-95.29015479999998,29.75198019999999],[-95.29015779999997,29.751969799999983],[-95.2901685,29.751932899999986],[-95.29035390000001,29.751294700000017],[-95.29037060000002,29.751237600000024],[-95.29054350000001,29.750645799999972],[-95.29066640000002,29.75022530000001],[-95.29073690000001,29.749983999999984],[-95.29089390000001,29.749446499999976],[-95.29093260000002,29.74931429999998],[-95.29094880000002,29.749258699999984],[-95.29098779999998,29.749125400000025],[-95.29099230000003,29.749109900000008],[-95.29103309999999,29.749092200000007],[-95.29108159999998,29.749106299999994],[-95.29113260000003,29.749121100000025],[-95.29116069999998,29.749129299999993],[-95.29121049999998,29.749143800000013],[-95.29123570000002,29.749151100000006],[-95.29137500000002,29.749191600000017],[-95.29140430000001,29.749054],[-95.29143119999998,29.74895029999999],[-95.29146909999997,29.748884999999973],[-95.29147169999999,29.748880600000007],[-95.29156169999999,29.74877600000002],[-95.29168370000002,29.748746299999993],[-95.29175559999999,29.7487443],[-95.2918674,29.748719600000015],[-95.29201590000002,29.74864530000002],[-95.29203539999997,29.748635499999978],[-95.2920259,29.74862139999999],[-95.29201,29.748597599999982],[-95.29237940000002,29.748404499999992],[-95.29239630000001,29.748425800000007],[-95.29240720000001,29.748439399999995],[-95.29243300000002,29.748426300000006],[-95.2925444,29.7483699],[-95.29266109999998,29.74831310000002],[-95.29271340000003,29.748268600000017],[-95.2927464,29.748244399999976],[-95.29280039999998,29.748204799999996],[-95.29290789999999,29.748119400000007],[-95.29296470000003,29.748077500000022],[-95.29309380000001,29.747997499999997],[-95.29313000000002,29.74797380000001],[-95.29325979999999,29.747886900000026],[-95.2933248,29.747854399999994],[-95.29345640000003,29.74781660000002],[-95.29353129999998,29.747789399999988],[-95.29364779999997,29.747748399999978],[-95.2937475,29.747748399999978],[-95.29386410000001,29.74772109999998],[-95.2939447,29.747697000000016],[-95.2940132,29.747695899999997],[-95.29417669999998,29.747695899999997],[-95.2942319,29.747702199999992],[-95.2943353,29.747711600000002],[-95.29448200000002,29.747720000000015],[-95.29458649999998,29.74772710000002],[-95.29463829999997,29.74772919999998],[-95.294779,29.747729100000015],[-95.29488040000001,29.747689999999977],[-95.29506850000001,29.747608599999978],[-95.29516460000002,29.747593900000027],[-95.295274,29.747591699999987],[-95.29544349999998,29.74761890000002],[-95.29552039999999,29.747627299999976],[-95.29561769999998,29.747647299999983],[-95.29576630000003,29.747683499999994],[-95.2958279,29.747701699999993],[-95.29588469999999,29.74771199999998],[-95.2959467,29.74774769999999],[-95.29599289999999,29.747783500000025],[-95.29601919999999,29.747808700000007],[-95.29605479999998,29.74784299999999],[-95.29611360000001,29.747945700000002],[-95.2961267,29.748030400000005],[-95.2961386,29.748107300000015],[-95.2961302,29.748168700000008],[-95.2961229,29.74824480000001],[-95.2960966,29.748372099999983],[-95.29607040000002,29.748489399999983],[-95.29603780000002,29.748587499999985],[-95.29600420000003,29.748646199999996],[-95.29599580000001,29.748660799999982],[-95.29597109999997,29.748727700000018],[-95.29596079999999,29.74875559999998],[-95.2958921,29.748904700000026],[-95.29581400000001,29.749009600000022],[-95.29574450000001,29.74912180000001],[-95.2956964,29.749240999999984],[-95.29561869999998,29.749368100000027],[-95.29558170000001,29.749394999999993],[-95.29547280000003,29.749474099999986],[-95.29531050000003,29.749606400000005],[-95.2950937,29.749761799999987],[-95.29491589999998,29.749957199999983],[-95.29475120000001,29.7501671],[-95.29460769999997,29.750380399999983],[-95.29448180000003,29.750619299999983],[-95.29442560000001,29.750757099999987],[-95.29442449999999,29.750897699999996],[-95.29441789999998,29.751164000000017],[-95.29444319999999,29.751344800000027],[-95.29448489999999,29.7514994],[-95.2945507,29.751598100000024],[-95.2946928,29.751763900000014],[-95.29475739999998,29.75184630000001],[-95.29485499999998,29.751970700000015],[-95.29486020000002,29.751977399999987],[-95.29500639999998,29.7521438],[-95.29508099999998,29.75222880000001],[-95.29512570000003,29.752279699999974],[-95.29528649999997,29.752454399999976],[-95.2953865,29.75256539999998],[-95.29546060000001,29.752654800000016],[-95.2954613,29.75265539999998],[-95.29547589999999,29.75266959999999],[-95.29562959999998,29.7528183],[-95.29572259999998,29.75290510000002],[-95.29588840000002,29.75304440000002],[-95.29637730000002,29.7535082],[-95.29646639999999,29.753582300000005],[-95.2965347,29.7537016],[-95.29656449999999,29.753744900000015],[-95.2965858,29.753806699999984],[-95.2966045,29.753878299999997],[-95.29665790000001,29.753956300000027],[-95.2966629,29.754090700000006],[-95.2967175,29.75414699999999],[-95.2967736,29.754140399999983],[-95.29680139999999,29.754136500000016],[-95.29684170000002,29.754130799999984],[-95.29688370000002,29.754140099999972],[-95.296895,29.754142600000023],[-95.296896,29.75414280000001],[-95.29690620000002,29.754145300000005],[-95.29694419999998,29.754154299999982],[-95.29697420000002,29.75420170000001],[-95.2970163,29.75426809999999],[-95.29702250000003,29.75427780000001],[-95.2970297,29.754289299999982],[-95.29704199999998,29.754308700000024],[-95.297076,29.75436239999999],[-95.297145,29.754431599999975],[-95.29722709999999,29.754479300000014],[-95.29728740000002,29.754507100000012],[-95.29738309999999,29.754542700000002],[-95.29743789999998,29.754548399999976],[-95.29748339999998,29.754542200000003],[-95.29757799999999,29.754517099999987],[-95.29762849999997,29.754516799999976],[-95.29770710000003,29.754516200000012],[-95.2977846,29.754518800000028],[-95.2978354,29.754526199999987],[-95.29788509999997,29.7545614],[-95.29788739999998,29.754565800000023],[-95.29791519999998,29.75461899999999],[-95.29794270000002,29.754639300000008],[-95.29802460000002,29.754663800000003],[-95.29810509999999,29.754659600000025],[-95.29817930000002,29.754659199999992],[-95.29825870000002,29.75464199999999],[-95.29830600000003,29.754627000000028],[-95.29835939999998,29.754599400000018],[-95.298426,29.75457030000001],[-95.2984596,29.754541399999994],[-95.2985132,29.7544944],[-95.29860120000001,29.75452710000002],[-95.2986171,29.75456730000002],[-95.2986477,29.754633599999977],[-95.2987622,29.754612599999973],[-95.29878769999999,29.754608299999973],[-95.2988952,29.754590099999973],[-95.29919690000003,29.754338399999995],[-95.2991778,29.754300100000023],[-95.29916270000001,29.754204800000025],[-95.29919369999999,29.75410820000002],[-95.2992375,29.75402220000001],[-95.29936149999997,29.7539041],[-95.29949069999998,29.753738699999985],[-95.29954809999998,29.75367080000001],[-95.29961809999998,29.75358779999999],[-95.2996339,29.753575599999976],[-95.29971410000002,29.75351360000002],[-95.2997972,29.75342519999998],[-95.29987729999999,29.75338210000001],[-95.2999216,29.753321500000027],[-95.29999750000002,29.75325140000001],[-95.30007319999999,29.753229999999974],[-95.3001797,29.753220199999987],[-95.30023949999998,29.75314370000001],[-95.30060120000002,29.75308560000002],[-95.30065059999998,29.7530797],[-95.30079599999999,29.75306230000001],[-95.30085250000002,29.753055599999982],[-95.30088260000002,29.753052000000025],[-95.30094109999999,29.753044999999986],[-95.30109570000002,29.753109300000006],[-95.30116190000001,29.753136900000015],[-95.30123370000001,29.75316670000001],[-95.3013727,29.75322460000001],[-95.3014973,29.753276400000004],[-95.3016695,29.753352699999994],[-95.30168259999999,29.75336090000002],[-95.30203610000001,29.753580199999988],[-95.30231659999998,29.753941499999996],[-95.30230019999999,29.753978800000027],[-95.3023657,29.75402489999999],[-95.30246949999997,29.754135899999994],[-95.30265739999999,29.75423760000001],[-95.30272780000001,29.754292599999985],[-95.30282540000002,29.754392399999972],[-95.3028569,29.75444920000001],[-95.30293990000001,29.754636100000027],[-95.3029871,29.754707600000017],[-95.30301229999998,29.7547232],[-95.30328370000001,29.75486760000001],[-95.30330800000002,29.754880500000013],[-95.30331910000001,29.754899299999977],[-95.3036578,29.755468399999984],[-95.3037989,29.755630300000007],[-95.30402459999999,29.755877999999996],[-95.30439339999998,29.75604800000002],[-95.3046296,29.75614680000001],[-95.30476149999998,29.756182299999978],[-95.3048293,29.756200499999977],[-95.30503950000002,29.756207399999994],[-95.30526049999997,29.756226500000025],[-95.30540880000001,29.756219299999998],[-95.3054649,29.756234800000016],[-95.30561390000003,29.756210399999986],[-95.30566820000001,29.756200799999988],[-95.30578020000002,29.75618300000002],[-95.30582679999998,29.756120899999985],[-95.3058835,29.756104100000016],[-95.30592810000002,29.756111799999985],[-95.30600579999998,29.756026599999984],[-95.3061037,29.755995900000016],[-95.3061988,29.755927799999995],[-95.30628569999999,29.75584980000002],[-95.30631840000001,29.75580789999998],[-95.30640540000002,29.75575859999998],[-95.30645140000001,29.755733899999996],[-95.3065679,29.755651399999977],[-95.30676410000001,29.7555347],[-95.30693730000002,29.755419500000016],[-95.30700380000002,29.75538610000001],[-95.30704409999998,29.755376599999977],[-95.3071238,29.755331599999977],[-95.3071797,29.755309699999998],[-95.30736100000001,29.75526400000001],[-95.30742559999999,29.755230200000028],[-95.3075407,29.75519079999998],[-95.30757510000001,29.755158999999992],[-95.30763919999998,29.755147000000022],[-95.30780390000001,29.755123400000002],[-95.30786810000001,29.755101500000023],[-95.3079553,29.75508739999998],[-95.30801459999998,29.75507779999998],[-95.3081234,29.755072900000016],[-95.30825190000002,29.7550708],[-95.30849089999998,29.755068199999982],[-95.30861349999998,29.755046800000002],[-95.3087198,29.755052799999987],[-95.3088353,29.755063699999994],[-95.30908749999998,29.755065300000012],[-95.3091599,29.755057799999975],[-95.3092345,29.75508430000002],[-95.30931140000001,29.755084099999976],[-95.30937970000002,29.755091400000026],[-95.30945109999999,29.755093199999976],[-95.30954880000002,29.7551024],[-95.30967479999998,29.755129899999986],[-95.30976930000003,29.755149099999983],[-95.30987640000001,29.755176600000027],[-95.31002339999998,29.755230600000004],[-95.3101431,29.75526719999999],[-95.31021659999999,29.755285500000014],[-95.3103006,29.755313],[-95.31050010000001,29.75536249999999],[-95.31062609999998,29.755389999999977],[-95.3107015,29.755411900000013],[-95.31080350000002,29.755429600000014],[-95.31084870000001,29.755433299999993],[-95.3109159,29.755440599999986],[-95.31098200000002,29.755447000000004],[-95.3110608,29.755449699999986],[-95.31110280000001,29.755454299999997],[-95.31115110000002,29.755458900000008],[-95.31128740000003,29.755496499999992],[-95.31137669999998,29.755532200000005],[-95.3114827,29.755573400000003],[-95.31161200000003,29.755619200000012],[-95.311759,29.755660499999976],[-95.31186400000001,29.75568800000002],[-95.3119848,29.755724600000008],[-95.31210979999997,29.755764],[-95.31213179999997,29.755770400000017],[-95.3123817,29.755851000000007],[-95.31245940000002,29.75586850000002],[-95.31260639999999,29.755889500000023],[-95.31265810000002,29.755897000000004],[-95.31270219999999,29.75589880000001],[-95.3127662,29.755906100000004],[-95.31289959999998,29.755903400000022],[-95.31300449999998,29.755915300000026],[-95.31309060000001,29.755917099999976],[-95.31314730000003,29.755921699999988],[-95.31324919999997,29.75594000000001],[-95.31338249999999,29.755956500000025],[-95.31346860000002,29.755956500000025],[-95.31358619999997,29.75594000000001],[-95.31368070000002,29.75592979999999],[-95.31378469999999,29.755927999999983],[-95.31386659999998,29.75592069999999],[-95.31393800000001,29.75591609999998],[-95.31419199999999,29.755906900000014],[-95.3143306,29.75588399999998],[-95.31439360000002,29.75579879999998],[-95.31442399999997,29.75572920000002],[-95.3144428,29.755680600000005],[-95.3144671,29.7556467],[-95.31450910000001,29.75565039999998],[-95.31461300000001,29.755697999999995],[-95.3147181,29.755712700000004],[-95.31478420000002,29.75570540000001],[-95.314884,29.755687000000023],[-95.31499000000002,29.755655900000022],[-95.31510659999998,29.75560919999998],[-95.31530500000002,29.75552670000002],[-95.31535650000001,29.75551109999998],[-95.31540580000001,29.755491000000006],[-95.31552449999998,29.755456200000026],[-95.31561269999997,29.755425899999977],[-95.31573129999998,29.755388400000015],[-95.3159445,29.75534349999998],[-95.3160537,29.755319600000007],[-95.31616500000001,29.75530040000001],[-95.31627209999999,29.75528300000002],[-95.31634350000002,29.755273799999998],[-95.3164107,29.755269199999987],[-95.31650839999998,29.755264699999998],[-95.31659760000002,29.755262800000025],[-95.31668159999998,29.755247300000008],[-95.31672680000003,29.75525090000002],[-95.31684230000002,29.75525090000002],[-95.3169704,29.7552326],[-95.31709319999999,29.75524630000001],[-95.31721820000001,29.755269199999987],[-95.3172927,29.75528300000002],[-95.31741870000002,29.755301299999985],[-95.31753420000001,29.755310500000007],[-95.31772319999999,29.755351700000006],[-95.31781769999998,29.755370000000028],[-95.3178608,29.755379199999993],[-95.317928,29.755397500000015],[-95.31799940000002,29.755414900000005],[-95.31811069999998,29.755434200000025],[-95.31815899999998,29.755443300000024],[-95.31819990000002,29.75545519999997],[-95.3183942,29.75550290000001],[-95.31851080000001,29.755530399999998],[-95.318579,29.75554870000002],[-95.3186599,29.755574299999978],[-95.3188111,29.755669599999976],[-95.31885199999999,29.75569250000001],[-95.31890349999998,29.755724600000008],[-95.31905119999999,29.755827099999976],[-95.3190897,29.755853100000024],[-95.31913409999999,29.755885499999977],[-95.3192391,29.75595579999998],[-95.31928370000003,29.7559794],[-95.31937319999997,29.756026799999972],[-95.31961749999999,29.75615429999999],[-95.31986360000002,29.75630130000002],[-95.32002849999998,29.7564213],[-95.32007929999997,29.756458199999997],[-95.32014320000002,29.756501300000025],[-95.3201436,29.75650159999998],[-95.3202331,29.756568000000016],[-95.32032170000002,29.756622100000016],[-95.32046480000002,29.7567042],[-95.32059909999998,29.756770899999992],[-95.32067389999997,29.756808200000023],[-95.32071539999998,29.756822],[-95.32080730000001,29.75686810000002],[-95.32094219999999,29.75693050000001],[-95.32110110000002,29.75698749999998],[-95.321214,29.757012099999997],[-95.32131279999999,29.75702289999998],[-95.32136550000001,29.75702769999998],[-95.32141339999998,29.757032100000004],[-95.321528,29.757064300000025],[-95.32168519999999,29.757124499999975],[-95.32185290000001,29.757198500000015],[-95.3219747,29.757249300000012],[-95.32210880000002,29.757309299999974],[-95.32217939999998,29.757352400000002],[-95.32225199999999,29.75740860000002],[-95.3222993,29.757441599999993],[-95.32236230000001,29.757472699999994],[-95.32245669999998,29.757518199999993],[-95.32259749999997,29.75758730000001],[-95.32267100000001,29.75764129999999],[-95.32272139999998,29.757670599999983],[-95.32282220000002,29.757724699999983],[-95.322902,29.757771400000024],[-95.32295970000001,29.75780709999998],[-95.32301749999999,29.7578484],[-95.32306790000001,29.757884100000012],[-95.32315399999999,29.757950100000016],[-95.3232117,29.757999499999983],[-95.32327659999999,29.758050200000014],[-95.32330100000001,29.758069200000023],[-95.32342699999998,29.758160799999985],[-95.32346159999997,29.7581864],[-95.32350680000002,29.75822679999999],[-95.32354040000001,29.758259699999996],[-95.3236202,29.758356900000024],[-95.32367690000001,29.758441100000027],[-95.32374290000001,29.758504000000016],[-95.3237944,29.758520999999973],[-95.32386639999999,29.758544700000016],[-95.32387499999999,29.75854750000002],[-95.32387929999999,29.75855489999998],[-95.3239221,29.75862860000001],[-95.32401010000001,29.758758399999977],[-95.32408020000003,29.7588619],[-95.32410549999997,29.758892000000003],[-95.32422789999998,29.7590232],[-95.32432840000001,29.759130900000002],[-95.32448219999998,29.759310099999993],[-95.32461360000002,29.759463100000005],[-95.32461460000002,29.75946429999999],[-95.32462550000002,29.759476000000006],[-95.32474589999998,29.75960550000002],[-95.32480930000003,29.759677599999975],[-95.32481940000002,29.75968899999998],[-95.32488690000002,29.759765700000003],[-95.32491399999998,29.759795800000006],[-95.32494759999997,29.75983309999998],[-95.32499999999999,29.759884899999975],[-95.32499999999999,29.759971399999984],[-95.32499999999999,29.760196099999973],[-95.32499999999999,29.761257],[-95.32499999999999,29.7638508],[-95.32499999999999,29.774999999999977],[-95.25,29.774999999999977],[-95.25,29.72353099999998],[-95.25,29.7234689],[-95.25003700000002,29.723469000000023]]]}},{"type":"Feature","properties":{},"geometry":{"type":"Polygon","coordinates":[[[-95.25658279999999,29.72765529999998],[-95.25663500000002,29.727666499999998],[-95.25664569999998,29.727668800000004],[-95.25663120000002,29.727729599999975],[-95.256619,29.727727300000026],[-95.25653519999997,29.72771160000002],[-95.25652730000002,29.727704200000005],[-95.2565075,29.727685899999983],[-95.25650910000002,29.727681200000006],[-95.2565224,29.727642300000014],[-95.25658279999999,29.72765529999998]]]}},{"type":"Feature","properties":{},"geometry":{"type":"Polygon","coordinates":[[[-95.21124739999999,29.740006400000027],[-95.21124739999999,29.740068000000008],[-95.21116599999999,29.740070300000014],[-95.21119809999999,29.73998929999999],[-95.21124739999999,29.740006400000027]]]}},{"type":"Feature","properties":{},"geometry":{"type":"Polygon","coordinates":[[[-95.22437869999999,29.72802250000001],[-95.22438920000002,29.728082099999995],[-95.2243315,29.728082099999995],[-95.2243315,29.72802250000001],[-95.22437869999999,29.72802250000001]]]}},{"type":"Feature","properties":{},"geometry":{"type":"Polygon","coordinates":[[[-95.20521550000001,29.734432400000003],[-95.20521939999998,29.734459500000014],[-95.2051922,29.734477700000014],[-95.2051798,29.734486000000004],[-95.20513729999999,29.734474299999988],[-95.20512439999999,29.734431099999995],[-95.2051639,29.734400600000015],[-95.20521380000002,29.73442060000002],[-95.20521550000001,29.734432400000003]]]}},{"type":"Feature","properties":{},"geometry":{"type":"Polygon","coordinates":[[[-95.20559120000001,29.733786899999984],[-95.2055833,29.733828300000027],[-95.2055358,29.733849399999997],[-95.20549210000001,29.73381440000003],[-95.20550309999999,29.733773199999973],[-95.20555409999997,29.733761200000004],[-95.20559120000001,29.733786899999984]]]}},{"type":"Feature","properties":{},"geometry":{"type":"Polygon","coordinates":[[[-95.23955239999998,29.721138399999973],[-95.23956429999998,29.721160399999974],[-95.23958349999998,29.721195899999998],[-95.23950539999998,29.72122330000002],[-95.23948209999998,29.721182499999998],[-95.23947290000001,29.721166400000016],[-95.23947179999999,29.72116440000002],[-95.23946560000002,29.721153500000014],[-95.23949299999998,29.721142600000007],[-95.23954370000001,29.72112229999999],[-95.23955239999998,29.721138399999973]]]}},{"type":"Feature","properties":{},"geometry":{"type":"Polygon","coordinates":[[[-95.24025490000002,29.72086489999998],[-95.24025769999997,29.720871199999976],[-95.24025769999997,29.72087140000002],[-95.24026780000003,29.720894199999975],[-95.24027810000001,29.72091740000002],[-95.24028520000002,29.720933600000023],[-95.24021599999998,29.72095999999999],[-95.24019829999997,29.72092459999999],[-95.24018269999999,29.720893199999978],[-95.24017980000002,29.72088739999998],[-95.24025390000003,29.720862699999998],[-95.24025490000002,29.72086489999998]]]}},{"type":"Feature","properties":{},"geometry":{"type":"Polygon","coordinates":[[[-95.20484149999999,29.738377200000002],[-95.20484900000002,29.73842430000002],[-95.204836,29.73844539999999],[-95.20481849999999,29.738473699999986],[-95.2047804,29.738491399999987],[-95.20473279999999,29.73849039999999],[-95.20469070000001,29.738466200000005],[-95.2046674,29.738430300000005],[-95.20467050000002,29.738389199999972],[-95.20469430000003,29.738359100000025],[-95.20473340000001,29.738336199999992],[-95.20477699999998,29.738335000000006],[-95.20484149999999,29.738377200000002]]]}},{"type":"Feature","properties":{},"geometry":{"type":"Polygon","coordinates":[[[-95.2188112,29.723502999999994],[-95.2188385,29.723511099999996],[-95.21883830000002,29.72354949999999],[-95.21872430000002,29.723544600000025],[-95.21872380000002,29.723544600000025],[-95.21872389999999,29.7235187],[-95.21872400000001,29.72350849999998],[-95.21874500000001,29.723502399999973],[-95.21877740000002,29.72349300000002],[-95.2188112,29.723502999999994]]]}},{"type":"Feature","properties":{},"geometry":{"type":"Polygon","coordinates":[[[-95.24897340000001,29.720430599999986],[-95.24903119999999,29.720350199999984],[-95.24895090000001,29.720273099999986],[-95.24877729999997,29.720088599999997],[-95.24871460000003,29.720027000000016],[-95.24846000000002,29.719844599999988],[-95.248424,29.71989530000002],[-95.24842289999998,29.719896800000015],[-95.24824050000001,29.71980339999999],[-95.2480893,29.7197678],[-95.2480137,29.71971530000002],[-95.24798129999999,29.719771400000013],[-95.24793870000002,29.71974929999999],[-95.2479174,29.71978100000001],[-95.2478812,29.719834900000023],[-95.24786970000002,29.719852000000003],[-95.24785400000002,29.719875399999978],[-95.24784540000002,29.71988829999998],[-95.2478352,29.71990340000002],[-95.24782399999998,29.719920100000024],[-95.24781999999999,29.719925999999987],[-95.24781680000001,29.719930799999986],[-95.24780420000002,29.719949600000007],[-95.2477743,29.7199349],[-95.24772150000001,29.719908900000007],[-95.2470242,29.719565199999977],[-95.24660519999998,29.71935689999998],[-95.24657539999998,29.719342100000006],[-95.24580220000001,29.718958799999996],[-95.2450086,29.71856630000002],[-95.24443559999997,29.71828290000002],[-95.24395399999997,29.718044700000007],[-95.24374920000002,29.717943400000024],[-95.24369009999998,29.717914199999996],[-95.24371530000002,29.717893500000002],[-95.24372440000002,29.71788600000002],[-95.24373589999999,29.717877299999998],[-95.24376280000001,29.717857100000003],[-95.24380660000003,29.717824099999973],[-95.24384980000002,29.71784550000001],[-95.24398539999999,29.7179127],[-95.24401030000001,29.717805199999987],[-95.2440762,29.717723499999977],[-95.24408240000002,29.717715800000008],[-95.24412369999999,29.717667600000027],[-95.24418880000002,29.717591700000014],[-95.2443634,29.71743220000002],[-95.24447400000003,29.71737890000003],[-95.24450089999999,29.717363200000023],[-95.2445444,29.71733210000002],[-95.24470509999998,29.71720540000001],[-95.2447444,29.717149399999983],[-95.2447813,29.71707939999999],[-95.24497029999998,29.716950800000006],[-95.2451006,29.716860899999972],[-95.2459771,29.71625640000002],[-95.24601760000002,29.71622830000001],[-95.246603,29.715821600000027],[-95.2470356,29.715521000000024],[-95.24716439999997,29.715356299999996],[-95.2472732,29.715217199999984],[-95.24744299999998,29.71500020000002],[-95.2475829,29.714821299999983],[-95.24783680000002,29.714497999999992],[-95.2478954,29.714423399999987],[-95.24817860000002,29.7140627],[-95.2483082,29.713897700000018],[-95.24838199999999,29.713842899999975],[-95.2485082,29.71371069999998],[-95.24865469999997,29.713598400000024],[-95.2488247,29.713503000000003],[-95.24907710000002,29.713386000000014],[-95.24931420000001,29.71332990000002],[-95.24939260000002,29.71332460000002],[-95.24948280000001,29.71331839999999],[-95.24963159999999,29.713307199999974],[-95.2498271,29.7133154],[-95.2499699,29.713330299999996],[-95.25,29.713353100000006],[-95.25,29.716447000000016],[-95.25,29.717722200000026],[-95.25,29.720927099999983],[-95.24997530000002,29.720896900000014],[-95.24992370000001,29.72084050000001],[-95.2498855,29.720813299999975],[-95.24973540000002,29.7207176],[-95.24960850000002,29.720663100000024],[-95.2494352,29.72058229999999],[-95.24920580000003,29.720456300000023],[-95.24915429999999,29.720528],[-95.24897340000001,29.720430599999986]]]}},{"type":"Feature","properties":{},"geometry":{"type":"Polygon","coordinates":[[[-95.16609640000001,29.75349060000002],[-95.16614249999998,29.753465699999992],[-95.16618240000003,29.75352170000002],[-95.16614770000001,29.753582199999983],[-95.16608689999998,29.753537199999982],[-95.16609640000001,29.75349060000002]]]}},{"type":"Feature","properties":{},"geometry":{"type":"Polygon","coordinates":[[[-95.16682809999998,29.752938400000005],[-95.16682960000003,29.752952100000016],[-95.16673200000002,29.753008000000023],[-95.16667319999999,29.752990699999998],[-95.16667210000003,29.75296780000002],[-95.16667109999997,29.752946699999995],[-95.1668244,29.752904399999977],[-95.16682809999998,29.752938400000005]]]}},{"type":"Feature","properties":{},"geometry":{"type":"Polygon","coordinates":[[[-95.17500000000001,29.774999999999977],[-95.17500000000001,29.850000000000023],[-95.14500000000001,29.850000000000023],[-95.14500000000001,29.774999999999977],[-95.17500000000001,29.774999999999977]]]}}]}