{"type":"FeatureCollection","features":[{"type":"Feature","properties":{},"geometry":{"type":"Polygon","coordinates":[[[-89.54836030000001,28.725000000000023],[-89.55000000000001,28.725000000000023],[-89.55000000000001,28.732658800000024],[-89.55000000000001,28.733338600000025],[-89.55000000000001,28.73377449999998],[-89.55000000000001,28.734616000000017],[-89.55000000000001,28.75549380000001],[-89.55000000000001,28.755681299999992],[-89.55000000000001,28.756126600000016],[-89.55000000000001,28.761683199999993],[-89.55000000000001,28.76654689999998],[-89.55000000000001,28.766892999999982],[-89.55000000000001,28.770393599999977],[-89.55000000000001,28.780855700000018],[-89.55000000000001,28.80000000000001],[-89.48141850000002,28.80000000000001],[-89.4774051,28.80000000000001],[-89.47500000000002,28.80000000000001],[-89.47500000000002,28.799583299999995],[-89.47500000000002,28.753285600000027],[-89.47500000000002,28.752679399999977],[-89.47500000000002,28.752665400000012],[-89.47500000000002,28.75254819999998],[-89.47500000000002,28.752440700000022],[-89.47500000000002,28.751763200000028],[-89.47500000000002,28.738723800000002],[-89.47500000000002,28.728836],[-89.47500000000002,28.725000000000023],[-89.48463290000001,28.725000000000023],[-89.49094489999999,28.725000000000023],[-89.4922972,28.725000000000023],[-89.49251520000001,28.725000000000023],[-89.49252530000001,28.725000000000023],[-89.49358640000003,28.725000000000023],[-89.49972220000001,28.725000000000023],[-89.5123175,28.725000000000023],[-89.51427319999999,28.725000000000023],[-89.5143195,28.725000000000023],[-89.52092579999999,28.725000000000023],[-89.5213134,28.725000000000023],[-89.52921459999999,28.725000000000023],[-89.52978339999999,28.725000000000023],[-89.53036320000001,28.725000000000023],[-89.53064069999999,28.725000000000023],[-89.53217000000001,28.725000000000023],[-89.54836030000001,28.725000000000023]]]}},{"type":"Feature","properties":{},"geometry":{"type":"Polygon","coordinates":[[[-89.46682349999998,28.725000000000023],[-89.47500000000002,28.725000000000023],[-89.47500000000002,28.728836],[-89.47500000000002,28.738723800000002],[-89.47500000000002,28.748349500000018],[-89.47500000000002,28.751763200000028],[-89.47500000000002,28.752440700000022],[-89.47500000000002,28.75254819999998],[-89.47500000000002,28.752665400000012],[-89.47500000000002,28.752679399999977],[-89.47500000000002,28.753285600000027],[-89.47500000000002,28.799583299999995],[-89.47500000000002,28.80000000000001],[-89.47454060000001,28.80000000000001],[-89.43089420000001,28.80000000000001],[-89.4165208,28.80000000000001],[-89.41469009999997,28.80000000000001],[-89.40396399999997,28.80000000000001],[-89.39999999999998,28.80000000000001],[-89.39999999999998,28.794358999999986],[-89.39999999999998,28.762816999999984],[-89.39999999999998,28.738124099999993],[-89.39999999999998,28.731218599999977],[-89.39999999999998,28.72797559999998],[-89.39999999999998,28.726304200000015],[-89.39999999999998,28.725000000000023],[-89.43353560000003,28.725000000000023],[-89.43481109999999,28.725000000000023],[-89.43945819999999,28.725000000000023],[-89.46682349999998,28.725000000000023]]]}},{"type":"Feature","properties":{},"geometry":{"type":"Polygon","coordinates":[[[-89.39563930000003,28.725000000000023],[-89.39999999999998,28.725000000000023],[-89.39999999999998,28.726304200000015],[-89.39999999999998,28.72797559999998],[-89.39999999999998,28.731218599999977],[-89.39999999999998,28.738124099999993],[-89.39999999999998,28.762816999999984],[-89.39999999999998,28.794358999999986],[-89.39999999999998,28.80000000000001],[-89.39207879999998,28.80000000000001],[-89.32499999999999,28.80000000000001],[-89.32499999999999,28.777257200000008],[-89.32499999999999,28.766892999999982],[-89.32499999999999,28.738456799999994],[-89.32499999999999,28.7267195],[-89.32499999999999,28.72591779999999],[-89.32499999999999,28.725000000000023],[-89.32715180000002,28.725000000000023],[-89.32903169999997,28.725000000000023],[-89.33939800000002,28.725000000000023],[-89.3400317,28.725000000000023],[-89.34880370000002,28.725000000000023],[-89.39559200000002,28.725000000000023],[-89.39563930000003,28.725000000000023]]]}},{"type":"Feature","properties":{},"geometry":{"type":"Polygon","coordinates":[[[-89.48141850000002,28.80000000000001],[-89.55000000000001,28.80000000000001],[-89.55000000000001,28.82549160000002],[-89.55000000000001,28.827349099999992],[-89.55000000000001,28.827606899999978],[-89.55000000000001,28.82831809999999],[-89.55000000000001,28.85615710000002],[-89.55000000000001,28.85708390000002],[-89.55000000000001,28.875],[-89.53874430000002,28.875],[-89.53834699999999,28.875],[-89.53340100000003,28.875],[-89.5230373,28.875],[-89.48849330000002,28.875],[-89.48518150000001,28.875],[-89.48502810000002,28.875],[-89.48501750000003,28.875],[-89.47808379999998,28.875],[-89.47695329999999,28.875],[-89.47574229999998,28.875],[-89.47500000000002,28.875],[-89.47500000000002,28.874549300000012],[-89.47500000000002,28.873245699999984],[-89.47500000000002,28.872259699999972],[-89.47500000000002,28.870953499999985],[-89.47500000000002,28.865262700000017],[-89.47500000000002,28.865159100000028],[-89.47500000000002,28.864928599999985],[-89.47500000000002,28.842498200000023],[-89.47500000000002,28.842392399999994],[-89.47500000000002,28.807191199999977],[-89.47500000000002,28.80000000000001],[-89.4774051,28.80000000000001],[-89.48141850000002,28.80000000000001]]]}},{"type":"Feature","properties":{},"geometry":{"type":"Polygon","coordinates":[[[-89.47454060000001,28.80000000000001],[-89.47500000000002,28.80000000000001],[-89.47500000000002,28.807191199999977],[-89.47500000000002,28.842392399999994],[-89.47500000000002,28.842498200000023],[-89.47500000000002,28.864928599999985],[-89.47500000000002,28.865159100000028],[-89.47500000000002,28.865262700000017],[-89.47500000000002,28.870953499999985],[-89.47500000000002,28.872259699999972],[-89.47500000000002,28.873245699999984],[-89.47500000000002,28.874549300000012],[-89.47500000000002,28.875],[-89.46904080000002,28.875],[-89.46671889999999,28.875],[-89.46301640000001,28.875],[-89.46199159999998,28.875],[-89.46147050000002,28.875],[-89.45814990000002,28.875],[-89.45793500000002,28.875],[-89.45575109999999,28.875],[-89.4550696,28.875],[-89.4550266,28.875],[-89.45421449999998,28.875],[-89.4539959,28.875],[-89.45166669999998,28.875],[-89.44646669999997,28.875],[-89.4458631,28.875],[-89.43596530000002,28.875],[-89.43490800000001,28.875],[-89.43338,28.875],[-89.4301964,28.875],[-89.43016979999999,28.875],[-89.4300614,28.875],[-89.4297267,28.875],[-89.42341390000001,28.875],[-89.42026700000002,28.875],[-89.42024750000002,28.875],[-89.40255339999999,28.875],[-89.40254900000002,28.875],[-89.40227440000001,28.875],[-89.40193119999998,28.875],[-89.39999999999998,28.875],[-89.39999999999998,28.86697140000001],[-89.39999999999998,28.866371200000003],[-89.39999999999998,28.865005600000018],[-89.39999999999998,28.864713300000005],[-89.39999999999998,28.861902499999985],[-89.39999999999998,28.861081599999977],[-89.39999999999998,28.85563639999998],[-89.39999999999998,28.854684399999996],[-89.39999999999998,28.84988709999999],[-89.39999999999998,28.84471259999998],[-89.39999999999998,28.834888799999987],[-89.39999999999998,28.833933600000023],[-89.39999999999998,28.833783799999992],[-89.39999999999998,28.83034550000002],[-89.39999999999998,28.828162899999995],[-89.39999999999998,28.828057899999976],[-89.39999999999998,28.827562699999987],[-89.39999999999998,28.82685140000001],[-89.39999999999998,28.82599620000002],[-89.39999999999998,28.825710500000014],[-89.39999999999998,28.82487229999998],[-89.39999999999998,28.8247528],[-89.39999999999998,28.818484300000023],[-89.39999999999998,28.812626299999977],[-89.39999999999998,28.808792799999992],[-89.39999999999998,28.808334000000002],[-89.39999999999998,28.80680080000002],[-89.39999999999998,28.80000000000001],[-89.40396399999997,28.80000000000001],[-89.41469009999997,28.80000000000001],[-89.4165208,28.80000000000001],[-89.43089420000001,28.80000000000001],[-89.47454060000001,28.80000000000001]]]}},{"type":"Feature","properties":{},"geometry":{"type":"Polygon","coordinates":[[[-89.39207879999998,28.80000000000001],[-89.39999999999998,28.80000000000001],[-89.39999999999998,28.80680080000002],[-89.39999999999998,28.808334000000002],[-89.39999999999998,28.808792799999992],[-89.39999999999998,28.812626299999977],[-89.39999999999998,28.818484300000023],[-89.39999999999998,28.8247528],[-89.39999999999998,28.82487229999998],[-89.39999999999998,28.825710500000014],[-89.39999999999998,28.82599620000002],[-89.39999999999998,28.82685140000001],[-89.39999999999998,28.827562699999987],[-89.39999999999998,28.828057899999976],[-89.39999999999998,28.828162899999995],[-89.39999999999998,28.83034550000002],[-89.39999999999998,28.833783799999992],[-89.39999999999998,28.833933600000023],[-89.39999999999998,28.834888799999987],[-89.39999999999998,28.84471259999998],[-89.39999999999998,28.84988709999999],[-89.39999999999998,28.854684399999996],[-89.39999999999998,28.861081599999977],[-89.39999999999998,28.861902499999985],[-89.39999999999998,28.865005600000018],[-89.39999999999998,28.866371200000003],[-89.39999999999998,28.875],[-89.38235700000001,28.875],[-89.3812853,28.875],[-89.35729620000001,28.875],[-89.35581239999999,28.875],[-89.32499999999999,28.875],[-89.32499999999999,28.860466400000007],[-89.32499999999999,28.85389040000001],[-89.32499999999999,28.85236809999998],[-89.32499999999999,28.851779799999974],[-89.32499999999999,28.85173930000002],[-89.32499999999999,28.85166429999998],[-89.32499999999999,28.85007059999998],[-89.32499999999999,28.813519799999995],[-89.32499999999999,28.80000000000001],[-89.39207879999998,28.80000000000001]]]}},{"type":"Feature","properties":{},"geometry":{"type":"Polygon","coordinates":[[[-89.46678659999998,28.875],[-89.47500000000002,28.875],[-89.47500000000002,28.879113800000027],[-89.47500000000002,28.88238080000002],[-89.47500000000002,28.884799799999996],[-89.47500000000002,28.88576180000001],[-89.47500000000002,28.895678599999997],[-89.47500000000002,28.91277439999999],[-89.47500000000002,28.920061999999973],[-89.47500000000002,28.948094500000025],[-89.47500000000002,28.949386500000003],[-89.47500000000002,28.94999999999999],[-89.47467519999998,28.94999999999999],[-89.47375950000003,28.94999999999999],[-89.46329850000001,28.94999999999999],[-89.45724230000002,28.94999999999999],[-89.44893889999997,28.94999999999999],[-89.44835899999998,28.94999999999999],[-89.44168100000002,28.94999999999999],[-89.4408884,28.94999999999999],[-89.4406717,28.94999999999999],[-89.43370770000001,28.94999999999999],[-89.42804000000001,28.94999999999999],[-89.40902899999998,28.94999999999999],[-89.4089515,28.94999999999999],[-89.40812920000002,28.94999999999999],[-89.4071396,28.94999999999999],[-89.40682450000003,28.94999999999999],[-89.4063549,28.94999999999999],[-89.40634219999998,28.94999999999999],[-89.40524479999999,28.94999999999999],[-89.4022941,28.94999999999999],[-89.40222269999998,28.94999999999999],[-89.40186670000003,28.94999999999999],[-89.40106220000001,28.94999999999999],[-89.40093589999998,28.94999999999999],[-89.4008222,28.94999999999999],[-89.4007072,28.94999999999999],[-89.40065379999999,28.94999999999999],[-89.40057810000002,28.94999999999999],[-89.40053339999997,28.94999999999999],[-89.40004950000002,28.94999999999999],[-89.39999999999998,28.94999999999999],[-89.39999999999998,28.94939149999999],[-89.39999999999998,28.948392800000022],[-89.39999999999998,28.947393999999974],[-89.39999999999998,28.946395199999984],[-89.39999999999998,28.94539659999998],[-89.39999999999998,28.945231999999976],[-89.39999999999998,28.944589500000006],[-89.39999999999998,28.944325300000003],[-89.39999999999998,28.944206099999974],[-89.39999999999998,28.94419240000002],[-89.39999999999998,28.94390149999998],[-89.39999999999998,28.9436053],[-89.39999999999998,28.94328489999998],[-89.39999999999998,28.9429849],[-89.39999999999998,28.94259649999998],[-89.39999999999998,28.942153700000006],[-89.39999999999998,28.942089199999998],[-89.39999999999998,28.941887199999996],[-89.39999999999998,28.940884100000005],[-89.39999999999998,28.94072410000001],[-89.39999999999998,28.93830889999998],[-89.39999999999998,28.937736799999982],[-89.39999999999998,28.931256200000007],[-89.39999999999998,28.920927800000015],[-89.39999999999998,28.90353140000002],[-89.39999999999998,28.903317300000026],[-89.39999999999998,28.903229699999997],[-89.39999999999998,28.899984700000005],[-89.39999999999998,28.899473699999987],[-89.39999999999998,28.891666699999973],[-89.39999999999998,28.888344500000017],[-89.39999999999998,28.8822222],[-89.39999999999998,28.880990999999995],[-89.39999999999998,28.88006969999998],[-89.39999999999998,28.875],[-89.40177039999998,28.875],[-89.4020921,28.875],[-89.40254900000002,28.875],[-89.40820300000001,28.875],[-89.42024750000002,28.875],[-89.4301964,28.875],[-89.4302434,28.875],[-89.43108590000003,28.875],[-89.43275299999999,28.875],[-89.43333330000002,28.875],[-89.43338,28.875],[-89.43596530000002,28.875],[-89.43758439999999,28.875],[-89.4436609,28.875],[-89.44469199999997,28.875],[-89.44481530000002,28.875],[-89.44614589999998,28.875],[-89.44646669999997,28.875],[-89.4467874,28.875],[-89.4468928,28.875],[-89.4494626,28.875],[-89.45166669999998,28.875],[-89.45416669999997,28.875],[-89.45421449999998,28.875],[-89.4549323,28.875],[-89.45495890000001,28.875],[-89.45575109999999,28.875],[-89.45793500000002,28.875],[-89.45814990000002,28.875],[-89.45974189999998,28.875],[-89.46102100000002,28.875],[-89.46180750000002,28.875],[-89.46671889999999,28.875],[-89.46678659999998,28.875]]]}},{"type":"Feature","properties":{},"geometry":{"type":"Polygon","coordinates":[[[-89.38235700000001,28.875],[-89.39999999999998,28.875],[-89.39999999999998,28.88006969999998],[-89.39999999999998,28.880990999999995],[-89.39999999999998,28.8822222],[-89.39999999999998,28.888344500000017],[-89.39999999999998,28.891666699999973],[-89.39999999999998,28.899473699999987],[-89.39999999999998,28.899984700000005],[-89.39999999999998,28.903229699999997],[-89.39999999999998,28.903317300000026],[-89.39999999999998,28.90353140000002],[-89.39999999999998,28.920927800000015],[-89.39999999999998,28.931256200000007],[-89.39999999999998,28.937736799999982],[-89.39999999999998,28.93830889999998],[-89.39999999999998,28.94072410000001],[-89.39999999999998,28.940884100000005],[-89.39999999999998,28.941887199999996],[-89.39999999999998,28.942089199999998],[-89.39999999999998,28.942153700000006],[-89.39999999999998,28.94259649999998],[-89.39999999999998,28.9429849],[-89.39999999999998,28.94328489999998],[-89.39999999999998,28.9436053],[-89.39999999999998,28.94390149999998],[-89.39999999999998,28.94419240000002],[-89.39999999999998,28.944206099999974],[-89.39999999999998,28.944325300000003],[-89.39999999999998,28.944589500000006],[-89.39999999999998,28.945231999999976],[-89.39999999999998,28.94539659999998],[-89.39999999999998,28.946395199999984],[-89.39999999999998,28.947393999999974],[-89.39999999999998,28.948392800000022],[-89.39999999999998,28.94939149999999],[-89.39999999999998,28.94999999999999],[-89.399583,28.94999999999999],[-89.3988986,28.94999999999999],[-89.39821410000002,28.94999999999999],[-89.3975297,28.94999999999999],[-89.39684519999997,28.94999999999999],[-89.39679000000001,28.94999999999999],[-89.3963991,28.94999999999999],[-89.3959678,28.94999999999999],[-89.39581390000001,28.94999999999999],[-89.39573580000001,28.94999999999999],[-89.39562180000001,28.94999999999999],[-89.39545570000001,28.94999999999999],[-89.3953181,28.94999999999999],[-89.39515519999998,28.94999999999999],[-89.39466220000003,28.94999999999999],[-89.3940627,28.94999999999999],[-89.38850200000002,28.94999999999999],[-89.38749869999998,28.94999999999999],[-89.3869224,28.94999999999999],[-89.38521150000003,28.94999999999999],[-89.38502069999998,28.94999999999999],[-89.37590169999999,28.94999999999999],[-89.37557980000003,28.94999999999999],[-89.36510049999998,28.94999999999999],[-89.35751349999998,28.94999999999999],[-89.35713820000001,28.94999999999999],[-89.35489039999999,28.94999999999999],[-89.34759480000002,28.94999999999999],[-89.34413219999999,28.94999999999999],[-89.33677369999998,28.94999999999999],[-89.3365121,28.94999999999999],[-89.328303,28.94999999999999],[-89.32766980000002,28.94999999999999],[-89.3273891,28.94999999999999],[-89.32499999999999,28.94999999999999],[-89.32499999999999,28.945540900000026],[-89.32499999999999,28.943874199999982],[-89.32499999999999,28.933441700000003],[-89.32499999999999,28.932282999999984],[-89.32499999999999,28.926871300000016],[-89.32499999999999,28.926305300000024],[-89.32499999999999,28.918333299999972],[-89.32499999999999,28.891982799999994],[-89.32499999999999,28.875],[-89.3560276,28.875],[-89.3570833,28.875],[-89.3812853,28.875],[-89.38235700000001,28.875]]]}},{"type":"Feature","properties":{},"geometry":{"type":"Polygon","coordinates":[[[-89.47467519999998,28.94999999999999],[-89.47500000000002,28.94999999999999],[-89.47500000000002,28.95752090000002],[-89.47500000000002,28.97729659999999],[-89.47500000000002,28.991054200000008],[-89.47500000000002,28.99264820000002],[-89.47500000000002,29.012756799999977],[-89.47500000000002,29.020005200000014],[-89.47500000000002,29.021265700000015],[-89.47500000000002,29.024999999999977],[-89.46400720000003,29.024999999999977],[-89.46318769999999,29.024999999999977],[-89.45560230000001,29.024999999999977],[-89.45496680000002,29.024999999999977],[-89.45490460000002,29.024999999999977],[-89.44008400000001,29.024999999999977],[-89.4331259,29.024999999999977],[-89.42594910000003,29.024999999999977],[-89.42346609999998,29.024999999999977],[-89.4197125,29.024999999999977],[-89.4194554,29.024999999999977],[-89.41919819999998,29.024999999999977],[-89.41902240000002,29.024999999999977],[-89.41818180000001,29.024999999999977],[-89.41217940000001,29.024999999999977],[-89.40696120000001,29.024999999999977],[-89.40655129999999,29.024999999999977],[-89.4046217,29.024999999999977],[-89.39999999999998,29.024999999999977],[-89.39999999999998,29.014380899999992],[-89.39999999999998,29.0136172],[-89.39999999999998,29.00017200000002],[-89.39999999999998,28.999771199999998],[-89.39999999999998,28.99798340000001],[-89.39999999999998,28.987936400000024],[-89.39999999999998,28.983177399999988],[-89.39999999999998,28.971556700000008],[-89.39999999999998,28.971426800000017],[-89.39999999999998,28.970954300000017],[-89.39999999999998,28.970799100000022],[-89.39999999999998,28.970178499999975],[-89.39999999999998,28.97000109999999],[-89.39999999999998,28.967009299999972],[-89.39999999999998,28.96043320000001],[-89.39999999999998,28.959984899999995],[-89.39999999999998,28.9587047],[-89.39999999999998,28.958212000000003],[-89.39999999999998,28.9579746],[-89.39999999999998,28.957141700000022],[-89.39999999999998,28.956703500000003],[-89.39999999999998,28.95335749999998],[-89.39999999999998,28.952425199999993],[-89.39999999999998,28.952302499999973],[-89.39999999999998,28.952188799999988],[-89.39999999999998,28.951099],[-89.39999999999998,28.951076],[-89.39999999999998,28.951063999999974],[-89.39999999999998,28.9510224],[-89.39999999999998,28.95098330000002],[-89.39999999999998,28.95092010000002],[-89.39999999999998,28.950537499999996],[-89.39999999999998,28.950065900000027],[-89.39999999999998,28.95004110000002],[-89.39999999999998,28.94999999999999],[-89.40004950000002,28.94999999999999],[-89.40053339999997,28.94999999999999],[-89.40057810000002,28.94999999999999],[-89.40065379999999,28.94999999999999],[-89.4007072,28.94999999999999],[-89.40071449999999,28.94999999999999],[-89.4008222,28.94999999999999],[-89.40186670000003,28.94999999999999],[-89.40222269999998,28.94999999999999],[-89.4022941,28.94999999999999],[-89.40524479999999,28.94999999999999],[-89.40634219999998,28.94999999999999],[-89.4063549,28.94999999999999],[-89.40682450000003,28.94999999999999],[-89.4071396,28.94999999999999],[-89.40812920000002,28.94999999999999],[-89.4089515,28.94999999999999],[-89.40902899999998,28.94999999999999],[-89.42804000000001,28.94999999999999],[-89.43370770000001,28.94999999999999],[-89.4406717,28.94999999999999],[-89.4408884,28.94999999999999],[-89.44168100000002,28.94999999999999],[-89.44835899999998,28.94999999999999],[-89.44893889999997,28.94999999999999],[-89.44933259999999,28.94999999999999],[-89.45724230000002,28.94999999999999],[-89.46329850000001,28.94999999999999],[-89.47375950000003,28.94999999999999],[-89.47467519999998,28.94999999999999]]]}},{"type":"Feature","properties":{},"geometry":{"type":"Polygon","coordinates":[[[-89.399583,28.94999999999999],[-89.39999999999998,28.94999999999999],[-89.39999999999998,28.95004110000002],[-89.39999999999998,28.950065900000027],[-89.39999999999998,28.950537499999996],[-89.39999999999998,28.95092010000002],[-89.39999999999998,28.95098330000002],[-89.39999999999998,28.9510224],[-89.39999999999998,28.951063999999974],[-89.39999999999998,28.951099],[-89.39999999999998,28.951141399999983],[-89.39999999999998,28.951257],[-89.39999999999998,28.95202710000001],[-89.39999999999998,28.952188799999988],[-89.39999999999998,28.952231600000005],[-89.39999999999998,28.952302499999973],[-89.39999999999998,28.952315999999996],[-89.39999999999998,28.952425199999993],[-89.39999999999998,28.95335749999998],[-89.39999999999998,28.956703500000003],[-89.39999999999998,28.957141700000022],[-89.39999999999998,28.9579746],[-89.39999999999998,28.958212000000003],[-89.39999999999998,28.9587047],[-89.39999999999998,28.959984899999995],[-89.39999999999998,28.96043320000001],[-89.39999999999998,28.967009299999972],[-89.39999999999998,28.97000109999999],[-89.39999999999998,28.970178499999975],[-89.39999999999998,28.970799100000022],[-89.39999999999998,28.970954300000017],[-89.39999999999998,28.971426800000017],[-89.39999999999998,28.971556700000008],[-89.39999999999998,28.983177399999988],[-89.39999999999998,28.987936400000024],[-89.39999999999998,28.99798340000001],[-89.39999999999998,28.999771199999998],[-89.39999999999998,29.00017200000002],[-89.39999999999998,29.0136172],[-89.39999999999998,29.014380899999992],[-89.39999999999998,29.024999999999977],[-89.397427,29.024999999999977],[-89.3956139,29.024999999999977],[-89.39551219999998,29.024999999999977],[-89.3953646,29.024999999999977],[-89.39533949999998,29.024999999999977],[-89.39519330000002,29.024999999999977],[-89.39327120000002,29.024999999999977],[-89.39291559999998,29.024999999999977],[-89.392831,29.024999999999977],[-89.38913689999998,29.024999999999977],[-89.38756649999999,29.024999999999977],[-89.38707749999998,29.024999999999977],[-89.38600550000001,29.024999999999977],[-89.38520349999999,29.024999999999977],[-89.3842876,29.024999999999977],[-89.37976609999998,29.024999999999977],[-89.37939699999998,29.024999999999977],[-89.36029630000002,29.024999999999977],[-89.355997,29.024999999999977],[-89.35593619999997,29.024999999999977],[-89.3552618,29.024999999999977],[-89.34946129999997,29.024999999999977],[-89.3493345,29.024999999999977],[-89.34886219999999,29.024999999999977],[-89.34867409999998,29.024999999999977],[-89.34854100000001,29.024999999999977],[-89.34842650000002,29.024999999999977],[-89.34839520000003,29.024999999999977],[-89.34830720000002,29.024999999999977],[-89.34827339999998,29.024999999999977],[-89.34825719999998,29.024999999999977],[-89.34807030000002,29.024999999999977],[-89.34799809999998,29.024999999999977],[-89.3478599,29.024999999999977],[-89.347847,29.024999999999977],[-89.34771640000002,29.024999999999977],[-89.34749820000002,29.024999999999977],[-89.34667680000001,29.024999999999977],[-89.34645749999999,29.024999999999977],[-89.3453667,29.024999999999977],[-89.34536250000002,29.024999999999977],[-89.34483749999998,29.024999999999977],[-89.34477550000003,29.024999999999977],[-89.34097129999998,29.024999999999977],[-89.3408928,29.024999999999977],[-89.34057680000001,29.024999999999977],[-89.34052480000003,29.024999999999977],[-89.34020070000003,29.024999999999977],[-89.34011429999998,29.024999999999977],[-89.33986950000002,29.024999999999977],[-89.3398661,29.024999999999977],[-89.33961870000002,29.024999999999977],[-89.3393304,29.024999999999977],[-89.33921350000003,29.024999999999977],[-89.33916970000001,29.024999999999977],[-89.33910980000002,29.024999999999977],[-89.3390779,29.024999999999977],[-89.33904539999997,29.024999999999977],[-89.33901580000003,29.024999999999977],[-89.33892429999997,29.024999999999977],[-89.3389062,29.024999999999977],[-89.33861669999999,29.024999999999977],[-89.33831600000002,29.024999999999977],[-89.33831570000001,29.024999999999977],[-89.33822270000002,29.024999999999977],[-89.33788550000003,29.024999999999977],[-89.33758640000002,29.024999999999977],[-89.3375863,29.024999999999977],[-89.33685150000002,29.024999999999977],[-89.33685070000001,29.024999999999977],[-89.33611009999998,29.024999999999977],[-89.3354875,29.024999999999977],[-89.33536470000001,29.024999999999977],[-89.33536379999998,29.024999999999977],[-89.33531870000002,29.024999999999977],[-89.33492999999999,29.024999999999977],[-89.33491459999999,29.024999999999977],[-89.33489559999998,29.024999999999977],[-89.33450970000001,29.024999999999977],[-89.33449000000002,29.024999999999977],[-89.33438869999998,29.024999999999977],[-89.33435639999999,29.024999999999977],[-89.33423269999997,29.024999999999977],[-89.33410839999999,29.024999999999977],[-89.33410659999998,29.024999999999977],[-89.33396210000001,29.024999999999977],[-89.33395869999998,29.024999999999977],[-89.33380240000002,29.024999999999977],[-89.33376479999998,29.024999999999977],[-89.33361300000001,29.024999999999977],[-89.33337239999997,29.024999999999977],[-89.33323680000001,29.024999999999977],[-89.3328573,29.024999999999977],[-89.3324091,29.024999999999977],[-89.33235150000002,29.024999999999977],[-89.33187509999999,29.024999999999977],[-89.33168760000001,29.024999999999977],[-89.33128119999998,29.024999999999977],[-89.33119570000002,29.024999999999977],[-89.3302349,29.024999999999977],[-89.33019869999998,29.024999999999977],[-89.32993010000001,29.024999999999977],[-89.3298112,29.024999999999977],[-89.32902100000001,29.024999999999977],[-89.32865709999999,29.024999999999977],[-89.328598,29.024999999999977],[-89.32842219999998,29.024999999999977],[-89.32835180000001,29.024999999999977],[-89.32834250000002,29.024999999999977],[-89.3282845,29.024999999999977],[-89.32813909999999,29.024999999999977],[-89.32611159999999,29.024999999999977],[-89.32499999999999,29.024999999999977],[-89.32499999999999,29.022809499999994],[-89.32499999999999,29.022733500000015],[-89.32499999999999,29.021390699999984],[-89.32499999999999,29.021074399999975],[-89.32499999999999,29.020541900000012],[-89.32499999999999,29.020502299999976],[-89.32499999999999,29.019797900000015],[-89.32499999999999,29.019716399999993],[-89.32499999999999,29.019353299999977],[-89.32499999999999,29.019328499999972],[-89.32499999999999,29.01900169999999],[-89.32499999999999,29.01895719999999],[-89.32499999999999,29.018530999999996],[-89.32499999999999,29.01845259999999],[-89.32499999999999,29.016876200000013],[-89.32499999999999,29.016807599999993],[-89.32499999999999,29.011348999999996],[-89.32499999999999,29.01053189999999],[-89.32499999999999,29.010486200000003],[-89.32499999999999,29.007492300000024],[-89.32499999999999,29.0020174],[-89.32499999999999,28.997150999999974],[-89.32499999999999,28.99547130000002],[-89.32499999999999,28.995174899999995],[-89.32499999999999,28.990067699999997],[-89.32499999999999,28.98983019999997],[-89.32499999999999,28.98939630000001],[-89.32499999999999,28.988599000000022],[-89.32499999999999,28.988427899999976],[-89.32499999999999,28.983506999999975],[-89.32499999999999,28.9832227],[-89.32499999999999,28.97767779999998],[-89.32499999999999,28.973525400000028],[-89.32499999999999,28.972858099999996],[-89.32499999999999,28.971998799999994],[-89.32499999999999,28.96500789999999],[-89.32499999999999,28.963899700000013],[-89.32499999999999,28.963893299999995],[-89.32499999999999,28.95524419999998],[-89.32499999999999,28.952900699999987],[-89.32499999999999,28.952605100000028],[-89.32499999999999,28.94999999999999],[-89.3273891,28.94999999999999],[-89.32766980000002,28.94999999999999],[-89.32801080000002,28.94999999999999],[-89.328303,28.94999999999999],[-89.3365121,28.94999999999999],[-89.33677369999998,28.94999999999999],[-89.34413219999999,28.94999999999999],[-89.34759480000002,28.94999999999999],[-89.35489039999999,28.94999999999999],[-89.35713820000001,28.94999999999999],[-89.35751349999998,28.94999999999999],[-89.36510049999998,28.94999999999999],[-89.37557980000003,28.94999999999999],[-89.37590169999999,28.94999999999999],[-89.38502069999998,28.94999999999999],[-89.38521150000003,28.94999999999999],[-89.3869224,28.94999999999999],[-89.38749869999998,28.94999999999999],[-89.38850200000002,28.94999999999999],[-89.3940627,28.94999999999999],[-89.39466220000003,28.94999999999999],[-89.39515519999998,28.94999999999999],[-89.3953181,28.94999999999999],[-89.39545570000001,28.94999999999999],[-89.39562180000001,28.94999999999999],[-89.39573580000001,28.94999999999999],[-89.39581390000001,28.94999999999999],[-89.3959678,28.94999999999999],[-89.3963991,28.94999999999999],[-89.39662959999998,28.94999999999999],[-89.39679000000001,28.94999999999999],[-89.39684519999997,28.94999999999999],[-89.3975297,28.94999999999999],[-89.39821410000002,28.94999999999999],[-89.3988986,28.94999999999999],[-89.399583,28.94999999999999]]]}},{"type":"Feature","properties":{},"geometry":{"type":"Polygon","coordinates":[[[-89.24948139999998,28.94999999999999],[-89.25,28.94999999999999],[-89.25,28.950216099999977],[-89.25,28.951038900000015],[-89.25,28.95250520000002],[-89.25,28.95383190000001],[-89.25,28.961491599999988],[-89.25,28.961610399999984],[-89.25,28.96171559999999],[-89.25,28.961849599999994],[-89.25,28.962232500000027],[-89.25,28.964055900000005],[-89.25,28.9640991],[-89.25,28.966553999999974],[-89.25,28.96667500000001],[-89.25,28.967450299999996],[-89.25,28.968343000000004],[-89.25,28.96837069999998],[-89.25,28.968806900000004],[-89.25,28.969315300000005],[-89.25,28.969432600000005],[-89.25,28.969793400000015],[-89.25,28.970487300000002],[-89.25,28.971683600000006],[-89.25,28.973696000000018],[-89.25,28.973850200000015],[-89.25,28.973874000000023],[-89.25,28.974504200000013],[-89.25,28.97451769999998],[-89.25,28.9745729],[-89.25,28.974580300000014],[-89.25,28.974604100000022],[-89.25,28.97473450000001],[-89.25,28.97476069999999],[-89.25,28.974769200000026],[-89.25,28.97802280000002],[-89.25,28.97834549999999],[-89.25,28.97835409999999],[-89.25,28.978366100000017],[-89.25,28.978433499999994],[-89.25,28.97881269999999],[-89.25,28.9793593],[-89.25,28.97939919999999],[-89.25,28.979403600000012],[-89.25,28.979425100000014],[-89.25,28.979445899999973],[-89.25,28.97966889999998],[-89.25,28.981252600000005],[-89.25,28.9814801],[-89.25,28.981573700000013],[-89.25,28.9820924],[-89.25,28.98309310000002],[-89.25,28.983101599999998],[-89.25,28.983121100000005],[-89.25,28.983207900000025],[-89.25,28.983320100000014],[-89.25,28.983558500000015],[-89.25,28.98362930000002],[-89.25,28.98402299999998],[-89.25,28.98414550000001],[-89.25,28.98414980000001],[-89.25,28.98415160000002],[-89.25,28.984377400000028],[-89.25,28.984494499999983],[-89.25,28.984519799999987],[-89.25,28.984532300000012],[-89.25,28.984657000000027],[-89.25,28.984678700000018],[-89.25,28.98469019999999],[-89.25,28.984726799999976],[-89.25,28.984903299999985],[-89.25,28.985165199999983],[-89.25,28.990482900000018],[-89.25,28.9904985],[-89.25,28.990799400000014],[-89.25,28.99120579999999],[-89.25,28.99175869999999],[-89.25,28.992135500000018],[-89.25,28.992414199999985],[-89.25,28.99257419999998],[-89.25,28.993060800000023],[-89.25,28.99308129999997],[-89.25,28.994631400000003],[-89.25,28.99486539999998],[-89.25,28.995200399999987],[-89.25,28.99520430000001],[-89.25,28.995207100000016],[-89.25,28.995238599999993],[-89.25,28.995635900000025],[-89.25,28.99601339999998],[-89.25,28.996848100000022],[-89.25,28.996853999999985],[-89.25,28.996878200000026],[-89.25,28.996914100000026],[-89.25,28.996925900000008],[-89.25,28.997079299999996],[-89.25,28.997503199999983],[-89.25,28.99778409999999],[-89.25,28.99780800000002],[-89.25,28.997819400000026],[-89.25,28.99782879999998],[-89.25,28.997862699999985],[-89.25,28.997881399999983],[-89.25,28.99790630000001],[-89.25,28.998049100000003],[-89.25,28.998290999999995],[-89.25,28.99835680000001],[-89.25,28.9983613],[-89.25,28.99860480000001],[-89.25,28.99860819999998],[-89.25,28.99861199999998],[-89.25,28.999109599999997],[-89.25,28.99964940000001],[-89.25,29.001922700000023],[-89.25,29.006256699999994],[-89.25,29.010767999999985],[-89.25,29.02110779999998],[-89.25,29.02386469999999],[-89.25,29.02387870000001],[-89.25,29.024069699999984],[-89.25,29.024421200000006],[-89.25,29.024971300000004],[-89.25,29.024990100000025],[-89.25,29.024999999999977],[-89.24961159999998,29.024999999999977],[-89.24950319999999,29.024999999999977],[-89.24939169999999,29.024999999999977],[-89.24919069999999,29.024999999999977],[-89.24909960000002,29.024999999999977],[-89.248626,29.024999999999977],[-89.24841570000001,29.024999999999977],[-89.2481656,29.024999999999977],[-89.24607329999998,29.024999999999977],[-89.24531239999999,29.024999999999977],[-89.24477189999999,29.024999999999977],[-89.24459280000002,29.024999999999977],[-89.24456730000003,29.024999999999977],[-89.24268970000003,29.024999999999977],[-89.2414554,29.024999999999977],[-89.24108869999998,29.024999999999977],[-89.23909149999997,29.024999999999977],[-89.23849810000002,29.024999999999977],[-89.2378372,29.024999999999977],[-89.23762520000002,29.024999999999977],[-89.2358873,29.024999999999977],[-89.22974260000001,29.024999999999977],[-89.2153179,29.024999999999977],[-89.21385240000001,29.024999999999977],[-89.2104425,29.024999999999977],[-89.19460320000002,29.024999999999977],[-89.1896476,29.024999999999977],[-89.1854467,29.024999999999977],[-89.1806704,29.024999999999977],[-89.17976920000001,29.024999999999977],[-89.17971840000001,29.024999999999977],[-89.1796569,29.024999999999977],[-89.17949599999997,29.024999999999977],[-89.17918120000002,29.024999999999977],[-89.1779234,29.024999999999977],[-89.17728399999999,29.024999999999977],[-89.17725999999999,29.024999999999977],[-89.17592100000002,29.024999999999977],[-89.17564709999999,29.024999999999977],[-89.17500000000001,29.024999999999977],[-89.17500000000001,29.02437329999998],[-89.17500000000001,29.023187099999973],[-89.17500000000001,29.022951799999987],[-89.17500000000001,29.022817799999984],[-89.17500000000001,29.021762799999976],[-89.17500000000001,29.021576900000014],[-89.17500000000001,29.021269099999984],[-89.17500000000001,29.020592399999998],[-89.17500000000001,29.01595040000001],[-89.17500000000001,29.015647100000024],[-89.17500000000001,29.014580500000022],[-89.17500000000001,29.01443599999999],[-89.17500000000001,29.013973899999996],[-89.17500000000001,29.013069799999982],[-89.17500000000001,29.0068258],[-89.17500000000001,29.006085900000016],[-89.17500000000001,29.004004599999973],[-89.17500000000001,28.99005699999998],[-89.17500000000001,28.98699049999999],[-89.17500000000001,28.9829833],[-89.17500000000001,28.98277969999998],[-89.17500000000001,28.971232699999973],[-89.17500000000001,28.969476699999973],[-89.17500000000001,28.96886169999999],[-89.17500000000001,28.96879130000002],[-89.17500000000001,28.960065999999983],[-89.17500000000001,28.96003669999999],[-89.17500000000001,28.95836250000002],[-89.17500000000001,28.952887299999986],[-89.17500000000001,28.952860999999984],[-89.17500000000001,28.951926200000003],[-89.17500000000001,28.95080630000001],[-89.17500000000001,28.94999999999999],[-89.20137999999997,28.94999999999999],[-89.2019684,28.94999999999999],[-89.2037497,28.94999999999999],[-89.20464770000001,28.94999999999999],[-89.20953029999998,28.94999999999999],[-89.22370319999999,28.94999999999999],[-89.22604280000002,28.94999999999999],[-89.2278296,28.94999999999999],[-89.22831739999998,28.94999999999999],[-89.23646919999999,28.94999999999999],[-89.24580509999998,28.94999999999999],[-89.2468462,28.94999999999999],[-89.24948139999998,28.94999999999999]]]}},{"type":"Feature","properties":{},"geometry":{"type":"Polygon","coordinates":[[[-89.16502029999998,28.94999999999999],[-89.16660819999998,28.94999999999999],[-89.17500000000001,28.94999999999999],[-89.17500000000001,28.951926200000003],[-89.17500000000001,28.952860999999984],[-89.17500000000001,28.952887299999986],[-89.17500000000001,28.95836250000002],[-89.17500000000001,28.96003669999999],[-89.17500000000001,28.960065999999983],[-89.17500000000001,28.96879130000002],[-89.17500000000001,28.96886169999999],[-89.17500000000001,28.969476699999973],[-89.17500000000001,28.971232699999973],[-89.17500000000001,28.98277969999998],[-89.17500000000001,28.9829833],[-89.17500000000001,28.98699049999999],[-89.17500000000001,28.99005699999998],[-89.17500000000001,29.004004599999973],[-89.17500000000001,29.006085900000016],[-89.17500000000001,29.0068258],[-89.17500000000001,29.013069799999982],[-89.17500000000001,29.013973899999996],[-89.17500000000001,29.01443599999999],[-89.17500000000001,29.014580500000022],[-89.17500000000001,29.015647100000024],[-89.17500000000001,29.01595040000001],[-89.17500000000001,29.020592399999998],[-89.17500000000001,29.021269099999984],[-89.17500000000001,29.021576900000014],[-89.17500000000001,29.021762799999976],[-89.17500000000001,29.022817799999984],[-89.17500000000001,29.022951799999987],[-89.17500000000001,29.023187099999973],[-89.17500000000001,29.02437329999998],[-89.17500000000001,29.024999999999977],[-89.16048869999997,29.024999999999977],[-89.15459929999997,29.024999999999977],[-89.13555530000002,29.024999999999977],[-89.12851810000001,29.024999999999977],[-89.12394929999999,29.024999999999977],[-89.10735449999999,29.024999999999977],[-89.10309389999998,29.024999999999977],[-89.1025601,29.024999999999977],[-89.10000000000002,29.024999999999977],[-89.10000000000002,29.019666599999994],[-89.10000000000002,29.019219099999987],[-89.10000000000002,29.014200099999982],[-89.10000000000002,29.013810999999976],[-89.10000000000002,29.012766],[-89.10000000000002,29.00881290000001],[-89.10000000000002,29.007918500000017],[-89.10000000000002,29.007754799999987],[-89.10000000000002,29.00756849999999],[-89.10000000000002,28.992873099999997],[-89.10000000000002,28.989736100000016],[-89.10000000000002,28.985389199999986],[-89.10000000000002,28.984870699999988],[-89.10000000000002,28.983902399999977],[-89.10000000000002,28.978973499999995],[-89.10000000000002,28.977997300000027],[-89.10000000000002,28.977269799999988],[-89.10000000000002,28.976660200000026],[-89.10000000000002,28.974975200000017],[-89.10000000000002,28.954743199999996],[-89.10000000000002,28.954343199999983],[-89.10000000000002,28.95196390000001],[-89.10000000000002,28.950829899999974],[-89.10000000000002,28.94999999999999],[-89.1014409,28.94999999999999],[-89.12357909999997,28.94999999999999],[-89.12861429999998,28.94999999999999],[-89.13517949999999,28.94999999999999],[-89.13637699999998,28.94999999999999],[-89.13749309999997,28.94999999999999],[-89.13981310000003,28.94999999999999],[-89.14199509999997,28.94999999999999],[-89.1431675,28.94999999999999],[-89.15756640000001,28.94999999999999],[-89.16068289999998,28.94999999999999],[-89.16196230000003,28.94999999999999],[-89.16307060000003,28.94999999999999],[-89.16502029999998,28.94999999999999]]]}},{"type":"Feature","properties":{},"geometry":{"type":"Polygon","coordinates":[[[-89.397427,29.024999999999977],[-89.39999999999998,29.024999999999977],[-89.39999999999998,29.03398549999997],[-89.39999999999998,29.03559610000002],[-89.39999999999998,29.048063000000013],[-89.39999999999998,29.052317399999993],[-89.39999999999998,29.052559099999996],[-89.39999999999998,29.052717900000005],[-89.39999999999998,29.052853400000004],[-89.39999999999998,29.053671599999973],[-89.39999999999998,29.05412910000001],[-89.39999999999998,29.055661600000008],[-89.39999999999998,29.073067999999978],[-89.39999999999998,29.088152700000023],[-89.39999999999998,29.08876190000001],[-89.39999999999998,29.089348799999982],[-89.39999999999998,29.089456600000005],[-89.39999999999998,29.0918633],[-89.39999999999998,29.100000000000023],[-89.39689399999997,29.100000000000023],[-89.39226739999998,29.100000000000023],[-89.39192209999999,29.100000000000023],[-89.38970760000001,29.100000000000023],[-89.37390970000001,29.100000000000023],[-89.36409079999999,29.100000000000023],[-89.3632063,29.100000000000023],[-89.34447890000001,29.100000000000023],[-89.3440569,29.100000000000023],[-89.34380119999997,29.100000000000023],[-89.33813830000003,29.100000000000023],[-89.33401120000002,29.100000000000023],[-89.3259883,29.100000000000023],[-89.32499999999999,29.100000000000023],[-89.32499999999999,29.092200699999978],[-89.32499999999999,29.091473800000017],[-89.32499999999999,29.09028380000001],[-89.32499999999999,29.08949869999998],[-89.32499999999999,29.08444800000001],[-89.32499999999999,29.084146299999986],[-89.32499999999999,29.068975500000022],[-89.32499999999999,29.054703500000016],[-89.32499999999999,29.054674200000022],[-89.32499999999999,29.053752799999984],[-89.32499999999999,29.053732000000025],[-89.32499999999999,29.0534088],[-89.32499999999999,29.0531479],[-89.32499999999999,29.053072699999973],[-89.32499999999999,29.052929000000006],[-89.32499999999999,29.0522785],[-89.32499999999999,29.052240100000006],[-89.32499999999999,29.05213550000002],[-89.32499999999999,29.0517921],[-89.32499999999999,29.0500811],[-89.32499999999999,29.050041899999997],[-89.32499999999999,29.0498508],[-89.32499999999999,29.049797599999977],[-89.32499999999999,29.041533700000002],[-89.32499999999999,29.04144960000002],[-89.32499999999999,29.041103899999996],[-89.32499999999999,29.041085399999986],[-89.32499999999999,29.040950199999997],[-89.32499999999999,29.0408994],[-89.32499999999999,29.040481399999976],[-89.32499999999999,29.040165000000002],[-89.32499999999999,29.040118500000005],[-89.32499999999999,29.040063099999998],[-89.32499999999999,29.040003599999977],[-89.32499999999999,29.039971100000002],[-89.32499999999999,29.03990090000002],[-89.32499999999999,29.039738399999976],[-89.32499999999999,29.039701100000002],[-89.32499999999999,29.039200300000005],[-89.32499999999999,29.038848900000005],[-89.32499999999999,29.038393699999972],[-89.32499999999999,29.037812900000006],[-89.32499999999999,29.037587099999996],[-89.32499999999999,29.036780399999998],[-89.32499999999999,29.036235499999975],[-89.32499999999999,29.035973899999988],[-89.32499999999999,29.035257],[-89.32499999999999,29.035248500000023],[-89.32499999999999,29.035029099999974],[-89.32499999999999,29.034522100000004],[-89.32499999999999,29.034486500000014],[-89.32499999999999,29.03444780000001],[-89.32499999999999,29.034410700000024],[-89.32499999999999,29.03432570000001],[-89.32499999999999,29.034119299999986],[-89.32499999999999,29.033901300000025],[-89.32499999999999,29.033682499999998],[-89.32499999999999,29.033655099999976],[-89.32499999999999,29.0336456],[-89.32499999999999,29.032729099999983],[-89.32499999999999,29.032160299999987],[-89.32499999999999,29.031094399999972],[-89.32499999999999,29.031003499999997],[-89.32499999999999,29.029988000000003],[-89.32499999999999,29.029925300000002],[-89.32499999999999,29.0297506],[-89.32499999999999,29.029717800000014],[-89.32499999999999,29.02929210000002],[-89.32499999999999,29.02921759999998],[-89.32499999999999,29.029118299999993],[-89.32499999999999,29.029082399999993],[-89.32499999999999,29.027397399999984],[-89.32499999999999,29.027294400000017],[-89.32499999999999,29.026402099999984],[-89.32499999999999,29.02638109999998],[-89.32499999999999,29.026167799999996],[-89.32499999999999,29.025669400000027],[-89.32499999999999,29.024999999999977],[-89.32611159999999,29.024999999999977],[-89.32813909999999,29.024999999999977],[-89.3282845,29.024999999999977],[-89.32834250000002,29.024999999999977],[-89.32835180000001,29.024999999999977],[-89.32842219999998,29.024999999999977],[-89.328598,29.024999999999977],[-89.32865709999999,29.024999999999977],[-89.32902100000001,29.024999999999977],[-89.32993010000001,29.024999999999977],[-89.33019869999998,29.024999999999977],[-89.3302349,29.024999999999977],[-89.33119570000002,29.024999999999977],[-89.33128119999998,29.024999999999977],[-89.33168760000001,29.024999999999977],[-89.33187509999999,29.024999999999977],[-89.33235150000002,29.024999999999977],[-89.3324091,29.024999999999977],[-89.3328573,29.024999999999977],[-89.33323680000001,29.024999999999977],[-89.33337239999997,29.024999999999977],[-89.33361300000001,29.024999999999977],[-89.33376479999998,29.024999999999977],[-89.33380240000002,29.024999999999977],[-89.33395869999998,29.024999999999977],[-89.33396210000001,29.024999999999977],[-89.33410659999998,29.024999999999977],[-89.33410839999999,29.024999999999977],[-89.33422539999998,29.024999999999977],[-89.33423269999997,29.024999999999977],[-89.33438869999998,29.024999999999977],[-89.33449000000002,29.024999999999977],[-89.33450970000001,29.024999999999977],[-89.33489559999998,29.024999999999977],[-89.33491459999999,29.024999999999977],[-89.33492999999999,29.024999999999977],[-89.33531870000002,29.024999999999977],[-89.33536379999998,29.024999999999977],[-89.33536470000001,29.024999999999977],[-89.3354875,29.024999999999977],[-89.33611009999998,29.024999999999977],[-89.33685070000001,29.024999999999977],[-89.33685150000002,29.024999999999977],[-89.33758619999998,29.024999999999977],[-89.33758640000002,29.024999999999977],[-89.33788550000003,29.024999999999977],[-89.33820709999998,29.024999999999977],[-89.33831570000001,29.024999999999977],[-89.33831600000002,29.024999999999977],[-89.3389062,29.024999999999977],[-89.33892429999997,29.024999999999977],[-89.3389277,29.024999999999977],[-89.33896370000002,29.024999999999977],[-89.33900030000001,29.024999999999977],[-89.33901580000003,29.024999999999977],[-89.33903839999999,29.024999999999977],[-89.33904539999997,29.024999999999977],[-89.33907499999998,29.024999999999977],[-89.3390779,29.024999999999977],[-89.33910980000002,29.024999999999977],[-89.33916970000001,29.024999999999977],[-89.33920999999998,29.024999999999977],[-89.33921350000003,29.024999999999977],[-89.33931050000001,29.024999999999977],[-89.3393304,29.024999999999977],[-89.33961090000003,29.024999999999977],[-89.33961870000002,29.024999999999977],[-89.3398661,29.024999999999977],[-89.33986950000002,29.024999999999977],[-89.34011429999998,29.024999999999977],[-89.3405793,29.024999999999977],[-89.3408928,29.024999999999977],[-89.34097129999998,29.024999999999977],[-89.34477550000003,29.024999999999977],[-89.34483749999998,29.024999999999977],[-89.34536250000002,29.024999999999977],[-89.3453667,29.024999999999977],[-89.34645749999999,29.024999999999977],[-89.34667680000001,29.024999999999977],[-89.34749820000002,29.024999999999977],[-89.34771640000002,29.024999999999977],[-89.347847,29.024999999999977],[-89.34799809999998,29.024999999999977],[-89.34807030000002,29.024999999999977],[-89.34825719999998,29.024999999999977],[-89.34827009999998,29.024999999999977],[-89.34827339999998,29.024999999999977],[-89.34830720000002,29.024999999999977],[-89.34839520000003,29.024999999999977],[-89.34842650000002,29.024999999999977],[-89.34854100000001,29.024999999999977],[-89.34867409999998,29.024999999999977],[-89.34886219999999,29.024999999999977],[-89.3493345,29.024999999999977],[-89.34946129999997,29.024999999999977],[-89.3552618,29.024999999999977],[-89.35593619999997,29.024999999999977],[-89.355997,29.024999999999977],[-89.36029630000002,29.024999999999977],[-89.37939699999998,29.024999999999977],[-89.37976609999998,29.024999999999977],[-89.3842876,29.024999999999977],[-89.38517780000001,29.024999999999977],[-89.38520349999999,29.024999999999977],[-89.38600550000001,29.024999999999977],[-89.38756649999999,29.024999999999977],[-89.38913689999998,29.024999999999977],[-89.392831,29.024999999999977],[-89.39291559999998,29.024999999999977],[-89.39327120000002,29.024999999999977],[-89.39519330000002,29.024999999999977],[-89.39533949999998,29.024999999999977],[-89.3953646,29.024999999999977],[-89.39551219999998,29.024999999999977],[-89.3956139,29.024999999999977],[-89.397427,29.024999999999977]]]}},{"type":"Feature","properties":{},"geometry":{"type":"Polygon","coordinates":[[[-89.32343100000003,29.024999999999977],[-89.32499999999999,29.024999999999977],[-89.32499999999999,29.025669400000027],[-89.32499999999999,29.026167799999996],[-89.32499999999999,29.02638109999998],[-89.32499999999999,29.026402099999984],[-89.32499999999999,29.027294400000017],[-89.32499999999999,29.027397399999984],[-89.32499999999999,29.029082399999993],[-89.32499999999999,29.029118299999993],[-89.32499999999999,29.02921759999998],[-89.32499999999999,29.02929210000002],[-89.32499999999999,29.029717800000014],[-89.32499999999999,29.0297506],[-89.32499999999999,29.029925300000002],[-89.32499999999999,29.029988000000003],[-89.32499999999999,29.031003499999997],[-89.32499999999999,29.031094399999972],[-89.32499999999999,29.032160299999987],[-89.32499999999999,29.032729099999983],[-89.32499999999999,29.0336456],[-89.32499999999999,29.033655099999976],[-89.32499999999999,29.033682499999998],[-89.32499999999999,29.033901300000025],[-89.32499999999999,29.034119299999986],[-89.32499999999999,29.03432570000001],[-89.32499999999999,29.034410700000024],[-89.32499999999999,29.03444780000001],[-89.32499999999999,29.034486500000014],[-89.32499999999999,29.034522100000004],[-89.32499999999999,29.035029099999974],[-89.32499999999999,29.035248500000023],[-89.32499999999999,29.035257],[-89.32499999999999,29.035625400000015],[-89.32499999999999,29.035973899999988],[-89.32499999999999,29.036235499999975],[-89.32499999999999,29.036780399999998],[-89.32499999999999,29.037587099999996],[-89.32499999999999,29.037812900000006],[-89.32499999999999,29.038393699999972],[-89.32499999999999,29.038848900000005],[-89.32499999999999,29.039200300000005],[-89.32499999999999,29.039701100000002],[-89.32499999999999,29.039738399999976],[-89.32499999999999,29.03990090000002],[-89.32499999999999,29.039971100000002],[-89.32499999999999,29.040003599999977],[-89.32499999999999,29.040063099999998],[-89.32499999999999,29.040118500000005],[-89.32499999999999,29.040165000000002],[-89.32499999999999,29.040481399999976],[-89.32499999999999,29.0408994],[-89.32499999999999,29.040950199999997],[-89.32499999999999,29.041085399999986],[-89.32499999999999,29.041103899999996],[-89.32499999999999,29.04144960000002],[-89.32499999999999,29.041533700000002],[-89.32499999999999,29.049797599999977],[-89.32499999999999,29.0498508],[-89.32499999999999,29.050041899999997],[-89.32499999999999,29.0500811],[-89.32499999999999,29.0517921],[-89.32499999999999,29.05213550000002],[-89.32499999999999,29.052240100000006],[-89.32499999999999,29.0522785],[-89.32499999999999,29.052929000000006],[-89.32499999999999,29.053072699999973],[-89.32499999999999,29.0531479],[-89.32499999999999,29.0534088],[-89.32499999999999,29.053732000000025],[-89.32499999999999,29.053752799999984],[-89.32499999999999,29.054674200000022],[-89.32499999999999,29.054703500000016],[-89.32499999999999,29.068975500000022],[-89.32499999999999,29.084146299999986],[-89.32499999999999,29.08444800000001],[-89.32499999999999,29.08949869999998],[-89.32499999999999,29.09028380000001],[-89.32499999999999,29.091473800000017],[-89.32499999999999,29.092200699999978],[-89.32499999999999,29.100000000000023],[-89.32052920000001,29.100000000000023],[-89.3199765,29.100000000000023],[-89.30009869999998,29.100000000000023],[-89.29518510000003,29.100000000000023],[-89.2946541,29.100000000000023],[-89.29215069999998,29.100000000000023],[-89.29208360000001,29.100000000000023],[-89.2918674,29.100000000000023],[-89.2917372,29.100000000000023],[-89.28647039999998,29.100000000000023],[-89.2862796,29.100000000000023],[-89.28593139999998,29.100000000000023],[-89.28371679999998,29.100000000000023],[-89.28370999999999,29.100000000000023],[-89.28292470000002,29.100000000000023],[-89.2829208,29.100000000000023],[-89.28252079999999,29.100000000000023],[-89.28247909999999,29.100000000000023],[-89.28192999999999,29.100000000000023],[-89.28178559999998,29.100000000000023],[-89.27911540000002,29.100000000000023],[-89.27882579999999,29.100000000000023],[-89.2785303,29.100000000000023],[-89.2784102,29.100000000000023],[-89.2780391,29.100000000000023],[-89.27792290000002,29.100000000000023],[-89.27788950000001,29.100000000000023],[-89.27780519999999,29.100000000000023],[-89.27767360000001,29.100000000000023],[-89.2776599,29.100000000000023],[-89.27754149999998,29.100000000000023],[-89.27747260000001,29.100000000000023],[-89.2768218,29.100000000000023],[-89.27616819999997,29.100000000000023],[-89.27551449999999,29.100000000000023],[-89.27486069999998,29.100000000000023],[-89.27420699999999,29.100000000000023],[-89.2733455,29.100000000000023],[-89.27308099999999,29.100000000000023],[-89.27302150000003,29.100000000000023],[-89.27273739999998,29.100000000000023],[-89.272697,29.100000000000023],[-89.27266200000003,29.100000000000023],[-89.27262589999998,29.100000000000023],[-89.27251999999999,29.100000000000023],[-89.27199710000002,29.100000000000023],[-89.2716638,29.100000000000023],[-89.27159139999998,29.100000000000023],[-89.27113279999998,29.100000000000023],[-89.27088179999998,29.100000000000023],[-89.2647771,29.100000000000023],[-89.26470499999999,29.100000000000023],[-89.26439149999999,29.100000000000023],[-89.26433889999998,29.100000000000023],[-89.2640356,29.100000000000023],[-89.263957,29.100000000000023],[-89.26320249999998,29.100000000000023],[-89.26307639999999,29.100000000000023],[-89.26010489999999,29.100000000000023],[-89.25597520000002,29.100000000000023],[-89.25582989999998,29.100000000000023],[-89.25397559999999,29.100000000000023],[-89.25393020000001,29.100000000000023],[-89.2531007,29.100000000000023],[-89.25301130000003,29.100000000000023],[-89.25167449999998,29.100000000000023],[-89.25148180000002,29.100000000000023],[-89.25,29.100000000000023],[-89.25,29.099413200000015],[-89.25,29.099309300000016],[-89.25,29.098125299999992],[-89.25,29.0979145],[-89.25,29.097630900000013],[-89.25,29.095040299999994],[-89.25,29.094988600000022],[-89.25,29.09448450000002],[-89.25,29.09443329999999],[-89.25,29.09392150000002],[-89.25,29.093792800000017],[-89.25,29.058152899999982],[-89.25,29.05813549999999],[-89.25,29.058010299999978],[-89.25,29.057864499999994],[-89.25,29.053342699999973],[-89.25,29.05191530000002],[-89.25,29.051548700000012],[-89.25,29.047431899999992],[-89.25,29.0473935],[-89.25,29.047228299999972],[-89.25,29.044363900000008],[-89.25,29.044241899999975],[-89.25,29.043358099999978],[-89.25,29.041610400000025],[-89.25,29.04110400000002],[-89.25,29.041049600000008],[-89.25,29.040925800000025],[-89.25,29.040442299999995],[-89.25,29.040243599999997],[-89.25,29.040117599999974],[-89.25,29.040110200000015],[-89.25,29.03985849999998],[-89.25,29.03968789999999],[-89.25,29.0394996],[-89.25,29.038896000000022],[-89.25,29.03850110000002],[-89.25,29.036007700000027],[-89.25,29.035189899999978],[-89.25,29.035151299999995],[-89.25,29.034996499999977],[-89.25,29.034913200000005],[-89.25,29.034643300000027],[-89.25,29.034073499999977],[-89.25,29.0336461],[-89.25,29.03041330000002],[-89.25,29.030028500000014],[-89.25,29.029316800000004],[-89.25,29.027933899999994],[-89.25,29.02792629999999],[-89.25,29.027897199999984],[-89.25,29.02560870000002],[-89.25,29.025592500000016],[-89.25,29.025583600000004],[-89.25,29.025565599999993],[-89.25,29.025145199999997],[-89.25,29.025110299999994],[-89.25,29.024999999999977],[-89.25001759999998,29.024999999999977],[-89.25036820000003,29.024999999999977],[-89.25108820000003,29.024999999999977],[-89.25112639999998,29.024999999999977],[-89.25264759999999,29.024999999999977],[-89.25464829999999,29.024999999999977],[-89.25591400000002,29.024999999999977],[-89.25726559999998,29.024999999999977],[-89.25996029999999,29.024999999999977],[-89.2683399,29.024999999999977],[-89.26835690000001,29.024999999999977],[-89.27142370000001,29.024999999999977],[-89.2717925,29.024999999999977],[-89.27334819999999,29.024999999999977],[-89.27829020000001,29.024999999999977],[-89.27833290000001,29.024999999999977],[-89.27836459999997,29.024999999999977],[-89.278506,29.024999999999977],[-89.27857189999997,29.024999999999977],[-89.27921250000003,29.024999999999977],[-89.28123749999997,29.024999999999977],[-89.28184320000003,29.024999999999977],[-89.28188349999999,29.024999999999977],[-89.28197419999998,29.024999999999977],[-89.2829524,29.024999999999977],[-89.28296929999999,29.024999999999977],[-89.28338300000001,29.024999999999977],[-89.2835857,29.024999999999977],[-89.28364010000001,29.024999999999977],[-89.28375340000002,29.024999999999977],[-89.28389529999998,29.024999999999977],[-89.28460009999998,29.024999999999977],[-89.2846399,29.024999999999977],[-89.2846758,29.024999999999977],[-89.28643060000002,29.024999999999977],[-89.28677399999998,29.024999999999977],[-89.28824650000001,29.024999999999977],[-89.28835090000001,29.024999999999977],[-89.29008479999999,29.024999999999977],[-89.29049149999997,29.024999999999977],[-89.2908969,29.024999999999977],[-89.29655939999998,29.024999999999977],[-89.29662209999998,29.024999999999977],[-89.29664730000002,29.024999999999977],[-89.29845510000001,29.024999999999977],[-89.3029507,29.024999999999977],[-89.30335919999999,29.024999999999977],[-89.30348980000002,29.024999999999977],[-89.303497,29.024999999999977],[-89.30432839999997,29.024999999999977],[-89.30455130000001,29.024999999999977],[-89.30801409999998,29.024999999999977],[-89.30836090000003,29.024999999999977],[-89.3090401,29.024999999999977],[-89.31043260000001,29.024999999999977],[-89.31350029999999,29.024999999999977],[-89.3160236,29.024999999999977],[-89.31611670000001,29.024999999999977],[-89.31618839999999,29.024999999999977],[-89.31628599999999,29.024999999999977],[-89.3168948,29.024999999999977],[-89.32258839999997,29.024999999999977],[-89.32334279999998,29.024999999999977],[-89.32343100000003,29.024999999999977]]]}},{"type":"Feature","properties":{},"geometry":{"type":"Polygon","coordinates":[[[-89.24961159999998,29.024999999999977],[-89.25,29.024999999999977],[-89.25,29.025110299999994],[-89.25,29.025145199999997],[-89.25,29.025565599999993],[-89.25,29.025583600000004],[-89.25,29.025592500000016],[-89.25,29.02560870000002],[-89.25,29.027897199999984],[-89.25,29.02792629999999],[-89.25,29.027933899999994],[-89.25,29.029316800000004],[-89.25,29.030028500000014],[-89.25,29.03041330000002],[-89.25,29.03105260000001],[-89.25,29.031057499999974],[-89.25,29.0336461],[-89.25,29.034073499999977],[-89.25,29.034643300000027],[-89.25,29.034913200000005],[-89.25,29.034996499999977],[-89.25,29.035151299999995],[-89.25,29.035189899999978],[-89.25,29.036007700000027],[-89.25,29.03850110000002],[-89.25,29.038896000000022],[-89.25,29.0394996],[-89.25,29.03968789999999],[-89.25,29.03985849999998],[-89.25,29.040110200000015],[-89.25,29.040117599999974],[-89.25,29.040243599999997],[-89.25,29.040442299999995],[-89.25,29.040925800000025],[-89.25,29.041049600000008],[-89.25,29.04110400000002],[-89.25,29.041610400000025],[-89.25,29.043358099999978],[-89.25,29.044241899999975],[-89.25,29.044363900000008],[-89.25,29.047228299999972],[-89.25,29.0473935],[-89.25,29.047431899999992],[-89.25,29.051548700000012],[-89.25,29.057864499999994],[-89.25,29.058152899999982],[-89.25,29.093792800000017],[-89.25,29.09448450000002],[-89.25,29.094988600000022],[-89.25,29.097630900000013],[-89.25,29.098125299999992],[-89.25,29.099309300000016],[-89.25,29.099413200000015],[-89.25,29.100000000000023],[-89.24947379999998,29.100000000000023],[-89.24595060000001,29.100000000000023],[-89.24527719999998,29.100000000000023],[-89.23785320000002,29.100000000000023],[-89.23629849999998,29.100000000000023],[-89.23570059999997,29.100000000000023],[-89.2355162,29.100000000000023],[-89.23508989999999,29.100000000000023],[-89.23508299999997,29.100000000000023],[-89.23461789999999,29.100000000000023],[-89.23423120000001,29.100000000000023],[-89.23407329999998,29.100000000000023],[-89.2331451,29.100000000000023],[-89.23276909999998,29.100000000000023],[-89.23274249999997,29.100000000000023],[-89.23157850000001,29.100000000000023],[-89.22955789999997,29.100000000000023],[-89.22573110000002,29.100000000000023],[-89.22462200000001,29.100000000000023],[-89.2236317,29.100000000000023],[-89.22333149999997,29.100000000000023],[-89.21932659999999,29.100000000000023],[-89.21706319999998,29.100000000000023],[-89.21660300000002,29.100000000000023],[-89.215124,29.100000000000023],[-89.21038570000002,29.100000000000023],[-89.20799019999998,29.100000000000023],[-89.20715840000003,29.100000000000023],[-89.20667989999998,29.100000000000023],[-89.20612190000003,29.100000000000023],[-89.2034276,29.100000000000023],[-89.20204189999998,29.100000000000023],[-89.20033539999997,29.100000000000023],[-89.19185700000003,29.100000000000023],[-89.1910876,29.100000000000023],[-89.1905744,29.100000000000023],[-89.18813879999999,29.100000000000023],[-89.1869208,29.100000000000023],[-89.18474939999999,29.100000000000023],[-89.18376849999999,29.100000000000023],[-89.1814771,29.100000000000023],[-89.18011130000002,29.100000000000023],[-89.17972429999998,29.100000000000023],[-89.17776409999999,29.100000000000023],[-89.17696469999998,29.100000000000023],[-89.17685440000002,29.100000000000023],[-89.1760888,29.100000000000023],[-89.17500000000001,29.100000000000023],[-89.17500000000001,29.099703499999976],[-89.17500000000001,29.099450100000013],[-89.17500000000001,29.098719200000005],[-89.17500000000001,29.09600230000001],[-89.17500000000001,29.094718],[-89.17500000000001,29.09440569999998],[-89.17500000000001,29.08112349999999],[-89.17500000000001,29.081103499999983],[-89.17500000000001,29.074030499999992],[-89.17500000000001,29.072258499999975],[-89.17500000000001,29.06965869999999],[-89.17500000000001,29.068723200000022],[-89.17500000000001,29.067080599999997],[-89.17500000000001,29.065720199999987],[-89.17500000000001,29.064292599999987],[-89.17500000000001,29.06345490000001],[-89.17500000000001,29.062217299999986],[-89.17500000000001,29.061835400000007],[-89.17500000000001,29.061376300000006],[-89.17500000000001,29.053147500000023],[-89.17500000000001,29.050650700000006],[-89.17500000000001,29.04947279999999],[-89.17500000000001,29.049027200000012],[-89.17500000000001,29.046919800000012],[-89.17500000000001,29.04390189999998],[-89.17500000000001,29.043194700000015],[-89.17500000000001,29.042456399999992],[-89.17500000000001,29.042125],[-89.17500000000001,29.037330199999985],[-89.17500000000001,29.036431100000016],[-89.17500000000001,29.027002400000015],[-89.17500000000001,29.026622900000007],[-89.17500000000001,29.024999999999977],[-89.17564709999999,29.024999999999977],[-89.17592100000002,29.024999999999977],[-89.17725999999999,29.024999999999977],[-89.17728399999999,29.024999999999977],[-89.1779234,29.024999999999977],[-89.17918120000002,29.024999999999977],[-89.17949599999997,29.024999999999977],[-89.1796569,29.024999999999977],[-89.17971840000001,29.024999999999977],[-89.17976920000001,29.024999999999977],[-89.1806704,29.024999999999977],[-89.1854467,29.024999999999977],[-89.1896476,29.024999999999977],[-89.19460320000002,29.024999999999977],[-89.2104425,29.024999999999977],[-89.21385240000001,29.024999999999977],[-89.2153179,29.024999999999977],[-89.22974260000001,29.024999999999977],[-89.2358873,29.024999999999977],[-89.23762520000002,29.024999999999977],[-89.2378372,29.024999999999977],[-89.23849810000002,29.024999999999977],[-89.23909149999997,29.024999999999977],[-89.24108869999998,29.024999999999977],[-89.2414554,29.024999999999977],[-89.24268970000003,29.024999999999977],[-89.24456730000003,29.024999999999977],[-89.24459280000002,29.024999999999977],[-89.24477189999999,29.024999999999977],[-89.24531239999999,29.024999999999977],[-89.24607329999998,29.024999999999977],[-89.2481656,29.024999999999977],[-89.24841570000001,29.024999999999977],[-89.248626,29.024999999999977],[-89.24909960000002,29.024999999999977],[-89.24919069999999,29.024999999999977],[-89.24939169999999,29.024999999999977],[-89.24950319999999,29.024999999999977],[-89.24961159999998,29.024999999999977]]]}},{"type":"Feature","properties":{},"geometry":{"type":"Polygon","coordinates":[[[-89.32052920000001,29.100000000000023],[-89.32499999999999,29.100000000000023],[-89.32499999999999,29.100389600000028],[-89.32499999999999,29.1037379],[-89.32499999999999,29.110949800000014],[-89.32499999999999,29.111120299999982],[-89.32499999999999,29.113434900000016],[-89.32499999999999,29.115764000000013],[-89.32499999999999,29.14991520000001],[-89.32499999999999,29.16784530000001],[-89.32499999999999,29.17500000000001],[-89.32303519999999,29.17500000000001],[-89.29775380000001,29.17500000000001],[-89.28835750000002,29.17500000000001],[-89.28766480000002,29.17500000000001],[-89.28694619999999,29.17500000000001],[-89.2833966,29.17500000000001],[-89.28211049999999,29.17500000000001],[-89.28096699999998,29.17500000000001],[-89.28078369999997,29.17500000000001],[-89.28072580000003,29.17500000000001],[-89.2775914,29.17500000000001],[-89.27116239999998,29.17500000000001],[-89.27096269999998,29.17500000000001],[-89.27079859999998,29.17500000000001],[-89.27056679999998,29.17500000000001],[-89.27051920000002,29.17500000000001],[-89.27046309999997,29.17500000000001],[-89.2697445,29.17500000000001],[-89.2697364,29.17500000000001],[-89.26946559999999,29.17500000000001],[-89.26944079999998,29.17500000000001],[-89.2686822,29.17500000000001],[-89.26867779999998,29.17500000000001],[-89.26821389999998,29.17500000000001],[-89.268171,29.17500000000001],[-89.26786570000002,29.17500000000001],[-89.2678654,29.17500000000001],[-89.26773960000003,29.17500000000001],[-89.26730220000002,29.17500000000001],[-89.26702110000002,29.17500000000001],[-89.26686319999999,29.17500000000001],[-89.26683259999999,29.17500000000001],[-89.26679130000002,29.17500000000001],[-89.26678629999998,29.17500000000001],[-89.26651529999998,29.17500000000001],[-89.2665083,29.17500000000001],[-89.26636500000001,29.17500000000001],[-89.26622980000002,29.17500000000001],[-89.26622500000002,29.17500000000001],[-89.26604329999998,29.17500000000001],[-89.26549999999997,29.17500000000001],[-89.2654948,29.17500000000001],[-89.26498149999998,29.17500000000001],[-89.26497710000001,29.17500000000001],[-89.2646919,29.17500000000001],[-89.2646881,29.17500000000001],[-89.2637947,29.17500000000001],[-89.26378929999998,29.17500000000001],[-89.263646,29.17500000000001],[-89.26327930000002,29.17500000000001],[-89.26269450000001,29.17500000000001],[-89.26251009999999,29.17500000000001],[-89.2625066,29.17500000000001],[-89.26157089999998,29.17500000000001],[-89.26149379999998,29.17500000000001],[-89.26125739999998,29.17500000000001],[-89.2609443,29.17500000000001],[-89.2603178,29.17500000000001],[-89.25969129999999,29.17500000000001],[-89.2593104,29.17500000000001],[-89.2590806,29.17500000000001],[-89.25906470000001,29.17500000000001],[-89.25855919999998,29.17500000000001],[-89.25786900000003,29.17500000000001],[-89.25785580000002,29.17500000000001],[-89.25781590000003,29.17500000000001],[-89.2577018,29.17500000000001],[-89.2576689,29.17500000000001],[-89.2576679,29.17500000000001],[-89.25763549999999,29.17500000000001],[-89.25763439999997,29.17500000000001],[-89.2576029,29.17500000000001],[-89.25760109999999,29.17500000000001],[-89.25757190000002,29.17500000000001],[-89.2575708,29.17500000000001],[-89.2575387,29.17500000000001],[-89.25753750000001,29.17500000000001],[-89.25750649999998,29.17500000000001],[-89.25750549999998,29.17500000000001],[-89.25747410000002,29.17500000000001],[-89.25742880000001,29.17500000000001],[-89.25738310000003,29.17500000000001],[-89.25604399999997,29.17500000000001],[-89.25512140000001,29.17500000000001],[-89.25016579999999,29.17500000000001],[-89.25,29.17500000000001],[-89.25,29.174385900000004],[-89.25,29.174317700000017],[-89.25,29.174263999999994],[-89.25,29.16982109999998],[-89.25,29.166312199999993],[-89.25,29.16325740000002],[-89.25,29.16315320000001],[-89.25,29.162984600000016],[-89.25,29.162814500000025],[-89.25,29.16277309999998],[-89.25,29.162747299999978],[-89.25,29.162720999999976],[-89.25,29.16268439999999],[-89.25,29.16264640000003],[-89.25,29.162525800000026],[-89.25,29.16249429999999],[-89.25,29.162484800000016],[-89.25,29.162349600000027],[-89.25,29.162321700000007],[-89.25,29.16218329999998],[-89.25,29.162111900000014],[-89.25,29.162079500000004],[-89.25,29.16202709999999],[-89.25,29.16177670000002],[-89.25,29.160885399999984],[-89.25,29.158751800000005],[-89.25,29.15785840000001],[-89.25,29.1567134],[-89.25,29.155756499999995],[-89.25,29.155576699999983],[-89.25,29.154715599999975],[-89.25,29.15420640000002],[-89.25,29.153949099999977],[-89.25,29.153413899999975],[-89.25,29.153221900000005],[-89.25,29.151694599999985],[-89.25,29.15166690000001],[-89.25,29.151558299999976],[-89.25,29.15152230000001],[-89.25,29.151393900000016],[-89.25,29.151316099999974],[-89.25,29.150827600000014],[-89.25,29.150289600000008],[-89.25,29.150034600000026],[-89.25,29.149842499999977],[-89.25,29.149781200000007],[-89.25,29.14895919999998],[-89.25,29.148057400000027],[-89.25,29.146253600000023],[-89.25,29.145351699999992],[-89.25,29.14424980000001],[-89.25,29.143261900000027],[-89.25,29.14283949999998],[-89.25,29.140852800000005],[-89.25,29.14058540000002],[-89.25,29.140567999999973],[-89.25,29.1403947],[-89.25,29.140092900000013],[-89.25,29.139882],[-89.25,29.13954510000002],[-89.25,29.139330400000006],[-89.25,29.135912500000018],[-89.25,29.13542460000002],[-89.25,29.13541459999999],[-89.25,29.13371890000002],[-89.25,29.132741099999976],[-89.25,29.132457499999987],[-89.25,29.131939199999977],[-89.25,29.13189890000001],[-89.25,29.131400199999973],[-89.25,29.131375100000014],[-89.25,29.131351499999994],[-89.25,29.130417899999998],[-89.25,29.124367500000005],[-89.25,29.12387000000001],[-89.25,29.12364739999998],[-89.25,29.12358280000001],[-89.25,29.119353999999987],[-89.25,29.11930769999998],[-89.25,29.11915529999999],[-89.25,29.11914009999998],[-89.25,29.11831239999998],[-89.25,29.118291],[-89.25,29.117139199999997],[-89.25,29.116762900000026],[-89.25,29.116748700000016],[-89.25,29.116030000000023],[-89.25,29.115998699999977],[-89.25,29.111438799999974],[-89.25,29.111376800000016],[-89.25,29.10772830000002],[-89.25,29.107684000000006],[-89.25,29.104509399999984],[-89.25,29.104264399999977],[-89.25,29.10285090000002],[-89.25,29.102582700000028],[-89.25,29.100000000000023],[-89.25148180000002,29.100000000000023],[-89.25167449999998,29.100000000000023],[-89.25301130000003,29.100000000000023],[-89.2531007,29.100000000000023],[-89.25393020000001,29.100000000000023],[-89.25397559999999,29.100000000000023],[-89.25582989999998,29.100000000000023],[-89.25597520000002,29.100000000000023],[-89.26010489999999,29.100000000000023],[-89.26307639999999,29.100000000000023],[-89.26320249999998,29.100000000000023],[-89.263957,29.100000000000023],[-89.2640356,29.100000000000023],[-89.26433889999998,29.100000000000023],[-89.26439149999999,29.100000000000023],[-89.26470499999999,29.100000000000023],[-89.2647771,29.100000000000023],[-89.27088179999998,29.100000000000023],[-89.27113279999998,29.100000000000023],[-89.27159139999998,29.100000000000023],[-89.2716638,29.100000000000023],[-89.27199710000002,29.100000000000023],[-89.27250830000003,29.100000000000023],[-89.27251999999999,29.100000000000023],[-89.2725921,29.100000000000023],[-89.27262589999998,29.100000000000023],[-89.27266200000003,29.100000000000023],[-89.272697,29.100000000000023],[-89.27273739999998,29.100000000000023],[-89.27302150000003,29.100000000000023],[-89.27308099999999,29.100000000000023],[-89.2733455,29.100000000000023],[-89.27420699999999,29.100000000000023],[-89.27435830000002,29.100000000000023],[-89.27486069999998,29.100000000000023],[-89.27616819999997,29.100000000000023],[-89.2766838,29.100000000000023],[-89.2768218,29.100000000000023],[-89.27747260000001,29.100000000000023],[-89.27754149999998,29.100000000000023],[-89.2776599,29.100000000000023],[-89.27767360000001,29.100000000000023],[-89.27780519999999,29.100000000000023],[-89.27785239999997,29.100000000000023],[-89.27788950000001,29.100000000000023],[-89.27792290000002,29.100000000000023],[-89.2780391,29.100000000000023],[-89.2784102,29.100000000000023],[-89.2785303,29.100000000000023],[-89.27882579999999,29.100000000000023],[-89.27911540000002,29.100000000000023],[-89.28178559999998,29.100000000000023],[-89.28192999999999,29.100000000000023],[-89.28247909999999,29.100000000000023],[-89.28252079999999,29.100000000000023],[-89.2829208,29.100000000000023],[-89.28292470000002,29.100000000000023],[-89.28370999999999,29.100000000000023],[-89.28371679999998,29.100000000000023],[-89.28593139999998,29.100000000000023],[-89.2862796,29.100000000000023],[-89.28647039999998,29.100000000000023],[-89.2917372,29.100000000000023],[-89.2918674,29.100000000000023],[-89.29208360000001,29.100000000000023],[-89.29215069999998,29.100000000000023],[-89.2946541,29.100000000000023],[-89.29518510000003,29.100000000000023],[-89.30009869999998,29.100000000000023],[-89.3199765,29.100000000000023],[-89.32052920000001,29.100000000000023]]]}},{"type":"Feature","properties":{},"geometry":{"type":"Polygon","coordinates":[[[-89.24947379999998,29.100000000000023],[-89.25,29.100000000000023],[-89.25,29.102582700000028],[-89.25,29.10772830000002],[-89.25,29.111376800000016],[-89.25,29.116030000000023],[-89.25,29.116748700000016],[-89.25,29.116762900000026],[-89.25,29.117139199999997],[-89.25,29.11739080000001],[-89.25,29.118291],[-89.25,29.11831239999998],[-89.25,29.11914009999998],[-89.25,29.11915529999999],[-89.25,29.11930769999998],[-89.25,29.119353999999987],[-89.25,29.12358280000001],[-89.25,29.12364739999998],[-89.25,29.12387000000001],[-89.25,29.123925900000017],[-89.25,29.124367500000005],[-89.25,29.126709600000027],[-89.25,29.130417899999998],[-89.25,29.132457499999987],[-89.25,29.132741099999976],[-89.25,29.13371890000002],[-89.25,29.13541459999999],[-89.25,29.13542460000002],[-89.25,29.135912500000018],[-89.25,29.139330400000006],[-89.25,29.13954510000002],[-89.25,29.139882],[-89.25,29.140092900000013],[-89.25,29.1403947],[-89.25,29.140567999999973],[-89.25,29.14058540000002],[-89.25,29.140852800000005],[-89.25,29.14283949999998],[-89.25,29.143261900000027],[-89.25,29.14424980000001],[-89.25,29.145351699999992],[-89.25,29.146253600000023],[-89.25,29.148057400000027],[-89.25,29.14895919999998],[-89.25,29.149781200000007],[-89.25,29.149842499999977],[-89.25,29.150034600000026],[-89.25,29.150289600000008],[-89.25,29.150827600000014],[-89.25,29.151316099999974],[-89.25,29.151393900000016],[-89.25,29.15152230000001],[-89.25,29.151558299999976],[-89.25,29.15166690000001],[-89.25,29.151694599999985],[-89.25,29.153221900000005],[-89.25,29.153413899999975],[-89.25,29.153949099999977],[-89.25,29.15420640000002],[-89.25,29.154715599999975],[-89.25,29.155576699999983],[-89.25,29.155756499999995],[-89.25,29.1567134],[-89.25,29.15785840000001],[-89.25,29.158751800000005],[-89.25,29.160885399999984],[-89.25,29.16177670000002],[-89.25,29.16202709999999],[-89.25,29.162079500000004],[-89.25,29.162111900000014],[-89.25,29.16218329999998],[-89.25,29.162321700000007],[-89.25,29.162349600000027],[-89.25,29.162484800000016],[-89.25,29.16249429999999],[-89.25,29.162525800000026],[-89.25,29.16264640000003],[-89.25,29.16268439999999],[-89.25,29.162720999999976],[-89.25,29.162747299999978],[-89.25,29.16277309999998],[-89.25,29.162814500000025],[-89.25,29.16298469999998],[-89.25,29.16315320000001],[-89.25,29.17500000000001],[-89.24956550000002,29.17500000000001],[-89.241825,29.17500000000001],[-89.24036009999998,29.17500000000001],[-89.23268519999999,29.17500000000001],[-89.2129534,29.17500000000001],[-89.21266209999999,29.17500000000001],[-89.17737410000001,29.17500000000001],[-89.17500000000001,29.17500000000001],[-89.17500000000001,29.170868299999995],[-89.17500000000001,29.16961550000002],[-89.17500000000001,29.16367009999999],[-89.17500000000001,29.161004100000014],[-89.17500000000001,29.156345999999985],[-89.17500000000001,29.153739499999972],[-89.17500000000001,29.152376199999992],[-89.17500000000001,29.143386599999985],[-89.17500000000001,29.140879499999983],[-89.17500000000001,29.12849319999998],[-89.17500000000001,29.127935200000024],[-89.17500000000001,29.12713960000002],[-89.17500000000001,29.126633700000014],[-89.17500000000001,29.124052000000006],[-89.17500000000001,29.123428100000012],[-89.17500000000001,29.122118999999998],[-89.17500000000001,29.12135890000002],[-89.17500000000001,29.12063619999998],[-89.17500000000001,29.118275600000004],[-89.17500000000001,29.116622000000007],[-89.17500000000001,29.113867400000004],[-89.17500000000001,29.11270239999999],[-89.17500000000001,29.11201970000002],[-89.17500000000001,29.103063299999974],[-89.17500000000001,29.100773600000025],[-89.17500000000001,29.100000000000023],[-89.1760888,29.100000000000023],[-89.17685440000002,29.100000000000023],[-89.17696469999998,29.100000000000023],[-89.17776409999999,29.100000000000023],[-89.17972429999998,29.100000000000023],[-89.18011130000002,29.100000000000023],[-89.1814771,29.100000000000023],[-89.18376849999999,29.100000000000023],[-89.18474939999999,29.100000000000023],[-89.1869208,29.100000000000023],[-89.18813879999999,29.100000000000023],[-89.1905744,29.100000000000023],[-89.1910876,29.100000000000023],[-89.19185700000003,29.100000000000023],[-89.20033539999997,29.100000000000023],[-89.20204189999998,29.100000000000023],[-89.2034276,29.100000000000023],[-89.20612190000003,29.100000000000023],[-89.20667989999998,29.100000000000023],[-89.20715840000003,29.100000000000023],[-89.20799019999998,29.100000000000023],[-89.21038570000002,29.100000000000023],[-89.215124,29.100000000000023],[-89.21660300000002,29.100000000000023],[-89.21706319999998,29.100000000000023],[-89.21932659999999,29.100000000000023],[-89.22333149999997,29.100000000000023],[-89.2236317,29.100000000000023],[-89.22462200000001,29.100000000000023],[-89.22573110000002,29.100000000000023],[-89.22955789999997,29.100000000000023],[-89.23157850000001,29.100000000000023],[-89.23274249999997,29.100000000000023],[-89.23276909999998,29.100000000000023],[-89.2331451,29.100000000000023],[-89.23407329999998,29.100000000000023],[-89.23423120000001,29.100000000000023],[-89.23461789999999,29.100000000000023],[-89.23508299999997,29.100000000000023],[-89.23508989999999,29.100000000000023],[-89.2355162,29.100000000000023],[-89.23570059999997,29.100000000000023],[-89.23629849999998,29.100000000000023],[-89.23692929999999,29.100000000000023],[-89.23785320000002,29.100000000000023],[-89.24527719999998,29.100000000000023],[-89.24595060000001,29.100000000000023],[-89.24947379999998,29.100000000000023]]]}},{"type":"Feature","properties":{},"geometry":{"type":"Polygon","coordinates":[[[-89.32303519999999,29.17500000000001],[-89.32499999999999,29.17500000000001],[-89.32499999999999,29.180797700000028],[-89.32499999999999,29.199923300000023],[-89.32499999999999,29.202381800000012],[-89.32499999999999,29.206676300000026],[-89.32499999999999,29.213773600000025],[-89.32499999999999,29.224411299999986],[-89.32499999999999,29.224553000000014],[-89.32499999999999,29.224732399999994],[-89.32499999999999,29.22596709999999],[-89.32499999999999,29.226802599999985],[-89.32499999999999,29.22877390000002],[-89.32499999999999,29.229352199999994],[-89.32499999999999,29.22940540000002],[-89.32499999999999,29.22945279999999],[-89.32499999999999,29.23168800000002],[-89.32499999999999,29.231967499999996],[-89.32499999999999,29.23310939999999],[-89.32499999999999,29.236299700000018],[-89.32499999999999,29.236438099999987],[-89.32499999999999,29.238251100000014],[-89.32499999999999,29.238733799999977],[-89.32499999999999,29.238861999999983],[-89.32499999999999,29.240169200000025],[-89.32499999999999,29.24163870000001],[-89.32499999999999,29.241671800000006],[-89.32499999999999,29.241732300000024],[-89.32499999999999,29.242495799999972],[-89.32499999999999,29.248032500000022],[-89.32499999999999,29.25],[-89.32213339999998,29.25],[-89.3218387,29.25],[-89.32172559999998,29.25],[-89.32159760000002,29.25],[-89.32155180000001,29.25],[-89.32146039999998,29.25],[-89.32135399999999,29.25],[-89.32115679999998,29.25],[-89.32093800000001,29.25],[-89.3208856,29.25],[-89.32083779999999,29.25],[-89.32078530000001,29.25],[-89.32077149999998,29.25],[-89.32070959999999,29.25],[-89.3204407,29.25],[-89.3198514,29.25],[-89.31973879999998,29.25],[-89.319458,29.25],[-89.31604750000002,29.25],[-89.3153461,29.25],[-89.31417320000003,29.25],[-89.310544,29.25],[-89.31034069999998,29.25],[-89.31024200000002,29.25],[-89.31008279999998,29.25],[-89.30996110000001,29.25],[-89.30985399999997,29.25],[-89.30969770000002,29.25],[-89.30948430000001,29.25],[-89.30934789999998,29.25],[-89.3092173,29.25],[-89.30519479999998,29.25],[-89.30489549999999,29.25],[-89.30432180000003,29.25],[-89.30332299999998,29.25],[-89.30321149999997,29.25],[-89.30305099999998,29.25],[-89.30221039999998,29.25],[-89.30210770000002,29.25],[-89.30175159999999,29.25],[-89.30158690000002,29.25],[-89.30135469999999,29.25],[-89.29933240000003,29.25],[-89.29900400000002,29.25],[-89.29874890000002,29.25],[-89.2971829,29.25],[-89.2930508,29.25],[-89.28813330000003,29.25],[-89.28761780000002,29.25],[-89.26988510000001,29.25],[-89.26983840000003,29.25],[-89.26598949999999,29.25],[-89.26399470000001,29.25],[-89.26124149999998,29.25],[-89.25494129999998,29.25],[-89.25490439999999,29.25],[-89.25092810000001,29.25],[-89.25044020000001,29.25],[-89.25,29.25],[-89.25,29.248979799999972],[-89.25,29.24889330000002],[-89.25,29.245569199999977],[-89.25,29.244907899999987],[-89.25,29.24431800000002],[-89.25,29.244278699999995],[-89.25,29.244178799999986],[-89.25,29.241328399999986],[-89.25,29.238335800000016],[-89.25,29.236862499999972],[-89.25,29.2362746],[-89.25,29.22889409999999],[-89.25,29.2235225],[-89.25,29.218739200000016],[-89.25,29.21873310000001],[-89.25,29.210637299999973],[-89.25,29.21032889999998],[-89.25,29.210131100000012],[-89.25,29.205143399999997],[-89.25,29.20507470000001],[-89.25,29.203015600000015],[-89.25,29.202934099999993],[-89.25,29.202383800000007],[-89.25,29.202157199999988],[-89.25,29.201299500000005],[-89.25,29.2004498],[-89.25,29.199474099999975],[-89.25,29.197624599999983],[-89.25,29.195983899999987],[-89.25,29.195887900000002],[-89.25,29.19435199999998],[-89.25,29.19430699999998],[-89.25,29.193703599999992],[-89.25,29.193644500000005],[-89.25,29.193371800000023],[-89.25,29.193252099999995],[-89.25,29.19163359999999],[-89.25,29.191599399999973],[-89.25,29.189463199999977],[-89.25,29.188532899999984],[-89.25,29.188144000000023],[-89.25,29.18794059999999],[-89.25,29.187579599999992],[-89.25,29.186750700000005],[-89.25,29.182826299999988],[-89.25,29.17969499999998],[-89.25,29.1766609],[-89.25,29.176660099999992],[-89.25,29.175618699999973],[-89.25,29.17500000000001],[-89.25512140000001,29.17500000000001],[-89.25598109999999,29.17500000000001],[-89.25604399999997,29.17500000000001],[-89.25738310000003,29.17500000000001],[-89.25742880000001,29.17500000000001],[-89.25747410000002,29.17500000000001],[-89.25750549999998,29.17500000000001],[-89.25750649999998,29.17500000000001],[-89.25753750000001,29.17500000000001],[-89.2575387,29.17500000000001],[-89.2575708,29.17500000000001],[-89.25757190000002,29.17500000000001],[-89.25760109999999,29.17500000000001],[-89.2576029,29.17500000000001],[-89.25763439999997,29.17500000000001],[-89.25763549999999,29.17500000000001],[-89.2576679,29.17500000000001],[-89.2576689,29.17500000000001],[-89.2577018,29.17500000000001],[-89.25785580000002,29.17500000000001],[-89.25786900000003,29.17500000000001],[-89.25855919999998,29.17500000000001],[-89.25906470000001,29.17500000000001],[-89.2590806,29.17500000000001],[-89.2593104,29.17500000000001],[-89.25969129999999,29.17500000000001],[-89.2603178,29.17500000000001],[-89.2609443,29.17500000000001],[-89.26125739999998,29.17500000000001],[-89.26149379999998,29.17500000000001],[-89.26157089999998,29.17500000000001],[-89.2625066,29.17500000000001],[-89.26251009999999,29.17500000000001],[-89.26269450000001,29.17500000000001],[-89.26327930000002,29.17500000000001],[-89.263646,29.17500000000001],[-89.26378929999998,29.17500000000001],[-89.2637947,29.17500000000001],[-89.2646881,29.17500000000001],[-89.2646919,29.17500000000001],[-89.26497710000001,29.17500000000001],[-89.26498149999998,29.17500000000001],[-89.2654948,29.17500000000001],[-89.26549999999997,29.17500000000001],[-89.26622500000002,29.17500000000001],[-89.26622980000002,29.17500000000001],[-89.26636500000001,29.17500000000001],[-89.2665083,29.17500000000001],[-89.26651529999998,29.17500000000001],[-89.26678629999998,29.17500000000001],[-89.26679130000002,29.17500000000001],[-89.26683259999999,29.17500000000001],[-89.26686319999999,29.17500000000001],[-89.26702110000002,29.17500000000001],[-89.26730220000002,29.17500000000001],[-89.2678654,29.17500000000001],[-89.26786570000002,29.17500000000001],[-89.268171,29.17500000000001],[-89.26821389999998,29.17500000000001],[-89.26867779999998,29.17500000000001],[-89.2686822,29.17500000000001],[-89.26944079999998,29.17500000000001],[-89.26946559999999,29.17500000000001],[-89.2697364,29.17500000000001],[-89.2697445,29.17500000000001],[-89.27051920000002,29.17500000000001],[-89.27056679999998,29.17500000000001],[-89.27079859999998,29.17500000000001],[-89.27081040000002,29.17500000000001],[-89.27096269999998,29.17500000000001],[-89.27116239999998,29.17500000000001],[-89.2775914,29.17500000000001],[-89.27761720000001,29.17500000000001],[-89.28072580000003,29.17500000000001],[-89.28078369999997,29.17500000000001],[-89.28096440000002,29.17500000000001],[-89.28096699999998,29.17500000000001],[-89.28211049999999,29.17500000000001],[-89.28212559999997,29.17500000000001],[-89.2833966,29.17500000000001],[-89.28339740000001,29.17500000000001],[-89.28694619999999,29.17500000000001],[-89.28699640000002,29.17500000000001],[-89.28766480000002,29.17500000000001],[-89.28835750000002,29.17500000000001],[-89.29775380000001,29.17500000000001],[-89.32303519999999,29.17500000000001]]]}},{"type":"Feature","properties":{},"geometry":{"type":"Polygon","coordinates":[[[-89.39634139999998,29.25],[-89.39642839999999,29.25],[-89.39999999999998,29.25],[-89.39999999999998,29.254819899999973],[-89.39999999999998,29.254893100000004],[-89.39999999999998,29.255301400000008],[-89.39999999999998,29.257395299999985],[-89.39999999999998,29.257466099999988],[-89.39999999999998,29.25768770000002],[-89.39999999999998,29.2580509],[-89.39999999999998,29.258062600000017],[-89.39999999999998,29.262937799999975],[-89.39999999999998,29.26306119999998],[-89.39999999999998,29.263236699999993],[-89.39999999999998,29.263283100000024],[-89.39999999999998,29.263610200000016],[-89.39999999999998,29.263669600000014],[-89.39999999999998,29.266752499999996],[-89.39999999999998,29.267059000000017],[-89.39999999999998,29.26707859999999],[-89.39999999999998,29.267288000000008],[-89.39999999999998,29.26740080000002],[-89.39999999999998,29.26819039999998],[-89.39999999999998,29.307804499999975],[-89.39999999999998,29.324096499999996],[-89.39999999999998,29.3246623],[-89.39999999999998,29.32499999999999],[-89.3994879,29.32499999999999],[-89.39833800000002,29.32499999999999],[-89.39805430000001,29.32499999999999],[-89.39257320000002,29.32499999999999],[-89.39209299999999,29.32499999999999],[-89.39176759999998,29.32499999999999],[-89.39174839999998,29.32499999999999],[-89.39173720000002,29.32499999999999],[-89.39170760000002,29.32499999999999],[-89.39168669999998,29.32499999999999],[-89.39164929999998,29.32499999999999],[-89.39161209999997,29.32499999999999],[-89.39157569999998,29.32499999999999],[-89.39153929999998,29.32499999999999],[-89.39150310000002,29.32499999999999],[-89.3910616,29.32499999999999],[-89.38966720000002,29.32499999999999],[-89.38817,29.32499999999999],[-89.3878406,29.32499999999999],[-89.3853201,29.32499999999999],[-89.38279210000002,29.32499999999999],[-89.3822879,29.32499999999999],[-89.38228020000003,29.32499999999999],[-89.3820713,29.32499999999999],[-89.38194420000002,29.32499999999999],[-89.38185429999999,29.32499999999999],[-89.38184439999998,29.32499999999999],[-89.38181630000003,29.32499999999999],[-89.38178640000001,29.32499999999999],[-89.38175919999998,29.32499999999999],[-89.38172170000001,29.32499999999999],[-89.38169069999998,29.32499999999999],[-89.38166330000001,29.32499999999999],[-89.38154889999998,29.32499999999999],[-89.3814499,29.32499999999999],[-89.38144039999997,29.32499999999999],[-89.38142970000001,29.32499999999999],[-89.37982970000002,29.32499999999999],[-89.37977769999998,29.32499999999999],[-89.37977310000002,29.32499999999999],[-89.3796557,29.32499999999999],[-89.3694102,29.32499999999999],[-89.36932409999997,29.32499999999999],[-89.36931470000002,29.32499999999999],[-89.36893049999998,29.32499999999999],[-89.36893020000002,29.32499999999999],[-89.36789979999998,29.32499999999999],[-89.36745810000002,29.32499999999999],[-89.36745560000003,29.32499999999999],[-89.36735370000002,29.32499999999999],[-89.36654870000001,29.32499999999999],[-89.3665383,29.32499999999999],[-89.3661449,29.32499999999999],[-89.36609099999998,29.32499999999999],[-89.36573870000001,29.32499999999999],[-89.36520410000003,29.32499999999999],[-89.36176499999999,29.32499999999999],[-89.36166700000001,29.32499999999999],[-89.3615072,29.32499999999999],[-89.36102899999997,29.32499999999999],[-89.36059890000001,29.32499999999999],[-89.35727200000002,29.32499999999999],[-89.35707839999998,29.32499999999999],[-89.35293439999998,29.32499999999999],[-89.3529077,29.32499999999999],[-89.35226870000002,29.32499999999999],[-89.35225960000002,29.32499999999999],[-89.34941470000001,29.32499999999999],[-89.349355,29.32499999999999],[-89.3490516,29.32499999999999],[-89.34903489999999,29.32499999999999],[-89.34878020000002,29.32499999999999],[-89.34868669999997,29.32499999999999],[-89.3445979,29.32499999999999],[-89.3355358,29.32499999999999],[-89.33548680000001,29.32499999999999],[-89.33493629999998,29.32499999999999],[-89.33469459999998,29.32499999999999],[-89.3345425,29.32499999999999],[-89.33438089999999,29.32499999999999],[-89.3335621,29.32499999999999],[-89.33341689999997,29.32499999999999],[-89.33322099999998,29.32499999999999],[-89.33293650000002,29.32499999999999],[-89.332899,29.32499999999999],[-89.3318332,29.32499999999999],[-89.32691340000002,29.32499999999999],[-89.32688639999998,29.32499999999999],[-89.32499999999999,29.32499999999999],[-89.32499999999999,29.319783799999982],[-89.32499999999999,29.3179806],[-89.32499999999999,29.310453499999994],[-89.32499999999999,29.307067500000016],[-89.32499999999999,29.306165099999987],[-89.32499999999999,29.305267000000015],[-89.32499999999999,29.304977599999972],[-89.32499999999999,29.304546500000015],[-89.32499999999999,29.304319399999997],[-89.32499999999999,29.303967399999976],[-89.32499999999999,29.303867799999978],[-89.32499999999999,29.3036429],[-89.32499999999999,29.303553299999976],[-89.32499999999999,29.303360199999986],[-89.32499999999999,29.303157399999975],[-89.32499999999999,29.303034700000012],[-89.32499999999999,29.302898200000016],[-89.32499999999999,29.302826400000015],[-89.32499999999999,29.302761499999974],[-89.32499999999999,29.302699099999984],[-89.32499999999999,29.301713600000028],[-89.32499999999999,29.301461000000018],[-89.32499999999999,29.301159799999994],[-89.32499999999999,29.300010299999997],[-89.32499999999999,29.293875300000025],[-89.32499999999999,29.29243500000001],[-89.32499999999999,29.29182179999998],[-89.32499999999999,29.291672699999992],[-89.32499999999999,29.287603999999988],[-89.32499999999999,29.286805000000015],[-89.32499999999999,29.285971899999993],[-89.32499999999999,29.285787599999992],[-89.32499999999999,29.28250270000001],[-89.32499999999999,29.282316999999978],[-89.32499999999999,29.280431899999996],[-89.32499999999999,29.280039499999987],[-89.32499999999999,29.271409500000004],[-89.32499999999999,29.271201299999973],[-89.32499999999999,29.27074779999998],[-89.32499999999999,29.270555300000012],[-89.32499999999999,29.268650999999977],[-89.32499999999999,29.267942500000004],[-89.32499999999999,29.26308069999999],[-89.32499999999999,29.262965199999996],[-89.32499999999999,29.262947199999985],[-89.32499999999999,29.26289059999999],[-89.32499999999999,29.26271489999999],[-89.32499999999999,29.262538300000017],[-89.32499999999999,29.262393499999973],[-89.32499999999999,29.26231100000001],[-89.32499999999999,29.262125200000014],[-89.32499999999999,29.261512299999993],[-89.32499999999999,29.260447499999998],[-89.32499999999999,29.259097899999972],[-89.32499999999999,29.256631099999993],[-89.32499999999999,29.25648940000002],[-89.32499999999999,29.25427400000001],[-89.32499999999999,29.253813700000023],[-89.32499999999999,29.253345500000023],[-89.32499999999999,29.253064300000005],[-89.32499999999999,29.252956600000005],[-89.32499999999999,29.252899300000024],[-89.32499999999999,29.25283860000002],[-89.32499999999999,29.252804000000026],[-89.32499999999999,29.252627099999984],[-89.32499999999999,29.25249500000001],[-89.32499999999999,29.252446099999986],[-89.32499999999999,29.252363300000013],[-89.32499999999999,29.25215179999998],[-89.32499999999999,29.25],[-89.32809200000003,29.25],[-89.3370251,29.25],[-89.34417280000002,29.25],[-89.3450024,29.25],[-89.34748009999998,29.25],[-89.3512877,29.25],[-89.3520585,29.25],[-89.35729179999998,29.25],[-89.35752079999997,29.25],[-89.3576205,29.25],[-89.35779639999998,29.25],[-89.3579358,29.25],[-89.35833079999998,29.25],[-89.35840669999999,29.25],[-89.35851880000001,29.25],[-89.35884490000001,29.25],[-89.35989000000001,29.25],[-89.36056730000001,29.25],[-89.3612412,29.25],[-89.36125390000001,29.25],[-89.3614531,29.25],[-89.36149649999999,29.25],[-89.36197909999999,29.25],[-89.36240980000002,29.25],[-89.36315359999998,29.25],[-89.37243649999999,29.25],[-89.37290760000002,29.25],[-89.3731914,29.25],[-89.37373280000003,29.25],[-89.37552249999999,29.25],[-89.37976040000001,29.25],[-89.38057229999998,29.25],[-89.38302040000002,29.25],[-89.3910396,29.25],[-89.39607610000002,29.25],[-89.39619850000003,29.25],[-89.39634139999998,29.25]]]}},{"type":"Feature","properties":{},"geometry":{"type":"Polygon","coordinates":[[[-89.32213339999998,29.25],[-89.32499999999999,29.25],[-89.32499999999999,29.25215179999998],[-89.32499999999999,29.252363300000013],[-89.32499999999999,29.252446099999986],[-89.32499999999999,29.25249500000001],[-89.32499999999999,29.252627099999984],[-89.32499999999999,29.252804000000026],[-89.32499999999999,29.25283860000002],[-89.32499999999999,29.252899300000024],[-89.32499999999999,29.252956600000005],[-89.32499999999999,29.253064300000005],[-89.32499999999999,29.253345500000023],[-89.32499999999999,29.253813700000023],[-89.32499999999999,29.25427400000001],[-89.32499999999999,29.25648940000002],[-89.32499999999999,29.256631099999993],[-89.32499999999999,29.259097899999972],[-89.32499999999999,29.260447499999998],[-89.32499999999999,29.261512299999993],[-89.32499999999999,29.262125200000014],[-89.32499999999999,29.26231100000001],[-89.32499999999999,29.262393499999973],[-89.32499999999999,29.262538300000017],[-89.32499999999999,29.26271489999999],[-89.32499999999999,29.26289059999999],[-89.32499999999999,29.262947199999985],[-89.32499999999999,29.262965199999996],[-89.32499999999999,29.26308069999999],[-89.32499999999999,29.267942500000004],[-89.32499999999999,29.268650999999977],[-89.32499999999999,29.270555300000012],[-89.32499999999999,29.27074779999998],[-89.32499999999999,29.271201299999973],[-89.32499999999999,29.271409500000004],[-89.32499999999999,29.280039499999987],[-89.32499999999999,29.280431899999996],[-89.32499999999999,29.282316999999978],[-89.32499999999999,29.28250270000001],[-89.32499999999999,29.285787599999992],[-89.32499999999999,29.285971899999993],[-89.32499999999999,29.286805000000015],[-89.32499999999999,29.287603999999988],[-89.32499999999999,29.291672699999992],[-89.32499999999999,29.29182179999998],[-89.32499999999999,29.29243500000001],[-89.32499999999999,29.293875300000025],[-89.32499999999999,29.300010299999997],[-89.32499999999999,29.301159799999994],[-89.32499999999999,29.301461000000018],[-89.32499999999999,29.301713600000028],[-89.32499999999999,29.302699099999984],[-89.32499999999999,29.302761499999974],[-89.32499999999999,29.302826400000015],[-89.32499999999999,29.302898200000016],[-89.32499999999999,29.303034700000012],[-89.32499999999999,29.303157399999975],[-89.32499999999999,29.303360199999986],[-89.32499999999999,29.303553299999976],[-89.32499999999999,29.3036429],[-89.32499999999999,29.303867799999978],[-89.32499999999999,29.303967399999976],[-89.32499999999999,29.304319399999997],[-89.32499999999999,29.304546500000015],[-89.32499999999999,29.304977599999972],[-89.32499999999999,29.305267000000015],[-89.32499999999999,29.306165099999987],[-89.32499999999999,29.307067500000016],[-89.32499999999999,29.310453499999994],[-89.32499999999999,29.3179806],[-89.32499999999999,29.319783799999982],[-89.32499999999999,29.32499999999999],[-89.32337339999998,29.32499999999999],[-89.323058,29.32499999999999],[-89.32273939999999,29.32499999999999],[-89.3217353,29.32499999999999],[-89.32169879999998,29.32499999999999],[-89.31936860000002,29.32499999999999],[-89.3188245,29.32499999999999],[-89.31519709999998,29.32499999999999],[-89.31517960000002,29.32499999999999],[-89.31486519999999,29.32499999999999],[-89.31482970000002,29.32499999999999],[-89.31481009999999,29.32499999999999],[-89.31474509999998,29.32499999999999],[-89.31473779999999,29.32499999999999],[-89.31473499999998,29.32499999999999],[-89.31471260000001,29.32499999999999],[-89.31464419999998,29.32499999999999],[-89.31462119999998,29.32499999999999],[-89.31460149999998,29.32499999999999],[-89.31457740000002,29.32499999999999],[-89.31436689999998,29.32499999999999],[-89.3142398,29.32499999999999],[-89.31401640000001,29.32499999999999],[-89.31399549999998,29.32499999999999],[-89.31399010000001,29.32499999999999],[-89.3139855,29.32499999999999],[-89.31388859999998,29.32499999999999],[-89.31385840000002,29.32499999999999],[-89.31383210000001,29.32499999999999],[-89.31340160000002,29.32499999999999],[-89.31339580000002,29.32499999999999],[-89.3133608,29.32499999999999],[-89.31326810000002,29.32499999999999],[-89.31318440000001,29.32499999999999],[-89.31317180000002,29.32499999999999],[-89.31316340000001,29.32499999999999],[-89.31313549999999,29.32499999999999],[-89.31303630000002,29.32499999999999],[-89.31281080000002,29.32499999999999],[-89.31202510000003,29.32499999999999],[-89.31107809999997,29.32499999999999],[-89.31058080000003,29.32499999999999],[-89.3098885,29.32499999999999],[-89.3098698,29.32499999999999],[-89.30887009999998,29.32499999999999],[-89.30850099999998,29.32499999999999],[-89.30333189999999,29.32499999999999],[-89.30296270000002,29.32499999999999],[-89.30146760000002,29.32499999999999],[-89.30103700000001,29.32499999999999],[-89.29713600000002,29.32499999999999],[-89.29539039999997,29.32499999999999],[-89.2949908,29.32499999999999],[-89.29310029999999,29.32499999999999],[-89.2927252,29.32499999999999],[-89.2801384,29.32499999999999],[-89.28010069999999,29.32499999999999],[-89.27873110000002,29.32499999999999],[-89.27591949999999,29.32499999999999],[-89.2753735,29.32499999999999],[-89.27534730000002,29.32499999999999],[-89.27372689999999,29.32499999999999],[-89.2674849,29.32499999999999],[-89.26410779999998,29.32499999999999],[-89.25,29.32499999999999],[-89.25,29.317499999999995],[-89.25,29.316113200000018],[-89.25,29.306592799999976],[-89.25,29.306081500000005],[-89.25,29.30606899999998],[-89.25,29.306061],[-89.25,29.306036000000006],[-89.25,29.30530329999999],[-89.25,29.305108200000006],[-89.25,29.303145299999983],[-89.25,29.300009999999986],[-89.25,29.298062399999992],[-89.25,29.29724540000001],[-89.25,29.29354810000001],[-89.25,29.29113269999999],[-89.25,29.29108960000002],[-89.25,29.2904355],[-89.25,29.29033129999999],[-89.25,29.285414899999978],[-89.25,29.283963599999993],[-89.25,29.27649930000001],[-89.25,29.274237000000028],[-89.25,29.27422009999998],[-89.25,29.272394799999972],[-89.25,29.27065590000001],[-89.25,29.2679579],[-89.25,29.267526499999974],[-89.25,29.26748470000001],[-89.25,29.264724899999976],[-89.25,29.26470069999999],[-89.25,29.262672500000008],[-89.25,29.253983500000004],[-89.25,29.25],[-89.25044020000001,29.25],[-89.25092810000001,29.25],[-89.25490439999999,29.25],[-89.25494129999998,29.25],[-89.26124149999998,29.25],[-89.26399470000001,29.25],[-89.26598949999999,29.25],[-89.26983840000003,29.25],[-89.26988510000001,29.25],[-89.28761780000002,29.25],[-89.28813330000003,29.25],[-89.2930508,29.25],[-89.2971829,29.25],[-89.29874890000002,29.25],[-89.29900400000002,29.25],[-89.29933240000003,29.25],[-89.30135469999999,29.25],[-89.30158690000002,29.25],[-89.30175159999999,29.25],[-89.30210770000002,29.25],[-89.30221039999998,29.25],[-89.30305099999998,29.25],[-89.30321149999997,29.25],[-89.30332299999998,29.25],[-89.30432180000003,29.25],[-89.30489549999999,29.25],[-89.30519479999998,29.25],[-89.3092173,29.25],[-89.30934789999998,29.25],[-89.30948430000001,29.25],[-89.30969770000002,29.25],[-89.30985399999997,29.25],[-89.30996110000001,29.25],[-89.31008279999998,29.25],[-89.31024200000002,29.25],[-89.31034069999998,29.25],[-89.310544,29.25],[-89.31417320000003,29.25],[-89.3153461,29.25],[-89.31604750000002,29.25],[-89.319458,29.25],[-89.31973879999998,29.25],[-89.3198514,29.25],[-89.3204407,29.25],[-89.32070959999999,29.25],[-89.32077149999998,29.25],[-89.32078530000001,29.25],[-89.32083779999999,29.25],[-89.3208856,29.25],[-89.32093800000001,29.25],[-89.32115679999998,29.25],[-89.32135399999999,29.25],[-89.32146039999998,29.25],[-89.32155180000001,29.25],[-89.32159760000002,29.25],[-89.32172559999998,29.25],[-89.3218387,29.25],[-89.32213339999998,29.25]]]}},{"type":"Feature","properties":{},"geometry":{"type":"Polygon","coordinates":[[[-89.6201476,29.32499999999999],[-89.625,29.32499999999999],[-89.625,29.327107099999978],[-89.625,29.327674000000002],[-89.625,29.329375000000027],[-89.625,29.32974569999999],[-89.625,29.330356999999992],[-89.625,29.330707099999984],[-89.625,29.332152000000008],[-89.625,29.332544199999973],[-89.625,29.332787699999983],[-89.625,29.333335799999986],[-89.625,29.3336367],[-89.625,29.33457629999998],[-89.625,29.334767],[-89.625,29.335062100000016],[-89.625,29.335241999999994],[-89.625,29.33627630000001],[-89.625,29.337564299999997],[-89.625,29.345646199999976],[-89.625,29.349538900000027],[-89.625,29.350220999999976],[-89.625,29.381712800000003],[-89.625,29.38215919999999],[-89.625,29.384864400000026],[-89.625,29.38557609999998],[-89.625,29.3916016],[-89.625,29.395339999999976],[-89.625,29.395352100000025],[-89.625,29.395950500000026],[-89.625,29.39705650000002],[-89.625,29.39859150000001],[-89.625,29.39910070000002],[-89.625,29.3996262],[-89.625,29.399902300000008],[-89.625,29.399999999999977],[-89.62364539999999,29.399999999999977],[-89.62291779999998,29.399999999999977],[-89.61750169999999,29.399999999999977],[-89.6171,29.399999999999977],[-89.61384659999999,29.399999999999977],[-89.61359800000002,29.399999999999977],[-89.60572489999998,29.399999999999977],[-89.6053468,29.399999999999977],[-89.60500489999998,29.399999999999977],[-89.60495170000002,29.399999999999977],[-89.60489639999997,29.399999999999977],[-89.60481170000003,29.399999999999977],[-89.60469590000002,29.399999999999977],[-89.60468550000002,29.399999999999977],[-89.60463049999998,29.399999999999977],[-89.60455919999998,29.399999999999977],[-89.60450609999998,29.399999999999977],[-89.60448650000001,29.399999999999977],[-89.60444910000001,29.399999999999977],[-89.60441200000002,29.399999999999977],[-89.6043755,29.399999999999977],[-89.60433929999999,29.399999999999977],[-89.60418179999999,29.399999999999977],[-89.6039915,29.399999999999977],[-89.60389850000001,29.399999999999977],[-89.6036451,29.399999999999977],[-89.60300130000002,29.399999999999977],[-89.60111210000002,29.399999999999977],[-89.59943279999999,29.399999999999977],[-89.5981567,29.399999999999977],[-89.59735710000001,29.399999999999977],[-89.59718650000002,29.399999999999977],[-89.5971495,29.399999999999977],[-89.59711479999999,29.399999999999977],[-89.59707989999998,29.399999999999977],[-89.59704499999998,29.399999999999977],[-89.59700959999998,29.399999999999977],[-89.59695959999999,29.399999999999977],[-89.59691679999997,29.399999999999977],[-89.59624630000002,29.399999999999977],[-89.59596520000002,29.399999999999977],[-89.59586089999999,29.399999999999977],[-89.59584569999998,29.399999999999977],[-89.59318100000002,29.399999999999977],[-89.59305669999998,29.399999999999977],[-89.59284059999999,29.399999999999977],[-89.58760089999998,29.399999999999977],[-89.58734299999998,29.399999999999977],[-89.58689520000001,29.399999999999977],[-89.58634330000001,29.399999999999977],[-89.58421270000002,29.399999999999977],[-89.58387679999998,29.399999999999977],[-89.58362310000001,29.399999999999977],[-89.58318159999999,29.399999999999977],[-89.57443,29.399999999999977],[-89.57390290000001,29.399999999999977],[-89.57340829999998,29.399999999999977],[-89.5728565,29.399999999999977],[-89.57188769999999,29.399999999999977],[-89.57136359999998,29.399999999999977],[-89.5668402,29.399999999999977],[-89.56683290000001,29.399999999999977],[-89.56672730000003,29.399999999999977],[-89.56617519999998,29.399999999999977],[-89.5617881,29.399999999999977],[-89.56000719999997,29.399999999999977],[-89.55697939999999,29.399999999999977],[-89.55000000000001,29.399999999999977],[-89.55000000000001,29.392842799999983],[-89.55000000000001,29.39120170000001],[-89.55000000000001,29.3909989],[-89.55000000000001,29.383153100000015],[-89.55000000000001,29.382816100000014],[-89.55000000000001,29.382685100000003],[-89.55000000000001,29.382414200000028],[-89.55000000000001,29.376344099999983],[-89.55000000000001,29.37482560000001],[-89.55000000000001,29.374232300000017],[-89.55000000000001,29.372420999999974],[-89.55000000000001,29.37222939999998],[-89.55000000000001,29.372151900000006],[-89.55000000000001,29.3719878],[-89.55000000000001,29.371589299999982],[-89.55000000000001,29.371520599999997],[-89.55000000000001,29.371434099999988],[-89.55000000000001,29.370935499999973],[-89.55000000000001,29.370871899999997],[-89.55000000000001,29.370840600000008],[-89.55000000000001,29.370809500000007],[-89.55000000000001,29.370778400000006],[-89.55000000000001,29.370747499999993],[-89.55000000000001,29.370716700000003],[-89.55000000000001,29.370286299999975],[-89.55000000000001,29.37023049999999],[-89.55000000000001,29.36964599999999],[-89.55000000000001,29.3682766],[-89.55000000000001,29.365789399999983],[-89.55000000000001,29.365094],[-89.55000000000001,29.364969599999995],[-89.55000000000001,29.364769799999976],[-89.55000000000001,29.36475869999998],[-89.55000000000001,29.3644137],[-89.55000000000001,29.3643639],[-89.55000000000001,29.364236199999993],[-89.55000000000001,29.364187300000026],[-89.55000000000001,29.36415870000002],[-89.55000000000001,29.36414000000002],[-89.55000000000001,29.364128400000027],[-89.55000000000001,29.364100500000006],[-89.55000000000001,29.364071299999978],[-89.55000000000001,29.364060999999992],[-89.55000000000001,29.364043200000026],[-89.55000000000001,29.364015100000017],[-89.55000000000001,29.363962200000003],[-89.55000000000001,29.363914799999975],[-89.55000000000001,29.363828599999977],[-89.55000000000001,29.36369159999998],[-89.55000000000001,29.36368950000002],[-89.55000000000001,29.363684999999975],[-89.55000000000001,29.363425699999993],[-89.55000000000001,29.36320139999998],[-89.55000000000001,29.35771299999999],[-89.55000000000001,29.357397400000025],[-89.55000000000001,29.353711599999997],[-89.55000000000001,29.32499999999999],[-89.56778700000001,29.32499999999999],[-89.56979100000001,29.32499999999999],[-89.60217419999998,29.32499999999999],[-89.60268009999999,29.32499999999999],[-89.60285470000002,29.32499999999999],[-89.60329489999998,29.32499999999999],[-89.6036173,29.32499999999999],[-89.6039687,29.32499999999999],[-89.60426380000001,29.32499999999999],[-89.6048735,29.32499999999999],[-89.6110165,29.32499999999999],[-89.61109299999998,29.32499999999999],[-89.6115059,29.32499999999999],[-89.61222500000002,29.32499999999999],[-89.6201476,29.32499999999999]]]}},{"type":"Feature","properties":{},"geometry":{"type":"Polygon","coordinates":[[[-89.547372,29.32499999999999],[-89.55000000000001,29.32499999999999],[-89.55000000000001,29.353711599999997],[-89.55000000000001,29.357397400000025],[-89.55000000000001,29.35771299999999],[-89.55000000000001,29.36320139999998],[-89.55000000000001,29.363425699999993],[-89.55000000000001,29.36368950000002],[-89.55000000000001,29.363914799999975],[-89.55000000000001,29.363962200000003],[-89.55000000000001,29.364015100000017],[-89.55000000000001,29.364043200000026],[-89.55000000000001,29.364060999999992],[-89.55000000000001,29.364071299999978],[-89.55000000000001,29.364100500000006],[-89.55000000000001,29.364128400000027],[-89.55000000000001,29.36415870000002],[-89.55000000000001,29.364187300000026],[-89.55000000000001,29.3643639],[-89.55000000000001,29.36475869999998],[-89.55000000000001,29.364769799999976],[-89.55000000000001,29.364969599999995],[-89.55000000000001,29.365094],[-89.55000000000001,29.365789399999983],[-89.55000000000001,29.3682766],[-89.55000000000001,29.36964599999999],[-89.55000000000001,29.37023049999999],[-89.55000000000001,29.370286299999975],[-89.55000000000001,29.370716700000003],[-89.55000000000001,29.370747499999993],[-89.55000000000001,29.370778400000006],[-89.55000000000001,29.370809500000007],[-89.55000000000001,29.370840600000008],[-89.55000000000001,29.370871899999997],[-89.55000000000001,29.370935499999973],[-89.55000000000001,29.37222939999998],[-89.55000000000001,29.372420999999974],[-89.55000000000001,29.374232300000017],[-89.55000000000001,29.37482560000001],[-89.55000000000001,29.376344099999983],[-89.55000000000001,29.382414200000028],[-89.55000000000001,29.382685100000003],[-89.55000000000001,29.382816100000014],[-89.55000000000001,29.383153100000015],[-89.55000000000001,29.3909989],[-89.55000000000001,29.39120170000001],[-89.55000000000001,29.392842799999983],[-89.55000000000001,29.399999999999977],[-89.54388979999999,29.399999999999977],[-89.52233690000003,29.399999999999977],[-89.52026139999998,29.399999999999977],[-89.5157183,29.399999999999977],[-89.51551810000001,29.399999999999977],[-89.51519180000003,29.399999999999977],[-89.51390629999997,29.399999999999977],[-89.48876569999999,29.399999999999977],[-89.48407229999998,29.399999999999977],[-89.47500000000002,29.399999999999977],[-89.47500000000002,29.397501999999974],[-89.47500000000002,29.39377639999998],[-89.47500000000002,29.393592899999987],[-89.47500000000002,29.392421599999977],[-89.47500000000002,29.392134999999996],[-89.47500000000002,29.38852780000002],[-89.47500000000002,29.388136499999973],[-89.47500000000002,29.38562680000001],[-89.47500000000002,29.3835378],[-89.47500000000002,29.37884650000001],[-89.47500000000002,29.371562499999982],[-89.47500000000002,29.37128150000001],[-89.47500000000002,29.370485599999995],[-89.47500000000002,29.369851700000027],[-89.47500000000002,29.369513100000006],[-89.47500000000002,29.368253600000003],[-89.47500000000002,29.366112600000008],[-89.47500000000002,29.365712599999995],[-89.47500000000002,29.36531439999999],[-89.47500000000002,29.36213620000001],[-89.47500000000002,29.358817699999975],[-89.47500000000002,29.358589199999983],[-89.47500000000002,29.358488899999998],[-89.47500000000002,29.358106899999996],[-89.47500000000002,29.357814899999994],[-89.47500000000002,29.357325600000024],[-89.47500000000002,29.357112299999983],[-89.47500000000002,29.356278400000008],[-89.47500000000002,29.355541399999993],[-89.47500000000002,29.353823200000022],[-89.47500000000002,29.352829199999974],[-89.47500000000002,29.351397200000008],[-89.47500000000002,29.350839399999984],[-89.47500000000002,29.349242600000025],[-89.47500000000002,29.3478111],[-89.47500000000002,29.347714699999983],[-89.47500000000002,29.347675400000014],[-89.47500000000002,29.34754079999999],[-89.47500000000002,29.347532],[-89.47500000000002,29.347481500000015],[-89.47500000000002,29.34743830000002],[-89.47500000000002,29.34739639999998],[-89.47500000000002,29.3472127],[-89.47500000000002,29.347050200000012],[-89.47500000000002,29.347008500000015],[-89.47500000000002,29.34686049999999],[-89.47500000000002,29.34678389999999],[-89.47500000000002,29.346711900000003],[-89.47500000000002,29.346208100000013],[-89.47500000000002,29.34599830000002],[-89.47500000000002,29.345472500000028],[-89.47500000000002,29.345250099999987],[-89.47500000000002,29.342483000000016],[-89.47500000000002,29.34147949999999],[-89.47500000000002,29.3410533],[-89.47500000000002,29.340803800000003],[-89.47500000000002,29.34072520000001],[-89.47500000000002,29.340695200000027],[-89.47500000000002,29.34067110000001],[-89.47500000000002,29.340662500000008],[-89.47500000000002,29.340635099999986],[-89.47500000000002,29.340605100000005],[-89.47500000000002,29.34057519999999],[-89.47500000000002,29.340545200000008],[-89.47500000000002,29.3404898],[-89.47500000000002,29.340262199999984],[-89.47500000000002,29.33985439999998],[-89.47500000000002,29.339681299999995],[-89.47500000000002,29.329946300000017],[-89.47500000000002,29.3295794],[-89.47500000000002,29.32697810000002],[-89.47500000000002,29.326739999999972],[-89.47500000000002,29.32499999999999],[-89.48092480000003,29.32499999999999],[-89.48137509999998,29.32499999999999],[-89.4959227,29.32499999999999],[-89.50034319999997,29.32499999999999],[-89.5003898,29.32499999999999],[-89.50137489999997,29.32499999999999],[-89.50180540000002,29.32499999999999],[-89.50710229999999,29.32499999999999],[-89.50737500000002,29.32499999999999],[-89.5255019,29.32499999999999],[-89.52560870000002,29.32499999999999],[-89.52614269999998,29.32499999999999],[-89.52638409999997,29.32499999999999],[-89.53340100000003,29.32499999999999],[-89.547372,29.32499999999999]]]}},{"type":"Feature","properties":{},"geometry":{"type":"Polygon","coordinates":[[[-89.46617859999998,29.32499999999999],[-89.47500000000002,29.32499999999999],[-89.47500000000002,29.326739999999972],[-89.47500000000002,29.32697810000002],[-89.47500000000002,29.3295794],[-89.47500000000002,29.329946300000017],[-89.47500000000002,29.339681299999995],[-89.47500000000002,29.33985439999998],[-89.47500000000002,29.340262199999984],[-89.47500000000002,29.3404898],[-89.47500000000002,29.340545200000008],[-89.47500000000002,29.34057519999999],[-89.47500000000002,29.340605100000005],[-89.47500000000002,29.340635099999986],[-89.47500000000002,29.340662500000008],[-89.47500000000002,29.34067110000001],[-89.47500000000002,29.340695200000027],[-89.47500000000002,29.34072520000001],[-89.47500000000002,29.340803800000003],[-89.47500000000002,29.3410533],[-89.47500000000002,29.34147949999999],[-89.47500000000002,29.342483000000016],[-89.47500000000002,29.345250099999987],[-89.47500000000002,29.345472500000028],[-89.47500000000002,29.34599830000002],[-89.47500000000002,29.346208100000013],[-89.47500000000002,29.346711900000003],[-89.47500000000002,29.34678389999999],[-89.47500000000002,29.34686049999999],[-89.47500000000002,29.347008500000015],[-89.47500000000002,29.347050200000012],[-89.47500000000002,29.3472127],[-89.47500000000002,29.34739639999998],[-89.47500000000002,29.34743830000002],[-89.47500000000002,29.347481500000015],[-89.47500000000002,29.347532],[-89.47500000000002,29.34754079999999],[-89.47500000000002,29.347675400000014],[-89.47500000000002,29.347714699999983],[-89.47500000000002,29.3478111],[-89.47500000000002,29.349242600000025],[-89.47500000000002,29.350839399999984],[-89.47500000000002,29.351397200000008],[-89.47500000000002,29.352829199999974],[-89.47500000000002,29.353823200000022],[-89.47500000000002,29.355541399999993],[-89.47500000000002,29.356278400000008],[-89.47500000000002,29.357112299999983],[-89.47500000000002,29.357325600000024],[-89.47500000000002,29.357814899999994],[-89.47500000000002,29.358106899999996],[-89.47500000000002,29.358488899999998],[-89.47500000000002,29.358589199999983],[-89.47500000000002,29.358817699999975],[-89.47500000000002,29.36213620000001],[-89.47500000000002,29.36531439999999],[-89.47500000000002,29.365712599999995],[-89.47500000000002,29.366112600000008],[-89.47500000000002,29.368253600000003],[-89.47500000000002,29.369513100000006],[-89.47500000000002,29.369851700000027],[-89.47500000000002,29.370485599999995],[-89.47500000000002,29.37128150000001],[-89.47500000000002,29.371562499999982],[-89.47500000000002,29.37884650000001],[-89.47500000000002,29.3835378],[-89.47500000000002,29.38562680000001],[-89.47500000000002,29.388136499999973],[-89.47500000000002,29.38852780000002],[-89.47500000000002,29.392134999999996],[-89.47500000000002,29.392421599999977],[-89.47500000000002,29.393592899999987],[-89.47500000000002,29.39377639999998],[-89.47500000000002,29.397501999999974],[-89.47500000000002,29.399999999999977],[-89.47099150000003,29.399999999999977],[-89.4675679,29.399999999999977],[-89.42518469999999,29.399999999999977],[-89.42337950000001,29.399999999999977],[-89.40824629999997,29.399999999999977],[-89.4055998,29.399999999999977],[-89.40233189999998,29.399999999999977],[-89.39999999999998,29.399999999999977],[-89.39999999999998,29.399160499999994],[-89.39999999999998,29.386844199999985],[-89.39999999999998,29.383438099999978],[-89.39999999999998,29.3739913],[-89.39999999999998,29.373681999999974],[-89.39999999999998,29.37332170000002],[-89.39999999999998,29.371564999999975],[-89.39999999999998,29.371291799999995],[-89.39999999999998,29.369505199999992],[-89.39999999999998,29.367989899999998],[-89.39999999999998,29.36682589999998],[-89.39999999999998,29.364888899999983],[-89.39999999999998,29.363690599999984],[-89.39999999999998,29.362481600000024],[-89.39999999999998,29.361367799999982],[-89.39999999999998,29.360604000000023],[-89.39999999999998,29.359868399999982],[-89.39999999999998,29.359674700000028],[-89.39999999999998,29.35146500000002],[-89.39999999999998,29.351258200000018],[-89.39999999999998,29.350826900000015],[-89.39999999999998,29.346620099999996],[-89.39999999999998,29.34607970000002],[-89.39999999999998,29.345257500000002],[-89.39999999999998,29.344671500000004],[-89.39999999999998,29.344283099999984],[-89.39999999999998,29.344118700000024],[-89.39999999999998,29.34383539999999],[-89.39999999999998,29.343764599999986],[-89.39999999999998,29.343702199999996],[-89.39999999999998,29.343667600000003],[-89.39999999999998,29.34360909999998],[-89.39999999999998,29.3435647],[-89.39999999999998,29.34352660000002],[-89.39999999999998,29.343512900000007],[-89.39999999999998,29.343486600000006],[-89.39999999999998,29.343446400000005],[-89.39999999999998,29.343266299999982],[-89.39999999999998,29.34299729999998],[-89.39999999999998,29.340897299999995],[-89.39999999999998,29.338726699999995],[-89.39999999999998,29.336929800000007],[-89.39999999999998,29.334066800000016],[-89.39999999999998,29.334005999999988],[-89.39999999999998,29.33368519999999],[-89.39999999999998,29.333639800000014],[-89.39999999999998,29.333593699999994],[-89.39999999999998,29.33354750000001],[-89.39999999999998,29.333501300000023],[-89.39999999999998,29.333485900000028],[-89.39999999999998,29.333453700000007],[-89.39999999999998,29.333372300000008],[-89.39999999999998,29.333106600000008],[-89.39999999999998,29.332624099999975],[-89.39999999999998,29.326287200000024],[-89.39999999999998,29.326089500000023],[-89.39999999999998,29.3252741],[-89.39999999999998,29.32499999999999],[-89.40068079999998,29.32499999999999],[-89.4012869,29.32499999999999],[-89.40484780000003,29.32499999999999],[-89.41168640000001,29.32499999999999],[-89.41823169999998,29.32499999999999],[-89.4187657,29.32499999999999],[-89.42041769999997,29.32499999999999],[-89.42355980000002,29.32499999999999],[-89.42361240000002,29.32499999999999],[-89.42674579999999,29.32499999999999],[-89.4470531,29.32499999999999],[-89.44779979999998,29.32499999999999],[-89.46489659999997,29.32499999999999],[-89.46558800000003,29.32499999999999],[-89.46617859999998,29.32499999999999]]]}},{"type":"Feature","properties":{},"geometry":{"type":"Polygon","coordinates":[[[-89.3994879,29.32499999999999],[-89.39999999999998,29.32499999999999],[-89.39999999999998,29.3252741],[-89.39999999999998,29.326089500000023],[-89.39999999999998,29.326287200000024],[-89.39999999999998,29.332624099999975],[-89.39999999999998,29.333106600000008],[-89.39999999999998,29.333372300000008],[-89.39999999999998,29.333453700000007],[-89.39999999999998,29.333485900000028],[-89.39999999999998,29.333501300000023],[-89.39999999999998,29.33354750000001],[-89.39999999999998,29.333593699999994],[-89.39999999999998,29.333639800000014],[-89.39999999999998,29.33368519999999],[-89.39999999999998,29.334005999999988],[-89.39999999999998,29.334066800000016],[-89.39999999999998,29.336929800000007],[-89.39999999999998,29.338726699999995],[-89.39999999999998,29.340897299999995],[-89.39999999999998,29.34299729999998],[-89.39999999999998,29.343266299999982],[-89.39999999999998,29.343446400000005],[-89.39999999999998,29.343486600000006],[-89.39999999999998,29.343512900000007],[-89.39999999999998,29.34352660000002],[-89.39999999999998,29.3435647],[-89.39999999999998,29.34360909999998],[-89.39999999999998,29.343667600000003],[-89.39999999999998,29.343702199999996],[-89.39999999999998,29.343764599999986],[-89.39999999999998,29.34383539999999],[-89.39999999999998,29.344118700000024],[-89.39999999999998,29.344283099999984],[-89.39999999999998,29.344671500000004],[-89.39999999999998,29.345257500000002],[-89.39999999999998,29.34607970000002],[-89.39999999999998,29.346620099999996],[-89.39999999999998,29.350826900000015],[-89.39999999999998,29.351258200000018],[-89.39999999999998,29.35146500000002],[-89.39999999999998,29.359674700000028],[-89.39999999999998,29.359868399999982],[-89.39999999999998,29.360604000000023],[-89.39999999999998,29.361367799999982],[-89.39999999999998,29.362481600000024],[-89.39999999999998,29.363690599999984],[-89.39999999999998,29.364888899999983],[-89.39999999999998,29.36682589999998],[-89.39999999999998,29.367989899999998],[-89.39999999999998,29.369505199999992],[-89.39999999999998,29.371291799999995],[-89.39999999999998,29.371564999999975],[-89.39999999999998,29.37332170000002],[-89.39999999999998,29.373681999999974],[-89.39999999999998,29.3739913],[-89.39999999999998,29.383438099999978],[-89.39999999999998,29.386844199999985],[-89.39999999999998,29.399160499999994],[-89.39999999999998,29.399999999999977],[-89.39734299999998,29.399999999999977],[-89.391233,29.399999999999977],[-89.366714,29.399999999999977],[-89.36166700000001,29.399999999999977],[-89.3505093,29.399999999999977],[-89.32862369999998,29.399999999999977],[-89.32499999999999,29.399999999999977],[-89.32499999999999,29.39264400000002],[-89.32499999999999,29.39097099999998],[-89.32499999999999,29.389713500000028],[-89.32499999999999,29.3779217],[-89.32499999999999,29.37655189999998],[-89.32499999999999,29.374212699999987],[-89.32499999999999,29.351969399999973],[-89.32499999999999,29.351500999999985],[-89.32499999999999,29.351165400000014],[-89.32499999999999,29.349788999999987],[-89.32499999999999,29.344825300000025],[-89.32499999999999,29.34227199999998],[-89.32499999999999,29.341881699999988],[-89.32499999999999,29.3379506],[-89.32499999999999,29.337597099999982],[-89.32499999999999,29.337043300000005],[-89.32499999999999,29.335246199999972],[-89.32499999999999,29.334784000000013],[-89.32499999999999,29.33461779999999],[-89.32499999999999,29.332557899999983],[-89.32499999999999,29.332371000000023],[-89.32499999999999,29.33187989999999],[-89.32499999999999,29.331196200000022],[-89.32499999999999,29.330566999999974],[-89.32499999999999,29.329974900000025],[-89.32499999999999,29.32973179999999],[-89.32499999999999,29.32755229999998],[-89.32499999999999,29.326889600000015],[-89.32499999999999,29.326564500000018],[-89.32499999999999,29.32499999999999],[-89.32691340000002,29.32499999999999],[-89.3318332,29.32499999999999],[-89.332899,29.32499999999999],[-89.33322099999998,29.32499999999999],[-89.33341689999997,29.32499999999999],[-89.3335621,29.32499999999999],[-89.33438089999999,29.32499999999999],[-89.3345425,29.32499999999999],[-89.33469459999998,29.32499999999999],[-89.33493629999998,29.32499999999999],[-89.33548680000001,29.32499999999999],[-89.3355358,29.32499999999999],[-89.3445979,29.32499999999999],[-89.34868669999997,29.32499999999999],[-89.34903489999999,29.32499999999999],[-89.349355,29.32499999999999],[-89.35226870000002,29.32499999999999],[-89.3529077,29.32499999999999],[-89.36166700000001,29.32499999999999],[-89.36573870000001,29.32499999999999],[-89.3661449,29.32499999999999],[-89.3665383,29.32499999999999],[-89.36735370000002,29.32499999999999],[-89.36745560000003,29.32499999999999],[-89.36789979999998,29.32499999999999],[-89.36893020000002,29.32499999999999],[-89.36932409999997,29.32499999999999],[-89.3694102,29.32499999999999],[-89.37977310000002,29.32499999999999],[-89.37977769999998,29.32499999999999],[-89.37982970000002,29.32499999999999],[-89.38142970000001,29.32499999999999],[-89.38144039999997,29.32499999999999],[-89.3814499,29.32499999999999],[-89.38154889999998,29.32499999999999],[-89.38166330000001,29.32499999999999],[-89.38168960000002,29.32499999999999],[-89.38169069999998,29.32499999999999],[-89.38172170000001,29.32499999999999],[-89.38173169999999,29.32499999999999],[-89.38175919999998,29.32499999999999],[-89.3817674,29.32499999999999],[-89.38178640000001,29.32499999999999],[-89.381801,29.32499999999999],[-89.38181630000003,29.32499999999999],[-89.38182019999999,29.32499999999999],[-89.3818372,29.32499999999999],[-89.38184439999998,29.32499999999999],[-89.38185429999999,29.32499999999999],[-89.38186719999999,29.32499999999999],[-89.38190709999998,29.32499999999999],[-89.38194420000002,29.32499999999999],[-89.38195710000002,29.32499999999999],[-89.3820713,29.32499999999999],[-89.38228020000003,29.32499999999999],[-89.3822859,29.32499999999999],[-89.3822879,29.32499999999999],[-89.38279210000002,29.32499999999999],[-89.38280029999999,29.32499999999999],[-89.3853201,29.32499999999999],[-89.38532329999998,29.32499999999999],[-89.3878406,29.32499999999999],[-89.38817,29.32499999999999],[-89.38966720000002,29.32499999999999],[-89.38967159999999,29.32499999999999],[-89.3910616,29.32499999999999],[-89.39150310000002,29.32499999999999],[-89.39153929999998,29.32499999999999],[-89.39157569999998,29.32499999999999],[-89.39158459999999,29.32499999999999],[-89.39161209999997,29.32499999999999],[-89.3916218,29.32499999999999],[-89.39164929999998,29.32499999999999],[-89.3916499,29.32499999999999],[-89.39168310000002,29.32499999999999],[-89.39168669999998,29.32499999999999],[-89.39170180000002,29.32499999999999],[-89.39170760000002,29.32499999999999],[-89.39171549999998,29.32499999999999],[-89.39173720000002,29.32499999999999],[-89.39174839999998,29.32499999999999],[-89.39176680000003,29.32499999999999],[-89.39176759999998,29.32499999999999],[-89.39179719999998,29.32499999999999],[-89.3918435,29.32499999999999],[-89.39209299999999,29.32499999999999],[-89.39257320000002,29.32499999999999],[-89.39805430000001,29.32499999999999],[-89.39833800000002,29.32499999999999],[-89.3994879,29.32499999999999]]]}},{"type":"Feature","properties":{},"geometry":{"type":"Polygon","coordinates":[[[-89.69393150000002,29.399999999999977],[-89.69999999999999,29.399999999999977],[-89.69999999999999,29.406518000000005],[-89.69999999999999,29.406876699999998],[-89.69999999999999,29.409247600000015],[-89.69999999999999,29.40995049999998],[-89.69999999999999,29.41030330000001],[-89.69999999999999,29.41283149999998],[-89.69999999999999,29.41389959999998],[-89.69999999999999,29.4190739],[-89.69999999999999,29.419978300000025],[-89.69999999999999,29.423286700000006],[-89.69999999999999,29.423603300000025],[-89.69999999999999,29.42379010000002],[-89.69999999999999,29.424180200000023],[-89.69999999999999,29.4249547],[-89.69999999999999,29.429369500000007],[-89.69999999999999,29.42976759999999],[-89.69999999999999,29.4301514],[-89.69999999999999,29.431239800000014],[-89.69999999999999,29.432594999999992],[-89.69999999999999,29.433954500000027],[-89.69999999999999,29.4359379],[-89.69999999999999,29.436405400000012],[-89.69999999999999,29.43694340000002],[-89.69999999999999,29.43735559999999],[-89.69999999999999,29.43770599999999],[-89.69999999999999,29.43839220000001],[-89.69999999999999,29.43973490000002],[-89.69999999999999,29.444417299999998],[-89.69999999999999,29.4455873],[-89.69999999999999,29.4462805],[-89.69999999999999,29.453114400000004],[-89.69999999999999,29.461411899999973],[-89.69999999999999,29.46199200000001],[-89.69999999999999,29.463000899999997],[-89.69999999999999,29.46502559999999],[-89.69999999999999,29.466145900000015],[-89.69999999999999,29.46751519999998],[-89.69999999999999,29.46813930000002],[-89.69999999999999,29.468612199999995],[-89.69999999999999,29.46915610000002],[-89.69999999999999,29.469953099999998],[-89.69999999999999,29.471499199999982],[-89.69999999999999,29.471649800000023],[-89.69999999999999,29.474014899999986],[-89.69999999999999,29.474282800000026],[-89.69999999999999,29.474623699999995],[-89.69999999999999,29.475000000000023],[-89.69978279999998,29.475000000000023],[-89.69916510000002,29.475000000000023],[-89.6988447,29.475000000000023],[-89.6983942,29.475000000000023],[-89.69795349999998,29.475000000000023],[-89.6882152,29.475000000000023],[-89.68742049999997,29.475000000000023],[-89.68737679999998,29.475000000000023],[-89.68686889999998,29.475000000000023],[-89.68684059999998,29.475000000000023],[-89.68681889999999,29.475000000000023],[-89.68680949999998,29.475000000000023],[-89.68677869999999,29.475000000000023],[-89.6867709,29.475000000000023],[-89.6867479,29.475000000000023],[-89.68672420000001,29.475000000000023],[-89.68670800000001,29.475000000000023],[-89.68667570000002,29.475000000000023],[-89.68666330000002,29.475000000000023],[-89.68662669999998,29.475000000000023],[-89.68662549999999,29.475000000000023],[-89.68658729999999,29.475000000000023],[-89.6865833,29.475000000000023],[-89.68653460000002,29.475000000000023],[-89.68650769999999,29.475000000000023],[-89.68648139999999,29.475000000000023],[-89.68643739999999,29.475000000000023],[-89.68642720000003,29.475000000000023],[-89.68638470000002,29.475000000000023],[-89.6862787,29.475000000000023],[-89.68625329999998,29.475000000000023],[-89.68589209999999,29.475000000000023],[-89.68575879999997,29.475000000000023],[-89.68540259999997,29.475000000000023],[-89.68312730000002,29.475000000000023],[-89.68308810000002,29.475000000000023],[-89.6810221,29.475000000000023],[-89.68100650000002,29.475000000000023],[-89.68072369999999,29.475000000000023],[-89.6805809,29.475000000000023],[-89.68015830000002,29.475000000000023],[-89.68015129999998,29.475000000000023],[-89.68004539999998,29.475000000000023],[-89.679057,29.475000000000023],[-89.67815430000002,29.475000000000023],[-89.67803229999998,29.475000000000023],[-89.6771048,29.475000000000023],[-89.67680489999998,29.475000000000023],[-89.67679420000002,29.475000000000023],[-89.67661099999998,29.475000000000023],[-89.67656319999998,29.475000000000023],[-89.67655209999998,29.475000000000023],[-89.67654049999999,29.475000000000023],[-89.6765097,29.475000000000023],[-89.6764432,29.475000000000023],[-89.67641049999997,29.475000000000023],[-89.67639550000001,29.475000000000023],[-89.6763666,29.475000000000023],[-89.6762951,29.475000000000023],[-89.67625470000002,29.475000000000023],[-89.67619739999998,29.475000000000023],[-89.6761242,29.475000000000023],[-89.6760979,29.475000000000023],[-89.67603550000001,29.475000000000023],[-89.6759381,29.475000000000023],[-89.67588699999999,29.475000000000023],[-89.67565719999999,29.475000000000023],[-89.67533159999999,29.475000000000023],[-89.67490620000001,29.475000000000023],[-89.6748948,29.475000000000023],[-89.65317620000002,29.475000000000023],[-89.65261650000002,29.475000000000023],[-89.6525641,29.475000000000023],[-89.65166979999998,29.475000000000023],[-89.64964900000001,29.475000000000023],[-89.6487007,29.475000000000023],[-89.64496609999998,29.475000000000023],[-89.6446937,29.475000000000023],[-89.64410170000002,29.475000000000023],[-89.64407010000002,29.475000000000023],[-89.6439355,29.475000000000023],[-89.63182619999998,29.475000000000023],[-89.63176829999998,29.475000000000023],[-89.63167829999998,29.475000000000023],[-89.63148639999997,29.475000000000023],[-89.63126119999998,29.475000000000023],[-89.63086659999999,29.475000000000023],[-89.63075409999999,29.475000000000023],[-89.63016060000001,29.475000000000023],[-89.63004619999998,29.475000000000023],[-89.62896690000002,29.475000000000023],[-89.62867619999997,29.475000000000023],[-89.6279379,29.475000000000023],[-89.62781690000003,29.475000000000023],[-89.625,29.475000000000023],[-89.625,29.471373400000004],[-89.625,29.47089440000002],[-89.625,29.46868360000002],[-89.625,29.46802150000002],[-89.625,29.46081029999999],[-89.625,29.45957679999998],[-89.625,29.459530400000006],[-89.625,29.459497199999987],[-89.625,29.459485500000028],[-89.625,29.4594745],[-89.625,29.459446000000014],[-89.625,29.459403500000008],[-89.625,29.45935270000001],[-89.625,29.459252100000015],[-89.625,29.458917299999996],[-89.625,29.458409700000004],[-89.625,29.4543769],[-89.625,29.45385440000001],[-89.625,29.453659000000016],[-89.625,29.45342599999998],[-89.625,29.453396800000007],[-89.625,29.453367200000002],[-89.625,29.453337299999987],[-89.625,29.453307900000027],[-89.625,29.45329909999998],[-89.625,29.453279899999984],[-89.625,29.453247299999987],[-89.625,29.453206000000023],[-89.625,29.452955999999972],[-89.625,29.452859499999988],[-89.625,29.452722400000027],[-89.625,29.452445099999977],[-89.625,29.438652699999977],[-89.625,29.43832040000001],[-89.625,29.424876900000015],[-89.625,29.42460440000002],[-89.625,29.42416259999999],[-89.625,29.424002400000006],[-89.625,29.42238450000002],[-89.625,29.421463399999993],[-89.625,29.415994000000012],[-89.625,29.4132075],[-89.625,29.410194999999987],[-89.625,29.40971330000002],[-89.625,29.40473129999998],[-89.625,29.4015852],[-89.625,29.401131099999986],[-89.625,29.399999999999977],[-89.6250791,29.399999999999977],[-89.62558899999999,29.399999999999977],[-89.62657109999998,29.399999999999977],[-89.62728950000002,29.399999999999977],[-89.63221249999998,29.399999999999977],[-89.63308599999999,29.399999999999977],[-89.63434699999999,29.399999999999977],[-89.6356126,29.399999999999977],[-89.6374452,29.399999999999977],[-89.65288950000001,29.399999999999977],[-89.6584474,29.399999999999977],[-89.65877499999999,29.399999999999977],[-89.66350310000001,29.399999999999977],[-89.66477680000003,29.399999999999977],[-89.66885029999997,29.399999999999977],[-89.6698644,29.399999999999977],[-89.67207580000002,29.399999999999977],[-89.67475539999998,29.399999999999977],[-89.6776059,29.399999999999977],[-89.67888670000002,29.399999999999977],[-89.67963959999997,29.399999999999977],[-89.68478929999998,29.399999999999977],[-89.68529539999997,29.399999999999977],[-89.69324390000003,29.399999999999977],[-89.69393150000002,29.399999999999977]]]}},{"type":"Feature","properties":{},"geometry":{"type":"Polygon","coordinates":[[[-89.62364539999999,29.399999999999977],[-89.625,29.399999999999977],[-89.625,29.401131099999986],[-89.625,29.4015852],[-89.625,29.40473129999998],[-89.625,29.40971330000002],[-89.625,29.410194999999987],[-89.625,29.4132075],[-89.625,29.415994000000012],[-89.625,29.421463399999993],[-89.625,29.42238450000002],[-89.625,29.424002400000006],[-89.625,29.42416259999999],[-89.625,29.42460440000002],[-89.625,29.424876900000015],[-89.625,29.43832040000001],[-89.625,29.438652699999977],[-89.625,29.452445099999977],[-89.625,29.452722400000027],[-89.625,29.452859499999988],[-89.625,29.452955999999972],[-89.625,29.453206000000023],[-89.625,29.453247299999987],[-89.625,29.453279899999984],[-89.625,29.45329909999998],[-89.625,29.453307900000027],[-89.625,29.453337299999987],[-89.625,29.453367200000002],[-89.625,29.453396800000007],[-89.625,29.45342599999998],[-89.625,29.453659000000016],[-89.625,29.45385440000001],[-89.625,29.4543769],[-89.625,29.458409700000004],[-89.625,29.458917299999996],[-89.625,29.459252100000015],[-89.625,29.45935270000001],[-89.625,29.459403500000008],[-89.625,29.459446000000014],[-89.625,29.4594745],[-89.625,29.459485500000028],[-89.625,29.459497199999987],[-89.625,29.459530400000006],[-89.625,29.45957679999998],[-89.625,29.46081029999999],[-89.625,29.46802150000002],[-89.625,29.46868360000002],[-89.625,29.47089440000002],[-89.625,29.471373400000004],[-89.625,29.475000000000023],[-89.6234609,29.475000000000023],[-89.62017730000002,29.475000000000023],[-89.61283580000003,29.475000000000023],[-89.61244929999998,29.475000000000023],[-89.58960450000001,29.475000000000023],[-89.58898520000002,29.475000000000023],[-89.58814810000001,29.475000000000023],[-89.58768199999997,29.475000000000023],[-89.58487200000002,29.475000000000023],[-89.57521430000003,29.475000000000023],[-89.5719636,29.475000000000023],[-89.57174500000002,29.475000000000023],[-89.57155849999998,29.475000000000023],[-89.55000000000001,29.475000000000023],[-89.55000000000001,29.472816799999976],[-89.55000000000001,29.471052600000007],[-89.55000000000001,29.450972200000024],[-89.55000000000001,29.44836509999999],[-89.55000000000001,29.446167899999978],[-89.55000000000001,29.445799299999976],[-89.55000000000001,29.442267000000015],[-89.55000000000001,29.441077500000006],[-89.55000000000001,29.43568670000002],[-89.55000000000001,29.432200000000023],[-89.55000000000001,29.431675100000007],[-89.55000000000001,29.428349000000026],[-89.55000000000001,29.4270798],[-89.55000000000001,29.42621029999998],[-89.55000000000001,29.42520300000001],[-89.55000000000001,29.424907899999994],[-89.55000000000001,29.42344939999998],[-89.55000000000001,29.423447099999976],[-89.55000000000001,29.423404500000004],[-89.55000000000001,29.422102300000006],[-89.55000000000001,29.409201199999984],[-89.55000000000001,29.399999999999977],[-89.55697939999999,29.399999999999977],[-89.56000719999997,29.399999999999977],[-89.5617881,29.399999999999977],[-89.56617519999998,29.399999999999977],[-89.56672730000003,29.399999999999977],[-89.56683290000001,29.399999999999977],[-89.5668402,29.399999999999977],[-89.57136359999998,29.399999999999977],[-89.57188769999999,29.399999999999977],[-89.5728565,29.399999999999977],[-89.57340829999998,29.399999999999977],[-89.57390290000001,29.399999999999977],[-89.57443,29.399999999999977],[-89.58318159999999,29.399999999999977],[-89.58362310000001,29.399999999999977],[-89.58387679999998,29.399999999999977],[-89.58421270000002,29.399999999999977],[-89.58634330000001,29.399999999999977],[-89.58689520000001,29.399999999999977],[-89.58734299999998,29.399999999999977],[-89.58760089999998,29.399999999999977],[-89.59284059999999,29.399999999999977],[-89.59305669999998,29.399999999999977],[-89.59318100000002,29.399999999999977],[-89.59584569999998,29.399999999999977],[-89.59691679999997,29.399999999999977],[-89.59695959999999,29.399999999999977],[-89.59700959999998,29.399999999999977],[-89.59704499999998,29.399999999999977],[-89.59707989999998,29.399999999999977],[-89.59711479999999,29.399999999999977],[-89.5971495,29.399999999999977],[-89.59718650000002,29.399999999999977],[-89.59735710000001,29.399999999999977],[-89.5981567,29.399999999999977],[-89.59943279999999,29.399999999999977],[-89.60111210000002,29.399999999999977],[-89.60300130000002,29.399999999999977],[-89.6036451,29.399999999999977],[-89.6039915,29.399999999999977],[-89.60418179999999,29.399999999999977],[-89.60433929999999,29.399999999999977],[-89.6043755,29.399999999999977],[-89.60441200000002,29.399999999999977],[-89.60444910000001,29.399999999999977],[-89.60448650000001,29.399999999999977],[-89.60450609999998,29.399999999999977],[-89.60455919999998,29.399999999999977],[-89.60463049999998,29.399999999999977],[-89.60468550000002,29.399999999999977],[-89.60495170000002,29.399999999999977],[-89.6053468,29.399999999999977],[-89.60572489999998,29.399999999999977],[-89.61359800000002,29.399999999999977],[-89.61384659999999,29.399999999999977],[-89.6171,29.399999999999977],[-89.61750169999999,29.399999999999977],[-89.62291779999998,29.399999999999977],[-89.62364539999999,29.399999999999977]]]}},{"type":"Feature","properties":{},"geometry":{"type":"Polygon","coordinates":[[[-89.75885110000002,29.475000000000023],[-89.75898940000002,29.475000000000023],[-89.77499999999998,29.475000000000023],[-89.77499999999998,29.479887899999994],[-89.77499999999998,29.482120899999984],[-89.77499999999998,29.48963709999998],[-89.77499999999998,29.490201500000012],[-89.77499999999998,29.4988118],[-89.77499999999998,29.500220000000013],[-89.77499999999998,29.500573299999985],[-89.77499999999998,29.501216899999974],[-89.77499999999998,29.50985559999998],[-89.77499999999998,29.51064439999999],[-89.77499999999998,29.524120200000027],[-89.77499999999998,29.524663599999997],[-89.77499999999998,29.53587950000002],[-89.77499999999998,29.536547600000006],[-89.77499999999998,29.541208700000027],[-89.77499999999998,29.541459999999972],[-89.77499999999998,29.548706400000015],[-89.77499999999998,29.55000000000001],[-89.77418870000002,29.55000000000001],[-89.77379869999999,29.55000000000001],[-89.77372589999999,29.55000000000001],[-89.77364799999998,29.55000000000001],[-89.77360720000001,29.55000000000001],[-89.77356650000002,29.55000000000001],[-89.7735151,29.55000000000001],[-89.77347379999998,29.55000000000001],[-89.77343239999999,29.55000000000001],[-89.77323419999999,29.55000000000001],[-89.7731791,29.55000000000001],[-89.7725567,29.55000000000001],[-89.76975190000002,29.55000000000001],[-89.7683073,29.55000000000001],[-89.76413730000002,29.55000000000001],[-89.7635449,29.55000000000001],[-89.76346230000001,29.55000000000001],[-89.76335019999999,29.55000000000001],[-89.7633042,29.55000000000001],[-89.76325789999999,29.55000000000001],[-89.7632117,29.55000000000001],[-89.76316550000001,29.55000000000001],[-89.76311829999997,29.55000000000001],[-89.76306490000002,29.55000000000001],[-89.7630211,29.55000000000001],[-89.76293299999998,29.55000000000001],[-89.76275879999997,29.55000000000001],[-89.76144499999998,29.55000000000001],[-89.746531,29.55000000000001],[-89.7456229,29.55000000000001],[-89.74187260000002,29.55000000000001],[-89.7398556,29.55000000000001],[-89.7170026,29.55000000000001],[-89.71613889999998,29.55000000000001],[-89.71356170000001,29.55000000000001],[-89.71277329999998,29.55000000000001],[-89.7088683,29.55000000000001],[-89.70881880000002,29.55000000000001],[-89.70845609999998,29.55000000000001],[-89.70833049999999,29.55000000000001],[-89.7081,29.55000000000001],[-89.70782830000002,29.55000000000001],[-89.70630829999999,29.55000000000001],[-89.70491629999998,29.55000000000001],[-89.70373080000002,29.55000000000001],[-89.69999999999999,29.55000000000001],[-89.69999999999999,29.548308200000008],[-89.69999999999999,29.54509680000001],[-89.69999999999999,29.5423404],[-89.69999999999999,29.54203289999998],[-89.69999999999999,29.539743699999974],[-89.69999999999999,29.538684499999988],[-89.69999999999999,29.531970399999977],[-89.69999999999999,29.531659100000013],[-89.69999999999999,29.525736600000016],[-89.69999999999999,29.52489270000001],[-89.69999999999999,29.522525900000005],[-89.69999999999999,29.522289100000023],[-89.69999999999999,29.52076169999998],[-89.69999999999999,29.520167700000002],[-89.69999999999999,29.516271599999982],[-89.69999999999999,29.515137600000003],[-89.69999999999999,29.512833399999977],[-89.69999999999999,29.510237800000027],[-89.69999999999999,29.509800600000005],[-89.69999999999999,29.507858699999986],[-89.69999999999999,29.5011174],[-89.69999999999999,29.501019799999995],[-89.69999999999999,29.50089170000001],[-89.69999999999999,29.500808099999972],[-89.69999999999999,29.500721899999974],[-89.69999999999999,29.50065269999999],[-89.69999999999999,29.50063499999999],[-89.69999999999999,29.500557300000025],[-89.69999999999999,29.500504200000023],[-89.69999999999999,29.500453800000003],[-89.69999999999999,29.50040469999999],[-89.69999999999999,29.50022630000001],[-89.69999999999999,29.49998260000001],[-89.69999999999999,29.49901460000001],[-89.69999999999999,29.498869500000012],[-89.69999999999999,29.498289199999988],[-89.69999999999999,29.492356299999983],[-89.69999999999999,29.489902400000005],[-89.69999999999999,29.48970509999998],[-89.69999999999999,29.489565900000002],[-89.69999999999999,29.489560600000004],[-89.69999999999999,29.489283100000023],[-89.69999999999999,29.489243799999997],[-89.69999999999999,29.489199799999994],[-89.69999999999999,29.48915390000002],[-89.69999999999999,29.489105600000016],[-89.69999999999999,29.489061100000015],[-89.69999999999999,29.489041199999974],[-89.69999999999999,29.488883999999985],[-89.69999999999999,29.488807399999985],[-89.69999999999999,29.48844680000002],[-89.69999999999999,29.48776959999998],[-89.69999999999999,29.477914499999997],[-89.69999999999999,29.47728649999999],[-89.69999999999999,29.47660589999998],[-89.69999999999999,29.476173200000005],[-89.69999999999999,29.475000000000023],[-89.70315449999998,29.475000000000023],[-89.70323589999998,29.475000000000023],[-89.70349750000003,29.475000000000023],[-89.70351649999998,29.475000000000023],[-89.70440000000002,29.475000000000023],[-89.7044014,29.475000000000023],[-89.70712209999999,29.475000000000023],[-89.70917809999997,29.475000000000023],[-89.70925249999999,29.475000000000023],[-89.7097119,29.475000000000023],[-89.70989739999999,29.475000000000023],[-89.71136419999999,29.475000000000023],[-89.71150920000002,29.475000000000023],[-89.71206690000002,29.475000000000023],[-89.71227599999997,29.475000000000023],[-89.71507780000002,29.475000000000023],[-89.7209891,29.475000000000023],[-89.72104460000003,29.475000000000023],[-89.7213625,29.475000000000023],[-89.72140780000001,29.475000000000023],[-89.72326020000003,29.475000000000023],[-89.72331880000002,29.475000000000023],[-89.7247506,29.475000000000023],[-89.72481690000001,29.475000000000023],[-89.73218270000001,29.475000000000023],[-89.73220079999999,29.475000000000023],[-89.73255410000002,29.475000000000023],[-89.73258340000001,29.475000000000023],[-89.74069409999998,29.475000000000023],[-89.74075479999999,29.475000000000023],[-89.74108749999999,29.475000000000023],[-89.74121659999997,29.475000000000023],[-89.74271019999998,29.475000000000023],[-89.74325140000002,29.475000000000023],[-89.7578466,29.475000000000023],[-89.75786599999998,29.475000000000023],[-89.75810289999998,29.475000000000023],[-89.75885110000002,29.475000000000023]]]}},{"type":"Feature","properties":{},"geometry":{"type":"Polygon","coordinates":[[[-89.69978279999998,29.475000000000023],[-89.69999999999999,29.475000000000023],[-89.69999999999999,29.476173200000005],[-89.69999999999999,29.47660589999998],[-89.69999999999999,29.47728649999999],[-89.69999999999999,29.477914499999997],[-89.69999999999999,29.48776959999998],[-89.69999999999999,29.48844680000002],[-89.69999999999999,29.488807399999985],[-89.69999999999999,29.488883999999985],[-89.69999999999999,29.489041199999974],[-89.69999999999999,29.489061100000015],[-89.69999999999999,29.489105600000016],[-89.69999999999999,29.48915390000002],[-89.69999999999999,29.489199799999994],[-89.69999999999999,29.489243799999997],[-89.69999999999999,29.489283100000023],[-89.69999999999999,29.489560600000004],[-89.69999999999999,29.489565900000002],[-89.69999999999999,29.48970509999998],[-89.69999999999999,29.489902400000005],[-89.69999999999999,29.492356299999983],[-89.69999999999999,29.498289199999988],[-89.69999999999999,29.498869500000012],[-89.69999999999999,29.49901460000001],[-89.69999999999999,29.49998260000001],[-89.69999999999999,29.50022630000001],[-89.69999999999999,29.50040469999999],[-89.69999999999999,29.500453800000003],[-89.69999999999999,29.500504200000023],[-89.69999999999999,29.500557300000025],[-89.69999999999999,29.50063499999999],[-89.69999999999999,29.50065269999999],[-89.69999999999999,29.500721899999974],[-89.69999999999999,29.500808099999972],[-89.69999999999999,29.50089170000001],[-89.69999999999999,29.501019799999995],[-89.69999999999999,29.5011174],[-89.69999999999999,29.507858699999986],[-89.69999999999999,29.509800600000005],[-89.69999999999999,29.510237800000027],[-89.69999999999999,29.512833399999977],[-89.69999999999999,29.515137600000003],[-89.69999999999999,29.516271599999982],[-89.69999999999999,29.520167700000002],[-89.69999999999999,29.52076169999998],[-89.69999999999999,29.522289100000023],[-89.69999999999999,29.522525900000005],[-89.69999999999999,29.52489270000001],[-89.69999999999999,29.525736600000016],[-89.69999999999999,29.531659100000013],[-89.69999999999999,29.531970399999977],[-89.69999999999999,29.538684499999988],[-89.69999999999999,29.539743699999974],[-89.69999999999999,29.54203289999998],[-89.69999999999999,29.5423404],[-89.69999999999999,29.54509680000001],[-89.69999999999999,29.548308200000008],[-89.69999999999999,29.55000000000001],[-89.69446970000001,29.55000000000001],[-89.69445089999999,29.55000000000001],[-89.6762673,29.55000000000001],[-89.67615169999999,29.55000000000001],[-89.675793,29.55000000000001],[-89.67561669999998,29.55000000000001],[-89.66866629999998,29.55000000000001],[-89.66861399999999,29.55000000000001],[-89.6677292,29.55000000000001],[-89.6675386,29.55000000000001],[-89.66460410000002,29.55000000000001],[-89.66437819999999,29.55000000000001],[-89.6580318,29.55000000000001],[-89.65741029999998,29.55000000000001],[-89.6380605,29.55000000000001],[-89.625,29.55000000000001],[-89.625,29.536200199999996],[-89.625,29.536045600000023],[-89.625,29.53575699999999],[-89.625,29.535525899999982],[-89.625,29.535144000000003],[-89.625,29.535001799999975],[-89.625,29.5332449],[-89.625,29.532898499999988],[-89.625,29.528397600000005],[-89.625,29.51700169999998],[-89.625,29.500557800000024],[-89.625,29.500494600000025],[-89.625,29.496374100000025],[-89.625,29.496330100000023],[-89.625,29.487848900000017],[-89.625,29.487847799999997],[-89.625,29.48482519999999],[-89.625,29.484692900000027],[-89.625,29.4802052],[-89.625,29.480171600000006],[-89.625,29.47657099999998],[-89.625,29.47652340000002],[-89.625,29.475853200000017],[-89.625,29.475752399999976],[-89.625,29.475000000000023],[-89.62781690000003,29.475000000000023],[-89.6279379,29.475000000000023],[-89.62867619999997,29.475000000000023],[-89.62896690000002,29.475000000000023],[-89.63004619999998,29.475000000000023],[-89.63016060000001,29.475000000000023],[-89.63075409999999,29.475000000000023],[-89.63086659999999,29.475000000000023],[-89.63126119999998,29.475000000000023],[-89.63148639999997,29.475000000000023],[-89.63167829999998,29.475000000000023],[-89.63176829999998,29.475000000000023],[-89.63182619999998,29.475000000000023],[-89.6439355,29.475000000000023],[-89.64407010000002,29.475000000000023],[-89.64410170000002,29.475000000000023],[-89.6446937,29.475000000000023],[-89.64496609999998,29.475000000000023],[-89.6487007,29.475000000000023],[-89.649633,29.475000000000023],[-89.64964900000001,29.475000000000023],[-89.65166970000001,29.475000000000023],[-89.6525641,29.475000000000023],[-89.65261650000002,29.475000000000023],[-89.6531761,29.475000000000023],[-89.6748948,29.475000000000023],[-89.67490620000001,29.475000000000023],[-89.6759381,29.475000000000023],[-89.6760979,29.475000000000023],[-89.67625470000002,29.475000000000023],[-89.67641049999997,29.475000000000023],[-89.67646259999998,29.475000000000023],[-89.6765097,29.475000000000023],[-89.67656319999998,29.475000000000023],[-89.67661099999998,29.475000000000023],[-89.67679420000002,29.475000000000023],[-89.6771048,29.475000000000023],[-89.67803229999998,29.475000000000023],[-89.6787109,29.475000000000023],[-89.679057,29.475000000000023],[-89.6793159,29.475000000000023],[-89.68004539999998,29.475000000000023],[-89.68015129999998,29.475000000000023],[-89.68072369999999,29.475000000000023],[-89.68100650000002,29.475000000000023],[-89.68312730000002,29.475000000000023],[-89.68463400000002,29.475000000000023],[-89.68540259999997,29.475000000000023],[-89.68589209999999,29.475000000000023],[-89.6862787,29.475000000000023],[-89.68638470000002,29.475000000000023],[-89.68643739999999,29.475000000000023],[-89.68658729999999,29.475000000000023],[-89.68662549999999,29.475000000000023],[-89.68666330000002,29.475000000000023],[-89.68670800000001,29.475000000000023],[-89.6867479,29.475000000000023],[-89.68677869999999,29.475000000000023],[-89.68680949999998,29.475000000000023],[-89.68684059999998,29.475000000000023],[-89.68694240000002,29.475000000000023],[-89.68737679999998,29.475000000000023],[-89.6882152,29.475000000000023],[-89.69795349999998,29.475000000000023],[-89.6983942,29.475000000000023],[-89.6988447,29.475000000000023],[-89.69916510000002,29.475000000000023],[-89.69978279999998,29.475000000000023]]]}},{"type":"Feature","properties":{},"geometry":{"type":"Polygon","coordinates":[[[-89.92284380000001,29.55000000000001],[-89.92500000000001,29.55000000000001],[-89.92500000000001,29.55105739999999],[-89.92500000000001,29.559879299999977],[-89.92500000000001,29.566837799999973],[-89.92500000000001,29.567159600000025],[-89.92500000000001,29.584630600000025],[-89.92500000000001,29.585019499999987],[-89.92500000000001,29.589184999999986],[-89.92500000000001,29.603244500000017],[-89.92500000000001,29.611100399999998],[-89.92500000000001,29.613888400000008],[-89.92500000000001,29.61448439999998],[-89.92500000000001,29.617487200000028],[-89.92500000000001,29.6208388],[-89.92500000000001,29.621407599999998],[-89.92500000000001,29.625],[-89.92020889999998,29.625],[-89.9196341,29.625],[-89.9192976,29.625],[-89.9192564,29.625],[-89.9192294,29.625],[-89.9191394,29.625],[-89.91913360000001,29.625],[-89.91911069999998,29.625],[-89.91908940000002,29.625],[-89.91904790000001,29.625],[-89.91902520000002,29.625],[-89.91898850000001,29.625],[-89.91894350000001,29.625],[-89.91886319999998,29.625],[-89.91874860000001,29.625],[-89.9187298,29.625],[-89.91852749999998,29.625],[-89.91843239999997,29.625],[-89.91830670000002,29.625],[-89.9182391,29.625],[-89.9181175,29.625],[-89.91809319999999,29.625],[-89.91807119999999,29.625],[-89.91806159999999,29.625],[-89.91802710000002,29.625],[-89.91801450000003,29.625],[-89.9179949,29.625],[-89.91793139999999,29.625],[-89.91786630000001,29.625],[-89.917822,29.625],[-89.91781129999998,29.625],[-89.91773139999998,29.625],[-89.91768889999997,29.625],[-89.91759990000003,29.625],[-89.91713570000002,29.625],[-89.9168641,29.625],[-89.9167936,29.625],[-89.9166899,29.625],[-89.91666609999999,29.625],[-89.91664509999998,29.625],[-89.90639809999999,29.625],[-89.90628659999999,29.625],[-89.90626279999998,29.625],[-89.9060591,29.625],[-89.90598879999999,29.625],[-89.9058771,29.625],[-89.90576529999998,29.625],[-89.9057343,29.625],[-89.90568589999998,29.625],[-89.90566760000002,29.625],[-89.90560149999999,29.625],[-89.9055907,29.625],[-89.9055606,29.625],[-89.90552860000003,29.625],[-89.90549399999998,29.625],[-89.9054731,29.625],[-89.905437,29.625],[-89.90538040000001,29.625],[-89.905284,29.625],[-89.90526940000001,29.625],[-89.90526139999997,29.625],[-89.9052097,29.625],[-89.90517549999998,29.625],[-89.90510640000002,29.625],[-89.90510330000001,29.625],[-89.90507079999998,29.625],[-89.90505480000002,29.625],[-89.90503330000001,29.625],[-89.90500279999998,29.625],[-89.9050009,29.625],[-89.90497069999998,29.625],[-89.90494100000001,29.625],[-89.90491459999998,29.625],[-89.90489730000002,29.625],[-89.90488599999998,29.625],[-89.90478860000002,29.625],[-89.90463849999998,29.625],[-89.90391570000003,29.625],[-89.9039156,29.625],[-89.87902509999998,29.625],[-89.87813510000001,29.625],[-89.8679052,29.625],[-89.85905969999999,29.625],[-89.85737890000001,29.625],[-89.8564996,29.625],[-89.8559775,29.625],[-89.85000000000002,29.625],[-89.85000000000002,29.62252430000001],[-89.85000000000002,29.62191150000001],[-89.85000000000002,29.61488650000001],[-89.85000000000002,29.61427120000002],[-89.85000000000002,29.60739380000001],[-89.85000000000002,29.605924700000003],[-89.85000000000002,29.605513099999996],[-89.85000000000002,29.6054709],[-89.85000000000002,29.605442400000015],[-89.85000000000002,29.605413999999996],[-89.85000000000002,29.605385599999977],[-89.85000000000002,29.605357099999992],[-89.85000000000002,29.605328699999973],[-89.85000000000002,29.605308200000024],[-89.85000000000002,29.60530030000001],[-89.85000000000002,29.60504309999999],[-89.85000000000002,29.6047595],[-89.85000000000002,29.6035837],[-89.85000000000002,29.600971500000014],[-89.85000000000002,29.600417400000026],[-89.85000000000002,29.600377999999978],[-89.85000000000002,29.600368600000024],[-89.85000000000002,29.600347199999987],[-89.85000000000002,29.600316299999974],[-89.85000000000002,29.60028540000002],[-89.85000000000002,29.600254500000005],[-89.85000000000002,29.600223599999993],[-89.85000000000002,29.600192300000003],[-89.85000000000002,29.600163099999975],[-89.85000000000002,29.600129600000002],[-89.85000000000002,29.59963110000001],[-89.85000000000002,29.598811300000023],[-89.85000000000002,29.59664429999998],[-89.85000000000002,29.59459290000001],[-89.85000000000002,29.59046790000002],[-89.85000000000002,29.58125940000002],[-89.85000000000002,29.580809999999985],[-89.85000000000002,29.579088800000022],[-89.85000000000002,29.578735800000004],[-89.85000000000002,29.577005499999984],[-89.85000000000002,29.576545899999985],[-89.85000000000002,29.572781700000007],[-89.85000000000002,29.56932310000002],[-89.85000000000002,29.568492300000003],[-89.85000000000002,29.55000000000001],[-89.8787491,29.55000000000001],[-89.89313320000002,29.55000000000001],[-89.89361559999998,29.55000000000001],[-89.89772579999999,29.55000000000001],[-89.90329179999998,29.55000000000001],[-89.90437450000002,29.55000000000001],[-89.9046993,29.55000000000001],[-89.90622109999998,29.55000000000001],[-89.9098285,29.55000000000001],[-89.91599020000001,29.55000000000001],[-89.91646429999997,29.55000000000001],[-89.91915549999999,29.55000000000001],[-89.92284380000001,29.55000000000001]]]}},{"type":"Feature","properties":{},"geometry":{"type":"Polygon","coordinates":[[[-89.8066713,29.55000000000001],[-89.85000000000002,29.55000000000001],[-89.85000000000002,29.568492300000003],[-89.85000000000002,29.56932310000002],[-89.85000000000002,29.572781700000007],[-89.85000000000002,29.576545899999985],[-89.85000000000002,29.577005499999984],[-89.85000000000002,29.578735800000004],[-89.85000000000002,29.579088800000022],[-89.85000000000002,29.580809999999985],[-89.85000000000002,29.58125940000002],[-89.85000000000002,29.59046790000002],[-89.85000000000002,29.59459290000001],[-89.85000000000002,29.59664429999998],[-89.85000000000002,29.598811300000023],[-89.85000000000002,29.59963110000001],[-89.85000000000002,29.600129600000002],[-89.85000000000002,29.600163099999975],[-89.85000000000002,29.600192300000003],[-89.85000000000002,29.600223599999993],[-89.85000000000002,29.600254500000005],[-89.85000000000002,29.60028540000002],[-89.85000000000002,29.600316299999974],[-89.85000000000002,29.600347199999987],[-89.85000000000002,29.600368600000024],[-89.85000000000002,29.600377999999978],[-89.85000000000002,29.600417400000026],[-89.85000000000002,29.600971500000014],[-89.85000000000002,29.6035837],[-89.85000000000002,29.6047595],[-89.85000000000002,29.60504309999999],[-89.85000000000002,29.60530030000001],[-89.85000000000002,29.605308200000024],[-89.85000000000002,29.605328699999973],[-89.85000000000002,29.605357099999992],[-89.85000000000002,29.605385599999977],[-89.85000000000002,29.605413999999996],[-89.85000000000002,29.605442400000015],[-89.85000000000002,29.6054709],[-89.85000000000002,29.605513099999996],[-89.85000000000002,29.605924700000003],[-89.85000000000002,29.60739380000001],[-89.85000000000002,29.61427120000002],[-89.85000000000002,29.61488650000001],[-89.85000000000002,29.62191150000001],[-89.85000000000002,29.62252430000001],[-89.85000000000002,29.625],[-89.8440536,29.625],[-89.84356919999999,29.625],[-89.8410447,29.625],[-89.84035349999999,29.625],[-89.8338756,29.625],[-89.8335846,29.625],[-89.83355260000002,29.625],[-89.83334989999997,29.625],[-89.83317649999998,29.625],[-89.83294169999999,29.625],[-89.83022190000003,29.625],[-89.83018800000002,29.625],[-89.830063,29.625],[-89.82890329999998,29.625],[-89.82865800000002,29.625],[-89.82864380000001,29.625],[-89.8165333,29.625],[-89.81599119999998,29.625],[-89.81508710000003,29.625],[-89.81484019999999,29.625],[-89.81081790000002,29.625],[-89.81033230000003,29.625],[-89.81001500000002,29.625],[-89.80738109999999,29.625],[-89.80614070000001,29.625],[-89.79969690000001,29.625],[-89.79909320000002,29.625],[-89.79895090000002,29.625],[-89.79764239999997,29.625],[-89.7927482,29.625],[-89.7913072,29.625],[-89.79001190000002,29.625],[-89.78918069999997,29.625],[-89.78888799999999,29.625],[-89.78867330000003,29.625],[-89.78549809999998,29.625],[-89.78134879999999,29.625],[-89.77989559999997,29.625],[-89.77856300000002,29.625],[-89.77603219999997,29.625],[-89.77499999999998,29.625],[-89.77499999999998,29.62462019999998],[-89.77499999999998,29.62427489999999],[-89.77499999999998,29.6207086],[-89.77499999999998,29.620314300000018],[-89.77499999999998,29.620181100000025],[-89.77499999999998,29.619874100000004],[-89.77499999999998,29.619403499999976],[-89.77499999999998,29.6182771],[-89.77499999999998,29.61786380000001],[-89.77499999999998,29.614066400000013],[-89.77499999999998,29.612950300000023],[-89.77499999999998,29.5993924],[-89.77499999999998,29.596697399999982],[-89.77499999999998,29.594530399999996],[-89.77499999999998,29.5943403],[-89.77499999999998,29.593859500000008],[-89.77499999999998,29.59312410000001],[-89.77499999999998,29.590582299999994],[-89.77499999999998,29.58230470000001],[-89.77499999999998,29.58166590000002],[-89.77499999999998,29.579523100000017],[-89.77499999999998,29.57729089999998],[-89.77499999999998,29.57728659999998],[-89.77499999999998,29.576332100000002],[-89.77499999999998,29.57373799999999],[-89.77499999999998,29.573287900000025],[-89.77499999999998,29.56372590000001],[-89.77499999999998,29.562938599999995],[-89.77499999999998,29.562785899999994],[-89.77499999999998,29.562759599999993],[-89.77499999999998,29.562736200000018],[-89.77499999999998,29.562720800000022],[-89.77499999999998,29.562690499999974],[-89.77499999999998,29.562682800000005],[-89.77499999999998,29.562662499999988],[-89.77499999999998,29.562645499999974],[-89.77499999999998,29.5626345],[-89.77499999999998,29.5626082],[-89.77499999999998,29.562606500000015],[-89.77499999999998,29.562604299999975],[-89.77499999999998,29.562578900000005],[-89.77499999999998,29.562570900000026],[-89.77499999999998,29.562551199999973],[-89.77499999999998,29.562533700000017],[-89.77499999999998,29.562514799999974],[-89.77499999999998,29.562511700000016],[-89.77499999999998,29.562497899999983],[-89.77499999999998,29.562480800000003],[-89.77499999999998,29.562234400000023],[-89.77499999999998,29.561952599999984],[-89.77499999999998,29.561899400000016],[-89.77499999999998,29.56187799999998],[-89.77499999999998,29.561525899999992],[-89.77499999999998,29.56145170000002],[-89.77499999999998,29.559159899999997],[-89.77499999999998,29.559028000000012],[-89.77499999999998,29.555949999999996],[-89.77499999999998,29.55568169999998],[-89.77499999999998,29.555573299999992],[-89.77499999999998,29.553644899999995],[-89.77499999999998,29.552708399999972],[-89.77499999999998,29.55267980000002],[-89.77499999999998,29.552637800000014],[-89.77499999999998,29.55221929999999],[-89.77499999999998,29.551959899999986],[-89.77499999999998,29.551915399999984],[-89.77499999999998,29.551883799999985],[-89.77499999999998,29.551871000000006],[-89.77499999999998,29.551824899999986],[-89.77499999999998,29.55177900000001],[-89.77499999999998,29.55173309999998],[-89.77499999999998,29.551716],[-89.77499999999998,29.551685299999974],[-89.77499999999998,29.551677400000017],[-89.77499999999998,29.5516255],[-89.77499999999998,29.551580699999988],[-89.77499999999998,29.551575500000013],[-89.77499999999998,29.551513100000022],[-89.77499999999998,29.551472400000023],[-89.77499999999998,29.55143290000001],[-89.77499999999998,29.551399100000026],[-89.77499999999998,29.551370599999984],[-89.77499999999998,29.551296200000024],[-89.77499999999998,29.55124269999999],[-89.77499999999998,29.551111400000025],[-89.77499999999998,29.550822200000027],[-89.77499999999998,29.55000000000001],[-89.776159,29.55000000000001],[-89.79269929999998,29.55000000000001],[-89.79423059999999,29.55000000000001],[-89.7964872,29.55000000000001],[-89.8061462,29.55000000000001],[-89.8066713,29.55000000000001]]]}},{"type":"Feature","properties":{},"geometry":{"type":"Polygon","coordinates":[[[-89.77418870000002,29.55000000000001],[-89.77499999999998,29.55000000000001],[-89.77499999999998,29.550821299999996],[-89.77499999999998,29.550822200000027],[-89.77499999999998,29.55124269999999],[-89.77499999999998,29.551296200000024],[-89.77499999999998,29.551370599999984],[-89.77499999999998,29.551399100000026],[-89.77499999999998,29.55143290000001],[-89.77499999999998,29.551472400000023],[-89.77499999999998,29.551513100000022],[-89.77499999999998,29.551575500000013],[-89.77499999999998,29.5516255],[-89.77499999999998,29.551883799999985],[-89.77499999999998,29.552637800000014],[-89.77499999999998,29.55267980000002],[-89.77499999999998,29.553644899999995],[-89.77499999999998,29.555573299999992],[-89.77499999999998,29.55568169999998],[-89.77499999999998,29.555949999999996],[-89.77499999999998,29.559028000000012],[-89.77499999999998,29.561525899999992],[-89.77499999999998,29.56187799999998],[-89.77499999999998,29.561899400000016],[-89.77499999999998,29.562234400000023],[-89.77499999999998,29.562497899999983],[-89.77499999999998,29.562514799999974],[-89.77499999999998,29.562533700000017],[-89.77499999999998,29.562570900000026],[-89.77499999999998,29.562604299999975],[-89.77499999999998,29.5626082],[-89.77499999999998,29.562645499999974],[-89.77499999999998,29.562682800000005],[-89.77499999999998,29.562720800000022],[-89.77499999999998,29.562759599999993],[-89.77499999999998,29.562938599999995],[-89.77499999999998,29.56372590000001],[-89.77499999999998,29.573287900000025],[-89.77499999999998,29.57373799999999],[-89.77499999999998,29.576332100000002],[-89.77499999999998,29.57728659999998],[-89.77499999999998,29.57729089999998],[-89.77499999999998,29.579523100000017],[-89.77499999999998,29.58166590000002],[-89.77499999999998,29.58201889999998],[-89.77499999999998,29.58230470000001],[-89.77499999999998,29.590582299999994],[-89.77499999999998,29.590672199999972],[-89.77499999999998,29.593089700000007],[-89.77499999999998,29.59312410000001],[-89.77499999999998,29.593859500000008],[-89.77499999999998,29.5939209],[-89.77499999999998,29.594316600000013],[-89.77499999999998,29.5943403],[-89.77499999999998,29.594530399999996],[-89.77499999999998,29.594566600000007],[-89.77499999999998,29.596683100000007],[-89.77499999999998,29.596697399999982],[-89.77499999999998,29.5993924],[-89.77499999999998,29.599419599999976],[-89.77499999999998,29.60846220000002],[-89.77499999999998,29.612921400000005],[-89.77499999999998,29.612950300000023],[-89.77499999999998,29.614066400000013],[-89.77499999999998,29.61411240000001],[-89.77499999999998,29.616197899999975],[-89.77499999999998,29.617828400000008],[-89.77499999999998,29.61786380000001],[-89.77499999999998,29.6182771],[-89.77499999999998,29.61831269999999],[-89.77499999999998,29.619345099999975],[-89.77499999999998,29.619403499999976],[-89.77499999999998,29.619874100000004],[-89.77499999999998,29.61988930000001],[-89.77499999999998,29.620181100000025],[-89.77499999999998,29.620314300000018],[-89.77499999999998,29.6207086],[-89.77499999999998,29.6211725],[-89.77499999999998,29.62169449999999],[-89.77499999999998,29.622150499999975],[-89.77499999999998,29.622874200000012],[-89.77499999999998,29.62297510000002],[-89.77499999999998,29.62427489999999],[-89.77499999999998,29.624465799999996],[-89.77499999999998,29.62462019999998],[-89.77499999999998,29.625],[-89.77220240000003,29.625],[-89.77167609999998,29.625],[-89.77115409999999,29.625],[-89.7709223,29.625],[-89.76378599999998,29.625],[-89.76351069999998,29.625],[-89.7632825,29.625],[-89.76026630000001,29.625],[-89.76025709999999,29.625],[-89.75951629999997,29.625],[-89.75938550000001,29.625],[-89.7587987,29.625],[-89.75872909999998,29.625],[-89.7572566,29.625],[-89.75721479999999,29.625],[-89.75288569999998,29.625],[-89.7494006,29.625],[-89.73961109999999,29.625],[-89.73941180000003,29.625],[-89.73527519999999,29.625],[-89.73517900000002,29.625],[-89.72878700000001,29.625],[-89.72775280000002,29.625],[-89.72190640000002,29.625],[-89.7210159,29.625],[-89.7209024,29.625],[-89.72073010000003,29.625],[-89.72068869999998,29.625],[-89.72016819999999,29.625],[-89.72013220000002,29.625],[-89.71507780000002,29.625],[-89.71334510000003,29.625],[-89.71334059999998,29.625],[-89.71273980000001,29.625],[-89.70845800000001,29.625],[-89.7084446,29.625],[-89.7080891,29.625],[-89.70799540000002,29.625],[-89.707989,29.625],[-89.7078098,29.625],[-89.7076452,29.625],[-89.7074629,29.625],[-89.70725820000001,29.625],[-89.7071588,29.625],[-89.70627080000003,29.625],[-89.70616810000001,29.625],[-89.70141050000001,29.625],[-89.70125439999998,29.625],[-89.70090770000002,29.625],[-89.70077780000003,29.625],[-89.70040549999999,29.625],[-89.70032850000001,29.625],[-89.69999999999999,29.625],[-89.69999999999999,29.62494529999998],[-89.69999999999999,29.62477960000001],[-89.69999999999999,29.624661600000024],[-89.69999999999999,29.623252200000024],[-89.69999999999999,29.622726699999987],[-89.69999999999999,29.621597099999974],[-89.69999999999999,29.620792800000004],[-89.69999999999999,29.620700100000022],[-89.69999999999999,29.62016749999998],[-89.69999999999999,29.620141199999978],[-89.69999999999999,29.619589599999983],[-89.69999999999999,29.619486400000028],[-89.69999999999999,29.61901640000002],[-89.69999999999999,29.618932799999982],[-89.69999999999999,29.618716800000016],[-89.69999999999999,29.618688099999986],[-89.69999999999999,29.6160577],[-89.69999999999999,29.61602529999999],[-89.69999999999999,29.61503240000002],[-89.69999999999999,29.61492420000002],[-89.69999999999999,29.614678400000003],[-89.69999999999999,29.614553399999977],[-89.69999999999999,29.607756999999992],[-89.69999999999999,29.60773310000002],[-89.69999999999999,29.607572100000027],[-89.69999999999999,29.607440199999985],[-89.69999999999999,29.60153969999999],[-89.69999999999999,29.594745699999976],[-89.69999999999999,29.593371999999988],[-89.69999999999999,29.593353999999977],[-89.69999999999999,29.592755599999975],[-89.69999999999999,29.592579],[-89.69999999999999,29.592460800000026],[-89.69999999999999,29.592295400000012],[-89.69999999999999,29.5884461],[-89.69999999999999,29.588368000000003],[-89.69999999999999,29.5880497],[-89.69999999999999,29.58803690000002],[-89.69999999999999,29.58371169999998],[-89.69999999999999,29.58369110000001],[-89.69999999999999,29.58268099999998],[-89.69999999999999,29.582659700000022],[-89.69999999999999,29.582224699999983],[-89.69999999999999,29.582209200000023],[-89.69999999999999,29.580206099999998],[-89.69999999999999,29.580158100000006],[-89.69999999999999,29.578647100000012],[-89.69999999999999,29.578623900000025],[-89.69999999999999,29.577274799999998],[-89.69999999999999,29.577087600000027],[-89.69999999999999,29.576244499999973],[-89.69999999999999,29.576214900000025],[-89.69999999999999,29.572283200000015],[-89.69999999999999,29.57224309999998],[-89.69999999999999,29.565178899999978],[-89.69999999999999,29.565126299999974],[-89.69999999999999,29.564276300000017],[-89.69999999999999,29.56419249999999],[-89.69999999999999,29.557445200000018],[-89.69999999999999,29.557393699999977],[-89.69999999999999,29.554827199999977],[-89.69999999999999,29.55000000000001],[-89.70373080000002,29.55000000000001],[-89.70491629999998,29.55000000000001],[-89.70630829999999,29.55000000000001],[-89.70782830000002,29.55000000000001],[-89.7081,29.55000000000001],[-89.70833049999999,29.55000000000001],[-89.70845609999998,29.55000000000001],[-89.70881880000002,29.55000000000001],[-89.7088683,29.55000000000001],[-89.71277329999998,29.55000000000001],[-89.71356170000001,29.55000000000001],[-89.71613889999998,29.55000000000001],[-89.7170026,29.55000000000001],[-89.7398556,29.55000000000001],[-89.74187260000002,29.55000000000001],[-89.7456229,29.55000000000001],[-89.746531,29.55000000000001],[-89.76144499999998,29.55000000000001],[-89.76275879999997,29.55000000000001],[-89.76293299999998,29.55000000000001],[-89.7630211,29.55000000000001],[-89.76306490000002,29.55000000000001],[-89.76311829999997,29.55000000000001],[-89.76316550000001,29.55000000000001],[-89.7632117,29.55000000000001],[-89.76325789999999,29.55000000000001],[-89.7633042,29.55000000000001],[-89.76335019999999,29.55000000000001],[-89.76346230000001,29.55000000000001],[-89.7635449,29.55000000000001],[-89.76413730000002,29.55000000000001],[-89.7683073,29.55000000000001],[-89.76975190000002,29.55000000000001],[-89.7725567,29.55000000000001],[-89.7731791,29.55000000000001],[-89.77323419999999,29.55000000000001],[-89.77343239999999,29.55000000000001],[-89.77347379999998,29.55000000000001],[-89.7735151,29.55000000000001],[-89.77356650000002,29.55000000000001],[-89.77360720000001,29.55000000000001],[-89.77364799999998,29.55000000000001],[-89.77372589999999,29.55000000000001],[-89.77379869999999,29.55000000000001],[-89.77418870000002,29.55000000000001]]]}},{"type":"Feature","properties":{},"geometry":{"type":"Polygon","coordinates":[[[-89.9845952,29.625],[-90.0,29.625],[-90.0,29.630211599999996],[-90.0,29.64997119999998],[-90.0,29.652112199999976],[-90.0,29.6775705],[-90.0,29.67960820000002],[-90.0,29.682249300000024],[-90.0,29.683436700000016],[-90.0,29.684248799999978],[-90.0,29.695853199999988],[-90.0,29.69999999999999],[-89.99351719999999,29.69999999999999],[-89.98420720000001,29.69999999999999],[-89.9840843,29.69999999999999],[-89.98337880000003,29.69999999999999],[-89.98309590000002,29.69999999999999],[-89.9830131,29.69999999999999],[-89.9830048,29.69999999999999],[-89.98295519999999,29.69999999999999],[-89.98295209999998,29.69999999999999],[-89.98292029999999,29.69999999999999],[-89.98287870000001,29.69999999999999],[-89.98282069999999,29.69999999999999],[-89.982707,29.69999999999999],[-89.98269069999998,29.69999999999999],[-89.9825227,29.69999999999999],[-89.9824481,29.69999999999999],[-89.98219019999999,29.69999999999999],[-89.98213019999997,29.69999999999999],[-89.98087509999999,29.69999999999999],[-89.98011439999999,29.69999999999999],[-89.97786710000003,29.69999999999999],[-89.9765509,29.69999999999999],[-89.97467940000001,29.69999999999999],[-89.97403229999998,29.69999999999999],[-89.97398340000001,29.69999999999999],[-89.97386180000001,29.69999999999999],[-89.9735493,29.69999999999999],[-89.97340809999997,29.69999999999999],[-89.97338400000001,29.69999999999999],[-89.97336569999999,29.69999999999999],[-89.97333079999999,29.69999999999999],[-89.97331880000002,29.69999999999999],[-89.97327990000002,29.69999999999999],[-89.973233,29.69999999999999],[-89.97322809999997,29.69999999999999],[-89.9731807,29.69999999999999],[-89.97317679999998,29.69999999999999],[-89.97313730000002,29.69999999999999],[-89.97313079999998,29.69999999999999],[-89.97309080000002,29.69999999999999],[-89.97308880000003,29.69999999999999],[-89.97303900000003,29.69999999999999],[-89.97295860000003,29.69999999999999],[-89.97282969999998,29.69999999999999],[-89.97152979999998,29.69999999999999],[-89.9676404,29.69999999999999],[-89.94884139999999,29.69999999999999],[-89.94503930000002,29.69999999999999],[-89.93165779999998,29.69999999999999],[-89.93016290000003,29.69999999999999],[-89.92616120000002,29.69999999999999],[-89.92500000000001,29.69999999999999],[-89.92500000000001,29.699001699999997],[-89.92500000000001,29.697249399999976],[-89.92500000000001,29.69592160000002],[-89.92500000000001,29.695417700000007],[-89.92500000000001,29.694376799999986],[-89.92500000000001,29.693417599999975],[-89.92500000000001,29.69255559999999],[-89.92500000000001,29.69196629999999],[-89.92500000000001,29.690965300000016],[-89.92500000000001,29.690760300000022],[-89.92500000000001,29.689863000000003],[-89.92500000000001,29.68962829999998],[-89.92500000000001,29.688249199999973],[-89.92500000000001,29.679180799999983],[-89.92500000000001,29.678335300000015],[-89.92500000000001,29.67754309999998],[-89.92500000000001,29.674980500000004],[-89.92500000000001,29.674293499999976],[-89.92500000000001,29.673507900000004],[-89.92500000000001,29.664930000000027],[-89.92500000000001,29.66434049999998],[-89.92500000000001,29.66421150000002],[-89.92500000000001,29.66194439999998],[-89.92500000000001,29.66169180000003],[-89.92500000000001,29.65896520000001],[-89.92500000000001,29.658697200000006],[-89.92500000000001,29.658554700000025],[-89.92500000000001,29.65772229999999],[-89.92500000000001,29.656103900000005],[-89.92500000000001,29.655908699999998],[-89.92500000000001,29.64507309999999],[-89.92500000000001,29.64474339999998],[-89.92500000000001,29.638541099999998],[-89.92500000000001,29.638128800000004],[-89.92500000000001,29.638017400000024],[-89.92500000000001,29.63797729999999],[-89.92500000000001,29.637949600000013],[-89.92500000000001,29.63792619999998],[-89.92500000000001,29.637903100000017],[-89.92500000000001,29.637858600000015],[-89.92500000000001,29.637807099999975],[-89.92500000000001,29.637769100000014],[-89.92500000000001,29.6377344],[-89.92500000000001,29.6374189],[-89.92500000000001,29.637389499999983],[-89.92500000000001,29.637388199999975],[-89.92500000000001,29.63583510000001],[-89.92500000000001,29.633758],[-89.92500000000001,29.630779000000018],[-89.92500000000001,29.630680400000017],[-89.92500000000001,29.63028350000002],[-89.92500000000001,29.630017099999975],[-89.92500000000001,29.629684999999995],[-89.92500000000001,29.629564200000004],[-89.92500000000001,29.629532499999982],[-89.92500000000001,29.62949229999998],[-89.92500000000001,29.62945739999998],[-89.92500000000001,29.62942049999998],[-89.92500000000001,29.62937679999999],[-89.92500000000001,29.629326100000014],[-89.92500000000001,29.62927430000002],[-89.92500000000001,29.629270899999995],[-89.92500000000001,29.629129799999987],[-89.92500000000001,29.629086599999994],[-89.92500000000001,29.62839170000001],[-89.92500000000001,29.625],[-89.93126180000002,29.625],[-89.93128539999998,29.625],[-89.9317691,29.625],[-89.9353951,29.625],[-89.9354371,29.625],[-89.93600359999999,29.625],[-89.93612630000001,29.625],[-89.93715300000002,29.625],[-89.93795829999999,29.625],[-89.94550179999999,29.625],[-89.94651149999999,29.625],[-89.94697630000002,29.625],[-89.948127,29.625],[-89.94855369999999,29.625],[-89.95204109999997,29.625],[-89.9525289,29.625],[-89.95492860000002,29.625],[-89.95999410000002,29.625],[-89.9616206,29.625],[-89.9631086,29.625],[-89.96465239999998,29.625],[-89.96775170000001,29.625],[-89.97606480000002,29.625],[-89.98340990000003,29.625],[-89.9845952,29.625]]]}},{"type":"Feature","properties":{},"geometry":{"type":"Polygon","coordinates":[[[-89.92020889999998,29.625],[-89.92500000000001,29.625],[-89.92500000000001,29.62839170000001],[-89.92500000000001,29.629086599999994],[-89.92500000000001,29.629129799999987],[-89.92500000000001,29.629270899999995],[-89.92500000000001,29.62927430000002],[-89.92500000000001,29.629326100000014],[-89.92500000000001,29.62937679999999],[-89.92500000000001,29.62942049999998],[-89.92500000000001,29.62945739999998],[-89.92500000000001,29.62949229999998],[-89.92500000000001,29.629532499999982],[-89.92500000000001,29.629564200000004],[-89.92500000000001,29.629684999999995],[-89.92500000000001,29.630017099999975],[-89.92500000000001,29.63028350000002],[-89.92500000000001,29.630680400000017],[-89.92500000000001,29.630779000000018],[-89.92500000000001,29.633758],[-89.92500000000001,29.63583510000001],[-89.92500000000001,29.637388199999975],[-89.92500000000001,29.637389499999983],[-89.92500000000001,29.6374189],[-89.92500000000001,29.6377344],[-89.92500000000001,29.637769100000014],[-89.92500000000001,29.637807099999975],[-89.92500000000001,29.637858600000015],[-89.92500000000001,29.637903100000017],[-89.92500000000001,29.63792619999998],[-89.92500000000001,29.637949600000013],[-89.92500000000001,29.63797729999999],[-89.92500000000001,29.638017400000024],[-89.92500000000001,29.638128800000004],[-89.92500000000001,29.638541099999998],[-89.92500000000001,29.64474339999998],[-89.92500000000001,29.64507309999999],[-89.92500000000001,29.655908699999998],[-89.92500000000001,29.656103900000005],[-89.92500000000001,29.65772229999999],[-89.92500000000001,29.658554700000025],[-89.92500000000001,29.658697200000006],[-89.92500000000001,29.65896520000001],[-89.92500000000001,29.66169180000003],[-89.92500000000001,29.66194439999998],[-89.92500000000001,29.66421150000002],[-89.92500000000001,29.66434049999998],[-89.92500000000001,29.664930000000027],[-89.92500000000001,29.673507900000004],[-89.92500000000001,29.674293499999976],[-89.92500000000001,29.674980500000004],[-89.92500000000001,29.67754309999998],[-89.92500000000001,29.678335300000015],[-89.92500000000001,29.679180799999983],[-89.92500000000001,29.688249199999973],[-89.92500000000001,29.68962829999998],[-89.92500000000001,29.689863000000003],[-89.92500000000001,29.690760300000022],[-89.92500000000001,29.690965300000016],[-89.92500000000001,29.69196629999999],[-89.92500000000001,29.69255559999999],[-89.92500000000001,29.693417599999975],[-89.92500000000001,29.694376799999986],[-89.92500000000001,29.695417700000007],[-89.92500000000001,29.69592160000002],[-89.92500000000001,29.697249399999976],[-89.92500000000001,29.699001699999997],[-89.92500000000001,29.69999999999999],[-89.92322150000001,29.69999999999999],[-89.90983740000001,29.69999999999999],[-89.9094379,29.69999999999999],[-89.9084641,29.69999999999999],[-89.90840739999999,29.69999999999999],[-89.89197159999998,29.69999999999999],[-89.8903391,29.69999999999999],[-89.88283369999999,29.69999999999999],[-89.88159689999998,29.69999999999999],[-89.87759299999999,29.69999999999999],[-89.87739110000001,29.69999999999999],[-89.87691619999998,29.69999999999999],[-89.87518829999999,29.69999999999999],[-89.87135169999999,29.69999999999999],[-89.87073550000002,29.69999999999999],[-89.87016139999997,29.69999999999999],[-89.86955849999998,29.69999999999999],[-89.86885649999999,29.69999999999999],[-89.8682622,29.69999999999999],[-89.86739360000001,29.69999999999999],[-89.8604621,29.69999999999999],[-89.86045589999998,29.69999999999999],[-89.86036330000002,29.69999999999999],[-89.8594913,29.69999999999999],[-89.85948869999999,29.69999999999999],[-89.85869889999998,29.69999999999999],[-89.85869650000001,29.69999999999999],[-89.85801129999999,29.69999999999999],[-89.85769720000002,29.69999999999999],[-89.8568798,29.69999999999999],[-89.85547559999998,29.69999999999999],[-89.85496419999998,29.69999999999999],[-89.85228869999997,29.69999999999999],[-89.85102210000002,29.69999999999999],[-89.85088150000001,29.69999999999999],[-89.8503207,29.69999999999999],[-89.85000000000002,29.69999999999999],[-89.85000000000002,29.697539800000015],[-89.85000000000002,29.69703579999998],[-89.85000000000002,29.691080999999997],[-89.85000000000002,29.690250900000024],[-89.85000000000002,29.689189199999987],[-89.85000000000002,29.689050199999997],[-89.85000000000002,29.688959699999998],[-89.85000000000002,29.685068100000024],[-89.85000000000002,29.68047150000001],[-89.85000000000002,29.680262200000016],[-89.85000000000002,29.678851099999974],[-89.85000000000002,29.678743399999973],[-89.85000000000002,29.678374399999996],[-89.85000000000002,29.678255999999976],[-89.85000000000002,29.678146400000003],[-89.85000000000002,29.677873200000022],[-89.85000000000002,29.677854799999977],[-89.85000000000002,29.677379599999995],[-89.85000000000002,29.676873999999998],[-89.85000000000002,29.676731399999994],[-89.85000000000002,29.676623399999983],[-89.85000000000002,29.674614599999984],[-89.85000000000002,29.670845499999984],[-89.85000000000002,29.670695500000022],[-89.85000000000002,29.665504999999996],[-89.85000000000002,29.66512499999999],[-89.85000000000002,29.664960599999972],[-89.85000000000002,29.663817900000026],[-89.85000000000002,29.663187300000004],[-89.85000000000002,29.66271180000001],[-89.85000000000002,29.66190130000001],[-89.85000000000002,29.660904300000027],[-89.85000000000002,29.659553300000027],[-89.85000000000002,29.659337100000016],[-89.85000000000002,29.658445099999994],[-89.85000000000002,29.65564999999998],[-89.85000000000002,29.65515210000001],[-89.85000000000002,29.65272970000001],[-89.85000000000002,29.65095739999998],[-89.85000000000002,29.64895919999998],[-89.85000000000002,29.648479899999984],[-89.85000000000002,29.641980100000012],[-89.85000000000002,29.64065069999998],[-89.85000000000002,29.640523400000006],[-89.85000000000002,29.640184599999998],[-89.85000000000002,29.63929139999999],[-89.85000000000002,29.638237800000013],[-89.85000000000002,29.636371600000018],[-89.85000000000002,29.636069299999974],[-89.85000000000002,29.63566850000001],[-89.85000000000002,29.634601900000007],[-89.85000000000002,29.6332041],[-89.85000000000002,29.63296200000002],[-89.85000000000002,29.629759200000024],[-89.85000000000002,29.629570100000024],[-89.85000000000002,29.629563700000006],[-89.85000000000002,29.628482399999996],[-89.85000000000002,29.628410499999973],[-89.85000000000002,29.625],[-89.8559775,29.625],[-89.8564996,29.625],[-89.85737890000001,29.625],[-89.85905969999999,29.625],[-89.8679052,29.625],[-89.87813510000001,29.625],[-89.87902939999998,29.625],[-89.90391570000003,29.625],[-89.9045681,29.625],[-89.9045954,29.625],[-89.90463849999998,29.625],[-89.90478860000002,29.625],[-89.90488599999998,29.625],[-89.90489730000002,29.625],[-89.90494100000001,29.625],[-89.90497069999998,29.625],[-89.9050009,29.625],[-89.90503330000001,29.625],[-89.90507079999998,29.625],[-89.90510330000001,29.625],[-89.90517549999998,29.625],[-89.9052097,29.625],[-89.905284,29.625],[-89.90538040000001,29.625],[-89.905437,29.625],[-89.90549399999998,29.625],[-89.90560149999999,29.625],[-89.90568589999998,29.625],[-89.90576529999998,29.625],[-89.9058771,29.625],[-89.90626279999998,29.625],[-89.90628659999999,29.625],[-89.90639809999999,29.625],[-89.9166899,29.625],[-89.9167936,29.625],[-89.91713570000002,29.625],[-89.917822,29.625],[-89.9179949,29.625],[-89.91802710000002,29.625],[-89.91806159999999,29.625],[-89.9181175,29.625],[-89.91830670000002,29.625],[-89.91843239999997,29.625],[-89.9187298,29.625],[-89.91898850000001,29.625],[-89.91904790000001,29.625],[-89.91908940000002,29.625],[-89.91913360000001,29.625],[-89.9192294,29.625],[-89.9192976,29.625],[-89.9196341,29.625],[-89.92020889999998,29.625]]]}},{"type":"Feature","properties":{},"geometry":{"type":"Polygon","coordinates":[[[-89.99351719999999,29.69999999999999],[-90.0,29.69999999999999],[-90.0,29.714895599999977],[-90.0,29.729567400000008],[-90.0,29.73021970000002],[-90.0,29.730830700000013],[-90.0,29.730877799999973],[-90.0,29.730914199999972],[-90.0,29.73096270000002],[-90.0,29.731019600000025],[-90.0,29.731246199999987],[-90.0,29.73128700000001],[-90.0,29.73132559999999],[-90.0,29.731375300000025],[-90.0,29.731422199999997],[-90.0,29.731463700000006],[-90.0,29.731504700000016],[-90.0,29.731549700000016],[-90.0,29.7315926],[-90.0,29.731616499999973],[-90.0,29.731757000000016],[-90.0,29.731794400000013],[-90.0,29.73274889999999],[-90.0,29.733044199999995],[-90.0,29.736005799999987],[-90.0,29.736548000000028],[-90.0,29.73711209999999],[-90.0,29.737822199999982],[-90.0,29.737953199999993],[-90.0,29.738843099999997],[-90.0,29.739291900000012],[-90.0,29.7394635],[-90.0,29.739893499999994],[-90.0,29.74003670000002],[-90.0,29.740156599999978],[-90.0,29.74025899999998],[-90.0,29.740268300000025],[-90.0,29.740376200000014],[-90.0,29.740388600000017],[-90.0,29.740392600000007],[-90.0,29.74044980000002],[-90.0,29.740459499999986],[-90.0,29.740522],[-90.0,29.740612],[-90.0,29.740695000000017],[-90.0,29.740703300000007],[-90.0,29.740763300000026],[-90.0,29.740764599999977],[-90.0,29.740810399999987],[-90.0,29.740813899999978],[-90.0,29.740934900000013],[-90.0,29.741023400000017],[-90.0,29.74121120000001],[-90.0,29.741706599999986],[-90.0,29.754442499999982],[-90.0,29.763356699999974],[-90.0,29.766474200000005],[-90.0,29.769433400000025],[-90.0,29.774999999999977],[-89.98826509999998,29.774999999999977],[-89.9878205,29.774999999999977],[-89.98221710000001,29.774999999999977],[-89.93490700000001,29.774999999999977],[-89.92500000000001,29.774999999999977],[-89.92500000000001,29.76499480000001],[-89.92500000000001,29.710570299999972],[-89.92500000000001,29.710513600000013],[-89.92500000000001,29.710333400000025],[-89.92500000000001,29.71010100000001],[-89.92500000000001,29.710070099999996],[-89.92500000000001,29.705273599999998],[-89.92500000000001,29.701104799999996],[-89.92500000000001,29.69999999999999],[-89.92616120000002,29.69999999999999],[-89.93016290000003,29.69999999999999],[-89.93165779999998,29.69999999999999],[-89.94503930000002,29.69999999999999],[-89.94884139999999,29.69999999999999],[-89.9676404,29.69999999999999],[-89.97152979999998,29.69999999999999],[-89.97282969999998,29.69999999999999],[-89.97295860000003,29.69999999999999],[-89.97303900000003,29.69999999999999],[-89.97308880000003,29.69999999999999],[-89.97309080000002,29.69999999999999],[-89.97313079999998,29.69999999999999],[-89.97313730000002,29.69999999999999],[-89.97317679999998,29.69999999999999],[-89.9731807,29.69999999999999],[-89.97322809999997,29.69999999999999],[-89.973233,29.69999999999999],[-89.97327990000002,29.69999999999999],[-89.97331880000002,29.69999999999999],[-89.97333079999999,29.69999999999999],[-89.97336569999999,29.69999999999999],[-89.97338400000001,29.69999999999999],[-89.97340809999997,29.69999999999999],[-89.9735493,29.69999999999999],[-89.97386180000001,29.69999999999999],[-89.97398340000001,29.69999999999999],[-89.97403229999998,29.69999999999999],[-89.97467940000001,29.69999999999999],[-89.9765509,29.69999999999999],[-89.97786710000003,29.69999999999999],[-89.98011439999999,29.69999999999999],[-89.98087509999999,29.69999999999999],[-89.98213019999997,29.69999999999999],[-89.98219019999999,29.69999999999999],[-89.9824481,29.69999999999999],[-89.9825227,29.69999999999999],[-89.98269069999998,29.69999999999999],[-89.982707,29.69999999999999],[-89.98282069999999,29.69999999999999],[-89.98287870000001,29.69999999999999],[-89.98292029999999,29.69999999999999],[-89.98295519999999,29.69999999999999],[-89.9830131,29.69999999999999],[-89.98309590000002,29.69999999999999],[-89.98337880000003,29.69999999999999],[-89.9840843,29.69999999999999],[-89.98420720000001,29.69999999999999],[-89.99351719999999,29.69999999999999]]]}},{"type":"Feature","properties":{},"geometry":{"type":"Polygon","coordinates":[[[-89.92500000000001,29.803796999999975],[-89.92500000000001,29.803432799999996],[-89.92500000000001,29.77690339999998],[-89.92500000000001,29.776444700000013],[-89.92500000000001,29.774999999999977],[-89.93490700000001,29.774999999999977],[-89.98221710000001,29.774999999999977],[-89.9878205,29.774999999999977],[-89.98826509999998,29.774999999999977],[-90.0,29.774999999999977],[-90.0,29.805],[-89.92500000000001,29.805],[-89.92500000000001,29.803796999999975]]]}}]}